row_idx,sample_id,gt,pred,prob_phish,live_round,cum_FN,cum_FP,cum_errors,rolling_f1w_w200,rolling_recall_phish_w200
0,2571,0,0,0.03043404686659911,0,0,0,0,,
1,2685,0,0,0.000489246858778382,0,0,0,0,,
2,2697,0,0,0.001228971786608914,0,0,0,0,,
3,2886,0,0,4.021877140360176e-05,0,0,0,0,,
4,2891,0,0,0.003957782991507663,0,0,0,0,,
5,3121,0,0,5.329237843894164e-06,0,0,0,0,,
6,3319,0,0,0.00010621025189605297,0,0,0,0,,
7,3362,0,0,3.3011081115911635e-05,0,0,0,0,,
8,3379,0,0,0.0011864650116200405,0,0,0,0,,
9,3596,0,0,0.0068516400674112484,0,0,0,0,,
10,3706,0,0,0.0008238078929102242,0,0,0,0,,
11,4031,0,0,5.513010375533409e-05,0,0,0,0,,
12,4131,0,0,1.7190943893151888e-05,0,0,0,0,,
13,4318,0,0,0.0005363109147823538,0,0,0,0,,
14,4547,0,0,1.204377995164882e-05,0,0,0,0,,
15,4750,0,0,0.001018123766972649,0,0,0,0,,
16,4754,0,0,0.014493084373192366,0,0,0,0,,
17,4884,0,0,0.0006158227369854503,0,0,0,0,,
18,4980,0,0,2.1511910140116075e-05,0,0,0,0,,
19,241,1,0,0.005238064767293257,0,1,0,1,,
20,575,1,0,0.0003499345802523118,0,2,0,2,,
21,1468,1,0,0.0022550381685480804,0,3,0,3,,
22,2585,0,0,0.003018898399581602,0,3,0,3,,
23,2655,0,0,0.00023953029565359655,0,3,0,3,,
24,2682,0,0,0.004289862765626352,0,3,0,3,,
25,2843,0,0,0.4488238684208146,0,3,0,3,,
26,2982,0,0,2.3111932647188394e-05,0,3,0,3,,
27,3044,0,0,0.0002773830286692281,0,3,0,3,,
28,3126,0,0,0.00016830853540023135,0,3,0,3,,
29,3208,0,0,0.0008943009802058829,0,3,0,3,,
30,3498,0,0,0.002076041932473076,0,3,0,3,,
31,3559,0,0,0.0016876233368862963,0,3,0,3,,
32,3577,0,0,0.0017181230238690086,0,3,0,3,,
33,3696,0,0,1.7657057396303914e-05,0,3,0,3,,
34,3774,0,0,0.000869387329968629,0,3,0,3,,
35,3782,0,0,0.005071830698438188,0,3,0,3,,
36,3814,0,0,8.563381728839351e-05,0,3,0,3,,
37,3821,0,0,0.0007406738544500236,0,3,0,3,,
38,3866,0,0,0.0023237944376081274,0,3,0,3,,
39,3923,0,0,1.5088370864064297e-05,0,3,0,3,,
40,4022,0,0,0.001956033098789777,0,3,0,3,,
41,4160,0,0,6.736988350884596e-05,0,3,0,3,,
42,4235,0,0,7.3896240725928574e-06,0,3,0,3,,
43,4306,0,0,0.0021675182877582714,0,3,0,3,,
44,4497,0,0,0.00010218068844360967,0,3,0,3,,
45,4697,0,0,0.00010377184237776405,0,3,0,3,,
46,4710,0,0,0.0011657768913222876,0,3,0,3,,
47,4797,0,0,0.004107708726738636,0,3,0,3,,
48,4887,0,0,0.017886604364000032,0,3,0,3,,
49,4920,0,0,0.0009612271381141676,0,3,0,3,,
50,154,1,0,0.0013156287529156364,0,4,0,4,,
51,2437,1,1,0.9994133416442795,0,4,0,4,,
52,2720,0,1,0.9236913197002707,0,4,1,5,,
53,2863,0,0,0.0002201358005555837,0,4,1,5,,
54,2957,0,0,4.631271017271324e-05,0,4,1,5,,
55,3080,0,0,0.0072297029529940745,0,4,1,5,,
56,3108,0,0,0.01834411203890144,0,4,1,5,,
57,3132,0,1,0.7798863948498381,0,4,2,6,,
58,3195,0,0,4.330621573329757e-06,0,4,2,6,,
59,3220,0,0,0.0052761317150192,0,4,2,6,,
60,3274,0,0,0.0008014037154407698,0,4,2,6,,
61,3372,0,0,0.00030365709499065535,0,4,2,6,,
62,3395,0,0,9.171010554246518e-05,0,4,2,6,,
63,3818,0,0,0.05725707045033576,0,4,2,6,,
64,4033,0,0,0.00025897829732301857,0,4,2,6,,
65,4389,0,0,0.00020408505039740097,0,4,2,6,,
66,4415,0,0,0.0002875527308449808,0,4,2,6,,
67,4446,0,0,5.609948887955047e-05,0,4,2,6,,
68,4712,0,0,0.0002760933430872024,0,4,2,6,,
69,4725,0,0,0.00027371302507774893,0,4,2,6,,
70,4876,0,0,2.375710831521055e-05,0,4,2,6,,
71,4946,0,0,0.0002675886958725197,0,4,2,6,,
72,4967,0,0,0.00035814049567210217,0,4,2,6,,
73,31,1,1,0.785755118264194,0,4,2,6,,
74,81,1,1,0.9017454502291762,0,4,2,6,,
75,443,1,0,0.029854148147762338,0,5,2,7,,
76,1164,1,0,0.00032929331702361887,0,6,2,8,,
77,1180,1,0,2.692071359525293e-06,0,7,2,9,,
78,2270,1,0,2.4962846784067584e-05,0,8,2,10,,
79,3633,0,0,0.0003287921186172122,0,8,2,10,,
80,4592,0,0,6.78115561720388e-05,0,8,2,10,,
81,2458,1,0,5.928511746550187e-07,0,9,2,11,,
82,2710,0,0,0.0006638097900795657,0,9,2,11,,
83,2733,0,0,0.0004096596422882296,0,9,2,11,,
84,2888,0,0,1.3066326554541966e-05,0,9,2,11,,
85,2974,0,0,0.0002931214025200264,0,9,2,11,,
86,3024,0,0,0.0018601966677788343,0,9,2,11,,
87,3037,0,1,0.8332078236687807,0,9,3,12,,
88,3082,0,0,0.0002733238231296161,0,9,3,12,,
89,3113,0,0,0.00014637343479549417,0,9,3,12,,
90,3154,0,0,0.000473989723289777,0,9,3,12,,
91,3183,0,0,0.0013322307013419127,0,9,3,12,,
92,3658,0,0,0.0001475370822014846,0,9,3,12,,
93,3815,0,0,6.824605505770186e-05,0,9,3,12,,
94,3980,0,0,2.853536923658539e-06,0,9,3,12,,
95,4114,0,0,0.12510079496829563,0,9,3,12,,
96,4141,0,0,0.000964950773835279,0,9,3,12,,
97,4188,0,0,0.000935678334365008,0,9,3,12,,
98,4198,0,0,2.670479618174721e-06,0,9,3,12,,
99,4337,0,0,6.627097809740724e-05,0,9,3,12,,
100,4381,0,0,0.0003360183004507859,0,9,3,12,,
101,4568,0,0,0.005079686994932791,0,9,3,12,,
102,4647,0,0,0.0031182653428029517,0,9,3,12,,
103,4693,0,0,0.08472695602220777,0,9,3,12,,
104,4716,0,0,0.00010463444835135321,0,9,3,12,,
105,4802,0,0,8.232023336430768e-06,0,9,3,12,,
106,4873,0,0,0.0007383824586693975,0,9,3,12,,
107,4902,0,1,0.9990049207674543,0,9,4,13,,
108,4924,0,0,0.4700633958597466,0,9,4,13,,
109,4993,0,0,6.630852211862344e-05,0,9,4,13,,
110,2595,0,0,0.0001156637133796982,0,9,4,13,,
111,2603,0,0,6.33616900036283e-07,0,9,4,13,,
112,2694,0,0,0.0003862247847526959,0,9,4,13,,
113,2759,0,0,0.0003430837991835811,0,9,4,13,,
114,3179,0,0,8.027760010640106e-05,0,9,4,13,,
115,3364,0,0,0.002438520725380749,0,9,4,13,,
116,3579,0,0,0.029271953369564424,0,9,4,13,,
117,3626,0,0,0.00015717550103587353,0,9,4,13,,
118,3698,0,0,0.002366671518497699,0,9,4,13,,
119,3928,0,0,0.0007331343593912752,0,9,4,13,,
120,4068,0,0,0.001096179507598979,0,9,4,13,,
121,4179,0,0,1.8736870800926943e-05,0,9,4,13,,
122,4238,0,0,0.0022503659681362446,0,9,4,13,,
123,4251,0,0,5.185042658520006e-05,0,9,4,13,,
124,4259,0,0,0.00023722753168621994,0,9,4,13,,
125,4382,0,0,0.00038861307531068304,0,9,4,13,,
126,4480,0,0,0.003727287421951968,0,9,4,13,,
127,4778,0,0,0.00032594265464256923,0,9,4,13,,
128,4852,0,0,0.0003856672036030225,0,9,4,13,,
129,4904,0,0,0.00029809430467717785,0,9,4,13,,
130,282,1,0,0.0001270166046928838,0,10,4,14,,
131,2792,0,0,0.000743172171682732,0,10,4,14,,
132,2815,0,0,3.605151052485613e-05,0,10,4,14,,
133,2955,0,0,0.001397601333824094,0,10,4,14,,
134,3040,0,0,0.019550537880870068,0,10,4,14,,
135,3266,0,0,0.00018804031347580564,0,10,4,14,,
136,3281,0,0,0.00042606430402924506,0,10,4,14,,
137,3295,0,0,0.0014990243232781578,0,10,4,14,,
138,3302,0,0,0.002245608930186956,0,10,4,14,,
139,3336,0,0,0.0008776438152507882,0,10,4,14,,
140,3415,0,0,0.0006563611470037293,0,10,4,14,,
141,3540,0,0,0.0014726397267839464,0,10,4,14,,
142,3606,0,0,1.0532180658457712e-05,0,10,4,14,,
143,3828,0,0,0.0020212822667841058,0,10,4,14,,
144,3900,0,1,0.9494638902821391,0,10,5,15,,
145,3939,0,0,0.00020309734353981772,0,10,5,15,,
146,3974,0,0,2.9923044891769197e-05,0,10,5,15,,
147,4011,0,1,0.6407322433150222,0,10,6,16,,
148,4065,0,0,0.0010332780017928704,0,10,6,16,,
149,4107,0,0,0.0009420687109239772,0,10,6,16,,
150,4122,0,0,0.00039694538436868386,0,10,6,16,,
151,4130,0,0,0.00044189011184568133,0,10,6,16,,
152,4137,0,0,6.300236826391354e-06,0,10,6,16,,
153,4229,0,0,0.0004066695203555404,0,10,6,16,,
154,4264,0,0,0.005128985300066681,0,10,6,16,,
155,4416,0,0,0.00024769327579689514,0,10,6,16,,
156,4763,0,0,0.0006961080249546196,0,10,6,16,,
157,4780,0,0,7.516084403753787e-06,0,10,6,16,,
158,4807,0,0,6.465542059048094e-05,0,10,6,16,,
159,4999,0,0,0.00044511072875487635,0,10,6,16,,
160,776,1,1,0.9908038602731243,0,10,6,16,,
161,846,1,0,0.007455692509303656,0,11,6,17,,
162,1065,1,0,0.026070230418899627,0,12,6,18,,
163,2758,0,0,0.0024278532252353844,0,12,6,18,,
164,2794,0,0,0.00019933711782335226,0,12,6,18,,
165,2912,0,0,0.00012724826015252317,0,12,6,18,,
166,3116,0,0,0.00040646451904362724,0,12,6,18,,
167,3209,0,0,3.935146401017928e-06,0,12,6,18,,
168,3299,0,0,7.583777585713226e-05,0,12,6,18,,
169,3370,0,0,0.007575455737160802,0,12,6,18,,
170,3646,0,0,0.003176193208199697,0,12,6,18,,
171,3664,0,0,0.007759199924286891,0,12,6,18,,
172,4494,0,0,5.907217464267812e-07,0,12,6,18,,
173,4563,0,1,0.9630386808794674,0,12,7,19,,
174,4803,0,0,0.0007226833250275606,0,12,7,19,,
175,4942,0,0,1.5962320377999152e-05,0,12,7,19,,
176,69,1,0,0.003269674211583038,0,13,7,20,,
177,1419,1,1,0.9988172332479531,0,13,7,20,,
178,1558,1,0,0.11419693382059036,0,14,7,21,,
179,2557,0,0,0.0014334999777722076,0,14,7,21,,
180,2627,0,0,0.0004784514425840656,0,14,7,21,,
181,2665,0,0,0.00042263798745978436,0,14,7,21,,
182,2885,0,0,0.00026916457540070545,0,14,7,21,,
183,2932,0,0,0.0003416909475808588,0,14,7,21,,
184,2959,0,0,4.278966246054326e-05,0,14,7,21,,
185,2987,0,0,0.0005188046696203627,0,14,7,21,,
186,3045,0,0,0.002033696103785294,0,14,7,21,,
187,3093,0,0,0.0010006491559952056,0,14,7,21,,
188,3151,0,0,0.0004681661850879154,0,14,7,21,,
189,3287,0,0,0.003027232950631665,0,14,7,21,,
190,3421,0,0,0.0008121978743420848,0,14,7,21,,
191,3643,0,0,0.0016149632614170643,0,14,7,21,,
192,3686,0,0,0.0005798779933426082,0,14,7,21,,
193,3701,0,0,0.007244173245161581,0,14,7,21,,
194,3750,0,0,0.0004957004897176299,0,14,7,21,,
195,3819,0,0,0.014800344439143768,0,14,7,21,,
196,4133,0,0,0.00010870801711436085,0,14,7,21,,
197,4136,0,0,4.062714764382193e-06,0,14,7,21,,
198,4192,0,0,2.8602998555077633e-05,0,14,7,21,,
199,4231,0,0,0.0007518170649809537,0,14,7,21,0.8841410962496723,0.2631578947368421
200,4322,0,0,0.0007178065265659305,0,14,7,21,0.8841410962496723,0.2631578947368421
201,4676,0,0,0.0061753226322139535,0,14,7,21,0.8841410962496723,0.2631578947368421
202,4881,0,0,3.945924597439936e-05,0,14,7,21,0.8841410962496723,0.2631578947368421
203,39,1,0,0.04304727749139154,0,15,7,22,0.877445652173913,0.25
204,174,1,1,0.973065513203552,0,15,7,22,0.8782610093217614,0.2857142857142857
205,473,1,0,0.0012189429459299765,0,16,7,23,0.8716320939334637,0.2727272727272727
206,568,1,0,0.0002746750310184745,0,17,7,24,0.8649816849816849,0.2608695652173913
207,622,1,0,0.018727502540852193,0,18,7,25,0.8583128583128583,0.25
208,650,1,0,0.05737064809439985,0,19,7,26,0.851628380343123,0.24
209,772,1,0,8.140836304558667e-07,0,20,7,27,0.8449307479224377,0.23076923076923078
210,1038,1,0,0.0015287005179008448,0,21,7,28,0.8382222222222222,0.2222222222222222
211,1041,1,1,0.9993589215174431,0,21,7,28,0.8394040968342645,0.25
212,1080,1,0,2.0409000188390464e-06,0,22,7,29,0.8327555208129763,0.2413793103448276
213,1359,1,0,0.0006139124084036028,0,23,7,30,0.8260980592441265,0.23333333333333334
214,1694,1,0,0.0015287023732261922,0,24,7,31,0.8194334898278561,0.22580645161290322
215,1727,1,0,0.0012221833573855426,0,25,7,32,0.8127634487840826,0.21875
216,2445,1,0,7.651260821283118e-05,0,26,7,33,0.8060894460852269,0.21212121212121213
217,2452,1,0,1.1571030521181014e-05,0,27,7,34,0.7994128787878787,0.20588235294117646
218,2564,0,0,0.0007475178993476113,0,27,7,34,0.7994128787878787,0.20588235294117646
219,2629,0,0,0.005301826239799039,0,27,7,34,0.8060894460852269,0.21212121212121213
220,2639,0,1,0.8958213104912097,0,27,8,35,0.8091326622867822,0.21875
221,2796,0,0,7.871583462520949e-05,0,27,8,35,0.8157897322525177,0.22580645161290322
222,2909,0,0,0.00023953045550273113,0,27,8,35,0.8157897322525177,0.22580645161290322
223,2968,0,0,2.7364211136788728e-05,0,27,8,35,0.8157897322525177,0.22580645161290322
224,2972,0,0,0.0001613794343737016,0,27,8,35,0.8157897322525177,0.22580645161290322
225,3004,0,0,0.0007448653414549438,0,27,8,35,0.8157897322525177,0.22580645161290322
226,3057,0,0,0.0015787844317638588,0,27,8,35,0.8157897322525177,0.22580645161290322
227,3198,0,0,0.0036407059701691505,0,27,8,35,0.8157897322525177,0.22580645161290322
228,3242,0,0,0.002228186451384464,0,27,8,35,0.8157897322525177,0.22580645161290322
229,3275,0,1,0.805241651434236,0,27,9,36,0.8121758784883372,0.22580645161290322
230,3369,0,0,0.004535908549461933,0,27,9,36,0.8121758784883372,0.22580645161290322
231,3429,0,0,0.007145199711917442,0,27,9,36,0.8121758784883372,0.22580645161290322
232,3480,0,0,0.0024448721280221166,0,27,9,36,0.8121758784883372,0.22580645161290322
233,3509,0,0,0.0020802814317980537,0,27,9,36,0.8121758784883372,0.22580645161290322
234,3773,0,0,0.000261163377128523,0,27,9,36,0.8121758784883372,0.22580645161290322
235,3830,0,0,0.032202789124112625,0,27,9,36,0.8121758784883372,0.22580645161290322
236,3879,0,0,0.0001034331779042388,0,27,9,36,0.8121758784883372,0.22580645161290322
237,4112,0,0,0.004466168777319806,0,27,9,36,0.8121758784883372,0.22580645161290322
238,4256,0,0,0.0003902225266920643,0,27,9,36,0.8121758784883372,0.22580645161290322
239,4363,0,0,0.00011953102952345428,0,27,9,36,0.8121758784883372,0.22580645161290322
240,4366,0,0,0.0003843362697424747,0,27,9,36,0.8121758784883372,0.22580645161290322
241,4500,0,0,0.00012767771476008036,0,27,9,36,0.8121758784883372,0.22580645161290322
242,4509,0,0,0.0009971814449915007,0,27,9,36,0.8121758784883372,0.22580645161290322
243,4537,0,0,0.00045518493778438153,0,27,9,36,0.8121758784883372,0.22580645161290322
244,4635,0,0,0.0022946755811529993,0,27,9,36,0.8121758784883372,0.22580645161290322
245,4680,0,1,0.9731743981828306,0,27,10,37,0.8085890151515152,0.22580645161290322
246,4737,0,0,0.0009117268469398381,0,27,10,37,0.8085890151515152,0.22580645161290322
247,4883,0,0,0.0005900570438031445,0,27,10,37,0.8085890151515152,0.22580645161290322
248,4905,0,0,0.006063981388529075,0,27,10,37,0.8085890151515152,0.22580645161290322
249,193,1,0,0.000558599127647968,0,28,10,38,0.801953601953602,0.21875
250,469,1,0,0.0005588373349925596,0,29,10,39,0.801953601953602,0.21875
251,1081,1,0,0.0005603970919701924,0,30,10,40,0.7940909090909091,0.1875
252,1254,1,0,0.004843208407029904,0,31,10,41,0.7908522727272727,0.18181818181818182
253,1430,1,0,0.0002622495274040227,0,32,10,42,0.7841397755683471,0.17647058823529413
254,1517,1,0,0.0005596459656510476,0,33,10,43,0.7774285714285715,0.17142857142857143
255,1520,1,0,0.0002622499633324687,0,34,10,44,0.770719703354121,0.16666666666666666
256,1600,1,0,0.0018000906593773772,0,35,10,45,0.7640141467727675,0.16216216216216217
257,2102,1,0,0.0005562066389155967,0,36,10,46,0.7607427055702918,0.15789473684210525
258,2274,1,0,1.5284928808874523e-05,0,37,10,47,0.7540356696210102,0.15384615384615385
259,2293,1,0,0.0005562188739447787,0,38,10,48,0.747334617854849,0.15
260,2547,0,0,0.2723740082268262,0,38,10,48,0.747334617854849,0.15
261,2570,0,0,0.0008121578370308063,0,38,10,48,0.747334617854849,0.15
262,2646,0,0,0.42743865381983265,0,38,10,48,0.747334617854849,0.15
263,2726,0,0,7.499983211961883e-05,0,38,10,48,0.747334617854849,0.15
264,2784,0,0,0.003370593439197877,0,38,10,48,0.747334617854849,0.15
265,2872,0,0,0.00018805052783795573,0,38,10,48,0.747334617854849,0.15
266,2892,0,0,0.00552149468547301,0,38,10,48,0.747334617854849,0.15
267,2944,0,0,1.2900741584176366e-05,0,38,10,48,0.747334617854849,0.15
268,2975,0,0,1.6973584409701403e-05,0,38,10,48,0.747334617854849,0.15
269,2988,0,0,0.003638554164641056,0,38,10,48,0.747334617854849,0.15
270,3180,0,0,0.0005091944706186825,0,38,10,48,0.747334617854849,0.15
271,3246,0,0,0.06156982787266466,0,38,10,48,0.747334617854849,0.15
272,3495,0,0,2.7045504724766958e-05,0,38,10,48,0.747334617854849,0.15
273,3525,0,0,9.390483202961124e-05,0,38,10,48,0.7453448275862068,0.1282051282051282
274,3805,0,0,0.00016111019665174993,0,38,10,48,0.7432000000000001,0.10526315789473684
275,3877,0,0,0.04617783437973201,0,38,10,48,0.7500046514332229,0.10810810810810811
276,4083,0,0,0.0016560596628517961,0,38,10,48,0.7568181818181818,0.1111111111111111
277,4219,0,0,0.0042307649740674245,0,38,10,48,0.7636399252606836,0.11428571428571428
278,4461,0,0,2.0104674868808446e-05,0,38,10,48,0.7704691721935643,0.11764705882352941
279,4589,0,0,0.002759258085415021,0,38,10,48,0.7704691721935643,0.11764705882352941
280,4679,0,0,0.0017961551546263868,0,38,10,48,0.7704691721935643,0.11764705882352941
281,4703,0,0,0.0035395629315771635,0,38,10,48,0.7773051643192488,0.12121212121212122
282,4928,0,0,0.00043942090793949056,0,38,10,48,0.7773051643192488,0.12121212121212122
283,4989,0,0,0.009763789741036,0,38,10,48,0.7773051643192488,0.12121212121212122
284,1136,1,0,3.2634107812461615e-05,0,39,10,49,0.7704691721935643,0.11764705882352941
285,2554,0,0,0.002572727441138206,0,39,10,49,0.7704691721935643,0.11764705882352941
286,2622,0,0,0.0765896757136076,0,39,10,49,0.7704691721935643,0.11764705882352941
287,2742,0,0,0.0001968416336567321,0,39,10,49,0.7737151799687011,0.11764705882352941
288,2780,0,0,0.0006241675496282675,0,39,10,49,0.7737151799687011,0.11764705882352941
289,2847,0,0,0.0006242132689057158,0,39,10,49,0.7737151799687011,0.11764705882352941
290,3002,0,0,0.0001241002774410256,0,39,10,49,0.7737151799687011,0.11764705882352941
291,3064,0,0,1.141674784368352e-06,0,39,10,49,0.7737151799687011,0.11764705882352941
292,3202,0,0,9.417823311136751e-05,0,39,10,49,0.7737151799687011,0.11764705882352941
293,3207,0,0,0.002383981367602782,0,39,10,49,0.7737151799687011,0.11764705882352941
294,3243,0,0,0.00017002034961052705,0,39,10,49,0.7737151799687011,0.11764705882352941
295,3401,0,0,0.007100907711267534,0,39,10,49,0.7737151799687011,0.11764705882352941
296,3471,0,0,9.08193001470145e-05,0,39,10,49,0.7737151799687011,0.11764705882352941
297,3533,0,0,2.474214682270023e-06,0,39,10,49,0.7737151799687011,0.11764705882352941
298,3537,0,0,0.00032545586534916786,0,39,10,49,0.7737151799687011,0.11764705882352941
299,3599,0,0,0.00019190360506504274,1,39,10,49,0.7737151799687011,0.11764705882352941
300,3729,0,1,0.9218951584561612,1,39,11,50,0.7704691721935643,0.11764705882352941
301,3754,0,0,6.841313433063238e-07,1,39,11,50,0.7704691721935643,0.11764705882352941
302,3945,0,0,0.001009899485686885,1,39,11,50,0.7704691721935643,0.11764705882352941
303,3982,0,0,0.0011943863802504119,1,39,11,50,0.7704691721935643,0.11764705882352941
304,4150,0,0,1.2232227679529679e-06,1,39,11,50,0.7704691721935643,0.11764705882352941
305,4211,0,0,0.000638521078063904,1,39,11,50,0.7704691721935643,0.11764705882352941
306,4315,0,0,0.008382263286374552,1,39,11,50,0.7704691721935643,0.11764705882352941
307,4417,0,0,7.550623079646296e-05,1,39,11,50,0.7737151799687011,0.11764705882352941
308,4468,0,0,1.9015316088192257e-06,1,39,11,50,0.7737151799687011,0.11764705882352941
309,4528,0,0,0.00036334277763352615,1,39,11,50,0.7737151799687011,0.11764705882352941
310,4540,0,0,0.030517173355102498,1,39,11,50,0.7737151799687011,0.11764705882352941
311,4548,0,0,0.009134584646135391,1,39,11,50,0.7737151799687011,0.11764705882352941
312,4564,0,0,0.0028574356068447253,1,39,11,50,0.7737151799687011,0.11764705882352941
313,4587,0,0,0.00027663162034276034,1,39,11,50,0.7737151799687011,0.11764705882352941
314,4606,0,0,0.0007966434306830702,1,39,11,50,0.7737151799687011,0.11764705882352941
315,4639,0,0,0.00019426021714067187,1,39,11,50,0.7737151799687011,0.11764705882352941
316,4688,0,0,0.00027715156087677314,1,39,11,50,0.7737151799687011,0.11764705882352941
317,4729,0,0,5.167567870038918e-05,1,39,11,50,0.7737151799687011,0.11764705882352941
318,4760,0,0,0.003423499805312206,1,39,11,50,0.7737151799687011,0.11764705882352941
319,4779,0,0,8.088674242987915e-06,1,39,11,50,0.7737151799687011,0.11764705882352941
320,4927,0,0,0.005478463270828955,1,39,11,50,0.7737151799687011,0.11764705882352941
321,4939,0,0,0.1611309352864792,1,39,11,50,0.7737151799687011,0.11764705882352941
322,4955,0,0,0.00458664946648508,1,39,11,50,0.7737151799687011,0.11764705882352941
323,51,1,0,1.0946933505728814e-07,1,40,11,51,0.7668754605747974,0.11428571428571428
324,231,1,0,4.774062452176955e-07,1,41,11,52,0.7600433970224821,0.1111111111111111
325,621,1,0,1.1151461616741033e-05,1,42,11,53,0.7532196969696969,0.10810810810810811
326,720,1,0,4.852663403932397e-07,1,43,11,54,0.7464050235478809,0.10526315789473684
327,1298,1,0,0.29549737399628156,1,44,11,55,0.7396,0.10256410256410256
328,1426,1,0,3.4469777916020767e-06,1,45,11,56,0.732805213776055,0.1
329,1821,1,0,5.265791320704165e-07,1,46,11,57,0.7260212201591513,0.0975609756097561
330,1828,1,0,4.983029290581592e-07,1,47,11,58,0.7260212201591513,0.0975609756097561
331,1955,1,0,5.641154443941832e-07,1,48,11,59,0.7192485454842041,0.09523809523809523
332,2586,0,0,0.00026958668936466213,1,48,11,59,0.7192485454842041,0.09523809523809523
333,2604,0,0,0.0013397290773963161,1,48,11,59,0.7192485454842041,0.09523809523809523
334,2695,0,0,0.001313687000496852,1,48,11,59,0.7192485454842041,0.09523809523809523
335,2711,0,0,0.00025419280527107376,1,48,11,59,0.7192485454842041,0.09523809523809523
336,2816,0,0,0.0021962444979805023,1,48,11,59,0.7192485454842041,0.09523809523809523
337,2830,0,0,3.193667041376835e-05,1,48,11,59,0.7192485454842041,0.09523809523809523
338,2883,0,0,0.0008300565884321962,1,48,11,59,0.7192485454842041,0.09523809523809523
339,2925,0,0,0.0002246211044404457,1,48,11,59,0.7192485454842041,0.09523809523809523
340,2962,0,0,0.0035331878434279713,1,48,11,59,0.7192485454842041,0.09523809523809523
341,3157,0,0,1.1824453692699377e-05,1,48,11,59,0.7192485454842041,0.09523809523809523
342,3197,0,0,0.0004599863202837132,1,48,11,59,0.7192485454842041,0.09523809523809523
343,3230,0,0,1.0449826274331756e-05,1,48,11,59,0.7192485454842041,0.09523809523809523
344,3245,0,0,0.07411046681398396,1,48,11,59,0.7224226348364279,0.09523809523809523
345,3247,0,0,5.8371883563850144e-05,1,48,11,59,0.7224226348364279,0.09523809523809523
346,3431,0,0,0.0007229746716103906,1,48,11,59,0.7224226348364279,0.09523809523809523
347,3497,0,0,2.9622605347659945e-06,1,48,11,59,0.7256059329175797,0.09523809523809523
348,3522,0,0,0.0029956667954507904,1,48,11,59,0.7256059329175797,0.09523809523809523
349,3783,0,0,0.0017712147608410203,1,48,11,59,0.7256059329175797,0.09523809523809523
350,3829,0,0,1.26835852114781e-05,1,48,11,59,0.7256059329175797,0.09523809523809523
351,3954,0,0,0.0004261475337346335,1,48,11,59,0.7256059329175797,0.09523809523809523
352,4097,0,0,0.0004957889397400285,1,48,11,59,0.7256059329175797,0.09523809523809523
353,4165,0,0,1.6770262086130695e-05,1,48,11,59,0.7256059329175797,0.09523809523809523
354,4327,0,0,0.00036165694628644555,1,48,11,59,0.7256059329175797,0.09523809523809523
355,4408,0,0,3.995681443264524e-05,1,48,11,59,0.7256059329175797,0.09523809523809523
356,4431,0,0,0.009109895289782458,1,48,11,59,0.7256059329175797,0.09523809523809523
357,4482,0,0,0.00999439012423852,1,48,11,59,0.7256059329175797,0.09523809523809523
358,4508,0,0,0.0051508429560062855,1,48,11,59,0.7256059329175797,0.09523809523809523
359,4527,0,0,0.0014256056423109903,1,48,11,59,0.7256059329175797,0.09523809523809523
360,4594,0,0,8.44140193122592e-06,1,48,11,59,0.7227088784231641,0.07317073170731707
361,4677,0,0,0.0016849997990012978,1,48,11,59,0.7295454545454545,0.075
362,614,1,0,2.918928854651872e-06,1,49,11,60,0.7295454545454545,0.075
363,1223,1,0,6.5557760297345344e-06,1,50,11,61,0.7227088784231641,0.07317073170731707
364,1384,1,0,6.564573474858389e-08,1,51,11,62,0.7158857142857142,0.07142857142857142
365,1665,1,0,2.3617940951782164e-06,1,52,11,63,0.7090763526040789,0.06976744186046512
366,1815,1,0,0.13856609555940863,1,53,11,64,0.7022811671087532,0.06818181818181818
367,2635,0,0,0.0014508831314710986,1,53,11,64,0.7022811671087532,0.06818181818181818
368,2786,0,0,0.0006084135818810593,1,53,11,64,0.7022811671087532,0.06818181818181818
369,2995,0,0,0.004120380424646898,1,53,11,64,0.7022811671087532,0.06818181818181818
370,3285,0,0,0.0010070968816890348,1,53,11,64,0.7022811671087532,0.06818181818181818
371,3466,0,0,3.265706725560126e-05,1,53,11,64,0.7022811671087532,0.06818181818181818
372,3478,0,0,0.000262635520258048,1,53,11,64,0.7022811671087532,0.06818181818181818
373,3739,0,1,0.9618448355308622,1,53,12,65,0.7022811671087532,0.06818181818181818
374,3809,0,0,0.0010727202794050224,1,53,12,65,0.7022811671087532,0.06818181818181818
375,4098,0,0,0.0018182050579164252,1,53,12,65,0.7022811671087532,0.06818181818181818
376,4176,0,0,0.000752380078478663,1,53,12,65,0.7090763526040789,0.06976744186046512
377,4181,0,0,0.0005281163922696534,1,53,12,65,0.7058608058608058,0.047619047619047616
378,4290,0,0,0.0009792767447473357,1,53,12,65,0.7127083333333333,0.04878048780487805
379,4457,0,0,0.00014574738211718918,1,53,12,65,0.7127083333333333,0.04878048780487805
380,4506,0,0,0.003491144128709171,1,53,12,65,0.7127083333333333,0.04878048780487805
381,4616,0,0,0.001021018151087184,1,53,12,65,0.7127083333333333,0.04878048780487805
382,4659,0,0,0.001262726099916555,1,53,12,65,0.7127083333333333,0.04878048780487805
383,4727,0,0,3.144782147534528e-05,1,53,12,65,0.7127083333333333,0.04878048780487805
384,4759,0,0,0.003691695243138634,1,53,12,65,0.7127083333333333,0.04878048780487805
385,4814,0,0,5.860808533683449e-05,1,53,12,65,0.7127083333333333,0.04878048780487805
386,4865,0,0,0.0009560673859858653,1,53,12,65,0.7127083333333333,0.04878048780487805
387,4936,0,0,8.439655215944879e-06,1,53,12,65,0.7127083333333333,0.04878048780487805
388,4959,0,1,0.6799497954612587,1,53,13,66,0.7098116169544741,0.04878048780487805
389,4963,0,0,9.022371455006867e-06,1,53,13,66,0.7098116169544741,0.04878048780487805
390,4977,0,0,0.001801362413860284,1,53,13,66,0.7098116169544741,0.04878048780487805
391,2242,1,0,0.06125165098238394,1,54,13,67,0.7029714285714286,0.047619047619047616
392,2578,0,1,0.7495342189654659,1,54,14,68,0.7000809034215405,0.047619047619047616
393,2623,0,0,0.00018779563255924233,1,54,14,68,0.7000809034215405,0.047619047619047616
394,2660,0,0,0.011724822562582437,1,54,14,68,0.7000809034215405,0.047619047619047616
395,2760,0,0,0.014765262503221162,1,54,14,68,0.7000809034215405,0.047619047619047616
396,2788,0,0,0.0005264141176925956,1,54,14,68,0.7000809034215405,0.047619047619047616
397,2933,0,1,0.5356049923590247,1,54,15,69,0.6971883289124667,0.047619047619047616
398,2940,0,0,0.00029748341741742964,1,54,15,69,0.6971883289124667,0.047619047619047616
399,2961,0,0,9.075647475713251e-06,1,54,15,69,0.6971883289124667,0.047619047619047616
400,3053,0,0,0.0009950599947182827,1,54,15,69,0.6971883289124667,0.047619047619047616
401,3087,0,0,0.003425856778246979,1,54,15,69,0.6971883289124667,0.047619047619047616
402,3143,0,0,0.00016368810355005546,1,54,15,69,0.6971883289124667,0.047619047619047616
403,3254,0,0,0.0010109317739093538,1,54,15,69,0.7040153941232654,0.04878048780487805
404,3452,0,0,0.023619649610948104,1,54,15,69,0.7010407581836153,0.025
405,3528,0,0,1.2918632238756353e-06,1,54,15,69,0.7079261363636362,0.02564102564102564
406,3759,0,0,0.008327792173604413,1,54,15,69,0.7148273160147067,0.02631578947368421
407,3794,0,0,0.12571943795448945,1,54,15,69,0.721744043232621,0.02702702702702703
408,3796,0,0,9.722693280129898e-05,1,54,15,69,0.7286760563380282,0.027777777777777776
409,3854,0,0,0.0005328244884951645,1,54,15,69,0.7356230847803882,0.02857142857142857
410,3873,0,0,0.0015820828003514896,1,54,15,69,0.7425848478926454,0.029411764705882353
411,4084,0,0,0.0004837573658900117,1,54,15,69,0.7396378830083564,0.0
412,4171,0,1,0.7347896370238131,1,54,16,70,0.744066852367688,0.0
413,4252,0,0,0.0010026205239468298,1,54,16,70,0.751111111111111,0.0
414,4262,0,0,0.017603541306358942,1,54,16,70,0.7581717451523546,0.0
415,4339,0,0,0.0004825981972141325,1,54,16,70,0.7652486187845304,0.0
416,4502,0,0,0.00025108997745295134,1,54,16,70,0.7723415977961432,0.0
417,4556,0,0,5.377830187395209e-06,1,54,16,70,0.7794505494505495,0.0
418,4630,0,0,1.1354574500988269e-05,1,54,16,70,0.7794505494505495,0.0
419,4764,0,0,0.0009827085288026463,1,54,16,70,0.7794505494505495,0.0
420,313,1,0,0.00019526248060941932,1,55,16,71,0.774945054945055,0.0
421,432,1,0,0.00019390057921228965,1,56,16,72,0.7678512396694215,0.0
422,477,1,0,0.001787518615485833,1,57,16,73,0.7607734806629834,0.0
423,547,1,0,5.763436860235227e-06,1,58,16,74,0.7537119113573408,0.0
424,563,1,0,0.02219812238044777,1,59,16,75,0.7466666666666666,0.0
425,589,1,0,5.769205899894902e-06,1,60,16,76,0.7396378830083564,0.0
426,778,1,0,0.03261353674699701,1,61,16,77,0.7326256983240224,0.0
427,956,1,0,0.0029731906963433065,1,62,16,78,0.7256302521008403,0.0
428,1026,1,0,6.082171829528829e-07,1,63,16,79,0.7186516853932585,0.0
429,1525,1,0,5.769492961966079e-06,1,64,16,80,0.7142696629213483,0.0
430,1651,1,0,5.769199470074778e-06,1,65,16,81,0.7073239436619718,0.0
431,2079,1,0,0.00028281450528055426,1,66,16,82,0.7003954802259886,0.0
432,2528,0,0,0.0022936618496383625,1,66,16,82,0.7003954802259886,0.0
433,2666,0,0,0.0005291640003703659,1,66,16,82,0.7003954802259886,0.0
434,2721,0,0,6.0986221374994984e-05,1,66,16,82,0.7003954802259886,0.0
435,2771,0,0,0.008838643784672343,1,66,16,82,0.7003954802259886,0.0
436,2881,0,0,0.004931550290396234,1,66,16,82,0.7003954802259886,0.0
437,2896,0,0,0.0023278027391877717,1,66,16,82,0.7003954802259886,0.0
438,2939,0,0,0.00024800567197190605,1,66,16,82,0.7003954802259886,0.0
439,2991,0,0,0.001146424760619976,1,66,16,82,0.7003954802259886,0.0
440,3041,0,0,0.0005981625532576892,1,66,16,82,0.7003954802259886,0.0
441,3127,0,0,0.00035502401881779976,1,66,16,82,0.7003954802259886,0.0
442,3233,0,0,6.1784313286526145e-06,1,66,16,82,0.7003954802259886,0.0
443,3355,0,0,0.06021249591368563,1,66,16,82,0.7003954802259886,0.0
444,3474,0,0,0.0108885909113661,1,66,16,82,0.7003954802259886,0.0
445,3481,0,0,0.00019741253242956948,1,66,16,82,0.7029577464788731,0.0
446,3529,0,0,0.000293379288258768,1,66,16,82,0.7029577464788731,0.0
447,3622,0,0,0.01236493725364738,1,66,16,82,0.7029577464788731,0.0
448,3651,0,0,0.007637803517723748,1,66,16,82,0.7029577464788731,0.0
449,3761,0,0,0.00025603848741083277,1,66,16,82,0.7098876404494382,0.0
450,3765,0,0,0.0002663642445494242,1,66,16,82,0.7168347338935575,0.0
451,3812,0,0,0.2049145692081241,1,66,16,82,0.7237988826815642,0.0
452,4012,0,0,0.003378620448003761,1,66,16,82,0.7307799442896936,0.0
453,4091,0,0,0.0003584577766108293,1,66,16,82,0.7377777777777778,0.0
454,4094,0,0,0.012587945524731232,1,66,16,82,0.7447922437673131,0.0
455,4149,0,0,0.3664807398511257,1,66,16,82,0.7518232044198895,0.0
456,4232,0,0,0.003658092306935564,1,66,16,82,0.7588705234159779,0.0
457,4297,0,0,0.021667229530693253,1,66,16,82,0.765934065934066,0.0
458,4409,0,0,1.1288972077625926e-05,1,66,16,82,0.7730136986301369,0.0
459,4447,0,0,0.0005417549366740672,1,66,16,82,0.7801092896174864,0.0
460,4495,0,0,9.55322468982364e-05,1,66,16,82,0.7801092896174864,0.0
461,4633,0,0,0.0005275821997665212,1,66,16,82,0.7801092896174864,0.0
462,4783,0,0,0.0004054866463707188,1,66,16,82,0.7801092896174864,0.0
463,58,1,0,0.0003521056178580578,1,67,16,83,0.7730136986301369,0.0
464,1323,1,0,0.002224321332701652,1,68,16,84,0.765934065934066,0.0
465,2509,0,0,0.0006551039510938814,1,68,16,84,0.765934065934066,0.0
466,2643,0,0,0.0012136003850773411,1,68,16,84,0.765934065934066,0.0
467,2740,0,0,0.45022595170089946,1,68,16,84,0.765934065934066,0.0
468,2807,0,0,0.00027495658450633453,1,68,16,84,0.765934065934066,0.0
469,3210,0,0,0.00010890158910618852,1,68,16,84,0.765934065934066,0.0
470,3215,0,0,0.004038922345571625,1,68,16,84,0.765934065934066,0.0
471,3227,0,0,0.0004610662324157269,1,68,16,84,0.765934065934066,0.0
472,3290,0,0,0.0005876155349523352,1,68,16,84,0.765934065934066,0.0
473,3403,0,0,2.4854779166584676e-05,1,68,16,84,0.765934065934066,0.0
474,3450,0,0,1.5517898526002473e-05,1,68,16,84,0.765934065934066,0.0
475,3490,0,0,1.0021855948440609e-06,1,68,16,84,0.765934065934066,0.0
476,3504,0,0,0.0003038560870168468,1,68,16,84,0.765934065934066,0.0
477,3566,0,0,0.0003976637729741173,1,68,16,84,0.765934065934066,0.0
478,3624,0,0,0.00029642408924506045,1,68,16,84,0.765934065934066,0.0
479,3650,0,0,0.005620293511056922,1,68,16,84,0.765934065934066,0.0
480,3699,0,0,0.00012184012049158666,1,68,16,84,0.765934065934066,0.0
481,3733,0,0,0.0005412143587079899,1,68,16,84,0.765934065934066,0.0
482,3988,0,0,0.0018806170690884659,1,68,16,84,0.765934065934066,0.0
483,4077,0,0,9.771697833969521e-05,1,68,16,84,0.765934065934066,0.0
484,4174,0,0,0.0005463755802399481,1,68,16,84,0.7730136986301369,0.0
485,4282,0,0,0.0002820557778088788,1,68,16,84,0.7730136986301369,0.0
486,4326,0,0,0.00016899360638478054,1,68,16,84,0.7730136986301369,0.0
487,4349,0,0,0.25930522627285657,1,68,16,84,0.7730136986301369,0.0
488,4406,0,0,0.0005400400405704992,1,68,16,84,0.7730136986301369,0.0
489,4660,0,0,0.00028682187173114634,1,68,16,84,0.7730136986301369,0.0
490,4808,0,0,1.176634654615639e-05,1,68,16,84,0.7730136986301369,0.0
491,4919,0,0,0.004316701877009697,1,68,16,84,0.7730136986301369,0.0
492,1664,1,0,0.007764157658539113,1,69,16,85,0.765934065934066,0.0
493,2431,1,0,0.40299261045343904,1,70,16,86,0.7588705234159779,0.0
494,2587,0,0,2.8813546579687476e-05,1,70,16,86,0.7588705234159779,0.0
495,2599,0,0,3.029900704333766e-06,1,70,16,86,0.7588705234159779,0.0
496,2698,0,0,0.0045381338456114036,1,70,16,86,0.7588705234159779,0.0
497,2785,0,0,0.0004708030839826382,1,70,16,86,0.7588705234159779,0.0
498,2801,0,0,0.003665048684271252,1,70,16,86,0.7588705234159779,0.0
499,3019,0,0,2.081975831684831e-06,1,70,16,86,0.7588705234159779,0.0
500,3137,0,0,0.0005000344691597301,1,70,16,86,0.7614285714285713,0.0
501,3228,0,0,1.1104139694410888e-05,1,70,16,86,0.7614285714285713,0.0
502,3590,0,0,0.0008064821032568194,1,70,16,86,0.7614285714285713,0.0
503,3880,0,0,0.004701012793882635,1,70,16,86,0.7614285714285713,0.0
504,3899,0,0,0.006122895193361838,1,70,16,86,0.7614285714285713,0.0
505,3971,0,0,1.2813087726830946e-05,1,70,16,86,0.7614285714285713,0.0
506,4768,0,0,0.002947410949875755,1,70,16,86,0.7614285714285713,0.0
507,4889,0,0,0.0007674860519763703,1,70,16,86,0.7614285714285713,0.0
508,4897,0,0,0.0005439090919371508,1,70,16,86,0.7614285714285713,0.0
509,551,1,0,0.045715589783910965,1,71,16,87,0.7543801652892561,0.0
510,653,1,0,5.988953570368852e-07,1,72,16,88,0.7473480662983425,0.0
511,2753,0,0,0.00016929733427391636,1,72,16,88,0.7473480662983425,0.0
512,2762,0,0,8.908319475348999e-05,1,72,16,88,0.7473480662983425,0.0
513,2795,0,0,0.0002739059717050058,1,72,16,88,0.7473480662983425,0.0
514,2841,0,0,8.24378206198154e-05,1,72,16,88,0.7473480662983425,0.0
515,2869,0,0,8.84252398876862e-06,1,72,16,88,0.7473480662983425,0.0
516,2931,0,1,0.8964615104177395,1,72,17,89,0.7447922437673131,0.0
517,2976,0,0,0.0007126564388486062,1,72,17,89,0.7447922437673131,0.0
518,3048,0,0,0.0003185753077712715,1,72,17,89,0.7447922437673131,0.0
519,3146,0,0,2.1894246206881855e-05,1,72,17,89,0.7447922437673131,0.0
520,3235,0,0,0.00018145148435431055,1,72,17,89,0.7447922437673131,0.0
521,3393,0,0,0.0014356912747761508,1,72,17,89,0.7447922437673131,0.0
522,3455,0,0,0.009365929824346413,1,72,17,89,0.7447922437673131,0.0
523,3665,0,0,0.0007731319294007648,1,72,17,89,0.7518232044198895,0.0
524,3886,0,0,0.000826337094594101,1,72,17,89,0.7588705234159779,0.0
525,3966,0,0,5.505074243303531e-05,1,72,17,89,0.765934065934066,0.0
526,3999,0,0,0.012397684612648804,1,72,17,89,0.7730136986301369,0.0
527,4037,0,0,0.33609905712979476,1,72,17,89,0.7801092896174864,0.0
528,4085,0,0,0.00019086303802073645,1,72,17,89,0.7872207084468665,0.0
529,4101,0,0,3.2015960754729703e-06,1,72,17,89,0.7943478260869564,0.0
530,4222,0,1,0.7671342769717872,1,72,18,90,0.7989130434782608,0.0
531,4227,0,0,0.0001972848897737772,1,72,18,90,0.806070460704607,0.0
532,4317,0,0,0.0026587960793883585,1,72,18,90,0.806070460704607,0.0
533,4367,0,0,0.003328166547352928,1,72,18,90,0.806070460704607,0.0
534,4467,0,0,0.0026167899136138274,1,72,18,90,0.806070460704607,0.0
535,4486,0,0,0.0018291561828748346,1,72,18,90,0.806070460704607,0.0
536,4644,0,1,0.8628442873868514,1,72,19,91,0.8034782608695652,0.0
537,4682,0,0,0.013056572250464062,1,72,19,91,0.8034782608695652,0.0
538,4863,0,0,0.42457412122302074,1,72,19,91,0.8034782608695652,0.0
539,2524,0,0,0.044067114684243965,1,72,19,91,0.8034782608695652,0.0
540,2534,0,0,0.0001684374033130967,1,72,19,91,0.8034782608695652,0.0
541,2560,0,0,9.374965187704825e-06,1,72,19,91,0.8034782608695652,0.0
542,2565,0,0,0.00018832378851685474,1,72,19,91,0.8034782608695652,0.0
543,2600,0,0,1.0129721426174036e-06,1,72,19,91,0.8034782608695652,0.0
544,2631,0,0,6.191380654881954e-05,1,72,19,91,0.8034782608695652,0.0
545,2661,0,1,0.9895558148760369,1,72,20,92,0.8008719346049047,0.0
546,2672,0,0,0.000880475330167303,1,72,20,92,0.8008719346049047,0.0
547,2751,0,0,0.0012984898709998572,1,72,20,92,0.8008719346049047,0.0
548,2774,0,0,0.28623826891623094,1,72,20,92,0.8008719346049047,0.0
549,2781,0,0,0.0032649038702176497,1,72,20,92,0.8008719346049047,0.0
550,2797,0,1,0.9752942322898609,1,72,21,93,0.7982513661202186,0.0
551,2875,0,0,0.3207183601891811,1,72,21,93,0.7982513661202186,0.0
552,2950,0,0,0.0008231752910593954,1,72,21,93,0.7982513661202186,0.0
553,3085,0,0,0.0021127737382608857,1,72,21,93,0.7982513661202186,0.0
554,3094,0,0,0.003796868987479821,1,72,21,93,0.7982513661202186,0.0
555,3100,0,0,0.006922520090444876,1,72,21,93,0.7982513661202186,0.0
556,3118,0,0,1.204697216072603e-05,1,72,21,93,0.7982513661202186,0.0
557,3423,0,0,0.003957049069966617,1,72,21,93,0.7982513661202186,0.0
558,3457,0,0,0.0005527972929982405,1,72,21,93,0.7982513661202186,0.0
559,3475,0,0,0.004538345463807327,1,72,21,93,0.7982513661202186,0.0
560,3569,0,0,0.040225521486919644,1,72,21,93,0.7982513661202186,0.0
561,3687,0,0,0.00015190041378309907,1,72,21,93,0.7982513661202186,0.0
562,3700,0,0,0.0004429406063260663,1,72,21,93,0.8054223433242507,0.0
563,3849,0,0,0.0005399782297300995,1,72,21,93,0.8126086956521739,0.0
564,3878,0,0,0.0012254311088482999,1,72,21,93,0.819810298102981,0.0
565,3962,0,0,0.0001900867456007669,1,72,21,93,0.8270270270270271,0.0
566,4106,0,0,2.580286624003533e-06,1,72,21,93,0.8342587601078166,0.0
567,4196,0,0,7.269673828451781e-06,1,72,21,93,0.8342587601078166,0.0
568,4284,0,1,0.9528461987266633,1,72,22,94,0.8316216216216216,0.0
569,4383,0,1,0.8952071219591577,1,72,23,95,0.8289701897018971,0.0
570,4399,0,0,1.31715218916248e-06,1,72,23,95,0.8289701897018971,0.0
571,4412,0,0,0.000337214123688295,1,72,23,95,0.8289701897018971,0.0
572,4471,0,0,3.618815603512286e-05,1,72,23,95,0.8289701897018971,0.0
573,4777,0,0,7.528538567000424e-05,1,72,23,95,0.8316216216216216,0.0
574,4990,0,0,0.0005394755230809339,1,72,23,95,0.8316216216216216,0.0
575,586,1,0,1.7696126179945698e-05,1,73,23,96,0.824390243902439,0.0
576,856,1,0,1.1618118387695795e-05,1,74,23,97,0.8171739130434783,0.0
577,898,1,1,0.9990470392067612,1,74,23,97,0.8186563805850209,0.045454545454545456
578,1032,1,0,1.1202891467407601e-05,1,75,23,98,0.8115577299412916,0.043478260869565216
579,1186,1,0,0.0026173866441480697,1,76,23,99,0.8044688644688646,0.041666666666666664
580,1767,1,1,0.9989912039319752,1,76,23,99,0.8059755742948531,0.08
581,2020,1,1,0.9993843689918424,1,76,23,99,0.8073333333333333,0.11538461538461539
582,2546,0,0,0.008317912020942536,1,76,23,99,0.8073333333333333,0.11538461538461539
583,2820,0,0,0.00016879425230316585,1,76,23,99,0.8073333333333333,0.11538461538461539
584,3068,0,0,5.553644872202789e-05,1,76,23,99,0.8073333333333333,0.11538461538461539
585,3192,0,0,0.01255458400026003,1,76,23,99,0.8073333333333333,0.11538461538461539
586,3366,0,1,0.7508511307657711,1,76,24,100,0.8042054487397242,0.11538461538461539
587,3374,0,1,0.99894121940186,1,76,25,101,0.8010853950518755,0.11538461538461539
588,3398,0,0,1.5318077913347088e-05,1,76,25,101,0.8042054487397242,0.11538461538461539
589,3534,0,0,0.0012537051273648057,1,76,25,101,0.8042054487397242,0.11538461538461539
590,3875,0,0,2.8049793872855896e-05,1,76,25,101,0.8042054487397242,0.11538461538461539
591,4023,0,0,0.004703410099417693,1,76,25,101,0.8111111111111111,0.12
592,4081,0,0,0.00020848759064446965,1,76,25,101,0.8142446196462817,0.12
593,4166,0,0,1.5649402080726016e-05,1,76,25,101,0.8142446196462817,0.12
594,4301,0,0,0.00011706946073746295,1,76,25,101,0.8142446196462817,0.12
595,4499,0,1,0.6517782230676765,1,76,26,102,0.8111111111111111,0.12
596,4557,0,0,0.00047608980974188863,1,76,26,102,0.8111111111111111,0.12
597,4731,0,0,0.00046338307840786575,1,76,26,102,0.8142446196462817,0.12
598,4901,0,0,0.015773756004209813,1,76,26,102,0.8142446196462817,0.12
599,4949,0,0,0.00014392445401405915,1,76,26,102,0.8142446196462817,0.12
600,405,1,0,0.0657519566780368,1,77,26,103,0.8073333333333333,0.11538461538461539
601,1085,1,0,0.0012890387381135277,1,78,26,104,0.8004246212378558,0.1111111111111111
602,1725,1,0,0.0010649010214525635,1,79,26,105,0.7935195530726257,0.10714285714285714
603,2514,0,0,0.005843032019545372,1,79,26,105,0.7935195530726257,0.10714285714285714
604,2609,0,0,0.0002658365153472585,1,79,26,105,0.7935195530726257,0.10714285714285714
605,2743,0,0,0.00030703882678004654,1,79,26,105,0.7935195530726257,0.10714285714285714
606,2790,0,0,0.0021295702390098773,1,79,26,105,0.7935195530726257,0.10714285714285714
607,2818,0,0,0.006262120726717977,1,79,26,105,0.7935195530726257,0.10714285714285714
608,2844,0,1,0.868005920518862,1,79,27,106,0.7904032310598658,0.10714285714285714
609,2900,0,0,0.00034322266351713204,1,79,27,106,0.7904032310598658,0.10714285714285714
610,2907,0,0,8.816260570978743e-06,1,79,27,106,0.7904032310598658,0.10714285714285714
611,3103,0,0,0.004149331156913401,1,79,27,106,0.7904032310598658,0.10714285714285714
612,3150,0,0,0.0017337490543139684,1,79,27,106,0.7935195530726257,0.10714285714285714
613,3251,0,1,0.6327562434982203,1,79,28,107,0.7904032310598658,0.10714285714285714
614,3268,0,0,0.00016048107392395203,1,79,28,107,0.7904032310598658,0.10714285714285714
615,3283,0,0,0.0001135104031456647,1,79,28,107,0.7904032310598658,0.10714285714285714
616,3313,0,0,0.0003313962267039638,1,79,28,107,0.7904032310598658,0.10714285714285714
617,3371,0,0,4.1024882380154e-06,1,79,28,107,0.7904032310598658,0.10714285714285714
618,3384,0,0,0.005326159645872996,1,79,28,107,0.7904032310598658,0.10714285714285714
619,3407,0,0,0.000860577913919727,1,79,28,107,0.7904032310598658,0.10714285714285714
620,3437,0,0,0.11520749217432409,1,79,28,107,0.7973024740622506,0.1111111111111111
621,3548,0,0,0.01772266298826825,1,79,28,107,0.8042054487397242,0.11538461538461539
622,3562,0,0,0.03921542361638475,1,79,28,107,0.8111111111111111,0.12
623,3641,0,0,0.011734456244607994,1,79,28,107,0.8180183251651395,0.125
624,3712,0,0,0.012069752079224847,1,79,28,107,0.824925850537947,0.13043478260869565
625,3986,0,0,0.0002498035179681242,1,79,28,107,0.8318323281959646,0.13636363636363635
626,4079,0,0,0.004134544479478599,1,79,28,107,0.8387362637362636,0.14285714285714285
627,4143,0,0,0.0047691611286169834,1,79,28,107,0.8456360078277886,0.15
628,4193,0,0,1.6534660016805407e-06,1,79,28,107,0.8525297332047573,0.15789473684210525
629,4215,0,0,0.0010657117404143511,1,79,28,107,0.8594154074808026,0.16666666666666666
630,4267,0,0,3.5433846001816075e-06,1,79,28,107,0.8662907608695654,0.17647058823529413
631,4280,0,0,0.0012060878172741169,1,79,28,107,0.8731532476615088,0.1875
632,4351,0,0,1.7647172012232853e-05,1,79,28,107,0.8731532476615088,0.1875
633,4485,0,0,0.0004207887654800669,1,79,28,107,0.8731532476615088,0.1875
634,4623,0,0,0.0007829910194119328,1,79,28,107,0.8731532476615088,0.1875
635,4858,0,0,0.001736354317056176,1,79,28,107,0.8731532476615088,0.1875
636,4984,0,0,0.004635608499317613,1,79,28,107,0.8731532476615088,0.1875
637,4996,0,0,0.009248297997807927,1,79,28,107,0.8731532476615088,0.1875
638,192,1,0,0.018881452095920025,1,80,28,108,0.8662907608695654,0.17647058823529413
639,319,1,0,0.01723871002045799,1,81,28,109,0.8594154074808026,0.16666666666666666
640,717,1,0,0.019343620030633706,1,82,28,110,0.8525297332047573,0.15789473684210525
641,1255,1,1,0.9821616861470347,1,82,28,110,0.8529914529914531,0.2
642,1425,1,0,0.0003762958145170267,1,83,28,111,0.8462013252922344,0.19047619047619047
643,1770,1,0,6.130825099521077e-06,1,84,28,112,0.839400988659494,0.18181818181818182
644,1777,1,0,0.16809883109761856,1,85,28,113,0.8325925136728461,0.17391304347826086
645,1869,1,0,0.0007296776431909308,1,86,28,114,0.8257777777777778,0.16666666666666666
646,2220,1,0,1.7696117551471515e-05,1,87,28,115,0.8189584890277871,0.16
647,2400,1,0,0.017417201167622604,1,88,28,116,0.8121362064378824,0.15384615384615385
648,2614,0,0,0.00046416317738429277,1,88,28,116,0.8121362064378824,0.15384615384615385
649,2669,0,0,0.0014700808784855754,1,88,28,116,0.8121362064378824,0.15384615384615385
650,2691,0,0,0.0012528349440774453,1,88,28,116,0.8121362064378824,0.15384615384615385
651,2766,0,0,0.00474101297377709,1,88,28,116,0.8121362064378824,0.15384615384615385
652,2867,0,0,0.0019269871994879373,1,88,28,116,0.8121362064378824,0.15384615384615385
653,2947,0,0,8.417229418386929e-05,1,88,28,116,0.8121362064378824,0.15384615384615385
654,2965,0,0,0.0005509468151922522,1,88,28,116,0.8121362064378824,0.15384615384615385
655,3350,0,0,0.014400933536623459,1,88,28,116,0.8121362064378824,0.15384615384615385
656,3410,0,0,0.0008768065859104503,1,88,28,116,0.8121362064378824,0.15384615384615385
657,3635,0,0,9.25667070254001e-05,1,88,28,116,0.8121362064378824,0.15384615384615385
658,3746,0,0,0.12153546194354854,1,88,28,116,0.8121362064378824,0.15384615384615385
659,3785,0,0,0.001428353193109392,1,88,28,116,0.8121362064378824,0.15384615384615385
660,3845,0,0,0.0014288227280088,1,88,28,116,0.8121362064378824,0.15384615384615385
661,3927,0,0,0.05048777160474611,1,88,28,116,0.8121362064378824,0.15384615384615385
662,3964,0,0,0.00011268173123295636,1,88,28,116,0.8121362064378824,0.15384615384615385
663,4082,0,1,0.7244789187649495,1,88,29,117,0.815708965150306,0.16
664,4201,0,1,0.7719929831539204,1,88,30,118,0.8192817238627295,0.16666666666666666
665,4361,0,0,0.0022298781323141534,1,88,30,118,0.8192817238627295,0.16666666666666666
666,4503,0,0,8.038747328117537e-05,1,88,30,118,0.8192817238627295,0.16666666666666666
667,4573,0,0,0.023390297073189553,1,88,30,118,0.8192817238627295,0.16666666666666666
668,4650,0,0,0.0037418586228104094,1,88,30,118,0.8192817238627295,0.16666666666666666
669,4862,0,0,0.00024683748742768564,1,88,30,118,0.8192817238627295,0.16666666666666666
670,4864,0,0,0.0036238245654665415,1,88,30,118,0.8192817238627295,0.16666666666666666
671,4866,0,0,0.00034372319491388846,1,88,30,118,0.8192817238627295,0.16666666666666666
672,83,1,0,0.00033496301047487924,1,89,30,119,0.8124715002279982,0.16
673,2406,1,0,0.0481572718187816,1,90,30,120,0.805658835546476,0.15384615384615385
674,2592,0,0,3.257250538920002e-05,1,90,30,120,0.805658835546476,0.15384615384615385
675,2633,0,0,0.001959872396111383,1,90,30,120,0.805658835546476,0.15384615384615385
676,2717,0,0,1.6732921287931705e-06,1,90,30,120,0.805658835546476,0.15384615384615385
677,2926,0,0,0.2827922807744072,1,90,30,120,0.805658835546476,0.15384615384615385
678,2960,0,0,0.0005249750689967141,1,90,30,120,0.805658835546476,0.15384615384615385
679,3058,0,1,0.9626053235806089,1,90,31,121,0.8024350547730831,0.15384615384615385
680,3092,0,0,1.8151328544618858e-05,1,90,31,121,0.8024350547730831,0.15384615384615385
681,3417,0,0,5.013711078122464e-06,1,90,31,121,0.8024350547730831,0.15384615384615385
682,3564,0,0,1.3283432163338083e-05,1,90,31,121,0.8024350547730831,0.15384615384615385
683,3611,0,0,0.003855222003059969,1,90,31,121,0.8024350547730831,0.15384615384615385
684,3753,0,0,0.0013694072983017266,1,90,31,121,0.8024350547730831,0.15384615384615385
685,3827,0,0,0.004969139852584791,1,90,31,121,0.8024350547730831,0.15384615384615385
686,3831,0,0,0.00019418539250497702,1,90,31,121,0.8024350547730831,0.15384615384615385
687,4034,0,0,0.0020681586040870764,1,90,31,121,0.8024350547730831,0.15384615384615385
688,4314,0,0,0.008489851979869572,1,90,31,121,0.8024350547730831,0.15384615384615385
689,4414,0,0,0.00023066288020984972,1,90,31,121,0.8024350547730831,0.15384615384615385
690,4649,0,0,0.00039451276847317666,1,90,31,121,0.8024350547730831,0.15384615384615385
691,4674,0,0,1.940630504006805e-05,1,90,31,121,0.8024350547730831,0.15384615384615385
692,4758,0,0,0.00016690264802866702,1,90,31,121,0.8092441266598569,0.16
693,4829,0,1,0.997171042154591,1,90,32,122,0.812829417773238,0.16666666666666666
694,1849,1,0,6.516056778999118e-06,1,91,32,123,0.8060250391236308,0.16
695,2602,0,0,0.0041961025022845865,1,91,32,123,0.8060250391236308,0.16
696,2680,0,0,6.639624915164814e-05,1,91,32,123,0.8060250391236308,0.16
697,2749,0,0,8.378059774743495e-05,1,91,32,123,0.8060250391236308,0.16
698,2879,0,0,0.0029956401914482344,1,91,32,123,0.8060250391236308,0.16
699,2954,0,0,0.13207073154788915,1,91,32,123,0.8060250391236308,0.16
700,3013,0,0,0.0009918946003202357,1,91,32,123,0.8060250391236308,0.16
701,3067,0,0,0.0035848916626174134,1,91,32,123,0.8060250391236308,0.16
702,3312,0,0,0.0002539570881259892,1,91,32,123,0.8060250391236308,0.16
703,3347,0,0,0.0005934638032250031,1,91,32,123,0.8060250391236308,0.16
704,3360,0,0,0.00021351572676940286,1,91,32,123,0.8060250391236308,0.16
705,3390,0,0,0.004719349921598588,1,91,32,123,0.8060250391236308,0.16
706,3593,0,0,0.009447193527843553,1,91,32,123,0.8060250391236308,0.16
707,3619,0,0,0.00013006129438710348,1,91,32,123,0.8060250391236308,0.16
708,3838,0,0,0.0004564654828558088,1,91,32,123,0.8060250391236308,0.16
709,4060,0,0,0.001478135754794982,1,91,32,123,0.812829417773238,0.16666666666666666
710,4113,0,0,2.0550655338466207e-05,1,91,32,123,0.8196306429548563,0.17391304347826086
711,4287,0,0,0.0001728147497801175,1,91,32,123,0.8196306429548563,0.17391304347826086
712,4304,0,0,0.007644610132014431,1,91,32,123,0.8196306429548563,0.17391304347826086
713,4523,0,0,0.00010538983435317225,1,91,32,123,0.8196306429548563,0.17391304347826086
714,4550,0,0,0.004188844214385676,1,91,32,123,0.8196306429548563,0.17391304347826086
715,4608,0,0,0.00028748863811964157,1,91,32,123,0.8196306429548563,0.17391304347826086
716,4719,0,0,0.00021857882615593184,1,91,32,123,0.822854482575153,0.17391304347826086
717,4771,0,1,0.991864569434776,1,91,33,124,0.8196306429548563,0.17391304347826086
718,4906,0,0,0.00025954213884317364,1,91,33,124,0.8196306429548563,0.17391304347826086
719,4912,0,0,0.011502412189732445,1,91,33,124,0.8196306429548563,0.17391304347826086
720,4957,0,0,0.031609823942258926,1,91,33,124,0.8196306429548563,0.17391304347826086
721,2667,0,1,0.6491017331142641,1,91,34,125,0.816414708886619,0.17391304347826086
722,2670,0,0,1.569939706874685e-05,1,91,34,125,0.816414708886619,0.17391304347826086
723,3025,0,0,0.00019755481046067853,1,91,34,125,0.816414708886619,0.17391304347826086
724,3088,0,0,0.0025889224302377894,1,91,34,125,0.816414708886619,0.17391304347826086
725,3115,0,0,0.12952921113087884,1,91,34,125,0.816414708886619,0.17391304347826086
726,3158,0,0,2.083379501970527e-05,1,91,34,125,0.816414708886619,0.17391304347826086
727,3189,0,0,8.55772180184595e-06,1,91,34,125,0.816414708886619,0.17391304347826086
728,3343,0,0,9.82853363359401e-05,1,91,34,125,0.816414708886619,0.17391304347826086
729,3493,0,0,3.6204401386561174e-06,1,91,34,125,0.816414708886619,0.17391304347826086
730,3618,0,0,0.0003316427343413373,1,91,34,125,0.8196306429548563,0.17391304347826086
731,4043,0,0,0.0009689831323748669,1,91,34,125,0.8196306429548563,0.17391304347826086
732,4145,0,0,0.002648909842532561,1,91,34,125,0.8196306429548563,0.17391304347826086
733,4177,0,0,0.010581689158198408,1,91,34,125,0.8196306429548563,0.17391304347826086
734,4237,0,0,0.48440468069106246,1,91,34,125,0.8196306429548563,0.17391304347826086
735,4690,0,0,8.23061967513324e-06,1,91,34,125,0.8196306429548563,0.17391304347826086
736,4722,0,0,4.5660146055902595e-06,1,91,34,125,0.822854482575153,0.17391304347826086
737,4751,0,0,0.00019357429361985902,1,91,34,125,0.822854482575153,0.17391304347826086
738,4907,0,0,5.4622142952705905e-06,1,91,34,125,0.822854482575153,0.17391304347826086
739,804,1,0,0.11597249677826717,1,92,34,126,0.8160510715914273,0.16666666666666666
740,2121,1,0,0.0002281662708592515,1,93,34,127,0.8092441266598569,0.16
741,2597,0,0,1.7123950155587073e-06,1,93,34,127,0.8092441266598569,0.16
742,2779,0,0,0.004222494047704625,1,93,34,127,0.8092441266598569,0.16
743,3035,0,0,0.00021911174359961387,1,93,34,127,0.8092441266598569,0.16
744,3155,0,0,0.0001393227312346718,1,93,34,127,0.8092441266598569,0.16
745,3226,0,0,0.00041879272211006594,1,93,34,127,0.8124715002279982,0.16
746,3323,0,0,2.302654821642412e-06,1,93,34,127,0.8124715002279982,0.16
747,3448,0,0,0.0037940031312692227,1,93,34,127,0.8124715002279982,0.16
748,3942,0,0,7.221044549310738e-06,1,93,34,127,0.8124715002279982,0.16
749,4163,0,0,0.006953609624925314,1,93,34,127,0.8124715002279982,0.16
750,4268,0,0,0.006518677881227128,1,93,34,127,0.815708965150306,0.16
751,4294,0,0,3.089668091829338e-05,1,93,34,127,0.815708965150306,0.16
752,4307,0,0,0.00040887171007264656,1,93,34,127,0.815708965150306,0.16
753,4343,0,0,0.002141890535324858,1,93,34,127,0.815708965150306,0.16
754,4443,0,0,0.009465199020509853,1,93,34,127,0.815708965150306,0.16
755,4473,0,0,0.0005308336092756207,1,93,34,127,0.815708965150306,0.16
756,4685,0,0,0.0011542288247117876,1,93,34,127,0.815708965150306,0.16
757,4805,0,0,0.00016633804919886523,1,93,34,127,0.815708965150306,0.16
758,310,1,0,0.05568471080568962,1,94,34,128,0.8088919288645691,0.15384615384615385
759,1720,1,0,5.764241978232358e-06,1,95,34,129,0.802073544433095,0.14814814814814814
760,2601,0,0,2.908203718726799e-06,1,95,34,129,0.802073544433095,0.14814814814814814
761,2621,0,0,0.0002475115869626579,1,95,34,129,0.802073544433095,0.14814814814814814
762,2644,0,0,0.0008289538360540937,1,95,34,129,0.802073544433095,0.14814814814814814
763,2857,0,0,0.04295808068535408,1,95,34,129,0.802073544433095,0.14814814814814814
764,2905,0,0,0.01622452281364117,1,95,34,129,0.802073544433095,0.14814814814814814
765,3069,0,0,0.12445679602516772,1,95,34,129,0.802073544433095,0.14814814814814814
766,3075,0,0,0.0014941306499717064,1,95,34,129,0.802073544433095,0.14814814814814814
767,3408,0,0,0.0005595786358810992,1,95,34,129,0.802073544433095,0.14814814814814814
768,3542,0,0,0.013747031177989468,1,95,34,129,0.8053123575011399,0.14814814814814814
769,3551,0,0,0.0011159405333282639,1,95,34,129,0.808563447725459,0.14814814814814814
770,3617,0,0,0.0006544132007291918,1,95,34,129,0.808563447725459,0.14814814814814814
771,4104,0,0,3.3403073162824057e-06,1,95,34,129,0.808563447725459,0.14814814814814814
772,4260,0,0,1.0031529332619562e-05,1,95,34,129,0.808563447725459,0.14814814814814814
773,4340,0,0,8.86316889454161e-05,1,95,34,129,0.808563447725459,0.14814814814814814
774,4444,0,0,0.0011199599578193067,1,95,34,129,0.808563447725459,0.14814814814814814
775,4732,0,0,0.003174089435736369,1,95,34,129,0.8153937088117398,0.15384615384615385
776,4816,0,0,1.7874959667538086e-05,1,95,34,129,0.8222222222222222,0.16
777,418,1,0,0.0004890916990855441,1,96,34,130,0.8142446196462817,0.12
778,1007,1,1,0.9983393786087638,1,96,34,130,0.8222222222222222,0.16
779,1668,1,0,1.7172559960191738e-05,1,97,34,131,0.8222222222222222,0.16
780,1683,1,0,0.10057835781796937,1,98,34,132,0.8142446196462817,0.12
781,1716,1,0,0.00481252783387182,1,99,34,133,0.8059755742948531,0.08
782,1944,1,0,1.65954329092908e-05,1,100,34,134,0.7989843028624192,0.07692307692307693
783,2141,1,0,0.0004697359987402285,1,101,34,135,0.792,0.07407407407407407
784,2874,0,0,0.0007707267044256734,1,101,34,135,0.792,0.07407407407407407
785,2980,0,0,0.00023607713416950836,1,101,34,135,0.792,0.07407407407407407
786,3032,0,1,0.5166146290378871,1,101,35,136,0.792,0.07407407407407407
787,3117,0,0,0.0004270384349589891,1,101,35,136,0.7949818879181761,0.07407407407407407
788,3223,0,0,0.00016543440440972094,1,101,35,136,0.7949818879181761,0.07407407407407407
789,3279,0,0,3.913806412052781e-06,1,101,35,136,0.7949818879181761,0.07407407407407407
790,3463,0,1,0.8843632689671511,1,101,36,137,0.792,0.07407407407407407
791,3572,0,0,0.002228354414676189,1,101,36,137,0.792,0.07407407407407407
792,3595,0,0,0.016960725671211735,1,101,36,137,0.792,0.07407407407407407
793,3649,0,1,0.7207703941387367,1,101,37,138,0.789020313880019,0.07407407407407407
794,3734,0,0,3.9160372081477265e-06,1,101,37,138,0.789020313880019,0.07407407407407407
795,3764,0,0,0.0002541049652217889,1,101,37,138,0.792,0.07407407407407407
796,3772,0,0,7.23281226253266e-05,1,101,37,138,0.792,0.07407407407407407
797,4063,0,0,0.0013430146401194343,1,101,37,138,0.792,0.07407407407407407
798,4080,0,0,2.367696455560046e-06,1,101,37,138,0.792,0.07407407407407407
799,4087,0,0,0.04050458370082106,1,101,37,138,0.792,0.07407407407407407
800,4126,0,0,0.0010924316882586261,1,101,37,138,0.7989843028624192,0.07692307692307693
801,4249,0,0,0.0029259339288733696,1,101,37,138,0.8059755742948531,0.08
802,4254,0,0,0.00022511229609090995,1,101,37,138,0.8129729729729729,0.08333333333333333
803,4255,0,0,1.0739130119554607e-05,1,101,37,138,0.8129729729729729,0.08333333333333333
804,4362,0,0,0.015872056673515957,1,101,37,138,0.8129729729729729,0.08333333333333333
805,4588,0,0,7.371362613211406e-05,1,101,37,138,0.8129729729729729,0.08333333333333333
806,4601,0,1,0.9805327367014716,1,101,38,139,0.8099796452457109,0.08333333333333333
807,4661,0,0,0.024719011137668657,1,101,38,139,0.8099796452457109,0.08333333333333333
808,4740,0,0,0.00020881748821778402,1,101,38,139,0.8129729729729729,0.08333333333333333
809,4845,0,0,0.0014955148088349696,1,101,38,139,0.8129729729729729,0.08333333333333333
810,191,1,0,4.6225721028021284e-05,1,102,38,140,0.8059755742948531,0.08
811,329,1,0,0.007157499966975387,1,103,38,141,0.7989843028624192,0.07692307692307693
812,471,1,0,0.0010734986919397576,1,104,38,142,0.792,0.07407407407407407
813,852,1,0,0.007157500798419779,1,105,38,143,0.7880000000000001,0.07142857142857142
814,1397,1,0,0.007157498248879322,1,106,38,144,0.7810265643046403,0.06896551724137931
815,1722,1,1,0.9839871197567954,1,106,38,144,0.7828349944629014,0.1
816,2360,1,0,0.0006902623093086675,1,107,38,145,0.7759397344228804,0.0967741935483871
817,2489,1,0,0.007157499505646259,1,108,38,146,0.7690516431924884,0.09375
818,2507,0,0,0.0010470839862360179,1,108,38,146,0.7690516431924884,0.09375
819,2583,0,0,0.0009852941223231027,1,108,38,146,0.7690516431924884,0.09375
820,2593,0,0,0.0004446379955377923,1,108,38,146,0.7690516431924884,0.09375
821,2596,0,0,0.005346244470721504,1,108,38,146,0.7690516431924884,0.09375
822,2687,0,0,5.065679569103347e-06,1,108,38,146,0.7690516431924884,0.09375
823,2741,0,0,0.0006747245165313597,1,108,38,146,0.7690516431924884,0.09375
824,2754,0,0,2.4791054216014364e-06,1,108,38,146,0.7690516431924884,0.09375
825,2800,0,0,0.0004821284327371738,1,108,38,146,0.7690516431924884,0.09375
826,2930,0,0,0.00018638676272288417,1,108,38,146,0.7690516431924884,0.09375
827,2948,0,0,0.00039540771201095585,1,108,38,146,0.7690516431924884,0.09375
828,3166,0,0,0.00045747199764786426,1,108,38,146,0.7690516431924884,0.09375
829,3178,0,0,0.0015345183648103654,1,108,38,146,0.7690516431924884,0.09375
830,3273,0,0,0.0005320039337543469,1,108,38,146,0.7690516431924884,0.09375
831,3324,0,0,0.0006756592734073468,1,108,38,146,0.7690516431924884,0.09375
832,3439,0,0,0.00033120612358435614,1,108,38,146,0.7690516431924884,0.09375
833,3492,0,0,0.046247209437925305,1,108,38,146,0.7690516431924884,0.09375
834,3568,0,0,0.00018448328794177493,1,108,38,146,0.7690516431924884,0.09375
835,3657,0,0,0.009543309421781452,1,108,38,146,0.7690516431924884,0.09375
836,3692,0,0,0.006972672413202809,1,108,38,146,0.7690516431924884,0.09375
837,3738,0,0,0.00018067426761426953,1,108,38,146,0.7690516431924884,0.09375
838,3926,0,1,0.8489052884043979,1,108,39,147,0.7728356807511737,0.0967741935483871
839,4049,0,0,0.0014720561983908574,1,108,39,147,0.7797242083758937,0.1
840,4053,0,0,0.0043535511363366275,1,108,39,147,0.7866191127613835,0.10344827586206896
841,4064,0,0,0.10548558469677057,1,108,39,147,0.7850234390923296,0.07142857142857142
842,4173,0,0,0.0032672966429448057,1,108,39,147,0.792,0.07407407407407407
843,4313,0,0,3.230845654530673e-05,1,108,39,147,0.7989843028624192,0.07692307692307693
844,4438,0,0,0.00013936563651135764,1,108,39,147,0.8059755742948531,0.08
845,4476,0,0,9.953318105121447e-06,1,108,39,147,0.8129729729729729,0.08333333333333333
846,4621,0,0,0.00024549705683713267,1,108,39,147,0.8199755799755799,0.08695652173913043
847,4626,0,0,0.09448696105194006,1,108,39,147,0.8269823874755382,0.09090909090909091
848,4655,0,0,0.0001757709391939282,1,108,39,147,0.8269823874755382,0.09090909090909091
849,4698,0,0,0.008387962271704257,1,108,39,147,0.8269823874755382,0.09090909090909091
850,4714,0,0,0.00044230549363257404,1,108,39,147,0.8269823874755382,0.09090909090909091
851,4930,0,0,0.001374729159149358,1,108,39,147,0.8269823874755382,0.09090909090909091
852,4998,0,0,0.0009892493758393522,1,108,39,147,0.8269823874755382,0.09090909090909091
853,18,1,0,0.00030923456358345153,1,109,39,148,0.8199755799755799,0.08695652173913043
854,409,1,0,4.191542658330264e-08,1,110,39,149,0.8129729729729729,0.08333333333333333
855,2580,0,0,0.0006230316043272919,1,110,39,149,0.8129729729729729,0.08333333333333333
856,2773,0,0,0.40019639967208076,1,110,39,149,0.8129729729729729,0.08333333333333333
857,2802,0,0,0.0003390604056784817,1,110,39,149,0.8129729729729729,0.08333333333333333
858,2824,0,0,0.0009868965336305693,1,110,39,149,0.8129729729729729,0.08333333333333333
859,3005,0,0,0.0025882854379522943,1,110,39,149,0.8129729729729729,0.08333333333333333
860,3011,0,1,0.949062596207328,1,110,40,150,0.8099796452457109,0.08333333333333333
861,3021,0,0,0.009365965101242333,1,110,40,150,0.8099796452457109,0.08333333333333333
862,3464,0,0,0.000544546289905336,1,110,40,150,0.8099796452457109,0.08333333333333333
863,3502,0,0,0.010657998741188848,1,110,40,150,0.8129729729729729,0.08333333333333333
864,3589,0,0,0.00012190811213905515,1,110,40,150,0.8159706959706959,0.08333333333333333
865,3659,0,0,0.0002553611442719152,1,110,40,150,0.8159706959706959,0.08333333333333333
866,3817,0,0,0.0003167116834963597,1,110,40,150,0.8159706959706959,0.08333333333333333
867,3842,0,0,0.0002483827070893925,1,110,40,150,0.8159706959706959,0.08333333333333333
868,3874,0,0,0.0005112954873044269,1,110,40,150,0.8159706959706959,0.08333333333333333
869,3883,0,1,0.957038345426277,1,110,41,151,0.8129729729729729,0.08333333333333333
870,3930,0,0,0.061579167810961025,1,110,41,151,0.8129729729729729,0.08333333333333333
871,3956,0,0,0.00012085312814891385,1,110,41,151,0.8129729729729729,0.08333333333333333
872,4030,0,0,2.958340070402165e-05,1,110,41,151,0.8199755799755799,0.08695652173913043
873,4047,0,1,0.5416143968562961,1,110,42,152,0.823980463980464,0.09090909090909091
874,4152,0,0,0.0014950861016290592,1,110,42,152,0.823980463980464,0.09090909090909091
875,4341,0,0,1.9414396268675247e-05,1,110,42,152,0.823980463980464,0.09090909090909091
876,4348,0,0,0.011973823516664695,1,110,42,152,0.823980463980464,0.09090909090909091
877,4466,0,0,0.03073244833406783,1,110,42,152,0.823980463980464,0.09090909090909091
878,4487,0,0,0.0003549129156867443,1,110,42,152,0.823980463980464,0.09090909090909091
879,4521,0,0,0.0025350673300299203,1,110,42,152,0.8269823874755382,0.09090909090909091
880,4695,0,0,0.0006107193555551007,1,110,42,152,0.8269823874755382,0.09090909090909091
881,4841,0,0,0.006845946675668025,1,110,42,152,0.8269823874755382,0.09090909090909091
882,739,1,0,0.0035558095722823487,1,111,42,153,0.8199755799755799,0.08695652173913043
883,1434,1,0,0.05947947911503972,1,112,42,154,0.8129729729729729,0.08333333333333333
884,1657,1,1,0.6603546310954548,1,112,42,154,0.8142446196462817,0.12
885,2523,0,0,0.00022629580540332368,1,112,42,154,0.8142446196462817,0.12
886,2725,0,0,2.4516081722566804e-05,1,112,42,154,0.8142446196462817,0.12
887,2768,0,0,0.0003778924467321566,1,112,42,154,0.8142446196462817,0.12
888,2893,0,0,0.0003251872738587988,1,112,42,154,0.8142446196462817,0.12
889,3256,0,0,0.0005283177548021827,1,112,42,154,0.8142446196462817,0.12
890,3288,0,0,0.0004656862316724068,1,112,42,154,0.8142446196462817,0.12
891,3342,0,0,0.08967681172908112,1,112,42,154,0.8142446196462817,0.12
892,3382,0,0,0.012295511654743725,1,112,42,154,0.8142446196462817,0.12
893,3449,0,0,2.0017545885373676e-05,1,112,42,154,0.8173887758069206,0.12
894,3470,0,0,0.001015334837321389,1,112,42,154,0.8243079443079444,0.125
895,3645,0,0,0.006066447677204148,1,112,42,154,0.8243079443079444,0.125
896,3670,0,0,0.0003199744152262725,1,112,42,154,0.8243079443079444,0.125
897,3763,0,0,7.44298774156247e-06,1,112,42,154,0.8243079443079444,0.125
898,3993,0,0,0.25615551157140165,1,112,42,154,0.8243079443079444,0.125
899,4073,0,0,0.06336346817092996,1,112,42,154,0.8243079443079444,0.125
900,4186,0,0,0.001719280035424849,1,112,42,154,0.8243079443079444,0.125
901,4274,0,0,0.0005563304845560428,1,112,42,154,0.8243079443079444,0.125
902,4419,0,0,0.0004819497673480573,1,112,42,154,0.8243079443079444,0.125
903,4439,0,0,0.000129560956578167,1,112,42,154,0.8243079443079444,0.125
904,4489,0,0,1.265828317014596e-05,1,112,42,154,0.8243079443079444,0.125
905,4524,0,0,0.004076002178327684,1,112,42,154,0.8243079443079444,0.125
906,4555,0,0,0.00025503645727384394,1,112,42,154,0.8243079443079444,0.125
907,4582,0,0,0.00047521563746165575,1,112,42,154,0.8243079443079444,0.125
908,4774,0,0,0.009678092377487716,1,112,42,154,0.8243079443079444,0.125
909,4792,0,0,0.00044712018684881747,1,112,42,154,0.8243079443079444,0.125
910,4855,0,0,0.03059220947087593,1,112,42,154,0.8243079443079444,0.125
911,544,1,0,0.00058983603825736,1,113,42,155,0.8173887758069206,0.12
912,876,1,1,0.9027725008850874,1,113,42,155,0.8186666666666667,0.15384615384615385
913,2522,0,0,0.0014519944808734399,1,113,42,155,0.8186666666666667,0.15384615384615385
914,2551,0,0,0.000157605461857292,1,113,42,155,0.8186666666666667,0.15384615384615385
915,2637,0,0,0.0001803852576756145,1,113,42,155,0.8186666666666667,0.15384615384615385
916,2688,0,0,2.1913679109344926e-05,1,113,42,155,0.8186666666666667,0.15384615384615385
917,2739,0,0,0.001022141520080336,1,113,42,155,0.8219575253924285,0.15384615384615385
918,2817,0,0,0.0006389227680046229,1,113,42,155,0.8219575253924285,0.15384615384615385
919,2952,0,0,1.2929341706874525e-05,1,113,42,155,0.8219575253924285,0.15384615384615385
920,3015,0,0,0.0010489430622245544,1,113,42,155,0.8219575253924285,0.15384615384615385
921,3020,0,0,0.00019820683802392934,1,113,42,155,0.8252689735388193,0.15384615384615385
922,3056,0,0,0.010898629763082316,1,113,42,155,0.8252689735388193,0.15384615384615385
923,3141,0,0,0.0001494998431950759,1,113,42,155,0.8252689735388193,0.15384615384615385
924,3225,0,1,0.8033923834068901,1,113,43,156,0.8219575253924285,0.15384615384615385
925,3248,0,0,0.0009191044440767137,1,113,43,156,0.8219575253924285,0.15384615384615385
926,3317,0,0,0.00018631023491400394,1,113,43,156,0.8219575253924285,0.15384615384615385
927,3444,0,1,0.9410216848128043,1,113,44,157,0.8186666666666667,0.15384615384615385
928,3453,0,0,0.00018756687843626038,1,113,44,157,0.8186666666666667,0.15384615384615385
929,3456,0,0,0.00013691811709731595,1,113,44,157,0.8186666666666667,0.15384615384615385
930,3482,0,0,0.002402578926865513,1,113,44,157,0.8186666666666667,0.15384615384615385
931,3510,0,0,0.00027153021599175353,1,113,44,157,0.8186666666666667,0.15384615384615385
932,3683,0,1,0.9781733369221606,1,113,45,158,0.8153937088117398,0.15384615384615385
933,3684,0,0,8.62916915997513e-06,1,113,45,158,0.8153937088117398,0.15384615384615385
934,3786,0,0,0.00014834552522574457,1,113,45,158,0.8153937088117398,0.15384615384615385
935,3843,0,0,0.00012612342155316926,1,113,45,158,0.8153937088117398,0.15384615384615385
936,3983,0,0,0.003371307605481243,1,113,45,158,0.8153937088117398,0.15384615384615385
937,3991,0,0,0.00022802592668692313,1,113,45,158,0.8153937088117398,0.15384615384615385
938,4135,0,0,4.770597445348128e-06,1,113,45,158,0.8153937088117398,0.15384615384615385
939,4197,0,0,1.5376440573768206e-05,1,113,45,158,0.8222222222222222,0.16
940,4233,0,1,0.967622508004713,1,113,46,159,0.8257777777777778,0.16666666666666666
941,4356,0,0,0.0004980727867106062,1,113,46,159,0.8257777777777778,0.16666666666666666
942,4387,0,0,0.0007663590582654397,1,113,46,159,0.8257777777777778,0.16666666666666666
943,4518,0,0,0.002313849238853537,1,113,46,159,0.8257777777777778,0.16666666666666666
944,4543,0,0,0.005889330580045179,1,113,46,159,0.8257777777777778,0.16666666666666666
945,4561,0,0,0.003451565939178738,1,113,46,159,0.8257777777777778,0.16666666666666666
946,4643,0,0,1.2425109799152298e-06,1,113,46,159,0.8257777777777778,0.16666666666666666
947,4706,0,0,0.002992864696281089,1,113,46,159,0.8257777777777778,0.16666666666666666
948,4715,0,0,0.019465360961153456,1,113,46,159,0.8257777777777778,0.16666666666666666
949,4772,0,0,0.0010054979834392625,1,113,46,159,0.8257777777777778,0.16666666666666666
950,4821,0,0,0.004357328172431654,1,113,46,159,0.8257777777777778,0.16666666666666666
951,4824,0,0,7.2696504228996294e-06,1,113,46,159,0.8257777777777778,0.16666666666666666
952,4890,0,0,5.1107576398631965e-06,1,113,46,159,0.8257777777777778,0.16666666666666666
953,4913,0,0,6.885403689611342e-05,1,113,46,159,0.8257777777777778,0.16666666666666666
954,90,1,0,0.0025567691714817905,1,114,46,160,0.8189584890277871,0.16
955,1977,1,0,2.5320321963300535e-05,1,115,46,161,0.8121362064378824,0.15384615384615385
956,2563,0,0,0.00016144622700772963,1,115,46,161,0.8121362064378824,0.15384615384615385
957,2569,0,0,0.0009648495095410605,1,115,46,161,0.8121362064378824,0.15384615384615385
958,2642,0,0,0.0036090282375872513,1,115,46,161,0.8189584890277871,0.16
959,2659,0,0,0.0004950984434133704,1,115,46,161,0.8257777777777778,0.16666666666666666
960,2693,0,0,0.00017489066631009214,1,115,46,161,0.8257777777777778,0.16666666666666666
961,2709,0,0,0.0016806834262403198,1,115,46,161,0.8257777777777778,0.16666666666666666
962,2729,0,0,0.0025057994499471533,1,115,46,161,0.8257777777777778,0.16666666666666666
963,2738,0,0,0.00019549044132212667,1,115,46,161,0.8257777777777778,0.16666666666666666
964,2756,0,0,0.02219084183213133,1,115,46,161,0.8257777777777778,0.16666666666666666
965,2928,0,0,0.21524882922487865,1,115,46,161,0.8257777777777778,0.16666666666666666
966,3001,0,0,0.001165574271215797,1,115,46,161,0.8257777777777778,0.16666666666666666
967,3023,0,0,0.00015597693429371496,1,115,46,161,0.8257777777777778,0.16666666666666666
968,3029,0,0,9.79104814395442e-06,1,115,46,161,0.8257777777777778,0.16666666666666666
969,3036,0,0,2.5995424970246336e-06,1,115,46,161,0.8257777777777778,0.16666666666666666
970,3059,0,0,0.006121332142059952,1,115,46,161,0.8257777777777778,0.16666666666666666
971,3184,0,0,0.002792420433858816,1,115,46,161,0.8257777777777778,0.16666666666666666
972,3296,0,0,3.45248338370592e-05,1,115,46,161,0.8257777777777778,0.16666666666666666
973,3307,0,0,0.00017184734380585147,1,115,46,161,0.8257777777777778,0.16666666666666666
974,3315,0,0,5.340989817579958e-05,1,115,46,161,0.8257777777777778,0.16666666666666666
975,3331,0,0,0.0015346423494002688,1,115,46,161,0.8257777777777778,0.16666666666666666
976,3367,0,0,0.002970522125784442,1,115,46,161,0.8257777777777778,0.16666666666666666
977,3381,0,0,0.005652507543012333,1,115,46,161,0.8325925136728461,0.17391304347826086
978,3389,0,0,0.0022788045434654247,1,115,46,161,0.8318323281959646,0.13636363636363635
979,3411,0,0,0.001360092531046957,1,115,46,161,0.8387362637362636,0.14285714285714285
980,3440,0,0,0.001126683717607788,1,115,46,161,0.8456360078277886,0.15
981,3447,0,0,0.0010889834978393615,1,115,46,161,0.8525297332047573,0.15789473684210525
982,3489,0,0,4.200505499876349e-05,1,115,46,161,0.8594154074808026,0.16666666666666666
983,3556,0,0,3.8630113625654697e-05,1,115,46,161,0.8662907608695654,0.17647058823529413
984,3588,0,0,0.0012909913935559697,1,115,46,161,0.8662907608695654,0.17647058823529413
985,3625,0,0,0.00014291556763393166,1,115,46,161,0.8662907608695654,0.17647058823529413
986,3630,0,0,2.230866427095197e-05,1,115,46,161,0.8694597429845266,0.17647058823529413
987,3697,0,0,0.00016702578861661557,1,115,46,161,0.8694597429845266,0.17647058823529413
988,3803,0,0,0.0019612477367488544,1,115,46,161,0.8694597429845266,0.17647058823529413
989,3823,0,0,0.004424167451740658,1,115,46,161,0.8694597429845266,0.17647058823529413
990,3826,0,0,0.0004646995774924165,1,115,46,161,0.8726486486486487,0.17647058823529413
991,3872,0,0,0.0006514774663710641,1,115,46,161,0.8726486486486487,0.17647058823529413
992,3901,0,0,0.00018769593965697006,1,115,46,161,0.8726486486486487,0.17647058823529413
993,3920,0,0,0.001031022727002291,1,115,46,161,0.875861139511107,0.17647058823529413
994,3979,0,1,0.711888729098853,1,115,47,162,0.8726486486486487,0.17647058823529413
995,3990,0,0,0.0010186001676351245,1,115,47,162,0.8726486486486487,0.17647058823529413
996,4055,0,1,0.7214755841456524,1,115,48,163,0.8694597429845266,0.17647058823529413
997,4100,0,0,4.546615313769391e-05,1,115,48,163,0.8694597429845266,0.17647058823529413
998,4168,0,0,0.00024395357971546372,1,115,48,163,0.8694597429845266,0.17647058823529413
999,4169,0,1,0.5942205428856306,1,115,49,164,0.8662907608695654,0.17647058823529413
1000,4175,0,0,0.0002714197847282328,1,115,49,164,0.8662907608695654,0.17647058823529413
1001,4182,0,0,0.0008335699485814443,1,115,49,164,0.8662907608695654,0.17647058823529413
1002,4226,0,1,0.9639828545216704,1,115,50,165,0.8631384691602676,0.17647058823529413
1003,4263,0,0,0.0003207516413649499,1,115,50,165,0.8631384691602676,0.17647058823529413
1004,4275,0,0,0.0011824770507811112,1,115,50,165,0.8631384691602676,0.17647058823529413
1005,4393,0,0,0.0001282494755195407,1,115,50,165,0.8631384691602676,0.17647058823529413
1006,4434,0,0,3.11154935920435e-06,1,115,50,165,0.8662907608695654,0.17647058823529413
1007,4600,0,0,0.0018095948383691194,1,115,50,165,0.8662907608695654,0.17647058823529413
1008,4611,0,0,8.762386871247105e-06,1,115,50,165,0.8662907608695654,0.17647058823529413
1009,4707,0,0,0.00033584014035628834,1,115,50,165,0.8662907608695654,0.17647058823529413
1010,4766,0,0,0.00025474015835641293,1,115,50,165,0.8731532476615088,0.1875
1011,4767,0,0,0.0003160235360044129,1,115,50,165,0.88,0.2
1012,4806,0,1,0.644396597369896,1,115,51,166,0.8836756756756757,0.21428571428571427
1013,4850,0,1,0.9658480766678026,1,115,52,167,0.8873513513513513,0.23076923076923078
1014,4965,0,0,0.10132477809777418,1,115,52,167,0.8941388604888929,0.25
1015,4994,0,0,7.916849373379611e-05,1,115,52,167,0.8948773706682553,0.18181818181818182
1016,4995,0,0,0.0001260810685151591,1,115,52,167,0.9018099547511312,0.2
1017,62,1,1,0.9997467282290249,1,115,52,167,0.9076258564194221,0.3
1018,2645,0,0,0.0010367869673564652,1,115,52,167,0.9076258564194221,0.3
1019,2723,0,0,0.016438781104683952,1,115,52,167,0.9076258564194221,0.3
1020,2789,0,0,0.00021986296212185823,1,115,52,167,0.9076258564194221,0.3
1021,2859,0,0,0.000126895533702417,1,115,52,167,0.9076258564194221,0.3
1022,2906,0,1,0.7559014823370949,1,115,53,168,0.904531490015361,0.3
1023,2956,0,0,2.2216736714117488e-05,1,115,53,168,0.904531490015361,0.3
1024,3018,0,0,0.004665854725764687,1,115,53,168,0.904531490015361,0.3
1025,3316,0,0,0.001977223731989757,1,115,53,168,0.904531490015361,0.3
1026,3378,0,0,1.211561799719934e-05,1,115,53,168,0.904531490015361,0.3
1027,3400,0,0,0.0005298227251067916,1,115,53,168,0.904531490015361,0.3
1028,3708,0,1,0.7418434688190696,1,115,54,169,0.9014499488800074,0.3
1029,3792,0,0,0.0023477983073311496,1,115,54,169,0.9014499488800074,0.3
1030,3887,0,0,0.00012143899320799322,1,115,54,169,0.9014499488800074,0.3
1031,3916,0,0,0.0053556085525881475,1,115,54,169,0.9014499488800074,0.3
1032,3924,0,0,0.005151067427763544,1,115,54,169,0.9014499488800074,0.3
1033,3948,0,0,0.04686743281990654,1,115,54,169,0.9014499488800074,0.3
1034,3949,0,0,0.11218174716871554,1,115,54,169,0.9014499488800074,0.3
1035,3978,0,0,0.0012646445951677314,1,115,54,169,0.9014499488800074,0.3
1036,4070,0,0,0.00017916213179877073,1,115,54,169,0.9014499488800074,0.3
1037,4146,0,0,0.0011077349995919296,1,115,54,169,0.9014499488800074,0.3
1038,4162,0,0,9.006320742565048e-05,1,115,54,169,0.904531490015361,0.3
1039,4225,0,0,0.00040170319817784084,1,115,54,169,0.904531490015361,0.3
1040,4261,0,0,9.27991327354816e-06,1,115,54,169,0.904531490015361,0.3
1041,4270,0,0,0.0005300894318914378,1,115,54,169,0.904531490015361,0.3
1042,4530,0,0,0.0017122061585915238,1,115,54,169,0.904531490015361,0.3
1043,4615,0,0,0.0020045750390992245,1,115,54,169,0.904531490015361,0.3
1044,4670,0,0,1.3577657936918896e-05,1,115,54,169,0.904531490015361,0.3
1045,4700,0,0,5.265746043536715e-05,1,115,54,169,0.904531490015361,0.3
1046,4735,0,0,5.233287928581173e-06,1,115,54,169,0.904531490015361,0.3
1047,4742,0,0,0.0032423387359146075,1,115,54,169,0.904531490015361,0.3
1048,4748,0,0,0.00047367066525872076,1,115,54,169,0.904531490015361,0.3
1049,4811,0,0,4.703561522923518e-06,1,115,54,169,0.904531490015361,0.3
1050,4917,0,0,0.0007851944531592571,1,115,54,169,0.904531490015361,0.3
1051,4945,0,0,0.00018739512552613336,1,115,54,169,0.904531490015361,0.3
1052,537,1,0,5.245856668002923e-05,1,116,54,170,0.8977944046844503,0.2727272727272727
1053,883,1,0,2.885610228663966e-05,1,117,54,171,0.8977944046844503,0.2727272727272727
1054,2134,1,0,0.0005948466876523647,1,118,54,172,0.8977944046844503,0.2727272727272727
1055,2324,1,0,0.00010480590698146924,1,119,54,173,0.891027027027027,0.25
1056,2335,1,1,0.9996623891447938,1,119,54,173,0.8902717391304349,0.3076923076923077
1057,2495,1,0,0.47737378330291097,1,120,54,174,0.8836181983320948,0.2857142857142857
1058,2581,0,0,0.0006546082210281948,1,120,54,174,0.8836181983320948,0.2857142857142857
1059,2615,0,0,0.0016021331595744727,1,120,54,174,0.8836181983320948,0.2857142857142857
1060,2776,0,0,0.06998160752362992,1,120,54,174,0.8868478260869566,0.2857142857142857
1061,2811,0,0,0.010514299879448609,1,120,54,174,0.8868478260869566,0.2857142857142857
1062,2861,0,0,0.00036439339066613867,1,120,54,174,0.8868478260869566,0.2857142857142857
1063,2884,0,0,0.0005472325248066776,1,120,54,174,0.8868478260869566,0.2857142857142857
1064,2938,0,0,0.001248466010436674,1,120,54,174,0.8868478260869566,0.2857142857142857
1065,2942,0,0,0.00014557110216456106,1,120,54,174,0.8868478260869566,0.2857142857142857
1066,3042,0,0,0.024084610423603277,1,120,54,174,0.8868478260869566,0.2857142857142857
1067,3054,0,0,0.00032031075692378946,1,120,54,174,0.8868478260869566,0.2857142857142857
1068,3182,0,0,8.205833504152337e-05,1,120,54,174,0.8868478260869566,0.2857142857142857
1069,3259,0,0,0.00011024493633191448,1,120,54,174,0.8900970364542355,0.2857142857142857
1070,3269,0,0,0.0001788883154142839,1,120,54,174,0.8900970364542355,0.2857142857142857
1071,3321,0,0,0.0008689494901142143,1,120,54,174,0.8900970364542355,0.2857142857142857
1072,3334,0,0,3.1546745726032447e-06,1,120,54,174,0.8900970364542355,0.2857142857142857
1073,3356,0,0,0.000359812472948559,1,120,54,174,0.8933693693693694,0.2857142857142857
1074,3376,0,0,0.0007259847219234786,1,120,54,174,0.8933693693693694,0.2857142857142857
1075,3505,0,0,0.27200323993784237,1,120,54,174,0.8933693693693694,0.2857142857142857
1076,3632,0,0,8.636982140436027e-05,1,120,54,174,0.8933693693693694,0.2857142857142857
1077,3728,0,0,0.0006430258431380744,1,120,54,174,0.8933693693693694,0.2857142857142857
1078,3853,0,0,0.05280627729875868,1,120,54,174,0.8933693693693694,0.2857142857142857
1079,4038,0,0,0.0005429721306037809,1,120,54,174,0.8933693693693694,0.2857142857142857
1080,4184,0,0,0.002866973964392851,1,120,54,174,0.8933693693693694,0.2857142857142857
1081,4266,0,0,0.00021016221046085766,1,120,54,174,0.8933693693693694,0.2857142857142857
1082,4331,0,1,0.8879679800244092,1,120,55,175,0.8967387387387388,0.3076923076923077
1083,4350,0,0,2.882740800299908e-05,1,120,55,175,0.9033441769681199,0.3333333333333333
1084,4425,0,0,4.361551005612491e-05,1,120,55,175,0.9040184688710159,0.2727272727272727
1085,4453,0,0,5.698979494271607e-06,1,120,55,175,0.9040184688710159,0.2727272727272727
1086,4454,0,0,0.0008720750127660669,1,120,55,175,0.9040184688710159,0.2727272727272727
1087,4531,0,0,0.0002331019982899938,1,120,55,175,0.9040184688710159,0.2727272727272727
1088,4538,0,0,0.005152496768518614,1,120,55,175,0.9040184688710159,0.2727272727272727
1089,4562,0,0,0.0005234794564884007,1,120,55,175,0.9040184688710159,0.2727272727272727
1090,4597,0,1,0.7314239412306289,1,120,56,176,0.9008986175115209,0.2727272727272727
1091,4709,0,0,0.0006639357602027233,1,120,56,176,0.9008986175115209,0.2727272727272727
1092,4746,0,0,2.168541480950287e-05,1,120,56,176,0.9008986175115209,0.2727272727272727
1093,4786,0,0,5.591207341169926e-06,1,120,56,176,0.9008986175115209,0.2727272727272727
1094,217,1,0,8.424870251327268e-08,1,121,56,177,0.8941388604888929,0.25
1095,489,1,0,0.27089736648977364,1,122,56,178,0.8873513513513513,0.23076923076923078
1096,553,1,0,0.1458314793701289,1,123,56,179,0.8805402570154734,0.21428571428571427
1097,583,1,0,0.002822666712799467,1,124,56,180,0.8737092391304349,0.2
1098,714,1,1,0.9957027581825816,1,124,56,180,0.8734683381549341,0.25
1099,1119,1,0,0.10903755877938912,1,125,56,181,0.866743639921722,0.23529411764705882
1100,1440,1,1,0.9972441256881953,1,125,56,181,0.8666383739111012,0.2777777777777778
1101,1844,1,0,0.0003953208360199233,1,126,56,182,0.86,0.2631578947368421
1102,1881,1,0,0.03481476937569144,1,127,56,183,0.8533418566659564,0.25
1103,2064,1,1,0.9992365552186311,1,127,56,183,0.8534336571777975,0.2857142857142857
1104,2715,0,0,0.00015644153865194133,1,127,56,183,0.8534336571777975,0.2857142857142857
1105,2783,0,0,0.0016958657939917389,1,127,56,183,0.8534336571777975,0.2857142857142857
1106,2834,0,0,0.0013286710602966893,1,127,56,183,0.8534336571777975,0.2857142857142857
1107,2850,0,0,0.0031976801267308863,1,127,56,183,0.8534336571777975,0.2857142857142857
1108,2858,0,1,0.5627258490393399,1,127,57,184,0.85,0.2857142857142857
1109,2969,0,0,0.008597271834064559,1,127,57,184,0.85,0.2857142857142857
1110,2985,0,0,0.3332540355702819,1,127,57,184,0.85,0.2857142857142857
1111,3119,0,0,7.982649837078154e-05,1,127,57,184,0.8565663428222026,0.3
1112,3123,0,0,0.00018436717968861076,1,127,57,184,0.8566581433340436,0.2631578947368421
1113,3134,0,0,2.536853456212345e-05,1,127,57,184,0.8566581433340436,0.2631578947368421
1114,3212,0,0,0.00015525311265994254,1,127,57,184,0.8566581433340436,0.2631578947368421
1115,3284,0,0,0.00011409499700362612,1,127,57,184,0.8566581433340436,0.2631578947368421
1116,3373,0,0,0.0011241805310487198,1,127,57,184,0.8566581433340436,0.2631578947368421
1117,3445,0,0,8.819427050541615e-05,1,127,57,184,0.8566581433340436,0.2631578947368421
1118,3512,0,0,0.07187115034424421,1,127,57,184,0.8566581433340436,0.2631578947368421
1119,3937,0,0,0.00010799658754284084,1,127,57,184,0.8566581433340436,0.2631578947368421
1120,4017,0,0,0.008422773034717484,1,127,57,184,0.8566581433340436,0.2631578947368421
1121,4183,0,0,4.460251731629689e-05,1,127,57,184,0.8566581433340436,0.2631578947368421
1122,4214,0,0,0.02761220739294517,1,127,57,184,0.8566581433340436,0.2631578947368421
1123,4311,0,0,0.0023687780313499883,1,127,57,184,0.8566581433340436,0.2631578947368421
1124,4372,0,0,8.366145052072647e-06,1,127,57,184,0.86,0.2631578947368421
1125,4436,0,0,0.0027866970931267215,1,127,57,184,0.86,0.2631578947368421
1126,4519,0,0,0.0005565009709375026,1,127,57,184,0.86,0.2631578947368421
1127,4554,0,0,0.13702338050051102,1,127,57,184,0.8633616260888988,0.2631578947368421
1128,4691,0,0,0.0050394503943368375,1,127,57,184,0.8633616260888988,0.2631578947368421
1129,4694,0,0,0.0007333164755721741,1,127,57,184,0.8633616260888988,0.2631578947368421
1130,4721,0,0,0.47590585088910653,1,127,57,184,0.8633616260888988,0.2631578947368421
1131,4931,0,0,1.0346769851526095e-05,1,127,57,184,0.8633616260888988,0.2631578947368421
1132,4976,0,0,6.010253230480438e-06,1,127,57,184,0.8667460317460318,0.2631578947368421
1133,157,1,0,0.021063083115728527,1,128,57,185,0.8600848782666966,0.25
1134,2533,0,0,0.0024529048470722627,1,128,57,185,0.8600848782666966,0.25
1135,2689,0,0,0.00032615956580752764,1,128,57,185,0.8600848782666966,0.25
1136,2813,0,0,0.00023146719054033453,1,128,57,185,0.8600848782666966,0.25
1137,2899,0,0,4.131149516205701e-06,1,128,57,185,0.8600848782666966,0.25
1138,2994,0,0,0.0009738937839125481,1,128,57,185,0.8600848782666966,0.25
1139,3096,0,0,0.0003530347651441801,1,128,57,185,0.8600848782666966,0.25
1140,3156,0,0,0.09499609761483253,1,128,57,185,0.8634920634920634,0.25
1141,3177,0,0,8.511847044220175e-05,1,128,57,185,0.8634920634920634,0.25
1142,3181,0,0,0.0038693533073609052,1,128,57,185,0.8634920634920634,0.25
1143,3186,0,0,3.977939624299608e-06,1,128,57,185,0.8634920634920634,0.25
1144,3353,0,0,0.00014191176775152548,1,128,57,185,0.8634920634920634,0.25
1145,3430,0,1,0.8348787469503061,1,128,58,186,0.8600848782666966,0.25
1146,3499,0,0,0.0011833252581850318,1,128,58,186,0.8600848782666966,0.25
1147,3586,0,0,0.00025584362895867253,1,128,58,186,0.8600848782666966,0.25
1148,3604,0,0,3.453449167867566e-06,1,128,58,186,0.8600848782666966,0.25
1149,3623,0,0,0.027233981594582464,1,128,58,186,0.8600848782666966,0.25
1150,3644,0,0,0.0010950286462822372,1,128,58,186,0.8600848782666966,0.25
1151,3766,0,1,0.9977751530876873,1,128,59,187,0.8567025298051759,0.25
1152,3816,0,0,0.015279624068565801,1,128,59,187,0.8567025298051759,0.25
1153,3832,0,0,0.04289012547811615,1,128,59,187,0.8567025298051759,0.25
1154,3870,0,0,0.0003400384790367109,1,128,59,187,0.8633616260888988,0.2631578947368421
1155,3969,0,0,0.0006904775967916781,1,128,59,187,0.87,0.2777777777777778
1156,3984,0,0,0.00200547046120086,1,128,59,187,0.87,0.2777777777777778
1157,4066,0,0,3.878613765885695e-05,1,128,59,187,0.87,0.2777777777777778
1158,4093,0,0,0.00022115143488868582,1,128,59,187,0.87,0.2777777777777778
1159,4109,0,0,0.40983950263440894,1,128,59,187,0.87,0.2777777777777778
1160,4195,0,1,0.9767080337388917,1,128,60,188,0.8666383739111012,0.2777777777777778
1161,4208,0,0,0.0002137676228871974,1,128,60,188,0.8666383739111012,0.2777777777777778
1162,4392,0,0,0.4157383752819832,1,128,60,188,0.8666383739111012,0.2777777777777778
1163,4413,0,0,9.220299966117066e-05,1,128,60,188,0.8666383739111012,0.2777777777777778
1164,4442,0,0,0.001616904757171933,1,128,60,188,0.8666383739111012,0.2777777777777778
1165,4470,0,0,0.00016297949370125178,1,128,60,188,0.8666383739111012,0.2777777777777778
1166,4658,0,0,0.015162270732513831,1,128,60,188,0.8666383739111012,0.2777777777777778
1167,4662,0,0,0.006333333592581827,1,128,60,188,0.8666383739111012,0.2777777777777778
1168,4799,0,0,1.2042575862542602e-05,1,128,60,188,0.8666383739111012,0.2777777777777778
1169,4899,0,0,0.00012574255394586629,1,128,60,188,0.8666383739111012,0.2777777777777778
1170,4923,0,0,0.004454442058647384,1,128,60,188,0.8666383739111012,0.2777777777777778
1171,54,1,0,0.17471449128511998,1,129,60,189,0.86,0.2631578947368421
1172,85,1,0,0.0004153087320566427,1,130,60,190,0.8533418566659564,0.25
1173,1629,1,0,0.04022335634185439,1,131,60,191,0.8466666666666666,0.23809523809523808
1174,2516,0,0,0.0006704789059566387,1,131,60,191,0.8466666666666666,0.23809523809523808
1175,2589,0,0,0.0013075183294937276,1,131,60,191,0.8466666666666666,0.23809523809523808
1176,2681,0,0,5.2934599158376815e-06,1,131,60,191,0.8466666666666666,0.23809523809523808
1177,2712,0,0,0.0002996322238365274,1,131,60,191,0.8466666666666666,0.23809523809523808
1178,2777,0,0,0.00013938376775632998,1,131,60,191,0.8466666666666666,0.23809523809523808
1179,2870,0,0,0.00020111483742020703,1,131,60,191,0.8466666666666666,0.23809523809523808
1180,2924,0,0,1.4353180855822317e-06,1,131,60,191,0.8466666666666666,0.23809523809523808
1181,2986,0,0,0.0006491535571281181,1,131,60,191,0.8466666666666666,0.23809523809523808
1182,3014,0,0,1.2174708681182902e-05,1,131,60,191,0.8466666666666666,0.23809523809523808
1183,3377,0,0,0.0006019078056819037,1,131,60,191,0.8466666666666666,0.23809523809523808
1184,3420,0,0,0.05321506372267171,1,131,60,191,0.8466666666666666,0.23809523809523808
1185,3472,0,0,0.001149356861249664,1,131,60,191,0.8466666666666666,0.23809523809523808
1186,3491,0,0,7.738221758750877e-05,1,131,60,191,0.8466666666666666,0.23809523809523808
1187,3517,0,0,0.0048104408975050165,1,131,60,191,0.8466666666666666,0.23809523809523808
1188,3662,0,0,0.001382197384568875,1,131,60,191,0.8466666666666666,0.23809523809523808
1189,3674,0,0,0.0007419220266501015,1,131,60,191,0.8466666666666666,0.23809523809523808
1190,3731,0,0,0.001513451704701068,1,131,60,191,0.8466666666666666,0.23809523809523808
1191,3807,0,0,0.00016537806315928072,1,131,60,191,0.8466666666666666,0.23809523809523808
1192,3813,0,0,0.010467064195169915,1,131,60,191,0.8466666666666666,0.23809523809523808
1193,3862,0,0,0.0018244725127489828,1,131,60,191,0.8466666666666666,0.23809523809523808
1194,4028,0,0,0.0034144783067762948,1,131,60,191,0.8500255699978692,0.23809523809523808
1195,4059,0,0,0.00033761636877023863,1,131,60,191,0.8500255699978692,0.23809523809523808
1196,4213,0,0,7.478250492822795e-07,1,131,60,191,0.8534050596103517,0.23809523809523808
1197,4272,0,0,0.016576650724855566,1,131,60,191,0.8534050596103517,0.23809523809523808
1198,4298,0,0,0.00015473704295038907,1,131,60,191,0.8534050596103517,0.23809523809523808
1199,4378,0,0,0.07498694284897704,1,131,60,191,0.8568081304444941,0.23809523809523808
1200,4595,0,0,0.0016370115632230718,1,131,60,191,0.8568081304444941,0.23809523809523808
1201,4654,0,0,0.013826276824331393,1,131,60,191,0.8568081304444941,0.23809523809523808
1202,4664,0,0,8.136406350446552e-06,1,131,60,191,0.8602380952380954,0.23809523809523808
1203,4761,0,0,0.001569209649040313,1,131,60,191,0.8602380952380954,0.23809523809523808
1204,4782,0,0,0.0008268183256305878,1,131,60,191,0.8602380952380954,0.23809523809523808
1205,4832,0,0,0.0008268493823342591,1,131,60,191,0.8602380952380954,0.23809523809523808
1206,2014,1,0,2.5630634005236003e-05,1,132,60,192,0.8535313826222917,0.22727272727272727
1207,2244,1,1,0.9972529180056959,1,132,60,192,0.8541934796505433,0.2608695652173913
1208,2611,0,0,0.046644653599153346,1,132,60,192,0.8541934796505433,0.2608695652173913
1209,2671,0,0,0.008349388115600234,1,132,60,192,0.8541934796505433,0.2608695652173913
1210,2828,0,0,0.000706766106592841,1,132,60,192,0.8541934796505433,0.2608695652173913
1211,2971,0,0,0.000334220846905548,1,132,60,192,0.8541934796505433,0.2608695652173913
1212,3009,0,0,0.0014576622197336523,1,132,60,192,0.857752253562082,0.2608695652173913
1213,3203,0,0,0.00013843446968197953,1,132,60,192,0.8613468840741568,0.2608695652173913
1214,3272,0,0,3.3687522850050444e-06,1,132,60,192,0.8613468840741568,0.2608695652173913
1215,3358,0,0,0.0014547920413808637,1,132,60,192,0.8613468840741568,0.2608695652173913
1216,3391,0,0,0.0038319866949282294,1,132,60,192,0.8613468840741568,0.2608695652173913
1217,3476,0,0,0.00190348327739663,1,132,60,192,0.8604696673189822,0.22727272727272727
1218,3585,0,0,0.0007028613211574041,1,132,60,192,0.8604696673189822,0.22727272727272727
1219,3693,0,0,0.0025248345125651727,1,132,60,192,0.8604696673189822,0.22727272727272727
1220,3741,0,0,1.3709060536309465e-06,1,132,60,192,0.8604696673189822,0.22727272727272727
1221,3910,0,0,1.7708888707726703e-05,1,132,60,192,0.8604696673189822,0.22727272727272727
1222,4132,0,0,0.001827072196426727,1,132,60,192,0.8639922854387657,0.22727272727272727
1223,4257,0,1,0.998145416844314,1,132,61,193,0.8604696673189822,0.22727272727272727
1224,4269,0,0,0.021340632012890125,1,132,61,193,0.8604696673189822,0.22727272727272727
1225,4386,0,0,0.00014093311112367758,1,132,61,193,0.8604696673189822,0.22727272727272727
1226,4395,0,0,0.001611979191363643,1,132,61,193,0.8604696673189822,0.22727272727272727
1227,4465,0,0,0.34835526343842427,1,132,61,193,0.8604696673189822,0.22727272727272727
1228,4469,0,0,0.005965261092456991,1,132,61,193,0.8639922854387657,0.22727272727272727
1229,4609,0,0,0.001894722409594467,1,132,61,193,0.8639922854387657,0.22727272727272727
1230,4663,0,0,0.0004054897681402756,1,132,61,193,0.8639922854387657,0.22727272727272727
1231,4678,0,0,0.0005288588086610315,1,132,61,193,0.8639922854387657,0.22727272727272727
1232,4929,0,0,2.0290356174471814e-07,1,132,61,193,0.8639922854387657,0.22727272727272727
1233,4934,0,0,7.902142733837428e-06,1,132,61,193,0.8639922854387657,0.22727272727272727
1234,4941,0,0,1.8774482330376377e-06,1,132,61,193,0.8639922854387657,0.22727272727272727
1235,4952,0,0,8.566858989325083e-06,1,132,61,193,0.8639922854387657,0.22727272727272727
1236,4954,0,0,0.0014193825247936975,1,132,61,193,0.8639922854387657,0.22727272727272727
1237,4979,0,0,0.4649190555654327,1,132,61,193,0.8639922854387657,0.22727272727272727
1238,1088,1,0,0.02402346221751181,1,133,61,194,0.8572407045009786,0.21739130434782608
1239,2252,1,0,0.004429354156802223,1,134,61,195,0.8504761904761905,0.20833333333333334
1240,2513,0,0,1.2421882194164168e-05,1,134,61,195,0.8504761904761905,0.20833333333333334
1241,2620,0,0,0.0021704927891459743,1,134,61,195,0.8504761904761905,0.20833333333333334
1242,2651,0,0,0.0005772186148759503,1,134,61,195,0.8504761904761905,0.20833333333333334
1243,2654,0,0,0.010178865739522354,1,134,61,195,0.8504761904761905,0.20833333333333334
1244,2684,0,0,0.002651537666269581,1,134,61,195,0.8504761904761905,0.20833333333333334
1245,2696,0,0,0.0010793392347500572,1,134,61,195,0.8504761904761905,0.20833333333333334
1246,2703,0,0,0.0001739665945751157,1,134,61,195,0.8504761904761905,0.20833333333333334
1247,2871,0,0,0.001036411866708515,1,134,61,195,0.8504761904761905,0.20833333333333334
1248,2895,0,0,0.000598939226819823,1,134,61,195,0.8504761904761905,0.20833333333333334
1249,2918,0,0,0.0010585775394563398,1,134,61,195,0.8504761904761905,0.20833333333333334
1250,2921,0,0,0.00020626291465234635,1,134,61,195,0.8504761904761905,0.20833333333333334
1251,2929,0,0,0.004177996772787449,1,134,61,195,0.8504761904761905,0.20833333333333334
1252,3072,0,0,0.1395457120334145,1,134,61,195,0.8572407045009786,0.21739130434782608
1253,3084,0,0,0.0015561582086427174,1,134,61,195,0.8639922854387657,0.22727272727272727
1254,3104,0,0,0.0012164375062297171,1,134,61,195,0.870728263562051,0.23809523809523808
1255,3172,0,0,5.873613391978006e-06,1,134,61,195,0.877445652173913,0.25
1256,3211,0,0,0.003588828765168576,1,134,61,195,0.8765225225225225,0.21052631578947367
1257,3214,0,0,0.0003013020963367309,1,134,61,195,0.8833181522446324,0.2222222222222222
1258,3224,0,1,0.8735959358571947,1,134,62,196,0.8798918918918921,0.2222222222222222
1259,3276,0,0,0.00042616473725213205,1,134,62,196,0.8798918918918921,0.2222222222222222
1260,3322,0,0,0.0006525681192867639,1,134,62,196,0.8798918918918921,0.2222222222222222
1261,3337,0,0,0.07720090923730333,1,134,62,196,0.8798918918918921,0.2222222222222222
1262,3402,0,0,0.0021606552385417025,1,134,62,196,0.8798918918918921,0.2222222222222222
1263,3406,0,0,0.0005978245516653381,1,134,62,196,0.8798918918918921,0.2222222222222222
1264,3460,0,0,0.00016842579149058622,1,134,62,196,0.8798918918918921,0.2222222222222222
1265,3479,0,1,0.9966559738868975,1,134,63,197,0.8765049392429408,0.2222222222222222
1266,3496,0,0,0.00013283150214085486,1,134,63,197,0.8765049392429408,0.2222222222222222
1267,3736,0,0,0.00048167000933553545,1,134,63,197,0.8765049392429408,0.2222222222222222
1268,3804,0,1,0.7547705006572076,1,134,64,198,0.8731521739130436,0.2222222222222222
1269,3811,0,0,0.01532949910101254,1,134,64,198,0.8731521739130436,0.2222222222222222
1270,3835,0,0,0.0006444722611816708,1,134,64,198,0.8731521739130436,0.2222222222222222
1271,3906,0,0,0.0015943166670193366,1,134,64,198,0.8731521739130436,0.2222222222222222
1272,3932,0,0,0.00020816307864723896,1,134,64,198,0.8731521739130436,0.2222222222222222
1273,3944,0,0,0.0009753383501616543,1,134,64,198,0.8731521739130436,0.2222222222222222
1274,3975,0,0,0.00020701779253194395,1,134,64,198,0.8731521739130436,0.2222222222222222
1275,4041,0,0,0.09140492950806209,1,134,64,198,0.8731521739130436,0.2222222222222222
1276,4096,0,0,0.0013955076043294487,1,134,64,198,0.8731521739130436,0.2222222222222222
1277,4154,0,0,0.0025426861953087247,1,134,64,198,0.8731521739130436,0.2222222222222222
1278,4207,0,0,0.0003124539565998705,1,134,64,198,0.8731521739130436,0.2222222222222222
1279,4218,0,0,0.0032790482390562593,1,134,64,198,0.8731521739130436,0.2222222222222222
1280,4258,0,0,0.0005606721366091937,1,134,64,198,0.8731521739130436,0.2222222222222222
1281,4316,0,0,0.03398886622120556,1,134,64,198,0.8731521739130436,0.2222222222222222
1282,4338,0,0,0.01242537255714243,1,134,64,198,0.8765049392429408,0.2222222222222222
1283,4360,0,0,0.0007724892908991805,1,134,64,198,0.8765049392429408,0.2222222222222222
1284,4427,0,0,0.0008066616234790395,1,134,64,198,0.8765049392429408,0.2222222222222222
1285,4483,0,0,0.00848297972896011,1,134,64,198,0.8765049392429408,0.2222222222222222
1286,4542,0,0,0.00019073316046388407,1,134,64,198,0.8765049392429408,0.2222222222222222
1287,4553,0,0,0.0025343942168076904,1,134,64,198,0.8765049392429408,0.2222222222222222
1288,4607,0,0,0.0025834317675489087,1,134,64,198,0.8765049392429408,0.2222222222222222
1289,4628,0,0,0.0026630864446332684,1,134,64,198,0.8765049392429408,0.2222222222222222
1290,4667,0,0,0.0008745959087421526,1,134,64,198,0.8798918918918921,0.2222222222222222
1291,4789,0,0,0.35495694117092413,1,134,64,198,0.8798918918918921,0.2222222222222222
1292,4794,0,0,0.005285767566447617,1,134,64,198,0.8798918918918921,0.2222222222222222
1293,4822,0,0,0.0030494104589426827,1,134,64,198,0.8798918918918921,0.2222222222222222
1294,4837,0,0,0.0007575529272944764,1,134,64,198,0.8866558230318802,0.23529411764705882
1295,4894,0,0,0.0007256705216089403,1,134,64,198,0.8933947772657451,0.25
1296,130,1,0,0.0024384290123916938,1,135,64,199,0.8933947772657451,0.25
1297,347,1,0,0.0014213362112690357,1,136,64,200,0.8933947772657451,0.25
1298,2486,1,1,0.9983110434304137,1,136,64,200,0.8933947772657451,0.25
1299,2530,0,0,0.0004286063392238111,1,136,64,200,0.9001042597557343,0.26666666666666666
1300,2531,0,0,0.0016469859576200103,1,136,64,200,0.89968,0.21428571428571427
1301,2572,0,0,1.0107543828447693e-05,1,136,64,200,0.9064893617021277,0.23076923076923078
1302,2641,0,0,0.0002830169041361032,1,136,64,200,0.9132649060085342,0.25
1303,2663,0,0,0.08128982664190594,1,136,64,200,0.9130883276793569,0.18181818181818182
1304,2714,0,0,1.4564778772014876e-05,1,136,64,200,0.9130883276793569,0.18181818181818182
1305,2747,0,0,9.27589783715657e-07,1,136,64,200,0.9130883276793569,0.18181818181818182
1306,2852,0,0,1.8767192070517282e-05,1,136,64,200,0.9130883276793569,0.18181818181818182
1307,2862,0,0,0.00018681575731815944,1,136,64,200,0.9130883276793569,0.18181818181818182
1308,2916,0,0,0.0004540386969209346,1,136,64,200,0.9162105263157894,0.18181818181818182
1309,2937,0,0,0.00016177833240740546,1,136,64,200,0.9162105263157894,0.18181818181818182
1310,3017,0,0,1.646288280985282e-05,1,136,64,200,0.9162105263157894,0.18181818181818182
1311,3125,0,0,0.0014667471897661464,1,136,64,200,0.9162105263157894,0.18181818181818182
1312,3138,0,0,1.1983822505631246e-05,1,136,64,200,0.9162105263157894,0.18181818181818182
1313,3201,0,0,0.00026357658832349074,1,136,64,200,0.9162105263157894,0.18181818181818182
1314,3216,0,0,0.0013792223595599344,1,136,64,200,0.9162105263157894,0.18181818181818182
1315,3412,0,0,6.880466561482283e-06,1,136,64,200,0.9162105263157894,0.18181818181818182
1316,3418,0,0,0.0002570491834111545,1,136,64,200,0.9162105263157894,0.18181818181818182
1317,3424,0,0,0.007168561429381215,1,136,64,200,0.9162105263157894,0.18181818181818182
1318,3425,0,1,0.890694459429052,1,136,65,201,0.9130883276793569,0.18181818181818182
1319,3535,0,1,0.9596060813263259,1,136,66,202,0.91,0.18181818181818182
1320,3549,0,0,0.0018165581208907983,1,136,66,202,0.91,0.18181818181818182
1321,3561,0,0,2.7111046191096485e-06,1,136,66,202,0.91,0.18181818181818182
1322,3638,0,0,0.0100897177028619,1,136,66,202,0.91,0.18181818181818182
1323,3656,0,0,0.0012979151984102175,1,136,66,202,0.91,0.18181818181818182
1324,3721,0,0,0.0007570631676325521,1,136,66,202,0.91,0.18181818181818182
1325,3740,0,0,0.0005439520755365743,1,136,66,202,0.91,0.18181818181818182
1326,3802,0,0,0.0010528888806368513,1,136,66,202,0.91,0.18181818181818182
1327,3808,0,0,0.0006405725051052977,1,136,66,202,0.91,0.18181818181818182
1328,3885,0,0,4.737165358353477e-06,1,136,66,202,0.91,0.18181818181818182
1329,3891,0,0,0.0010303071215796312,1,136,66,202,0.91,0.18181818181818182
1330,3947,0,0,0.000308789542823537,1,136,66,202,0.91,0.18181818181818182
1331,3959,0,0,0.0007372832440831978,1,136,66,202,0.91,0.18181818181818182
1332,3985,0,0,0.009068586105533885,1,136,66,202,0.91,0.18181818181818182
1333,3987,0,1,0.8172756661181706,1,136,67,203,0.9138528138528137,0.2
1334,4000,0,0,0.0012200680618436313,1,136,67,203,0.9138528138528137,0.2
1335,4018,0,0,0.00037254374765836727,1,136,67,203,0.9138528138528137,0.2
1336,4042,0,0,0.0005507757212354998,1,136,67,203,0.9138528138528137,0.2
1337,4054,0,0,0.012839691855778095,1,136,67,203,0.9138528138528137,0.2
1338,4105,0,0,0.0023240056616838853,1,136,67,203,0.9138528138528137,0.2
1339,4216,0,0,9.227937349288957e-05,1,136,67,203,0.9138528138528137,0.2
1340,4220,0,0,0.003018704287287502,1,136,67,203,0.9138528138528137,0.2
1341,4286,0,0,1.0140757996889412e-05,1,136,67,203,0.9138528138528137,0.2
1342,4330,0,0,0.4602901709994569,1,136,67,203,0.9138528138528137,0.2
1343,4332,0,0,3.324861436392891e-05,1,136,67,203,0.9138528138528137,0.2
1344,4342,0,0,0.006749723352906224,1,136,67,203,0.9138528138528137,0.2
1345,4357,0,0,9.185443780062981e-07,1,136,67,203,0.9169116723206433,0.2
1346,4398,0,0,0.0008307807021833978,1,136,67,203,0.9169116723206433,0.2
1347,4433,0,0,0.00046431106027948065,1,136,67,203,0.9169116723206433,0.2
1348,4435,0,0,0.0008748000706323328,1,136,67,203,0.9169116723206433,0.2
1349,4463,0,0,1.1269930400577253e-05,1,136,67,203,0.9169116723206433,0.2
1350,4545,0,0,4.201370123498112e-05,1,136,67,203,0.9169116723206433,0.2
1351,4565,0,0,0.00029217658998290303,1,136,67,203,0.92,0.2
1352,4571,0,0,0.0005700423334950703,1,136,67,203,0.92,0.2
1353,4593,0,0,3.208173639336368e-05,1,136,67,203,0.92,0.2
1354,4610,0,0,0.004359303419184903,1,136,67,203,0.92,0.2
1355,4618,0,0,0.0001063857386288781,1,136,67,203,0.92,0.2
1356,4638,0,0,0.00026548582853798804,1,136,67,203,0.92,0.2
1357,4646,0,0,0.003942626463764062,1,136,67,203,0.92,0.2
1358,4826,0,0,0.002088865020346406,1,136,67,203,0.92,0.2
1359,4857,0,0,0.0002905556454510408,1,136,67,203,0.92,0.2
1360,4933,0,0,0.00278967098699161,1,136,67,203,0.923124740986324,0.2
1361,4992,0,0,0.0013706288705796915,1,136,67,203,0.923124740986324,0.2
1362,10,1,0,6.4213145368844e-05,1,137,67,204,0.9162105263157894,0.18181818181818182
1363,23,1,0,0.00020469147451186354,1,138,67,205,0.9092649830380701,0.16666666666666666
1364,182,1,1,0.9941394130607654,1,138,67,205,0.9097947180256025,0.23076923076923078
1365,211,1,0,0.0015046389301978445,1,139,67,206,0.9029787234042552,0.21428571428571427
1366,238,1,0,0.0007779146507492922,1,140,67,207,0.8961333333333333,0.2
1367,251,1,0,0.0018358555982395757,1,141,67,208,0.8892636774989715,0.1875
1368,283,1,1,0.9872965288766727,1,141,67,208,0.8900921658986175,0.23529411764705882
1369,289,1,1,0.9713439630178512,1,141,67,208,0.8908108108108108,0.2777777777777778
1370,349,1,1,0.9526415455329178,1,141,67,208,0.8914402173913044,0.3157894736842105
1371,394,1,1,0.5873224272761761,1,141,67,208,0.8984501692676079,0.3684210526315789
1372,427,1,1,0.9995135043329982,1,141,67,208,0.9051976856316297,0.42105263157894735
1373,460,1,1,0.9714167961356549,1,141,67,208,0.9117064579256361,0.47368421052631576
1374,463,1,0,0.3011489135594593,1,142,67,209,0.9054945054945054,0.45
1375,570,1,0,0.0003741356202490297,1,143,67,210,0.8992353510535329,0.42857142857142855
1376,596,1,0,0.023855722274515545,1,144,67,211,0.8929339924396628,0.4090909090909091
1377,626,1,0,6.673290504958156e-06,1,145,67,212,0.8865949286170892,0.391304347826087
1378,628,1,0,0.07359319343453441,1,146,67,213,0.8802222222222222,0.375
1379,663,1,1,0.7356266355732588,1,146,67,213,0.8807528598031391,0.4
1380,861,1,1,0.7535445285117006,1,146,67,213,0.8812359550561797,0.4230769230769231
1381,924,1,0,0.047803773253236134,1,147,67,214,0.8749577464788731,0.4074074074074074
1382,963,1,1,0.99703246546647,1,147,67,214,0.87545536736785,0.42857142857142855
1383,977,1,0,0.0005182054180949971,1,148,67,215,0.8692045454545455,0.41379310344827586
1384,1075,1,0,0.22888649790102733,1,149,67,216,0.8629280772137915,0.4
1385,1113,1,0,1.9495317999400984e-05,1,150,67,217,0.8566285714285713,0.3870967741935484
1386,1198,1,0,0.0017700662083938142,1,151,67,218,0.8503084442946234,0.375
1387,1237,1,0,2.198939473352154e-05,1,152,67,219,0.8439699381078691,0.36363636363636365
1388,1281,1,1,0.999920546563798,1,152,67,219,0.8446842217940486,0.38235294117647056
1389,1293,1,0,0.0024283632512215256,1,153,67,220,0.8383794466403163,0.37142857142857144
1390,1642,1,1,0.9974208344050922,1,153,67,220,0.839091606567439,0.3888888888888889
1391,1656,1,0,0.08379841398973956,1,154,67,221,0.8328191167574107,0.3783783783783784
1392,1797,1,0,0.3180225768687696,1,155,67,222,0.8265331278890602,0.3684210526315789
1393,1861,1,0,0.0007173809658957633,1,156,67,223,0.820235294117647,0.358974358974359
1394,1874,1,1,0.9992874352803479,1,156,67,223,0.8210345485779728,0.375
1395,1882,1,0,1.586838365301332e-07,1,157,67,224,0.8147703829306202,0.36585365853658536
1396,1966,1,0,0.05373463747657751,1,158,67,225,0.8084970238095238,0.35714285714285715
1397,1989,1,0,0.016978464415582303,1,159,67,226,0.8022158438576349,0.3488372093023256
1398,2065,1,0,3.0163418690348033e-06,1,160,67,227,0.7959281437125749,0.3409090909090909
1399,2071,1,1,0.9927102139331926,1,160,67,227,0.7968462083628632,0.35555555555555557
1400,2225,1,0,0.00023346051377030647,1,161,67,228,0.7905941591137966,0.34782608695652173
1401,2231,1,1,0.9999301530157544,1,161,67,228,0.7915017766171496,0.3617021276595745
1402,2387,1,0,0.0010562992217228173,1,162,67,229,0.7852845528455284,0.3541666666666667
1403,2504,0,0,0.0005008346786170928,1,162,67,229,0.7852845528455284,0.3541666666666667
1404,2505,0,0,0.006386658802233646,1,162,67,229,0.7852845528455284,0.3541666666666667
1405,2508,0,0,0.0010126779751177804,1,162,67,229,0.7852845528455284,0.3541666666666667
1406,2521,0,0,2.5280515469603276e-06,1,162,67,229,0.7915017766171496,0.3617021276595745
1407,2526,0,0,0.000589644509690453,1,162,67,229,0.7905941591137966,0.34782608695652173
1408,2539,0,0,0.00048321120299254323,1,162,67,229,0.7905941591137966,0.34782608695652173
1409,2555,0,0,0.00044742909528694874,1,162,67,229,0.7905941591137966,0.34782608695652173
1410,2561,0,0,2.4795674565043895e-05,1,162,67,229,0.7905941591137966,0.34782608695652173
1411,2567,0,0,4.259456827912989e-05,1,162,67,229,0.7905941591137966,0.34782608695652173
1412,2584,0,1,0.6110828808725874,1,162,68,230,0.7864761904761906,0.34782608695652173
1413,2608,0,0,0.0005735068093997211,1,162,68,230,0.7864761904761906,0.34782608695652173
1414,2647,0,0,0.0002094737875816865,1,162,68,230,0.7864761904761906,0.34782608695652173
1415,2652,0,0,0.012572119411760662,1,162,68,230,0.7864761904761906,0.34782608695652173
1416,2653,0,0,3.1979454428785517e-06,1,162,68,230,0.7864761904761906,0.34782608695652173
1417,2674,0,0,0.00027234237888238447,1,162,68,230,0.7864761904761906,0.34782608695652173
1418,2727,0,0,9.952130142157044e-06,1,162,68,230,0.7864761904761906,0.34782608695652173
1419,2798,0,0,0.0008982344509692627,1,162,68,230,0.7864761904761906,0.34782608695652173
1420,2840,0,0,0.001013044007810248,1,162,68,230,0.7864761904761906,0.34782608695652173
1421,2865,0,0,0.0002394115700298725,1,162,68,230,0.7864761904761906,0.34782608695652173
1422,2897,0,0,0.00029572871615731345,1,162,68,230,0.7864761904761906,0.34782608695652173
1423,3000,0,0,0.0033386923704652716,1,162,68,230,0.7905941591137966,0.34782608695652173
1424,3038,0,0,0.0009741351731518408,1,162,68,230,0.7905941591137966,0.34782608695652173
1425,3074,0,0,0.0005516255509220473,1,162,68,230,0.7905941591137966,0.34782608695652173
1426,3083,0,0,0.002390156461242737,1,162,68,230,0.7905941591137966,0.34782608695652173
1427,3089,0,0,0.048744013083787105,1,162,68,230,0.7905941591137966,0.34782608695652173
1428,3091,0,0,8.95139089724882e-05,1,162,68,230,0.7905941591137966,0.34782608695652173
1429,3131,0,0,0.0002027587463240602,1,162,68,230,0.7905941591137966,0.34782608695652173
1430,3164,0,0,0.41339757570508845,1,162,68,230,0.7905941591137966,0.34782608695652173
1431,3219,0,0,0.0006828144425630721,1,162,68,230,0.7905941591137966,0.34782608695652173
1432,3249,0,0,0.00015296157043819355,1,162,68,230,0.7905941591137966,0.34782608695652173
1433,3310,0,0,0.0003443497138995167,1,162,68,230,0.7905941591137966,0.34782608695652173
1434,3318,0,0,2.3106052702380194e-06,1,162,68,230,0.7905941591137966,0.34782608695652173
1435,3335,0,0,0.000559281442074085,1,162,68,230,0.7905941591137966,0.34782608695652173
1436,3354,0,0,0.000539866647261773,1,162,68,230,0.7905941591137966,0.34782608695652173
1437,3409,0,0,0.0018903241969829997,1,162,68,230,0.7905941591137966,0.34782608695652173
1438,3469,0,1,0.5797892717176543,1,162,69,231,0.7927164061473796,0.35555555555555557
1439,3501,0,0,7.291219910631697e-06,1,162,69,231,0.798951098511694,0.36363636363636365
1440,3508,0,0,6.252787722939975e-06,1,162,69,231,0.798951098511694,0.36363636363636365
1441,3521,0,0,0.0005509181115391129,1,162,69,231,0.798951098511694,0.36363636363636365
1442,3523,0,0,7.825762845451425e-05,1,162,69,231,0.798951098511694,0.36363636363636365
1443,3538,0,1,0.7121872077161349,1,162,70,232,0.7948386531809625,0.36363636363636365
1444,3546,0,0,0.0008560573553003106,1,162,70,232,0.7948386531809625,0.36363636363636365
1445,3567,0,0,0.0034310154544918555,1,162,70,232,0.7948386531809625,0.36363636363636365
1446,3575,0,0,0.023094338223100287,1,162,70,232,0.7948386531809625,0.36363636363636365
1447,3610,0,0,5.565553199802269e-06,1,162,70,232,0.7948386531809625,0.36363636363636365
1448,3689,0,0,0.01193319405685008,1,162,70,232,0.7948386531809625,0.36363636363636365
1449,3691,0,0,0.0005261298027897649,1,162,70,232,0.7948386531809625,0.36363636363636365
1450,3727,0,0,0.05814736914671029,1,162,70,232,0.7948386531809625,0.36363636363636365
1451,3751,0,0,0.0002558320508279393,1,162,70,232,0.7948386531809625,0.36363636363636365
1452,3755,0,0,0.0020360863444181245,1,162,70,232,0.7948386531809625,0.36363636363636365
1453,3784,0,0,5.542672429101208e-06,1,162,70,232,0.7948386531809625,0.36363636363636365
1454,3907,0,0,0.04351351785352925,1,162,70,232,0.7948386531809625,0.36363636363636365
1455,3931,0,0,0.0027038349798663864,1,162,70,232,0.7948386531809625,0.36363636363636365
1456,3935,0,0,0.08657044090092793,1,162,70,232,0.7948386531809625,0.36363636363636365
1457,3938,0,1,0.8562172602660568,1,162,71,233,0.7907532467532468,0.36363636363636365
1458,3953,0,0,0.0028681787934799947,1,162,71,233,0.7948386531809625,0.36363636363636365
1459,3992,0,0,0.00025520022328496384,1,162,71,233,0.7948386531809625,0.36363636363636365
1460,4044,0,0,5.832838631107097e-06,1,162,71,233,0.7948386531809625,0.36363636363636365
1461,4123,0,0,0.0004918400374908609,1,162,71,233,0.7948386531809625,0.36363636363636365
1462,4142,0,0,0.001105907031499096,1,162,71,233,0.7948386531809625,0.36363636363636365
1463,4148,0,0,0.0023433180063403727,1,162,71,233,0.7948386531809625,0.36363636363636365
1464,4159,0,0,0.0008820732212349132,1,162,71,233,0.7948386531809625,0.36363636363636365
1465,4167,0,0,0.0006326870029991469,1,162,71,233,0.798951098511694,0.36363636363636365
1466,4178,0,0,0.0007934348121977443,1,162,71,233,0.798951098511694,0.36363636363636365
1467,4199,0,0,2.478366839164995e-05,1,162,71,233,0.798951098511694,0.36363636363636365
1468,4200,0,0,0.00025244914908870175,1,162,71,233,0.8030926448836897,0.36363636363636365
1469,4217,0,0,0.003095184991111475,1,162,71,233,0.8030926448836897,0.36363636363636365
1470,4355,0,0,0.014023471560524296,1,162,71,233,0.8030926448836897,0.36363636363636365
1471,4370,0,0,0.001898486275085416,1,162,71,233,0.8030926448836897,0.36363636363636365
1472,4396,0,0,0.006422127337343988,1,162,71,233,0.8030926448836897,0.36363636363636365
1473,4426,0,0,0.0005231105365172707,1,162,71,233,0.8030926448836897,0.36363636363636365
1474,4428,0,0,0.0023509303659343555,1,162,71,233,0.8030926448836897,0.36363636363636365
1475,4455,0,0,0.2078839972257295,1,162,71,233,0.8030926448836897,0.36363636363636365
1476,4462,0,0,0.001534964539887801,1,162,71,233,0.8030926448836897,0.36363636363636365
1477,4478,0,0,0.0007279290227507032,1,162,71,233,0.8030926448836897,0.36363636363636365
1478,4505,0,0,0.00020296680609786297,1,162,71,233,0.8030926448836897,0.36363636363636365
1479,4513,0,0,0.00014434061550123783,1,162,71,233,0.8030926448836897,0.36363636363636365
1480,4533,0,1,0.9836095278971388,1,162,72,234,0.798951098511694,0.36363636363636365
1481,4567,0,0,0.0012970923241395877,1,162,72,234,0.798951098511694,0.36363636363636365
1482,4636,0,0,0.00397783868247851,1,162,72,234,0.798951098511694,0.36363636363636365
1483,4657,0,0,9.574055595770652e-05,1,162,72,234,0.798951098511694,0.36363636363636365
1484,4692,0,0,0.1759005501453787,1,162,72,234,0.798951098511694,0.36363636363636365
1485,4705,0,0,0.00010370633313907495,1,162,72,234,0.798951098511694,0.36363636363636365
1486,4781,0,0,0.0015236620783134899,1,162,72,234,0.798951098511694,0.36363636363636365
1487,4820,0,0,0.004327227868154155,1,162,72,234,0.798951098511694,0.36363636363636365
1488,4856,0,0,0.023620127577832026,1,162,72,234,0.798951098511694,0.36363636363636365
1489,4875,0,1,0.5871571759657982,1,162,73,235,0.7948386531809625,0.36363636363636365
1490,4880,0,0,0.00013356849209729274,1,162,73,235,0.7948386531809625,0.36363636363636365
1491,4908,0,0,7.62388467126756e-06,1,162,73,235,0.7948386531809625,0.36363636363636365
1492,4921,0,0,3.0050213876799957e-06,1,162,73,235,0.7948386531809625,0.36363636363636365
1493,48,1,0,0.0001584892962421282,1,163,73,236,0.7886147186147187,0.35555555555555557
1494,181,1,0,0.15494240383442953,1,164,73,237,0.7823853760863051,0.34782608695652173
1495,242,1,0,3.8520625737976134e-05,1,165,73,238,0.7761517615176152,0.3404255319148936
1496,285,1,1,0.9998704700675068,1,165,73,238,0.7832135226844288,0.3617021276595745
1497,386,1,1,0.9979006307956507,1,165,73,238,0.7901525451832201,0.3829787234042553
1498,475,1,0,0.06509931943240803,1,166,73,239,0.7832135226844288,0.3617021276595745
1499,523,1,1,0.9957331794447635,1,166,73,239,0.7839999999999999,0.375
1500,534,1,1,0.9970686043793824,1,166,73,239,0.7847481001970167,0.3877551020408163
1501,536,1,0,8.294744661830904e-05,1,167,73,240,0.7786271699315178,0.38
1502,542,1,1,0.9912870400970324,1,167,73,240,0.779375,0.39215686274509803
1503,559,1,0,0.49133998847766525,1,168,73,241,0.7732853438600565,0.38461538461538464
1504,560,1,1,0.9997563016062897,1,168,73,241,0.7740332940595188,0.39622641509433965
1505,580,1,0,0.016428991762871752,1,169,73,242,0.7679746835443038,0.3888888888888889
1506,598,1,1,0.999882344203903,1,169,73,242,0.768723152125611,0.4
1507,625,1,1,0.9966220520617021,1,169,73,242,0.7694405594405594,0.4107142857142857
1508,742,1,0,0.04227826406724671,1,170,73,243,0.7634448498861954,0.40350877192982454
1509,798,1,0,0.46781456107528663,1,171,73,244,0.7574480286738351,0.39655172413793105
1510,821,1,0,0.12366845313851561,1,172,73,245,0.7514509762082576,0.3898305084745763
1511,830,1,1,0.9654735448088824,1,172,73,245,0.752232846485237,0.4
1512,843,1,1,0.9982557851096369,1,172,73,245,0.7529853321829162,0.4098360655737705
1513,860,1,0,0.10514165864329905,1,173,73,246,0.7470504385964912,0.4032258064516129
1514,905,1,1,0.9981105005051857,1,173,73,246,0.7478051087984864,0.4126984126984127
1515,967,1,0,0.14194075662298172,1,174,73,247,0.7419014060874525,0.40625
1516,1000,1,1,0.9888330365197611,1,174,73,247,0.7426586973078579,0.4153846153846154
1517,1114,1,0,0.062052942297084246,1,175,73,248,0.7367864192656929,0.4090909090909091
1518,1139,1,0,0.12368757462877215,1,176,73,249,0.735238847216739,0.40298507462686567
1519,1178,1,0,0.0008068340797283535,1,177,73,250,0.7336912751677852,0.39705882352941174
1520,1219,1,0,0.0015427076572974464,1,178,73,251,0.7278098133437939,0.391304347826087
1521,1258,1,0,0.13092535569781658,1,179,73,252,0.7219334719334719,0.38571428571428573
1522,1275,1,0,2.420898840309424e-06,1,180,73,253,0.7160629539951573,0.38028169014084506
1523,1278,1,0,0.32684325945250103,1,181,73,254,0.7101989475035297,0.375
1524,1317,1,0,0.00027524060710810516,1,182,73,255,0.7043421262479665,0.3698630136986301
1525,1335,1,1,0.9746350438886253,1,182,73,255,0.7053494750780289,0.3783783783783784
1526,1338,1,0,0.12002953657443458,1,183,73,256,0.6995297805642633,0.37333333333333335
1527,1339,1,1,0.9964142937706314,1,183,73,256,0.7005357142857143,0.3815789473684211
1528,1343,1,1,0.9963133174636869,1,183,73,256,0.7015126978284872,0.38961038961038963
1529,1351,1,0,0.04718627901251207,1,184,73,257,0.6957589626239512,0.38461538461538464
1530,1367,1,1,0.997257534067166,1,184,73,257,0.6967367340158859,0.3924050632911392
1531,1388,1,0,0.014289869063138996,1,185,73,258,0.691020555355211,0.3875
1532,1424,1,0,0.0004359265142760207,1,186,73,259,0.6853144531834086,0.38271604938271603
1533,1427,1,1,0.9980438350628903,1,186,73,259,0.6906666666666667,0.3902439024390244
1534,1439,1,0,1.5184660846095545e-05,1,187,73,260,0.6849880031991469,0.3855421686746988
1535,1446,1,0,0.00016134095148864655,1,188,73,261,0.6793206746078546,0.38095238095238093
1536,1462,1,1,0.9991895494515487,1,188,73,261,0.6803763440860214,0.38823529411764707
1537,1488,1,1,0.9952648868810589,1,188,73,261,0.6814065577569227,0.3953488372093023
1538,1501,1,0,0.0010704712569877329,1,189,73,262,0.6758071587205445,0.39080459770114945
1539,1586,1,0,0.03605776558147645,1,190,73,263,0.6702205882352942,0.38636363636363635
1540,1603,1,0,0.0013320623470747972,1,191,73,264,0.6646474441488601,0.38202247191011235
1541,1654,1,1,0.9990974323396927,1,191,73,264,0.6657368256760975,0.3888888888888889
1542,1705,1,0,0.06367734363414128,1,192,73,265,0.66020578923564,0.38461538461538464
1543,1749,1,0,0.0002752976904696306,1,193,73,266,0.654689532820816,0.3804347826086957
1544,1779,1,1,0.7110726587292567,1,193,73,266,0.655811320754717,0.3870967741935484
1545,1814,1,0,0.02314276832086049,1,194,73,267,0.6503386809269162,0.3829787234042553
1546,1858,1,0,0.004458247373805537,1,195,73,268,0.6448821847853238,0.37894736842105264
1547,1905,1,0,0.0010704712498939035,1,196,73,269,0.6394424161964819,0.375
1548,1908,1,1,0.9964759353114001,1,196,73,269,0.6406263736263736,0.38144329896907214
1549,1918,1,0,0.33524732636774157,1,197,73,270,0.635232618636874,0.37755102040816324
1550,1982,1,1,0.9976179575509694,1,197,73,270,0.6364232265788686,0.3838383838383838
1551,1991,1,1,0.9919076694434658,1,197,73,270,0.6375929682217715,0.39
1552,1995,1,1,0.9894839511096654,1,197,73,270,0.63874297545105,0.39603960396039606
1553,2001,1,1,0.9481476065912373,1,197,73,270,0.6398743281905933,0.4019607843137255
1554,2015,1,1,0.9541724918477587,1,197,73,270,0.6409880581930371,0.4077669902912621
1555,2031,1,1,0.9403030271103042,1,197,73,270,0.6420851525495488,0.41346153846153844
1556,2035,1,1,0.9961083095758249,1,197,73,270,0.6431665569453588,0.41904761904761906
1557,2043,1,0,0.10810544471470898,1,198,73,271,0.6379907524169819,0.41509433962264153
1558,2050,1,1,0.993479882253918,1,198,73,271,0.6390856784182446,0.4205607476635514
1559,2057,1,0,0.0010704712569877329,1,199,73,272,0.6339591325452126,0.4166666666666667
1560,2090,1,0,0.003036104758227976,1,200,73,273,0.6288541666666667,0.41284403669724773
1561,2128,1,1,0.9936630193104607,1,200,73,273,0.6299927378358752,0.41818181818181815
1562,2139,1,1,0.9971206227046804,1,200,73,273,0.6361652558825813,0.42727272727272725
1563,2171,1,0,0.0001091336923353494,1,201,73,274,0.6361652558825813,0.42727272727272725
1564,2193,1,0,0.03212195958839657,1,202,73,275,0.6299927378358752,0.41818181818181815
1565,2196,1,0,0.013523686907556494,1,203,73,276,0.6299927378358752,0.41818181818181815
1566,2234,1,1,0.9962413863477948,1,203,73,276,0.6361652558825813,0.42727272727272725
1567,2259,1,0,1.2448884318494802e-05,1,204,73,277,0.6361652558825813,0.42727272727272725
1568,2383,1,1,0.9502107065213153,1,204,73,277,0.6361652558825813,0.42727272727272725
1569,2415,1,0,0.0045906778709197986,1,205,73,278,0.6299927378358752,0.41818181818181815
1570,2511,0,0,0.0005957277684240155,1,205,73,278,0.6288541666666667,0.41284403669724773
1571,2544,0,0,0.008196164029995994,1,205,73,278,0.6277016424312166,0.4074074074074074
1572,2575,0,1,0.9212135701282848,1,205,74,279,0.6221931273099002,0.40186915887850466
1573,2618,0,0,0.0024801350423724563,1,205,74,279,0.6210217248189598,0.39622641509433965
1574,2630,0,0,0.0009138251480567052,1,205,74,279,0.6262010347376201,0.4
1575,2683,0,0,0.0026391280542933495,1,205,74,279,0.6314011272525205,0.40384615384615385
1576,2737,0,1,0.6342102062568346,1,205,75,280,0.6322592680797016,0.4077669902912621
1577,2772,0,0,0.000800460135362762,1,205,75,280,0.6374872665534805,0.4117647058823529
1578,2822,0,0,0.0001595889065212711,1,205,75,280,0.6427343812335434,0.4158415841584158
1579,2836,0,1,0.7349663725096234,1,205,76,281,0.6373333333333333,0.41
1580,2864,0,0,0.00010404847437345983,1,205,76,281,0.6362977262977263,0.40404040404040403
1581,2903,0,0,0.0006664442031010783,1,205,76,281,0.6416073781291172,0.40816326530612246
1582,2917,0,0,0.00029734806394225466,1,205,76,281,0.6405828262339418,0.4020618556701031
1583,2966,0,0,0.0005797459559398778,1,205,76,281,0.6459375,0.40625
1584,3051,0,0,0.00011440879433122914,1,205,76,281,0.6513088079235939,0.4105263157894737
1585,3105,0,0,0.0002668243236313817,1,205,76,281,0.6566961458674528,0.4148936170212766
1586,3139,0,0,0.002010492772685332,1,205,76,281,0.6620989074180563,0.41935483870967744
1587,3168,0,0,0.0007439804545107825,1,205,76,281,0.6675164835164835,0.42391304347826086
1588,3173,0,0,0.0005602889435100168,1,205,76,281,0.6666102444960725,0.4175824175824176
1589,3176,0,0,0.0008132160048126762,1,205,76,281,0.672068496572396,0.4222222222222222
1590,3237,0,0,0.009535470133910276,1,205,76,281,0.6711712089447939,0.4157303370786517
1591,3241,0,0,9.742380482238102e-06,1,205,76,281,0.6766692851531815,0.42045454545454547
1592,3255,0,0,0.0064751838196457625,1,205,76,281,0.6821798879220523,0.42528735632183906
1593,3293,0,0,1.7387479493438005e-05,1,205,76,281,0.6877023971053822,0.43023255813953487
1594,3304,0,0,0.00018541061460298762,1,205,76,281,0.686866096866097,0.4235294117647059
1595,3348,0,0,0.0038254663789734486,1,205,76,281,0.6924259847249635,0.42857142857142855
1596,3414,0,0,0.0014438350927603906,1,205,76,281,0.6979963235294118,0.43373493975903615
1597,3461,0,0,0.0024392047830854584,1,205,76,281,0.7035764760174209,0.43902439024390244
1598,3483,0,0,0.0007071924505646327,1,205,76,281,0.7091657977059437,0.4444444444444444
1599,3500,0,1,0.6679989140231498,2,205,77,282,0.7040000000000001,0.4375
1600,3506,0,0,0.00021185839786102447,2,205,77,282,0.7096143057503507,0.4430379746835443
1601,3654,0,0,0.0004899482703233991,2,205,77,282,0.7088878405472343,0.4358974358974359
1602,3666,0,0,0.00010902520084367837,2,205,77,282,0.714535679374389,0.44155844155844154
1603,3703,0,0,0.0017148343927064235,2,205,77,282,0.714535679374389,0.44155844155844154
1604,3714,0,0,0.0019692441414811955,2,205,77,282,0.714535679374389,0.44155844155844154
1605,3723,0,0,8.46994283187745e-05,2,205,77,282,0.714535679374389,0.44155844155844154
1606,3790,0,0,0.0013245615648878452,2,205,77,282,0.714535679374389,0.44155844155844154
1607,3825,0,0,0.0004322522630534888,2,205,77,282,0.714535679374389,0.44155844155844154
1608,3836,0,0,0.016549711769666645,2,205,77,282,0.714535679374389,0.44155844155844154
1609,3840,0,0,0.01903043435868874,2,205,77,282,0.714535679374389,0.44155844155844154
1610,3884,0,0,0.0005889622380845723,2,205,77,282,0.714535679374389,0.44155844155844154
1611,3892,0,0,0.00016231266923931852,2,205,77,282,0.714535679374389,0.44155844155844154
1612,3894,0,0,0.0025529930719294085,2,205,77,282,0.718952380952381,0.44155844155844154
1613,3908,0,0,0.00016568685624503956,2,205,77,282,0.718952380952381,0.44155844155844154
1614,3952,0,0,0.00017985116431546973,2,205,77,282,0.718952380952381,0.44155844155844154
1615,3963,0,0,0.011058250964255096,2,205,77,282,0.718952380952381,0.44155844155844154
1616,4052,0,0,0.0017291361024709766,2,205,77,282,0.718952380952381,0.44155844155844154
1617,4092,0,0,8.248210837234764e-05,2,205,77,282,0.718952380952381,0.44155844155844154
1618,4151,0,0,2.7531450628003206e-05,2,205,77,282,0.718952380952381,0.44155844155844154
1619,4221,0,0,0.0006468254508757072,2,205,77,282,0.718952380952381,0.44155844155844154
1620,4308,0,0,4.431794428058515e-06,2,205,77,282,0.718952380952381,0.44155844155844154
1621,4309,0,0,0.0004939787063506906,2,205,77,282,0.718952380952381,0.44155844155844154
1622,4320,0,0,0.4127113161698023,2,205,77,282,0.718952380952381,0.44155844155844154
1623,4354,0,0,0.00037156211069649974,2,205,77,282,0.718952380952381,0.44155844155844154
1624,4404,0,0,0.00013265784339492681,2,205,77,282,0.718952380952381,0.44155844155844154
1625,4410,0,0,0.0015277630851664665,2,205,77,282,0.718952380952381,0.44155844155844154
1626,4422,0,0,1.3923565500751336e-05,2,205,77,282,0.718952380952381,0.44155844155844154
1627,4450,0,0,0.0008855723258808278,2,205,77,282,0.718952380952381,0.44155844155844154
1628,4458,0,0,0.0007182823483666013,2,205,77,282,0.718952380952381,0.44155844155844154
1629,4492,0,0,0.17606227627919005,2,205,77,282,0.718952380952381,0.44155844155844154
1630,4536,0,0,0.0008671904765845875,2,205,77,282,0.718952380952381,0.44155844155844154
1631,4558,0,0,4.284911076042561e-06,2,205,77,282,0.718952380952381,0.44155844155844154
1632,4579,0,0,0.005930492841718412,2,205,77,282,0.718952380952381,0.44155844155844154
1633,4586,0,0,2.1114646637273453e-05,2,205,77,282,0.718952380952381,0.44155844155844154
1634,4625,0,0,0.0001768818552122824,2,205,77,282,0.718952380952381,0.44155844155844154
1635,4641,0,0,0.00024457125199736597,2,205,77,282,0.718952380952381,0.44155844155844154
1636,4671,0,0,0.0001863961790188442,2,205,77,282,0.718952380952381,0.44155844155844154
1637,4681,0,0,0.012192509048436878,2,205,77,282,0.718952380952381,0.44155844155844154
1638,4689,0,0,0.001341960787439735,2,205,77,282,0.7233807829181496,0.44155844155844154
1639,4739,0,0,0.20541989050870446,2,205,77,282,0.7233807829181496,0.44155844155844154
1640,4741,0,0,0.03548440500959798,2,205,77,282,0.7233807829181496,0.44155844155844154
1641,4790,0,0,0.0005210442922944185,2,205,77,282,0.7233807829181496,0.44155844155844154
1642,4854,0,0,5.2429850686096546e-05,2,205,77,282,0.7233807829181496,0.44155844155844154
1643,4888,0,0,0.0001402564035541726,2,205,77,282,0.7278218535881718,0.44155844155844154
1644,4944,0,0,4.260064897761722e-05,2,205,77,282,0.7278218535881718,0.44155844155844154
1645,4953,0,0,9.660833373817106e-05,2,205,77,282,0.7278218535881718,0.44155844155844154
1646,4958,0,0,0.017747862931824003,2,205,77,282,0.7278218535881718,0.44155844155844154
1647,1,1,0,0.0004060764224373636,2,206,77,283,0.7221453990849008,0.4358974358974359
1648,87,1,0,0.0716201866326738,2,207,77,284,0.7164761904761905,0.43037974683544306
1649,101,1,0,0.001275253024716495,2,208,77,285,0.7108148938060961,0.425
1650,113,1,0,0.0014552325662412057,2,209,77,286,0.7051621653496875,0.41975308641975306
1651,140,1,1,0.9990139438547644,2,209,77,286,0.7060168302945303,0.4268292682926829
1652,149,1,0,0.002593537877445167,2,210,77,287,0.7004,0.42168674698795183
1653,150,1,0,0.01586633484751629,2,211,77,288,0.6947931873479319,0.4166666666666667
1654,209,1,0,0.0004865372867851746,2,212,77,289,0.6891970234489919,0.4117647058823529
1655,212,1,0,3.697235623915558e-06,2,213,77,290,0.6836121323529412,0.4069767441860465
1656,222,1,0,0.011496368790134166,2,214,77,291,0.6780391315541061,0.40229885057471265
1657,236,1,0,0.0011455357461757417,2,215,77,292,0.6768408707342887,0.3977272727272727
1658,249,1,0,0.06867516491243195,2,216,77,293,0.6712820512820512,0.39325842696629215
1659,250,1,0,0.008713863926277496,2,217,77,294,0.6657368256760975,0.3888888888888889
1660,265,1,0,3.7748237168050564e-05,2,218,77,295,0.66020578923564,0.38461538461538464
1661,267,1,1,0.8003925630154016,2,218,77,295,0.6612995174503422,0.391304347826087
1662,327,1,0,3.662972179133655e-05,2,219,77,296,0.655811320754717,0.3870967741935484
1663,362,1,0,0.014267587766178282,2,220,77,297,0.6503386809269162,0.3829787234042553
1664,445,1,1,0.9997719847142298,2,220,77,297,0.651465870118376,0.3894736842105263
1665,458,1,0,0.003639245480824554,2,221,77,298,0.6460376526365116,0.3854166666666667
1666,510,1,0,0.007944467395886872,2,222,77,299,0.6406263736263736,0.38144329896907214
1667,525,1,1,0.9012690188310161,2,222,77,299,0.6417884048476907,0.3877551020408163
1668,612,1,1,0.8786356330399145,2,222,77,299,0.6429296875,0.3939393939393939
1669,689,1,0,0.45833471985750124,2,223,77,300,0.6375929682217715,0.39
1670,700,1,0,4.889988701458836e-05,2,224,77,301,0.6322748355085751,0.38613861386138615
1671,704,1,1,0.9993394455469412,2,224,77,301,0.6334534534534535,0.39215686274509803
1672,736,1,1,0.6479620853139251,2,224,77,301,0.6346133333333333,0.39805825242718446
1673,868,1,0,1.2612501246171088e-05,2,225,77,302,0.6293720577674938,0.3942307692307692
1674,870,1,0,0.0027244877203807002,2,226,77,303,0.6241511035653651,0.3904761904761905
1675,884,1,0,0.001408384132750972,2,227,77,304,0.6189510730068005,0.3867924528301887
1676,927,1,0,0.0004799425108611146,2,228,77,305,0.6137725688945201,0.38317757009345793
1677,929,1,0,0.283369844242647,2,229,77,306,0.6086161948650428,0.37962962962962965
1678,940,1,1,0.9343403846433567,2,229,77,306,0.6099051138895442,0.3853211009174312
1679,984,1,0,2.4661908244422203e-05,2,230,77,307,0.6048017575060153,0.38181818181818183
1680,1009,1,1,0.9967375704968827,2,230,77,307,0.610396148124951,0.38738738738738737
1681,1036,1,0,0.0014127300724356127,2,231,77,308,0.6053333333333333,0.38392857142857145
1682,1079,1,1,0.9999797068601224,2,231,77,308,0.6066614794065774,0.3893805309734513
1683,1170,1,0,1.115073747940303e-06,2,232,77,309,0.6016541119826047,0.38596491228070173
1684,1191,1,1,0.998715764602513,2,232,77,309,0.6029980657640232,0.391304347826087
1685,1218,1,0,0.0008196876112854073,2,233,77,310,0.5980475749150448,0.3879310344827586
1686,1229,1,0,0.016669361845660327,2,234,77,311,0.5931235383310632,0.38461538461538464
1687,1230,1,0,0.06476468985669256,2,235,77,312,0.5882266009852217,0.3813559322033898
1688,1294,1,0,0.08868435714868524,2,236,77,313,0.5833574118189503,0.37815126050420167
1689,1306,1,1,0.999973534001466,2,236,77,313,0.5890537084398977,0.38333333333333336
1690,1330,1,0,0.0006936348809138098,2,237,77,314,0.5842307004775402,0.38016528925619836
1691,1365,1,1,0.7190486449668614,2,237,77,314,0.5857182144585064,0.38524590163934425
1692,1376,1,1,0.9936340191026128,2,237,77,314,0.5871936507936507,0.3902439024390244
1693,1494,1,0,0.4188974727746894,2,238,77,315,0.5871936507936507,0.3902439024390244
1694,1510,1,0,0.029384178383821506,2,239,77,316,0.5871936507936507,0.3902439024390244
1695,1524,1,0,0.015866334747002577,2,240,77,317,0.5871936507936507,0.3902439024390244
1696,1529,1,1,0.9993707249097308,2,240,77,317,0.5871936507936507,0.3902439024390244
1697,1538,1,0,2.5981987149901993e-05,2,241,77,318,0.5809581934696368,0.3821138211382114
1698,1569,1,0,0.00567727667131672,2,242,77,319,0.5809581934696368,0.3821138211382114
1699,1572,1,1,0.9444112588834815,3,242,77,319,0.5809581934696368,0.3821138211382114
1700,1588,1,1,0.9959884265084066,3,242,77,319,0.5809581934696368,0.3821138211382114
1701,1628,1,0,0.004013850811504831,3,243,77,320,0.5809581934696368,0.3821138211382114
1702,1637,1,1,0.9378257148864262,3,243,77,320,0.5809581934696368,0.3821138211382114
1703,1653,1,0,6.652820672977829e-05,3,244,77,321,0.5809581934696368,0.3821138211382114
1704,1684,1,1,0.9997553682650813,3,244,77,321,0.5809581934696368,0.3821138211382114
1705,1687,1,0,0.010806645305951317,3,245,77,322,0.5809581934696368,0.3821138211382114
1706,1692,1,0,0.001309258337182485,3,246,77,323,0.5746731684958365,0.37398373983739835
1707,1744,1,0,0.0009824158922123298,3,247,77,324,0.5683374133006935,0.36585365853658536
1708,1812,1,1,0.8555609657837132,3,247,77,324,0.5746731684958365,0.37398373983739835
1709,1817,1,0,0.46075309588337793,3,248,77,325,0.5746731684958365,0.37398373983739835
1710,1878,1,1,0.8540163350535429,3,248,77,325,0.5809581934696368,0.3821138211382114
1711,1888,1,0,1.4879729511183308e-05,3,249,77,326,0.5746731684958365,0.37398373983739835
1712,1904,1,0,0.0028393384488344686,3,250,77,327,0.5683374133006935,0.36585365853658536
1713,1927,1,0,9.921638655232619e-05,3,251,77,328,0.5683374133006935,0.36585365853658536
1714,1958,1,1,0.9995579661951601,3,251,77,328,0.5683374133006935,0.36585365853658536
1715,2007,1,0,0.0007226512584696177,3,252,77,329,0.5683374133006935,0.36585365853658536
1716,2016,1,1,0.9971262703435985,3,252,77,329,0.5683374133006935,0.36585365853658536
1717,2108,1,0,0.0026325037216069374,3,253,77,330,0.5683374133006935,0.36585365853658536
1718,2150,1,0,0.07444794564172778,3,254,77,331,0.5683374133006935,0.36585365853658536
1719,2164,1,0,0.2583898856330147,3,255,77,332,0.5683374133006935,0.36585365853658536
1720,2166,1,1,0.6817310322156735,3,255,77,332,0.5746731684958365,0.37398373983739835
1721,2185,1,0,4.287434821644957e-05,3,256,77,333,0.5746731684958365,0.37398373983739835
1722,2224,1,1,0.9911568439093824,3,256,77,333,0.5809581934696368,0.3821138211382114
1723,2237,1,1,0.9974308866263505,3,256,77,333,0.5871936507936507,0.3902439024390244
1724,2239,1,0,0.00010718633101660746,3,257,77,334,0.5871936507936507,0.3902439024390244
1725,2287,1,0,0.08520481862817068,3,258,77,335,0.5809581934696368,0.3821138211382114
1726,2305,1,0,0.011057340010063197,3,259,77,336,0.5809581934696368,0.3821138211382114
1727,2309,1,0,0.0009880298744444607,3,260,77,337,0.5746731684958365,0.37398373983739835
1728,2369,1,0,0.060422365071471036,3,261,77,338,0.5683374133006935,0.36585365853658536
1729,2384,1,0,5.25569790777363e-05,3,262,77,339,0.5683374133006935,0.36585365853658536
1730,2409,1,1,0.6259591492669048,3,262,77,339,0.5683374133006935,0.36585365853658536
1731,2446,1,1,0.9952916280435682,3,262,77,339,0.5746731684958365,0.37398373983739835
1732,2448,1,0,0.0021038093474909023,3,263,77,340,0.5746731684958365,0.37398373983739835
1733,2456,1,1,0.9998008410031598,3,263,77,340,0.5746731684958365,0.37398373983739835
1734,2467,1,0,2.0005869678699165e-05,3,264,77,341,0.5746731684958365,0.37398373983739835
1735,2471,1,0,0.01711837374621713,3,265,77,342,0.5746731684958365,0.37398373983739835
1736,2476,1,0,5.4642438815541524e-05,3,266,77,343,0.5683374133006935,0.36585365853658536
1737,2480,1,1,0.9999072576767056,3,266,77,343,0.5683374133006935,0.36585365853658536
1738,2506,0,0,7.488389256074906e-05,3,266,77,343,0.5731050333256722,0.36885245901639346
1739,2517,0,0,0.000380343731935621,3,266,77,343,0.5779028132992328,0.371900826446281
1740,2549,0,0,4.350909704543391e-05,3,266,77,343,0.5827300904223982,0.375
1741,2552,0,0,0.00014551259547036148,3,266,77,343,0.581215337565213,0.3697478991596639
1742,2559,0,0,7.733337360340411e-05,3,266,77,343,0.5861044176706828,0.3728813559322034
1743,2598,0,0,0.00022919758428253888,3,266,77,343,0.5910212765957447,0.37606837606837606
1744,2636,0,0,0.00012523986114091313,3,266,77,343,0.5895565737361186,0.3706896551724138
1745,2675,0,0,0.016621729844971494,3,266,77,343,0.5945326278659613,0.3739130434782609
1746,2718,0,0,3.6632209049326895e-06,3,266,77,343,0.5995348111957172,0.37719298245614036
1747,2750,0,0,0.0002950000477550796,3,266,77,343,0.6045625,0.3805309734513274
1748,2778,0,0,0.0011257708576539187,3,266,77,343,0.6031760644418872,0.375
1749,2787,0,0,0.0035117471175031877,3,266,77,343,0.6082595475872192,0.3783783783783784
1750,2821,0,0,0.00678602060789347,3,266,77,343,0.6068861092824227,0.37272727272727274
1751,2826,0,0,0.00032267260940031036,3,266,77,343,0.6054936360509116,0.3669724770642202
1752,2860,0,0,0.0001758232952012358,3,266,77,343,0.6040809595999893,0.3611111111111111
1753,2882,0,0,0.0001640587338581283,3,266,77,343,0.6026468622155673,0.35514018691588783
1754,2934,0,0,8.093426790226837e-05,3,266,77,343,0.6011900728670915,0.3490566037735849
1755,2935,0,1,0.9789304793793342,3,266,78,344,0.5955182828173875,0.34285714285714286
1756,2967,0,0,0.002509627791703623,3,266,78,344,0.5940277777777778,0.33653846153846156
1757,2993,0,0,0.0006695681948051562,3,266,78,344,0.5993352561835051,0.33980582524271846
1758,3030,0,0,0.00010778007247044138,3,266,78,344,0.5978493387004026,0.3333333333333333
1759,3039,0,0,0.15601912334960052,3,266,78,344,0.6032087912087912,0.33663366336633666
1760,3061,0,0,0.0022242156785048134,3,266,78,344,0.6085889908762645,0.34
1761,3077,0,0,0.46976049021396377,3,266,78,344,0.6071363548055841,0.3333333333333333
1762,3159,0,0,0.0015326329940452774,3,266,78,344,0.6056547868623341,0.32653061224489793
1763,3222,0,0,0.0007162581667567854,3,266,78,344,0.6111154752553024,0.32989690721649484
1764,3234,0,0,0.00048316859842590125,3,266,78,344,0.6165954211371125,0.3333333333333333
1765,3250,0,0,0.04464982309121971,3,266,78,344,0.6220940750791497,0.3368421052631579
1766,3257,0,0,2.551308839103944e-05,3,266,78,344,0.6206723646723646,0.32978723404255317
1767,3261,0,0,0.2987915734299876,3,266,78,344,0.6262189993992964,0.3333333333333333
1768,3292,0,0,0.0032274251871640103,3,266,78,344,0.6247953621181968,0.32608695652173914
1769,3427,0,0,1.2272593144432937e-05,3,266,78,344,0.6303892944038929,0.32967032967032966
1770,3433,0,0,0.00015133469303872847,3,266,78,344,0.6303892944038929,0.32967032967032966
1771,3532,0,0,3.94130517862386e-05,3,266,78,344,0.6303892944038929,0.32967032967032966
1772,3591,0,0,0.00030112880023291233,3,266,78,344,0.6345818181818181,0.32967032967032966
1773,3608,0,0,0.00018771857934750898,3,266,78,344,0.6345818181818181,0.32967032967032966
1774,3609,0,0,0.00010243017320829792,3,266,78,344,0.6345818181818181,0.32967032967032966
1775,3612,0,0,0.03470757830070524,3,266,78,344,0.6345818181818181,0.32967032967032966
1776,3634,0,0,0.000849384595373141,3,266,78,344,0.6387844787283777,0.32967032967032966
1777,3637,0,0,4.095075212760065e-06,3,266,78,344,0.6387844787283777,0.32967032967032966
1778,3660,0,0,0.00015873394269932232,3,266,78,344,0.6387844787283777,0.32967032967032966
1779,3661,0,0,0.00015000934846681757,3,266,78,344,0.6429981509201375,0.32967032967032966
1780,3668,0,0,0.002369285378364433,3,266,78,344,0.6429981509201375,0.32967032967032966
1781,3673,0,0,0.002098382909966024,3,266,78,344,0.6429981509201375,0.32967032967032966
1782,3685,0,0,0.002798202281541203,3,266,78,344,0.6429981509201375,0.32967032967032966
1783,3743,0,0,0.0005089775109741874,3,266,78,344,0.6429981509201375,0.32967032967032966
1784,3745,0,0,4.753612285055207e-05,3,266,78,344,0.6429981509201375,0.32967032967032966
1785,3748,0,0,0.0009518748399117853,3,266,78,344,0.6429981509201375,0.32967032967032966
1786,3777,0,0,0.00012070154216733401,3,266,78,344,0.6429981509201375,0.32967032967032966
1787,3798,0,1,0.7851282296145246,3,266,79,345,0.6387844787283777,0.32967032967032966
1788,3889,0,0,1.4991832665288705e-05,3,266,79,345,0.6387844787283777,0.32967032967032966
1789,3972,0,0,0.021401515298055514,3,266,79,345,0.6387844787283777,0.32967032967032966
1790,3977,0,0,0.00023626004001345725,3,266,79,345,0.6387844787283777,0.32967032967032966
1791,4003,0,0,0.00012733334544690297,3,266,79,345,0.6387844787283777,0.32967032967032966
1792,4007,0,0,7.860773488226748e-05,3,266,79,345,0.6387844787283777,0.32967032967032966
1793,4048,0,0,0.0017824097711759447,3,266,79,345,0.6387844787283777,0.32967032967032966
1794,4124,0,0,0.4423543787958348,3,266,79,345,0.6387844787283777,0.32967032967032966
1795,4185,0,0,0.0029347970925824637,3,266,79,345,0.6387844787283777,0.32967032967032966
1796,4204,0,0,0.021600076193661537,3,266,79,345,0.6387844787283777,0.32967032967032966
1797,4205,0,0,0.00019986256883428572,3,266,79,345,0.6387844787283777,0.32967032967032966
1798,4250,0,0,0.00011553051071304339,3,266,79,345,0.6387844787283777,0.32967032967032966
1799,4253,0,0,0.015480687861341682,4,266,79,345,0.6429981509201375,0.32967032967032966
1800,4265,0,0,7.539551623553139e-05,4,266,79,345,0.6429981509201375,0.32967032967032966
1801,4271,0,0,0.015237488788261679,4,266,79,345,0.6429981509201375,0.32967032967032966
1802,4292,0,0,0.0002677925170567085,4,266,79,345,0.6429981509201375,0.32967032967032966
1803,4305,0,0,0.000594545973823235,4,266,79,345,0.6429981509201375,0.32967032967032966
1804,4310,0,0,0.016115824504134846,4,266,79,345,0.6429981509201375,0.32967032967032966
1805,4345,0,0,0.017230853467566875,4,266,79,345,0.6429981509201375,0.32967032967032966
1806,4374,0,0,0.0005031724186297629,4,266,79,345,0.6429981509201375,0.32967032967032966
1807,4385,0,0,0.024141134510640743,4,266,79,345,0.6429981509201375,0.32967032967032966
1808,4390,0,0,0.00013044466695915846,4,266,79,345,0.6429981509201375,0.32967032967032966
1809,4394,0,1,0.710063038237224,4,266,80,346,0.6387844787283777,0.32967032967032966
1810,4402,0,0,0.0010086045656126405,4,266,80,346,0.6387844787283777,0.32967032967032966
1811,4441,0,0,0.00020445958772198592,4,266,80,346,0.6387844787283777,0.32967032967032966
1812,4477,0,0,6.754007987831309e-05,4,266,80,346,0.6387844787283777,0.32967032967032966
1813,4569,0,0,0.0031646761445436955,4,266,80,346,0.6387844787283777,0.32967032967032966
1814,4570,0,0,7.254801120071356e-06,4,266,80,346,0.6387844787283777,0.32967032967032966
1815,4575,0,0,0.02574593793618119,4,266,80,346,0.6387844787283777,0.32967032967032966
1816,4603,0,0,0.00012166906037609192,4,266,80,346,0.6387844787283777,0.32967032967032966
1817,4605,0,0,2.4014232692127496e-05,4,266,80,346,0.6387844787283777,0.32967032967032966
1818,4612,0,0,1.5983996569584451e-06,4,266,80,346,0.6387844787283777,0.32967032967032966
1819,4668,0,0,0.03575096252474427,4,266,80,346,0.6387844787283777,0.32967032967032966
1820,4702,0,0,3.417464925751055e-05,4,266,80,346,0.6387844787283777,0.32967032967032966
1821,4704,0,0,0.0005169013045378703,4,266,80,346,0.6387844787283777,0.32967032967032966
1822,4738,0,0,0.0006063717085434417,4,266,80,346,0.6387844787283777,0.32967032967032966
1823,4795,0,0,4.079209786308937e-05,4,266,80,346,0.6387844787283777,0.32967032967032966
1824,4915,0,0,0.0008005401100174757,4,266,80,346,0.6387844787283777,0.32967032967032966
1825,4971,0,0,2.9826125774008645e-05,4,266,80,346,0.6387844787283777,0.32967032967032966
1826,4985,0,0,6.0638570466634845e-05,4,266,80,346,0.6387844787283777,0.32967032967032966
1827,4986,0,0,0.0023059333614701507,4,266,80,346,0.6387844787283777,0.32967032967032966
1828,4987,0,0,7.031992923794919e-05,4,266,80,346,0.6387844787283777,0.32967032967032966
1829,4997,0,0,8.749431686717345e-05,4,266,80,346,0.6387844787283777,0.32967032967032966
1830,20,1,1,0.9888223068274231,4,266,80,346,0.6402178194878924,0.33695652173913043
1831,24,1,1,0.9857773251321553,4,266,80,346,0.6416176470588235,0.34408602150537637
1832,53,1,0,0.0020401656694357066,4,267,80,347,0.6360565233559312,0.3404255319148936
1833,89,1,0,0.022229935782053907,4,268,80,348,0.6305128205128205,0.3368421052631579
1834,104,1,1,0.9808082553403679,4,268,80,348,0.6319402985074627,0.34375
1835,136,1,1,0.9997877919113671,4,268,80,348,0.6333374480978565,0.35051546391752575
1836,166,1,1,0.9867634237419319,4,268,80,348,0.6347058823529411,0.35714285714285715
1837,168,1,1,0.999993211663406,4,268,80,348,0.6360471291072021,0.36363636363636365
1838,199,1,0,0.0012459439671652656,4,269,80,349,0.6306403153339397,0.36
1839,206,1,1,0.9829675001876156,4,269,80,349,0.6319852679427147,0.36633663366336633
1840,240,1,1,0.9932763961141728,4,269,80,349,0.6333057603874724,0.37254901960784315
1841,260,1,0,0.000973656223374524,4,270,80,350,0.6279774305555555,0.36893203883495146
1842,273,1,1,0.9986630537941488,4,270,80,350,0.6293042821702082,0.375
1843,278,1,1,0.8838155327059317,4,270,80,350,0.6306091806091806,0.38095238095238093
1844,284,1,1,0.7687171035080232,4,270,80,350,0.6318933333333334,0.3867924528301887
1845,395,1,0,0.18303343374323897,4,271,80,351,0.6266743796377563,0.38317757009345793
1846,397,1,0,0.03187658250827885,4,272,80,352,0.6214770797962649,0.37962962962962965
1847,415,1,0,0.2535708121361934,4,273,80,353,0.6214770797962649,0.37962962962962965
1848,428,1,0,0.03877937126335324,4,274,80,354,0.6214770797962649,0.37962962962962965
1849,431,1,1,0.986863095833833,4,274,80,354,0.6279685639437962,0.3888888888888889
1850,500,1,1,0.9994065392542314,4,274,80,354,0.6344039700137262,0.39814814814814814
1851,552,1,1,0.8337018449357779,4,274,80,354,0.6344039700137262,0.39814814814814814
1852,615,1,1,0.7101810945046886,4,274,80,354,0.6407847267939434,0.4074074074074074
1853,645,1,1,0.999212019861961,4,274,80,354,0.6471122320302648,0.4166666666666667
1854,656,1,0,0.003936496654723744,4,275,80,355,0.6471122320302648,0.4166666666666667
1855,716,1,1,0.9989455725821331,4,275,80,355,0.6533878535293964,0.42592592592592593
1856,744,1,1,0.9995647218430173,4,275,80,355,0.6596129302228266,0.4351851851851852
1857,851,1,1,0.9899432049365202,4,275,80,355,0.665788773193455,0.4444444444444444
1858,871,1,1,0.9989212879506891,4,275,80,355,0.6719166666666666,0.4537037037037037
1859,908,1,1,0.9951709224509601,4,275,80,355,0.6779978689674887,0.46296296296296297
1860,910,1,1,0.99487676956315,4,275,80,355,0.6840336134453782,0.4722222222222222
1861,912,1,1,0.7100299092994595,4,275,80,355,0.6840336134453782,0.4722222222222222
1862,933,1,1,0.8499010621346254,4,275,80,355,0.690025109368124,0.48148148148148145
1863,943,1,1,0.7061409955939916,4,275,80,355,0.6959735427862753,0.49074074074074076
1864,957,1,1,0.9992673895599673,4,275,80,355,0.6959735427862753,0.49074074074074076
1865,1014,1,1,0.8422746919812908,4,275,80,355,0.701880077369439,0.5
1866,1016,1,1,0.9313459797932788,4,275,80,355,0.7077458552157347,0.5092592592592593
1867,1019,1,0,0.0015591564831548567,4,276,80,356,0.701880077369439,0.5
1868,1097,1,0,0.2887219040234522,4,277,80,357,0.6959735427862753,0.49074074074074076
1869,1112,1,1,0.8485114632867241,4,277,80,357,0.701880077369439,0.5
1870,1117,1,1,0.991204551394668,4,277,80,357,0.7077458552157347,0.5092592592592593
1871,1131,1,0,0.0012854676044239592,4,278,80,358,0.701880077369439,0.5
1872,1195,1,0,0.07676728401484917,4,279,80,359,0.6959735427862753,0.49074074074074076
1873,1202,1,1,0.5283984074646111,4,279,80,359,0.701880077369439,0.5
1874,1238,1,1,0.9986414187093242,4,279,80,359,0.7077458552157347,0.5092592592592593
1875,1249,1,0,0.008002790329799928,4,280,80,360,0.7077458552157347,0.5092592592592593
1876,1271,1,0,0.026640368249131866,4,281,80,361,0.7077458552157347,0.5092592592592593
1877,1326,1,1,0.9977494930444829,4,281,80,361,0.7135719976356301,0.5185185185185185
1878,1380,1,0,1.391057370210063e-05,4,282,80,362,0.7077458552157347,0.5092592592592593
1879,1438,1,0,4.6150224179677145e-05,4,283,80,363,0.7077458552157347,0.5092592592592593
1880,1472,1,1,0.650051633071111,4,283,80,363,0.7077458552157347,0.5092592592592593
1881,1497,1,1,0.7384179064147973,4,283,80,363,0.7135719976356301,0.5185185185185185
1882,1509,1,0,0.4796550748418136,4,284,80,364,0.7077458552157347,0.5092592592592593
1883,1535,1,1,0.9767387391368404,4,284,80,364,0.7135719976356301,0.5185185185185185
1884,1553,1,1,0.5395355785151995,4,284,80,364,0.7135719976356301,0.5185185185185185
1885,1579,1,1,0.999820229657686,4,284,80,364,0.7193596059113301,0.5277777777777778
1886,1589,1,1,0.9591784725325709,4,284,80,364,0.7251097620328388,0.5370370370370371
1887,1610,1,0,3.151413916197503e-05,4,285,80,365,0.7251097620328388,0.5370370370370371
1888,1754,1,0,0.0014863536227089206,4,286,80,366,0.7251097620328388,0.5370370370370371
1889,1786,1,0,0.030209322643486775,4,287,80,367,0.7193596059113301,0.5277777777777778
1890,1802,1,1,0.9946018924754468,4,287,80,367,0.7251097620328388,0.5370370370370371
1891,1824,1,1,0.9988516092826257,4,287,80,367,0.7251097620328388,0.5370370370370371
1892,1832,1,1,0.7097061209455151,4,287,80,367,0.7251097620328388,0.5370370370370371
1893,1842,1,0,0.057151597162714556,4,288,80,368,0.7251097620328388,0.5370370370370371
1894,1850,1,0,0.000973656223374524,4,289,80,369,0.7251097620328388,0.5370370370370371
1895,1870,1,1,0.9994020162411607,4,289,80,369,0.7308235294117648,0.5462962962962963
1896,1892,1,0,0.0006831021830406754,4,290,80,370,0.7251097620328388,0.5370370370370371
1897,1911,1,1,0.7099508360619272,4,290,80,370,0.7308235294117648,0.5462962962962963
1898,1917,1,0,0.001861818336432834,4,291,80,371,0.7308235294117648,0.5462962962962963
1899,1931,1,1,0.9999664377543173,4,291,80,371,0.7308235294117648,0.5462962962962963
1900,2027,1,0,0.001861818336432834,4,292,80,372,0.7251097620328388,0.5370370370370371
1901,2040,1,0,0.0014426186262384616,4,293,80,373,0.7251097620328388,0.5370370370370371
1902,2122,1,1,0.9972152236523719,4,293,80,373,0.7251097620328388,0.5370370370370371
1903,2146,1,0,0.0120030044880529,4,294,80,374,0.7251097620328388,0.5370370370370371
1904,2167,1,1,0.9990571280141567,4,294,80,374,0.7251097620328388,0.5370370370370371
1905,2187,1,1,0.7686162857249116,4,294,80,374,0.7308235294117648,0.5462962962962963
1906,2197,1,1,0.988569234327831,4,294,80,374,0.7365019535738909,0.5555555555555556
1907,2203,1,0,0.05700488346805212,4,295,80,375,0.7365019535738909,0.5555555555555556
1908,2275,1,0,5.547004958940554e-05,4,296,80,376,0.7308235294117648,0.5462962962962963
1909,2302,1,0,0.0507678182548153,4,297,80,377,0.7308235294117648,0.5462962962962963
1910,2355,1,1,0.9955044012266081,4,297,80,377,0.7308235294117648,0.5462962962962963
1911,2357,1,1,0.9678331426240508,4,297,80,377,0.7365019535738909,0.5555555555555556
1912,2364,1,0,0.00557740190077716,4,298,80,378,0.7365019535738909,0.5555555555555556
1913,2373,1,1,0.9815851775763533,4,298,80,378,0.7421460628314973,0.5648148148148148
1914,2404,1,1,0.9727983921129425,4,298,80,378,0.7421460628314973,0.5648148148148148
1915,2425,1,1,0.9972410989684815,4,298,80,378,0.7477568689363652,0.5740740740740741
1916,2429,1,0,0.007710824902647618,4,299,80,379,0.7421460628314973,0.5648148148148148
1917,2535,0,0,9.093478110044135e-05,4,299,80,379,0.7471980898388619,0.5700934579439252
1918,2550,0,1,0.9990902660036389,4,299,81,380,0.7475609693812405,0.5754716981132075
1919,2619,0,0,6.422652073953505e-05,4,299,81,380,0.7526342710997443,0.580952380952381
1920,2690,0,0,0.00011836056014454984,4,299,81,380,0.7521182266009854,0.5769230769230769
1921,2699,0,0,0.02930247324034522,4,299,81,380,0.75722726221377,0.5825242718446602
1922,2752,0,0,0.00019229715839729874,4,299,81,380,0.7567272727272729,0.5784313725490197
1923,2757,0,0,0.0006287526691335992,4,299,81,380,0.7562219461054593,0.5742574257425742
1924,2814,0,0,0.00025475558061637373,4,299,81,380,0.7613860358958398,0.58
1925,2839,0,0,0.00021294130125374956,4,299,81,380,0.7665622807245511,0.5858585858585859
1926,2866,0,0,0.0002736833712025592,4,299,81,380,0.7717499999999999,0.5918367346938775
1927,2945,0,0,0.00021106085360687743,4,299,81,380,0.776948511182442,0.5979381443298969
1928,3052,0,1,0.9988873020122795,4,299,82,381,0.7774085962577311,0.6041666666666666
1929,3066,0,0,0.1997305301745718,4,299,82,381,0.7826184747358511,0.6105263157894737
1930,3097,0,0,9.631244975152512e-05,4,299,82,381,0.7822320302648171,0.6063829787234043
1931,3163,0,0,6.866329574961276e-06,4,299,82,381,0.781840354767184,0.6021505376344086
1932,3175,0,0,2.6742972971384062e-08,4,299,82,381,0.7870963986134265,0.6086956521739131
1933,3193,0,0,0.04798076832477434,4,299,82,381,0.7867179978190909,0.6043956043956044
1934,3238,0,0,4.565594171453141e-06,4,299,82,381,0.7919999999999999,0.6111111111111112
1935,3264,0,0,9.969259744337927e-05,4,299,82,381,0.7972884301719299,0.6179775280898876
1936,3344,0,0,1.685117691636669e-05,4,299,82,381,0.8025825825825825,0.625
1937,3385,0,0,0.019218677807740614,4,299,82,381,0.80225326286269,0.6206896551724138
1938,3392,0,0,0.004975418007737042,4,299,82,381,0.80225326286269,0.6206896551724138
1939,3487,0,0,1.968520018085394e-05,4,299,82,381,0.80225326286269,0.6206896551724138
1940,3511,0,0,4.62784317707194e-05,4,299,82,381,0.80225326286269,0.6206896551724138
1941,3527,0,0,8.4468998587309e-06,4,299,82,381,0.80225326286269,0.6206896551724138
1942,3536,0,0,0.00038342568700111947,4,299,82,381,0.80225326286269,0.6206896551724138
1943,3547,0,0,0.0005566057265498491,4,299,82,381,0.80225326286269,0.6206896551724138
1944,3580,0,0,0.001853671654585418,4,299,82,381,0.80225326286269,0.6206896551724138
1945,3620,0,0,0.00046298488609357026,4,299,82,381,0.80225326286269,0.6206896551724138
1946,3676,0,0,0.0011128371094453018,4,299,82,381,0.80225326286269,0.6206896551724138
1947,3682,0,1,0.9316600570937393,4,299,83,382,0.7974969750746149,0.6206896551724138
1948,3737,0,0,0.00010863857335410954,4,299,83,382,0.7974969750746149,0.6206896551724138
1949,3810,0,0,3.400237212101744e-05,4,299,83,382,0.7974969750746149,0.6206896551724138
1950,3846,0,0,0.0002472602119633327,4,299,83,382,0.7974969750746149,0.6206896551724138
1951,3848,0,0,0.0014951398986921141,4,299,83,382,0.7974969750746149,0.6206896551724138
1952,3850,0,0,0.008899412669058093,4,299,83,382,0.7974969750746149,0.6206896551724138
1953,3909,0,0,0.0019709887927932576,4,299,83,382,0.7974969750746149,0.6206896551724138
1954,3940,0,0,2.009817346465609e-05,4,299,83,382,0.7974969750746149,0.6206896551724138
1955,4005,0,0,0.0008152263786329636,4,299,83,382,0.80225326286269,0.6206896551724138
1956,4010,0,0,0.001896603573262747,4,299,83,382,0.80225326286269,0.6206896551724138
1957,4032,0,0,0.0009975263912137796,4,299,83,382,0.80225326286269,0.6206896551724138
1958,4078,0,0,0.001280790816311142,4,299,83,382,0.80225326286269,0.6206896551724138
1959,4111,0,0,0.0007117545943349771,4,299,83,382,0.80225326286269,0.6206896551724138
1960,4121,0,0,0.2424448411721245,4,299,83,382,0.80225326286269,0.6206896551724138
1961,4125,0,0,4.9707468428449835e-05,4,299,83,382,0.80225326286269,0.6206896551724138
1962,4127,0,0,0.0008466116104873664,4,299,83,382,0.80225326286269,0.6206896551724138
1963,4230,0,0,1.4369641872067093e-05,4,299,83,382,0.80225326286269,0.6206896551724138
1964,4248,0,0,0.0020171175748280186,4,299,83,382,0.80225326286269,0.6206896551724138
1965,4369,0,0,0.0030919581915825026,4,299,83,382,0.80225326286269,0.6206896551724138
1966,4377,0,0,1.579182689876511e-05,4,299,83,382,0.80225326286269,0.6206896551724138
1967,4380,0,0,0.00046220294955908825,4,299,83,382,0.80225326286269,0.6206896551724138
1968,4460,0,0,0.00020497183618413064,4,299,83,382,0.80225326286269,0.6206896551724138
1969,4490,0,0,9.01023116537088e-06,4,299,83,382,0.80225326286269,0.6206896551724138
1970,4590,0,0,0.16125504265396623,4,299,83,382,0.80225326286269,0.6206896551724138
1971,4624,0,0,0.00019394408003301284,4,299,83,382,0.80225326286269,0.6206896551724138
1972,4632,0,0,7.632588265420505e-05,4,299,83,382,0.80225326286269,0.6206896551724138
1973,4642,0,0,0.00010952785423654402,4,299,83,382,0.80225326286269,0.6206896551724138
1974,4666,0,0,0.0010413942636374814,4,299,83,382,0.80225326286269,0.6206896551724138
1975,4669,0,0,0.005294357996402382,4,299,83,382,0.80225326286269,0.6206896551724138
1976,4686,0,0,0.0007521320483540055,4,299,83,382,0.80225326286269,0.6206896551724138
1977,4788,0,0,0.0007597713932057864,4,299,83,382,0.80225326286269,0.6206896551724138
1978,4801,0,0,0.16299551994069827,4,299,83,382,0.80225326286269,0.6206896551724138
1979,4815,0,0,0.07871252727759262,4,299,83,382,0.80225326286269,0.6206896551724138
1980,4825,0,0,0.034932193159260425,4,299,83,382,0.80225326286269,0.6206896551724138
1981,4872,0,0,0.0017263380669370416,4,299,83,382,0.80225326286269,0.6206896551724138
1982,4882,0,0,0.0004954839354187835,4,299,83,382,0.80225326286269,0.6206896551724138
1983,4926,0,0,0.0006142376567927747,4,299,83,382,0.80225326286269,0.6206896551724138
1984,4981,0,0,8.687875318426355e-05,4,299,83,382,0.80225326286269,0.6206896551724138
1985,9,1,1,0.9959466514247267,4,299,83,382,0.8025825825825825,0.625
1986,11,1,1,0.9998560771157862,4,299,83,382,0.8029066666666667,0.6292134831460674
1987,13,1,1,0.646235299946752,4,299,83,382,0.8080081917072264,0.6333333333333333
1988,21,1,1,0.9968788862469442,4,299,83,382,0.8083276441480776,0.6373626373626373
1989,26,1,1,0.9963569243008308,4,299,83,382,0.8086425279789334,0.6413043478260869
1990,34,1,1,0.9940030066247212,4,299,83,382,0.8089531073890593,0.6451612903225806
1991,37,1,0,0.00014162443212156173,4,300,83,383,0.8037388848205879,0.6382978723404256
1992,43,1,1,0.9999831519286877,4,300,83,383,0.8040625,0.6421052631578947
1993,55,1,1,0.9986757057522031,4,300,83,383,0.8043821973233739,0.6458333333333334
1994,59,1,0,0.28752143357116644,4,301,83,384,0.799210219771686,0.6391752577319587
1995,66,1,0,0.002866998318897296,4,302,83,385,0.794047126911947,0.6326530612244898
1996,86,1,0,0.24241285390212053,4,303,83,386,0.7888936170212765,0.6262626262626263
1997,93,1,0,7.66253491388986e-05,4,304,83,387,0.7837503861600246,0.62
1998,97,1,1,0.9950831588569009,4,304,83,387,0.7841379310344828,0.6237623762376238
1999,100,1,1,0.9896186743600153,4,304,83,387,0.7845217391304348,0.6274509803921569
2000,114,1,1,0.9930545723950306,4,304,83,387,0.7849020807833537,0.6310679611650486
2001,115,1,0,0.047510436394933256,4,305,83,388,0.7798263349545465,0.625
2002,118,1,1,0.5080777495618618,4,305,83,388,0.7802222222222223,0.6285714285714286
2003,121,1,1,0.9903932454168854,4,305,83,388,0.7806151351625243,0.6320754716981132
2004,127,1,1,0.9999079413850794,4,305,83,388,0.7810053338052023,0.6355140186915887
2005,133,1,1,0.9998867558561273,4,305,83,388,0.781393072479124,0.6388888888888888
2006,151,1,0,0.056982406271716454,4,306,83,389,0.7764068958564372,0.6330275229357798
2007,156,1,0,0.006081173034025741,4,307,83,390,0.7714361260104253,0.6272727272727273
2008,183,1,0,0.10500156978622677,4,308,83,391,0.7664814814814815,0.6216216216216216
2009,187,1,1,0.9857055739216616,4,308,83,391,0.7716907605279698,0.625
2010,190,1,1,0.5736077818651313,4,308,83,391,0.7721360247043759,0.6283185840707964
2011,224,1,1,0.9823389404106153,4,308,83,391,0.7725795531482734,0.631578947368421
2012,234,1,1,0.9995327824098863,4,308,83,391,0.7730216187780254,0.6347826086956522
2013,256,1,1,0.995646974606375,4,308,83,391,0.7734624915521513,0.6379310344827587
2014,296,1,1,0.9906945743886436,4,308,83,391,0.7739024390243903,0.6410256410256411
2015,298,1,1,0.9994123033845314,4,308,83,391,0.77434172688855,0.6440677966101694
2016,299,1,1,0.9979994307499545,4,308,83,391,0.7747806195154879,0.6470588235294118
2017,305,1,0,0.0006682642913932566,4,309,83,392,0.77,0.6416666666666667
2018,309,1,0,0.06552579437186276,4,310,83,393,0.7652408810220256,0.6363636363636364
2019,314,1,0,0.04126827114215865,4,311,83,394,0.7605040504050404,0.6311475409836066
2020,317,1,0,0.2137413342840234,4,312,83,395,0.755790302818134,0.6260162601626016
2021,320,1,1,0.9987566651618377,4,312,83,395,0.756317698561601,0.6290322580645161
2022,321,1,1,0.9990615492177551,4,312,83,395,0.756845886210608,0.632
2023,338,1,1,0.9992100675639884,4,312,83,395,0.7573751847491169,0.6349206349206349
2024,355,1,1,0.998961177615051,4,312,83,395,0.757905915394067,0.6377952755905512
2025,369,1,0,0.17526784486888752,4,313,83,396,0.7533119229225211,0.6328125
2026,370,1,0,0.21047773670009662,4,314,83,397,0.7487451984635084,0.627906976744186
2027,373,1,1,0.9447572675015818,4,314,83,397,0.7493274670018857,0.6307692307692307
2028,380,1,1,0.9992369626538091,4,314,83,397,0.7499123668504949,0.6335877862595419
2029,413,1,0,0.01904814165659221,4,315,83,398,0.7454259501965924,0.6287878787878788
2030,422,1,0,0.4677211742519743,4,316,83,399,0.7403318979627811,0.6212121212121212
2031,433,1,1,0.9996643885730201,4,316,83,399,0.7403318979627811,0.6212121212121212
2032,436,1,1,0.999993973197545,4,316,83,399,0.7454259501965924,0.6287878787878788
2033,438,1,1,0.9966265660911884,4,316,83,399,0.7505002648906379,0.6363636363636364
2034,439,1,1,0.9794019096989419,4,316,83,399,0.7505002648906379,0.6363636363636364
2035,442,1,1,0.9998413717786736,4,316,83,399,0.7505002648906379,0.6363636363636364
2036,446,1,0,0.04963612626852459,4,317,83,400,0.7454259501965924,0.6287878787878788
2037,448,1,1,0.5286504235411139,4,317,83,400,0.7454259501965924,0.6287878787878788
2038,479,1,1,0.9899897567880528,4,317,83,400,0.7505002648906379,0.6363636363636364
2039,481,1,0,0.008960747755324645,4,318,83,401,0.7454259501965924,0.6287878787878788
2040,486,1,1,0.9961973318988411,4,318,83,401,0.7454259501965924,0.6287878787878788
2041,501,1,1,0.9987078777434444,4,318,83,401,0.7505002648906379,0.6363636363636364
2042,502,1,1,0.9999831393892609,4,318,83,401,0.7505002648906379,0.6363636363636364
2043,508,1,1,0.9646457472376786,4,318,83,401,0.7505002648906379,0.6363636363636364
2044,511,1,1,0.9959858646318112,4,318,83,401,0.7505002648906379,0.6363636363636364
2045,513,1,0,0.00014162444267985281,4,319,83,402,0.7505002648906379,0.6363636363636364
2046,517,1,1,0.9970331054521769,4,319,83,402,0.7555555555555555,0.6439393939393939
2047,518,1,0,0.3845987581231078,4,320,83,403,0.7555555555555555,0.6439393939393939
2048,524,1,0,0.2635271545961502,4,321,83,404,0.7555555555555555,0.6439393939393939
2049,535,1,1,0.9698829229971141,4,321,83,404,0.7555555555555555,0.6439393939393939
2050,538,1,1,0.998569424271439,4,321,83,404,0.7555555555555555,0.6439393939393939
2051,573,1,1,0.9147427102192712,4,321,83,404,0.7555555555555555,0.6439393939393939
2052,584,1,0,0.0023488685373676678,4,322,83,405,0.7505002648906379,0.6363636363636364
2053,592,1,1,0.7751846904991873,4,322,83,405,0.7505002648906379,0.6363636363636364
2054,595,1,1,0.9993527708621045,4,322,83,405,0.7555555555555555,0.6439393939393939
2055,600,1,1,0.9990630365387356,4,322,83,405,0.7555555555555555,0.6439393939393939
2056,610,1,1,0.9714193682566409,4,322,83,405,0.7555555555555555,0.6439393939393939
2057,617,1,0,0.0019663545649734352,4,323,83,406,0.7505002648906379,0.6363636363636364
2058,627,1,0,0.07074679670564067,4,324,83,407,0.7454259501965924,0.6287878787878788
2059,629,1,0,0.001244355787401861,4,325,83,408,0.7403318979627811,0.6212121212121212
2060,640,1,1,0.9996766471692341,4,325,83,408,0.7403318979627811,0.6212121212121212
2061,668,1,0,0.06552579437186276,4,326,83,409,0.7352173913043478,0.6136363636363636
2062,670,1,1,0.9861947499760847,4,326,83,409,0.7352173913043478,0.6136363636363636
2063,684,1,1,0.9987010524639254,4,326,83,409,0.7352173913043478,0.6136363636363636
2064,693,1,1,0.9966392889431622,4,326,83,409,0.7352173913043478,0.6136363636363636
2065,710,1,1,0.9985195447496841,4,326,83,409,0.7352173913043478,0.6136363636363636
2066,713,1,0,0.04729561907953766,4,327,83,410,0.7300817096165935,0.6060606060606061
2067,723,1,1,0.9997614570927155,4,327,83,410,0.7352173913043478,0.6136363636363636
2068,728,1,0,0.00014596580760538406,4,328,83,411,0.7352173913043478,0.6136363636363636
2069,743,1,1,0.9906420517984388,4,328,83,411,0.7352173913043478,0.6136363636363636
2070,745,1,0,0.3844919126908161,4,329,83,412,0.7300817096165935,0.6060606060606061
2071,748,1,1,0.9987095298767288,4,329,83,412,0.7352173913043478,0.6136363636363636
2072,750,1,0,0.46247268374863465,4,330,83,413,0.7352173913043478,0.6136363636363636
2073,754,1,1,0.8562750853862932,4,330,83,413,0.7352173913043478,0.6136363636363636
2074,755,1,1,0.6599375423968047,4,330,83,413,0.7352173913043478,0.6136363636363636
2075,757,1,0,0.039088674684299635,4,331,83,414,0.7352173913043478,0.6136363636363636
2076,760,1,0,0.20662987586898457,4,332,83,415,0.7352173913043478,0.6136363636363636
2077,763,1,1,0.864598372874298,4,332,83,415,0.7352173913043478,0.6136363636363636
2078,783,1,1,0.999506521710421,4,332,83,415,0.7403318979627811,0.6212121212121212
2079,800,1,1,0.9979672504654234,4,332,83,415,0.7454259501965924,0.6287878787878788
2080,816,1,0,0.42922870772921223,4,333,83,416,0.7403318979627811,0.6212121212121212
2081,817,1,1,0.9939140527603552,4,333,83,416,0.7403318979627811,0.6212121212121212
2082,824,1,1,0.9961342535558674,4,333,83,416,0.7454259501965924,0.6287878787878788
2083,825,1,1,0.9991924129404025,4,333,83,416,0.7454259501965924,0.6287878787878788
2084,826,1,0,0.2778109804926035,4,334,83,417,0.7403318979627811,0.6212121212121212
2085,838,1,1,0.999769965578121,4,334,83,417,0.7403318979627811,0.6212121212121212
2086,847,1,0,0.05806260448520335,4,335,83,418,0.7352173913043478,0.6136363636363636
2087,848,1,1,0.9032228127391434,4,335,83,418,0.7403318979627811,0.6212121212121212
2088,872,1,1,0.999574609860354,4,335,83,418,0.7454259501965924,0.6287878787878788
2089,873,1,1,0.9969777859927992,4,335,83,418,0.7505002648906379,0.6363636363636364
2090,877,1,1,0.9989868364186333,4,335,83,418,0.7505002648906379,0.6363636363636364
2091,882,1,1,0.9966509312933037,4,335,83,418,0.7505002648906379,0.6363636363636364
2092,885,1,1,0.9999514506348485,4,335,83,418,0.7505002648906379,0.6363636363636364
2093,901,1,0,0.04630261068776693,4,336,83,419,0.7505002648906379,0.6363636363636364
2094,902,1,1,0.9984092378956656,4,336,83,419,0.7555555555555555,0.6439393939393939
2095,903,1,0,0.004859050636200389,4,337,83,420,0.7505002648906379,0.6363636363636364
2096,904,1,1,0.9999926174746901,4,337,83,420,0.7555555555555555,0.6439393939393939
2097,911,1,1,0.9960644514033412,4,337,83,420,0.7555555555555555,0.6439393939393939
2098,913,1,1,0.9951653576671051,4,337,83,420,0.7605925326727168,0.6515151515151515
2099,916,1,0,0.08861158365121528,5,338,83,421,0.7555555555555555,0.6439393939393939
2100,920,1,1,0.7980390314743778,5,338,83,421,0.7605925326727168,0.6515151515151515
2101,923,1,1,0.9972654161347995,5,338,83,421,0.7656119040388703,0.6590909090909091
2102,950,1,1,0.9983583374497661,5,338,83,421,0.7656119040388703,0.6590909090909091
2103,995,1,0,0.335220003430397,5,339,83,422,0.7656119040388703,0.6590909090909091
2104,1004,1,1,0.8645356176279395,5,339,83,422,0.7656119040388703,0.6590909090909091
2105,1022,1,1,0.9979215748968846,5,339,83,422,0.7656119040388703,0.6590909090909091
2106,1023,1,1,0.9995263328128683,5,339,83,422,0.7656119040388703,0.6590909090909091
2107,1025,1,1,0.9995856646304098,5,339,83,422,0.7706143751108407,0.6666666666666666
2108,1037,1,1,0.9999894166285227,5,339,83,422,0.7756006493506493,0.6742424242424242
2109,1054,1,1,0.9983065301070119,5,339,83,422,0.7805714285714287,0.6818181818181818
2110,1058,1,0,0.008206279238065052,5,340,83,423,0.7756006493506493,0.6742424242424242
2111,1087,1,1,0.9344792420268654,5,340,83,423,0.7756006493506493,0.6742424242424242
2112,1093,1,1,0.5638781307809037,5,340,83,423,0.7805714285714287,0.6818181818181818
2113,1107,1,0,0.0004744399715574799,5,341,83,424,0.7756006493506493,0.6742424242424242
2114,1108,1,1,0.9995678473976729,5,341,83,424,0.7756006493506493,0.6742424242424242
2115,1109,1,1,0.9925291517471816,5,341,83,424,0.7756006493506493,0.6742424242424242
2116,1115,1,1,0.9982517034651364,5,341,83,424,0.7805714285714287,0.6818181818181818
2117,1120,1,0,0.02279960605439847,5,342,83,425,0.7760827993083105,0.6766917293233082
2118,1127,1,0,0.0482778338213547,5,343,83,426,0.776386939273726,0.6716417910447762
2119,1128,1,1,0.9995293097527037,5,343,83,426,0.7768971848225215,0.674074074074074
2120,1129,1,1,0.9921821356179803,5,343,83,426,0.7774117647058825,0.6764705882352942
2121,1137,1,1,0.9991870540771945,5,343,83,426,0.7779310344827587,0.6788321167883211
2122,1144,1,0,0.16501337460140075,5,344,83,427,0.7735699416617409,0.6739130434782609
2123,1153,1,1,0.8961815091553251,5,344,83,427,0.7741212121212121,0.6762589928057554
2124,1155,1,0,0.41801385010084546,5,345,83,428,0.7698222405952874,0.6714285714285714
2125,1182,1,1,0.9986299947559204,5,345,83,428,0.7704077186430127,0.6737588652482269
2126,1185,1,1,0.9919672159316153,5,345,83,428,0.7709999999999999,0.676056338028169
2127,1190,1,0,0.06932129257939078,5,346,83,429,0.7667963673373522,0.6713286713286714
2128,1209,1,1,0.9999032349153578,5,346,83,429,0.7721267915053877,0.6736111111111112
2129,1213,1,1,0.9864988799988372,5,346,83,429,0.7727616645649432,0.6758620689655173
2130,1221,1,1,0.9972092856171125,5,346,83,429,0.773405131453912,0.678082191780822
2131,1231,1,1,0.9981082139767783,5,346,83,429,0.7740577249575551,0.6802721088435374
2132,1235,1,1,0.9991273380577488,5,346,83,429,0.7747200000000001,0.6824324324324325
2133,1246,1,1,0.9900645203023549,5,346,83,429,0.7753925353925354,0.6845637583892618
2134,1253,1,0,0.00955038367124151,5,347,83,430,0.7714097496706193,0.68
2135,1257,1,1,0.9995402827071447,5,347,83,430,0.7721284651791751,0.6821192052980133
2136,1266,1,0,0.01006036954294071,5,348,83,431,0.7682291666666667,0.6776315789473685
2137,1291,1,1,0.999539627709381,5,348,83,431,0.7689977071732721,0.6797385620915033
2138,1297,1,1,0.9994530050426195,5,348,83,431,0.7697802197802198,0.6818181818181818
2139,1299,1,1,0.9974677897636741,5,348,83,431,0.7705774975107866,0.6838709677419355
2140,1301,1,1,0.9963618329241791,5,348,83,431,0.7713903743315507,0.6858974358974359
2141,1315,1,0,0.1347779016698863,5,349,83,432,0.7677023060796645,0.6815286624203821
2142,1318,1,0,0.06332831262959757,5,350,83,433,0.7640713724610033,0.6772151898734177
2143,1328,1,0,0.04412999070752216,5,351,83,434,0.7604992819126467,0.6729559748427673
2144,1336,1,1,0.9950289050120676,5,351,83,434,0.7614631516217827,0.675
2145,1337,1,1,0.9997836243579137,5,351,83,434,0.762448296575989,0.6770186335403726
2146,1340,1,0,0.05093202620227608,5,352,83,435,0.7590349264705882,0.6728395061728395
2147,1352,1,1,0.9986608336309909,5,352,83,435,0.7645718323671079,0.6748466257668712
2148,1368,1,0,0.04703012418915984,5,353,83,436,0.7612513034410844,0.6707317073170732
2149,1378,1,1,0.9768322704690581,5,353,83,436,0.7623772791023843,0.6727272727272727
2150,1387,1,0,0.08315823854848658,5,354,83,437,0.7591822957940769,0.6686746987951807
2151,1403,1,1,0.99773117442485,5,354,83,437,0.7603942652329749,0.6706586826347305
2152,1408,1,1,0.9060654850209816,5,354,83,437,0.7616376087801668,0.6726190476190477
2153,1409,1,0,0.21818044413234763,5,355,83,438,0.7586392595263853,0.6686390532544378
2154,1417,1,1,0.9950141642481956,5,355,83,438,0.7599805730937349,0.6705882352941176
2155,1450,1,1,0.9965342920526249,5,355,83,438,0.7613593424119739,0.672514619883041
2156,1470,1,0,0.0012534674927275526,5,356,83,439,0.7585791372452283,0.6686046511627907
2157,1496,1,1,0.9958618338602626,5,356,83,439,0.7600701393434958,0.6705202312138728
2158,1502,1,1,0.9954756096177122,5,356,83,439,0.7616059774898326,0.6724137931034483
2159,1512,1,0,0.0691438536103578,5,357,83,440,0.7590690005073567,0.6685714285714286
2160,1515,1,1,0.9998265993159284,5,357,83,440,0.7607341804646387,0.6704545454545454
2161,1518,1,1,0.9992244762154883,5,357,83,440,0.7624532224532226,0.672316384180791
2162,1523,1,1,0.6044661708936092,5,357,83,440,0.7642295038820898,0.6741573033707865
2163,1528,1,0,6.325677844860178e-05,5,358,83,441,0.7620580151660651,0.6703910614525139
2164,1540,1,1,0.9971180752057465,5,358,83,441,0.7639920802711501,0.6722222222222223
2165,1559,1,0,0.22547654169857198,5,359,83,442,0.7620354101905663,0.6685082872928176
2166,1592,1,1,0.9903382179680079,5,359,83,442,0.7641447368421054,0.6703296703296703
2167,1599,1,1,0.9960783885039058,5,359,83,442,0.7663329161451816,0.6721311475409836
2168,1604,1,1,0.9994939177660616,5,359,83,442,0.7686053077357425,0.6739130434782609
2169,1605,1,1,0.9981483815636263,5,359,83,442,0.7709677419354839,0.6756756756756757
2170,1631,1,0,0.07636275709711955,5,360,83,443,0.7696108963474114,0.6720430107526881
2171,1655,1,1,0.9976727150637221,5,360,83,443,0.7722048400719769,0.6737967914438503
2172,1658,1,1,0.9995399360492173,5,360,83,443,0.7749094304388422,0.675531914893617
2173,1660,1,1,0.9884814823599861,5,360,83,443,0.7777328873855041,0.6772486772486772
2174,1670,1,1,0.9829201406123272,5,360,83,443,0.7806842370060761,0.6789473684210526
2175,1673,1,1,0.9978397157312467,5,360,83,443,0.7837734137781457,0.680628272251309
2176,1674,1,1,0.9789133208401308,5,360,83,443,0.787011378714165,0.6822916666666666
2177,1688,1,1,0.9986153325794513,5,360,83,443,0.7904102564102564,0.6839378238341969
2178,1689,1,1,0.9884806568711061,5,360,83,443,0.7939834946168992,0.6855670103092784
2179,1709,1,1,0.9356186980544313,5,360,83,443,0.7977460507727214,0.6871794871794872
2180,1715,1,1,0.996141760821437,5,360,83,443,0.8017146109724593,0.6887755102040817
2181,1730,1,1,0.992671499542366,5,360,83,443,0.8059078481466543,0.6903553299492385
2182,1736,1,1,0.9993080974156471,5,360,83,443,0.8103467278989668,0.6919191919191919
2183,1758,1,1,0.9920539005444652,5,360,83,443,0.8150548725919645,0.6934673366834171
2184,1771,1,1,0.9993094348034741,5,360,83,443,0.8200589970501475,0.695
2185,1800,1,1,0.694192904194436,5,360,83,443,0.8200589970501475,0.695
2186,1801,1,1,0.9972661774693923,5,360,83,443,0.8200589970501475,0.695
2187,1829,1,0,2.608944575403337e-05,5,361,83,444,0.8165680473372781,0.69
2188,1831,1,1,0.9988717203036753,5,361,83,444,0.8165680473372781,0.69
2189,1836,1,1,0.9971546665711805,5,361,83,444,0.8165680473372781,0.69
2190,1840,1,1,0.9775622496155637,5,361,83,444,0.8165680473372781,0.69
2191,1843,1,1,0.9956883164147846,5,361,83,444,0.8200589970501475,0.695
2192,1845,1,1,0.9794602370984578,5,361,83,444,0.8200589970501475,0.695
2193,1852,1,0,0.0005515687750362942,5,362,83,445,0.8165680473372781,0.69
2194,1854,1,0,0.2933015263464708,5,363,83,446,0.8165680473372781,0.69
2195,1855,1,1,0.9484340559165543,5,363,83,446,0.8200589970501475,0.695
2196,1864,1,0,0.0009071810405530402,5,364,83,447,0.8200589970501475,0.695
2197,1872,1,1,0.9285988764237968,5,364,83,447,0.8235294117647058,0.7
2198,1879,1,1,0.893698736133934,5,364,83,447,0.8235294117647058,0.7
2199,1903,1,0,0.13907614203145688,6,365,83,448,0.8200589970501475,0.695
2200,1909,1,1,0.9949731987663274,6,365,83,448,0.8200589970501475,0.695
2201,1914,1,0,0.052746908541143195,6,366,83,449,0.8200589970501475,0.695
2202,1915,1,0,0.017396505254267502,6,367,83,450,0.8165680473372781,0.69
2203,1928,1,1,0.8644586284612583,6,367,83,450,0.8165680473372781,0.69
2204,1929,1,1,0.9995823758107968,6,367,83,450,0.8165680473372781,0.69
2205,1937,1,1,0.7891531202566945,6,367,83,450,0.8165680473372781,0.69
2206,1942,1,1,0.9740890755246272,6,367,83,450,0.8200589970501475,0.695
2207,1947,1,1,0.8598557975601544,6,367,83,450,0.8235294117647058,0.7
2208,1948,1,1,0.999988812943283,6,367,83,450,0.8269794721407625,0.705
2209,1959,1,1,0.9761453788369866,6,367,83,450,0.8269794721407625,0.705
2210,1996,1,1,0.979335918797736,6,367,83,450,0.8269794721407625,0.705
2211,2004,1,0,0.11716430133356635,6,368,83,451,0.8235294117647058,0.7
2212,2009,1,1,0.9864565234992528,6,368,83,451,0.8235294117647058,0.7
2213,2025,1,0,0.3361908604664369,6,369,83,452,0.8200589970501475,0.695
2214,2041,1,1,0.9995667833441851,6,369,83,452,0.8200589970501475,0.695
2215,2042,1,1,0.9978937346733003,6,369,83,452,0.8200589970501475,0.695
2216,2046,1,0,0.10923739075032456,6,370,83,453,0.8165680473372781,0.69
2217,2056,1,1,0.9987412058601431,6,370,83,453,0.8200589970501475,0.695
2218,2087,1,1,0.9971302684020021,6,370,83,453,0.8235294117647058,0.7
2219,2113,1,1,0.9990879780553283,6,370,83,453,0.8269794721407625,0.705
2220,2115,1,1,0.9985680524554369,6,370,83,453,0.8304093567251463,0.71
2221,2135,1,0,0.01619121987310304,6,371,83,454,0.8269794721407625,0.705
2222,2151,1,1,0.9972395011896376,6,371,83,454,0.8269794721407625,0.705
2223,2160,1,1,0.9996614034852397,6,371,83,454,0.8269794721407625,0.705
2224,2172,1,0,0.0003606253495069999,6,372,83,455,0.8235294117647058,0.7
2225,2214,1,1,0.9966247174613251,6,372,83,455,0.8269794721407625,0.705
2226,2216,1,0,0.00010033293704933167,6,373,83,456,0.8269794721407625,0.705
2227,2228,1,1,0.9968603604403986,6,373,83,456,0.8269794721407625,0.705
2228,2229,1,0,6.4497272055997e-07,6,374,83,457,0.8235294117647058,0.7
2229,2238,1,1,0.9993467009192487,6,374,83,457,0.8269794721407625,0.705
2230,2248,1,1,0.9999874276676781,6,374,83,457,0.8304093567251463,0.71
2231,2254,1,1,0.9951884015380368,6,374,83,457,0.8304093567251463,0.71
2232,2262,1,1,0.9998645012486865,6,374,83,457,0.8304093567251463,0.71
2233,2272,1,0,0.02981327522025134,6,375,83,458,0.8269794721407625,0.705
2234,2278,1,1,0.9995395993844924,6,375,83,458,0.8269794721407625,0.705
2235,2281,1,1,0.9992514260310711,6,375,83,458,0.8269794721407625,0.705
2236,2282,1,1,0.9991275835527634,6,375,83,458,0.8304093567251463,0.71
2237,2290,1,1,0.7691402347859866,6,375,83,458,0.8304093567251463,0.71
2238,2298,1,0,0.06398307094856086,6,376,83,459,0.8269794721407625,0.705
2239,2300,1,1,0.9818888133243693,6,376,83,459,0.8304093567251463,0.71
2240,2303,1,1,0.9873571421854956,6,376,83,459,0.8304093567251463,0.71
2241,2310,1,1,0.9998411647985938,6,376,83,459,0.8304093567251463,0.71
2242,2316,1,1,0.9772143090578687,6,376,83,459,0.8304093567251463,0.71
2243,2320,1,1,0.9823220209282039,6,376,83,459,0.8304093567251463,0.71
2244,2322,1,1,0.9981776178552113,6,376,83,459,0.8304093567251463,0.71
2245,2323,1,0,0.0003249633447787041,6,377,83,460,0.8304093567251463,0.71
2246,2334,1,0,0.48371678458446704,6,378,83,461,0.8269794721407625,0.705
2247,2341,1,0,0.009057567895364502,6,379,83,462,0.8269794721407625,0.705
2248,2344,1,1,0.6815012111922594,6,379,83,462,0.8304093567251463,0.71
2249,2363,1,1,0.9994393611426088,6,379,83,462,0.8304093567251463,0.71
2250,2371,1,1,0.9977750353578598,6,379,83,462,0.8304093567251463,0.71
2251,2390,1,1,0.9897608602397284,6,379,83,462,0.8304093567251463,0.71
2252,2402,1,1,0.9517316244107242,6,379,83,462,0.8338192419825073,0.715
2253,2413,1,1,0.999295060281524,6,379,83,462,0.8338192419825073,0.715
2254,2428,1,0,0.05221145678940516,6,380,83,463,0.8304093567251463,0.71
2255,2433,1,1,0.9989106410589756,6,380,83,463,0.8304093567251463,0.71
2256,2439,1,1,0.9858031917712367,6,380,83,463,0.8304093567251463,0.71
2257,2440,1,1,0.9932074820006517,6,380,83,463,0.8338192419825073,0.715
2258,2449,1,1,0.9935833276574089,6,380,83,463,0.8372093023255814,0.72
2259,2460,1,1,0.9992612002965074,6,380,83,463,0.8405797101449275,0.725
2260,2462,1,0,0.027727466193735374,6,381,83,464,0.8372093023255814,0.72
2261,2481,1,0,0.00025449610705768926,6,382,83,465,0.8372093023255814,0.72
2262,2499,1,1,0.9982581450879083,6,382,83,465,0.8372093023255814,0.72
2263,2538,0,0,0.00018150012220653094,6,382,83,465,0.8322484371849164,0.7185929648241206
2264,2558,0,0,0.00011144460583360542,6,382,83,465,0.827607843137255,0.7171717171717171
2265,2594,0,0,0.00015303060690170548,6,382,83,465,0.8232563466310364,0.7157360406091371
2266,2632,0,0,0.0005844817519013123,6,382,83,465,0.8225990297206914,0.7193877551020408
2267,2829,0,0,0.0031148603163904465,6,382,83,465,0.8187715269804822,0.717948717948718
2268,2838,0,0,0.0013953023177904911,6,382,83,465,0.8186281981491562,0.7216494845360825
2269,2842,0,0,0.00024329879391464965,6,382,83,465,0.8152480510276399,0.7202072538860104
2270,2854,0,0,4.23879858814725e-05,6,382,83,465,0.8155593502342485,0.7239583333333334
2271,2878,0,0,0.00036931442797186615,6,382,83,465,0.8125634659017936,0.7225130890052356
2272,2880,0,0,4.477394859552467e-05,6,382,83,465,0.8132791327913279,0.7263157894736842
2273,2943,0,0,0.0013070437937726354,6,382,83,465,0.810615155032333,0.7248677248677249
2274,2977,0,0,2.349480820948439e-05,6,382,83,465,0.8080831708901884,0.723404255319149
2275,2979,0,0,0.003524601692058597,6,382,83,465,0.8093164730006834,0.7272727272727273
2276,3027,0,0,0.10312077319338321,6,382,83,465,0.8107182672400064,0.7311827956989247
2277,3065,0,0,0.0006667680681562764,6,382,83,465,0.80859375,0.7297297297297297
2278,3079,0,0,0.0013046825500981952,6,382,83,465,0.8065654241448076,0.7282608695652174
2279,3109,0,0,3.5369189947959495e-05,6,382,83,465,0.8046262808921036,0.726775956284153
2280,3111,0,0,0.3446560008615792,6,382,83,465,0.8065620915032681,0.7307692307692307
2281,3171,0,0,0.0005192306436431957,6,382,83,465,0.8048169365796335,0.7292817679558011
2282,3204,0,0,0.004112270617110529,6,382,83,465,0.8031431771379025,0.7277777777777777
2283,3218,0,0,7.723059221154768e-05,6,382,83,465,0.8015359721184965,0.7262569832402235
2284,3221,0,0,0.0003562925000039817,6,382,83,465,0.8039073969508752,0.7303370786516854
2285,3252,0,0,0.10851292455320213,6,382,83,465,0.8024530663329162,0.7288135593220338
2286,3305,0,0,0.0001310560658869676,6,382,83,465,0.8050250215703193,0.7329545454545454
2287,3333,0,1,0.6836274110186777,6,382,84,466,0.7993421052631579,0.7314285714285714
2288,3349,0,0,0.00023609084087929184,6,382,84,466,0.7980483849168806,0.7298850574712644
2289,3352,0,0,0.0010063177914810828,6,382,84,466,0.7968,0.7283236994219653
2290,3357,0,0,0.004337886980992453,6,382,84,466,0.7955941571259376,0.7267441860465116
2291,3359,0,0,0.00023709008912449787,6,382,84,466,0.7944282744282744,0.7251461988304093
2292,3368,0,1,0.9935325383132014,6,382,85,467,0.7888135593220339,0.7235294117647059
2293,3426,0,0,3.623696214413025e-05,6,382,85,467,0.7918521370812477,0.727810650887574
2294,3477,0,0,1.7794583467529225e-05,6,382,85,467,0.7908066971080668,0.7261904761904762
2295,3488,0,0,0.006514305608457326,6,382,85,467,0.7939906680538479,0.7305389221556886
2296,3503,0,0,1.9245605631658128e-05,6,382,85,467,0.7930353190560803,0.7289156626506024
2297,3709,0,0,0.1774771368651744,6,382,85,467,0.7921078597638064,0.7272727272727273
2298,3724,0,0,4.2536062110437535e-05,6,382,85,467,0.7912067124332571,0.725609756097561
2299,3787,0,0,0.00013557902513688334,6,382,85,467,0.7946308887809616,0.7300613496932515
2300,3839,0,0,5.683484647867499e-05,6,382,85,467,0.7938045438153626,0.7283950617283951
2301,3852,0,0,0.00010088875362670287,6,382,85,467,0.7930000000000001,0.7267080745341615
2302,3855,0,0,0.00016312340804379107,6,382,85,467,0.7922160632150017,0.725
2303,3881,0,0,0.00010224495078016634,6,382,85,467,0.7958483754512636,0.7295597484276729
2304,3897,0,0,0.0004410945735835442,6,382,85,467,0.7951272727272726,0.7278481012658228
2305,3911,0,0,3.3764986055271124e-05,6,382,85,467,0.7944232932421909,0.7261146496815286
2306,3913,0,0,0.15942004529849213,6,382,85,467,0.7937355187505364,0.7243589743589743
2307,3921,0,0,0.00025257510149231406,6,382,85,467,0.7930630835154233,0.7225806451612903
2308,4058,0,0,7.17332444570078e-05,6,382,85,467,0.7924051702289431,0.7207792207792207
2309,4283,0,0,0.020917470049510858,6,382,85,467,0.7917610062893082,0.7189542483660131
2310,4346,0,0,0.027145129187919562,6,382,85,467,0.7956862745098039,0.7236842105263158
2311,4397,0,0,9.46502425059421e-05,6,382,85,467,0.7950901648412436,0.7218543046357616
2312,4420,0,0,0.0001637932826711998,6,382,85,467,0.7945054945054946,0.72
2313,4423,0,0,0.004187388988185379,6,382,85,467,0.7985467838659328,0.7248322147651006
2314,4475,0,0,2.942626042804177e-05,6,382,85,467,0.7980049522461974,0.722972972972973
2315,4560,0,0,0.00020710891012487286,6,382,85,467,0.7974726166328601,0.7210884353741497
2316,4699,0,0,0.00015822793284108816,6,382,85,467,0.796949261918206,0.7191780821917808
2317,4736,0,0,0.0003392656595147484,6,382,85,467,0.8011261261261262,0.7241379310344828
2318,4747,0,0,3.0368063299303334e-05,6,382,85,467,0.8053434583812401,0.7291666666666666
2319,4776,0,0,3.786378051696015e-05,6,382,85,467,0.804884970344956,0.7272727272727273
2320,4818,0,0,0.00019334996718818593,6,382,85,467,0.8044333306872007,0.7253521126760564
2321,4834,0,0,0.00029354893176964227,6,382,85,467,0.8039881500987491,0.723404255319149
2322,4842,0,0,7.18270301836307e-05,6,382,85,467,0.8083228247162674,0.7285714285714285
2323,4918,0,0,0.0029003545520875475,6,382,85,467,0.807908777068731,0.7266187050359713
2324,4943,0,0,0.000350101029098724,6,382,85,467,0.8123025131135989,0.7318840579710145
2325,4961,0,0,0.0001888538949960465,6,382,85,467,0.8119174094960888,0.7299270072992701
2326,4983,0,1,0.5712317532121858,6,382,86,468,0.8067019400352734,0.7279411764705882
2327,12,1,0,0.06911208100321536,6,383,86,469,0.8067019400352734,0.7279411764705882
2328,160,1,0,0.0007383275728376551,6,384,86,470,0.8018720716522999,0.7205882352941176
2329,165,1,0,0.0007689986381593888,6,385,86,471,0.7970318313352626,0.7132352941176471
2330,207,1,0,0.04329591728748726,6,386,86,472,0.792180528691167,0.7058823529411765
2331,253,1,0,0.00048374264343895273,6,387,86,473,0.7873174750283184,0.6985294117647058
2332,383,1,1,0.9374538846644019,6,387,86,473,0.7873174750283184,0.6985294117647058
2333,399,1,1,0.9828140702068109,6,387,86,473,0.7873174750283184,0.6985294117647058
2334,406,1,0,0.0016913321977255502,6,388,86,474,0.7873174750283184,0.6985294117647058
2335,408,1,0,0.0001304980878548606,6,389,86,475,0.782441982986816,0.6911764705882353
2336,616,1,0,0.02088481818415548,6,390,86,476,0.782441982986816,0.6911764705882353
2337,703,1,0,0.10448245053755362,6,391,86,477,0.7775533661740558,0.6838235294117647
2338,732,1,0,0.18039238852740225,6,392,86,478,0.7726509388047851,0.6764705882352942
2339,811,1,0,0.020094950167572113,6,393,86,479,0.7677340153452685,0.6691176470588235
2340,968,1,0,0.00011090338417623262,6,394,86,480,0.7628019101611379,0.6617647058823529
2341,982,1,0,0.02022014998468166,6,395,86,481,0.7628019101611379,0.6617647058823529
2342,1049,1,1,0.9996189137541628,6,395,86,481,0.7677340153452685,0.6691176470588235
2343,1051,1,0,0.0012115338674408475,6,396,86,482,0.7677340153452685,0.6691176470588235
2344,1073,1,0,0.02045768434490352,6,397,86,483,0.7628019101611379,0.6617647058823529
2345,1092,1,1,0.9952376521250773,6,397,86,483,0.7628019101611379,0.6617647058823529
2346,1140,1,0,3.0750799662268e-05,6,398,86,484,0.7628019101611379,0.6617647058823529
2347,1151,1,0,0.0025208219175232227,6,399,86,485,0.7578539371685027,0.6544117647058824
2348,1161,1,1,0.5187042998410523,6,399,86,485,0.7628019101611379,0.6617647058823529
2349,1166,1,0,0.026525679104389712,6,400,86,486,0.7578539371685027,0.6544117647058824
2350,1199,1,0,0.0034747639765776613,6,401,86,487,0.7578539371685027,0.6544117647058824
2351,1245,1,1,0.9810396276980751,6,401,86,487,0.7578539371685027,0.6544117647058824
2352,1252,1,0,0.026519106299304963,6,402,86,488,0.7528894094879174,0.6470588235294118
2353,1354,1,0,0.001674618176848077,6,403,86,489,0.7528894094879174,0.6470588235294118
2354,1402,1,0,0.02748169285691278,6,404,86,490,0.7479076391008036,0.6397058823529411
2355,1416,1,1,0.7885021001388777,6,404,86,490,0.7479076391008036,0.6397058823529411
2356,1620,1,0,0.013261013067074896,6,405,86,491,0.7479076391008036,0.6397058823529411
2357,1650,1,0,0.00010577246735858021,6,406,86,492,0.7429079365079366,0.6323529411764706
2358,1682,1,0,0.2507055800451644,6,407,86,493,0.7378896103896103,0.625
2359,1686,1,0,0.011962032182572647,6,408,86,494,0.7378896103896103,0.625
2360,1699,1,0,0.003074808604563056,6,409,86,495,0.7328519672671076,0.6176470588235294
2361,1781,1,0,0.11311788675562728,6,410,86,496,0.7277943111650977,0.6102941176470589
2362,1783,1,0,0.004957412853109052,6,411,86,497,0.7227159432746025,0.6029411764705882
2363,1820,1,1,0.589133846154234,6,411,86,497,0.7277943111650977,0.6102941176470589
2364,1891,1,0,1.586923918827085e-05,6,412,86,498,0.7227159432746025,0.6029411764705882
2365,1932,1,1,0.9990660545477522,6,412,86,498,0.7277943111650977,0.6102941176470589
2366,1971,1,0,0.008244965464119845,6,413,86,499,0.7227159432746025,0.6029411764705882
2367,1999,1,0,0.0039958798293196415,6,414,86,500,0.7176161616161616,0.5955882352941176
2368,2019,1,0,0.016905669159431487,6,415,86,501,0.7124942607028432,0.5882352941176471
2369,2058,1,1,0.9929009714486544,6,415,86,501,0.7124942607028432,0.5882352941176471
2370,2066,1,0,0.000423952426336822,6,416,86,502,0.7124942607028432,0.5882352941176471
2371,2067,1,1,0.7701393996836718,6,416,86,502,0.7124942607028432,0.5882352941176471
2372,2098,1,0,0.000379914059336994,6,417,86,503,0.7073495312027421,0.5808823529411765
2373,2208,1,0,0.03204674396122036,6,418,86,504,0.7021812596006144,0.5735294117647058
2374,2222,1,1,0.9943653067391954,6,418,86,504,0.7021812596006144,0.5735294117647058
2375,2296,1,0,0.001807852987544879,6,419,86,505,0.6969887278582931,0.5661764705882353
2376,2311,1,1,0.8176263796438631,6,419,86,505,0.6969887278582931,0.5661764705882353
2377,2319,1,1,0.9979270677998323,6,419,86,505,0.6969887278582931,0.5661764705882353
2378,2367,1,0,0.016958202084940442,6,420,86,506,0.6917712130735387,0.5588235294117647
2379,2378,1,0,1.586923918827085e-05,6,421,86,507,0.686527987136971,0.5514705882352942
2380,2422,1,0,0.0071138830965273075,6,422,86,508,0.6812583163867341,0.5441176470588235
2381,2566,0,0,0.051655989535948854,6,422,86,508,0.6802891246019209,0.5407407407407407
2382,2577,0,0,5.152113513283008e-06,6,422,86,508,0.6793231293369072,0.5373134328358209
2383,2700,0,0,0.00046467546536373356,6,422,86,508,0.6783597406823358,0.5338345864661654
2384,2823,0,0,0.0016448938928329026,6,422,86,508,0.6773983739837399,0.5303030303030303
2385,2868,0,0,4.12573001622281e-05,6,422,86,508,0.6764384486509465,0.5267175572519084
2386,2876,0,0,5.2695455545506e-05,6,422,86,508,0.6754793869846746,0.5230769230769231
2387,2890,0,0,0.00011340026282681003,6,422,86,508,0.68,0.5271317829457365
2388,2910,0,0,0.0005418448026441755,6,422,86,508,0.6790719071907191,0.5234375
2389,2964,0,0,1.4055900994522976e-05,6,422,86,508,0.6781432573029211,0.5196850393700787
2390,3022,0,0,0.0003761324146731414,6,422,86,508,0.6772134921429286,0.5158730158730159
2391,3046,0,0,8.71677838874767e-05,6,422,86,508,0.6762820512820512,0.512
2392,3073,0,0,0.004105487721368548,6,422,86,508,0.6753483709273184,0.5080645161290323
2393,3081,0,0,7.353275037652997e-05,6,422,86,508,0.6800473933649289,0.5121951219512195
2394,3133,0,0,7.28691122038454e-05,6,422,86,508,0.6847731834604577,0.5163934426229508
2395,3144,0,0,0.0017640281757626993,6,422,86,508,0.6838940809968846,0.512396694214876
2396,3170,0,0,3.810254808166181e-05,6,422,86,508,0.688673790069139,0.5166666666666667
2397,3194,0,0,0.023687079108805336,6,422,86,508,0.6878187403993856,0.5126050420168067
2398,3301,0,0,0.2836486112431549,6,422,86,508,0.6869593077524659,0.5084745762711864
2399,3451,0,0,0.4885677647707078,7,422,86,508,0.6918181818181819,0.5128205128205128
2400,3519,0,0,4.830446302494588e-05,7,422,86,508,0.6909808685089583,0.5086206896551724
2401,3539,0,0,1.7958419055119737e-05,7,422,86,508,0.6958893871449925,0.5130434782608696
2402,3584,0,0,0.00018644279792576473,7,422,86,508,0.7008198051948051,0.5175438596491229
2403,3680,0,0,0.11911942525697827,7,422,86,508,0.7000294985250739,0.5132743362831859
2404,3768,0,0,0.0007555705783841572,7,422,86,508,0.6992329661362708,0.5089285714285714
2405,3776,0,0,5.637651057936776e-05,7,422,86,508,0.6984296675191816,0.5045045045045045
2406,3789,0,1,0.9958718202308463,7,422,87,509,0.6930531007454084,0.5
2407,3797,0,0,3.645495177641067e-05,7,422,87,509,0.6922404975456812,0.4954128440366973
2408,3865,0,0,8.930421754869473e-06,7,422,87,509,0.6914197292069634,0.49074074074074076
2409,3890,0,0,5.175377749626906e-05,7,422,87,509,0.6905901995806477,0.48598130841121495
2410,3941,0,0,0.00028031002075763853,7,422,87,509,0.6897512929130175,0.4811320754716981
2411,3951,0,0,0.000302974016024508,7,422,87,509,0.6948958333333333,0.4857142857142857
2412,4051,0,0,1.8244771433574315e-05,7,422,87,509,0.6940726017365833,0.4807692307692308
2413,4057,0,0,0.00010772817435030539,7,422,87,509,0.6992600456082408,0.4854368932038835
2414,4090,0,0,1.6893661599885976e-05,7,422,87,509,0.6984516129032258,0.4803921568627451
2415,4128,0,0,0.10602283905859658,7,422,87,509,0.69763197586727,0.4752475247524752
2416,4129,0,0,0.0010295617830277535,7,422,87,509,0.7028862478777589,0.48
2417,4379,0,0,0.0004962842641849664,7,422,87,509,0.70208,0.47474747474747475
2418,4432,0,0,7.12926951335332e-05,7,422,87,509,0.7012612612612612,0.46938775510204084
2419,4496,0,0,0.01568861121878613,7,422,87,509,0.7004292956531118,0.4639175257731959
2420,4522,0,0,0.06956030439427544,7,422,87,509,0.6995833333333334,0.4583333333333333
2421,4559,0,0,8.30235279474443e-05,7,422,87,509,0.7049536067045795,0.4631578947368421
2422,4578,0,0,0.00016665899433433465,7,422,87,509,0.7041184041184042,0.4574468085106383
2423,4720,0,0,1.9071405399908258e-05,7,422,87,509,0.7032677306430718,0.45161290322580644
2424,4800,0,0,0.055277530640915666,7,422,87,509,0.7087022900763358,0.45652173913043476
2425,4847,0,0,5.1370026525708704e-05,7,422,87,509,0.7078609625668448,0.45054945054945056
2426,4868,0,0,1.8891732908219885e-05,7,422,87,509,0.7133333333333333,0.45555555555555555
2427,4968,0,0,9.809599497147178e-05,7,422,87,509,0.7125006336064881,0.449438202247191
2428,4969,0,0,0.2634801808556332,7,422,87,509,0.7180099502487561,0.45454545454545453
2429,60,1,0,0.00019417956893974387,7,423,87,510,0.7116501603337213,0.4431818181818182
2430,68,1,0,0.16649418066607566,7,424,87,511,0.7052307692307693,0.4318181818181818
2431,128,1,0,0.20742538572800648,7,425,87,512,0.6987499642438286,0.42045454545454547
2432,169,1,0,0.016782509045443518,7,426,87,513,0.6922058823529411,0.4090909090909091
2433,213,1,0,0.0008817333537562499,7,427,87,514,0.6922058823529411,0.4090909090909091
2434,220,1,0,0.2611298450086552,7,428,87,515,0.6855966081162932,0.3977272727272727
2435,312,1,0,0.0001299614929744919,7,429,87,516,0.678920171474916,0.38636363636363635
2436,315,1,0,0.009096703783353383,7,430,87,517,0.6721745454545455,0.375
2437,333,1,0,0.036332947502135816,7,431,87,518,0.6653576437587658,0.36363636363636365
2438,356,1,0,0.005986641892282119,7,432,87,519,0.6653576437587658,0.36363636363636365
2439,357,1,0,0.011848652690073774,7,433,87,520,0.6584673182471896,0.3522727272727273
2440,388,1,0,0.1814774139401979,7,434,87,521,0.6515013562920156,0.3409090909090909
2441,400,1,1,0.5102913227514932,7,434,87,521,0.6515013562920156,0.3409090909090909
2442,416,1,1,0.8678673912195739,7,434,87,521,0.6515013562920156,0.3409090909090909
2443,488,1,1,0.9660236190301228,7,434,87,521,0.6515013562920156,0.3409090909090909
2444,550,1,0,0.14112843702174288,7,435,87,522,0.6444574780058651,0.32954545454545453
2445,578,1,0,0.0015720504075623853,7,436,87,523,0.6444574780058651,0.32954545454545453
2446,591,1,0,0.014698123225312954,7,437,87,524,0.6444574780058651,0.32954545454545453
2447,603,1,0,0.192747180990371,7,438,87,525,0.6444574780058651,0.32954545454545453
2448,635,1,0,0.00121142039994583,7,439,87,526,0.6373333333333333,0.3181818181818182
2449,654,1,1,0.9775336115036583,7,439,87,526,0.6373333333333333,0.3181818181818182
2450,659,1,0,0.0004521094770020228,7,440,87,527,0.6301264989981757,0.3068181818181818
2451,674,1,1,0.9949120989864967,7,440,87,527,0.6301264989981757,0.3068181818181818
2452,685,1,0,0.0020719541092322808,7,441,87,528,0.6228344752975117,0.29545454545454547
2453,712,1,0,0.004012918387100126,7,442,87,529,0.6154546827338346,0.2840909090909091
2454,795,1,0,0.20307425405360877,7,443,87,530,0.6154546827338346,0.2840909090909091
2455,998,1,0,0.0007246568080334027,7,444,87,531,0.6079844584749878,0.2727272727272727
2456,1011,1,0,0.016108899922570395,7,445,87,532,0.600421052631579,0.26136363636363635
2457,1018,1,0,0.0001893873946082827,7,446,87,533,0.5927616243405717,0.25
2458,1090,1,0,0.01666914672290826,7,447,87,534,0.5850032376429959,0.23863636363636365
2459,1236,1,0,0.05161679335646161,7,448,87,535,0.5771428571428572,0.22727272727272727
2460,1274,1,0,0.0025915353816314906,7,449,87,536,0.5771428571428572,0.22727272727272727
2461,1279,1,0,1.3010804795734703e-05,7,450,87,537,0.5771428571428572,0.22727272727272727
2462,1292,1,1,0.9999576332869743,7,450,87,537,0.5771428571428572,0.22727272727272727
2463,1381,1,0,0.04239318723205321,7,451,87,538,0.5713548765070456,0.2247191011235955
2464,1386,1,0,7.995622577373758e-06,7,452,87,539,0.5655870445344129,0.2222222222222222
2465,1392,1,0,2.763581378866042e-05,7,453,87,540,0.5598398169336385,0.21978021978021978
2466,1415,1,1,0.6222174975020315,7,453,87,540,0.5620186644921626,0.22826086956521738
2467,1461,1,0,0.0021047408222876858,7,454,87,541,0.5563240774131506,0.22580645161290322
2468,1504,1,0,0.0005033956676418438,7,455,87,542,0.5506510362151978,0.22340425531914893
2469,1539,1,0,0.0030156497599440344,7,456,87,543,0.545,0.22105263157894736
2470,1552,1,0,0.00015880789872983484,7,457,87,544,0.5393714268787583,0.21875
2471,1593,1,1,0.991366837863906,7,457,87,544,0.5416186786416601,0.2268041237113402
2472,1685,1,1,0.9900164946391753,7,457,87,544,0.5438109090909091,0.23469387755102042
2473,1690,1,0,0.0007908015902865448,7,458,87,545,0.5382690302398331,0.23232323232323232
2474,1697,1,0,0.004255032183441663,7,459,87,546,0.5327507138530762,0.23
2475,1740,1,0,0.4727289904259815,7,460,87,547,0.5272564338235294,0.22772277227722773
2476,1790,1,0,0.1785797343577221,7,461,87,548,0.5217866643782717,0.22549019607843138
2477,1940,1,1,0.7579239829434539,7,461,87,548,0.524055449927637,0.23300970873786409
2478,1975,1,0,0.2457528115728261,7,462,87,549,0.5186431478968793,0.23076923076923078
2479,1978,1,0,0.0057887336926339345,7,463,87,550,0.5132564557461068,0.22857142857142856
2480,2030,1,0,0.0002769701148824571,7,464,87,551,0.5078958590506116,0.22641509433962265
2481,2069,1,1,0.6614375418286802,7,464,87,551,0.5102139037433155,0.2336448598130841
2482,2070,1,0,0.03850916402586349,7,465,87,552,0.5049129915905748,0.23148148148148148
2483,2072,1,1,0.9992026219392905,7,465,87,552,0.5072182254196642,0.23853211009174313
2484,2157,1,0,0.027920240518939002,7,466,87,553,0.501978021978022,0.23636363636363636
2485,2233,1,1,0.9907154632482237,7,466,87,553,0.5042733922917348,0.24324324324324326
2486,2245,1,0,0.0021733210632985792,7,467,87,554,0.4990949906125003,0.24107142857142858
2487,2250,1,1,0.9999228303901195,7,467,87,554,0.5051909722222222,0.24778761061946902
2488,2264,1,0,0.016969602224890443,7,468,87,555,0.5000594996619337,0.24561403508771928
2489,2325,1,0,0.0038045569935631273,7,469,87,556,0.49495739402437705,0.24347826086956523
2490,2426,1,0,0.004302281700231324,7,470,87,557,0.48988518727649166,0.2413793103448276
2491,2475,1,0,0.1479360456521829,7,471,87,558,0.48484341484341487,0.23931623931623933
2492,2500,0,0,6.516732323395698e-05,7,471,87,558,0.48858836815358553,0.23931623931623933
2493,2501,0,0,0.002129020534821407,7,471,87,558,0.48858836815358553,0.23931623931623933
2494,2536,0,0,0.00015745109843535394,7,471,87,558,0.48858836815358553,0.23931623931623933
2495,2562,0,0,8.602238851223212e-06,7,471,87,558,0.48858836815358553,0.23931623931623933
2496,2573,0,0,0.00044455247488532043,7,471,87,558,0.48858836815358553,0.23931623931623933
2497,2591,0,0,0.00022235857200697556,7,471,87,558,0.48858836815358553,0.23931623931623933
2498,2664,0,0,0.00020977552821904022,7,471,87,558,0.48858836815358553,0.23931623931623933
2499,2708,0,0,0.0009076481245053181,8,471,87,558,0.48858836815358553,0.23931623931623933
2500,2735,0,0,6.448087678175009e-05,8,471,87,558,0.48858836815358553,0.23931623931623933
2501,2746,0,0,0.00042167572147179376,8,471,87,558,0.48858836815358553,0.23931623931623933
2502,2793,0,0,0.0002390149863552403,8,471,87,558,0.48858836815358553,0.23931623931623933
2503,2808,0,0,0.2500484428129004,8,471,87,558,0.48858836815358553,0.23931623931623933
2504,2889,0,0,0.000687396372439806,8,471,87,558,0.48858836815358553,0.23931623931623933
2505,2908,0,0,0.00018158743505438348,8,471,87,558,0.48858836815358553,0.23931623931623933
2506,2941,0,0,0.0002745985905925191,8,471,87,558,0.48858836815358553,0.23931623931623933
2507,2949,0,0,0.0008372008764531362,8,471,87,558,0.48858836815358553,0.23931623931623933
2508,2984,0,0,0.00016262346425737409,8,471,87,558,0.48858836815358553,0.23931623931623933
2509,2992,0,0,5.878189129576835e-05,8,471,87,558,0.48858836815358553,0.23931623931623933
2510,3008,0,0,0.0004538886112087277,8,471,87,558,0.48858836815358553,0.23931623931623933
2511,3016,0,0,1.691579734881272e-05,8,471,87,558,0.48858836815358553,0.23931623931623933
2512,3095,0,0,0.00015956096589359828,8,471,87,558,0.48858836815358553,0.23931623931623933
2513,3267,0,0,9.076991730301065e-05,8,471,87,558,0.48858836815358553,0.23931623931623933
2514,3338,0,0,5.558080960908118e-05,8,471,87,558,0.48858836815358553,0.23931623931623933
2515,3339,0,0,0.0006871021958746238,8,471,87,558,0.48858836815358553,0.23931623931623933
2516,3399,0,0,5.329428953797158e-06,8,471,87,558,0.48858836815358553,0.23931623931623933
2517,3416,0,1,0.5565899271225015,8,471,88,559,0.48484341484341487,0.23931623931623933
2518,3442,0,0,9.338766211252734e-06,8,471,88,559,0.48484341484341487,0.23931623931623933
2519,3458,0,1,0.6941577352905755,8,471,89,560,0.4811008315730368,0.23931623931623933
2520,3574,0,0,3.833157480789298e-05,8,471,89,560,0.4811008315730368,0.23931623931623933
2521,3600,0,0,1.2036290976676816e-05,8,471,89,560,0.4811008315730368,0.23931623931623933
2522,3627,0,0,0.00016035967340925092,8,471,89,560,0.4811008315730368,0.23931623931623933
2523,3716,0,0,0.0032531075174756893,8,471,89,560,0.4811008315730368,0.23931623931623933
2524,3718,0,0,0.0003574604189562698,8,471,89,560,0.4811008315730368,0.23931623931623933
2525,3756,0,0,0.22410361618512348,8,471,89,560,0.4811008315730368,0.23931623931623933
2526,3847,0,0,0.00013926838003665347,8,471,89,560,0.48484341484341487,0.23931623931623933
2527,3888,0,0,0.0003415807380637616,8,471,89,560,0.48988518727649166,0.2413793103448276
2528,3912,0,0,4.802515684025572e-05,8,471,89,560,0.49495739402437705,0.24347826086956523
2529,3918,0,0,3.3557926136747144e-05,8,471,89,560,0.5000594996619337,0.24561403508771928
2530,4016,0,0,0.0005331383961209252,8,471,89,560,0.5051909722222222,0.24778761061946902
2531,4025,0,0,0.0012405348233111857,8,471,89,560,0.5103512829582868,0.25
2532,4099,0,0,0.012185515669397483,8,471,89,560,0.5080744270105972,0.24324324324324326
2533,4117,0,0,0.0002101652117955993,8,471,89,560,0.5057553956834532,0.23636363636363636
2534,4138,0,0,5.7445805804579986e-05,8,471,89,560,0.5110111738024118,0.23853211009174313
2535,4153,0,0,1.7494455166871762e-05,8,471,89,560,0.5162943021287225,0.24074074074074073
2536,4189,0,0,0.00034846716109413313,8,471,89,560,0.5216042780748663,0.24299065420560748
2537,4244,0,1,0.513893871009157,8,471,90,561,0.5231016042780747,0.24528301886792453
2538,4247,0,0,0.0007014514981753464,8,471,90,561,0.5284486373165618,0.24761904761904763
2539,4276,0,0,0.00011615299993687299,8,471,90,561,0.5338211199640894,0.25
2540,4299,0,0,9.820535249504545e-06,8,471,90,561,0.5392185519979725,0.2524271844660194
2541,4375,0,0,0.002320608520101073,8,471,90,561,0.5446404341926729,0.2549019607843137
2542,4445,0,0,8.769623415791202e-05,8,471,90,561,0.5425641025641026,0.24752475247524752
2543,4448,0,0,0.003243947626198702,8,471,90,561,0.5480419920478274,0.25
2544,4464,0,0,8.965403081110629e-05,8,471,90,561,0.5535431985294117,0.25252525252525254
2545,4580,0,0,7.897572242447196e-06,8,471,90,561,0.5514841849148419,0.24489795918367346
2546,4599,0,0,7.649934916358872e-05,8,471,90,561,0.55704,0.24742268041237114
2547,4617,0,0,0.0003163321823003418,8,471,90,561,0.5626180458158018,0.25
2548,4619,0,0,0.1113737313971088,8,471,90,561,0.5605731807996226,0.24210526315789474
2549,4683,0,0,0.0066787253391035264,8,471,90,561,0.5662045676708434,0.24468085106382978
2550,4724,0,0,0.0013641483578490051,8,471,90,561,0.571857142857143,0.24731182795698925
2551,4733,0,0,0.0006006744506873477,8,471,90,561,0.5698232960692391,0.2391304347826087
2552,4769,0,0,0.0005195926113395086,8,471,90,561,0.5755280722418532,0.24175824175824176
2553,4809,0,0,6.709320093768654e-05,8,471,90,561,0.5812530354541039,0.24444444444444444
2554,4840,0,1,0.9978355950525586,8,471,91,562,0.5830888780961633,0.24719101123595505
2555,4874,0,0,0.01880185036622646,8,471,91,562,0.5811262421788738,0.23863636363636365
2556,22,1,0,0.11218560523472464,8,472,91,563,0.5811262421788738,0.23863636363636365
2557,49,1,1,0.8314363577916346,8,472,91,563,0.588839054157132,0.25
2558,61,1,1,0.9984945839680838,8,472,91,563,0.5964545896066052,0.26136363636363635
2559,72,1,1,0.5195944183120415,8,472,91,563,0.6039757180393223,0.2727272727272727
2560,124,1,1,0.9916470077472568,8,472,91,563,0.6114052169731938,0.2840909090909091
2561,126,1,1,0.9984990086144933,8,472,91,563,0.6187457758904273,0.29545454545454547
2562,137,1,0,0.3747754733429634,8,473,91,564,0.6187457758904273,0.29545454545454547
2563,155,1,0,0.11697109749914068,8,474,91,565,0.6114052169731938,0.2840909090909091
2564,196,1,1,0.8784706878423582,8,474,91,565,0.6187457758904273,0.29545454545454547
2565,292,1,1,0.8743725979279665,8,474,91,565,0.6187457758904273,0.29545454545454547
2566,297,1,0,0.003250388627115836,8,475,91,566,0.6187457758904273,0.29545454545454547
2567,323,1,0,0.441352179799228,8,476,91,567,0.6187457758904273,0.29545454545454547
2568,324,1,0,0.0339880168453399,8,477,91,568,0.6187457758904273,0.29545454545454547
2569,341,1,1,0.995401425479376,8,477,91,568,0.6187457758904273,0.29545454545454547
2570,414,1,0,0.38005276769439633,8,478,91,569,0.6187457758904273,0.29545454545454547
2571,441,1,0,0.00013170578591104019,8,479,91,570,0.6114052169731938,0.2840909090909091
2572,452,1,1,0.9985553480273792,8,479,91,570,0.6187457758904273,0.29545454545454547
2573,464,1,1,0.7850083258049907,8,479,91,570,0.6259999999999999,0.3068181818181818
2574,465,1,1,0.9763090673904437,8,479,91,570,0.6259999999999999,0.3068181818181818
2575,476,1,0,0.059871862011229085,8,480,91,571,0.6259999999999999,0.3068181818181818
2576,509,1,1,0.993939809547709,8,480,91,571,0.6259999999999999,0.3068181818181818
2577,531,1,1,0.9961563531830085,8,480,91,571,0.6259999999999999,0.3068181818181818
2578,540,1,0,1.82582165943867e-05,8,481,91,572,0.6259999999999999,0.3068181818181818
2579,557,1,1,0.999974288798484,8,481,91,572,0.6331704138155752,0.3181818181818182
2580,567,1,0,0.009621796531801495,8,482,91,573,0.6331704138155752,0.3181818181818182
2581,611,1,1,0.7117065538013975,8,482,91,573,0.6346027413342725,0.3258426966292135
2582,631,1,1,0.7335932210344923,8,482,91,573,0.6359999999999999,0.3333333333333333
2583,690,1,1,0.9893331751299651,8,482,91,573,0.6373640794900637,0.34065934065934067
2584,696,1,0,0.0010261842792406355,8,483,91,574,0.6317830882352942,0.33695652173913043
2585,738,1,1,0.9174510488537715,8,483,91,574,0.6331452991452992,0.34408602150537637
2586,796,1,0,0.001271212912826281,8,484,91,575,0.6276108856664492,0.3404255319148936
2587,827,1,1,0.9847823893044599,8,484,91,575,0.6289727126805779,0.3473684210526316
2588,849,1,0,0.00033059132120130035,8,485,91,576,0.6234855796206936,0.34375
2589,875,1,1,0.9980093565357707,8,485,91,576,0.6248484848484849,0.35051546391752575
2590,934,1,1,0.9994239406112522,8,485,91,576,0.6261843124239408,0.35714285714285715
2591,962,1,0,0.10066503598360385,8,486,91,577,0.6207748284131316,0.35353535353535354
2592,971,1,1,0.7354268910048642,8,486,91,577,0.622114515731537,0.36
2593,985,1,1,0.9999993947081247,8,486,91,577,0.6234298386438464,0.36633663366336633
2594,1008,1,1,0.9807127925307323,8,486,91,577,0.6247221095334686,0.37254901960784315
2595,1020,1,0,0.025522938996573274,8,487,91,578,0.6194207744579873,0.36893203883495146
2596,1070,1,1,0.9780606618248661,8,487,91,578,0.6207207207207207,0.375
2597,1111,1,0,0.1431550332736324,8,488,91,579,0.6154696649643039,0.37142857142857144
2598,1145,1,0,0.10245841720428607,8,489,91,580,0.61024,0.36792452830188677
2599,1203,1,0,0.0005756688073728413,8,490,91,581,0.6050323146892205,0.3644859813084112
2600,1205,1,1,0.7562044490377219,8,490,91,581,0.6064015241724221,0.37037037037037035
2601,1215,1,0,1.3129386036220052e-06,8,491,91,582,0.6012469644176961,0.3669724770642202
2602,1277,1,0,0.09044460244207193,8,492,91,583,0.5961158657011191,0.36363636363636365
2603,1300,1,0,0.47149429029845374,8,493,91,584,0.5910088272383355,0.36036036036036034
2604,1320,1,1,0.9208239383047007,8,493,91,584,0.5924510932105869,0.36607142857142855
2605,1321,1,0,0.0010790185312950797,8,494,91,585,0.5874002453091155,0.36283185840707965
2606,1349,1,0,0.00012187502425589713,8,495,91,586,0.5865763720347609,0.35964912280701755
2607,1357,1,1,0.9930025346728593,8,495,91,586,0.5880753138075313,0.3652173913043478
2608,1363,1,1,0.9809008365415124,8,495,91,586,0.5895565737361186,0.3706896551724138
2609,1382,1,0,1.2664511484975396e-05,8,496,91,587,0.5846072757337742,0.36752136752136755
2610,1404,1,1,0.9956807102803378,8,496,91,587,0.5861044176706828,0.3728813559322034
2611,1420,1,1,0.9924569824025524,8,496,91,587,0.5875862068965517,0.37815126050420167
2612,1521,1,0,0.03517690506878822,8,497,91,588,0.5827300904223982,0.375
2613,1526,1,0,5.206192741130745e-06,8,498,91,589,0.5779028132992328,0.371900826446281
2614,1532,1,0,0.003894679322862409,8,499,91,590,0.5731050333256722,0.36885245901639346
2615,1545,1,1,0.9813785401992473,8,499,91,590,0.5746731684958365,0.37398373983739835
2616,1606,1,0,0.05349754731421826,8,500,91,591,0.5699399857593327,0.3709677419354839
2617,1617,1,0,0.01785172647167268,8,501,91,592,0.5652380952380952,0.368
2618,1693,1,1,0.8961419179302814,8,501,91,592,0.5668632667021357,0.373015873015873
2619,1735,1,0,0.061773588438403235,8,502,91,593,0.5622289705435773,0.3700787401574803
2620,1769,1,1,0.9927202422116125,8,502,91,593,0.5638787878787879,0.375
2621,1778,1,1,0.9132184835966026,8,502,91,593,0.5655187014820042,0.3798449612403101
2622,1782,1,0,0.00040040934196662625,8,503,91,594,0.5609906575004407,0.3769230769230769
2623,1807,1,1,0.756645665921617,8,503,91,594,0.5626587052168448,0.3816793893129771
2624,1830,1,0,0.00011232641624850784,8,504,91,595,0.5582031956587278,0.3787878787878788
2625,1877,1,0,0.00016369170260446732,8,505,91,596,0.5537839873465391,0.37593984962406013
2626,1886,1,1,0.8791450921992848,8,505,91,596,0.5555209508764011,0.3805970149253731
2627,1906,1,1,0.9940787211761716,8,505,91,596,0.557252185675994,0.3851851851851852
2628,1951,1,0,0.00028650243082420417,8,506,91,597,0.5529487179487179,0.38235294117647056
2629,1964,1,1,0.9720643979228596,8,506,91,597,0.5589787489674852,0.3897058823529412
2630,1987,1,0,0.0005428790599698765,8,507,91,598,0.5589787489674852,0.3897058823529412
2631,2018,1,1,0.9999850940978942,8,507,91,598,0.5649644680212191,0.39705882352941174
2632,2170,1,0,0.00025957570127824056,8,508,91,599,0.5649644680212191,0.39705882352941174
2633,2173,1,1,0.999693963960601,8,508,91,599,0.5709068167604753,0.40441176470588236
2634,2189,1,1,0.9992480877965403,8,508,91,599,0.5768067226890756,0.4117647058823529
2635,2195,1,0,0.016852503309256125,8,509,91,600,0.5768067226890756,0.4117647058823529
2636,2199,1,0,3.1306215135559535e-05,8,510,91,601,0.5768067226890756,0.4117647058823529
2637,2257,1,0,6.518450191655039e-05,8,511,91,602,0.5768067226890756,0.4117647058823529
2638,2271,1,1,0.9846842986432465,8,511,91,602,0.5826650996474207,0.41911764705882354
2639,2299,1,1,0.6702912767583276,8,511,91,602,0.5884828482848284,0.4264705882352941
2640,2331,1,0,0.011794537967020232,8,512,91,603,0.5884828482848284,0.4264705882352941
2641,2352,1,1,0.9834380802677957,8,512,91,603,0.5884828482848284,0.4264705882352941
2642,2362,1,0,0.03411083418439165,8,513,91,604,0.5826650996474207,0.41911764705882354
2643,2370,1,0,0.0018324152468107006,8,514,91,605,0.5768067226890756,0.4117647058823529
2644,2403,1,1,0.997232568519168,8,514,91,605,0.5826650996474207,0.41911764705882354
2645,2484,1,0,0.15378959678914247,8,515,91,606,0.5826650996474207,0.41911764705882354
2646,2502,0,0,0.41540320443461387,8,515,91,606,0.5869647859143657,0.4222222222222222
2647,2668,0,0,0.056940593990351895,8,515,91,606,0.5913020637898687,0.4253731343283582
2648,2765,0,0,0.0010593273754005302,8,515,91,606,0.5956761084976478,0.42857142857142855
2649,2914,0,0,0.00011320528775770209,8,515,91,606,0.5942307692307692,0.42424242424242425
2650,2989,0,0,7.046136711549779e-05,8,515,91,606,0.5986770710689145,0.42748091603053434
2651,2996,0,0,0.000641900508163794,8,515,91,606,0.5972642242784423,0.4230769230769231
2652,3063,0,0,0.004409498461793825,8,515,91,606,0.6017804094741068,0.4263565891472868
2653,3086,0,0,0.004773644300711068,8,515,91,606,0.6063297431648716,0.4296875
2654,3107,0,0,0.0012745670606732254,8,515,91,606,0.610911466184303,0.4330708661417323
2655,3153,0,0,2.8056443905918653e-05,8,515,91,606,0.6155248271527342,0.4365079365079365
2656,3231,0,0,1.169709231697927e-05,8,515,91,606,0.6201690821256038,0.44
2657,3300,0,0,0.0001246844340595392,8,515,91,606,0.6248434942459269,0.4435483870967742
2658,3387,0,0,0.028829412907982743,8,515,91,606,0.6295473334005445,0.44715447154471544
2659,3434,0,0,0.02324200269642372,8,515,91,606,0.6342798758798154,0.45081967213114754
2660,3616,0,0,8.645625158323332e-05,8,515,91,606,0.6390404040404041,0.45454545454545453
2661,3636,0,0,0.0003321414723743549,8,515,91,606,0.6438282059708285,0.4583333333333333
2662,3640,0,0,0.00031353262517139804,8,515,91,606,0.6427369461123357,0.453781512605042
2663,3642,0,0,0.0037313849432918755,8,515,91,606,0.6475811688311688,0.4576271186440678
2664,3652,0,0,0.00013924679825002306,8,515,91,606,0.6524507936507936,0.46153846153846156
2665,3655,0,1,0.6269892178074048,8,515,92,607,0.6528761904761905,0.46551724137931033
2666,3681,0,0,2.6441566033818177e-06,8,515,92,607,0.6518716100939624,0.4608695652173913
2667,3715,0,0,5.783858832373458e-05,8,515,92,607,0.6568053855569156,0.4649122807017544
2668,3744,0,0,3.537460209745716e-05,8,515,92,607,0.6617623024081309,0.4690265486725664
2669,3820,0,0,0.0001293854211517887,8,515,92,607,0.6667416879795397,0.4732142857142857
2670,3833,0,0,0.26047660706374176,8,515,92,607,0.6717428725121033,0.4774774774774775
2671,3882,0,0,7.491674986798228e-06,8,515,92,607,0.670841150317391,0.4727272727272727
2672,3904,0,0,8.748407700329232e-05,8,515,92,607,0.6699303675048356,0.46788990825688076
2673,3925,0,0,0.00018022080020219718,8,515,92,607,0.6750062009094668,0.4722222222222222
2674,3970,0,0,4.604442883284336e-05,8,515,92,607,0.6801017317698222,0.4766355140186916
2675,3976,0,0,0.0005760946497634638,8,515,92,607,0.6852163087457206,0.4811320754716981
2676,4013,0,0,0.00028215592118445334,8,515,92,607,0.6903492814262324,0.4857142857142857
2677,4039,0,0,0.0002384000779890683,8,515,92,607,0.6895336517132492,0.4807692307692308
2678,4045,0,0,0.11335369637182478,8,515,92,607,0.69470969766712,0.4854368932038835
2679,4046,0,0,0.1632319484630251,8,515,92,607,0.6999024927262718,0.49019607843137253
2680,4069,0,0,0.05857804103657836,8,515,92,607,0.7051113913408996,0.49504950495049505
2681,4076,0,0,0.0022168081746297727,8,515,92,607,0.704360679970436,0.49
2682,4108,0,0,0.00034662825772797777,8,515,92,607,0.7096094308168611,0.494949494949495
2683,4139,0,0,0.00028261763707985755,8,515,92,607,0.7088725763983085,0.4897959183673469
2684,4164,0,0,0.08971967855553183,8,515,92,607,0.71416,0.4948453608247423
2685,4228,0,0,0.0029299326808575666,8,515,92,607,0.7134362934362934,0.4895833333333333
2686,4278,0,0,0.00010723192569626361,8,515,92,607,0.7187612594444893,0.49473684210526314
2687,4303,0,0,0.00045640200777090936,8,515,92,607,0.7180500338066261,0.48936170212765956
2688,4324,0,0,0.001201595346446028,8,515,92,607,0.7234114583333333,0.4946236559139785
2689,4325,0,0,0.0009035115827654854,8,515,92,607,0.7287845228701261,0.5
2690,4371,0,0,4.022451727225259e-05,8,515,92,607,0.7341685773556066,0.5054945054945055
2691,4459,0,0,0.07437731102461849,8,515,92,607,0.7395629672225417,0.5111111111111111
2692,4479,0,0,0.013770845653547864,8,515,92,607,0.7395629672225417,0.5111111111111111
2693,4484,0,1,0.7389021133870107,8,515,93,608,0.7349601484878262,0.5111111111111111
2694,4517,0,0,0.0002575407460573147,8,515,93,608,0.7349601484878262,0.5111111111111111
2695,4574,0,0,4.171537673230915e-06,8,515,93,608,0.7349601484878262,0.5111111111111111
2696,4613,0,0,0.0007832067592106292,8,515,93,608,0.7349601484878262,0.5111111111111111
2697,4645,0,1,0.5344571745090002,8,515,94,609,0.7303665206388942,0.5111111111111111
2698,4652,0,0,0.000288090488757716,8,515,94,609,0.7303665206388942,0.5111111111111111
2699,4749,0,0,0.0015009013072658799,8,515,94,609,0.7303665206388942,0.5111111111111111
2700,4757,0,0,0.0002116034895781158,8,515,94,609,0.7303665206388942,0.5111111111111111
2701,4827,0,0,0.00011110829990305093,8,515,94,609,0.7303665206388942,0.5111111111111111
2702,4910,0,0,7.386728545676402e-05,8,515,94,609,0.7303665206388942,0.5111111111111111
2703,0,1,0,0.004932378861399886,8,516,94,610,0.7249913194444444,0.5054945054945055
2704,56,1,0,0.02088568738177816,8,517,94,611,0.7196267748478702,0.5
2705,70,1,1,0.899792962731747,8,517,94,611,0.720271839961281,0.5053763440860215
2706,78,1,0,0.01928307541264101,8,518,94,612,0.7149420849420849,0.5
2707,82,1,1,0.9875712927652033,8,518,94,612,0.7156,0.5052631578947369
2708,96,1,0,0.03543260881673756,8,519,94,613,0.7103061251629031,0.5
2709,125,1,0,0.12353392522321197,8,520,94,614,0.705025466893039,0.4948453608247423
2710,142,1,0,0.28655658576292203,8,521,94,615,0.6997586726998491,0.4897959183673469
2711,143,1,1,0.7805929431405275,8,521,94,615,0.7004779460171164,0.494949494949495
2712,161,1,0,0.22260640135170526,8,522,94,616,0.6952501050861707,0.49
2713,179,1,1,0.9993986537921784,8,522,94,616,0.6959838895281933,0.49504950495049505
2714,194,1,0,0.08615809020901542,8,523,94,617,0.6907962107570657,0.49019607843137253
2715,205,1,0,0.0003642418247501944,8,524,94,618,0.685625,0.4854368932038835
2716,235,1,0,0.0001640585061305094,8,525,94,619,0.6804709062085812,0.4807692307692308
2717,239,1,0,0.00022168815855370133,8,526,94,620,0.6798526468983082,0.47619047619047616
2718,243,1,1,0.9999354733479998,8,526,94,620,0.6806859775827704,0.4811320754716981
2719,246,1,0,0.01139659751578845,8,527,94,621,0.6801017317698222,0.4766355140186916
2720,259,1,0,0.0003840916918994875,8,528,94,622,0.6750062009094668,0.4722222222222222
2721,262,1,0,0.021263651144599355,8,529,94,623,0.6699303675048356,0.46788990825688076
2722,277,1,0,0.03559021950477502,8,530,94,624,0.6648748841519927,0.4636363636363636
2723,301,1,1,0.9502863404803068,8,530,94,624,0.6658128078817733,0.46846846846846846
2724,302,1,0,0.008846260414439101,8,531,94,625,0.6608058608058609,0.4642857142857143
2725,340,1,0,5.2562812405107995e-06,8,532,94,626,0.6558209718670076,0.46017699115044247
2726,359,1,0,0.01256058350754911,8,533,94,627,0.6508588064046579,0.45614035087719296
2727,364,1,0,2.1228061047122322e-06,8,534,94,628,0.6459200326397387,0.45217391304347826
2728,365,1,1,0.9961741573471482,8,534,94,628,0.6469616519174042,0.45689655172413796
2729,382,1,1,0.9513272250250244,8,534,94,628,0.6479951298701299,0.46153846153846156
2730,398,1,0,0.2549382373771553,8,535,94,629,0.6431390134529148,0.4576271186440678
2731,407,1,0,0.007082296702092006,8,536,94,630,0.6383085332523535,0.453781512605042
2732,424,1,0,0.01278676965298443,8,537,94,631,0.6335043858540409,0.45
2733,426,1,1,0.9032450129170828,8,537,94,631,0.6346201972804562,0.45454545454545453
2734,430,1,0,0.003575265934715066,8,538,94,632,0.6298739792317773,0.45081967213114754
2735,451,1,1,0.981042759358678,8,538,94,632,0.6310144927536232,0.45528455284552843
2736,453,1,0,0.00017271436272906578,8,539,94,633,0.6263280955373979,0.45161290322580644
2737,454,1,0,0.42987839919624804,8,540,94,634,0.6260527969830295,0.448
2738,455,1,0,0.0008879906590248529,8,541,94,635,0.6214109134760326,0.4444444444444444
2739,468,1,0,0.03544898175900594,8,542,94,636,0.6167997288544099,0.4409448818897638
2740,482,1,0,0.015699364252117366,8,543,94,637,0.612219991971096,0.4375
2741,490,1,0,0.009308379308085177,8,544,94,638,0.6076724591890469,0.43410852713178294
2742,495,1,0,0.0317842003191917,8,545,94,639,0.603157894736842,0.4307692307692308
2743,496,1,0,0.0002230084001558403,8,546,94,640,0.5986770710689145,0.42748091603053434
2744,504,1,1,0.9993495708861269,8,546,94,640,0.6000861054792119,0.4318181818181818
2745,519,1,0,4.739491498509603e-05,8,547,94,641,0.5956761084976478,0.42857142857142855
2746,520,1,0,0.0025605381770737973,8,548,94,642,0.5913020637898687,0.4253731343283582
2747,522,1,0,0.015099023946609178,8,549,94,643,0.5869647859143657,0.4222222222222222
2748,541,1,1,0.9994305258295869,8,549,94,643,0.5884828482848284,0.4264705882352941
2749,549,1,0,0.0219507750544091,8,550,94,644,0.5842218555463886,0.4233576642335766
2750,558,1,0,0.02926862187172128,8,551,94,645,0.58,0.42028985507246375
2751,572,1,0,0.0008388504044067236,8,552,94,646,0.5758181454536364,0.4172661870503597
2752,607,1,0,0.022671578933017328,8,553,94,647,0.5716771677167717,0.4142857142857143
2753,608,1,0,0.0010346839785428826,8,554,94,648,0.567577955039884,0.41134751773049644
2754,613,1,0,0.08994380059332405,8,555,94,649,0.567643219724438,0.4084507042253521
2755,649,1,0,0.03919280169466422,8,556,94,650,0.563609443777511,0.40559440559440557
2756,657,1,0,0.010559579567368273,8,557,94,651,0.563609443777511,0.40559440559440557
2757,676,1,1,0.9912084427696555,8,557,94,651,0.563609443777511,0.40559440559440557
2758,683,1,0,0.002282413012072594,8,558,94,652,0.557770748418394,0.3986013986013986
2759,730,1,0,0.40520779763374376,8,559,94,653,0.551890189018902,0.3916083916083916
2760,733,1,0,0.0010267877890939164,8,560,94,654,0.5459668991724793,0.38461538461538464
2761,765,1,0,0.00013471992192534086,8,561,94,655,0.54,0.3776223776223776
2762,784,1,0,2.1187352079591402e-05,8,562,94,656,0.54,0.3776223776223776
2763,786,1,0,0.04254020302669436,8,563,94,657,0.54,0.3776223776223776
2764,790,1,1,0.9969203453460477,8,563,94,657,0.54,0.3776223776223776
2765,797,1,1,0.9105950632376586,8,563,94,657,0.54,0.3776223776223776
2766,823,1,0,0.00808016704522316,8,564,94,658,0.54,0.3776223776223776
2767,832,1,0,0.002544781393034433,8,565,94,659,0.54,0.3776223776223776
2768,837,1,1,0.8470724679071527,8,565,94,659,0.5459668991724793,0.38461538461538464
2769,855,1,1,0.7078585217134425,8,565,94,659,0.5459668991724793,0.38461538461538464
2770,859,1,0,0.0061209062748065445,8,566,94,660,0.5459668991724793,0.38461538461538464
2771,880,1,0,0.015428063492167961,8,567,94,661,0.5459668991724793,0.38461538461538464
2772,897,1,0,0.0007648472303000701,8,568,94,662,0.54,0.3776223776223776
2773,900,1,0,1.0070139790410918e-05,8,569,94,663,0.5339885997149928,0.3706293706293706
2774,915,1,0,0.00045878415570060313,8,570,94,664,0.5279317931793179,0.36363636363636365
2775,919,1,1,0.9029521288530905,8,570,94,664,0.5339885997149928,0.3706293706293706
2776,932,1,0,0.002445161508774256,8,571,94,665,0.5279317931793179,0.36363636363636365
2777,949,1,0,0.0002465368877531618,8,572,94,666,0.521828661448826,0.35664335664335667
2778,960,1,0,0.0636257935321966,8,573,94,667,0.521828661448826,0.35664335664335667
2779,979,1,0,0.01634371590653178,8,574,94,668,0.5156782713085234,0.34965034965034963
2780,999,1,0,0.014400167542020219,8,575,94,669,0.5156782713085234,0.34965034965034963
2781,1006,1,0,0.018179871650799345,8,576,94,670,0.5094796747967479,0.34265734265734266
2782,1028,1,1,0.9997080613134449,8,576,94,670,0.5094796747967479,0.34265734265734266
2783,1029,1,0,0.08733608092815329,8,577,94,671,0.5032319087178461,0.3356643356643357
2784,1030,1,1,0.9138955718944608,8,577,94,671,0.5094796747967479,0.34265734265734266
2785,1044,1,0,0.010275465612337439,8,578,94,672,0.5032319087178461,0.3356643356643357
2786,1052,1,1,0.9666171761091744,8,578,94,672,0.5094796747967479,0.34265734265734266
2787,1066,1,0,0.02381051060930522,8,579,94,673,0.5032319087178461,0.3356643356643357
2788,1067,1,0,3.1433663905789965e-05,8,580,94,674,0.5032319087178461,0.3356643356643357
2789,1086,1,0,0.0032895030921164903,8,581,94,675,0.49693399414282496,0.32867132867132864
2790,1096,1,0,0.0006890117095511796,8,582,94,676,0.49058493589743596,0.32167832167832167
2791,1102,1,0,0.00031530444547225005,8,583,94,677,0.49058493589743596,0.32167832167832167
2792,1116,1,1,0.9164526566472047,8,583,94,677,0.49058493589743596,0.32167832167832167
2793,1122,1,0,0.011992141510086797,8,584,94,678,0.4841837220371252,0.3146853146853147
2794,1134,1,0,0.0025671158984887517,8,585,94,679,0.4777293233082706,0.3076923076923077
2795,1143,1,0,2.8385589122667757e-05,8,586,94,680,0.4777293233082706,0.3076923076923077
2796,1149,1,0,0.0009241868659839834,8,587,94,681,0.47122069259510013,0.3006993006993007
2797,1159,1,0,0.019259234571943937,8,588,94,682,0.47122069259510013,0.3006993006993007
2798,1217,1,0,0.021809870021035453,8,589,94,683,0.47122069259510013,0.3006993006993007
2799,1232,1,1,0.8191803025584126,9,589,94,683,0.4777293233082706,0.3076923076923077
2800,1260,1,0,0.0003143214046430163,9,590,94,684,0.47122069259510013,0.3006993006993007
2801,1280,1,0,0.00036401160821761773,9,591,94,685,0.47122069259510013,0.3006993006993007
2802,1282,1,0,0.04755392106658085,9,592,94,686,0.47122069259510013,0.3006993006993007
2803,1309,1,0,0.00018671108031972697,9,593,94,687,0.47122069259510013,0.3006993006993007
2804,1364,1,0,0.018711829602983714,9,594,94,688,0.464656764351666,0.2937062937062937
2805,1373,1,1,0.921668321790867,9,594,94,688,0.47122069259510013,0.3006993006993007
2806,1389,1,0,0.0006265204320287921,9,595,94,689,0.47122069259510013,0.3006993006993007
2807,1405,1,1,0.9966844809938294,9,595,94,689,0.47122069259510013,0.3006993006993007
2808,1412,1,0,0.0003552453470027635,9,596,94,690,0.464656764351666,0.2937062937062937
2809,1421,1,0,0.00022592903064436865,9,597,94,691,0.464656764351666,0.2937062937062937
2810,1422,1,1,0.991958714550135,9,597,94,691,0.464656764351666,0.2937062937062937
2811,1428,1,0,0.0005110583672317417,9,598,94,692,0.458036454018227,0.2867132867132867
2812,1460,1,0,0.0001596190903303521,9,599,94,693,0.458036454018227,0.2867132867132867
2813,1466,1,0,0.013453098494252875,9,600,94,694,0.458036454018227,0.2867132867132867
2814,1476,1,0,3.903307794434682e-05,9,601,94,695,0.458036454018227,0.2867132867132867
2815,1514,1,0,0.09386374834594174,9,602,94,696,0.45135865742136466,0.27972027972027974
2816,1530,1,0,0.007594671998993092,9,603,94,697,0.45135865742136466,0.27972027972027974
2817,1591,1,0,3.5740976880279556e-05,9,604,94,698,0.45135865742136466,0.27972027972027974
2818,1594,1,0,0.020639413607957565,9,605,94,699,0.44462225015713386,0.2727272727272727
2819,1602,1,0,0.011816497856908142,9,606,94,700,0.44462225015713386,0.2727272727272727
2820,1615,1,1,0.9912026825442924,9,606,94,700,0.44462225015713386,0.2727272727272727
2821,1616,1,0,0.0253128331958006,9,607,94,701,0.4378260869565217,0.26573426573426573
2822,1621,1,0,0.013552897479465037,9,608,94,702,0.4378260869565217,0.26573426573426573
2823,1647,1,0,0.4324615552279235,9,609,94,703,0.4309690010324595,0.25874125874125875
2824,1652,1,1,0.747431677364737,9,609,94,703,0.4378260869565217,0.26573426573426573
2825,1680,1,0,0.00038072637705001075,9,610,94,704,0.4378260869565217,0.26573426573426573
2826,1695,1,0,0.005470642258956278,9,611,94,705,0.4309690010324595,0.25874125874125875
2827,1702,1,0,0.1039978039427141,9,612,94,706,0.42404980340760157,0.2517482517482518
2828,1707,1,0,0.002259485269430424,9,613,94,707,0.42404980340760157,0.2517482517482518
2829,1731,1,1,0.7702806973486468,9,613,94,707,0.42404980340760157,0.2517482517482518
2830,1751,1,1,0.979720451150985,9,613,94,707,0.4309690010324595,0.25874125874125875
2831,1775,1,0,0.0027228598571573405,9,614,94,708,0.42404980340760157,0.2517482517482518
2832,1789,1,0,0.006250483703151105,9,615,94,709,0.42404980340760157,0.2517482517482518
2833,1806,1,0,0.12221090393946227,9,616,94,710,0.41706728222205397,0.24475524475524477
2834,1833,1,1,0.9937439763099619,9,616,94,710,0.41706728222205397,0.24475524475524477
2835,1857,1,0,2.7877457043469925e-05,9,617,94,711,0.41706728222205397,0.24475524475524477
2836,1859,1,1,0.9177863734783208,9,617,94,711,0.42404980340760157,0.2517482517482518
2837,1862,1,1,0.8470026579987141,9,617,94,711,0.4309690010324595,0.25874125874125875
2838,1873,1,0,0.005942884098286619,9,618,94,712,0.42404980340760157,0.2517482517482518
2839,1885,1,0,4.6835059620816234e-05,9,619,94,713,0.41706728222205397,0.24475524475524477
2840,1897,1,0,0.019593484155868136,9,620,94,714,0.41706728222205397,0.24475524475524477
2841,1921,1,0,0.05707538431227467,9,621,94,715,0.41002020202020195,0.23776223776223776
2842,1922,1,1,0.9738777645380058,9,621,94,715,0.41706728222205397,0.24475524475524477
2843,1933,1,0,0.014759522508897218,9,622,94,716,0.41706728222205397,0.24475524475524477
2844,1957,1,0,2.3346435187183066e-05,9,623,94,717,0.41002020202020195,0.23776223776223776
2845,1986,1,1,0.999080505987358,9,623,94,717,0.41706728222205397,0.24475524475524477
2846,1988,1,0,0.016329159699056215,9,624,94,718,0.41306986591390266,0.24305555555555555
2847,2006,1,1,0.9917969915097736,9,624,94,718,0.41610305958132043,0.2482758620689655
2848,2013,1,0,0.12489036999313818,9,625,94,719,0.41220113136392206,0.2465753424657534
2849,2048,1,0,0.01329258218106427,9,626,94,720,0.4083479047331926,0.24489795918367346
2850,2051,1,0,0.000147133444229154,9,627,94,721,0.40454419924179663,0.24324324324324326
2851,2083,1,0,0.008985408137393285,9,628,94,722,0.4007908470493778,0.24161073825503357
2852,2085,1,0,0.0057393677499223425,9,629,94,723,0.397088693297224,0.24
2853,2088,1,0,0.0839170427789117,9,630,94,724,0.39343859649122803,0.23841059602649006
2854,2109,1,0,0.0005762367280148708,9,631,94,725,0.38984142889350937,0.23684210526315788
2855,2119,1,0,0.06932956424950319,9,632,94,726,0.38629807692307694,0.23529411764705882
2856,2127,1,0,0.023742902107083012,9,633,94,727,0.38280944156591823,0.23376623376623376
2857,2129,1,1,0.9814838050566133,9,633,94,727,0.3862976860537836,0.23870967741935484
2858,2136,1,0,0.003771167292284899,9,634,94,728,0.38292116846738694,0.23717948717948717
2859,2138,1,1,0.9748354610342772,9,634,94,728,0.3864616461646165,0.24203821656050956
2860,2149,1,1,0.9920299720196694,9,634,94,728,0.39,0.2468354430379747
2861,2154,1,0,0.0040598917379670975,9,635,94,729,0.3867989199729993,0.24528301886792453
2862,2174,1,1,0.9750872525449262,9,635,94,729,0.3903978395138906,0.25
2863,2175,1,0,5.581241701509905e-06,9,636,94,730,0.3873189275710284,0.2484472049689441
2864,2182,1,0,0.00045952160091355216,9,637,94,731,0.38430268918073796,0.24691358024691357
2865,2213,1,0,0.2511230220845718,9,638,94,732,0.3844590368980613,0.24539877300613497
2866,2246,1,0,0.0004843560778548172,9,639,94,733,0.3815393854469022,0.24390243902439024
2867,2289,1,0,0.0002434213096164455,9,640,94,734,0.3786851392956372,0.24242424242424243
2868,2304,1,0,0.019471949108322797,9,641,94,735,0.3758974358974359,0.24096385542168675
2869,2314,1,0,0.0006552638848178297,9,642,94,736,0.37317743430446654,0.23952095808383234
2870,2326,1,1,0.9911865504633613,9,642,94,736,0.3772391484239826,0.24404761904761904
2871,2327,1,0,0.055113274810030276,9,643,94,737,0.37465877157767963,0.24260355029585798
2872,2358,1,0,0.00026448278794675496,9,644,94,738,0.37214983304461347,0.2411764705882353
2873,2359,1,0,0.0022160635039479336,9,645,94,739,0.36971359662345493,0.23976608187134502
2874,2365,1,0,0.014130456484182813,9,646,94,740,0.3673513513513514,0.23837209302325582
2875,2377,1,0,0.0012529658941160583,9,647,94,741,0.36506441223832525,0.23699421965317918
2876,2386,1,0,0.17571179702154843,9,648,94,742,0.3628541210244013,0.23563218390804597
2877,2411,1,0,0.047313431984955315,9,649,94,743,0.36072184696037907,0.2342857142857143
2878,2424,1,0,0.03279835469384277,9,650,94,744,0.3586689876132092,0.23295454545454544
2879,2427,1,0,0.0005925710801634734,9,651,94,745,0.35669696969696973,0.23163841807909605
2880,2450,1,1,0.9634632084746027,9,651,94,745,0.3614758578803523,0.23595505617977527
2881,2453,1,0,0.0019224903028012181,9,652,94,746,0.3596724177244052,0.2346368715083799
2882,2455,1,1,0.9647419899082021,9,652,94,746,0.36457142857142855,0.2388888888888889
2883,2490,1,0,0.026386029251457246,9,653,94,747,0.3629437493642559,0.23756906077348067
2884,2496,1,1,0.9939456547727934,9,653,94,747,0.36797225622195023,0.24175824175824176
2885,2542,0,0,2.1237970850910885e-05,9,653,94,747,0.36797225622195023,0.24175824175824176
2886,2605,0,0,0.0007623228925621109,9,653,94,747,0.36797225622195023,0.24175824175824176
2887,2617,0,0,0.05177676805960744,9,653,94,747,0.36797225622195023,0.24175824175824176
2888,2634,0,0,9.060132396843274e-05,9,653,94,747,0.36797225622195023,0.24175824175824176
2889,2640,0,0,0.001081552981817853,9,653,94,747,0.36797225622195023,0.24175824175824176
2890,2657,0,0,1.0872068714652124e-05,9,653,94,747,0.36797225622195023,0.24175824175824176
2891,2728,0,0,3.930504626129398e-05,9,653,94,747,0.36797225622195023,0.24175824175824176
2892,2731,0,0,7.741695573061226e-05,9,653,94,747,0.36797225622195023,0.24175824175824176
2893,2744,0,0,0.00031488662625732086,9,653,94,747,0.3704631916681521,0.24175824175824176
2894,2848,0,0,0.10169147781068841,9,653,94,747,0.3704631916681521,0.24175824175824176
2895,2853,0,0,0.000691651431056148,9,653,94,747,0.3704631916681521,0.24175824175824176
2896,2855,0,0,0.00042791580507415926,9,653,94,747,0.3704631916681521,0.24175824175824176
2897,2946,0,0,0.00010144584615968364,9,653,94,747,0.3729569728410131,0.24175824175824176
2898,2999,0,0,8.363902033486358e-05,9,653,94,747,0.3729569728410131,0.24175824175824176
2899,3167,0,0,0.0006924425958857433,10,653,94,747,0.3729569728410131,0.24175824175824176
2900,3263,0,0,0.0006633864085008508,10,653,94,747,0.3729569728410131,0.24175824175824176
2901,3278,0,0,7.917519500792951e-05,10,653,94,747,0.3729569728410131,0.24175824175824176
2902,3330,0,0,0.00010210011026313767,10,653,94,747,0.3729569728410131,0.24175824175824176
2903,3386,0,0,0.00030989952751442633,10,653,94,747,0.374584126984127,0.2430939226519337
2904,3428,0,0,9.781597438211766e-05,10,653,94,747,0.3762987012987013,0.24444444444444444
2905,3531,0,0,0.2965449882360112,10,653,94,747,0.3714869926105881,0.24022346368715083
2906,3592,0,0,0.0008687633237006058,10,653,94,747,0.3733739477742107,0.24157303370786518
2907,3760,0,0,0.0012935979844938689,10,653,94,747,0.36867857413153715,0.23728813559322035
2908,3778,0,0,0.2557297100449143,10,653,94,747,0.3707309204556911,0.23863636363636365
2909,3841,0,0,3.669127122840638e-05,10,653,94,747,0.37286268288383567,0.24
2910,3856,0,0,0.00015667784370564135,10,653,94,747,0.3750724637681159,0.2413793103448276
2911,3860,0,0,0.00037544708222711216,10,653,94,747,0.3706421465179379,0.23699421965317918
2912,3936,0,0,7.022995663871645e-05,10,653,94,747,0.3730049458964124,0.23837209302325582
2913,4019,0,0,1.5552909555092572e-05,10,653,94,747,0.36866797061109857,0.23391812865497075
2914,4088,0,0,4.486003680911153e-05,10,653,94,747,0.3711779448621554,0.23529411764705882
2915,4134,0,0,0.08358047556132461,10,653,94,747,0.3737591122022095,0.23668639053254437
2916,4194,0,0,0.0003528801890697085,10,653,94,747,0.37641025641025644,0.23809523809523808
2917,4224,0,0,0.00020027467164335954,10,653,94,747,0.3791301844759831,0.23952095808383234
2918,4246,0,0,1.9674700877803154e-05,10,653,94,747,0.37508692933083176,0.23493975903614459
2919,4295,0,0,0.00027252002074293065,10,653,94,747,0.3779411764705883,0.23636363636363636
2920,4296,0,0,0.01433960831012788,10,653,94,747,0.38086069365607256,0.23780487804878048
2921,4358,0,0,0.0007635380653670617,10,653,94,747,0.3838443844384438,0.2392638036809816
2922,4391,0,0,0.00246212916691127,10,653,94,747,0.386891172279307,0.24074074074074073
2923,4488,0,0,5.77122623059312e-05,10,653,94,747,0.383108827720693,0.2360248447204969
2924,4546,0,0,0.4768343472950932,10,653,94,747,0.3862786278627863,0.2375
2925,4604,0,0,0.001215992617059547,10,653,94,747,0.38950838938761223,0.2389937106918239
2926,4622,0,0,5.7954219257789565e-05,10,653,94,747,0.392797118847539,0.24050632911392406
2927,4627,0,0,0.008459447966266045,10,653,94,747,0.39614383989993746,0.24203821656050956
2928,4687,0,0,0.25665690967240623,10,653,94,747,0.39259392756126255,0.23717948717948717
2929,4708,0,0,0.00011015751263185191,10,653,94,747,0.38903654901174883,0.23225806451612904
2930,4730,0,0,0.0014621461994388737,10,653,94,747,0.39255137844611526,0.23376623376623376
2931,4744,0,0,0.0043611098994244864,10,653,94,747,0.3961205145565335,0.23529411764705882
2932,4762,0,0,0.0005767550592813822,10,653,94,747,0.39974307507025286,0.23684210526315788
2933,4791,0,0,0.11064583428900152,10,653,94,747,0.3963360466284796,0.23178807947019867
2934,4819,0,0,0.000718114556260626,10,653,94,747,0.4000628535512256,0.23333333333333334
2935,4835,0,0,0.00033416778798035215,10,653,94,747,0.39669235224496996,0.22818791946308725
2936,4836,0,0,7.348173937731955e-05,10,653,94,747,0.40052021373122293,0.22972972972972974
2937,4966,0,0,0.010439397199197144,10,653,94,747,0.4043974368677313,0.23129251700680273
2938,4991,0,0,0.0007459921015533293,10,653,94,747,0.4083232323232323,0.2328767123287671
2939,92,1,1,0.9998251699296128,10,653,94,747,0.4154711269204572,0.23972602739726026
2940,116,1,0,2.1045135473638434e-05,10,654,94,748,0.4154711269204572,0.23972602739726026
2941,164,1,0,0.03304917069127091,10,655,94,749,0.4154711269204572,0.23972602739726026
2942,221,1,0,0.027046036269349642,10,656,94,750,0.4154711269204572,0.23972602739726026
2943,350,1,1,0.7307935599114836,10,656,94,750,0.42255267668111707,0.2465753424657534
2944,483,1,0,0.0008009088996767443,10,657,94,751,0.4154711269204572,0.23972602739726026
2945,493,1,0,9.276074027097028e-05,10,658,94,752,0.4154711269204572,0.23972602739726026
2946,571,1,0,0.021411899586829264,10,659,94,753,0.4154711269204572,0.23972602739726026
2947,601,1,0,0.00040322316382045777,10,660,94,754,0.4154711269204572,0.23972602739726026
2948,699,1,0,0.00831629411815088,10,661,94,755,0.4083232323232323,0.2328767123287671
2949,706,1,0,0.16937041305189962,10,662,94,756,0.4083232323232323,0.2328767123287671
2950,767,1,0,0.0008173183812574413,10,663,94,757,0.4083232323232323,0.2328767123287671
2951,810,1,0,0.008405930867430321,10,664,94,758,0.4083232323232323,0.2328767123287671
2952,814,1,0,0.00019558404449601156,10,665,94,759,0.4083232323232323,0.2328767123287671
2953,818,1,0,5.585987334243261e-06,10,666,94,760,0.4083232323232323,0.2328767123287671
2954,829,1,0,0.0016229397199601227,10,667,94,761,0.4083232323232323,0.2328767123287671
2955,834,1,1,0.9058211771184955,10,667,94,761,0.4154711269204572,0.23972602739726026
2956,986,1,0,0.00491209600580966,10,668,94,762,0.4154711269204572,0.23972602739726026
2957,1024,1,1,0.6377257546583689,10,668,94,762,0.4154711269204572,0.23972602739726026
2958,1027,1,0,0.005021643142972759,10,669,94,763,0.4154711269204572,0.23972602739726026
2959,1060,1,0,0.2661039197561457,10,670,94,764,0.4154711269204572,0.23972602739726026
2960,1061,1,0,0.018345562581734257,10,671,94,765,0.4154711269204572,0.23972602739726026
2961,1095,1,0,0.004207808137566182,10,672,94,766,0.4154711269204572,0.23972602739726026
2962,1148,1,0,5.108051869809368e-06,10,673,94,767,0.4154711269204572,0.23972602739726026
2963,1157,1,0,0.0954998701252708,10,674,94,768,0.4154711269204572,0.23972602739726026
2964,1194,1,0,0.025464761948146036,10,675,94,769,0.4083232323232323,0.2328767123287671
2965,1201,1,0,2.6072809314309617e-05,10,676,94,770,0.40110771253065036,0.22602739726027396
2966,1225,1,1,0.5441346752953657,10,676,94,770,0.4083232323232323,0.2328767123287671
2967,1241,1,0,1.6099780177181556e-06,10,677,94,771,0.4083232323232323,0.2328767123287671
2968,1242,1,0,0.0003873621121962952,10,678,94,772,0.40110771253065036,0.22602739726027396
2969,1360,1,0,0.001783682322141168,10,679,94,773,0.39382326146371094,0.2191780821917808
2970,1418,1,0,1.3576994186864198e-06,10,680,94,774,0.39382326146371094,0.2191780821917808
2971,1436,1,0,0.002706803049206484,10,681,94,775,0.39382326146371094,0.2191780821917808
2972,1448,1,1,0.9993200624217836,10,681,94,775,0.40110771253065036,0.22602739726027396
2973,1522,1,0,3.4479755863976176e-06,10,682,94,776,0.40110771253065036,0.22602739726027396
2974,1555,1,0,0.017744359978579954,10,683,94,777,0.40110771253065036,0.22602739726027396
2975,1557,1,1,0.5574656481587374,10,683,94,777,0.40110771253065036,0.22602739726027396
2976,1582,1,0,0.29131079926996906,10,684,94,778,0.40110771253065036,0.22602739726027396
2977,1583,1,1,0.9948104797766956,10,684,94,778,0.4083232323232323,0.2328767123287671
2978,1627,1,0,0.0035999340312928493,10,685,94,779,0.4083232323232323,0.2328767123287671
2979,1717,1,0,0.0004791547919700096,10,686,94,780,0.4083232323232323,0.2328767123287671
2980,1776,1,0,0.4043414349633987,10,687,94,781,0.4083232323232323,0.2328767123287671
2981,1794,1,0,0.0071665112353223905,10,688,94,782,0.4083232323232323,0.2328767123287671
2982,1834,1,0,0.02872752436151222,10,689,94,783,0.40110771253065036,0.22602739726027396
2983,1838,1,0,3.546467601825846e-05,10,690,94,784,0.40110771253065036,0.22602739726027396
2984,1884,1,1,0.9999899243629451,10,690,94,784,0.40110771253065036,0.22602739726027396
2985,1945,1,0,0.0001798809099471211,10,691,94,785,0.40110771253065036,0.22602739726027396
2986,2005,1,0,9.861960521244167e-06,10,692,94,786,0.39382326146371094,0.2191780821917808
2987,2206,1,0,0.009041957305714846,10,693,94,787,0.39382326146371094,0.2191780821917808
2988,2236,1,0,0.0001015404359502915,10,694,94,788,0.39382326146371094,0.2191780821917808
2989,2255,1,0,0.03297499052525449,10,695,94,789,0.39382326146371094,0.2191780821917808
2990,2258,1,0,0.4504455798897771,10,696,94,790,0.39382326146371094,0.2191780821917808
2991,2268,1,0,1.1554435984761578e-05,10,697,94,791,0.39382326146371094,0.2191780821917808
2992,2336,1,0,0.27915728105406346,10,698,94,792,0.3864685465278306,0.21232876712328766
2993,2396,1,0,0.0800020551394406,10,699,94,793,0.3864685465278306,0.21232876712328766
2994,2405,1,0,0.3172426871065252,10,700,94,794,0.3864685465278306,0.21232876712328766
2995,2414,1,0,0.03459976210818604,10,701,94,795,0.3864685465278306,0.21232876712328766
2996,2447,1,0,0.00446408179331572,10,702,94,796,0.3864685465278306,0.21232876712328766
2997,2465,1,1,0.9820539859082454,10,702,94,796,0.39382326146371094,0.2191780821917808
2998,2473,1,0,0.015244528607163813,10,703,94,797,0.39382326146371094,0.2191780821917808
2999,2487,1,0,0.061897709932154564,11,704,94,798,0.3864685465278306,0.21232876712328766
3000,2519,0,0,7.095976448803436e-05,11,704,94,798,0.3904423701298701,0.21379310344827587
3001,2532,0,0,0.00036497690465680843,11,704,94,798,0.394463492063492,0.2152777777777778
3002,2556,0,0,0.0016892699858346537,11,704,94,798,0.39853117688943146,0.21678321678321677
3003,2606,0,0,0.08253381456645366,11,704,94,798,0.402644699651142,0.21830985915492956
3004,2610,0,0,0.00032313917736205187,11,704,94,798,0.4068033455732354,0.2198581560283688
3005,2626,0,0,0.051306578871206196,11,704,94,798,0.4035805626598466,0.21428571428571427
3006,2650,0,0,0.00042879469921927496,11,704,94,798,0.40782781321242856,0.2158273381294964
3007,2656,0,0,0.12457753127661998,11,704,94,798,0.40461925933540643,0.21014492753623187
3008,2658,0,0,1.2402919819908743e-05,11,704,94,798,0.408952734012975,0.2116788321167883
3009,2769,0,0,0.002198323215276083,11,704,94,798,0.4133281753707286,0.21323529411764705
3010,2831,0,0,9.003643057085483e-05,11,704,94,798,0.41017188268489035,0.2074074074074074
3011,2877,0,0,0.00037688701041840443,11,704,94,798,0.41463014835563855,0.208955223880597
3012,2920,0,0,0.0005655494871256248,11,704,94,798,0.4191286156085138,0.21052631578947367
3013,2970,0,0,0.042877358550261035,11,704,94,798,0.4236666666666666,0.21212121212121213
3014,2978,0,0,0.04043463584955031,11,704,94,798,0.428243691119288,0.21374045801526717
3015,3026,0,1,0.9471598829013939,11,704,95,799,0.429345755369399,0.2153846153846154
3016,3076,0,0,6.76434248797798e-05,11,704,95,799,0.4339794957631551,0.21705426356589147
3017,3099,0,0,4.464322850574358e-05,11,704,95,799,0.4386506251474404,0.21875
3018,3265,0,0,0.00017226913753279712,11,704,95,799,0.4433585540142917,0.2204724409448819
3019,3270,0,0,0.00016368775102596834,11,704,95,799,0.44810269914417383,0.2222222222222222
3020,3277,0,0,0.0010122293102838025,11,704,95,799,0.44528459156942135,0.216
3021,3282,0,0,0.003311789396515394,11,704,95,799,0.4501018675721562,0.21774193548387097
3022,3326,0,1,0.9614527971246175,11,704,96,800,0.45134974533106953,0.21951219512195122
3023,3397,0,0,0.0062947253143644175,11,704,96,800,0.4562179845208649,0.22131147540983606
3024,3563,0,0,0.00017126369399853247,11,704,96,800,0.45349153720687724,0.21487603305785125
3025,3597,0,0,0.0010982580282825377,11,704,96,800,0.4584298584298584,0.21666666666666667
3026,3717,0,0,5.183991806110593e-05,11,704,96,800,0.4634010916619612,0.2184873949579832
3027,3775,0,0,0.007661771457911278,11,704,96,800,0.4684047028368029,0.22033898305084745
3028,3791,0,0,0.025021370576558424,11,704,96,800,0.47344016227180524,0.2222222222222222
3029,3806,0,0,0.0007862629278747098,11,704,96,800,0.4708127669995374,0.21551724137931033
3030,3863,0,0,0.0005869220025681026,11,704,96,800,0.46813850324488626,0.20869565217391303
3031,4006,0,0,0.030311377739675238,11,704,96,800,0.4732747252747253,0.21052631578947367
3032,4008,0,0,0.0011661658438296557,11,704,96,800,0.47844124700239804,0.21238938053097345
3033,4026,0,0,0.0002612302137784947,11,704,96,800,0.4836375705277133,0.21428571428571427
3034,4029,0,0,0.2721566115051797,11,704,96,800,0.48101604278074866,0.2072072072072072
3035,4102,0,0,0.0019309705879834744,11,704,96,800,0.48627533193570927,0.20909090909090908
3036,4155,0,0,0.0004062598151895063,11,704,96,800,0.4836340852130326,0.2018348623853211
3037,4172,0,0,0.009970257376803685,11,704,96,800,0.4809364624421805,0.19444444444444445
3038,4334,0,0,0.011769742045280134,11,704,96,800,0.4862905982905983,0.19626168224299065
3039,4388,0,0,0.0019869198806907098,11,704,96,800,0.4916725306787951,0.19811320754716982
3040,4418,0,0,0.00011985327097990966,11,704,96,800,0.4970818014705883,0.2
3041,4429,0,0,0.2821726956421754,11,704,96,800,0.5025179544864584,0.20192307692307693
3042,4456,0,0,0.0011965832865487222,11,704,96,800,0.49989090909090905,0.1941747572815534
3043,4472,0,0,0.47205656145829494,11,704,96,800,0.5053856942496493,0.19607843137254902
3044,4498,0,0,0.0001836373545325873,11,704,96,800,0.5109063426374335,0.19801980198019803
3045,4504,0,0,4.5328931266720775e-06,11,704,96,800,0.5082792736751681,0.19
3046,4596,0,0,0.0003339401403126529,11,704,96,800,0.5138571428571429,0.1919191919191919
3047,4640,0,0,0.006115789775634789,11,704,96,800,0.5111936530833033,0.1836734693877551
3048,4684,0,0,0.00010734041635506875,11,704,96,800,0.5168279423756456,0.18556701030927836
3049,4728,0,0,0.3865945638825898,11,704,96,800,0.5224866440019427,0.1875
3050,4796,0,0,0.18311583808838997,11,704,96,800,0.5281693363844393,0.18947368421052632
3051,4831,0,0,0.00015556783781958645,11,704,96,800,0.5338755980861244,0.19148936170212766
3052,4896,0,0,0.001023639360196548,11,704,96,800,0.5396050075545004,0.1935483870967742
3053,4950,0,0,0.00012055878008479963,11,704,96,800,0.5453571428571429,0.1956521739130435
3054,4970,0,0,0.006143302631077955,11,704,96,800,0.551131581408398,0.1978021978021978
3055,2,1,0,0.0019315745095851741,11,705,96,801,0.551131581408398,0.1978021978021978
3056,17,1,0,0.040011257624112555,11,706,96,802,0.551131581408398,0.1978021978021978
3057,19,1,0,0.002771399764594766,11,707,96,803,0.5428087774294671,0.18681318681318682
3058,32,1,1,0.9922654706790534,11,707,96,803,0.551131581408398,0.1978021978021978
3059,64,1,1,0.9999761892005302,11,707,96,803,0.551131581408398,0.1978021978021978
3060,71,1,0,0.0007104639635701681,11,708,96,804,0.5428087774294671,0.18681318681318682
3061,94,1,0,0.008980127045868863,11,709,96,805,0.5428087774294671,0.18681318681318682
3062,99,1,1,0.9999510537005405,11,709,96,805,0.5428087774294671,0.18681318681318682
3063,148,1,0,0.0014193393057987888,11,710,96,806,0.5428087774294671,0.18681318681318682
3064,159,1,1,0.9908594362950817,11,710,96,806,0.551131581408398,0.1978021978021978
3065,184,1,1,0.956014537276863,11,710,96,806,0.5593402777777778,0.2087912087912088
3066,195,1,0,0.0012710366513563691,11,711,96,807,0.5593402777777778,0.2087912087912088
3067,228,1,1,0.5830413485707554,11,711,96,807,0.5674382535228639,0.21978021978021978
3068,247,1,0,0.025905103416885393,11,712,96,808,0.5674382535228639,0.21978021978021978
3069,300,1,0,0.0037725428426790284,11,713,96,809,0.5674382535228639,0.21978021978021978
3070,325,1,0,0.013506029952231376,11,714,96,810,0.5593402777777778,0.2087912087912088
3071,376,1,1,0.5045109506797619,11,714,96,810,0.5674382535228639,0.21978021978021978
3072,389,1,0,2.4590557596816535e-05,11,715,96,811,0.5674382535228639,0.21978021978021978
3073,391,1,0,0.2426860194766263,11,716,96,812,0.5674382535228639,0.21978021978021978
3074,411,1,1,0.5597957976547804,11,716,96,812,0.5754287817445712,0.23076923076923078
3075,444,1,0,0.48705414488422527,11,717,96,813,0.5754287817445712,0.23076923076923078
3076,478,1,0,0.06746055696646612,11,718,96,814,0.5754287817445712,0.23076923076923078
3077,485,1,1,0.9912891445782365,11,718,96,814,0.5833150266971778,0.24175824175824176
3078,527,1,0,0.19909914278931773,11,719,96,815,0.5833150266971778,0.24175824175824176
3079,546,1,1,0.9944967085707093,11,719,96,815,0.5911000485672656,0.25274725274725274
3080,599,1,1,0.8687885312411326,11,719,96,815,0.5911000485672656,0.25274725274725274
3081,619,1,0,0.015527280668738512,11,720,96,816,0.5911000485672656,0.25274725274725274
3082,632,1,1,0.910913205558602,11,720,96,816,0.5911000485672656,0.25274725274725274
3083,651,1,1,0.9047617538084847,11,720,96,816,0.5987868080094229,0.26373626373626374
3084,661,1,0,0.006310163771042568,11,721,96,817,0.5911000485672656,0.25274725274725274
3085,665,1,1,0.551871157402434,11,721,96,817,0.5930760908763072,0.2608695652173913
3086,697,1,1,0.999349946379356,11,721,96,817,0.595,0.26881720430107525
3087,698,1,1,0.9993937373032152,11,721,96,817,0.5968746314423871,0.2765957446808511
3088,771,1,0,0.3738159119998904,11,722,96,818,0.5912462211264712,0.2736842105263158
3089,799,1,1,0.8172539381139322,11,722,96,818,0.5931054545454546,0.28125
3090,808,1,0,0.08756033302932995,11,723,96,819,0.5875286757038581,0.27835051546391754
3091,831,1,0,0.042537514421777126,11,724,96,820,0.581972830319287,0.2755102040816326
3092,862,1,1,0.6191572109575046,11,724,96,820,0.5838505105981292,0.2828282828282828
3093,878,1,0,0.26358196558467323,11,725,96,821,0.5783475783475783,0.28
3094,887,1,1,0.8526606822888553,11,725,96,821,0.5802148349163274,0.2871287128712871
3095,930,1,0,0.006903155526737377,11,726,96,822,0.5747655655993917,0.28431372549019607
3096,931,1,1,0.7826686221969473,11,726,96,822,0.5766247379454927,0.2912621359223301
3097,964,1,1,0.793831776413973,11,726,96,822,0.5784463378757182,0.2980769230769231
3098,969,1,1,0.9999374836718004,11,726,96,822,0.5802323658314728,0.3047619047619048
3099,974,1,0,0.23597548336346488,11,727,96,823,0.574901098901099,0.3018867924528302
3100,981,1,1,0.9942651141485289,11,727,96,823,0.5766852276449395,0.308411214953271
3101,990,1,1,0.9904945898257772,11,727,96,823,0.5784375,0.3148148148148148
3102,1031,1,1,0.9730328779287432,11,727,96,823,0.580159637579549,0.3211009174311927
3103,1048,1,1,0.9964386582281299,11,727,96,823,0.5818532818532819,0.32727272727272727
3104,1091,1,1,0.9715764973367147,11,727,96,823,0.5835199999999999,0.3333333333333333
3105,1094,1,1,0.8952677709762553,11,727,96,823,0.5851612903225807,0.3392857142857143
3106,1124,1,1,0.890732537052063,11,727,96,823,0.5867785872663921,0.34513274336283184
3107,1152,1,0,9.719821290068683e-05,11,728,96,824,0.5816958525345622,0.34210526315789475
3108,1187,1,1,0.9909316329225578,11,728,96,824,0.5833228486802443,0.34782608695652173
3109,1188,1,1,0.508898140769231,11,728,96,824,0.5849286254860513,0.35344827586206895
3110,1196,1,1,0.9968872620782715,11,728,96,824,0.5865144624340549,0.358974358974359
3111,1208,1,1,0.995588949987404,11,728,96,824,0.5880815925034298,0.3644067796610169
3112,1244,1,0,0.39130492213855106,11,729,96,825,0.5831562629185614,0.36134453781512604
3113,1250,1,0,0.04417879283653557,11,730,96,826,0.5782591876208898,0.35833333333333334
3114,1272,1,1,0.9917274637890495,11,730,96,826,0.5798753565829714,0.36363636363636365
3115,1295,1,1,0.9961758996148997,11,730,96,826,0.5814754476292938,0.36885245901639346
3116,1307,1,0,0.005744894518354256,11,731,96,827,0.5766751918158568,0.36585365853658536
3117,1311,1,1,0.6079764411512341,11,731,96,827,0.5782945736434109,0.3709677419354839
3118,1314,1,1,0.9799643794029128,11,731,96,827,0.5799003153290612,0.376
3119,1329,1,0,0.00434965393432745,11,732,96,828,0.5752,0.373015873015873
3120,1333,1,1,0.8330887613676238,11,732,96,828,0.576828304324694,0.3779527559055118
3121,1374,1,1,0.9650412685374712,11,732,96,828,0.5784453600950479,0.3828125
3122,1375,1,1,0.986321735728422,11,732,96,828,0.5800522212972073,0.3875968992248062
3123,1452,1,1,0.9544972046069243,11,732,96,828,0.5816499206768904,0.3923076923076923
3124,1464,1,0,0.06157573206732962,11,733,96,829,0.5771256038647343,0.3893129770992366
3125,1484,1,1,0.9998187229014853,11,733,96,829,0.5787518842327404,0.3939393939393939
3126,1537,1,0,0.06284491530171578,11,734,96,830,0.574299666089227,0.39097744360902253
3127,1541,1,0,0.024430140598166023,11,735,96,831,0.5698835808912084,0.3880597014925373
3128,1549,1,0,0.34992050120424045,11,736,96,832,0.5655044008124577,0.3851851851851852
3129,1576,1,0,0.09451622789934301,11,737,96,833,0.5611629072681704,0.38235294117647056
3130,1607,1,1,0.9806573446342385,11,737,96,833,0.5629366987179487,0.38686131386861317
3131,1612,1,1,0.6946231524460939,11,737,96,833,0.5647062356120508,0.391304347826087
3132,1635,1,1,0.9680210401835292,11,737,96,833,0.5664725890356143,0.39568345323741005
3133,1666,1,1,0.9885568602449255,11,737,96,833,0.5682368236823682,0.4
3134,1704,1,1,0.9473739798202888,11,737,96,833,0.57,0.40425531914893614
3135,1733,1,0,0.4082336062323595,11,738,96,834,0.5659026475661891,0.4014084507042254
3136,1746,1,1,0.9999720455106238,11,738,96,834,0.567708484408992,0.40559440559440557
3137,1803,1,0,0.048908350451711484,11,739,96,835,0.5636974789915966,0.4027777777777778
3138,1837,1,1,0.985686899185595,11,739,96,835,0.5655489940946852,0.4068965517241379
3139,1866,1,1,0.969267056631709,11,739,96,835,0.5655489940946852,0.4068965517241379
3140,1875,1,0,0.22225141336647997,11,740,96,836,0.5655489940946852,0.4068965517241379
3141,1876,1,0,0.006507354196809836,11,741,96,837,0.5655489940946852,0.4068965517241379
3142,1930,1,1,0.9890858941824227,11,741,96,837,0.5713261245025155,0.41379310344827586
3143,1946,1,0,0.007225978707268214,11,742,96,838,0.5655489940946852,0.4068965517241379
3144,1952,1,1,0.9033444522504146,11,742,96,838,0.5713261245025155,0.41379310344827586
3145,1965,1,0,0.2877392790998003,11,743,96,839,0.5713261245025155,0.41379310344827586
3146,1967,1,1,0.9893635345761813,11,743,96,839,0.5770633012820512,0.4206896551724138
3147,1980,1,0,0.03153521349125462,11,744,96,840,0.5770633012820512,0.4206896551724138
3148,1992,1,0,0.17352473929022766,11,745,96,841,0.5770633012820512,0.4206896551724138
3149,2055,1,1,0.9121752592540356,11,745,96,841,0.5827613417169769,0.42758620689655175
3150,2120,1,1,0.936980821690757,11,745,96,841,0.588421052631579,0.43448275862068964
3151,2165,1,1,0.7366165757526602,11,745,96,841,0.5940432307730886,0.4413793103448276
3152,2169,1,0,0.012574715533268811,11,746,96,842,0.5940432307730886,0.4413793103448276
3153,2181,1,0,0.03968447904115989,11,747,96,843,0.5940432307730886,0.4413793103448276
3154,2227,1,0,0.002109031276955609,11,748,96,844,0.5940432307730886,0.4413793103448276
3155,2276,1,0,0.0020416242397432263,11,749,96,845,0.588421052631579,0.43448275862068964
3156,2279,1,1,0.995339237388786,11,749,96,845,0.5940432307730886,0.4413793103448276
3157,2312,1,1,0.999960743186257,11,749,96,845,0.5940432307730886,0.4413793103448276
3158,2315,1,0,0.005906440354287372,11,750,96,846,0.5940432307730886,0.4413793103448276
3159,2356,1,0,0.0030527687545106957,11,751,96,847,0.5940432307730886,0.4413793103448276
3160,2374,1,0,0.045318623800444484,11,752,96,848,0.5940432307730886,0.4413793103448276
3161,2410,1,1,0.5407984303349218,11,752,96,848,0.5996286631874749,0.4482758620689655
3162,2512,0,0,0.004901210753213246,11,752,96,848,0.6036018957345972,0.4513888888888889
3163,2518,0,0,0.006326958615675756,11,752,96,848,0.6076190476190476,0.45454545454545453
3164,2628,0,0,0.0007530695784052902,11,752,96,848,0.6116791502793156,0.45774647887323944
3165,2763,0,0,0.00012782552709538077,11,752,96,848,0.61578125,0.46099290780141844
3166,2804,0,0,0.013329182955898456,11,752,96,848,0.6143328996096487,0.45714285714285713
3167,2812,0,0,0.0010744635714264009,11,752,96,848,0.6185153220762978,0.460431654676259
3168,2845,0,0,0.00014150073870386262,11,752,96,848,0.6227370948379353,0.463768115942029
3169,2887,0,0,2.8426446098470374e-05,11,752,96,848,0.6269973243979895,0.46715328467153283
3170,3351,0,0,8.738348163069423e-05,11,752,96,848,0.6312951295129513,0.47058823529411764
3171,3396,0,0,0.00011487052909485722,11,752,96,848,0.6356296407410185,0.4740740740740741
3172,3404,0,0,2.909050608475341e-05,11,752,96,848,0.6343703592589814,0.4701492537313433
3173,3507,0,0,4.8934439556366283e-05,11,752,96,848,0.6387758775877588,0.47368421052631576
3174,3594,0,0,0.000765565784021648,11,752,96,848,0.643215723537796,0.4772727272727273
3175,3695,0,0,0.0027295728334011103,11,752,96,848,0.6420250156347717,0.4732824427480916
3176,3917,0,0,0.00010455684170328229,11,752,96,848,0.6465318786908217,0.47692307692307695
3177,3960,0,0,0.00019327474043588874,11,752,96,848,0.6453725961538461,0.4728682170542636
3178,4002,0,0,0.00048424434744948985,11,752,96,848,0.6499441368771763,0.4765625
3179,4015,0,0,0.1345211208173778,11,752,96,848,0.654546365914787,0.48031496062992124
3180,4437,0,0,0.00020097364104566478,11,752,96,848,0.6591785150078989,0.48412698412698413
3181,4598,0,0,0.00012084412426321067,11,752,96,848,0.6638398233641108,0.488
3182,4713,0,0,0.00043833185796566534,11,752,96,848,0.6685295372950718,0.49193548387096775
3183,4773,0,0,0.00011912359894402162,11,752,96,848,0.6732469098583056,0.4959349593495935
3184,4851,0,0,0.20657291262395377,11,752,96,848,0.6722705314009662,0.4918032786885246
3185,4948,0,0,0.0001778348257489713,11,752,96,848,0.677043892120571,0.49586776859504134
3186,4978,0,0,0.0007362653599613114,11,752,96,848,0.6818429277144874,0.5
3187,6,1,0,0.024798692506417273,11,753,96,849,0.6818429277144874,0.5
3188,36,1,0,0.0011881545751473268,11,754,96,850,0.6818429277144874,0.5
3189,45,1,0,0.011993916454608617,11,755,96,851,0.6818429277144874,0.5
3190,52,1,1,0.9933593352537822,11,755,96,851,0.687557603686636,0.5083333333333333
3191,102,1,0,0.01075989844545811,11,756,96,852,0.687557603686636,0.5083333333333333
3192,163,1,0,0.3233956597614249,11,757,96,853,0.687557603686636,0.5083333333333333
3193,175,1,0,0.032218122673275056,11,758,96,854,0.687557603686636,0.5083333333333333
3194,197,1,0,0.010025630982300167,11,759,96,855,0.687557603686636,0.5083333333333333
3195,200,1,0,0.0010579455494500753,11,760,96,856,0.687557603686636,0.5083333333333333
3196,254,1,0,0.0012242722251105172,11,761,96,857,0.687557603686636,0.5083333333333333
3197,257,1,0,0.03763525805277958,11,762,96,858,0.6818429277144874,0.5
3198,274,1,0,0.005165263350594137,11,763,96,859,0.6818429277144874,0.5
3199,276,1,0,0.0009698138301300741,12,764,96,860,0.6818429277144874,0.5
3200,326,1,0,0.029646039380867725,12,765,96,861,0.677043892120571,0.49586776859504134
3201,337,1,0,0.05519725963200203,12,766,96,862,0.6722705314009662,0.4918032786885246
3202,348,1,0,0.006634732041193918,12,767,96,863,0.6675235700817096,0.4878048780487805
3203,363,1,1,0.9695731036010049,12,767,96,863,0.6685295372950718,0.49193548387096775
3204,466,1,1,0.8929063207064383,12,767,96,863,0.669531583038692,0.496
3205,556,1,0,0.06818922518299422,12,768,96,864,0.6648721804511278,0.49206349206349204
3206,569,1,1,0.9985825980738073,12,768,96,864,0.6659014423076922,0.49606299212598426
3207,581,1,0,0.051347070081464836,12,769,96,865,0.6613020950664564,0.4921875
3208,605,1,0,0.0006440605891228729,12,770,96,866,0.6567330597537784,0.4883720930232558
3209,641,1,1,0.9940873235580082,12,770,96,866,0.6578231292517006,0.49230769230769234
3210,686,1,0,0.000290656671888488,12,771,96,867,0.6533177464929609,0.48854961832061067
3211,718,1,1,0.9529915710325072,12,771,96,867,0.6544393609840246,0.49242424242424243
3212,735,1,0,0.013382962151962574,12,772,96,868,0.65,0.48872180451127817
3213,758,1,0,0.37588542431464683,12,773,96,869,0.6455946398659966,0.48507462686567165
3214,785,1,1,0.9922317401396963,12,773,96,869,0.646784276462204,0.4888888888888889
3215,792,1,1,0.9855909916691679,12,773,96,869,0.6523809523809524,0.49264705882352944
3216,793,1,0,0.12315765692038758,12,774,96,870,0.6480637898686681,0.48905109489051096
3217,833,1,0,0.007920331282975798,12,775,96,871,0.6437834050645581,0.4855072463768116
3218,869,1,0,0.14014629386666103,12,776,96,872,0.639540687341994,0.48201438848920863
3219,890,1,1,0.9179283050038691,12,776,96,872,0.6408427064806231,0.4857142857142857
3220,892,1,0,0.248300688049472,12,777,96,873,0.6366766917293234,0.48226950354609927
3221,894,1,0,0.06568913291155186,12,778,96,874,0.6325509666741894,0.4788732394366197
3222,922,1,0,0.0017407440573888105,12,779,96,875,0.6327578424734823,0.4755244755244755
3223,939,1,0,0.022014562934688117,12,780,96,876,0.6286953030911281,0.4722222222222222
3224,942,1,0,0.0731794409875716,12,781,96,877,0.6246755040044186,0.4689655172413793
3225,955,1,0,0.0007828766120571749,12,782,96,878,0.6206994271932469,0.4657534246575342
3226,973,1,1,0.9998342870238486,12,782,96,878,0.6222463768115941,0.46938775510204084
3227,997,1,0,1.5191048837124944e-05,12,783,96,879,0.6183586411825438,0.46621621621621623
3228,1034,1,0,0.018087004628162012,12,784,96,880,0.614517592499244,0.46308724832214765
3229,1039,1,1,0.8150142438691885,12,784,96,880,0.6161616161616162,0.4666666666666667
3230,1045,1,1,0.9876870368189443,12,784,96,880,0.6178155683773662,0.47019867549668876
3231,1105,1,1,0.9952321122655368,12,784,96,880,0.6194805194805195,0.47368421052631576
3232,1189,1,1,0.9790281183070303,12,784,96,880,0.6211575628115146,0.477124183006536
3233,1192,1,0,0.00993258482159026,12,785,96,881,0.6175544294772224,0.474025974025974
3234,1204,1,0,0.029015361619317535,12,786,96,882,0.6140044879640962,0.47096774193548385
3235,1247,1,0,2.0627873936956657e-05,12,787,96,883,0.6105089506882199,0.46794871794871795
3236,1248,1,0,0.00012827793834695986,12,788,96,884,0.6070690537084399,0.46496815286624205
3237,1276,1,0,0.1259146083993319,12,789,96,885,0.6036860575322114,0.4620253164556962
3238,1283,1,0,0.030499867659138185,12,790,96,886,0.6003612479474548,0.4591194968553459
3239,1358,1,0,0.15807994604658962,12,791,96,887,0.5970959368816016,0.45625
3240,1370,1,0,0.43556604886233546,12,792,96,888,0.5938914632890537,0.453416149068323
3241,1432,1,1,0.8327537582320566,12,792,96,888,0.5960148821827201,0.4567901234567901
3242,1443,1,0,0.4032729366801059,12,793,96,889,0.5929328777406746,0.4539877300613497
3243,1493,1,1,0.582217521491181,12,793,96,889,0.595141245874373,0.4573170731707317
3244,1534,1,0,0.006620805074381273,12,794,96,890,0.5921875,0.45454545454545453
3245,1554,1,1,0.9900942294924645,12,794,96,890,0.5944868710116121,0.4578313253012048
3246,1570,1,1,0.9238570366610809,12,794,96,890,0.5968158890290038,0.46107784431137727
3247,1609,1,1,0.9933634774617928,12,794,96,890,0.5991764333227748,0.4642857142857143
3248,1641,1,0,0.253891867154308,12,795,96,891,0.5964946680426556,0.46153846153846156
3249,1711,1,1,0.9863153401909167,12,795,96,891,0.5989600787254981,0.4647058823529412
3250,1750,1,0,0.002311243728825621,12,796,96,892,0.5964266666666667,0.4619883040935672
3251,1757,1,0,0.17968283029749588,12,797,96,893,0.5939720313377364,0.45930232558139533
3252,1788,1,0,0.00028827782693827933,12,798,96,894,0.5915980265980266,0.45664739884393063
3253,1816,1,1,0.9905973926837413,12,798,96,894,0.5943328659260058,0.45977011494252873
3254,1825,1,1,0.9819983034491458,12,798,96,894,0.5971137152777778,0.46285714285714286
3255,1856,1,0,0.07745457895088115,12,799,96,895,0.5971137152777778,0.46285714285714286
3256,1860,1,1,0.9999198628753119,12,799,96,895,0.6020720524611575,0.4685714285714286
3257,1867,1,0,0.025937881153254842,12,800,96,896,0.6020720524611575,0.4685714285714286
3258,1962,1,1,0.9873588785127136,12,800,96,896,0.6020720524611575,0.4685714285714286
3259,1972,1,0,0.045659296176885404,12,801,96,897,0.5971137152777778,0.46285714285714286
3260,1981,1,0,0.023482785342006988,12,802,96,898,0.5971137152777778,0.46285714285714286
3261,1985,1,0,0.013328250900683422,12,803,96,899,0.5971137152777778,0.46285714285714286
3262,2017,1,0,0.443737312209586,12,804,96,900,0.5921230561189993,0.45714285714285713
3263,2062,1,1,0.9695731034996857,12,804,96,900,0.5971137152777778,0.46285714285714286
3264,2089,1,0,0.01494744519044585,12,805,96,901,0.5921230561189993,0.45714285714285713
3265,2093,1,0,0.06818922914617721,12,806,96,902,0.5870995577607594,0.4514285714285714
3266,2137,1,0,0.039939159252825325,12,807,96,903,0.5870995577607594,0.4514285714285714
3267,2152,1,0,0.034452380821643376,12,808,96,904,0.5820426985023258,0.44571428571428573
3268,2249,1,0,0.0012730050055859408,12,809,96,905,0.5820426985023258,0.44571428571428573
3269,2261,1,0,0.003122274445252602,12,810,96,906,0.5820426985023258,0.44571428571428573
3270,2295,1,0,0.01760612169823841,12,811,96,907,0.5820426985023258,0.44571428571428573
3271,2297,1,1,0.932928031704389,12,811,96,907,0.5820426985023258,0.44571428571428573
3272,2339,1,1,0.9707989409182795,12,811,96,907,0.5870995577607594,0.4514285714285714
3273,2348,1,0,0.0006430481750875646,12,812,96,908,0.5870995577607594,0.4514285714285714
3274,2351,1,0,0.00456574662395565,12,813,96,909,0.5820426985023258,0.44571428571428573
3275,2366,1,0,0.0054509598676935715,12,814,96,910,0.5820426985023258,0.44571428571428573
3276,2376,1,0,0.023294620195579416,12,815,96,911,0.5820426985023258,0.44571428571428573
3277,2388,1,1,0.8101396969152278,12,815,96,911,0.5820426985023258,0.44571428571428573
3278,2412,1,0,0.011798730871384281,12,816,96,912,0.5820426985023258,0.44571428571428573
3279,2416,1,0,0.12403012945162946,12,817,96,913,0.576951951951952,0.44
3280,2432,1,1,0.974748931665283,12,817,96,913,0.576951951951952,0.44
3281,2443,1,0,0.008467947573740486,12,818,96,914,0.576951951951952,0.44
3282,2461,1,0,0.018347581299985104,12,819,96,915,0.5718267868124817,0.4342857142857143
3283,2483,1,0,0.029433909587157355,12,820,96,916,0.5666666666666667,0.42857142857142855
3284,30,1,0,0.3007927797515818,12,821,96,917,0.5666666666666667,0.42857142857142855
3285,35,1,1,0.9987087571612311,12,821,96,917,0.5666666666666667,0.42857142857142855
3286,50,1,1,0.9345674602094692,12,821,96,917,0.5666666666666667,0.42857142857142855
3287,75,1,0,0.026635314805529865,12,822,96,918,0.5614710497619617,0.4228571428571429
3288,129,1,1,0.9998064111751996,12,822,96,918,0.5666666666666667,0.42857142857142855
3289,141,1,1,0.9856866428388675,12,822,96,918,0.5666666666666667,0.42857142857142855
3290,198,1,1,0.6613610322499662,12,822,96,918,0.5718267868124817,0.4342857142857143
3291,202,1,0,0.09673909747371298,12,823,96,919,0.5718267868124817,0.4342857142857143
3292,271,1,0,0.021829923099887034,12,824,96,920,0.5666666666666667,0.42857142857142855
3293,331,1,1,0.5111226047698896,12,824,96,920,0.5718267868124817,0.4342857142857143
3294,342,1,1,0.996605796195666,12,824,96,920,0.5718267868124817,0.4342857142857143
3295,360,1,1,0.9278474918158035,12,824,96,920,0.576951951951952,0.44
3296,372,1,0,0.0004689092272978664,12,825,96,921,0.5718267868124817,0.4342857142857143
3297,412,1,0,0.04981309692727287,12,826,96,922,0.5666666666666667,0.42857142857142855
3298,429,1,0,0.0075219149198462116,12,827,96,923,0.5614710497619617,0.4228571428571429
3299,494,1,1,0.7076906424005628,13,827,96,923,0.5666666666666667,0.42857142857142855
3300,499,1,0,0.0001585448598885025,13,828,96,924,0.5614710497619617,0.4228571428571429
3301,503,1,1,0.9961793359451072,13,828,96,924,0.5614710497619617,0.4228571428571429
3302,594,1,0,0.014499168682114974,13,829,96,925,0.5562393887945671,0.41714285714285715
3303,620,1,0,0.0838661404446247,13,830,96,926,0.5509711306924929,0.4114285714285714
3304,660,1,0,0.00901345635658477,13,831,96,927,0.5456657163974237,0.4057142857142857
3305,662,1,0,0.010625209043153007,13,832,96,928,0.5403225806451613,0.4
3306,673,1,1,0.998776918210801,13,832,96,928,0.5403225806451613,0.4
3307,682,1,0,0.06748701351176398,13,833,96,929,0.5403225806451613,0.4
3308,702,1,1,0.9434348037713625,13,833,96,929,0.5403225806451613,0.4
3309,708,1,0,0.04483382105800959,13,834,96,930,0.5349411517444304,0.3942857142857143
3310,722,1,0,0.00765251415121397,13,835,96,931,0.5295208513538309,0.38857142857142857
3311,741,1,1,0.9804789041129568,13,835,96,931,0.5295208513538309,0.38857142857142857
3312,749,1,0,0.08245749345674548,13,836,96,932,0.5295208513538309,0.38857142857142857
3313,789,1,0,0.008310162544207716,13,837,96,933,0.5295208513538309,0.38857142857142857
3314,840,1,1,0.9594240865852859,13,837,96,933,0.5295208513538309,0.38857142857142857
3315,874,1,0,0.024943319662160048,13,838,96,934,0.5240610942567215,0.38285714285714284
3316,896,1,1,0.9926093159348565,13,838,96,934,0.5295208513538309,0.38857142857142857
3317,946,1,1,0.9999653629824183,13,838,96,934,0.5295208513538309,0.38857142857142857
3318,947,1,1,0.8119053888806188,13,838,96,934,0.5295208513538309,0.38857142857142857
3319,952,1,1,0.8096543585805063,13,838,96,934,0.5349411517444304,0.3942857142857143
3320,972,1,1,0.9843381496228853,13,838,96,934,0.5349411517444304,0.3942857142857143
3321,991,1,1,0.6905355530061829,13,838,96,934,0.5349411517444304,0.3942857142857143
3322,1013,1,0,0.0045942064307632185,13,839,96,935,0.5295208513538309,0.38857142857142857
3323,1069,1,0,0.05055347550556665,13,840,96,936,0.5240610942567215,0.38285714285714284
3324,1076,1,1,0.8880578311546649,13,840,96,936,0.5295208513538309,0.38857142857142857
3325,1100,1,0,0.0021728021036199895,13,841,96,937,0.5240610942567215,0.38285714285714284
3326,1118,1,1,0.9828847352735208,13,841,96,937,0.5295208513538309,0.38857142857142857
3327,1121,1,1,0.7696479602068402,13,841,96,937,0.5349411517444304,0.3942857142857143
3328,1133,1,1,0.9644908231060072,13,841,96,937,0.5403225806451613,0.4
3329,1146,1,1,0.5776002351913102,13,841,96,937,0.5456657163974237,0.4057142857142857
3330,1147,1,0,0.005505387656905499,13,842,96,938,0.5403225806451613,0.4
3331,1210,1,1,0.9723877299532617,13,842,96,938,0.5403225806451613,0.4
3332,1211,1,1,0.5214154070204463,13,842,96,938,0.5403225806451613,0.4
3333,1220,1,0,0.048254866927441784,13,843,96,939,0.5349411517444304,0.3942857142857143
3334,1304,1,0,0.004028119863781432,13,844,96,940,0.5295208513538309,0.38857142857142857
3335,1325,1,1,0.9449122299303666,13,844,96,940,0.5349411517444304,0.3942857142857143
3336,1346,1,0,0.0475994136914546,13,845,96,941,0.5295208513538309,0.38857142857142857
3337,1385,1,1,0.9937764167791882,13,845,96,941,0.5349411517444304,0.3942857142857143
3338,1401,1,0,0.14755143153458763,13,846,96,942,0.5295208513538309,0.38857142857142857
3339,1411,1,0,0.028090995820873634,13,847,96,943,0.5240610942567215,0.38285714285714284
3340,1453,1,0,0.004188755420351287,13,848,96,944,0.5240610942567215,0.38285714285714284
3341,1480,1,1,0.5569142398804051,13,848,96,944,0.5295208513538309,0.38857142857142857
3342,1491,1,0,0.0024391692472877364,13,849,96,945,0.5240610942567215,0.38285714285714284
3343,1565,1,0,0.018777867652957907,13,850,96,946,0.5240610942567215,0.38285714285714284
3344,1568,1,1,0.8316978542368084,13,850,96,946,0.5240610942567215,0.38285714285714284
3345,1571,1,1,0.9998081596896081,13,850,96,946,0.5295208513538309,0.38857142857142857
3346,1578,1,0,0.0027713571602040596,13,851,96,947,0.5240610942567215,0.38285714285714284
3347,1614,1,1,0.9922915862053573,13,851,96,947,0.5295208513538309,0.38857142857142857
3348,1669,1,1,0.9857675264226655,13,851,96,947,0.5349411517444304,0.3942857142857143
3349,1679,1,0,0.2876663222529617,13,852,96,948,0.5295208513538309,0.38857142857142857
3350,1793,1,0,0.0788207410980497,13,853,96,949,0.5240610942567215,0.38285714285714284
3351,1847,1,0,0.33799568117129086,13,854,96,950,0.5185612881338241,0.37714285714285717
3352,1863,1,0,0.00855189972935674,13,855,96,951,0.5185612881338241,0.37714285714285717
3353,1883,1,0,0.08999678924353359,13,856,96,952,0.5185612881338241,0.37714285714285717
3354,1887,1,1,0.9753156988763724,13,856,96,952,0.5240610942567215,0.38285714285714284
3355,1943,1,1,0.9974524567279168,13,856,96,952,0.5295208513538309,0.38857142857142857
3356,1953,1,0,0.2500855289384474,13,857,96,953,0.5240610942567215,0.38285714285714284
3357,1954,1,0,0.008999651482699102,13,858,96,954,0.5185612881338241,0.37714285714285717
3358,1960,1,1,0.5657199189686885,13,858,96,954,0.5240610942567215,0.38285714285714284
3359,1968,1,1,0.9426113874537723,13,858,96,954,0.5295208513538309,0.38857142857142857
3360,1983,1,0,0.1254064210182651,13,859,96,955,0.5295208513538309,0.38857142857142857
3361,2008,1,1,0.9948760322819982,13,859,96,955,0.5295208513538309,0.38857142857142857
3362,2010,1,0,0.002853808803621768,13,860,96,956,0.5274148802017654,0.38636363636363635
3363,2037,1,1,0.557649427844517,13,860,96,956,0.5308140639847957,0.3898305084745763
3364,2038,1,1,0.9140705766036396,13,860,96,956,0.5342614601018676,0.39325842696629215
3365,2054,1,0,0.006988908716651362,13,861,96,957,0.5324181494188676,0.39106145251396646
3366,2092,1,0,0.4044484147192231,13,862,96,958,0.5306666666666667,0.3888888888888889
3367,2140,1,1,0.9518590785761596,13,862,96,958,0.5343522093522093,0.39226519337016574
3368,2143,1,0,0.07289059692779207,13,863,96,959,0.5327918044688231,0.3901098901098901
3369,2168,1,0,0.0027060246450902325,13,864,96,960,0.5313299536188114,0.3879781420765027
3370,2178,1,1,0.9996929282364587,13,864,96,960,0.5352777777777777,0.391304347826087
3371,2190,1,0,6.846237751478222e-06,13,865,96,961,0.5340222034774564,0.3891891891891892
3372,2191,1,0,0.39265704340916896,13,866,96,962,0.5328725843432689,0.3870967741935484
3373,2210,1,1,0.993256575561815,13,866,96,962,0.5371098901098901,0.39037433155080214
3374,2218,1,0,0.002008999563629134,13,867,96,963,0.5361834670194878,0.3882978723404255
3375,2269,1,1,0.9468384412591939,13,867,96,963,0.5406191890316672,0.3915343915343915
3376,2338,1,0,0.29725114134841274,13,868,96,964,0.539928698752228,0.3894736842105263
3377,2353,1,1,0.8265784738105099,13,868,96,964,0.5445786107058691,0.39267015706806285
3378,2379,1,1,0.5273742792102053,13,868,96,964,0.5493260967887834,0.3958333333333333
3379,2389,1,1,0.9987727258797773,13,868,96,964,0.5541766381766382,0.39896373056994816
3380,2399,1,0,0.004313170794773514,13,869,96,965,0.5540084098515403,0.39690721649484534
3381,2408,1,1,0.9500712602041368,13,869,96,965,0.5591113610798649,0.4
3382,2441,1,0,0.0015815888883882166,13,870,96,966,0.5592260456494033,0.3979591836734694
3383,2459,1,1,0.920240942707207,13,870,96,966,0.5646026180458158,0.4010152284263959
3384,2469,1,1,0.9337852652356698,13,870,96,966,0.5701120415143296,0.40404040404040403
3385,2485,1,0,0.017520666684710914,13,871,96,967,0.5706919636245149,0.4020100502512563
3386,2491,1,1,0.9533392986278695,13,871,96,967,0.5765124555160143,0.405
3387,3,1,0,0.0041354198725390345,13,872,96,968,0.5765124555160143,0.405
3388,108,1,1,0.8927317800207148,13,872,96,968,0.5815602836879432,0.41
3389,147,1,0,0.0001570063067698351,13,873,96,969,0.5815602836879432,0.41
3390,153,1,0,0.043914015867744884,13,874,96,970,0.5765124555160143,0.405
3391,170,1,0,0.03020508001011268,13,875,96,971,0.5765124555160143,0.405
3392,177,1,1,0.9999767669271569,13,875,96,971,0.5815602836879432,0.41
3393,201,1,0,0.0025065753320345804,13,876,96,972,0.5815602836879432,0.41
3394,232,1,0,0.015326157895003693,13,877,96,973,0.5815602836879432,0.41
3395,281,1,0,0.0009957260662976704,13,878,96,974,0.5815602836879432,0.41
3396,344,1,0,0.25903382137427894,13,879,96,975,0.5815602836879432,0.41
3397,351,1,0,0.3590537448284321,13,880,96,976,0.5815602836879432,0.41
3398,366,1,1,0.9848805302642145,13,880,96,976,0.5865724381625441,0.415
3399,421,1,1,0.8773263681096793,14,880,96,976,0.5915492957746479,0.42
3400,470,1,0,0.024693888674330977,14,881,96,977,0.5915492957746479,0.42
3401,491,1,0,0.0781851806059427,14,882,96,978,0.5915492957746479,0.42
3402,590,1,1,0.977504906710796,14,882,96,978,0.5964912280701754,0.425
3403,679,1,0,0.007545842779144426,14,883,96,979,0.5915492957746479,0.42
3404,705,1,1,0.611595356260727,14,883,96,979,0.5915492957746479,0.42
3405,709,1,0,0.024533604756252634,14,884,96,980,0.5915492957746479,0.42
3406,724,1,1,0.9999157666394598,14,884,96,980,0.5915492957746479,0.42
3407,725,1,0,0.07116148121164532,14,885,96,981,0.5915492957746479,0.42
3408,729,1,1,0.6115952112407499,14,885,96,981,0.5964912280701754,0.425
3409,770,1,1,0.9121527785799839,14,885,96,981,0.5964912280701754,0.425
3410,777,1,1,0.6532126356469685,14,885,96,981,0.6013986013986014,0.43
3411,813,1,1,0.9838838433460891,14,885,96,981,0.6013986013986014,0.43
3412,841,1,0,0.0612589122795578,14,886,96,982,0.6013986013986014,0.43
3413,926,1,1,0.9910035469582658,14,886,96,982,0.6062717770034843,0.435
3414,983,1,1,0.95323672732546,14,886,96,982,0.6062717770034843,0.435
3415,1015,1,0,0.051325580710976655,14,887,96,983,0.6013986013986014,0.43
3416,1040,1,1,0.5149787798691925,14,887,96,983,0.6062717770034843,0.435
3417,1043,1,0,0.005235557346773005,14,888,96,984,0.6062717770034843,0.435
3418,1059,1,1,0.9999671135502681,14,888,96,984,0.6111111111111112,0.44
3419,1071,1,1,0.5149787795067585,14,888,96,984,0.6111111111111112,0.44
3420,1077,1,0,0.008409113431635524,14,889,96,985,0.6111111111111112,0.44
3421,1101,1,1,0.8738959881231548,14,889,96,985,0.615916955017301,0.445
3422,1123,1,1,0.9906831590900952,14,889,96,985,0.6206896551724138,0.45
3423,1138,1,1,0.6008092654323113,14,889,96,985,0.6254295532646048,0.455
3424,1176,1,1,0.9963097204793029,14,889,96,985,0.6301369863013698,0.46
3425,1193,1,0,0.005932452172614177,14,890,96,986,0.6301369863013698,0.46
3426,1197,1,0,0.11980064696909799,14,891,96,987,0.6254295532646048,0.455
3427,1256,1,1,0.8902010059706884,14,891,96,987,0.6301369863013698,0.46
3428,1259,1,1,0.7703831518661267,14,891,96,987,0.6348122866894198,0.465
3429,1262,1,0,0.02546499451162364,14,892,96,988,0.6301369863013698,0.46
3430,1285,1,0,0.11374173455661377,14,893,96,989,0.6254295532646048,0.455
3431,1303,1,0,0.010746093156909609,14,894,96,990,0.6206896551724138,0.45
3432,1356,1,0,0.001139240602528397,14,895,96,991,0.615916955017301,0.445
3433,1361,1,0,0.06999117178403032,14,896,96,992,0.615916955017301,0.445
3434,1372,1,0,0.03347010871115142,14,897,96,993,0.615916955017301,0.445
3435,1410,1,0,0.026093974838706638,14,898,96,994,0.615916955017301,0.445
3436,1423,1,0,0.3089841507775236,14,899,96,995,0.615916955017301,0.445
3437,1431,1,0,0.32628059302995827,14,900,96,996,0.615916955017301,0.445
3438,1447,1,0,0.39721116871830764,14,901,96,997,0.615916955017301,0.445
3439,1458,1,0,0.0013179293454847498,14,902,96,998,0.615916955017301,0.445
3440,1481,1,0,0.018907244552943507,14,903,96,999,0.615916955017301,0.445
3441,1505,1,0,0.06964691693214704,14,904,96,1000,0.6111111111111112,0.44
3442,1543,1,0,0.42327550220943133,14,905,96,1001,0.6111111111111112,0.44
3443,1561,1,0,0.025181487811825422,14,906,96,1002,0.6062717770034843,0.435
3444,1562,1,1,0.9999584846156336,14,906,96,1002,0.6111111111111112,0.44
3445,1564,1,0,0.02728904791678318,14,907,96,1003,0.6062717770034843,0.435
3446,1574,1,1,0.6742415297635789,14,907,96,1003,0.6062717770034843,0.435
3447,1590,1,1,0.7657337346578209,14,907,96,1003,0.6062717770034843,0.435
3448,1624,1,0,0.022295005209057386,14,908,96,1004,0.6062717770034843,0.435
3449,1630,1,0,0.05714938488338938,14,909,96,1005,0.6013986013986014,0.43
3450,1639,1,0,0.15302735798631117,14,910,96,1006,0.6013986013986014,0.43
3451,1644,1,0,0.016477687278818258,14,911,96,1007,0.6013986013986014,0.43
3452,1645,1,0,0.05431955008766408,14,912,96,1008,0.6013986013986014,0.43
3453,1698,1,0,0.03686483591823407,14,913,96,1009,0.5964912280701754,0.425
3454,1712,1,1,0.7001643781774841,14,913,96,1009,0.5964912280701754,0.425
3455,1726,1,1,0.9870569187004895,14,913,96,1009,0.6013986013986014,0.43
3456,1760,1,0,0.12313152482983974,14,914,96,1010,0.5964912280701754,0.425
3457,1762,1,0,0.09008645364853862,14,915,96,1011,0.5964912280701754,0.425
3458,1808,1,0,0.039376348996402986,14,916,96,1012,0.5915492957746479,0.42
3459,1809,1,0,0.014544050450543276,14,917,96,1013,0.5915492957746479,0.42
3460,1839,1,1,0.9941053420366668,14,917,96,1013,0.5964912280701754,0.425
3461,1868,1,0,0.12166957583749523,14,918,96,1014,0.5964912280701754,0.425
3462,1894,1,1,0.9898301774624264,14,918,96,1014,0.6013986013986014,0.43
3463,1899,1,0,0.04836480385596271,14,919,96,1015,0.5964912280701754,0.425
3464,1925,1,1,0.8973873914190487,14,919,96,1015,0.6013986013986014,0.43
3465,1938,1,0,0.002862411082209032,14,920,96,1016,0.6013986013986014,0.43
3466,2073,1,0,0.001878358403956982,14,921,96,1017,0.6013986013986014,0.43
3467,2097,1,0,0.3323356761897746,14,922,96,1018,0.6013986013986014,0.43
3468,2103,1,0,0.09639466965336717,14,923,96,1019,0.6013986013986014,0.43
3469,2110,1,0,0.09971005215649455,14,924,96,1020,0.6013986013986014,0.43
3470,2132,1,0,0.26221905252450756,14,925,96,1021,0.6013986013986014,0.43
3471,2158,1,0,0.025717734483920788,14,926,96,1022,0.5964912280701754,0.425
3472,2184,1,0,0.0023719866859998073,14,927,96,1023,0.5915492957746479,0.42
3473,2235,1,0,0.014879447614371417,14,928,96,1024,0.5915492957746479,0.42
3474,2256,1,1,0.8756888364036055,14,928,96,1024,0.5964912280701754,0.425
3475,2277,1,0,0.46687065669743244,14,929,96,1025,0.5964912280701754,0.425
3476,2375,1,0,0.048364803874314924,14,930,96,1026,0.5964912280701754,0.425
3477,2381,1,1,0.9665703026631791,14,930,96,1026,0.5964912280701754,0.425
3478,2382,1,0,0.46331086075738165,14,931,96,1027,0.5964912280701754,0.425
3479,2435,1,0,0.46331086075738165,14,932,96,1028,0.5964912280701754,0.425
3480,2479,1,0,0.3080538695315433,14,933,96,1029,0.5915492957746479,0.42
3481,25,1,0,0.4599819661947273,14,934,96,1030,0.5915492957746479,0.42
3482,77,1,1,0.9817447680088122,14,934,96,1030,0.5964912280701754,0.425
3483,80,1,0,0.035432992513690066,14,935,96,1031,0.5964912280701754,0.425
3484,135,1,0,0.0650775305871663,14,936,96,1032,0.5964912280701754,0.425
3485,178,1,0,0.09008645456107334,14,937,96,1033,0.5915492957746479,0.42
3486,216,1,0,0.05633910963085403,14,938,96,1034,0.5865724381625441,0.415
3487,244,1,0,0.021941566932001066,14,939,96,1035,0.5865724381625441,0.415
3488,264,1,1,0.7697392161148181,14,939,96,1035,0.5865724381625441,0.415
3489,266,1,0,0.04889842688829713,14,940,96,1036,0.5815602836879432,0.41
3490,339,1,1,0.5940461750123385,14,940,96,1036,0.5815602836879432,0.41
3491,371,1,1,0.9817968699027176,14,940,96,1036,0.5865724381625441,0.415
3492,378,1,1,0.6457991670498375,14,940,96,1036,0.5915492957746479,0.42
3493,512,1,0,0.04907044220003001,14,941,96,1037,0.5865724381625441,0.415
3494,548,1,1,0.558217953460638,14,941,96,1037,0.5865724381625441,0.415
3495,554,1,1,0.734553694139314,14,941,96,1037,0.5865724381625441,0.415
3496,579,1,1,0.6988420970550107,14,941,96,1037,0.5915492957746479,0.42
3497,639,1,1,0.931226558249147,14,941,96,1037,0.5964912280701754,0.425
3498,652,1,0,0.3974509807299744,14,942,96,1038,0.5964912280701754,0.425
3499,672,1,1,0.9743280461397318,15,942,96,1038,0.5964912280701754,0.425
3500,719,1,1,0.6579078236956981,15,942,96,1038,0.6013986013986014,0.43
3501,794,1,0,0.02496257883230323,15,943,96,1039,0.5964912280701754,0.425
3502,806,1,0,0.00019940865654908275,15,944,96,1040,0.5964912280701754,0.425
3503,879,1,1,0.9874202880106003,15,944,96,1040,0.6013986013986014,0.43
3504,918,1,0,0.12839747389995834,15,945,96,1041,0.6013986013986014,0.43
3505,976,1,0,0.04207561602999706,15,946,96,1042,0.6013986013986014,0.43
3506,1173,1,0,0.0036586689924063887,15,947,96,1043,0.5964912280701754,0.425
3507,1179,1,0,0.3762722462789646,15,948,96,1044,0.5964912280701754,0.425
3508,1270,1,0,0.3371146723252657,15,949,96,1045,0.5915492957746479,0.42
3509,1286,1,1,0.9352211179120731,15,949,96,1045,0.5964912280701754,0.425
3510,1289,1,1,0.9742884578772246,15,949,96,1045,0.6013986013986014,0.43
3511,1296,1,0,0.014172991600917772,15,950,96,1046,0.5964912280701754,0.425
3512,1305,1,0,0.1391020320441012,15,951,96,1047,0.5964912280701754,0.425
3513,1395,1,1,0.9762839759258313,15,951,96,1047,0.6013986013986014,0.43
3514,1398,1,0,0.1854757165022826,15,952,96,1048,0.5964912280701754,0.425
3515,1492,1,0,0.06490292157972327,15,953,96,1049,0.5964912280701754,0.425
3516,1531,1,0,0.0035438641944749564,15,954,96,1050,0.5915492957746479,0.42
3517,1633,1,0,0.059668028169845753,15,955,96,1051,0.5865724381625441,0.415
3518,1646,1,1,0.9749870832222469,15,955,96,1051,0.5865724381625441,0.415
3519,1648,1,0,0.10705185303503476,15,956,96,1052,0.5815602836879432,0.41
3520,1723,1,0,0.014074210258139298,15,957,96,1053,0.5765124555160143,0.405
3521,1724,1,1,0.8914947095983656,15,957,96,1053,0.5765124555160143,0.405
3522,1728,1,0,0.031540430155599486,15,958,96,1054,0.5765124555160143,0.405
3523,1741,1,0,0.0011810387382334634,15,959,96,1055,0.5765124555160143,0.405
3524,1772,1,0,0.004958102055243646,15,960,96,1056,0.5714285714285714,0.4
3525,1780,1,1,0.840284076440618,15,960,96,1056,0.5765124555160143,0.405
3526,1798,1,0,0.002114661054955096,15,961,96,1057,0.5714285714285714,0.4
3527,1813,1,1,0.9918471073169364,15,961,96,1057,0.5714285714285714,0.4
3528,1846,1,0,0.13760858101644508,15,962,96,1058,0.5663082437275986,0.395
3529,1848,1,0,0.0005442502571750314,15,963,96,1059,0.5611510791366906,0.39
3530,1902,1,0,0.28559968808805136,15,964,96,1060,0.5611510791366906,0.39
3531,1924,1,0,0.43084905230696563,15,965,96,1061,0.555956678700361,0.385
3532,1934,1,0,0.41781811566575866,15,966,96,1062,0.5507246376811594,0.38
3533,1970,1,0,0.11318428404408835,15,967,96,1063,0.5507246376811594,0.38
3534,2049,1,1,0.9854295375833192,15,967,96,1063,0.555956678700361,0.385
3535,2075,1,0,0.05332885952746485,15,968,96,1064,0.5507246376811594,0.38
3536,2153,1,0,0.14826539756171822,15,969,96,1065,0.5507246376811594,0.38
3537,2163,1,1,0.9796983573856374,15,969,96,1065,0.5507246376811594,0.38
3538,2207,1,1,0.9878967194438291,15,969,96,1065,0.555956678700361,0.385
3539,2280,1,0,0.003788703587597772,15,970,96,1066,0.555956678700361,0.385
3540,2294,1,0,0.38313609234828233,15,971,96,1067,0.555956678700361,0.385
3541,2321,1,0,0.44235859598142463,15,972,96,1068,0.5507246376811594,0.38
3542,2328,1,0,0.21751637036246135,15,973,96,1069,0.5507246376811594,0.38
3543,2347,1,1,0.934650196276431,15,973,96,1069,0.555956678700361,0.385
3544,2494,1,1,0.9939501210817037,15,973,96,1069,0.555956678700361,0.385
3545,28,1,1,0.9997409007303967,15,973,96,1069,0.555956678700361,0.385
3546,44,1,1,0.9663289298514869,15,973,96,1069,0.5611510791366906,0.39
3547,67,1,0,0.03512212264645077,15,974,96,1070,0.555956678700361,0.385
3548,73,1,0,0.3064477568727312,15,975,96,1071,0.5507246376811594,0.38
3549,84,1,0,0.03151870030164317,15,976,96,1072,0.5507246376811594,0.38
3550,106,1,0,0.07350896090234668,15,977,96,1073,0.5507246376811594,0.38
3551,109,1,1,0.9730686178602693,15,977,96,1073,0.555956678700361,0.385
3552,117,1,0,0.42964661629373724,15,978,96,1074,0.555956678700361,0.385
3553,123,1,0,0.4805077556404648,15,979,96,1075,0.555956678700361,0.385
3554,134,1,0,0.26359803857938996,15,980,96,1076,0.5507246376811594,0.38
3555,152,1,0,0.08468896193672393,15,981,96,1077,0.5454545454545454,0.375
3556,162,1,1,0.9987713618972849,15,981,96,1077,0.5507246376811594,0.38
3557,185,1,1,0.9948600995136503,15,981,96,1077,0.555956678700361,0.385
3558,210,1,0,0.003022462710415719,15,982,96,1078,0.5507246376811594,0.38
3559,214,1,1,0.9457147206812477,15,982,96,1078,0.5507246376811594,0.38
3560,245,1,0,0.004516311632605652,15,983,96,1079,0.5507246376811594,0.38
3561,258,1,0,0.004231570713053882,15,984,96,1080,0.5454545454545454,0.375
3562,261,1,1,0.7585341771069382,15,984,96,1080,0.5507246376811594,0.38
3563,270,1,0,0.007404231536364642,15,985,96,1081,0.5454545454545454,0.375
3564,291,1,1,0.5427887139636902,15,985,96,1081,0.5454545454545454,0.375
3565,316,1,0,0.10626702525404277,15,986,96,1082,0.5454545454545454,0.375
3566,328,1,1,0.7641663774821361,15,986,96,1082,0.5507246376811594,0.38
3567,374,1,1,0.9948540263976037,15,986,96,1082,0.5507246376811594,0.38
3568,377,1,0,0.2838952548529902,15,987,96,1083,0.5507246376811594,0.38
3569,387,1,0,0.001546327051494567,15,988,96,1084,0.5507246376811594,0.38
3570,419,1,1,0.8289895341309641,15,988,96,1084,0.5507246376811594,0.38
3571,457,1,0,0.03527558483060798,15,989,96,1085,0.5507246376811594,0.38
3572,472,1,0,0.11693720218415875,15,990,96,1086,0.5507246376811594,0.38
3573,492,1,0,0.22990958584193705,15,991,96,1087,0.5454545454545454,0.375
3574,498,1,0,0.2733586914088784,15,992,96,1088,0.5454545454545454,0.375
3575,507,1,1,0.7172077786568725,15,992,96,1088,0.5454545454545454,0.375
3576,514,1,0,0.1387291174126752,15,993,96,1089,0.5454545454545454,0.375
3577,530,1,0,0.028246275485315848,15,994,96,1090,0.5401459854014599,0.37
3578,533,1,0,0.06448281492232846,15,995,96,1091,0.5347985347985348,0.365
3579,561,1,1,0.6171189387684651,15,995,96,1091,0.5347985347985348,0.365
3580,602,1,0,0.14260519089450363,15,996,96,1092,0.5347985347985348,0.365
3581,688,1,1,0.6598099037759033,15,996,96,1092,0.5347985347985348,0.365
3582,747,1,0,0.008911817635132957,15,997,96,1093,0.5347985347985348,0.365
3583,761,1,1,0.9446432181095568,15,997,96,1093,0.5347985347985348,0.365
3584,782,1,1,0.6473793164066566,15,997,96,1093,0.5347985347985348,0.365
3585,812,1,1,0.7046520434867396,15,997,96,1093,0.5401459854014599,0.37
3586,815,1,1,0.9204029722252002,15,997,96,1093,0.5401459854014599,0.37
3587,822,1,1,0.5602647044121175,15,997,96,1093,0.5454545454545454,0.375
3588,828,1,1,0.9600743304427005,15,997,96,1093,0.5454545454545454,0.375
3589,839,1,1,0.8971696867786976,15,997,96,1093,0.5507246376811594,0.38
3590,842,1,0,0.07755603688935678,15,998,96,1094,0.5507246376811594,0.38
3591,889,1,0,0.0057806818835981245,15,999,96,1095,0.5507246376811594,0.38
3592,914,1,0,0.06222716080428843,15,1000,96,1096,0.5454545454545454,0.375
3593,966,1,1,0.9607274982718702,15,1000,96,1096,0.5507246376811594,0.38
3594,975,1,1,0.9588090693399032,15,1000,96,1096,0.555956678700361,0.385
3595,980,1,0,0.3856536996844092,15,1001,96,1097,0.555956678700361,0.385
3596,987,1,1,0.9532629062817771,15,1001,96,1097,0.5611510791366906,0.39
3597,1021,1,0,0.12456513630452348,15,1002,96,1098,0.5611510791366906,0.39
3598,1047,1,1,0.736650264729472,15,1002,96,1098,0.5611510791366906,0.39
3599,1062,1,1,0.673584158522842,16,1002,96,1098,0.5611510791366906,0.39
3600,1106,1,1,0.9924248805044974,16,1002,96,1098,0.5663082437275986,0.395
3601,1162,1,1,0.9072187945559066,16,1002,96,1098,0.5714285714285714,0.4
3602,1183,1,0,0.1191143381213649,16,1003,96,1099,0.5663082437275986,0.395
3603,1214,1,0,0.004594723555632192,16,1004,96,1100,0.5663082437275986,0.395
3604,1265,1,1,0.5791958976776297,16,1004,96,1100,0.5663082437275986,0.395
3605,1327,1,1,0.6646971528508047,16,1004,96,1100,0.5714285714285714,0.4
3606,1331,1,1,0.8951539712249784,16,1004,96,1100,0.5714285714285714,0.4
3607,1342,1,0,0.14310233577161766,16,1005,96,1101,0.5714285714285714,0.4
3608,1371,1,1,0.6218378589934892,16,1005,96,1101,0.5714285714285714,0.4
3609,1390,1,0,0.044994381460786444,16,1006,96,1102,0.5663082437275986,0.395
3610,1435,1,0,0.1141605575984311,16,1007,96,1103,0.5611510791366906,0.39
3611,1465,1,0,0.007841084402853827,16,1008,96,1104,0.555956678700361,0.385
3612,1471,1,1,0.9832210201043382,16,1008,96,1104,0.5611510791366906,0.39
3613,1485,1,0,0.24799580623050776,16,1009,96,1105,0.555956678700361,0.385
3614,1490,1,1,0.9216370946618007,16,1009,96,1105,0.555956678700361,0.385
3615,1533,1,0,0.04199827586227891,16,1010,96,1106,0.555956678700361,0.385
3616,1542,1,1,0.9955738337109841,16,1010,96,1106,0.555956678700361,0.385
3617,1566,1,1,0.6274032495315847,16,1010,96,1106,0.5611510791366906,0.39
3618,1584,1,1,0.9828689455602466,16,1010,96,1106,0.5611510791366906,0.39
3619,1625,1,0,0.03338208726162127,16,1011,96,1107,0.555956678700361,0.385
3620,1649,1,0,0.20032414442738153,16,1012,96,1108,0.555956678700361,0.385
3621,1667,1,0,0.03943539624630123,16,1013,96,1109,0.5507246376811594,0.38
3622,1671,1,0,0.18365882346016052,16,1014,96,1110,0.5454545454545454,0.375
3623,1718,1,0,0.0017918479917343377,16,1015,96,1111,0.5401459854014599,0.37
3624,1719,1,1,0.7025899314438239,16,1015,96,1111,0.5401459854014599,0.37
3625,1721,1,0,0.39986612221392365,16,1016,96,1112,0.5401459854014599,0.37
3626,1734,1,1,0.7093276783465735,16,1016,96,1112,0.5454545454545454,0.375
3627,1739,1,1,0.9910695819620762,16,1016,96,1112,0.5454545454545454,0.375
3628,1755,1,1,0.9652720557739426,16,1016,96,1112,0.5454545454545454,0.375
3629,1764,1,1,0.9530997834807043,16,1016,96,1112,0.5507246376811594,0.38
3630,1784,1,1,0.995599641992641,16,1016,96,1112,0.555956678700361,0.385
3631,1792,1,1,0.90144927334807,16,1016,96,1112,0.5611510791366906,0.39
3632,1818,1,1,0.8888495271683987,16,1016,96,1112,0.5663082437275986,0.395
3633,1835,1,1,0.9966621597388644,16,1016,96,1112,0.5714285714285714,0.4
3634,1871,1,0,0.011302093618543577,16,1017,96,1113,0.5714285714285714,0.4
3635,1912,1,0,0.02883065987464285,16,1018,96,1114,0.5714285714285714,0.4
3636,1916,1,1,0.9848410778532908,16,1018,96,1114,0.5765124555160143,0.405
3637,1969,1,0,0.47720297278354196,16,1019,96,1115,0.5765124555160143,0.405
3638,2021,1,1,0.6517093737721649,16,1019,96,1115,0.5815602836879432,0.41
3639,2034,1,1,0.9171538479313016,16,1019,96,1115,0.5865724381625441,0.415
3640,2074,1,0,0.0049088906714706065,16,1020,96,1116,0.5865724381625441,0.415
3641,2076,1,0,0.0224108862704573,16,1021,96,1117,0.5865724381625441,0.415
3642,2078,1,0,0.4577683855953298,16,1022,96,1118,0.5865724381625441,0.415
3643,2125,1,0,0.20716798636338943,16,1023,96,1119,0.5865724381625441,0.415
3644,2126,1,0,0.14957215203314386,16,1024,96,1120,0.5815602836879432,0.41
3645,2130,1,1,0.9244043916348602,16,1024,96,1120,0.5865724381625441,0.415
3646,2131,1,0,0.3871069865357866,16,1025,96,1121,0.5815602836879432,0.41
3647,2133,1,1,0.9976216352615995,16,1025,96,1121,0.5815602836879432,0.41
3648,2176,1,1,0.7517545072322753,16,1025,96,1121,0.5865724381625441,0.415
3649,2180,1,0,0.3828034793990501,16,1026,96,1122,0.5865724381625441,0.415
3650,2183,1,0,0.2737974531148003,16,1027,96,1123,0.5865724381625441,0.415
3651,2265,1,1,0.6577589369031814,16,1027,96,1123,0.5915492957746479,0.42
3652,2397,1,1,0.9449668013283098,16,1027,96,1123,0.5964912280701754,0.425
3653,2418,1,1,0.600034973839888,16,1027,96,1123,0.6013986013986014,0.43
3654,2463,1,0,0.022910136025156666,16,1028,96,1124,0.5964912280701754,0.425
3655,2464,1,0,0.47873351023256205,16,1029,96,1125,0.5915492957746479,0.42
3656,2472,1,1,0.9776367727713571,16,1029,96,1125,0.5964912280701754,0.425
3657,2540,0,0,0.0006893478874052492,16,1029,96,1125,0.5956847984458475,0.4271356783919598
3658,3114,0,0,0.0004684431766909083,16,1029,96,1125,0.5950415269849899,0.4292929292929293
3659,3573,0,0,0.29845101215429176,16,1029,96,1125,0.5945570381055415,0.43147208121827413
3660,3598,0,0,0.0004491062704485047,16,1029,96,1125,0.5893333333333333,0.42857142857142855
3661,4514,0,0,0.2708038434706256,16,1029,96,1125,0.5891628898960277,0.4307692307692308
3662,4718,0,0,0.09276162081378428,16,1029,96,1125,0.5842264682574623,0.42783505154639173
3663,4935,0,1,0.5602423297981229,16,1029,97,1126,0.5817178832438143,0.43005181347150256
3664,4,1,1,0.995423588397258,16,1029,97,1126,0.5817178832438143,0.43005181347150256
3665,27,1,0,0.462520451876559,16,1030,97,1127,0.5817178832438143,0.43005181347150256
3666,40,1,1,0.9684686516498199,16,1030,97,1127,0.586608090576719,0.43523316062176165
3667,46,1,1,0.9638275376328791,16,1030,97,1127,0.5914639059213839,0.44041450777202074
3668,74,1,1,0.9195820749091594,16,1030,97,1127,0.5962857142857143,0.44559585492227977
3669,88,1,1,0.7981463009458918,16,1030,97,1127,0.601073895750471,0.45077720207253885
3670,120,1,0,0.011009514006515954,16,1031,97,1128,0.601073895750471,0.45077720207253885
3671,158,1,1,0.7705932505371943,16,1031,97,1128,0.6058288255799976,0.45595854922279794
3672,171,1,0,0.3376516059949264,16,1032,97,1129,0.6058288255799976,0.45595854922279794
3673,186,1,0,0.18809324816198641,16,1033,97,1130,0.6058288255799976,0.45595854922279794
3674,215,1,1,0.9831955481789763,16,1033,97,1130,0.6058288255799976,0.45595854922279794
3675,218,1,1,0.844796975300515,16,1033,97,1130,0.6105508743317931,0.46113989637305697
3676,223,1,0,0.009295202763915988,16,1034,97,1131,0.6105508743317931,0.46113989637305697
3677,269,1,0,0.009585984681622969,16,1035,97,1132,0.6058288255799976,0.45595854922279794
3678,290,1,1,0.6365453410644017,16,1035,97,1132,0.6105508743317931,0.46113989637305697
3679,295,1,1,0.9953360040794299,16,1035,97,1132,0.6152404079650315,0.46632124352331605
3680,307,1,1,0.7473238880258759,16,1035,97,1132,0.6198977879481312,0.47150259067357514
3681,393,1,0,0.1991122037225652,16,1036,97,1133,0.6198977879481312,0.47150259067357514
3682,402,1,1,0.958884545439707,16,1036,97,1133,0.6198977879481312,0.47150259067357514
3683,450,1,1,0.9672185429039158,16,1036,97,1133,0.6245233713654766,0.47668393782383417
3684,459,1,1,0.6156976713603919,16,1036,97,1133,0.6291175110234035,0.48186528497409326
3685,497,1,0,0.019199434395466775,16,1037,97,1134,0.6291175110234035,0.48186528497409326
3686,528,1,1,0.995759261838874,16,1037,97,1134,0.6336805555555556,0.48704663212435234
3687,529,1,1,0.5671610503873569,16,1037,97,1134,0.6382128495277284,0.49222797927461137
3688,532,1,1,0.8504915349387384,16,1037,97,1134,0.6382128495277284,0.49222797927461137
3689,582,1,1,0.5536338558463287,16,1037,97,1134,0.6427147335423197,0.49740932642487046
3690,588,1,0,0.14841592185735952,16,1038,97,1135,0.6382128495277284,0.49222797927461137
3691,623,1,1,0.9784163863314227,16,1038,97,1135,0.6382128495277284,0.49222797927461137
3692,648,1,1,0.5850305185874983,16,1038,97,1135,0.6382128495277284,0.49222797927461137
3693,667,1,1,0.9765141708052314,16,1038,97,1135,0.6427147335423197,0.49740932642487046
3694,694,1,0,0.0066317291120749685,16,1039,97,1136,0.6382128495277284,0.49222797927461137
3695,695,1,0,0.016477961228913075,16,1040,97,1137,0.6336805555555556,0.48704663212435234
3696,721,1,0,0.02568044030504465,16,1041,97,1138,0.6291175110234035,0.48186528497409326
3697,737,1,0,0.0054127697116583585,16,1042,97,1139,0.6245233713654766,0.47668393782383417
3698,759,1,1,0.6365453410644017,16,1042,97,1139,0.6291175110234035,0.48186528497409326
3699,764,1,0,0.41202484704069553,17,1043,97,1140,0.6245233713654766,0.47668393782383417
3700,774,1,0,0.03877399249949036,17,1044,97,1141,0.6198977879481312,0.47150259067357514
3701,775,1,0,0.020072332599011682,17,1045,97,1142,0.6198977879481312,0.47150259067357514
3702,857,1,1,0.9422304693152084,17,1045,97,1142,0.6245233713654766,0.47668393782383417
3703,858,1,1,0.790501616336786,17,1045,97,1142,0.6245233713654766,0.47668393782383417
3704,866,1,1,0.8537724833953129,17,1045,97,1142,0.6291175110234035,0.48186528497409326
3705,881,1,1,0.7197059435276124,17,1045,97,1142,0.6336805555555556,0.48704663212435234
3706,891,1,1,0.9541266078589495,17,1045,97,1142,0.6382128495277284,0.49222797927461137
3707,907,1,1,0.8157424079946278,17,1045,97,1142,0.6427147335423197,0.49740932642487046
3708,917,1,1,0.8779681325179843,17,1045,97,1142,0.6471865443425077,0.5025906735751295
3709,921,1,0,0.11818106497453153,17,1046,97,1143,0.6427147335423197,0.49740932642487046
3710,951,1,1,0.777919424730449,17,1046,97,1143,0.6427147335423197,0.49740932642487046
3711,993,1,0,0.06414369872339377,17,1047,97,1144,0.6427147335423197,0.49740932642487046
3712,1125,1,1,0.8434394622901705,17,1047,97,1144,0.6471865443425077,0.5025906735751295
3713,1130,1,1,0.9965673257403861,17,1047,97,1144,0.6471865443425077,0.5025906735751295
3714,1135,1,1,0.7621405948539708,17,1047,97,1144,0.6516286149162862,0.5077720207253886
3715,1158,1,1,0.9634357375628883,17,1047,97,1144,0.6560412746004911,0.5129533678756477
3716,1168,1,0,0.20650739132022775,17,1048,97,1145,0.6560412746004911,0.5129533678756477
3717,1177,1,1,0.753009390836606,17,1048,97,1145,0.6604248491849569,0.5181347150259067
3718,1222,1,1,0.7090502474426391,17,1048,97,1145,0.6604248491849569,0.5181347150259067
3719,1284,1,0,0.19629572313994184,17,1049,97,1146,0.6604248491849569,0.5181347150259067
3720,1345,1,0,0.3015098314473163,17,1050,97,1147,0.6604248491849569,0.5181347150259067
3721,1396,1,1,0.9638105774014508,17,1050,97,1147,0.6604248491849569,0.5181347150259067
3722,1407,1,0,0.2839421783033812,17,1051,97,1148,0.6604248491849569,0.5181347150259067
3723,1441,1,1,0.7822165415302809,17,1051,97,1148,0.6647796610169492,0.5233160621761658
3724,1449,1,1,0.7329068669866756,17,1051,97,1148,0.6691060291060292,0.5284974093264249
3725,1454,1,0,0.21612789953853653,17,1052,97,1149,0.6647796610169492,0.5233160621761658
3726,1463,1,0,0.20832976779277207,17,1053,97,1150,0.6647796610169492,0.5233160621761658
3727,1469,1,1,0.9756065436652624,17,1053,97,1150,0.6647796610169492,0.5233160621761658
3728,1473,1,1,0.6248046033211806,17,1053,97,1150,0.6691060291060292,0.5284974093264249
3729,1489,1,1,0.6846447890099181,17,1053,97,1150,0.6734042692295119,0.533678756476684
3730,1508,1,1,0.9456059565604622,17,1053,97,1150,0.6776746940386893,0.538860103626943
3731,1511,1,0,0.15641970734143112,17,1054,97,1151,0.6776746940386893,0.538860103626943
3732,1513,1,0,0.38952395234018294,17,1055,97,1152,0.6776746940386893,0.538860103626943
3733,1544,1,0,0.2573798437717211,17,1056,97,1153,0.6776746940386893,0.538860103626943
3734,1608,1,1,0.9768255385800112,17,1056,97,1153,0.6776746940386893,0.538860103626943
3735,1713,1,1,0.8252656247544486,17,1056,97,1153,0.6819176131659987,0.5440414507772021
3736,1743,1,0,0.2806740353554708,17,1057,97,1154,0.6819176131659987,0.5440414507772021
3737,1747,1,0,0.4742509785015917,17,1058,97,1155,0.6776746940386893,0.538860103626943
3738,1752,1,1,0.9962577504349207,17,1058,97,1155,0.6776746940386893,0.538860103626943
3739,1761,1,1,0.6396345703496682,17,1058,97,1155,0.6819176131659987,0.5440414507772021
3740,1774,1,0,0.05431790721495516,17,1059,97,1156,0.6819176131659987,0.5440414507772021
3741,1796,1,0,0.006872154241969325,17,1060,97,1157,0.6819176131659987,0.5440414507772021
3742,1851,1,0,0.20650739766679216,17,1061,97,1158,0.6819176131659987,0.5440414507772021
3743,1890,1,1,0.5963149343227522,17,1061,97,1158,0.6819176131659987,0.5440414507772021
3744,1923,1,1,0.9619084685726395,17,1061,97,1158,0.6819176131659987,0.5440414507772021
3745,1973,1,1,0.6170326403371726,17,1061,97,1158,0.6819176131659987,0.5440414507772021
3746,1974,1,0,0.012489491220863451,17,1062,97,1159,0.6776746940386893,0.538860103626943
3747,2029,1,1,0.8408497918625695,17,1062,97,1159,0.6819176131659987,0.5440414507772021
3748,2045,1,1,0.9708154464806393,17,1062,97,1159,0.6861333333333333,0.5492227979274611
3749,2063,1,0,0.2798244754492056,17,1063,97,1160,0.6861333333333333,0.5492227979274611
3750,2077,1,1,0.5676417480471668,17,1063,97,1160,0.6903221584616933,0.5544041450777202
3751,2095,1,1,0.6396345404275139,17,1063,97,1160,0.6903221584616933,0.5544041450777202
3752,2100,1,0,0.001318880382887508,17,1064,97,1161,0.6903221584616933,0.5544041450777202
3753,2145,1,1,0.6077073593597188,17,1064,97,1161,0.694484389782403,0.5595854922279793
3754,2155,1,1,0.850454376931894,17,1064,97,1161,0.6986203259501209,0.5647668393782384
3755,2179,1,1,0.9893421021845322,17,1064,97,1161,0.7027302631578948,0.5699481865284974
3756,2217,1,1,0.8988205771779157,17,1064,97,1161,0.7027302631578948,0.5699481865284974
3757,2240,1,0,0.45517861914230845,17,1065,97,1162,0.6986203259501209,0.5647668393782384
3758,2247,1,0,0.10952491471550667,17,1066,97,1163,0.6986203259501209,0.5647668393782384
3759,2251,1,1,0.5314276183128862,17,1066,97,1163,0.6986203259501209,0.5647668393782384
3760,2267,1,1,0.7543983073596541,17,1066,97,1163,0.7027302631578948,0.5699481865284974
3761,2313,1,0,0.05114827796026467,17,1067,97,1164,0.7027302631578948,0.5699481865284974
3762,2368,1,1,0.995467775936186,17,1067,97,1164,0.7027302631578948,0.5699481865284974
3763,2391,1,0,0.1635367356068036,17,1068,97,1165,0.7027302631578948,0.5699481865284974
3764,2392,1,1,0.517452235979908,17,1068,97,1165,0.7027302631578948,0.5699481865284974
3765,2401,1,1,0.9989471708315378,17,1068,97,1165,0.7068144952545299,0.5751295336787565
3766,2419,1,0,0.004804527996162003,17,1069,97,1166,0.7027302631578948,0.5699481865284974
3767,2468,1,0,0.056736260286966315,17,1070,97,1167,0.6986203259501209,0.5647668393782384
3768,2474,1,1,0.6205112941491787,17,1070,97,1167,0.7027302631578948,0.5699481865284974
3769,2478,1,1,0.983253744511765,17,1070,97,1167,0.7068144952545299,0.5751295336787565
3770,2503,0,0,0.00040865273757069676,17,1070,97,1167,0.7028028988465858,0.5729166666666666
3771,2590,0,0,0.19286246851475325,17,1070,97,1167,0.7030423030139208,0.5759162303664922
3772,2616,0,0,9.651449175369625e-05,17,1070,97,1167,0.7034430685593476,0.5789473684210527
3773,2713,0,0,9.889805648247113e-05,17,1070,97,1167,0.704,0.582010582010582
3774,2748,0,1,0.8962760841169028,17,1070,98,1168,0.7013333333333333,0.5851063829787234
3775,2902,0,0,0.20280107627804891,17,1070,98,1168,0.6980128964337413,0.5828877005347594
3776,2915,0,0,0.00042068288184787025,17,1070,98,1168,0.698936942237913,0.5860215053763441
3777,2990,0,0,0.29033844346331283,17,1070,98,1168,0.7,0.5891891891891892
3778,3206,0,0,0.008816890643556305,17,1070,98,1168,0.7011977401129944,0.592391304347826
3779,3388,0,0,0.00016004046407468213,17,1070,98,1168,0.6983710248476922,0.5901639344262295
3780,3438,0,0,0.0007644092601674086,17,1070,98,1168,0.6998173515981735,0.5934065934065934
3781,3459,0,0,0.00011597648701811219,17,1070,98,1168,0.697191222570533,0.5911602209944752
3782,3788,0,0,0.00033844027828397157,17,1070,98,1168,0.698868418591602,0.5944444444444444
3783,3851,0,0,0.005119328487991739,17,1070,98,1168,0.6964247170916716,0.5921787709497207
3784,3933,0,0,0.0016105225528298495,17,1070,98,1168,0.6940503432494279,0.5898876404494382
3785,4118,0,0,0.0013704610763947995,17,1070,98,1168,0.6917414152396485,0.5875706214689266
3786,4236,0,0,0.01094061391765927,17,1070,98,1168,0.6894943030593019,0.5852272727272727
3787,4300,0,0,7.887616976654318e-05,17,1070,98,1168,0.6873056073935839,0.5828571428571429
3788,4335,0,0,9.67888790730547e-05,17,1070,98,1168,0.6851721405300697,0.5804597701149425
3789,4566,0,0,0.00017337668216674818,17,1070,98,1168,0.6830909090909091,0.5780346820809249
3790,4577,0,0,4.133393104586426e-06,17,1070,98,1168,0.68551500405515,0.5813953488372093
3791,4651,0,0,0.0008616011907447218,17,1070,98,1168,0.688027169680713,0.5847953216374269
3792,4753,0,0,0.16364355752190568,17,1070,98,1168,0.690625,0.5882352941176471
3793,4870,0,0,0.008676477840787377,17,1070,98,1168,0.6888205128205128,0.5857988165680473
3794,4964,0,0,0.002522277752519643,17,1070,98,1168,0.6870556309362279,0.5833333333333334
3795,2624,0,0,0.05406283085911478,17,1070,98,1168,0.6898760947312101,0.5868263473053892
3796,2724,0,0,1.855278196590286e-05,17,1070,98,1168,0.6882152341020266,0.5843373493975904
3797,2901,0,0,2.7801399438722706e-05,17,1070,98,1168,0.6911764705882354,0.5878787878787879
3798,3142,0,0,9.555770238165458e-05,17,1070,98,1168,0.6896116827082642,0.5853658536585366
3799,3327,0,0,4.249387205654536e-05,17,1070,98,1168,0.688076923076923,0.5828220858895705
3800,3526,0,0,0.4237726890385594,17,1070,98,1168,0.686570586308549,0.5802469135802469
3801,3530,0,1,0.7385495428541458,17,1070,99,1169,0.6807888220728686,0.577639751552795
3802,3543,0,0,0.00014699390432593642,17,1070,99,1169,0.6840277777777777,0.58125
3803,3576,0,0,5.6981407179738144e-05,17,1070,99,1169,0.6873306288032454,0.5849056603773585
3804,3799,0,0,0.028880478821391168,17,1070,99,1169,0.6859740259740259,0.5822784810126582
3805,3837,0,0,0.0004463924492518987,17,1070,99,1169,0.6846394288617342,0.5796178343949044
3806,3929,0,0,0.0044793876022658045,17,1070,99,1169,0.6833256203622436,0.5769230769230769
3807,3965,0,0,0.456966704397873,17,1070,99,1169,0.6868421052631579,0.5806451612903226
3808,3998,0,0,6.649450018656169e-05,17,1070,99,1169,0.6855960299862738,0.577922077922078
3809,4067,0,0,0.004929075520178706,17,1070,99,1169,0.6892152732060566,0.5816993464052288
3810,4110,0,0,4.4467894056040986e-05,17,1070,99,1169,0.6928877679697352,0.5855263157894737
3811,4239,0,0,0.000319102347893052,17,1070,99,1169,0.6966121464706037,0.5894039735099338
3812,4281,0,0,0.0018190104491902805,17,1070,99,1169,0.6955165844620161,0.5866666666666667
3813,4839,0,0,0.0005713770566326027,17,1070,99,1169,0.6993333333333334,0.5906040268456376
3814,4853,0,0,0.00045137695885554354,17,1070,99,1169,0.6982923539786284,0.5878378378378378
3815,4860,0,0,0.18581351051921247,17,1070,99,1169,0.7021969402811215,0.5918367346938775
3816,4972,0,0,0.001958509153514231,17,1070,99,1169,0.7012069632495164,0.589041095890411
3817,2722,0,0,0.00039902893516013396,17,1070,99,1169,0.7002274421114852,0.5862068965517241
3818,3767,0,0,0.0008961604497400514,17,1070,99,1169,0.6992576654115116,0.5833333333333334
3819,4368,0,0,0.0006729477874681305,17,1070,99,1169,0.7033196930946292,0.5874125874125874
3820,4411,0,0,0.0026278770692969343,17,1070,99,1169,0.707423070047754,0.5915492957746479
