row_idx,sample_id,gt,pred,prob_phish,live_round,cum_FN,cum_FP,cum_errors,rolling_f1w_w200,rolling_recall_phish_w200
0,2571,0,0,0.03043404686659911,0,0,0,0,,
1,2685,0,0,0.000489246858778382,0,0,0,0,,
2,2697,0,0,0.001228971786608914,0,0,0,0,,
3,2886,0,0,4.021877140360176e-05,0,0,0,0,,
4,2891,0,0,0.003957782991507663,0,0,0,0,,
5,3121,0,0,5.329237843894164e-06,0,0,0,0,,
6,3319,0,0,0.00010621025189605297,0,0,0,0,,
7,3362,0,0,3.3011081115911635e-05,0,0,0,0,,
8,3379,0,0,0.0011864650116200405,0,0,0,0,,
9,3596,0,0,0.0068516400674112484,0,0,0,0,,
10,3706,0,0,0.0008238078929102242,0,0,0,0,,
11,4031,0,0,5.513010375533409e-05,0,0,0,0,,
12,4131,0,0,1.7190943893151888e-05,0,0,0,0,,
13,4318,0,0,0.0005363109147823538,0,0,0,0,,
14,4547,0,0,1.204377995164882e-05,0,0,0,0,,
15,4750,0,0,0.001018123766972649,0,0,0,0,,
16,4754,0,0,0.014493084373192366,0,0,0,0,,
17,4884,0,0,0.0006158227369854503,0,0,0,0,,
18,4980,0,0,2.1511910140116075e-05,0,0,0,0,,
19,241,1,0,0.005238064767293257,0,1,0,1,,
20,575,1,0,0.0003499345802523118,0,2,0,2,,
21,1468,1,0,0.0022550381685480804,0,3,0,3,,
22,2585,0,0,0.003018898399581602,0,3,0,3,,
23,2655,0,0,0.00023953029565359655,0,3,0,3,,
24,2682,0,0,0.004289862765626352,0,3,0,3,,
25,2843,0,0,0.4488238684208146,0,3,0,3,,
26,2982,0,0,2.3111932647188394e-05,0,3,0,3,,
27,3044,0,0,0.0002773830286692281,0,3,0,3,,
28,3126,0,0,0.00016830853540023135,0,3,0,3,,
29,3208,0,0,0.0008943009802058829,0,3,0,3,,
30,3498,0,0,0.002076041932473076,0,3,0,3,,
31,3559,0,0,0.0016876233368862963,0,3,0,3,,
32,3577,0,0,0.0017181230238690086,0,3,0,3,,
33,3696,0,0,1.7657057396303914e-05,0,3,0,3,,
34,3774,0,0,0.000869387329968629,0,3,0,3,,
35,3782,0,0,0.005071830698438188,0,3,0,3,,
36,3814,0,0,8.563381728839351e-05,0,3,0,3,,
37,3821,0,0,0.0007406738544500236,0,3,0,3,,
38,3866,0,0,0.0023237944376081274,0,3,0,3,,
39,3923,0,0,1.5088370864064297e-05,0,3,0,3,,
40,4022,0,0,0.001956033098789777,0,3,0,3,,
41,4160,0,0,6.736988350884596e-05,0,3,0,3,,
42,4235,0,0,7.3896240725928574e-06,0,3,0,3,,
43,4306,0,0,0.0021675182877582714,0,3,0,3,,
44,4497,0,0,0.00010218068844360967,0,3,0,3,,
45,4697,0,0,0.00010377184237776405,0,3,0,3,,
46,4710,0,0,0.0011657768913222876,0,3,0,3,,
47,4797,0,0,0.004107708726738636,0,3,0,3,,
48,4887,0,0,0.017886604364000032,0,3,0,3,,
49,4920,0,0,0.0009612271381141676,0,3,0,3,,
50,154,1,0,0.0013156287529156364,0,4,0,4,,
51,2437,1,1,0.9994133416442795,0,4,0,4,,
52,2720,0,1,0.9236913197002707,0,4,1,5,,
53,2863,0,0,0.0002201358005555837,0,4,1,5,,
54,2957,0,0,4.631271017271324e-05,0,4,1,5,,
55,3080,0,0,0.0072297029529940745,0,4,1,5,,
56,3108,0,0,0.01834411203890144,0,4,1,5,,
57,3132,0,1,0.7798863948498381,0,4,2,6,,
58,3195,0,0,4.330621573329757e-06,0,4,2,6,,
59,3220,0,0,0.0052761317150192,0,4,2,6,,
60,3274,0,0,0.0008014037154407698,0,4,2,6,,
61,3372,0,0,0.00030365709499065535,0,4,2,6,,
62,3395,0,0,9.171010554246518e-05,0,4,2,6,,
63,3818,0,0,0.05725707045033576,0,4,2,6,,
64,4033,0,0,0.00025897829732301857,0,4,2,6,,
65,4389,0,0,0.00020408505039740097,0,4,2,6,,
66,4415,0,0,0.0002875527308449808,0,4,2,6,,
67,4446,0,0,5.609948887955047e-05,0,4,2,6,,
68,4712,0,0,0.0002760933430872024,0,4,2,6,,
69,4725,0,0,0.00027371302507774893,0,4,2,6,,
70,4876,0,0,2.375710831521055e-05,0,4,2,6,,
71,4946,0,0,0.0002675886958725197,0,4,2,6,,
72,4967,0,0,0.00035814049567210217,0,4,2,6,,
73,31,1,1,0.785755118264194,0,4,2,6,,
74,81,1,1,0.9017454502291762,0,4,2,6,,
75,443,1,0,0.029854148147762338,0,5,2,7,,
76,1164,1,0,0.00032929331702361887,0,6,2,8,,
77,1180,1,0,2.692071359525293e-06,0,7,2,9,,
78,2270,1,0,2.4962846784067584e-05,0,8,2,10,,
79,3633,0,0,0.0003287921186172122,0,8,2,10,,
80,4592,0,0,6.78115561720388e-05,0,8,2,10,,
81,2458,1,0,5.928511746550187e-07,0,9,2,11,,
82,2710,0,0,0.0006638097900795657,0,9,2,11,,
83,2733,0,0,0.0004096596422882296,0,9,2,11,,
84,2888,0,0,1.3066326554541966e-05,0,9,2,11,,
85,2974,0,0,0.0002931214025200264,0,9,2,11,,
86,3024,0,0,0.0018601966677788343,0,9,2,11,,
87,3037,0,1,0.8332078236687807,0,9,3,12,,
88,3082,0,0,0.0002733238231296161,0,9,3,12,,
89,3113,0,0,0.00014637343479549417,0,9,3,12,,
90,3154,0,0,0.000473989723289777,0,9,3,12,,
91,3183,0,0,0.0013322307013419127,0,9,3,12,,
92,3658,0,0,0.0001475370822014846,0,9,3,12,,
93,3815,0,0,6.824605505770186e-05,0,9,3,12,,
94,3980,0,0,2.853536923658539e-06,0,9,3,12,,
95,4114,0,0,0.12510079496829563,0,9,3,12,,
96,4141,0,0,0.0009649507738352806,0,9,3,12,,
97,4188,0,0,0.0009356783343650096,0,9,3,12,,
98,4198,0,0,2.670479618174721e-06,0,9,3,12,,
99,4337,0,0,0.00014066990541862924,1,9,3,12,,
100,4381,0,0,0.0007054768308638416,1,9,3,12,,
101,4568,0,0,0.008857197968855937,1,9,3,12,,
102,4647,0,0,0.006450987779009079,1,9,3,12,,
103,4693,0,0,0.12421123690926286,1,9,3,12,,
104,4716,0,0,0.00017854535556461582,1,9,3,12,,
105,4802,0,0,1.4323765763558424e-05,1,9,3,12,,
106,4873,0,0,0.0015567595313710483,1,9,3,12,,
107,4902,0,1,0.9989193149831141,1,9,4,13,,
108,4924,0,0,0.46643242100200555,1,9,4,13,,
109,4993,0,0,9.617012037369664e-05,1,9,4,13,,
110,2595,0,0,0.00024311724316651066,1,9,4,13,,
111,2603,0,0,1.3215338680653795e-06,1,9,4,13,,
112,2694,0,0,0.0006878038248887931,1,9,4,13,,
113,2759,0,0,0.0005401486529351433,1,9,4,13,,
114,3179,0,0,0.00013742193748900088,1,9,4,13,,
115,3364,0,0,0.0044413051553835415,1,9,4,13,,
116,3579,0,0,0.0531771916265609,1,9,4,13,,
117,3626,0,0,0.0002573862518006785,1,9,4,13,,
118,3698,0,0,0.002232535778039018,1,9,4,13,,
119,3928,0,0,0.0011889564249865003,1,9,4,13,,
120,4068,0,0,0.001537674212783388,1,9,4,13,,
121,4179,0,0,1.8626196955523347e-05,1,9,4,13,,
122,4238,0,0,0.0038569932780214153,1,9,4,13,,
123,4251,0,0,9.47700960012444e-05,1,9,4,13,,
124,4259,0,0,0.00031365437267823134,1,9,4,13,,
125,4382,0,0,0.0005675973255564605,1,9,4,13,,
126,4480,0,0,0.004934624806463787,1,9,4,13,,
127,4778,0,0,0.0005171844607753071,1,9,4,13,,
128,4852,0,0,0.0005951719896033608,1,9,4,13,,
129,4904,0,0,0.0006167147503951994,1,9,4,13,,
130,282,1,0,0.00018488916783325593,1,10,4,14,,
131,2792,0,0,0.0015358596249457695,1,10,4,14,,
132,2815,0,0,7.374249586280791e-05,1,10,4,14,,
133,2955,0,0,0.0026053073942608877,1,10,4,14,,
134,3040,0,0,0.027114863209762592,1,10,4,14,,
135,3266,0,0,0.0004130523521918097,1,10,4,14,,
136,3281,0,0,0.0009576201696469149,1,10,4,14,,
137,3295,0,0,0.0021284684382193372,1,10,4,14,,
138,3302,0,0,0.003946565999947786,1,10,4,14,,
139,3336,0,0,0.0018235855891086976,1,10,4,14,,
140,3415,0,0,0.0009894222541321715,1,10,4,14,,
141,3540,0,0,0.002809153621731825,1,10,4,14,,
142,3606,0,0,1.6420933155262743e-05,1,10,4,14,,
143,3828,0,0,0.004215367120592436,1,10,4,14,,
144,3900,0,1,0.9496987318221516,1,10,5,15,,
145,3939,0,0,0.0004242805409075305,1,10,5,15,,
146,3974,0,0,3.9650300242046125e-05,1,10,5,15,,
147,4011,0,1,0.6727164698982019,1,10,6,16,,
148,4065,0,0,0.0019975749747474193,1,10,6,16,,
149,4107,0,0,0.002014636693788294,1,10,6,16,,
150,4122,0,0,0.0008880551047197812,1,10,6,16,,
151,4130,0,0,0.0006791173132375109,1,10,6,16,,
152,4137,0,0,7.111141550472619e-06,1,10,6,16,,
153,4229,0,0,0.0008788477209785977,1,10,6,16,,
154,4264,0,0,0.01175871378748109,1,10,6,16,,
155,4416,0,0,0.00047460378647866646,1,10,6,16,,
156,4763,0,0,0.0007118040078672207,1,10,6,16,,
157,4780,0,0,1.0082510320000284e-05,1,10,6,16,,
158,4807,0,0,0.00013453234441118973,1,10,6,16,,
159,4999,0,0,0.0007976114166978663,1,10,6,16,,
160,776,1,1,0.9901918650863171,1,10,6,16,,
161,846,1,0,0.009242315186973745,1,11,6,17,,
162,1065,1,0,0.023989789897796845,1,12,6,18,,
163,2758,0,0,0.0046798020791804056,1,12,6,18,,
164,2794,0,0,0.0004485302338259702,1,12,6,18,,
165,2912,0,0,0.00019533081094821138,1,12,6,18,,
166,3116,0,0,0.0005950825943708942,1,12,6,18,,
167,3209,0,0,7.363253689799482e-06,1,12,6,18,,
168,3299,0,0,0.00015026737644595412,1,12,6,18,,
169,3370,0,0,0.007139495719489313,1,12,6,18,,
170,3646,0,0,0.004298368611910085,1,12,6,18,,
171,3664,0,0,0.011335043235886872,1,12,6,18,,
172,4494,0,0,1.3689941260367532e-06,1,12,6,18,,
173,4563,0,1,0.9698845030985888,1,12,7,19,,
174,4803,0,0,0.0011293589138750622,1,12,7,19,,
175,4942,0,0,3.16699507727298e-05,1,12,7,19,,
176,69,1,0,0.0030745697096083826,1,13,7,20,,
177,1419,1,1,0.9990323610297134,1,13,7,20,,
178,1558,1,0,0.1605022760576652,1,14,7,21,,
179,2557,0,0,0.0026189709564389853,1,14,7,21,,
180,2627,0,0,0.0009489208823503216,1,14,7,21,,
181,2665,0,0,0.0008094624735041822,1,14,7,21,,
182,2885,0,0,0.0003171950391011354,1,14,7,21,,
183,2932,0,0,0.0007082499544860472,1,14,7,21,,
184,2959,0,0,4.911059504423764e-05,1,14,7,21,,
185,2987,0,0,0.0005907646793443226,1,14,7,21,,
186,3045,0,0,0.003434116249374857,1,14,7,21,,
187,3093,0,0,0.0019939023711247872,1,14,7,21,,
188,3151,0,0,0.0009273410067429909,1,14,7,21,,
189,3287,0,0,0.003683567604280114,1,14,7,21,,
190,3421,0,0,0.001041550055102437,1,14,7,21,,
191,3643,0,0,0.0018243947846823883,1,14,7,21,,
192,3686,0,0,0.0011226051999619856,1,14,7,21,,
193,3701,0,0,0.012302292792715027,1,14,7,21,,
194,3750,0,0,0.0010002114365124533,1,14,7,21,,
195,3819,0,0,0.03265517466279808,1,14,7,21,,
196,4133,0,0,0.00021678207090398998,1,14,7,21,,
197,4136,0,0,5.8503518125112895e-06,1,14,7,21,,
198,4192,0,0,3.115720019133645e-05,1,14,7,21,,
199,4231,0,0,0.0007750814384657848,2,14,7,21,0.8841410962496723,0.2631578947368421
200,4322,0,0,0.0008196719904295044,2,14,7,21,0.8841410962496723,0.2631578947368421
201,4676,0,0,0.004057248905916826,2,14,7,21,0.8841410962496723,0.2631578947368421
202,4881,0,0,5.81385180949282e-05,2,14,7,21,0.8841410962496723,0.2631578947368421
203,39,1,0,0.04318963969949998,2,15,7,22,0.877445652173913,0.25
204,174,1,1,0.9571083467255321,2,15,7,22,0.8782610093217614,0.2857142857142857
205,473,1,0,0.0020817124562125997,2,16,7,23,0.8716320939334637,0.2727272727272727
206,568,1,0,0.0004755361164424031,2,17,7,24,0.8649816849816849,0.2608695652173913
207,622,1,0,0.012787686277370598,2,18,7,25,0.8583128583128583,0.25
208,650,1,0,0.040721485941641974,2,19,7,26,0.851628380343123,0.24
209,772,1,0,5.270141787419658e-07,2,20,7,27,0.8449307479224377,0.23076923076923078
210,1038,1,0,0.002162510187288366,2,21,7,28,0.8382222222222222,0.2222222222222222
211,1041,1,1,0.999316848588394,2,21,7,28,0.8394040968342645,0.25
212,1080,1,0,2.6906698740778145e-06,2,22,7,29,0.8327555208129763,0.2413793103448276
213,1359,1,0,0.0008230648106607677,2,23,7,30,0.8260980592441265,0.23333333333333334
214,1694,1,0,0.00216251176137093,2,24,7,31,0.8194334898278561,0.22580645161290322
215,1727,1,0,0.002087304748374488,2,25,7,32,0.8127634487840826,0.21875
216,2445,1,0,5.29091654425262e-05,2,26,7,33,0.8060894460852269,0.21212121212121213
217,2452,1,0,9.685216691963167e-06,2,27,7,34,0.7994128787878787,0.20588235294117646
218,2564,0,0,0.0007127921756859013,2,27,7,34,0.7994128787878787,0.20588235294117646
219,2629,0,0,0.007141461198434167,2,27,7,34,0.8060894460852269,0.21212121212121213
220,2639,0,1,0.8781562417661676,2,27,8,35,0.8091326622867822,0.21875
221,2796,0,0,0.0001435212093888795,2,27,8,35,0.8157897322525177,0.22580645161290322
222,2909,0,0,0.00032725849054962526,2,27,8,35,0.8157897322525177,0.22580645161290322
223,2968,0,0,4.0824056801249584e-05,2,27,8,35,0.8157897322525177,0.22580645161290322
224,2972,0,0,0.00022094705179700715,2,27,8,35,0.8157897322525177,0.22580645161290322
225,3004,0,0,0.0005011050751807519,2,27,8,35,0.8157897322525177,0.22580645161290322
226,3057,0,0,0.0016715663209524452,2,27,8,35,0.8157897322525177,0.22580645161290322
227,3198,0,0,0.004712500941762338,2,27,8,35,0.8157897322525177,0.22580645161290322
228,3242,0,0,0.0017912558632140418,2,27,8,35,0.8157897322525177,0.22580645161290322
229,3275,0,1,0.7611656832580245,2,27,9,36,0.8121758784883372,0.22580645161290322
230,3369,0,0,0.00515622204763416,2,27,9,36,0.8121758784883372,0.22580645161290322
231,3429,0,0,0.011491753872007437,2,27,9,36,0.8121758784883372,0.22580645161290322
232,3480,0,0,0.003940741381987034,2,27,9,36,0.8121758784883372,0.22580645161290322
233,3509,0,0,0.003243915884797075,2,27,9,36,0.8121758784883372,0.22580645161290322
234,3773,0,0,0.00035388495513900045,2,27,9,36,0.8121758784883372,0.22580645161290322
235,3830,0,0,0.0326970906853856,2,27,9,36,0.8121758784883372,0.22580645161290322
236,3879,0,0,0.00014252621358902488,2,27,9,36,0.8121758784883372,0.22580645161290322
237,4112,0,0,0.004222447606947471,2,27,9,36,0.8121758784883372,0.22580645161290322
238,4256,0,0,0.00046096942888534183,2,27,9,36,0.8121758784883372,0.22580645161290322
239,4363,0,0,8.883458659413456e-05,2,27,9,36,0.8121758784883372,0.22580645161290322
240,4366,0,0,0.0004537146120716974,2,27,9,36,0.8121758784883372,0.22580645161290322
241,4500,0,0,8.547302679346386e-05,2,27,9,36,0.8121758784883372,0.22580645161290322
242,4509,0,0,0.0006526742832716739,2,27,9,36,0.8121758784883372,0.22580645161290322
243,4537,0,0,0.0006003179958631602,2,27,9,36,0.8121758784883372,0.22580645161290322
244,4635,0,0,0.002967421657308632,2,27,9,36,0.8121758784883372,0.22580645161290322
245,4680,0,1,0.9685011745354035,2,27,10,37,0.8085890151515152,0.22580645161290322
246,4737,0,0,0.0006823308250502997,2,27,10,37,0.8085890151515152,0.22580645161290322
247,4883,0,0,0.0008324910494449625,2,27,10,37,0.8085890151515152,0.22580645161290322
248,4905,0,0,0.005537592560080232,2,27,10,37,0.8085890151515152,0.22580645161290322
249,193,1,0,0.0007161243444854119,2,28,10,38,0.801953601953602,0.21875
250,469,1,0,0.0007164581182997161,2,29,10,39,0.801953601953602,0.21875
251,1081,1,0,0.0007186143370972085,2,30,10,40,0.7940909090909091,0.1875
252,1254,1,0,0.008105546523609727,2,31,10,41,0.7908522727272727,0.18181818181818182
253,1430,1,0,0.00045346441394368645,2,32,10,42,0.7841397755683471,0.17647058823529413
254,1517,1,0,0.0007175601929728584,2,33,10,43,0.7774285714285715,0.17142857142857143
255,1520,1,0,0.0004534648686392019,2,34,10,44,0.770719703354121,0.16666666666666666
256,1600,1,0,0.0020773717945419103,2,35,10,45,0.7640141467727675,0.16216216216216217
257,2102,1,0,0.0007127699688541629,2,36,10,46,0.7607427055702918,0.15789473684210525
258,2274,1,0,2.4664830955647013e-05,2,37,10,47,0.7540356696210102,0.15384615384615385
259,2293,1,0,0.0007127866643543226,2,38,10,48,0.747334617854849,0.15
260,2547,0,0,0.22619809927247397,2,38,10,48,0.747334617854849,0.15
261,2570,0,0,0.0006439476117615132,2,38,10,48,0.747334617854849,0.15
262,2646,0,0,0.3882397534248476,2,38,10,48,0.747334617854849,0.15
263,2726,0,0,7.966658683564566e-05,2,38,10,48,0.747334617854849,0.15
264,2784,0,0,0.0026831420422051334,2,38,10,48,0.747334617854849,0.15
265,2872,0,0,0.00029191506856204565,2,38,10,48,0.747334617854849,0.15
266,2892,0,0,0.00840568915929632,2,38,10,48,0.747334617854849,0.15
267,2944,0,0,1.2653474442461508e-05,2,38,10,48,0.747334617854849,0.15
268,2975,0,0,1.9576376156211472e-05,2,38,10,48,0.747334617854849,0.15
269,2988,0,0,0.0027902866750923196,2,38,10,48,0.747334617854849,0.15
270,3180,0,0,0.0006216700002221358,2,38,10,48,0.747334617854849,0.15
271,3246,0,0,0.04537243066357656,2,38,10,48,0.747334617854849,0.15
272,3495,0,0,3.413982546309096e-05,2,38,10,48,0.747334617854849,0.15
273,3525,0,0,0.00013055946609372046,2,38,10,48,0.7453448275862068,0.1282051282051282
274,3805,0,0,0.0001867679648675502,2,38,10,48,0.7432000000000001,0.10526315789473684
275,3877,0,0,0.044050198179188135,2,38,10,48,0.7500046514332229,0.10810810810810811
276,4083,0,0,0.002238632264078564,2,38,10,48,0.7568181818181818,0.1111111111111111
277,4219,0,0,0.006908739838906368,2,38,10,48,0.7636399252606836,0.11428571428571428
278,4461,0,0,3.155620473022695e-05,2,38,10,48,0.7704691721935643,0.11764705882352941
279,4589,0,0,0.004335132575646896,2,38,10,48,0.7704691721935643,0.11764705882352941
280,4679,0,0,0.001983391862259015,2,38,10,48,0.7704691721935643,0.11764705882352941
281,4703,0,0,0.002815613996884378,2,38,10,48,0.7773051643192488,0.12121212121212122
282,4928,0,0,0.0006480592644032799,2,38,10,48,0.7773051643192488,0.12121212121212122
283,4989,0,0,0.01784259640195015,2,38,10,48,0.7773051643192488,0.12121212121212122
284,1136,1,0,2.5662643445282474e-05,2,39,10,49,0.7704691721935643,0.11764705882352941
285,2554,0,0,0.0019318815431499147,2,39,10,49,0.7704691721935643,0.11764705882352941
286,2622,0,0,0.11001580466430191,2,39,10,49,0.7704691721935643,0.11764705882352941
287,2742,0,0,0.0003282239807622504,2,39,10,49,0.7737151799687011,0.11764705882352941
288,2780,0,0,0.0009563062758528426,2,39,10,49,0.7737151799687011,0.11764705882352941
289,2847,0,0,0.0004939943081121052,2,39,10,49,0.7737151799687011,0.11764705882352941
290,3002,0,0,0.00017172529322472118,2,39,10,49,0.7737151799687011,0.11764705882352941
291,3064,0,0,2.524976918417831e-06,2,39,10,49,0.7737151799687011,0.11764705882352941
292,3202,0,0,0.00013049721373996408,2,39,10,49,0.7737151799687011,0.11764705882352941
293,3207,0,0,0.002363452193487067,2,39,10,49,0.7737151799687011,0.11764705882352941
294,3243,0,0,0.0001954581898665199,2,39,10,49,0.7737151799687011,0.11764705882352941
295,3401,0,0,0.01297124832376668,2,39,10,49,0.7737151799687011,0.11764705882352941
296,3471,0,0,0.00013707422476467215,2,39,10,49,0.7737151799687011,0.11764705882352941
297,3533,0,0,3.6100792932440473e-06,2,39,10,49,0.7737151799687011,0.11764705882352941
298,3537,0,0,0.0004918794140795303,2,39,10,49,0.7737151799687011,0.11764705882352941
299,3599,0,0,0.0012551396931446608,3,39,10,49,0.7737151799687011,0.11764705882352941
300,3729,0,1,0.9039257034178164,3,39,11,50,0.7704691721935643,0.11764705882352941
301,3754,0,0,5.537186068834906e-06,3,39,11,50,0.7704691721935643,0.11764705882352941
302,3945,0,0,0.0037185437124432354,3,39,11,50,0.7704691721935643,0.11764705882352941
303,3982,0,0,0.010276001986391819,3,39,11,50,0.7704691721935643,0.11764705882352941
304,4150,0,0,1.3252434150612517e-05,3,39,11,50,0.7704691721935643,0.11764705882352941
305,4211,0,0,0.004765635421376495,3,39,11,50,0.7704691721935643,0.11764705882352941
306,4315,0,0,0.05018945563652085,3,39,11,50,0.7704691721935643,0.11764705882352941
307,4417,0,0,0.0006086869922094381,3,39,11,50,0.7737151799687011,0.11764705882352941
308,4468,0,0,1.7949673004511126e-05,3,39,11,50,0.7737151799687011,0.11764705882352941
309,4528,0,0,0.003395183250998364,3,39,11,50,0.7737151799687011,0.11764705882352941
310,4540,0,0,0.1520980239083218,3,39,11,50,0.7737151799687011,0.11764705882352941
311,4548,0,0,0.026227021440200282,3,39,11,50,0.7737151799687011,0.11764705882352941
312,4564,0,0,0.020842453817979327,3,39,11,50,0.7737151799687011,0.11764705882352941
313,4587,0,0,0.003243566529710316,3,39,11,50,0.7737151799687011,0.11764705882352941
314,4606,0,0,0.004953156084250212,3,39,11,50,0.7737151799687011,0.11764705882352941
315,4639,0,0,0.0012731264177043677,3,39,11,50,0.7737151799687011,0.11764705882352941
316,4688,0,0,0.0012887062703972872,3,39,11,50,0.7737151799687011,0.11764705882352941
317,4729,0,0,0.0003992234670430532,3,39,11,50,0.7737151799687011,0.11764705882352941
318,4760,0,0,0.01076388486533165,3,39,11,50,0.7737151799687011,0.11764705882352941
319,4779,0,0,7.398983919491955e-05,3,39,11,50,0.7737151799687011,0.11764705882352941
320,4927,0,0,0.025420050698954633,3,39,11,50,0.7737151799687011,0.11764705882352941
321,4939,0,0,0.157435131791674,3,39,11,50,0.7737151799687011,0.11764705882352941
322,4955,0,0,0.02594233229308964,3,39,11,50,0.7737151799687011,0.11764705882352941
323,51,1,0,2.233806411766322e-07,3,40,11,51,0.7668754605747974,0.11428571428571428
324,231,1,0,9.762918196956425e-07,3,41,11,52,0.7600433970224821,0.1111111111111111
325,621,1,0,2.04772746533091e-05,3,42,11,53,0.7532196969696969,0.10810810810810811
326,720,1,0,9.896202257022206e-07,3,43,11,54,0.7464050235478809,0.10526315789473684
327,1298,1,0,0.29675097717018784,3,44,11,55,0.7396,0.10256410256410256
328,1426,1,0,6.842791895774999e-06,3,45,11,56,0.732805213776055,0.1
329,1821,1,0,1.078128280087206e-06,3,46,11,57,0.7260212201591513,0.0975609756097561
330,1828,1,0,1.0180889337692681e-06,3,47,11,58,0.7260212201591513,0.0975609756097561
331,1955,1,0,1.122514441569606e-06,3,48,11,59,0.7192485454842041,0.09523809523809523
332,2586,0,0,0.002103448943440154,3,48,11,59,0.7192485454842041,0.09523809523809523
333,2604,0,0,0.012370191357701477,3,48,11,59,0.7192485454842041,0.09523809523809523
334,2695,0,0,0.005374485450497082,3,48,11,59,0.7192485454842041,0.09523809523809523
335,2711,0,0,0.0014484636130713889,3,48,11,59,0.7192485454842041,0.09523809523809523
336,2816,0,0,0.017254206057817776,3,48,11,59,0.7192485454842041,0.09523809523809523
337,2830,0,0,0.0002180450517229996,3,48,11,59,0.7192485454842041,0.09523809523809523
338,2883,0,0,0.00801520602408051,3,48,11,59,0.7192485454842041,0.09523809523809523
339,2925,0,0,0.0009628173184801386,3,48,11,59,0.7192485454842041,0.09523809523809523
340,2962,0,0,0.006797292016027441,3,48,11,59,0.7192485454842041,0.09523809523809523
341,3157,0,0,3.316395264165337e-05,3,48,11,59,0.7192485454842041,0.09523809523809523
342,3197,0,0,0.003369510211338141,3,48,11,59,0.7192485454842041,0.09523809523809523
343,3230,0,0,5.885748984734339e-05,3,48,11,59,0.7192485454842041,0.09523809523809523
344,3245,0,0,0.27916344561388584,3,48,11,59,0.7224226348364279,0.09523809523809523
345,3247,0,0,0.0003699839795448237,3,48,11,59,0.7224226348364279,0.09523809523809523
346,3431,0,0,0.0014324191768191612,3,48,11,59,0.7224226348364279,0.09523809523809523
347,3497,0,0,5.048731887955833e-06,3,48,11,59,0.7256059329175797,0.09523809523809523
348,3522,0,0,0.017579609619413402,3,48,11,59,0.7256059329175797,0.09523809523809523
349,3783,0,0,0.004596515969799244,3,48,11,59,0.7256059329175797,0.09523809523809523
350,3829,0,0,2.2465111177003712e-05,3,48,11,59,0.7256059329175797,0.09523809523809523
351,3954,0,0,0.0028201646696720886,3,48,11,59,0.7256059329175797,0.09523809523809523
352,4097,0,0,0.004178857878297162,3,48,11,59,0.7256059329175797,0.09523809523809523
353,4165,0,0,3.1732175659654486e-05,3,48,11,59,0.7256059329175797,0.09523809523809523
354,4327,0,0,0.0025467256505378242,3,48,11,59,0.7256059329175797,0.09523809523809523
355,4408,0,0,0.0002736923128310244,3,48,11,59,0.7256059329175797,0.09523809523809523
356,4431,0,0,0.015472236127892338,3,48,11,59,0.7256059329175797,0.09523809523809523
357,4482,0,0,0.037332825969759766,3,48,11,59,0.7256059329175797,0.09523809523809523
358,4508,0,0,0.02780914656942506,3,48,11,59,0.7256059329175797,0.09523809523809523
359,4527,0,0,0.012315594779712197,3,48,11,59,0.7256059329175797,0.09523809523809523
360,4594,0,0,2.972242435565437e-05,3,48,11,59,0.7227088784231641,0.07317073170731707
361,4677,0,0,0.01221423284850117,3,48,11,59,0.7295454545454545,0.075
362,614,1,0,5.8871901202574666e-06,3,49,11,60,0.7295454545454545,0.075
363,1223,1,0,1.4131697813067316e-05,3,50,11,61,0.7227088784231641,0.07317073170731707
364,1384,1,0,1.3484854635734368e-07,3,51,11,62,0.7158857142857142,0.07142857142857142
365,1665,1,0,4.752338051259144e-06,3,52,11,63,0.7090763526040789,0.06976744186046512
366,1815,1,0,0.16789382932646255,3,53,11,64,0.7022811671087532,0.06818181818181818
367,2635,0,0,0.012336470725537715,3,53,11,64,0.7022811671087532,0.06818181818181818
368,2786,0,0,0.002032482874374765,3,53,11,64,0.7022811671087532,0.06818181818181818
369,2995,0,0,0.020324863624422016,3,53,11,64,0.7022811671087532,0.06818181818181818
370,3285,0,0,0.0022489636039358615,3,53,11,64,0.7022811671087532,0.06818181818181818
371,3466,0,0,0.00024147661687917043,3,53,11,64,0.7022811671087532,0.06818181818181818
372,3478,0,0,0.0017428354785213479,3,53,11,64,0.7022811671087532,0.06818181818181818
373,3739,0,1,0.9632570057168078,3,53,12,65,0.7022811671087532,0.06818181818181818
374,3809,0,0,0.005454378193121708,3,53,12,65,0.7022811671087532,0.06818181818181818
375,4098,0,0,0.004915731589502374,3,53,12,65,0.7022811671087532,0.06818181818181818
376,4176,0,0,0.0018099888345196682,3,53,12,65,0.7090763526040789,0.06976744186046512
377,4181,0,0,0.0026764372902254954,3,53,12,65,0.7058608058608058,0.047619047619047616
378,4290,0,0,0.008455254874642399,3,53,12,65,0.7127083333333333,0.04878048780487805
379,4457,0,0,0.0012698308444441533,3,53,12,65,0.7127083333333333,0.04878048780487805
380,4506,0,0,0.0312717741753428,3,53,12,65,0.7127083333333333,0.04878048780487805
381,4616,0,0,0.004018502030952765,3,53,12,65,0.7127083333333333,0.04878048780487805
382,4659,0,0,0.005505458688688365,3,53,12,65,0.7127083333333333,0.04878048780487805
383,4727,0,0,5.9914326406302644e-05,3,53,12,65,0.7127083333333333,0.04878048780487805
384,4759,0,0,0.04393171149651334,3,53,12,65,0.7127083333333333,0.04878048780487805
385,4814,0,0,0.0003712700139697917,3,53,12,65,0.7127083333333333,0.04878048780487805
386,4865,0,0,0.008469463741447743,3,53,12,65,0.7127083333333333,0.04878048780487805
387,4936,0,0,4.667839730928388e-05,3,53,12,65,0.7127083333333333,0.04878048780487805
388,4959,0,1,0.6944443861371654,3,53,13,66,0.7098116169544741,0.04878048780487805
389,4963,0,0,6.364665177911962e-05,3,53,13,66,0.7098116169544741,0.04878048780487805
390,4977,0,0,0.003747159590102435,3,53,13,66,0.7098116169544741,0.04878048780487805
391,2242,1,0,0.09952780695447376,3,54,13,67,0.7029714285714286,0.047619047619047616
392,2578,0,1,0.7834635721352882,3,54,14,68,0.7000809034215405,0.047619047619047616
393,2623,0,0,0.0010678929647144199,3,54,14,68,0.7000809034215405,0.047619047619047616
394,2660,0,0,0.08775967673578138,3,54,14,68,0.7000809034215405,0.047619047619047616
395,2760,0,0,0.09219023477566929,3,54,14,68,0.7000809034215405,0.047619047619047616
396,2788,0,0,0.0022790504361080164,3,54,14,68,0.7000809034215405,0.047619047619047616
397,2933,0,1,0.5234958748377717,3,54,15,69,0.6971883289124667,0.047619047619047616
398,2940,0,0,0.0006243248502570478,3,54,15,69,0.6971883289124667,0.047619047619047616
399,2961,0,0,5.05493552187222e-05,4,54,15,69,0.6971883289124667,0.047619047619047616
400,3053,0,0,0.005469663415892672,4,54,15,69,0.6971883289124667,0.047619047619047616
401,3087,0,0,0.009160900409752622,4,54,15,69,0.6971883289124667,0.047619047619047616
402,3143,0,0,0.0008917112095497621,4,54,15,69,0.6971883289124667,0.047619047619047616
403,3254,0,0,0.004956566964717316,4,54,15,69,0.7040153941232654,0.04878048780487805
404,3452,0,0,0.11714762409699953,4,54,15,69,0.7010407581836153,0.025
405,3528,0,0,1.0448070530955512e-05,4,54,15,69,0.7079261363636362,0.02564102564102564
406,3759,0,0,0.010511743360559529,4,54,15,69,0.7148273160147067,0.02631578947368421
407,3794,0,0,0.11888114769109738,4,54,15,69,0.721744043232621,0.02702702702702703
408,3796,0,0,0.00039979179870023256,4,54,15,69,0.7286760563380282,0.027777777777777776
409,3854,0,0,0.0032043938889181676,4,54,15,69,0.7356230847803882,0.02857142857142857
410,3873,0,0,0.008735096939853188,4,54,15,69,0.7425848478926454,0.029411764705882353
411,4084,0,0,0.0022018292548067553,4,54,15,69,0.7396378830083564,0.0
412,4171,0,1,0.6566371643994554,4,54,16,70,0.744066852367688,0.0
413,4252,0,0,0.00410002370735535,4,54,16,70,0.751111111111111,0.0
414,4262,0,0,0.044353465062500534,4,54,16,70,0.7581717451523546,0.0
415,4339,0,0,0.0018074521055316648,4,54,16,70,0.7652486187845304,0.0
416,4502,0,0,0.0016636824425478953,4,54,16,70,0.7723415977961432,0.0
417,4556,0,0,2.6345144788750213e-05,4,54,16,70,0.7794505494505495,0.0
418,4630,0,0,4.0765815458379445e-05,4,54,16,70,0.7794505494505495,0.0
419,4764,0,0,0.005065288054159179,4,54,16,70,0.7794505494505495,0.0
420,313,1,0,0.0009669380244809163,4,55,16,71,0.774945054945055,0.0
421,432,1,0,0.0009602222302080404,4,56,16,72,0.7678512396694215,0.0
422,477,1,0,0.007369692854689929,4,57,16,73,0.7607734806629834,0.0
423,547,1,0,2.59172351459875e-05,4,58,16,74,0.7537119113573408,0.0
424,563,1,0,0.05841187714082781,4,59,16,75,0.7466666666666666,0.0
425,589,1,0,2.5942428282962158e-05,4,60,16,76,0.7396378830083564,0.0
426,778,1,0,0.11857786534579251,4,61,16,77,0.7326256983240224,0.0
427,956,1,0,0.013860264051010703,4,62,16,78,0.7256302521008403,0.0
428,1026,1,0,4.967422888452641e-06,4,63,16,79,0.7186516853932585,0.0
429,1525,1,0,2.5943719225234178e-05,4,64,16,80,0.7142696629213483,0.0
430,1651,1,0,2.5942419761158412e-05,4,65,16,81,0.7073239436619718,0.0
431,2079,1,0,0.0008306357941198002,4,66,16,82,0.7003954802259886,0.0
432,2528,0,0,0.008314731810113015,4,66,16,82,0.7003954802259886,0.0
433,2666,0,0,0.0023428349684851122,4,66,16,82,0.7003954802259886,0.0
434,2721,0,0,0.00017609675746204452,4,66,16,82,0.7003954802259886,0.0
435,2771,0,0,0.027238398994618697,4,66,16,82,0.7003954802259886,0.0
436,2881,0,0,0.026216768688798457,4,66,16,82,0.7003954802259886,0.0
437,2896,0,0,0.012856295814035568,4,66,16,82,0.7003954802259886,0.0
438,2939,0,0,0.0009675395337645208,4,66,16,82,0.7003954802259886,0.0
439,2991,0,0,0.0047246516662709445,4,66,16,82,0.7003954802259886,0.0
440,3041,0,0,0.0027513718882178862,4,66,16,82,0.7003954802259886,0.0
441,3127,0,0,0.0016074109930872894,4,66,16,82,0.7003954802259886,0.0
442,3233,0,0,2.5204290759521658e-05,4,66,16,82,0.7003954802259886,0.0
443,3355,0,0,0.12544490579214254,4,66,16,82,0.7003954802259886,0.0
444,3474,0,0,0.03737753883846414,4,66,16,82,0.7003954802259886,0.0
445,3481,0,0,0.001281230193086595,4,66,16,82,0.7029577464788731,0.0
446,3529,0,0,0.0016693900805715449,4,66,16,82,0.7029577464788731,0.0
447,3622,0,0,0.040102128926071026,4,66,16,82,0.7029577464788731,0.0
448,3651,0,0,0.032919912314639956,4,66,16,82,0.7029577464788731,0.0
449,3761,0,0,0.0011388251262576296,4,66,16,82,0.7098876404494382,0.0
450,3765,0,0,0.0012298804702783276,4,66,16,82,0.7168347338935575,0.0
451,3812,0,0,0.17352062144796654,4,66,16,82,0.7237988826815642,0.0
452,4012,0,0,0.015153726432000806,4,66,16,82,0.7307799442896936,0.0
453,4091,0,0,0.0010216139969916305,4,66,16,82,0.7377777777777778,0.0
454,4094,0,0,0.060862457692329605,4,66,16,82,0.7447922437673131,0.0
455,4149,0,1,0.6380255448809393,4,66,17,83,0.7492520775623269,0.0
456,4232,0,0,0.010074498300191834,4,66,17,83,0.7562983425414365,0.0
457,4297,0,0,0.06577185924444477,4,66,17,83,0.7633608815426998,0.0
458,4409,0,0,4.810014049336089e-05,4,66,17,83,0.7704395604395604,0.0
459,4447,0,0,0.0023449811068303144,4,66,17,83,0.7775342465753424,0.0
460,4495,0,0,0.0005225036468696418,4,66,17,83,0.7775342465753424,0.0
461,4633,0,0,0.002152696964314948,4,66,17,83,0.7775342465753424,0.0
462,4783,0,0,0.002457332398238681,4,66,17,83,0.7775342465753424,0.0
463,58,1,0,0.0015248199723859703,4,67,17,84,0.7704395604395604,0.0
464,1323,1,0,0.0062712641294752755,4,68,17,85,0.7633608815426998,0.0
465,2509,0,0,0.001976100179959269,4,68,17,85,0.7633608815426998,0.0
466,2643,0,0,0.005448394989794591,4,68,17,85,0.7633608815426998,0.0
467,2740,0,0,0.4286552831039807,4,68,17,85,0.7633608815426998,0.0
468,2807,0,0,0.00209165298225277,4,68,17,85,0.7633608815426998,0.0
469,3210,0,0,0.0007734536293085247,4,68,17,85,0.7633608815426998,0.0
470,3215,0,0,0.02181631003750909,4,68,17,85,0.7633608815426998,0.0
471,3227,0,0,0.0029017036631600736,4,68,17,85,0.7633608815426998,0.0
472,3290,0,0,0.0037702820020796566,4,68,17,85,0.7633608815426998,0.0
473,3403,0,0,0.00018396012974556094,4,68,17,85,0.7633608815426998,0.0
474,3450,0,0,0.00010612119363259601,4,68,17,85,0.7633608815426998,0.0
475,3490,0,0,8.518706081983233e-06,4,68,17,85,0.7633608815426998,0.0
476,3504,0,0,0.0019254626248771162,4,68,17,85,0.7633608815426998,0.0
477,3566,0,0,0.0010312855647650425,4,68,17,85,0.7633608815426998,0.0
478,3624,0,0,0.001256032447172839,4,68,17,85,0.7633608815426998,0.0
479,3650,0,0,0.02127816127825329,4,68,17,85,0.7633608815426998,0.0
480,3699,0,0,0.0006601446792298594,4,68,17,85,0.7633608815426998,0.0
481,3733,0,0,0.0031215211075732168,4,68,17,85,0.7633608815426998,0.0
482,3988,0,0,0.010168516472675092,4,68,17,85,0.7633608815426998,0.0
483,4077,0,0,0.0007197229431405067,4,68,17,85,0.7633608815426998,0.0
484,4174,0,0,0.00315300787107295,4,68,17,85,0.7704395604395604,0.0
485,4282,0,0,0.0017043750269478512,4,68,17,85,0.7704395604395604,0.0
486,4326,0,0,0.000907005180527932,4,68,17,85,0.7704395604395604,0.0
487,4349,0,0,0.2134765710180796,4,68,17,85,0.7704395604395604,0.0
488,4406,0,0,0.0030881986954838995,4,68,17,85,0.7704395604395604,0.0
489,4660,0,0,0.0013346351153501648,4,68,17,85,0.7704395604395604,0.0
490,4808,0,0,8.12174947791792e-05,4,68,17,85,0.7704395604395604,0.0
491,4919,0,0,0.02731855971780181,4,68,17,85,0.7704395604395604,0.0
492,1664,1,0,0.03993300699036957,4,69,17,86,0.7633608815426998,0.0
493,2431,1,1,0.5229895183804119,4,69,17,86,0.766342069749272,0.03225806451612903
494,2587,0,0,0.00018064170654357822,4,69,17,86,0.766342069749272,0.03225806451612903
495,2599,0,0,1.4888694680385614e-05,4,69,17,86,0.766342069749272,0.03225806451612903
496,2698,0,0,0.017843527301636682,4,69,17,86,0.766342069749272,0.03225806451612903
497,2785,0,0,0.0022320376585709366,4,69,17,86,0.766342069749272,0.03225806451612903
498,2801,0,0,0.008568448044220774,4,69,17,86,0.766342069749272,0.03225806451612903
499,3019,0,0,1.730684986081505e-05,5,69,17,86,0.766342069749272,0.03225806451612903
500,3137,0,0,0.0028242076467886222,5,69,17,86,0.7691247455655714,0.03225806451612903
501,3228,0,0,6.36666844024473e-05,5,69,17,86,0.7691247455655714,0.03225806451612903
502,3590,0,0,0.004517771212826932,5,69,17,86,0.7691247455655714,0.03225806451612903
503,3880,0,0,0.024800083805942626,5,69,17,86,0.7691247455655714,0.03225806451612903
504,3899,0,0,0.022696879598915348,5,69,17,86,0.7691247455655714,0.03225806451612903
505,3971,0,0,6.483555144789054e-05,5,69,17,86,0.7691247455655714,0.03225806451612903
506,4768,0,0,0.009333443556848876,5,69,17,86,0.7691247455655714,0.03225806451612903
507,4889,0,0,0.004449440451692771,5,69,17,86,0.7691247455655714,0.03225806451612903
508,4897,0,0,0.003259036700082441,5,69,17,86,0.7691247455655714,0.03225806451612903
509,551,1,0,0.15645513858586893,5,70,17,87,0.7621109453796434,0.03125
510,653,1,0,1.5737071804214865e-05,5,71,17,88,0.7551111111111112,0.030303030303030304
511,2753,0,0,0.0009368880027201327,5,71,17,88,0.7551111111111112,0.030303030303030304
512,2762,0,0,0.0006455173447367155,5,71,17,88,0.7551111111111112,0.030303030303030304
513,2795,0,0,0.0012089298573930466,5,71,17,88,0.7551111111111112,0.030303030303030304
514,2841,0,0,0.00040365502873220433,5,71,17,88,0.7551111111111112,0.030303030303030304
515,2869,0,0,5.904911466571867e-05,5,71,17,88,0.7551111111111112,0.030303030303030304
516,2931,0,1,0.8730601286274017,5,71,18,89,0.7523384740811196,0.030303030303030304
517,2976,0,0,0.003864612940480001,5,71,18,89,0.7523384740811196,0.030303030303030304
518,3048,0,0,0.0019180548709577974,5,71,18,89,0.7523384740811196,0.030303030303030304
519,3146,0,0,0.00017110606557668557,5,71,18,89,0.7523384740811196,0.030303030303030304
520,3235,0,0,0.0010875741763726706,5,71,18,89,0.7523384740811196,0.030303030303030304
521,3393,0,0,0.007593876358301753,5,71,18,89,0.7523384740811196,0.030303030303030304
522,3455,0,0,0.03656393127813479,5,71,18,89,0.7523384740811196,0.030303030303030304
523,3665,0,0,0.003934405870432552,5,71,18,89,0.7593333333333334,0.03125
524,3886,0,0,0.0049171804601594125,5,71,18,89,0.766342069749272,0.03225806451612903
525,3966,0,0,0.000453225214195901,5,71,18,89,0.7733643501017737,0.03333333333333333
526,3999,0,0,0.011533867400615532,5,71,18,89,0.7803998213089123,0.034482758620689655
527,4037,0,0,0.3257281733369476,5,71,18,89,0.7874481074481073,0.03571428571428571
528,4085,0,0,0.0011436725177512706,5,71,18,89,0.794508806262231,0.037037037037037035
529,4101,0,0,2.422893609409307e-05,5,71,18,89,0.8015814850530376,0.038461538461538464
530,4222,0,1,0.7092596559645008,5,71,19,90,0.8058502089360334,0.04
531,4227,0,0,0.0012734524976375696,5,71,19,90,0.8129403022046074,0.041666666666666664
532,4317,0,0,0.01711201639893063,5,71,19,90,0.8129403022046074,0.041666666666666664
533,4367,0,0,0.016257960555200214,5,71,19,90,0.8129403022046074,0.041666666666666664
534,4467,0,0,0.013124167778364126,5,71,19,90,0.8129403022046074,0.041666666666666664
535,4486,0,0,0.010144001982613702,5,71,19,90,0.8129403022046074,0.041666666666666664
536,4644,0,1,0.8303212303391776,5,71,20,91,0.8101189328190292,0.041666666666666664
537,4682,0,0,0.04879083667024268,5,71,20,91,0.8101189328190292,0.041666666666666664
538,4863,0,0,0.3510616162518453,5,71,20,91,0.8101189328190292,0.041666666666666664
539,2524,0,0,0.04355487176445566,5,71,20,91,0.8101189328190292,0.041666666666666664
540,2534,0,0,0.0007305540276525254,5,71,20,91,0.8101189328190292,0.041666666666666664
541,2560,0,0,6.898715701759098e-05,5,71,20,91,0.8101189328190292,0.041666666666666664
542,2565,0,0,0.001185032156568041,5,71,20,91,0.8101189328190292,0.041666666666666664
543,2600,0,0,8.036143896987036e-06,5,71,20,91,0.8101189328190292,0.041666666666666664
544,2631,0,0,0.0003023936619333759,5,71,20,91,0.8101189328190292,0.041666666666666664
545,2661,0,1,0.9896215719793322,5,71,21,92,0.8072954990215264,0.041666666666666664
546,2672,0,0,0.004805094567378046,5,71,21,92,0.8072954990215264,0.041666666666666664
547,2751,0,0,0.006049979652891637,5,71,21,92,0.8072954990215264,0.041666666666666664
548,2774,0,1,0.5230817312846499,5,71,22,93,0.8044688644688646,0.041666666666666664
549,2781,0,0,0.016671473597296014,5,71,22,93,0.8044688644688646,0.041666666666666664
550,2797,0,1,0.9490592765316858,5,71,23,94,0.8016380016380016,0.041666666666666664
551,2875,0,0,0.36181098057616123,5,71,23,94,0.8016380016380016,0.041666666666666664
552,2950,0,0,0.004877348831017811,5,71,23,94,0.8016380016380016,0.041666666666666664
553,3085,0,0,0.010029986648238804,5,71,23,94,0.8016380016380016,0.041666666666666664
554,3094,0,0,0.01882905410632248,5,71,23,94,0.8016380016380016,0.041666666666666664
555,3100,0,0,0.034476087619964534,5,71,23,94,0.8016380016380016,0.041666666666666664
556,3118,0,0,7.869115631329291e-05,5,71,23,94,0.8016380016380016,0.041666666666666664
557,3423,0,0,0.015680996206681952,5,71,23,94,0.8016380016380016,0.041666666666666664
558,3457,0,0,0.0026234608045039706,5,71,23,94,0.8016380016380016,0.041666666666666664
559,3475,0,0,0.02194366425707936,5,71,23,94,0.8016380016380016,0.041666666666666664
560,3569,0,0,0.19270701665428544,5,71,23,94,0.8016380016380016,0.041666666666666664
561,3687,0,0,0.0009558786405646594,5,71,23,94,0.8016380016380016,0.041666666666666664
562,3700,0,0,0.0028789440143442966,5,71,23,94,0.8087240537240536,0.043478260869565216
563,3849,0,0,0.0029394382954280414,5,71,23,94,0.8158199608610569,0.045454545454545456
564,3878,0,0,0.005629565081798538,5,71,23,94,0.8229251044680168,0.047619047619047616
565,3962,0,0,0.0013379498664498057,5,71,23,94,0.8300388076954834,0.05
566,4106,0,0,1.8544787097762517e-05,5,71,23,94,0.8371603260869566,0.05263157894736842
567,4196,0,0,5.848987926891664e-05,5,71,23,94,0.8371603260869566,0.05263157894736842
568,4284,0,1,0.9356919570853568,5,71,24,95,0.8343134340682025,0.05263157894736842
569,4383,0,1,0.8174187958486889,5,71,25,96,0.8314625522340084,0.05263157894736842
570,4399,0,0,9.903144343232708e-06,5,71,25,96,0.8314625522340084,0.05263157894736842
571,4412,0,0,0.00200999571927851,5,71,25,96,0.8314625522340084,0.05263157894736842
572,4471,0,0,0.00021311103992068662,5,71,25,96,0.8314625522340084,0.05263157894736842
573,4777,0,0,0.00043561290400410014,5,71,25,96,0.8343134340682025,0.05263157894736842
574,4990,0,0,0.003382160954879497,5,71,25,96,0.8343134340682025,0.05263157894736842
575,586,1,0,0.00012019241159643589,5,72,25,97,0.8271938283510125,0.05
576,856,1,0,7.830277765984754e-05,5,73,25,98,0.8200821917808219,0.047619047619047616
577,898,1,1,0.9981205538709053,5,73,25,98,0.820982800982801,0.09090909090909091
578,1032,1,0,7.550275507520882e-05,5,74,25,99,0.8139837161965688,0.08695652173913043
579,1186,1,0,0.011876502973855202,5,75,25,100,0.8069891327509056,0.08333333333333333
580,1767,1,1,0.9979869270058568,5,75,25,100,0.8079862762415925,0.12
581,2020,1,1,0.9987137764155261,5,75,25,100,0.8088919288645691,0.15384615384615385
582,2546,0,0,0.037478485778668094,5,75,25,100,0.8088919288645691,0.15384615384615385
583,2820,0,0,0.0010535428812605853,5,75,25,100,0.8088919288645691,0.15384615384615385
584,3068,0,0,0.0002797870754768441,5,75,25,100,0.8088919288645691,0.15384615384615385
585,3192,0,0,0.048877107252579585,5,75,25,100,0.8088919288645691,0.15384615384615385
586,3366,0,1,0.7315973666910521,5,75,26,101,0.805658835546476,0.15384615384615385
587,3374,0,1,0.9976675656703755,5,75,27,102,0.8024350547730831,0.15384615384615385
588,3398,0,0,8.857699044346848e-05,5,75,27,102,0.805658835546476,0.15384615384615385
589,3534,0,0,0.006566332935957499,5,75,27,102,0.805658835546476,0.15384615384615385
590,3875,0,0,0.001078493681928305,5,75,27,102,0.805658835546476,0.15384615384615385
591,4023,0,0,0.02568448997841684,5,75,27,102,0.8124715002279982,0.16
592,4081,0,0,0.0012418601496203502,5,75,27,102,0.815708965150306,0.16
593,4166,0,0,9.660733555951173e-05,5,75,27,102,0.815708965150306,0.16
594,4301,0,0,0.0006645254723147525,5,75,27,102,0.815708965150306,0.16
595,4499,0,1,0.6104474426960692,5,75,28,103,0.8124715002279982,0.16
596,4557,0,0,0.002400787729408012,5,75,28,103,0.8124715002279982,0.16
597,4731,0,0,0.002526755202780466,5,75,28,103,0.815708965150306,0.16
598,4901,0,0,0.06905991515431434,5,75,28,103,0.815708965150306,0.16
599,4949,0,0,0.0008930779322971085,6,75,28,103,0.815708965150306,0.16
600,405,1,1,0.65425652325968,6,75,28,103,0.8164555669050051,0.19230769230769232
601,1085,1,0,0.004857732422210992,6,76,28,104,0.8097183098591549,0.18518518518518517
602,1725,1,0,0.006144014587281532,6,77,28,105,0.8029771554900517,0.17857142857142858
603,2514,0,0,0.019677776727097186,6,77,28,105,0.8029771554900517,0.17857142857142858
604,2609,0,0,0.0013004762879573408,6,77,28,105,0.8029771554900517,0.17857142857142858
605,2743,0,0,0.0015637305949067787,6,77,28,105,0.8029771554900517,0.17857142857142858
606,2790,0,0,0.00976437077707941,6,77,28,105,0.8029771554900517,0.17857142857142858
607,2818,0,0,0.02243851609392497,6,77,28,105,0.8029771554900517,0.17857142857142858
608,2844,0,1,0.7371499640207677,6,77,29,106,0.7996455909830631,0.17857142857142858
609,2900,0,0,0.0016822470135959922,6,77,29,106,0.7996455909830631,0.17857142857142858
610,2907,0,0,7.112005201514504e-05,6,77,29,106,0.7996455909830631,0.17857142857142858
611,3103,0,0,0.014213293850251857,6,77,29,106,0.7996455909830631,0.17857142857142858
612,3150,0,0,0.010276220551494382,6,77,29,106,0.8029771554900517,0.17857142857142858
613,3251,0,1,0.5614311922668179,6,77,30,107,0.7996455909830631,0.17857142857142858
614,3268,0,0,0.0009087328947858229,6,77,30,107,0.7996455909830631,0.17857142857142858
615,3283,0,0,0.0007705234214010908,6,77,30,107,0.7996455909830631,0.17857142857142858
616,3313,0,0,0.001071193251798466,6,77,30,107,0.7996455909830631,0.17857142857142858
617,3371,0,0,2.4483137757541057e-05,6,77,30,107,0.7996455909830631,0.17857142857142858
618,3384,0,0,0.03424938621296256,6,77,30,107,0.7996455909830631,0.17857142857142858
619,3407,0,0,0.003999596016852486,6,77,30,107,0.7996455909830631,0.17857142857142858
620,3437,0,0,0.4087027107124979,6,77,30,107,0.8063817243920414,0.18518518518518517
621,3548,0,0,0.060963836074844915,6,77,30,107,0.8131142410015648,0.19230769230769232
622,3562,0,0,0.19703529579207368,6,77,30,107,0.819841675178754,0.2
623,3641,0,0,0.03775157837965729,6,77,30,107,0.82656243892906,0.20833333333333334
624,3712,0,0,0.06969523921196542,6,77,30,107,0.8332748071295558,0.21739130434782608
625,3986,0,0,0.0011875874560574756,6,77,30,107,0.8399769006046607,0.22727272727272727
626,4079,0,0,0.015233227454422913,6,77,30,107,0.8466666666666666,0.23809523809523808
627,4143,0,0,0.03206361143694806,6,77,30,107,0.8533418566659564,0.25
628,4193,0,0,1.1438144989259588e-05,6,77,30,107,0.86,0.2631578947368421
629,4215,0,0,0.0035535598781336643,6,77,30,107,0.8666383739111012,0.2777777777777778
630,4267,0,0,3.178282396924827e-05,6,77,30,107,0.8732539682539684,0.29411764705882354
631,4280,0,0,0.0035195959764095135,6,77,30,107,0.8798434442270059,0.3125
632,4351,0,0,0.0001068594953718677,6,77,30,107,0.8798434442270059,0.3125
633,4485,0,0,0.0020066620262162637,6,77,30,107,0.8798434442270059,0.3125
634,4623,0,0,0.004451043000717373,6,77,30,107,0.8798434442270059,0.3125
635,4858,0,0,0.007665659029924925,6,77,30,107,0.8798434442270059,0.3125
636,4984,0,0,0.016439621752099665,6,77,30,107,0.8798434442270059,0.3125
637,4996,0,0,0.026545911967719747,6,77,30,107,0.8798434442270059,0.3125
638,192,1,0,0.053546190691531395,6,78,30,108,0.8732539682539684,0.29411764705882354
639,319,1,0,0.011132291644091238,6,79,30,109,0.8666383739111012,0.2777777777777778
640,717,1,0,0.05506385304170146,6,80,30,110,0.86,0.2631578947368421
641,1255,1,1,0.9795083929946617,6,80,30,110,0.86,0.3
642,1425,1,0,0.001992134318094801,6,81,30,111,0.8534336571777975,0.2857142857142857
643,1770,1,0,0.00012676796226830363,6,82,30,112,0.8468475658419793,0.2727272727272727
644,1777,1,0,0.3583328466062192,6,83,30,113,0.8402442837600155,0.2608695652173913
645,1869,1,0,0.009574576173507569,6,84,30,114,0.833626149131767,0.25
646,2220,1,0,0.00012147957726795735,6,85,30,115,0.8269953051643192,0.24
647,2400,1,0,0.011223949274993617,6,86,30,116,0.8203537214443627,0.23076923076923078
648,2614,0,0,0.002129426765830272,6,86,30,116,0.8203537214443627,0.23076923076923078
649,2669,0,0,0.005623268408137725,6,86,30,116,0.8203537214443627,0.23076923076923078
650,2691,0,0,0.004970510873065641,6,86,30,116,0.8203537214443627,0.23076923076923078
651,2766,0,0,0.015405182318574169,6,86,30,116,0.8203537214443627,0.23076923076923078
652,2867,0,0,0.0071222642101361954,6,86,30,116,0.8203537214443627,0.23076923076923078
653,2947,0,0,0.0006746325115713817,6,86,30,116,0.8203537214443627,0.23076923076923078
654,2965,0,0,0.002614271995107016,6,86,30,116,0.8203537214443627,0.23076923076923078
655,3350,0,0,0.03769920243776857,6,86,30,116,0.823793427230047,0.23076923076923078
656,3410,0,0,0.0033491089053388633,6,86,30,116,0.823793427230047,0.23076923076923078
657,3635,0,0,0.000499272224727695,6,86,30,116,0.823793427230047,0.23076923076923078
658,3746,0,0,0.08072780086104121,6,86,30,116,0.823793427230047,0.23076923076923078
659,3785,0,0,0.007369992172825913,6,86,30,116,0.823793427230047,0.23076923076923078
660,3845,0,0,0.007290953724254481,6,86,30,116,0.823793427230047,0.23076923076923078
661,3927,0,0,0.16393773927799105,6,86,30,116,0.823793427230047,0.23076923076923078
662,3964,0,0,0.0006377851464361025,6,86,30,116,0.823793427230047,0.23076923076923078
663,4082,0,0,0.4768960182313303,6,86,30,116,0.8304392236976507,0.24
664,4201,0,1,0.6526031638047635,6,86,31,117,0.833626149131767,0.25
665,4361,0,0,0.009657413702066204,6,86,31,117,0.833626149131767,0.25
666,4503,0,0,0.00039994783897070064,6,86,31,117,0.833626149131767,0.25
667,4573,0,0,0.1241827286759555,6,86,31,117,0.833626149131767,0.25
668,4650,0,0,0.018134748575991663,6,86,31,117,0.833626149131767,0.25
669,4862,0,0,0.0018944161175646309,6,86,31,117,0.833626149131767,0.25
670,4864,0,0,0.011767212649327854,6,86,31,117,0.833626149131767,0.25
671,4866,0,0,0.0017542260651850056,6,86,31,117,0.833626149131767,0.25
672,83,1,0,0.004935232607615734,6,87,31,118,0.8269953051643192,0.24
673,2406,1,0,0.07875709630420565,6,88,31,119,0.8203537214443627,0.23076923076923078
674,2592,0,0,0.0002709924534378829,6,88,31,119,0.8203537214443627,0.23076923076923078
675,2633,0,0,0.0023600327026067,6,88,31,119,0.8203537214443627,0.23076923076923078
676,2717,0,0,1.6851124248536415e-05,6,88,31,119,0.8203537214443627,0.23076923076923078
677,2926,0,0,0.2961704188685731,6,88,31,119,0.8203537214443627,0.23076923076923078
678,2960,0,0,0.0022597907557877768,6,88,31,119,0.8203537214443627,0.23076923076923078
679,3058,0,1,0.919956737633495,6,88,32,120,0.8169308661322404,0.23076923076923078
680,3092,0,0,0.00014465084870452218,6,88,32,120,0.8169308661322404,0.23076923076923078
681,3417,0,0,4.9759401325454134e-05,6,88,32,120,0.8169308661322404,0.23076923076923078
682,3564,0,0,9.611548168949044e-05,6,88,32,120,0.8169308661322404,0.23076923076923078
683,3611,0,0,0.01327524840841661,6,88,32,120,0.8169308661322404,0.23076923076923078
684,3753,0,0,0.005236303099069172,6,88,32,120,0.8169308661322404,0.23076923076923078
685,3827,0,0,0.020165940863849565,6,88,32,120,0.8169308661322404,0.23076923076923078
686,3831,0,0,0.00122876359266591,6,88,32,120,0.8169308661322404,0.23076923076923078
687,4034,0,0,0.008229929230264143,6,88,32,120,0.8169308661322404,0.23076923076923078
688,4314,0,0,0.027435230283618252,6,88,32,120,0.8169308661322404,0.23076923076923078
689,4414,0,0,0.0011748814611250778,6,88,32,120,0.8169308661322404,0.23076923076923078
690,4649,0,0,0.0018289521535183432,6,88,32,120,0.8169308661322404,0.23076923076923078
691,4674,0,0,0.0001328994790405272,6,88,32,120,0.8169308661322404,0.23076923076923078
692,4758,0,0,0.000874233015343109,6,88,32,120,0.823569147629575,0.24
693,4829,0,1,0.9916366128432706,6,88,33,121,0.8199061032863851,0.20833333333333334
694,1849,1,0,0.00017858339379937644,6,89,33,122,0.8131908621960207,0.2
695,2602,0,0,0.015373505598588109,6,89,33,122,0.8131908621960207,0.2
696,2680,0,0,0.0005336408651977782,6,89,33,122,0.8131908621960207,0.2
697,2749,0,0,0.0003782137177363075,6,89,33,122,0.8131908621960207,0.2
698,2879,0,0,0.019686085332693705,6,89,33,122,0.8131908621960207,0.2
699,2954,0,0,0.21847085710670736,7,89,33,122,0.8131908621960207,0.2
700,3013,0,0,0.0032598069559053983,7,89,33,122,0.8131908621960207,0.2
701,3067,0,0,0.010325739731184131,7,89,33,122,0.8131908621960207,0.2
702,3312,0,0,0.0008433969035989788,7,89,33,122,0.8131908621960207,0.2
703,3347,0,0,0.0020859719591122122,7,89,33,122,0.8131908621960207,0.2
704,3360,0,0,0.0005216921953243157,7,89,33,122,0.8131908621960207,0.2
705,3390,0,0,0.01789426392696137,7,89,33,122,0.8131908621960207,0.2
706,3593,0,0,0.012555535902575158,7,89,33,122,0.8131908621960207,0.2
707,3619,0,0,0.000606107535601843,7,89,33,122,0.8131908621960207,0.2
708,3838,0,0,0.0013033818906044838,7,89,33,122,0.8131908621960207,0.2
709,4060,0,0,0.003810167835456026,7,89,33,122,0.8199061032863851,0.20833333333333334
710,4113,0,0,0.00017354677142743358,7,89,33,122,0.8266138917262512,0.21739130434782608
711,4287,0,0,0.0006626638859592772,7,89,33,122,0.8266138917262512,0.21739130434782608
712,4304,0,0,0.01721657433711904,7,89,33,122,0.8266138917262512,0.21739130434782608
713,4523,0,0,0.0003689801745897515,7,89,33,122,0.8266138917262512,0.21739130434782608
714,4550,0,0,0.02233043965648439,7,89,33,122,0.8266138917262512,0.21739130434782608
715,4608,0,0,0.0010583362333685417,7,89,33,122,0.8266138917262512,0.21739130434782608
716,4719,0,0,0.0007086910166577711,7,89,33,122,0.8299374633574361,0.21739130434782608
717,4771,0,1,0.9810324760436946,7,89,34,123,0.8266138917262512,0.21739130434782608
718,4906,0,0,0.0008393826944577225,7,89,34,123,0.8266138917262512,0.21739130434782608
719,4912,0,0,0.03622450625913318,7,89,34,123,0.8266138917262512,0.21739130434782608
720,4957,0,0,0.10735939638297151,7,89,34,123,0.8266138917262512,0.21739130434782608
721,2667,0,0,0.4283220642995688,7,89,34,123,0.8266138917262512,0.21739130434782608
722,2670,0,0,0.00012807776848352924,7,89,34,123,0.8266138917262512,0.21739130434782608
723,3025,0,0,0.00045192096160709443,7,89,34,123,0.8266138917262512,0.21739130434782608
724,3088,0,0,0.0060425885993334585,7,89,34,123,0.8266138917262512,0.21739130434782608
725,3115,0,0,0.3154661538870207,7,89,34,123,0.8266138917262512,0.21739130434782608
726,3158,0,0,0.0001535162189499465,7,89,34,123,0.8266138917262512,0.21739130434782608
727,3189,0,0,6.288167143223446e-05,7,89,34,123,0.8266138917262512,0.21739130434782608
728,3343,0,0,0.0008535136772076537,7,89,34,123,0.8266138917262512,0.21739130434782608
729,3493,0,0,3.3388692803955866e-05,7,89,34,123,0.8266138917262512,0.21739130434782608
730,3618,0,0,0.0011592441626148654,7,89,34,123,0.8299374633574361,0.21739130434782608
731,4043,0,0,0.0025884341511062748,7,89,34,123,0.8299374633574361,0.21739130434782608
732,4145,0,0,0.007133110719820736,7,89,34,123,0.8299374633574361,0.21739130434782608
733,4177,0,0,0.024931340719977973,7,89,34,123,0.8299374633574361,0.21739130434782608
734,4237,0,0,0.2782612090165146,7,89,34,123,0.8299374633574361,0.21739130434782608
735,4690,0,0,5.618243604616563e-05,7,89,34,123,0.8299374633574361,0.21739130434782608
736,4722,0,0,3.283784446639195e-05,7,89,34,123,0.8332748071295558,0.21739130434782608
737,4751,0,0,0.000627153358120609,7,89,34,123,0.8332748071295558,0.21739130434782608
738,4907,0,0,2.7224670523793626e-05,7,89,34,123,0.8332748071295558,0.21739130434782608
739,804,1,0,0.35057980881328904,7,90,34,124,0.82656243892906,0.20833333333333334
740,2121,1,0,0.00973153898738352,7,91,34,125,0.819841675178754,0.2
741,2597,0,0,1.0990140745155929e-05,7,91,34,125,0.819841675178754,0.2
742,2779,0,0,0.009495825947051482,7,91,34,125,0.819841675178754,0.2
743,3035,0,0,0.001186964720143472,7,91,34,125,0.819841675178754,0.2
744,3155,0,0,0.00098839589235771,7,91,34,125,0.819841675178754,0.2
745,3226,0,0,0.001636580453453926,7,91,34,125,0.8231874145006839,0.2
746,3323,0,0,2.0359368231440883e-05,7,91,34,125,0.8231874145006839,0.2
747,3448,0,0,0.009809564786114035,7,91,34,125,0.8231874145006839,0.2
748,3942,0,0,6.039280964354489e-05,7,91,34,125,0.8265496142591116,0.2
749,4163,0,0,0.0181433370352605,7,91,34,125,0.8265496142591116,0.2
750,4268,0,0,0.02039461499805095,7,91,34,125,0.829930701813982,0.2
751,4294,0,0,0.00011144926732708307,7,91,34,125,0.829930701813982,0.2
752,4307,0,0,0.0011255969385426407,7,91,34,125,0.829930701813982,0.2
753,4343,0,0,0.007370080227862972,7,91,34,125,0.829930701813982,0.2
754,4443,0,0,0.03474854380196339,7,91,34,125,0.829930701813982,0.2
755,4473,0,0,0.0017903722690358298,7,91,34,125,0.829930701813982,0.2
756,4685,0,0,0.00398885796363182,7,91,34,125,0.829930701813982,0.2
757,4805,0,0,0.0006683342170083138,7,91,34,125,0.829930701813982,0.2
758,310,1,0,0.2703523848053844,7,92,34,126,0.8231870178238893,0.19230769230769232
759,1720,1,0,4.6513904420621464e-05,7,93,34,127,0.816437365643932,0.18518518518518517
760,2601,0,0,2.5436968496682332e-05,7,93,34,127,0.816437365643932,0.18518518518518517
761,2621,0,0,0.0009931804671829095,7,93,34,127,0.816437365643932,0.18518518518518517
762,2644,0,0,0.0020299273602764887,7,93,34,127,0.816437365643932,0.18518518518518517
763,2857,0,0,0.1572662748408479,7,93,34,127,0.816437365643932,0.18518518518518517
764,2905,0,0,0.06712008556270496,7,93,34,127,0.816437365643932,0.18518518518518517
765,3069,0,0,0.020507265036406166,7,93,34,127,0.816437365643932,0.18518518518518517
766,3075,0,0,0.004938953537821391,7,93,34,127,0.816437365643932,0.18518518518518517
767,3408,0,0,0.001431146055164583,7,93,34,127,0.816437365643932,0.18518518518518517
768,3542,0,0,0.029811991325055222,7,93,34,127,0.8198244213886672,0.18518518518518517
769,3551,0,0,0.0030604563713005624,7,93,34,127,0.8232332359535295,0.18518518518518517
770,3617,0,0,0.0028924659314945285,7,93,34,127,0.8232332359535295,0.18518518518518517
771,4104,0,0,2.77174469249053e-05,7,93,34,127,0.8232332359535295,0.18518518518518517
772,4260,0,0,9.92341283154805e-05,7,93,34,127,0.8232332359535295,0.18518518518518517
773,4340,0,0,0.0006112305967194795,7,93,34,127,0.8232332359535295,0.18518518518518517
774,4444,0,0,0.003481704229843667,7,93,34,127,0.8232332359535295,0.18518518518518517
775,4732,0,0,0.0062695925536578895,7,93,34,127,0.83,0.19230769230769232
776,4816,0,0,0.00016459927705435645,7,93,34,127,0.8367604233255203,0.2
777,418,1,0,0.003372426172885832,7,94,34,128,0.8288019773189881,0.16
778,1007,1,1,0.9987906568881235,7,94,34,128,0.8367604233255203,0.2
779,1668,1,0,0.00015072284874870361,7,95,34,129,0.8367604233255203,0.2
780,1683,1,0,0.28387528163554815,7,96,34,130,0.8288019773189881,0.16
781,1716,1,0,0.15064457961591535,7,97,34,131,0.8205457523639342,0.12
782,1944,1,0,0.0001938028588718036,7,98,34,132,0.8136202384414074,0.11538461538461539
783,2141,1,0,0.0032485466239317016,7,99,34,133,0.806697208608566,0.1111111111111111
784,2874,0,0,0.0020344336112533327,7,99,34,133,0.806697208608566,0.1111111111111111
785,2980,0,0,0.0008679506982460408,7,99,34,133,0.806697208608566,0.1111111111111111
786,3032,0,0,0.28062823380459184,7,99,34,133,0.8098517010758942,0.1111111111111111
787,3117,0,0,0.0019235411925233683,7,99,34,133,0.813021368475914,0.1111111111111111
788,3223,0,0,0.000550416704644267,7,99,34,133,0.813021368475914,0.1111111111111111
789,3279,0,0,3.284590747667581e-05,7,99,34,133,0.813021368475914,0.1111111111111111
790,3463,0,1,0.7581867499769179,7,99,35,134,0.8098517010758942,0.1111111111111111
791,3572,0,0,0.005765075374479155,7,99,35,134,0.8098517010758942,0.1111111111111111
792,3595,0,0,0.037156819809774935,7,99,35,134,0.8098517010758942,0.1111111111111111
793,3649,0,0,0.47155916340165643,7,99,35,134,0.8098517010758942,0.1111111111111111
794,3734,0,0,3.0058863517321906e-05,7,99,35,134,0.8098517010758942,0.1111111111111111
795,3764,0,0,0.001124862695655451,7,99,35,134,0.813021368475914,0.1111111111111111
796,3772,0,0,0.0003860099275966562,7,99,35,134,0.813021368475914,0.1111111111111111
797,4063,0,0,0.00414131346758162,7,99,35,134,0.813021368475914,0.1111111111111111
798,4080,0,0,1.7356896426572344e-05,7,99,35,134,0.813021368475914,0.1111111111111111
799,4087,0,0,0.05489673460020745,8,99,35,134,0.813021368475914,0.1111111111111111
800,4126,0,0,0.0023673636316534404,8,99,35,134,0.8109667318982388,0.07692307692307693
801,4249,0,0,0.009787518267872199,8,99,35,134,0.8179845708775314,0.08
802,4254,0,0,0.00043385669613214015,8,99,35,134,0.8250086698043101,0.08333333333333333
803,4255,0,0,3.859953747637694e-05,8,99,35,134,0.8250086698043101,0.08333333333333333
804,4362,0,0,0.02042860083229466,8,99,35,134,0.8250086698043101,0.08333333333333333
805,4588,0,0,0.00026154192313499754,8,99,35,134,0.8250086698043101,0.08333333333333333
806,4601,0,1,0.9588600461561799,8,99,36,135,0.8219864995178399,0.08333333333333333
807,4661,0,0,0.05472394857473367,8,99,36,135,0.8219864995178399,0.08333333333333333
808,4740,0,0,0.0009831546117240878,8,99,36,135,0.8250086698043101,0.08333333333333333
809,4845,0,0,0.0035900966706696406,8,99,36,135,0.8250086698043101,0.08333333333333333
810,191,1,0,0.004349597257459512,8,100,36,136,0.8179845708775314,0.08
811,329,1,0,0.12380745921380959,8,101,36,137,0.8109667318982388,0.07692307692307693
812,471,1,0,0.010305044707664919,8,102,36,138,0.8039560439560439,0.07407407407407407
813,852,1,0,0.12380745685156862,8,103,36,139,0.79995115995116,0.07142857142857142
814,1397,1,0,0.12380746516516888,8,104,36,140,0.7929484029484029,0.06896551724137931
815,1722,1,1,0.9509873133139951,8,104,36,140,0.7953760920519923,0.1
816,2360,1,0,0.011586464657474082,8,105,36,141,0.7884444444444445,0.0967741935483871
817,2489,1,0,0.12380746110235863,8,106,36,142,0.7815204837285142,0.09375
818,2507,0,0,0.003279415623793054,8,106,36,142,0.7815204837285142,0.09375
819,2583,0,0,0.0024503236597388746,8,106,36,142,0.7815204837285142,0.09375
820,2593,0,0,0.0007411095704883849,8,106,36,142,0.7815204837285142,0.09375
821,2596,0,0,0.04007938019042714,8,106,36,142,0.7815204837285142,0.09375
822,2687,0,0,6.674811671991886e-05,8,106,36,142,0.7815204837285142,0.09375
823,2741,0,0,0.0013293192207256604,8,106,36,142,0.7815204837285142,0.09375
824,2754,0,0,1.475186836485395e-05,8,106,36,142,0.7815204837285142,0.09375
825,2800,0,0,0.0018864517943202918,8,106,36,142,0.7815204837285142,0.09375
826,2930,0,0,0.0006160404187618311,8,106,36,142,0.7815204837285142,0.09375
827,2948,0,0,0.0012187108423415466,8,106,36,142,0.7815204837285142,0.09375
828,3166,0,0,0.0014868103732630837,8,106,36,142,0.7815204837285142,0.09375
829,3178,0,0,0.0046953350352598915,8,106,36,142,0.7815204837285142,0.09375
830,3273,0,0,0.0012219283700104615,8,106,36,142,0.7815204837285142,0.09375
831,3324,0,0,0.001804532651360143,8,106,36,142,0.7815204837285142,0.09375
832,3439,0,0,0.0023795500915035324,8,106,36,142,0.7815204837285142,0.09375
833,3492,0,0,0.04977926317983896,8,106,36,142,0.7815204837285142,0.09375
834,3568,0,0,0.000478518311849307,8,106,36,142,0.7815204837285142,0.09375
835,3657,0,0,0.013596455422000067,8,106,36,142,0.7815204837285142,0.09375
836,3692,0,0,0.01089394716208978,8,106,36,142,0.7815204837285142,0.09375
837,3738,0,0,0.0003591968368491473,8,106,36,142,0.7815204837285142,0.09375
838,3926,0,1,0.6557521258166248,8,106,37,143,0.7853013112303825,0.0967741935483871
839,4049,0,0,0.005302292096819958,8,106,37,143,0.7922222222222223,0.1
840,4053,0,0,0.004442217709840094,8,106,37,143,0.7991497975708503,0.10344827586206896
841,4064,0,0,0.24679081463049937,8,106,37,143,0.7969533169533168,0.07142857142857142
842,4173,0,0,0.006704659098449904,8,106,37,143,0.8039560439560439,0.07407407407407407
843,4313,0,0,0.0002158401264315532,8,106,37,143,0.8109667318982388,0.07692307692307693
844,4438,0,0,0.0004849519709006679,8,106,37,143,0.8179845708775314,0.08
845,4476,0,0,9.153227942637618e-05,8,106,37,143,0.8250086698043101,0.08333333333333333
846,4621,0,0,0.000585087809282041,8,106,37,143,0.8320380434782609,0.08695652173913043
847,4626,0,0,0.2284854286829171,8,106,37,143,0.8390715971675847,0.09090909090909091
848,4655,0,0,0.0009894650921422976,8,106,37,143,0.8390715971675847,0.09090909090909091
849,4698,0,0,0.029471726097536823,8,106,37,143,0.8390715971675847,0.09090909090909091
850,4714,0,0,0.0063520827709352065,8,106,37,143,0.8390715971675847,0.09090909090909091
851,4930,0,0,0.0029581826368151863,8,106,37,143,0.8390715971675847,0.09090909090909091
852,4998,0,0,0.0038077446123830653,8,106,37,143,0.8390715971675847,0.09090909090909091
853,18,1,0,0.006283999321738676,8,107,37,144,0.8320380434782609,0.08695652173913043
854,409,1,0,1.9866504554960017e-05,8,108,37,145,0.8250086698043101,0.08333333333333333
855,2580,0,0,0.0013459899935155959,8,108,37,145,0.8250086698043101,0.08333333333333333
856,2773,0,1,0.7576968140517477,8,108,38,146,0.8219864995178399,0.08333333333333333
857,2802,0,0,0.0007002284089316669,8,108,38,146,0.8219864995178399,0.08333333333333333
858,2824,0,0,0.0025876119502313026,8,108,38,146,0.8219864995178399,0.08333333333333333
859,3005,0,0,0.008594860704014851,8,108,38,146,0.8219864995178399,0.08333333333333333
860,3011,0,1,0.7981679103140747,8,108,39,147,0.8189745596868885,0.08333333333333333
861,3021,0,0,0.03919589127501387,8,108,39,147,0.8189745596868885,0.08333333333333333
862,3464,0,0,0.0012452700517177166,8,108,39,147,0.8189745596868885,0.08333333333333333
863,3502,0,0,0.03971810100633428,8,108,39,147,0.8189745596868885,0.08333333333333333
864,3589,0,0,0.0003118416289106008,8,108,39,147,0.8219864995178399,0.08333333333333333
865,3659,0,0,0.000896564013643959,8,108,39,147,0.8219864995178399,0.08333333333333333
866,3817,0,0,0.0018705774980745128,8,108,39,147,0.8219864995178399,0.08333333333333333
867,3842,0,0,0.0009045264313942379,8,108,39,147,0.8219864995178399,0.08333333333333333
868,3874,0,0,0.0011205856213937107,8,108,39,147,0.8219864995178399,0.08333333333333333
869,3883,0,1,0.8904012841340407,8,108,40,148,0.8189745596868885,0.08333333333333333
870,3930,0,0,0.13421226284023735,8,108,40,148,0.8189745596868885,0.08333333333333333
871,3956,0,0,0.00043102542650135645,8,108,40,148,0.8189745596868885,0.08333333333333333
872,4030,0,0,0.0003311472287350349,8,108,40,148,0.8259884281581487,0.08695652173913043
873,4047,0,0,0.20664827706812292,8,108,40,148,0.833006357856494,0.09090909090909091
874,4152,0,0,0.003590304687775999,8,108,40,148,0.833006357856494,0.09090909090909091
875,4341,0,0,0.00021927902487585912,8,108,40,148,0.833006357856494,0.09090909090909091
876,4348,0,0,0.02892248274705153,8,108,40,148,0.833006357856494,0.09090909090909091
877,4466,0,0,0.11086708470750965,8,108,40,148,0.833006357856494,0.09090909090909091
878,4487,0,0,0.0012499386641897387,8,108,40,148,0.833006357856494,0.09090909090909091
879,4521,0,0,0.010691338362462383,8,108,40,148,0.8360326086956522,0.09090909090909091
880,4695,0,0,0.0031899406337864917,8,108,40,148,0.8360326086956522,0.09090909090909091
881,4841,0,0,0.0090703281031074,8,108,40,148,0.8360326086956522,0.09090909090909091
882,739,1,0,0.019003398033108597,8,109,40,149,0.8290075138304022,0.08695652173913043
883,1434,1,0,0.2997938151193292,8,110,40,150,0.8219864995178399,0.08333333333333333
884,1657,1,1,0.7671185354142399,8,110,40,150,0.8237179487179486,0.12
885,2523,0,0,0.0003708954188090689,8,110,40,150,0.8237179487179486,0.12
886,2725,0,0,0.00018596778827267884,8,110,40,150,0.8237179487179486,0.12
887,2768,0,0,0.0011224675216776779,8,110,40,150,0.8237179487179486,0.12
888,2893,0,0,0.0007311524732174742,8,110,40,150,0.8237179487179486,0.12
889,3256,0,0,0.0008786607939064025,8,110,40,150,0.8237179487179486,0.12
890,3288,0,0,0.0015808831189607709,8,110,40,150,0.8237179487179486,0.12
891,3342,0,0,0.27155765754321365,8,110,40,150,0.8237179487179486,0.12
892,3382,0,0,0.025333042931197456,8,110,40,150,0.8237179487179486,0.12
893,3449,0,0,0.00011380860598180782,8,110,40,150,0.8269080234833659,0.12
894,3470,0,0,0.0021256013655136454,8,110,40,150,0.8338540662166507,0.125
895,3645,0,0,0.008616109811080457,8,110,40,150,0.8338540662166507,0.125
896,3670,0,0,0.001023113407172245,8,110,40,150,0.8338540662166507,0.125
897,3763,0,0,0.00010128354115926325,8,110,40,150,0.8338540662166507,0.125
898,3993,0,0,0.24253603466208312,8,110,40,150,0.8338540662166507,0.125
899,4073,0,0,0.046193855205621595,9,110,40,150,0.8338540662166507,0.125
900,4186,0,0,0.003626247754303539,9,110,40,150,0.8338540662166507,0.125
901,4274,0,0,0.0013850983868818533,9,110,40,150,0.8338540662166507,0.125
902,4419,0,0,0.0009736939116047459,9,110,40,150,0.8338540662166507,0.125
903,4439,0,0,0.00039589421053000856,9,110,40,150,0.8338540662166507,0.125
904,4489,0,0,8.977989083849529e-05,9,110,40,150,0.8338540662166507,0.125
905,4524,0,0,0.008378360088987602,9,110,40,150,0.8338540662166507,0.125
906,4555,0,0,0.0008661857153892718,9,110,40,150,0.8338540662166507,0.125
907,4582,0,0,0.00047377553933055836,9,110,40,150,0.8338540662166507,0.125
908,4774,0,0,0.031700010439719595,9,110,40,150,0.8338540662166507,0.125
909,4792,0,0,0.0005113728371820076,9,110,40,150,0.8338540662166507,0.125
910,4855,0,0,0.06639865867668325,9,110,40,150,0.8338540662166507,0.125
911,544,1,0,0.021890175304919605,9,111,40,151,0.8269080234833659,0.12
912,876,1,1,0.8879051917333497,9,111,40,151,0.8286039758767031,0.15384615384615385
913,2522,0,0,0.00832768551366957,9,111,40,151,0.8286039758767031,0.15384615384615385
914,2551,0,0,0.0004885952757549673,9,111,40,151,0.8286039758767031,0.15384615384615385
915,2637,0,0,0.0005122012261605601,9,111,40,151,0.8286039758767031,0.15384615384615385
916,2688,0,0,0.0001358003966959004,9,111,40,151,0.8286039758767031,0.15384615384615385
917,2739,0,0,0.003397879897635968,9,111,40,151,0.8319658119658119,0.15384615384615385
918,2817,0,0,0.0019479801336397173,9,111,40,151,0.8319658119658119,0.15384615384615385
919,2952,0,0,0.00014319404635249974,9,111,40,151,0.8319658119658119,0.15384615384615385
920,3015,0,0,0.004075074713592684,9,111,40,151,0.8319658119658119,0.15384615384615385
921,3020,0,0,0.00043414263869905934,9,111,40,151,0.8319658119658119,0.15384615384615385
922,3056,0,0,0.0018326581661117494,9,111,40,151,0.8319658119658119,0.15384615384615385
923,3141,0,0,0.0003934669055921856,9,111,40,151,0.8319658119658119,0.15384615384615385
924,3225,0,1,0.5971883301381499,9,111,41,152,0.8286039758767031,0.15384615384615385
925,3248,0,0,0.002721326337364524,9,111,41,152,0.8286039758767031,0.15384615384615385
926,3317,0,0,0.0006010929752184327,9,111,41,152,0.8286039758767031,0.15384615384615385
927,3444,0,1,0.6770309798187,9,111,42,153,0.8252689735388193,0.15384615384615385
928,3453,0,0,0.000569289964739046,9,111,42,153,0.8252689735388193,0.15384615384615385
929,3456,0,0,0.0015400456046078543,9,111,42,153,0.8252689735388193,0.15384615384615385
930,3482,0,0,0.00521969928262607,9,111,42,153,0.8252689735388193,0.15384615384615385
931,3510,0,0,0.000619743040342283,9,111,42,153,0.8252689735388193,0.15384615384615385
932,3683,0,1,0.9511894145540615,9,111,43,154,0.8219575253924285,0.15384615384615385
933,3684,0,0,0.0001286917509118348,9,111,43,154,0.8219575253924285,0.15384615384615385
934,3786,0,0,0.0004731585392509854,9,111,43,154,0.8219575253924285,0.15384615384615385
935,3843,0,0,0.000244533024076416,9,111,43,154,0.8219575253924285,0.15384615384615385
936,3983,0,0,0.011867825999400849,9,111,43,154,0.8219575253924285,0.15384615384615385
937,3991,0,0,0.0006506696993727108,9,111,43,154,0.8219575253924285,0.15384615384615385
938,4135,0,0,6.473687965304688e-05,9,111,43,154,0.8219575253924285,0.15384615384615385
939,4197,0,0,0.00023357892931539956,9,111,43,154,0.8288019773189881,0.16
940,4233,0,1,0.885467030019777,9,111,44,155,0.8323349810991567,0.16666666666666666
941,4356,0,0,0.0016266095249300306,9,111,44,155,0.8323349810991567,0.16666666666666666
942,4387,0,0,0.002775501650119119,9,111,44,155,0.8323349810991567,0.16666666666666666
943,4518,0,0,0.008125091311374543,9,111,44,155,0.8323349810991567,0.16666666666666666
944,4543,0,0,0.008408726658488502,9,111,44,155,0.8323349810991567,0.16666666666666666
945,4561,0,0,0.0056225388572474265,9,111,44,155,0.8323349810991567,0.16666666666666666
946,4643,0,0,1.5089401700948667e-05,9,111,44,155,0.8323349810991567,0.16666666666666666
947,4706,0,0,0.004735481480416742,9,111,44,155,0.8323349810991567,0.16666666666666666
948,4715,0,0,0.07202955845664047,9,111,44,155,0.8323349810991567,0.16666666666666666
949,4772,0,0,0.0031817981622467837,9,111,44,155,0.8323349810991567,0.16666666666666666
950,4821,0,0,0.04419826184929974,9,111,44,155,0.8323349810991567,0.16666666666666666
951,4824,0,0,5.514891264980548e-05,9,111,44,155,0.8323349810991567,0.16666666666666666
952,4890,0,0,7.417020921819904e-05,9,111,44,155,0.8323349810991567,0.16666666666666666
953,4913,0,0,0.00015149117524067884,9,111,44,155,0.8323349810991567,0.16666666666666666
954,90,1,1,0.5213088967347878,9,111,44,155,0.8333333333333333,0.2
955,1977,1,0,0.0005490981015162313,9,112,44,156,0.8265819688837557,0.19230769230769232
956,2563,0,0,0.0030139337630180054,9,112,44,156,0.8265819688837557,0.19230769230769232
957,2569,0,0,0.004785904918886885,9,112,44,156,0.8265819688837557,0.19230769230769232
958,2642,0,0,0.012621085976399039,9,112,44,156,0.8333333333333333,0.2
959,2659,0,0,0.0010016179276660612,9,112,44,156,0.8400767099936075,0.20833333333333334
960,2693,0,0,0.0005405583328370926,9,112,44,156,0.8400767099936075,0.20833333333333334
961,2709,0,0,0.0026706227545113866,9,112,44,156,0.8400767099936075,0.20833333333333334
962,2729,0,0,0.011033033064774673,9,112,44,156,0.8400767099936075,0.20833333333333334
963,2738,0,0,0.001103527082618577,9,112,44,156,0.8400767099936075,0.20833333333333334
964,2756,0,0,0.13876999675204074,9,112,44,156,0.8400767099936075,0.20833333333333334
965,2928,0,0,0.34663091982768135,9,112,44,156,0.8400767099936075,0.20833333333333334
966,3001,0,0,0.003983816157161678,9,112,44,156,0.8400767099936075,0.20833333333333334
967,3023,0,0,0.0002774716265551951,9,112,44,156,0.8400767099936075,0.20833333333333334
968,3029,0,0,9.184311525226531e-05,9,112,44,156,0.8400767099936075,0.20833333333333334
969,3036,0,0,3.625029002568725e-05,9,112,44,156,0.8400767099936075,0.20833333333333334
970,3059,0,0,0.027470326190958412,9,112,44,156,0.8400767099936075,0.20833333333333334
971,3184,0,0,0.00556984211273807,9,112,44,156,0.8400767099936075,0.20833333333333334
972,3296,0,0,0.0002342857483800898,9,112,44,156,0.8400767099936075,0.20833333333333334
973,3307,0,0,0.0005628218191656268,9,112,44,156,0.8400767099936075,0.20833333333333334
974,3315,0,0,0.0006330659348523519,9,112,44,156,0.8400767099936075,0.20833333333333334
975,3331,0,0,0.008444718126353662,9,112,44,156,0.8400767099936075,0.20833333333333334
976,3367,0,0,0.011525899173530415,9,112,44,156,0.8400767099936075,0.20833333333333334
977,3381,0,0,0.02337469270711379,9,112,44,156,0.8468101192207037,0.21739130434782608
978,3389,0,0,0.006317173228403736,9,112,44,156,0.845982905982906,0.18181818181818182
979,3411,0,0,0.002523047337898643,9,112,44,156,0.8527945205479451,0.19047619047619047
980,3440,0,0,0.0037790428829346614,9,112,44,156,0.8595949855351978,0.2
981,3447,0,0,0.008488671103508252,9,112,44,156,0.8663818016679052,0.21052631578947367
982,3489,0,0,0.0002857404599880315,9,112,44,156,0.8731521739130436,0.2222222222222222
983,3556,0,0,0.000774668842141513,9,112,44,156,0.8799029635457645,0.23529411764705882
984,3588,0,0,0.0016090065499076809,9,112,44,156,0.8799029635457645,0.23529411764705882
985,3625,0,0,0.0003915197899944054,9,112,44,156,0.8799029635457645,0.23529411764705882
986,3630,0,0,0.00040485204856068003,9,112,44,156,0.8799029635457645,0.23529411764705882
987,3697,0,0,0.0005160664844561724,9,112,44,156,0.8799029635457645,0.23529411764705882
988,3803,0,0,0.0050133834954226054,9,112,44,156,0.8799029635457645,0.23529411764705882
989,3823,0,0,0.02604508607069644,9,112,44,156,0.8799029635457645,0.23529411764705882
990,3826,0,0,0.0015391478736827193,9,112,44,156,0.8832612612612613,0.23529411764705882
991,3872,0,0,0.003602089207761288,9,112,44,156,0.8832612612612613,0.23529411764705882
992,3901,0,0,0.0008629082240616518,9,112,44,156,0.8832612612612613,0.23529411764705882
993,3920,0,0,0.003781767954587463,9,112,44,156,0.8832612612612613,0.23529411764705882
994,3979,0,0,0.3980601436650309,9,112,44,156,0.8832612612612613,0.23529411764705882
995,3990,0,0,0.0049767501356477,9,112,44,156,0.8832612612612613,0.23529411764705882
996,4055,0,1,0.5106988592461092,9,112,45,157,0.8799029635457645,0.23529411764705882
997,4100,0,0,0.00012748243580563775,9,112,45,157,0.8799029635457645,0.23529411764705882
998,4168,0,0,0.000688361177147733,9,112,45,157,0.8799029635457645,0.23529411764705882
999,4169,0,0,0.29922301552220354,10,112,45,157,0.8799029635457645,0.23529411764705882
1000,4175,0,0,0.000712711561778256,10,112,45,157,0.8799029635457645,0.23529411764705882
1001,4182,0,0,0.0027729588961890473,10,112,45,157,0.8799029635457645,0.23529411764705882
1002,4226,0,1,0.8709654831313953,10,112,46,158,0.8765760869565217,0.23529411764705882
1003,4263,0,0,0.00101244760029862,10,112,46,158,0.8765760869565217,0.23529411764705882
1004,4275,0,0,0.005101587581835458,10,112,46,158,0.8765760869565217,0.23529411764705882
1005,4393,0,0,0.0004273257335947389,10,112,46,158,0.8765760869565217,0.23529411764705882
1006,4434,0,0,2.618233867981333e-05,10,112,46,158,0.8799029635457645,0.23529411764705882
1007,4600,0,0,0.005783265131643609,10,112,46,158,0.8799029635457645,0.23529411764705882
1008,4611,0,0,0.000199843475248027,10,112,46,158,0.8799029635457645,0.23529411764705882
1009,4707,0,0,0.005004080177367072,10,112,46,158,0.8799029635457645,0.23529411764705882
1010,4766,0,0,0.0005678958825677701,10,112,46,158,0.8866306306306307,0.25
1011,4767,0,0,0.0007969877352170373,10,112,46,158,0.8933311646063761,0.26666666666666666
1012,4806,0,1,0.7978736241694991,10,112,47,159,0.8966688353936239,0.2857142857142857
1013,4850,0,1,0.91945100210058,10,112,48,160,0.9000065061808717,0.3076923076923077
1014,4965,0,0,0.16479830558724068,10,112,48,160,0.906605222734255,0.3333333333333333
1015,4994,0,0,0.00022698251194206456,10,112,48,160,0.9071575483340191,0.2727272727272727
1016,4995,0,0,0.00041113408320850667,10,112,48,160,0.9138666666666667,0.3
1017,62,1,1,0.9972343075467403,10,112,48,160,0.9196626902509256,0.4
1018,2645,0,0,0.002853503758048261,10,112,48,160,0.9196626902509256,0.4
1019,2723,0,0,0.04771508980474686,10,112,48,160,0.9196626902509256,0.4
1020,2789,0,0,0.0005853327972953816,10,112,48,160,0.9196626902509256,0.4
1021,2859,0,0,0.0007011894199872153,10,112,48,160,0.9196626902509256,0.4
1022,2906,0,0,0.44190672031143063,10,112,48,160,0.9196626902509256,0.4
1023,2956,0,0,0.00040496884331596726,10,112,48,160,0.9196626902509256,0.4
1024,3018,0,0,0.013709441160976218,10,112,48,160,0.9196626902509256,0.4
1025,3316,0,0,0.00484390025136381,10,112,48,160,0.9196626902509256,0.4
1026,3378,0,0,0.00014350513236438802,10,112,48,160,0.9196626902509256,0.4
1027,3400,0,0,0.0025870791729410815,10,112,48,160,0.9196626902509256,0.4
1028,3708,0,0,0.43656094005401397,10,112,48,160,0.9196626902509256,0.4
1029,3792,0,0,0.0059022781902289935,10,112,48,160,0.9196626902509256,0.4
1030,3887,0,0,0.00043735463016595483,10,112,48,160,0.9196626902509256,0.4
1031,3916,0,0,0.01144778945778969,10,112,48,160,0.9196626902509256,0.4
1032,3924,0,0,0.010290607308733934,10,112,48,160,0.9196626902509256,0.4
1033,3948,0,0,0.2343246051759256,10,112,48,160,0.9196626902509256,0.4
1034,3949,0,0,0.34267073938051007,10,112,48,160,0.9196626902509256,0.4
1035,3978,0,0,0.00218093367392479,10,112,48,160,0.9196626902509256,0.4
1036,4070,0,0,0.000595141784437496,10,112,48,160,0.9196626902509256,0.4
1037,4146,0,0,0.0013281462088398002,10,112,48,160,0.9196626902509256,0.4
1038,4162,0,0,0.00022880897273424054,10,112,48,160,0.9229333333333333,0.4
1039,4225,0,0,0.0009890935658890291,10,112,48,160,0.9229333333333333,0.4
1040,4261,0,0,0.00026027092932556935,10,112,48,160,0.9229333333333333,0.4
1041,4270,0,0,0.0011136482987773087,10,112,48,160,0.9229333333333333,0.4
1042,4530,0,0,0.003955891324229765,10,112,48,160,0.9229333333333333,0.4
1043,4615,0,0,0.00592017978848844,10,112,48,160,0.9229333333333333,0.4
1044,4670,0,0,0.0001241324064763783,10,112,48,160,0.9229333333333333,0.4
1045,4700,0,0,0.00015558994004378048,10,112,48,160,0.9229333333333333,0.4
1046,4735,0,0,0.00014493423775725512,10,112,48,160,0.9229333333333333,0.4
1047,4742,0,0,0.010758091766005501,10,112,48,160,0.9229333333333333,0.4
1048,4748,0,0,0.0016155292849657,10,112,48,160,0.9229333333333333,0.4
1049,4811,0,0,3.969378410401894e-05,10,112,48,160,0.9229333333333333,0.4
1050,4917,0,0,0.0014358086383588113,10,112,48,160,0.9229333333333333,0.4
1051,4945,0,0,0.0006162147061932786,10,112,48,160,0.9229333333333333,0.4
1052,537,1,0,0.028518021769030146,10,113,48,161,0.916441793500617,0.36363636363636365
1053,883,1,0,0.0003990724276562451,10,114,48,162,0.916441793500617,0.36363636363636365
1054,2134,1,0,0.004633090578030545,10,115,48,163,0.916441793500617,0.36363636363636365
1055,2324,1,0,0.05983664068273763,10,116,48,164,0.9098957402442656,0.3333333333333333
1056,2335,1,1,0.9959858141740536,10,116,48,164,0.9129723502304148,0.38461538461538464
1057,2495,1,1,0.759254268175526,10,116,48,164,0.9127567567567567,0.42857142857142855
1058,2581,0,0,0.012673517651592695,10,116,48,164,0.9127567567567567,0.42857142857142855
1059,2615,0,0,0.00908860493432344,10,116,48,164,0.9127567567567567,0.42857142857142855
1060,2776,0,0,0.25723985962906765,10,116,48,164,0.9163509619853147,0.42857142857142855
1061,2811,0,0,0.04599818609758058,10,116,48,164,0.9163509619853147,0.42857142857142855
1062,2861,0,0,0.0011008888484434066,10,116,48,164,0.9163509619853147,0.42857142857142855
1063,2884,0,0,0.0011279845297802872,10,116,48,164,0.9163509619853147,0.42857142857142855
1064,2938,0,0,0.005217829235748104,10,116,48,164,0.9163509619853147,0.42857142857142855
1065,2942,0,0,0.0011462276765717917,10,116,48,164,0.9163509619853147,0.42857142857142855
1066,3042,0,0,0.026251319656283533,10,116,48,164,0.9163509619853147,0.42857142857142855
1067,3054,0,0,0.0007398197911207883,10,116,48,164,0.9163509619853147,0.42857142857142855
1068,3182,0,0,0.00018054705436454624,10,116,48,164,0.9163509619853147,0.42857142857142855
1069,3259,0,0,0.000616636951333706,10,116,48,164,0.92,0.42857142857142855
1070,3269,0,0,0.0005020408501651024,10,116,48,164,0.92,0.42857142857142855
1071,3321,0,0,0.004471622233472003,10,116,48,164,0.92,0.42857142857142855
1072,3334,0,0,2.818129071211611e-05,10,116,48,164,0.92,0.42857142857142855
1073,3356,0,0,0.0008623784133630293,10,116,48,164,0.92,0.42857142857142855
1074,3376,0,0,0.0029612008778497805,10,116,48,164,0.92,0.42857142857142855
1075,3505,0,1,0.6410914791438855,10,116,49,165,0.9163509619853147,0.42857142857142855
1076,3632,0,0,0.0009870988114837722,10,116,49,165,0.9163509619853147,0.42857142857142855
1077,3728,0,0,0.0008994383824766888,10,116,49,165,0.9163509619853147,0.42857142857142855
1078,3853,0,0,0.22988692184875148,10,116,49,165,0.9163509619853147,0.42857142857142855
1079,4038,0,0,0.0025066599017840095,10,116,49,165,0.9163509619853147,0.42857142857142855
1080,4184,0,0,0.00882995652117553,10,116,49,165,0.9163509619853147,0.42857142857142855
1081,4266,0,0,0.0004381225202736667,10,116,49,165,0.9163509619853147,0.42857142857142855
1082,4331,0,1,0.7233656858662262,10,116,50,166,0.9190528859559438,0.46153846153846156
1083,4350,0,0,0.0005494126783758205,10,116,50,166,0.925284178187404,0.5
1084,4425,0,0,0.000555045405326925,10,116,50,166,0.9257260386672153,0.45454545454545453
1085,4453,0,0,3.356491105062722e-05,10,116,50,166,0.9257260386672153,0.45454545454545453
1086,4454,0,0,0.0012114491292410314,10,116,50,166,0.9257260386672153,0.45454545454545453
1087,4531,0,0,0.0033696622743044917,10,116,50,166,0.9257260386672153,0.45454545454545453
1088,4538,0,0,0.02234348436550107,10,116,50,166,0.9257260386672153,0.45454545454545453
1089,4562,0,0,0.0011100174691015608,10,116,50,166,0.9257260386672153,0.45454545454545453
1090,4597,0,0,0.450373732279742,10,116,50,166,0.9257260386672153,0.45454545454545453
1091,4709,0,0,0.0030177325960211183,10,116,50,166,0.9257260386672153,0.45454545454545453
1092,4746,0,0,0.0002185787315096928,10,116,50,166,0.9257260386672153,0.45454545454545453
1093,4786,0,0,9.682091494037853e-05,10,116,50,166,0.9257260386672153,0.45454545454545453
1094,217,1,0,4.0631289805744165e-05,10,117,50,167,0.9193803991659221,0.4166666666666667
1095,489,1,0,0.21528886039434666,10,118,50,168,0.9129723502304148,0.38461538461538464
1096,553,1,1,0.5651577369794943,10,118,50,168,0.9127567567567567,0.42857142857142855
1097,583,1,0,0.04038357135370305,10,119,50,169,0.9064035317772533,0.4
1098,714,1,1,0.9822486122136942,10,119,50,169,0.9063099661464784,0.4375
1099,1119,1,0,0.1241208934213342,11,120,50,170,0.9,0.4117647058823529
1100,1440,1,1,0.9917376541918533,11,120,50,170,0.9,0.4444444444444444
1101,1844,1,0,0.24164031122537652,11,121,50,171,0.8937257091802546,0.42105263157894735
1102,1881,1,0,0.19393535831118722,11,122,50,172,0.8874091305612097,0.4
1103,2064,1,1,0.9973547485773908,11,122,50,172,0.8875555555555554,0.42857142857142855
1104,2715,0,0,0.0004281995451400222,11,122,50,172,0.8875555555555554,0.42857142857142855
1105,2783,0,0,0.005614584958016889,11,122,50,172,0.8875555555555554,0.42857142857142855
1106,2834,0,0,0.002286436077540757,11,122,50,172,0.8875555555555554,0.42857142857142855
1107,2850,0,0,0.004254086926403876,11,122,50,172,0.8875555555555554,0.42857142857142855
1108,2858,0,0,0.14460086161072672,11,122,50,172,0.8875555555555554,0.42857142857142855
1109,2969,0,0,0.0018107815906585512,11,122,50,172,0.8875555555555554,0.42857142857142855
1110,2985,0,0,0.08415125465165901,11,122,50,172,0.8875555555555554,0.42857142857142855
1111,3119,0,0,0.0002601563137113904,11,122,50,172,0.8937992755167271,0.45
1112,3123,0,0,0.00048640422982728157,11,122,50,172,0.8937257091802546,0.42105263157894735
1113,3134,0,0,0.00017587826661887924,11,122,50,172,0.8937257091802546,0.42105263157894735
1114,3212,0,0,0.00026763677710068114,11,122,50,172,0.8937257091802546,0.42105263157894735
1115,3284,0,0,0.00018484128176624894,11,122,50,172,0.8937257091802546,0.42105263157894735
1116,3373,0,0,0.0019408829753049062,11,122,50,172,0.8937257091802546,0.42105263157894735
1117,3445,0,0,0.0001795489497553536,11,122,50,172,0.8937257091802546,0.42105263157894735
1118,3512,0,0,0.07028203545788049,11,122,50,172,0.8937257091802546,0.42105263157894735
1119,3937,0,0,0.00024843613443923,11,122,50,172,0.8937257091802546,0.42105263157894735
1120,4017,0,0,0.001795442448604778,11,122,50,172,0.8937257091802546,0.42105263157894735
1121,4183,0,0,0.0001575210332639618,11,122,50,172,0.8937257091802546,0.42105263157894735
1122,4214,0,0,0.02877317660702408,11,122,50,172,0.8937257091802546,0.42105263157894735
1123,4311,0,0,0.005202511551736219,11,122,50,172,0.8937257091802546,0.42105263157894735
1124,4372,0,0,6.842335096500683e-05,11,122,50,172,0.8974969474969475,0.42105263157894735
1125,4436,0,0,0.0037858969990251967,11,122,50,172,0.8974969474969475,0.42105263157894735
1126,4519,0,0,0.000904039475496998,11,122,50,172,0.8974969474969475,0.42105263157894735
1127,4554,0,0,0.06083600920797836,11,122,50,172,0.9013189823874755,0.42105263157894735
1128,4691,0,0,0.009173958895744384,11,122,50,172,0.9013189823874755,0.42105263157894735
1129,4694,0,0,0.0011270523198096583,11,122,50,172,0.9013189823874755,0.42105263157894735
1130,4721,0,0,0.20146793458029139,11,122,50,172,0.9013189823874755,0.42105263157894735
1131,4931,0,0,5.1176949664305926e-05,11,122,50,172,0.9013189823874755,0.42105263157894735
1132,4976,0,0,0.00024879674062632965,11,122,50,172,0.9051976856316297,0.42105263157894735
1133,157,1,0,0.05222834000248716,11,123,50,173,0.8988649706457926,0.4
1134,2533,0,0,0.0036380535633661823,11,123,50,173,0.8988649706457926,0.4
1135,2689,0,0,0.00039361352403957737,11,123,50,173,0.8988649706457926,0.4
1136,2813,0,0,0.0006638671943782716,11,123,50,173,0.8988649706457926,0.4
1137,2899,0,0,0.00011101222429126124,11,123,50,173,0.8988649706457926,0.4
1138,2994,0,0,0.005157732149111565,11,123,50,173,0.8988649706457926,0.4
1139,3096,0,0,0.0004341118919189893,11,123,50,173,0.8988649706457926,0.4
1140,3156,0,0,0.1187749725471958,11,123,50,173,0.9027965284474445,0.4
1141,3177,0,0,0.00017306144526568306,11,123,50,173,0.9027965284474445,0.4
1142,3181,0,0,0.036256499823081594,11,123,50,173,0.9027965284474445,0.4
1143,3186,0,0,3.98244523263416e-05,11,123,50,173,0.9027965284474445,0.4
1144,3353,0,0,0.00040014435758938335,11,123,50,173,0.9027965284474445,0.4
1145,3430,0,1,0.5612403565744039,11,123,51,174,0.8988649706457926,0.4
1146,3499,0,0,0.006546759744720137,11,123,51,174,0.8988649706457926,0.4
1147,3586,0,0,0.0008959767418832477,11,123,51,174,0.8988649706457926,0.4
1148,3604,0,0,8.189834366310381e-05,11,123,51,174,0.8988649706457926,0.4
1149,3623,0,0,0.17011495341097493,11,123,51,174,0.8988649706457926,0.4
1150,3644,0,0,0.004284611771835126,11,123,51,174,0.8988649706457926,0.4
1151,3766,0,1,0.9932552937321814,11,123,52,175,0.8949938949938949,0.4
1152,3816,0,0,0.03742941758444858,11,123,52,175,0.8949938949938949,0.4
1153,3832,0,0,0.044368265975216314,11,123,52,175,0.8949938949938949,0.4
1154,3870,0,0,0.000416146421468688,11,123,52,175,0.8946640951462552,0.3684210526315789
1155,3969,0,0,0.002510903277276051,11,123,52,175,0.9010701015605648,0.3888888888888889
1156,3984,0,0,0.003169101559269119,11,123,52,175,0.9010701015605648,0.3888888888888889
1157,4066,0,0,0.0007036992830513697,11,123,52,175,0.9010701015605648,0.3888888888888889
1158,4093,0,0,0.0003964462077197979,11,123,52,175,0.9010701015605648,0.3888888888888889
1159,4109,0,0,0.4984399193243228,11,123,52,175,0.9010701015605648,0.3888888888888889
1160,4195,0,1,0.8788529351738636,11,123,53,176,0.8973320475731277,0.3888888888888889
1161,4208,0,0,0.00037595584799261436,11,123,53,176,0.8973320475731277,0.3888888888888889
1162,4392,0,0,0.27212641796124115,11,123,53,176,0.8973320475731277,0.3888888888888889
1163,4413,0,0,0.00017624112581489043,11,123,53,176,0.8973320475731277,0.3888888888888889
1164,4442,0,0,0.003985863259474495,11,123,53,176,0.8973320475731277,0.3888888888888889
1165,4470,0,0,0.00043881631817427937,11,123,53,176,0.8973320475731277,0.3888888888888889
1166,4658,0,0,0.09462738966886448,11,123,53,176,0.8973320475731277,0.3888888888888889
1167,4662,0,0,0.03720275134729173,11,123,53,176,0.8973320475731277,0.3888888888888889
1168,4799,0,0,0.0005106068348676268,11,123,53,176,0.8973320475731277,0.3888888888888889
1169,4899,0,0,0.0014025081291883855,11,123,53,176,0.8973320475731277,0.3888888888888889
1170,4923,0,0,0.023438967833737712,11,123,53,176,0.8973320475731277,0.3888888888888889
1171,54,1,1,0.8643843397784365,11,123,53,176,0.8974969474969475,0.42105263157894735
1172,85,1,0,0.03877951591984175,11,124,53,177,0.891177127540764,0.4
1173,1629,1,0,0.30822611410291323,11,125,53,178,0.8848182611224193,0.38095238095238093
1174,2516,0,0,0.004607287141874951,11,125,53,178,0.8848182611224193,0.38095238095238093
1175,2589,0,0,0.00013929628209829312,11,125,53,178,0.8848182611224193,0.38095238095238093
1176,2681,0,0,2.543997754910033e-05,11,125,53,178,0.8848182611224193,0.38095238095238093
1177,2712,0,0,0.00044843526886093066,11,125,53,178,0.8848182611224193,0.38095238095238093
1178,2777,0,0,0.0004756621878327519,11,125,53,178,0.8848182611224193,0.38095238095238093
1179,2870,0,0,0.0005215573537568159,11,125,53,178,0.8848182611224193,0.38095238095238093
1180,2924,0,0,5.128860890660039e-05,11,125,53,178,0.8848182611224193,0.38095238095238093
1181,2986,0,0,0.0013856972332826293,11,125,53,178,0.8848182611224193,0.38095238095238093
1182,3014,0,0,0.00018673295213732694,11,125,53,178,0.8848182611224193,0.38095238095238093
1183,3377,0,0,0.0011067196556947614,11,125,53,178,0.8848182611224193,0.38095238095238093
1184,3420,0,0,0.05034665621556428,11,125,53,178,0.8848182611224193,0.38095238095238093
1185,3472,0,0,0.0017915302582902448,11,125,53,178,0.8848182611224193,0.38095238095238093
1186,3491,0,0,0.00039051541641602663,11,125,53,178,0.8848182611224193,0.38095238095238093
1187,3517,0,0,0.011302375478466528,11,125,53,178,0.8848182611224193,0.38095238095238093
1188,3662,0,0,0.002869741587146453,11,125,53,178,0.8848182611224193,0.38095238095238093
1189,3674,0,0,0.0019259702618392416,11,125,53,178,0.8848182611224193,0.38095238095238093
1190,3731,0,0,0.0029949092630387492,11,125,53,178,0.8848182611224193,0.38095238095238093
1191,3807,0,0,0.0012996050166239946,11,125,53,178,0.8848182611224193,0.38095238095238093
1192,3813,0,0,0.017933742112430668,11,125,53,178,0.8848182611224193,0.38095238095238093
1193,3862,0,0,0.0028499734735438534,11,125,53,178,0.8848182611224193,0.38095238095238093
1194,4028,0,0,0.008495914033637744,11,125,53,178,0.8848182611224193,0.38095238095238093
1195,4059,0,0,0.0004096942937442157,11,125,53,178,0.8848182611224193,0.38095238095238093
1196,4213,0,0,3.652446310613885e-05,11,125,53,178,0.8886285459012732,0.38095238095238093
1197,4272,0,0,0.04201317531678305,11,125,53,178,0.8886285459012732,0.38095238095238093
1198,4298,0,0,0.0003993129505127309,11,125,53,178,0.8886285459012732,0.38095238095238093
1199,4378,0,0,0.2441847810919299,12,125,53,178,0.8886285459012732,0.38095238095238093
1200,4595,0,0,0.003951290363563487,12,125,53,178,0.8886285459012732,0.38095238095238093
1201,4654,0,0,0.0249504070465739,12,125,53,178,0.8886285459012732,0.38095238095238093
1202,4664,0,0,0.00019990341465962416,12,125,53,178,0.8924908424908424,0.38095238095238093
1203,4761,0,0,0.0017655016545413955,12,125,53,178,0.8924908424908424,0.38095238095238093
1204,4782,0,0,0.001593820960168153,12,125,53,178,0.8924908424908424,0.38095238095238093
1205,4832,0,0,0.0012654469595565986,12,125,53,178,0.8924908424908424,0.38095238095238093
1206,2014,1,0,0.000728838354357776,12,126,53,179,0.8860799642617825,0.36363636363636365
1207,2244,1,1,0.9943722902922095,12,126,53,179,0.8865949286170892,0.391304347826087
1208,2611,0,0,0.1784504044397489,12,126,53,179,0.8865949286170892,0.391304347826087
1209,2671,0,0,0.03292910288195876,12,126,53,179,0.8865949286170892,0.391304347826087
1210,2828,0,0,0.0007771620321929715,12,126,53,179,0.8865949286170892,0.391304347826087
1211,2971,0,0,0.00045270599754407173,12,126,53,179,0.8865949286170892,0.391304347826087
1212,3009,0,0,0.003916194527189886,12,126,53,179,0.8905786565862169,0.391304347826087
1213,3203,0,0,0.00038892954786565805,12,126,53,179,0.8946236318963592,0.391304347826087
1214,3272,0,0,5.922111167075816e-05,12,126,53,179,0.8946236318963592,0.391304347826087
1215,3358,0,0,0.0005054373542836346,12,126,53,179,0.8946236318963592,0.391304347826087
1216,3391,0,0,0.00648762965837702,12,126,53,179,0.8946236318963592,0.391304347826087
1217,3476,0,0,0.007266151077300096,12,126,53,179,0.8939569471624266,0.36363636363636365
1218,3585,0,0,0.008174449253928009,12,126,53,179,0.8939569471624266,0.36363636363636365
1219,3693,0,0,0.007963805853726292,12,126,53,179,0.8939569471624266,0.36363636363636365
1220,3741,0,0,4.739004156588473e-05,12,126,53,179,0.8939569471624266,0.36363636363636365
1221,3910,0,0,0.00010395455850478574,12,126,53,179,0.8939569471624266,0.36363636363636365
1222,4132,0,0,0.010648752990324403,12,126,53,179,0.8939569471624266,0.36363636363636365
1223,4257,0,1,0.9904200305592518,12,126,54,180,0.8899877899877899,0.36363636363636365
1224,4269,0,0,0.0673043685240185,12,126,54,180,0.8899877899877899,0.36363636363636365
1225,4386,0,0,0.00025872674934294563,12,126,54,180,0.8899877899877899,0.36363636363636365
1226,4395,0,0,0.00632738833179887,12,126,54,180,0.8899877899877899,0.36363636363636365
1227,4465,0,0,0.2875372108935706,12,126,54,180,0.8899877899877899,0.36363636363636365
1228,4469,0,0,0.0030987971568023852,12,126,54,180,0.8899877899877899,0.36363636363636365
1229,4609,0,0,0.011579911135731693,12,126,54,180,0.8899877899877899,0.36363636363636365
1230,4663,0,0,0.0009818444850614445,12,126,54,180,0.8899877899877899,0.36363636363636365
1231,4678,0,0,0.003738484859131278,12,126,54,180,0.8899877899877899,0.36363636363636365
1232,4929,0,0,1.3498414181891217e-05,12,126,54,180,0.8899877899877899,0.36363636363636365
1233,4934,0,0,2.0299953737550622e-05,12,126,54,180,0.8899877899877899,0.36363636363636365
1234,4941,0,0,0.010924454090640474,12,126,54,180,0.8899877899877899,0.36363636363636365
1235,4952,0,0,0.000128636933302348,12,126,54,180,0.8899877899877899,0.36363636363636365
1236,4954,0,0,0.00232126677249567,12,126,54,180,0.8899877899877899,0.36363636363636365
1237,4979,0,0,0.20949968076900904,12,126,54,180,0.8899877899877899,0.36363636363636365
1238,1088,1,0,0.10948186319610848,12,127,54,181,0.8835313826222917,0.34782608695652173
1239,2252,1,1,0.7336772134397652,12,127,54,181,0.8841934796505433,0.375
1240,2513,0,0,0.00022811224018527527,12,127,54,181,0.8841934796505433,0.375
1241,2620,0,0,0.005353592415090507,12,127,54,181,0.8841934796505433,0.375
1242,2651,0,0,0.0008769715916225162,12,127,54,181,0.8841934796505433,0.375
1243,2654,0,0,0.07876161450611376,12,127,54,181,0.8841934796505433,0.375
1244,2684,0,0,0.009019201060776189,12,127,54,181,0.8841934796505433,0.375
1245,2696,0,0,0.005285072316954541,12,127,54,181,0.8841934796505433,0.375
1246,2703,0,0,0.0004185275636397167,12,127,54,181,0.8841934796505433,0.375
1247,2871,0,0,0.005932523811300996,12,127,54,181,0.8841934796505433,0.375
1248,2895,0,0,0.001445259383105934,12,127,54,181,0.8841934796505433,0.375
1249,2918,0,0,0.004279664309370419,12,127,54,181,0.8841934796505433,0.375
1250,2921,0,0,0.0010974805558997033,12,127,54,181,0.8841934796505433,0.375
1251,2929,0,0,0.00863522325377557,12,127,54,181,0.8841934796505433,0.375
1252,3072,0,0,0.14200889363341127,12,127,54,181,0.8905786565862169,0.391304347826087
1253,3084,0,0,0.003787107393331702,12,127,54,181,0.896929491474946,0.4090909090909091
1254,3104,0,0,0.0014813002436778776,12,127,54,181,0.9032417582417582,0.42857142857142855
1255,3172,0,0,0.0003766230791678705,12,127,54,181,0.9095107632093932,0.45
1256,3211,0,0,0.008400247967240199,12,127,54,181,0.9091396251341756,0.42105263157894735
1257,3214,0,0,0.000648748022630631,12,127,54,181,0.9087210420491302,0.3888888888888889
1258,3224,0,0,0.4892713051326007,12,127,54,181,0.9087210420491302,0.3888888888888889
1259,3276,0,0,0.00033375543690301895,12,127,54,181,0.9087210420491302,0.3888888888888889
1260,3322,0,0,0.0006798654954890464,12,127,54,181,0.9087210420491302,0.3888888888888889
1261,3337,0,0,0.05934411679276938,12,127,54,181,0.9087210420491302,0.3888888888888889
1262,3402,0,0,0.0033739358353566183,12,127,54,181,0.9087210420491302,0.3888888888888889
1263,3406,0,0,0.0034696256959642676,12,127,54,181,0.9087210420491302,0.3888888888888889
1264,3460,0,0,0.0035930515926466135,12,127,54,181,0.9087210420491302,0.3888888888888889
1265,3479,0,1,0.9898687587528378,12,127,55,182,0.9048641304347826,0.3888888888888889
1266,3496,0,0,0.0004112707977257519,12,127,55,182,0.9048641304347826,0.3888888888888889
1267,3736,0,0,0.0007477878263420109,12,127,55,182,0.9048641304347826,0.3888888888888889
1268,3804,0,0,0.28588620201717097,12,127,55,182,0.9048641304347826,0.3888888888888889
1269,3811,0,0,0.03640234437523775,12,127,55,182,0.9048641304347826,0.3888888888888889
1270,3835,0,0,0.0011544168196663846,12,127,55,182,0.9048641304347826,0.3888888888888889
1271,3906,0,0,0.002398444699076673,12,127,55,182,0.9048641304347826,0.3888888888888889
1272,3932,0,0,0.0014014401484225847,12,127,55,182,0.9048641304347826,0.3888888888888889
1273,3944,0,0,0.0014481258781832388,12,127,55,182,0.9048641304347826,0.3888888888888889
1274,3975,0,0,0.00029333008175752746,12,127,55,182,0.9048641304347826,0.3888888888888889
1275,4041,0,0,0.03008970066449603,12,127,55,182,0.9087210420491302,0.3888888888888889
1276,4096,0,0,0.003159116946986353,12,127,55,182,0.9087210420491302,0.3888888888888889
1277,4154,0,0,0.011932345282273061,12,127,55,182,0.9087210420491302,0.3888888888888889
1278,4207,0,0,0.0005617959061529938,12,127,55,182,0.9087210420491302,0.3888888888888889
1279,4218,0,0,0.005070559751286866,12,127,55,182,0.9087210420491302,0.3888888888888889
1280,4258,0,0,0.001948830315782983,12,127,55,182,0.9087210420491302,0.3888888888888889
1281,4316,0,0,0.1454694657480689,12,127,55,182,0.9087210420491302,0.3888888888888889
1282,4338,0,0,0.003446891067476295,12,127,55,182,0.9126486486486486,0.3888888888888889
1283,4360,0,0,0.002006515185527666,12,127,55,182,0.9126486486486486,0.3888888888888889
1284,4427,0,0,0.0014003573908826492,12,127,55,182,0.9126486486486486,0.3888888888888889
1285,4483,0,0,0.04427833976678876,12,127,55,182,0.9126486486486486,0.3888888888888889
1286,4542,0,0,0.0004913366179435474,12,127,55,182,0.9126486486486486,0.3888888888888889
1287,4553,0,0,0.007095709637961754,12,127,55,182,0.9126486486486486,0.3888888888888889
1288,4607,0,0,0.0035472179954999968,12,127,55,182,0.9126486486486486,0.3888888888888889
1289,4628,0,0,0.006647107418483084,12,127,55,182,0.9126486486486486,0.3888888888888889
1290,4667,0,0,0.0012085755267277978,12,127,55,182,0.9126486486486486,0.3888888888888889
1291,4789,0,0,0.17555108699715868,12,127,55,182,0.9126486486486486,0.3888888888888889
1292,4794,0,0,0.007031313091316944,12,127,55,182,0.9126486486486486,0.3888888888888889
1293,4822,0,0,0.06523967674698716,12,127,55,182,0.9126486486486486,0.3888888888888889
1294,4837,0,0,0.0053672296259437684,12,127,55,182,0.9190398735942001,0.4117647058823529
1295,4894,0,0,0.0010762510232370573,12,127,55,182,0.9253763440860215,0.4375
1296,130,1,0,0.43048583793211387,12,128,55,183,0.918558236520703,0.375
1297,347,1,0,0.3249596709877564,12,129,55,184,0.918558236520703,0.375
1298,2486,1,1,0.9943095211502082,12,129,55,184,0.918558236520703,0.375
1299,2530,0,0,0.0008378784674165659,13,129,55,184,0.9249897161661867,0.4
1300,2531,0,0,0.016792798472438482,13,129,55,184,0.9245390070921986,0.35714285714285715
1301,2572,0,0,8.286281047143848e-05,13,129,55,184,0.9310194902548726,0.38461538461538464
1302,2641,0,0,0.0011074697382884105,13,129,55,184,0.9374314574314575,0.4166666666666667
1303,2663,0,0,0.16673098759249633,13,129,55,184,0.9371578947368421,0.36363636363636365
1304,2714,0,0,0.00038295996703448617,13,129,55,184,0.9371578947368421,0.36363636363636365
1305,2747,0,0,6.5387770896020085e-06,13,129,55,184,0.9371578947368421,0.36363636363636365
1306,2852,0,0,0.000645900706906358,13,129,55,184,0.9371578947368421,0.36363636363636365
1307,2862,0,0,0.0020667837806695433,13,129,55,184,0.9371578947368421,0.36363636363636365
1308,2916,0,0,0.0034293638375451465,13,129,55,184,0.9371578947368421,0.36363636363636365
1309,2937,0,0,0.0004376547938265325,13,129,55,184,0.9371578947368421,0.36363636363636365
1310,3017,0,0,0.0002131760209656967,13,129,55,184,0.9371578947368421,0.36363636363636365
1311,3125,0,0,0.0020871288540327978,13,129,55,184,0.9371578947368421,0.36363636363636365
1312,3138,0,0,0.00020854793035847153,13,129,55,184,0.9371578947368421,0.36363636363636365
1313,3201,0,0,0.0005056484548971434,13,129,55,184,0.9371578947368421,0.36363636363636365
1314,3216,0,0,0.001929060875650502,13,129,55,184,0.9371578947368421,0.36363636363636365
1315,3412,0,0,4.854696678044749e-05,13,129,55,184,0.9371578947368421,0.36363636363636365
1316,3418,0,0,0.0004247628171130514,13,129,55,184,0.9371578947368421,0.36363636363636365
1317,3424,0,0,0.01894519676643183,13,129,55,184,0.9371578947368421,0.36363636363636365
1318,3425,0,0,0.48279925086073017,13,129,55,184,0.9371578947368421,0.36363636363636365
1319,3535,0,1,0.9392591236434468,13,129,56,185,0.9335381329312727,0.36363636363636365
1320,3549,0,0,0.009819441496096572,13,129,56,185,0.9335381329312727,0.36363636363636365
1321,3561,0,0,0.00010513491533659204,13,129,56,185,0.9335381329312727,0.36363636363636365
1322,3638,0,0,0.02918476719521564,13,129,56,185,0.9335381329312727,0.36363636363636365
1323,3656,0,0,0.002157698005770766,13,129,56,185,0.9335381329312727,0.36363636363636365
1324,3721,0,0,0.002408026399783411,13,129,56,185,0.9335381329312727,0.36363636363636365
1325,3740,0,0,0.0005389049805711925,13,129,56,185,0.9335381329312727,0.36363636363636365
1326,3802,0,0,0.013240416850897186,13,129,56,185,0.9335381329312727,0.36363636363636365
1327,3808,0,0,0.000812451674559437,13,129,56,185,0.9335381329312727,0.36363636363636365
1328,3885,0,0,7.529832024179383e-05,13,129,56,185,0.9335381329312727,0.36363636363636365
1329,3891,0,0,0.002423675427124705,13,129,56,185,0.9335381329312727,0.36363636363636365
1330,3947,0,0,0.0007138161705201777,13,129,56,185,0.9335381329312727,0.36363636363636365
1331,3959,0,0,0.0007052264643298184,13,129,56,185,0.9335381329312727,0.36363636363636365
1332,3985,0,0,0.024791896318400234,13,129,56,185,0.9335381329312727,0.36363636363636365
1333,3987,0,1,0.6927099118758926,13,129,57,186,0.9364618670687271,0.4
1334,4000,0,0,0.008403362121884694,13,129,57,186,0.9364618670687271,0.4
1335,4018,0,0,0.0016829120929632369,13,129,57,186,0.9364618670687271,0.4
1336,4042,0,0,0.001155821007600936,13,129,57,186,0.9364618670687271,0.4
1337,4054,0,0,0.04882869877487775,13,129,57,186,0.9364618670687271,0.4
1338,4105,0,0,0.004608653802275909,13,129,57,186,0.9364618670687271,0.4
1339,4216,0,0,0.000559361149506919,13,129,57,186,0.9364618670687271,0.4
1340,4220,0,0,0.0023986518130461603,13,129,57,186,0.9364618670687271,0.4
1341,4286,0,0,0.00012718826548298082,13,129,57,186,0.9364618670687271,0.4
1342,4330,0,1,0.8201011742365215,13,129,58,187,0.9329966329966329,0.4
1343,4332,0,0,0.0005293347617286186,13,129,58,187,0.9329966329966329,0.4
1344,4342,0,0,0.012352885950769155,13,129,58,187,0.9329966329966329,0.4
1345,4357,0,0,6.494247444427839e-06,13,129,58,187,0.9364618670687271,0.4
1346,4398,0,0,0.00280843434279378,13,129,58,187,0.9364618670687271,0.4
1347,4433,0,0,0.0007793085819187179,13,129,58,187,0.9364618670687271,0.4
1348,4435,0,0,0.004034389197046923,13,129,58,187,0.9364618670687271,0.4
1349,4463,0,0,0.00012187202140500098,13,129,58,187,0.9364618670687271,0.4
1350,4545,0,0,0.0005678282832508434,13,129,58,187,0.9364618670687271,0.4
1351,4565,0,0,0.0021713355338221626,13,129,58,187,0.94,0.4
1352,4571,0,0,0.0007522989665305506,13,129,58,187,0.94,0.4
1353,4593,0,0,0.00041773546738484304,13,129,58,187,0.94,0.4
1354,4610,0,0,0.0023329005593529517,13,129,58,187,0.94,0.4
1355,4618,0,0,0.00011418794234792944,13,129,58,187,0.94,0.4
1356,4638,0,0,0.00037254396862883776,13,129,58,187,0.94,0.4
1357,4646,0,0,0.007734344411232575,13,129,58,187,0.94,0.4
1358,4826,0,0,0.004599443897507873,13,129,58,187,0.94,0.4
1359,4857,0,0,0.0004491320301674664,13,129,58,187,0.94,0.4
1360,4933,0,0,0.015695476388458425,13,129,58,187,0.9436248100566377,0.4
1361,4992,0,0,0.002169448585718613,13,129,58,187,0.9436248100566377,0.4
1362,10,1,0,0.0696687398686197,13,130,58,188,0.9371578947368421,0.36363636363636365
1363,23,1,0,0.336733413900202,13,131,58,189,0.9306143987938184,0.3333333333333333
1364,182,1,1,0.9877747596412693,13,131,58,189,0.9310194902548726,0.38461538461538464
1365,211,1,0,0.4565024998028543,13,132,58,190,0.9245390070921986,0.35714285714285715
1366,238,1,0,0.31970112773100884,13,133,58,191,0.9179999999999999,0.3333333333333333
1367,251,1,0,0.043715620701178605,13,134,58,192,0.9114109419991773,0.3125
1368,283,1,1,0.974428164875968,13,134,58,192,0.9120737327188939,0.35294117647058826
1369,289,1,1,0.9725954768841012,13,134,58,192,0.9126486486486486,0.3888888888888889
1370,349,1,1,0.9241548007011566,13,134,58,192,0.9131521739130435,0.42105263157894735
1371,394,1,1,0.9049203562621341,13,134,58,192,0.9131521739130435,0.42105263157894735
1372,427,1,1,0.9988453630127114,13,134,58,192,0.9198290810007431,0.47368421052631576
1373,460,1,1,0.995811449624935,13,134,58,192,0.9262648666023787,0.5263157894736842
1374,463,1,0,0.23662256077841262,13,135,58,193,0.9201565557729939,0.5
1375,570,1,0,0.16873442181391887,13,136,58,194,0.913992673992674,0.47619047619047616
1376,596,1,0,0.054443699027872265,13,137,58,195,0.9077790186881096,0.45454545454545453
1377,626,1,0,0.0076878292648081895,13,138,58,196,0.9015207909275952,0.43478260869565216
1378,628,1,0,0.0678786814267865,13,139,58,197,0.8952226720647772,0.4166666666666667
1379,663,1,1,0.6860812083673568,13,139,58,197,0.8957639785311503,0.44
1380,861,1,1,0.8152840370148702,13,139,58,197,0.8962556185264803,0.46153846153846156
1381,924,1,0,0.2558398285033414,13,140,58,198,0.890040858018386,0.4444444444444444
1382,963,1,1,0.9937209685554508,13,140,58,198,0.8905428641611398,0.4642857142857143
1383,977,1,0,0.20189117662027198,13,141,58,199,0.8843487432945573,0.4482758620689655
1384,1075,1,0,0.3998526503141691,13,142,58,200,0.878125,0.43333333333333335
1385,1113,1,0,0.0058314225443812364,13,143,58,201,0.8718745275888133,0.41935483870967744
1386,1198,1,0,0.00584977516580218,13,144,58,202,0.8656,0.40625
1387,1237,1,0,0.0004961331374584704,13,145,58,203,0.8593038934771616,0.3939393939393939
1388,1281,1,1,0.9998599091497619,13,145,58,203,0.8600130498613453,0.4117647058823529
1389,1293,1,0,0.48736802462366857,13,146,58,204,0.8537465210875615,0.4
1390,1642,1,1,0.9830779433275383,13,146,58,204,0.8544518272425249,0.4166666666666667
1391,1656,1,0,0.041143184717870214,13,147,58,205,0.8482139021021942,0.40540540540540543
1392,1797,1,1,0.7262101017007202,13,147,58,205,0.8489159500969232,0.42105263157894735
1393,1861,1,0,0.026970454866193788,13,148,58,206,0.8427058823529411,0.41025641025641024
1394,1874,1,1,0.995154274535837,13,148,58,206,0.8434052300057263,0.425
1395,1882,1,0,0.0002715561332102994,13,149,58,207,0.8372224577269088,0.4146341463414634
1396,1966,1,0,0.36106644693472706,13,150,58,208,0.8310267857142857,0.40476190476190477
1397,1989,1,0,0.17476786895155885,13,151,58,209,0.8248197474167624,0.3953488372093023
1398,2065,1,0,0.002908965991395869,13,152,58,210,0.8186027944111777,0.38636363636363635
1399,2071,1,1,0.9837973361974053,14,152,58,210,0.8194188518781006,0.4
1400,2225,1,0,0.23817767491881467,14,153,58,211,0.8132326283987916,0.391304347826087
1401,2231,1,1,0.9991812488260713,14,153,58,211,0.8140421250909714,0.40425531914893614
1402,2387,1,1,0.5760597862089617,14,153,58,211,0.8148096016086464,0.4166666666666667
1403,2504,0,0,0.0031257604307029377,14,153,58,211,0.8148096016086464,0.4166666666666667
1404,2505,0,0,0.0005233579568465344,14,153,58,211,0.8148096016086464,0.4166666666666667
1405,2508,0,0,0.003532740302745134,14,153,58,211,0.8148096016086464,0.4166666666666667
1406,2521,0,0,0.00012852007578349569,14,153,58,211,0.8209214092140921,0.425531914893617
1407,2526,0,0,0.0011769906379115293,14,153,58,211,0.8201904761904761,0.41304347826086957
1408,2539,0,0,0.000725052815746167,14,153,58,211,0.8201904761904761,0.41304347826086957
1409,2555,0,0,0.0005987581958359152,14,153,58,211,0.8201904761904761,0.41304347826086957
1410,2561,0,0,0.0001944475533323647,14,153,58,211,0.8201904761904761,0.41304347826086957
1411,2567,0,0,0.001629929029759883,14,153,58,211,0.8201904761904761,0.41304347826086957
1412,2584,0,0,0.32150767907126915,14,153,58,211,0.8201904761904761,0.41304347826086957
1413,2608,0,0,0.0006632261619287566,14,153,58,211,0.8201904761904761,0.41304347826086957
1414,2647,0,0,0.00043215650560103955,14,153,58,211,0.8201904761904761,0.41304347826086957
1415,2652,0,0,0.025209123107733326,14,153,58,211,0.8201904761904761,0.41304347826086957
1416,2653,0,0,1.890171401000974e-05,14,153,58,211,0.8201904761904761,0.41304347826086957
1417,2674,0,0,0.0005074678251465197,14,153,58,211,0.8201904761904761,0.41304347826086957
1418,2727,0,0,0.0003089125048472467,14,153,58,211,0.8201904761904761,0.41304347826086957
1419,2798,0,0,0.014436720610588783,14,153,58,211,0.8201904761904761,0.41304347826086957
1420,2840,0,0,0.0013859353340782243,14,153,58,211,0.8201904761904761,0.41304347826086957
1421,2865,0,0,0.00037844646872342927,14,153,58,211,0.8201904761904761,0.41304347826086957
1422,2897,0,0,0.0005455249399196873,14,153,58,211,0.8201904761904761,0.41304347826086957
1423,3000,0,0,0.003445153109345023,14,153,58,211,0.824551863041289,0.41304347826086957
1424,3038,0,0,0.005321759871739681,14,153,58,211,0.824551863041289,0.41304347826086957
1425,3074,0,0,0.000768788564407694,14,153,58,211,0.824551863041289,0.41304347826086957
1426,3083,0,0,0.004671291434928664,14,153,58,211,0.824551863041289,0.41304347826086957
1427,3089,0,0,0.027412306815506642,14,153,58,211,0.824551863041289,0.41304347826086957
1428,3091,0,0,0.0026282135701340232,14,153,58,211,0.824551863041289,0.41304347826086957
1429,3131,0,0,0.0004731100321652488,14,153,58,211,0.824551863041289,0.41304347826086957
1430,3164,0,0,0.13290923874400157,14,153,58,211,0.824551863041289,0.41304347826086957
1431,3219,0,0,0.0009845918081110403,14,153,58,211,0.824551863041289,0.41304347826086957
1432,3249,0,0,0.0003354747391999931,14,153,58,211,0.824551863041289,0.41304347826086957
1433,3310,0,0,0.0003090248216748692,14,153,58,211,0.824551863041289,0.41304347826086957
1434,3318,0,0,0.00016359427120338178,14,153,58,211,0.824551863041289,0.41304347826086957
1435,3335,0,0,0.0005238225429669139,14,153,58,211,0.824551863041289,0.41304347826086957
1436,3354,0,0,0.0013836261259712694,14,153,58,211,0.824551863041289,0.41304347826086957
1437,3409,0,0,0.00504194109043098,14,153,58,211,0.824551863041289,0.41304347826086957
1438,3469,0,0,0.215606611778214,14,153,58,211,0.8307051736357194,0.4222222222222222
1439,3501,0,0,0.00012700117205704825,14,153,58,211,0.829940119760479,0.4090909090909091
1440,3508,0,0,0.00027740705284044396,14,153,58,211,0.829940119760479,0.4090909090909091
1441,3521,0,0,0.0005854660193936223,14,153,58,211,0.829940119760479,0.4090909090909091
1442,3523,0,0,0.0005809507771833521,14,153,58,211,0.829940119760479,0.4090909090909091
1443,3538,0,0,0.19989217454021468,14,153,58,211,0.829940119760479,0.4090909090909091
1444,3546,0,0,0.0018499147929617477,14,153,58,211,0.829940119760479,0.4090909090909091
1445,3567,0,0,0.00638905437945645,14,153,58,211,0.829940119760479,0.4090909090909091
1446,3575,0,0,0.06396862290312096,14,153,58,211,0.829940119760479,0.4090909090909091
1447,3610,0,0,0.0002060235426861163,14,153,58,211,0.829940119760479,0.4090909090909091
1448,3689,0,0,0.02306864388172995,14,153,58,211,0.829940119760479,0.4090909090909091
1449,3691,0,0,0.0007499215137437928,14,153,58,211,0.829940119760479,0.4090909090909091
1450,3727,0,0,0.04672570002102537,14,153,58,211,0.829940119760479,0.4090909090909091
1451,3751,0,0,0.0007609627963820046,14,153,58,211,0.829940119760479,0.4090909090909091
1452,3755,0,0,0.0021340743168374826,14,153,58,211,0.829940119760479,0.4090909090909091
1453,3784,0,0,0.0001390677311991035,14,153,58,211,0.829940119760479,0.4090909090909091
1454,3907,0,0,0.07601145942652979,14,153,58,211,0.829940119760479,0.4090909090909091
1455,3931,0,0,0.009203182151859477,14,153,58,211,0.829940119760479,0.4090909090909091
1456,3935,0,0,0.3726140578362371,14,153,58,211,0.829940119760479,0.4090909090909091
1457,3938,0,0,0.35071962017387925,14,153,58,211,0.829940119760479,0.4090909090909091
1458,3953,0,0,0.006694080045094834,14,153,58,211,0.829940119760479,0.4090909090909091
1459,3992,0,0,0.0005869041239948315,14,153,58,211,0.829940119760479,0.4090909090909091
1460,4044,0,0,3.0513751806452434e-05,14,153,58,211,0.829940119760479,0.4090909090909091
1461,4123,0,0,0.0012117017093016456,14,153,58,211,0.829940119760479,0.4090909090909091
1462,4142,0,0,0.0020862611448349707,14,153,58,211,0.829940119760479,0.4090909090909091
1463,4148,0,0,0.003385193102063896,14,153,58,211,0.829940119760479,0.4090909090909091
1464,4159,0,0,0.004450158395168489,14,153,58,211,0.829940119760479,0.4090909090909091
1465,4167,0,0,0.002003848577024983,14,153,58,211,0.8343237657864523,0.4090909090909091
1466,4178,0,0,0.0005555926584466235,14,153,58,211,0.8343237657864523,0.4090909090909091
1467,4199,0,0,0.00014308568446109288,14,153,58,211,0.8343237657864523,0.4090909090909091
1468,4200,0,0,0.0004202110359711629,14,153,58,211,0.8343237657864523,0.4090909090909091
1469,4217,0,0,0.0014915815292929977,14,153,58,211,0.8343237657864523,0.4090909090909091
1470,4355,0,0,0.03330287619853652,14,153,58,211,0.8343237657864523,0.4090909090909091
1471,4370,0,0,0.002946810746933151,14,153,58,211,0.8343237657864523,0.4090909090909091
1472,4396,0,0,0.05564763996354586,14,153,58,211,0.8343237657864523,0.4090909090909091
1473,4426,0,0,0.0006304433392411261,14,153,58,211,0.8343237657864523,0.4090909090909091
1474,4428,0,0,0.0069891975591241376,14,153,58,211,0.8343237657864523,0.4090909090909091
1475,4455,0,0,0.11709860427808481,14,153,58,211,0.8343237657864523,0.4090909090909091
1476,4462,0,0,0.0021811733494821383,14,153,58,211,0.8343237657864523,0.4090909090909091
1477,4478,0,0,0.000656797868346121,14,153,58,211,0.8343237657864523,0.4090909090909091
1478,4505,0,0,0.0004739516395974238,14,153,58,211,0.8343237657864523,0.4090909090909091
1479,4513,0,0,0.00027643953942421234,14,153,58,211,0.8343237657864523,0.4090909090909091
1480,4533,0,1,0.9478955089549954,14,153,59,212,0.829940119760479,0.4090909090909091
1481,4567,0,0,0.0018781874721245661,14,153,59,212,0.829940119760479,0.4090909090909091
1482,4636,0,0,0.0039014437472429738,14,153,59,212,0.829940119760479,0.4090909090909091
1483,4657,0,0,0.00022920133056536352,14,153,59,212,0.829940119760479,0.4090909090909091
1484,4692,0,0,0.16606335680761408,14,153,59,212,0.829940119760479,0.4090909090909091
1485,4705,0,0,0.00024336480682311291,14,153,59,212,0.829940119760479,0.4090909090909091
1486,4781,0,0,0.0026080064762817948,14,153,59,212,0.829940119760479,0.4090909090909091
1487,4820,0,0,0.02006885301935533,14,153,59,212,0.829940119760479,0.4090909090909091
1488,4856,0,0,0.032338296597283135,14,153,59,212,0.829940119760479,0.4090909090909091
1489,4875,0,0,0.29491965624835564,14,153,59,212,0.829940119760479,0.4090909090909091
1490,4880,0,0,0.00011176087992042908,14,153,59,212,0.829940119760479,0.4090909090909091
1491,4908,0,0,5.6797445270364097e-05,14,153,59,212,0.829940119760479,0.4090909090909091
1492,4921,0,0,0.00024364468166527596,14,153,59,212,0.829940119760479,0.4090909090909091
1493,48,1,1,0.5661210718596859,14,153,59,212,0.8307051736357194,0.4222222222222222
1494,181,1,0,0.44200219317851575,14,154,59,213,0.824551863041289,0.41304347826086957
1495,242,1,0,0.00240732726350018,14,155,59,214,0.8183896103896103,0.40425531914893614
1496,285,1,1,0.9984343842807607,14,155,59,214,0.8253122993278821,0.425531914893617
1497,386,1,1,0.9901958396623692,14,155,59,214,0.8321138211382113,0.44680851063829785
1498,475,1,0,0.09711782644920314,14,156,59,215,0.8253122993278821,0.425531914893617
1499,523,1,1,0.9896358628937978,15,156,59,215,0.8260332621172134,0.4375
1500,534,1,1,0.9529605719841421,15,156,59,215,0.8267179487179487,0.4489795918367347
1501,536,1,0,0.3675616246314242,15,157,59,216,0.8206627680311891,0.44
1502,542,1,1,0.992260332171024,15,157,59,216,0.82134734830387,0.45098039215686275
1503,559,1,1,0.87355855455373,15,157,59,216,0.8220000000000001,0.46153846153846156
1504,560,1,1,0.9972209333498091,15,157,59,216,0.8226231017027152,0.4716981132075472
1505,580,1,0,0.42452783456790505,15,158,59,217,0.8166569115579034,0.46296296296296297
1506,598,1,1,0.999397379067616,15,158,59,217,0.8172829131652662,0.4727272727272727
1507,625,1,1,0.9929034083268768,15,158,59,217,0.8178825603172853,0.48214285714285715
1508,742,1,0,0.09893858187389434,15,159,59,218,0.811969696969697,0.47368421052631576
1509,798,1,1,0.9235613759387058,15,159,59,218,0.8125734767025091,0.4827586206896552
1510,821,1,0,0.1598873105780169,15,160,59,219,0.8066840926064228,0.4745762711864407
1511,830,1,1,0.9808335105976339,15,160,59,219,0.807292213932962,0.48333333333333334
1512,843,1,1,0.9917366888348176,15,160,59,219,0.8078774805867127,0.4918032786885246
1513,860,1,0,0.33815233056628236,15,161,59,220,0.8020394736842104,0.4838709677419355
1514,905,1,1,0.9899382186601646,15,161,59,220,0.8026300851466414,0.49206349206349204
1515,967,1,1,0.6068936422378414,15,161,59,220,0.8032,0.5
1516,1000,1,1,0.9501908486119337,15,161,59,220,0.8037504934859849,0.5076923076923077
1517,1114,1,0,0.09348107545391056,15,162,59,221,0.7979882972115981,0.5
1518,1139,1,0,0.46625814959098233,15,163,59,222,0.7922245322245323,0.4925373134328358
1519,1178,1,1,0.5492336427780417,15,163,59,222,0.7974108151735271,0.5
1520,1219,1,1,0.6610949787143471,15,163,59,222,0.7979876239992345,0.5072463768115942
1521,1258,1,1,0.5917276839787546,15,163,59,222,0.7985466124404931,0.5142857142857142
1522,1275,1,0,0.00015466094209318475,15,164,59,223,0.792846394984326,0.5070422535211268
1523,1278,1,1,0.8859101283241846,15,164,59,223,0.7934126984126985,0.5138888888888888
1524,1317,1,0,0.25250109373715246,15,165,59,224,0.7877373500662946,0.5068493150684932
1525,1335,1,1,0.8860633484659292,15,165,59,224,0.7883112128146453,0.5135135135135135
1526,1338,1,0,0.25086292980310987,15,166,59,225,0.7826614861583292,0.5066666666666667
1527,1339,1,1,0.9855529805191088,15,166,59,225,0.7832431782666185,0.5131578947368421
1528,1343,1,1,0.9668318994694807,15,166,59,225,0.7838095238095238,0.5194805194805194
1529,1351,1,0,0.31423948190951845,15,167,59,226,0.7782096626084894,0.5128205128205128
1530,1367,1,1,0.9890103594708446,15,167,59,226,0.7787845968712395,0.5189873417721519
1531,1388,1,0,0.3372070557795832,15,168,59,227,0.7732117812061711,0.5125
1532,1424,1,0,0.4836803994783704,15,169,59,228,0.7676436363636364,0.5061728395061729
1533,1427,1,1,0.9829815341978906,15,169,59,228,0.7728953771289536,0.5121951219512195
1534,1439,1,0,0.09570020954130241,15,170,59,229,0.7673453318335208,0.5060240963855421
1535,1446,1,0,0.156146440012884,15,171,59,230,0.7618014705882353,0.5
1536,1462,1,1,0.9967161887812157,15,171,59,230,0.7624501424501423,0.5058823529411764
1537,1488,1,1,0.9643090207403469,15,171,59,230,0.7630845771144279,0.5116279069767442
1538,1501,1,1,0.6053512505880433,15,171,59,230,0.7637055324879363,0.5172413793103449
1539,1586,1,0,0.10674020659025583,15,172,59,231,0.7582389937106919,0.5113636363636364
1540,1603,1,0,0.012947666552742177,15,173,59,232,0.7527807486631016,0.5056179775280899
1541,1654,1,1,0.9962470363143419,15,173,59,232,0.7534351145038168,0.5111111111111111
1542,1705,1,0,0.4077230817404263,15,174,59,233,0.75264631043257,0.5054945054945055
1543,1749,1,0,0.2753297430566456,15,175,59,234,0.7472190523443314,0.5
1544,1779,1,1,0.8691749511345772,15,175,59,234,0.7479150579150579,0.5053763440860215
1545,1814,1,0,0.29974112037200473,15,176,59,235,0.7425221094005896,0.5
1546,1858,1,0,0.09647350174454392,15,177,59,236,0.7371404859731707,0.49473684210526314
1547,1905,1,1,0.6053512492986677,15,177,59,236,0.7378715348208249,0.5
1548,1908,1,1,0.9854509385728627,15,177,59,236,0.7385902503293806,0.5051546391752577
1549,1918,1,0,0.24950108848608643,15,178,59,237,0.7332689832689832,0.5
1550,1982,1,1,0.9773854112718182,15,178,59,237,0.7340000000000001,0.5050505050505051
1551,1991,1,1,0.9510249855276508,15,178,59,237,0.7347198641765703,0.51
1552,1995,1,1,0.9713129806121287,15,178,59,237,0.7354292049414001,0.5148514851485149
1553,2001,1,1,0.884629736304383,15,178,59,237,0.7361286254728878,0.5196078431372549
1554,2015,1,1,0.9033397945267901,15,178,59,237,0.7368187048854483,0.5242718446601942
1555,2031,1,1,0.8820150114036687,15,178,59,237,0.7375,0.5288461538461539
1556,2035,1,1,0.9717417398523336,15,178,59,237,0.7381730469965764,0.5333333333333333
1557,2043,1,0,0.4101978192080369,15,179,59,238,0.7330325386347752,0.5283018867924528
1558,2050,1,1,0.973254736926558,15,179,59,238,0.7337214700193424,0.5327102803738317
1559,2057,1,1,0.6053512505880433,15,179,59,238,0.7344031250803116,0.5370370370370371
1560,2090,1,0,0.027491706725623347,15,180,59,239,0.7293267651888341,0.5321100917431193
1561,2128,1,1,0.9671778124067287,15,180,59,239,0.7300255754475703,0.5363636363636364
1562,2139,1,1,0.9855693308251144,15,180,59,239,0.735746571669348,0.5454545454545454
1563,2171,1,0,0.0018059852206526524,15,181,59,240,0.735746571669348,0.5454545454545454
1564,2193,1,0,0.12821001853602457,15,182,59,241,0.7300255754475703,0.5363636363636364
1565,2196,1,0,0.2776609083348602,15,183,59,242,0.7300255754475703,0.5363636363636364
1566,2234,1,1,0.9841378107725511,15,183,59,242,0.735746571669348,0.5454545454545454
1567,2259,1,0,0.00021247953020831113,15,184,59,243,0.735746571669348,0.5454545454545454
1568,2383,1,1,0.9568518881673969,15,184,59,243,0.735746571669348,0.5454545454545454
1569,2415,1,0,0.0328032889058138,15,185,59,244,0.7300255754475703,0.5363636363636364
1570,2511,0,0,0.0006485702263622213,15,185,59,244,0.7293267651888341,0.5321100917431193
1571,2544,0,0,0.01227210245255795,15,185,59,244,0.7286211512717538,0.5277777777777778
1572,2575,0,1,0.6226775824693486,15,185,60,245,0.7232791747259832,0.5233644859813084
1573,2618,0,0,0.0043211764268854085,15,185,60,245,0.7225632264243742,0.5188679245283019
1574,2630,0,0,0.0017140080917061136,15,185,60,245,0.7276999688764394,0.5238095238095238
1575,2683,0,0,0.0029213779620922793,15,185,60,245,0.7328527248629123,0.5288461538461539
1576,2737,0,0,0.3067234032130062,15,185,60,245,0.7380208333333332,0.5339805825242718
1577,2772,0,0,0.004818566838658066,15,185,60,245,0.7432036326626477,0.5392156862745098
1578,2822,0,0,0.0005933242554124932,15,185,60,245,0.7484004602991945,0.5445544554455446
1579,2836,0,0,0.3838945427793168,15,185,60,245,0.7477931904161411,0.54
1580,2864,0,0,0.0002651767880286507,15,185,60,245,0.747177700348432,0.5353535353535354
1581,2903,0,0,0.01286850460083673,15,185,60,245,0.752432589770051,0.5408163265306123
1582,2917,0,0,0.009165132318202688,15,185,60,245,0.7518308997579723,0.5360824742268041
1583,2966,0,0,0.0006473614235418476,15,185,60,245,0.7571199999999999,0.5416666666666666
1584,3051,0,0,0.00028735383680665637,15,185,60,245,0.7624201181849781,0.5473684210526316
1585,3105,0,0,0.00026529623566874953,15,185,60,245,0.7677305877305878,0.5531914893617021
1586,3139,0,0,0.0026026245401505406,15,185,60,245,0.773050738081794,0.5591397849462365
1587,3168,0,0,0.0005438494791697331,15,185,60,245,0.7783798942940351,0.5652173913043478
1588,3173,0,0,0.0007248353102308373,15,185,60,245,0.7778776041666667,0.5604395604395604
1589,3176,0,0,0.001078842283384372,15,185,60,245,0.7832358303175424,0.5666666666666667
1590,3237,0,0,0.07884675308353907,15,185,60,245,0.7827456940222898,0.5617977528089888
1591,3241,0,0,0.00012245726718371314,15,185,60,245,0.7881318681318682,0.5681818181818182
1592,3255,0,0,0.010553517615367833,15,185,60,245,0.787653501493528,0.5632183908045977
1593,3293,0,0,0.00046375606075814993,15,185,60,245,0.7930665260470151,0.5697674418604651
1594,3304,0,0,0.0004715099814518984,15,185,60,245,0.7925995807127884,0.5647058823529412
1595,3348,0,0,0.009292741143164881,15,185,60,245,0.7980383795309167,0.5714285714285714
1596,3414,0,0,0.0017628673023659508,15,185,60,245,0.803481456450114,0.5783132530120482
1597,3461,0,0,0.003711966575276268,15,185,60,245,0.8089280868385346,0.5853658536585366
1598,3483,0,0,0.011562180541756723,15,185,60,245,0.8143775362524477,0.5925925925925926
1599,3500,0,0,0.3936451251581683,16,185,60,245,0.8139820933093052,0.5875
1600,3506,0,0,0.0007106496085304028,16,185,60,245,0.819453125,0.5949367088607594
1601,3654,0,0,0.0018067477325946022,16,185,60,245,0.8190684741049705,0.5897435897435898
1602,3666,0,0,0.0013399881482671647,16,185,60,245,0.8186746143057504,0.5844155844155844
1603,3703,0,0,0.0028846469359280684,16,185,60,245,0.8186746143057504,0.5844155844155844
1604,3714,0,0,0.004442754495304353,16,185,60,245,0.8186746143057504,0.5844155844155844
1605,3723,0,0,0.00025186784938578867,16,185,60,245,0.8186746143057504,0.5844155844155844
1606,3790,0,0,0.0028249843802621486,16,185,60,245,0.8186746143057504,0.5844155844155844
1607,3825,0,0,0.0006559409977519771,16,185,60,245,0.8186746143057504,0.5844155844155844
1608,3836,0,0,0.020101440622448785,16,185,60,245,0.8186746143057504,0.5844155844155844
1609,3840,0,0,0.1631052217512646,16,185,60,245,0.8186746143057504,0.5844155844155844
1610,3884,0,0,0.0007554417031693036,16,185,60,245,0.8186746143057504,0.5844155844155844
1611,3892,0,0,0.00026756945117952126,16,185,60,245,0.8186746143057504,0.5844155844155844
1612,3894,0,0,0.004315661967105203,16,185,60,245,0.8186746143057504,0.5844155844155844
1613,3908,0,0,0.0004145782422530324,16,185,60,245,0.8186746143057504,0.5844155844155844
1614,3952,0,0,0.0008697084214716752,16,185,60,245,0.8186746143057504,0.5844155844155844
1615,3963,0,0,0.03904375037327399,16,185,60,245,0.8186746143057504,0.5844155844155844
1616,4052,0,0,0.003402273755325751,16,185,60,245,0.8186746143057504,0.5844155844155844
1617,4092,0,0,0.0009573305623819395,16,185,60,245,0.8186746143057504,0.5844155844155844
1618,4151,0,0,7.322621176121947e-05,16,185,60,245,0.8186746143057504,0.5844155844155844
1619,4221,0,0,0.0019313629123013949,16,185,60,245,0.8186746143057504,0.5844155844155844
1620,4308,0,0,5.6565607625745344e-05,16,185,60,245,0.8186746143057504,0.5844155844155844
1621,4309,0,0,0.0010568119041274458,16,185,60,245,0.8186746143057504,0.5844155844155844
1622,4320,0,0,0.2506896574612199,16,185,60,245,0.8186746143057504,0.5844155844155844
1623,4354,0,0,0.0005427034061210028,16,185,60,245,0.8186746143057504,0.5844155844155844
1624,4404,0,0,0.00020550153316154301,16,185,60,245,0.8186746143057504,0.5844155844155844
1625,4410,0,0,0.0029582039845707678,16,185,60,245,0.8186746143057504,0.5844155844155844
1626,4422,0,0,0.0001718239272552433,16,185,60,245,0.8186746143057504,0.5844155844155844
1627,4450,0,0,0.0024606596831439303,16,185,60,245,0.8186746143057504,0.5844155844155844
1628,4458,0,0,0.0026051249791284956,16,185,60,245,0.8186746143057504,0.5844155844155844
1629,4492,0,1,0.5673091030537241,16,185,61,246,0.8139272727272727,0.5844155844155844
1630,4536,0,0,0.0024958160889612456,16,185,61,246,0.8139272727272727,0.5844155844155844
1631,4558,0,0,3.178240902382444e-05,16,185,61,246,0.8139272727272727,0.5844155844155844
1632,4579,0,0,0.01630421212478617,16,185,61,246,0.8139272727272727,0.5844155844155844
1633,4586,0,0,0.0001935516305363559,16,185,61,246,0.8139272727272727,0.5844155844155844
1634,4625,0,0,0.0005187727884570755,16,185,61,246,0.8139272727272727,0.5844155844155844
1635,4641,0,0,0.0005963312941476685,16,185,61,246,0.8139272727272727,0.5844155844155844
1636,4671,0,0,0.0003083573365159599,16,185,61,246,0.8139272727272727,0.5844155844155844
1637,4681,0,0,0.02245519669430352,16,185,61,246,0.8139272727272727,0.5844155844155844
1638,4689,0,0,0.004582082799676667,16,185,61,246,0.8139272727272727,0.5844155844155844
1639,4739,0,0,0.22700746195048851,16,185,61,246,0.8139272727272727,0.5844155844155844
1640,4741,0,0,0.20027563810757223,16,185,61,246,0.8139272727272727,0.5844155844155844
1641,4790,0,0,0.001671398532974433,16,185,61,246,0.8139272727272727,0.5844155844155844
1642,4854,0,0,0.00024180049640344764,16,185,61,246,0.8139272727272727,0.5844155844155844
1643,4888,0,0,0.0009739927344110254,16,185,61,246,0.8139272727272727,0.5844155844155844
1644,4944,0,0,0.0003672073947504971,16,185,61,246,0.8139272727272727,0.5844155844155844
1645,4953,0,0,0.0002489216792729702,16,185,61,246,0.8139272727272727,0.5844155844155844
1646,4958,0,0,0.06208100464166571,16,185,61,246,0.8139272727272727,0.5844155844155844
1647,1,1,0,0.37655980878410905,16,186,61,247,0.8084254431699688,0.5769230769230769
1648,87,1,0,0.41166610940810655,16,187,61,248,0.8029249228461827,0.569620253164557
1649,101,1,0,0.030013585765424868,16,188,61,249,0.7974264705882353,0.5625
1650,113,1,0,0.45927325156470006,16,189,61,250,0.791930833261821,0.5555555555555556
1651,140,1,1,0.9973997911202197,16,189,61,250,0.7923998978404607,0.5609756097560976
1652,149,1,1,0.6345629800162499,16,189,61,250,0.7928588324744444,0.5662650602409639
1653,150,1,0,0.02139733324823225,16,190,61,251,0.7874088205588599,0.5595238095238095
1654,209,1,0,0.005135291449692725,16,191,61,252,0.7819636617749824,0.5529411764705883
1655,212,1,0,0.000315167138235114,16,192,61,253,0.7765240641711231,0.5465116279069767
1656,222,1,0,0.1538206493757875,16,193,61,254,0.7710907274291583,0.5402298850574713
1657,236,1,0,0.401913750447343,16,194,61,255,0.7656643434008187,0.5340909090909091
1658,249,1,0,0.11642975392515813,16,195,61,256,0.7602455966261473,0.5280898876404494
1659,250,1,0,0.007171260957061674,16,196,61,257,0.7548351648351648,0.5222222222222223
1660,265,1,0,0.05284514663061744,16,197,61,258,0.7494337194337194,0.5164835164835165
1661,267,1,1,0.9981944617195957,16,197,61,258,0.7500563249979593,0.5217391304347826
1662,327,1,0,0.017538480416275093,16,198,61,259,0.7446875,0.5161290322580645
1663,362,1,0,0.2870474308194509,16,199,61,260,0.7393292765382015,0.5106382978723404
1664,445,1,1,0.9975185089268727,16,199,61,260,0.7399868247694334,0.5157894736842106
1665,458,1,0,0.025932019137656383,16,200,61,261,0.7346632346632347,0.5104166666666666
1666,510,1,0,0.2261162297253556,16,201,61,262,0.7293518543276558,0.5051546391752577
1667,525,1,1,0.9356244862639863,16,201,61,262,0.7300454799329771,0.5102040816326531
1668,612,1,1,0.8027113237234377,16,201,61,262,0.7307287449392713,0.5151515151515151
1669,689,1,0,0.23798214132041673,16,202,61,263,0.7254777742582621,0.51
1670,700,1,0,0.0002868137270109876,16,203,61,264,0.7202409479921,0.504950495049505
1671,704,1,1,0.9973604591170852,16,203,61,264,0.7209619669209195,0.5098039215686274
1672,736,1,1,0.6440070178128393,16,203,61,264,0.7216735822959889,0.5145631067961165
1673,868,1,0,0.00030026741380498106,16,204,61,265,0.7165,0.5096153846153846
1674,870,1,0,0.06700332013319399,16,205,61,266,0.7113425504820812,0.5047619047619047
1675,884,1,0,0.4645228688722416,16,206,61,267,0.7062018881626725,0.5
1676,927,1,0,0.36503774541764744,16,207,61,268,0.7010786673914731,0.4953271028037383
1677,929,1,1,0.6942488972160901,16,207,61,268,0.701880077369439,0.5
1678,940,1,1,0.94129076537,16,207,61,268,0.7026730230526073,0.5045871559633027
1679,984,1,0,0.012889821728794876,16,208,61,269,0.6976190476190476,0.5
1680,1009,1,1,0.9943088025467185,16,208,61,269,0.7030054560823793,0.5045045045045045
1681,1036,1,0,0.49613928025927845,16,209,61,270,0.6979846547314577,0.5
1682,1079,1,1,0.9996387591064434,16,209,61,270,0.6988188494492045,0.504424778761062
1683,1170,1,0,0.0029083613837941136,16,210,61,271,0.69384482187874,0.5
1684,1191,1,1,0.9946883890983719,16,210,61,271,0.6946984126984127,0.5043478260869565
1685,1218,1,0,0.3351119873201407,16,211,61,272,0.6897727272727272,0.5
1686,1229,1,1,0.9049772464838983,16,211,61,272,0.6906468266018828,0.5042735042735043
1687,1230,1,0,0.32478933870103277,16,212,61,273,0.6857711266715539,0.5
1688,1294,1,0,0.33766910669215794,16,213,61,274,0.6809191919191919,0.4957983193277311
1689,1306,1,1,0.9995978867468217,16,213,61,274,0.6818429277144874,0.5
1690,1330,1,1,0.6929534838462269,16,213,61,274,0.6827616747181964,0.5041322314049587
1691,1365,1,0,0.4814245309719445,16,214,61,275,0.6779912005028284,0.5
1692,1376,1,1,0.9451545115333434,16,214,61,275,0.6789342471943962,0.5040650406504065
1693,1494,1,0,0.45043011188110055,16,215,61,276,0.6732469098583056,0.4959349593495935
1694,1510,1,1,0.9013486331976112,16,215,61,276,0.6789342471943962,0.5040650406504065
1695,1524,1,0,0.021397333124758132,16,216,61,277,0.6789342471943962,0.5040650406504065
1696,1529,1,1,0.9979221499495519,16,216,61,277,0.6789342471943962,0.5040650406504065
1697,1538,1,0,0.0008593104061775797,16,217,61,278,0.6732469098583056,0.4959349593495935
1698,1569,1,0,0.008114858675408822,16,218,61,279,0.6732469098583056,0.4959349593495935
1699,1572,1,1,0.8143071305457243,17,218,61,279,0.6732469098583056,0.4959349593495935
1700,1588,1,1,0.9891940289280282,17,218,61,279,0.6732469098583056,0.4959349593495935
1701,1628,1,0,0.01793552978682737,17,219,61,280,0.6732469098583056,0.4959349593495935
1702,1637,1,1,0.9847700960127121,17,219,61,280,0.6732469098583056,0.4959349593495935
1703,1653,1,0,0.0025391386110152933,17,220,61,281,0.6675235700817096,0.4878048780487805
1704,1684,1,1,0.9982027527752597,17,220,61,281,0.6675235700817096,0.4878048780487805
1705,1687,1,0,0.1414532270564487,17,221,61,282,0.6675235700817096,0.4878048780487805
1706,1692,1,0,0.006231649749490509,17,222,61,283,0.6617632850241546,0.4796747967479675
1707,1744,1,0,0.02339529715442067,17,223,61,284,0.6559650978318351,0.4715447154471545
1708,1812,1,1,0.9908928779421902,17,223,61,284,0.6617632850241546,0.4796747967479675
1709,1817,1,1,0.8249952323391971,17,223,61,284,0.6617632850241546,0.4796747967479675
1710,1878,1,1,0.8586188270695565,17,223,61,284,0.6675235700817096,0.4878048780487805
1711,1888,1,0,0.03478362084349942,17,224,61,285,0.6617632850241546,0.4796747967479675
1712,1904,1,0,0.05776439822492301,17,225,61,286,0.6559650978318351,0.4715447154471545
1713,1927,1,0,0.06226157407058157,17,226,61,287,0.6559650978318351,0.4715447154471545
1714,1958,1,1,0.9972128592974319,17,226,61,287,0.6559650978318351,0.4715447154471545
1715,2007,1,0,0.46680543440345823,17,227,61,288,0.6501280371005141,0.4634146341463415
1716,2016,1,1,0.9901168178217715,17,227,61,288,0.6501280371005141,0.4634146341463415
1717,2108,1,0,0.38505712749440163,17,228,61,289,0.6501280371005141,0.4634146341463415
1718,2150,1,0,0.2832308616616791,17,229,61,290,0.6501280371005141,0.4634146341463415
1719,2164,1,1,0.7496213021912411,17,229,61,290,0.6501280371005141,0.4634146341463415
1720,2166,1,1,0.6856989673042038,17,229,61,290,0.6501280371005141,0.4634146341463415
1721,2185,1,0,0.0012044414317547705,17,230,61,291,0.6442511163248317,0.45528455284552843
1722,2224,1,1,0.9762536028403678,17,230,61,291,0.6501280371005141,0.4634146341463415
1723,2237,1,1,0.9902858480138621,17,230,61,291,0.6501280371005141,0.4634146341463415
1724,2239,1,0,0.003718566046091924,17,231,61,292,0.6501280371005141,0.4634146341463415
1725,2287,1,0,0.4657743898004653,17,232,61,293,0.6442511163248317,0.45528455284552843
1726,2305,1,0,0.133181070571214,17,233,61,294,0.6442511163248317,0.45528455284552843
1727,2309,1,0,0.023833104549251104,17,234,61,295,0.6383333333333333,0.44715447154471544
1728,2369,1,0,0.33749793404841083,17,235,61,296,0.6323736697085366,0.43902439024390244
1729,2384,1,0,0.00012274617389378234,17,236,61,297,0.6323736697085366,0.43902439024390244
1730,2409,1,1,0.626309911074172,17,236,61,297,0.6323736697085366,0.43902439024390244
1731,2446,1,1,0.9637551486715558,17,236,61,297,0.6383333333333333,0.44715447154471544
1732,2448,1,0,0.026242705579161425,17,237,61,298,0.6383333333333333,0.44715447154471544
1733,2456,1,1,0.9985324005240512,17,237,61,298,0.6383333333333333,0.44715447154471544
1734,2467,1,0,0.0005560073865045689,17,238,61,299,0.6383333333333333,0.44715447154471544
1735,2471,1,0,0.021144214973999,17,239,61,300,0.6383333333333333,0.44715447154471544
1736,2476,1,0,0.06746651012497668,17,240,61,301,0.6323736697085366,0.43902439024390244
1737,2480,1,1,0.9992889194286079,17,240,61,301,0.6323736697085366,0.43902439024390244
1738,2506,0,0,0.0012972876767410422,17,240,61,301,0.631140330875833,0.4344262295081967
1739,2517,0,0,0.0009855567517366064,17,240,61,301,0.6359375,0.4380165289256198
1740,2549,0,0,0.0002598848659849515,17,240,61,301,0.6407619047619048,0.44166666666666665
1741,2552,0,0,0.001838162275839951,17,240,61,301,0.6395821343994296,0.4369747899159664
1742,2559,0,0,0.0003526705803499107,17,240,61,301,0.6444634842921256,0.4406779661016949
1743,2598,0,0,0.0021053382196349543,17,240,61,301,0.6493702597104114,0.4444444444444444
1744,2636,0,0,0.0004049607665877163,17,240,61,301,0.6482409897794514,0.4396551724137931
1745,2675,0,0,0.05930719420918893,17,240,61,301,0.6532019704433497,0.4434782608695652
1746,2718,0,0,2.2748259681145954e-05,17,240,61,301,0.658186631029786,0.4473684210526316
1747,2750,0,0,0.0007069560111777018,17,240,61,301,0.6571050934880722,0.4424778761061947
1748,2778,0,0,0.0036327511976801544,17,240,61,301,0.6560120110791852,0.4375
1749,2787,0,0,0.0032431105552406573,17,240,61,301,0.6610768751945223,0.44144144144144143
1750,2821,0,0,0.00844325527950123,17,240,61,301,0.66,0.43636363636363634
1751,2826,0,0,0.0023988856222078776,17,240,61,301,0.6589099278167171,0.43119266055045874
1752,2860,0,0,0.0008348522454194535,17,240,61,301,0.6578058007566204,0.42592592592592593
1753,2882,0,0,0.0015930165433472212,17,240,61,301,0.6566867279062402,0.4205607476635514
1754,2934,0,0,0.000217737475039666,17,240,61,301,0.6555517826825128,0.41509433962264153
1755,2935,0,1,0.9499135496920207,17,240,62,302,0.6500106385808132,0.4095238095238095
1756,2967,0,0,0.004076727686455618,17,240,62,302,0.6488515735714858,0.40384615384615385
1757,2993,0,0,0.0010984517021541882,17,240,62,302,0.6541226941226941,0.4077669902912621
1758,3030,0,0,0.00027414292211961326,17,240,62,302,0.6529737892352497,0.4019607843137255
1759,3039,0,0,0.16264608556262614,17,240,62,302,0.6518055555555555,0.39603960396039606
1760,3061,0,0,0.004215896049021316,17,240,62,302,0.6571521863350657,0.4
1761,3077,0,0,0.3847785409006876,17,240,62,302,0.6559919493962048,0.3939393939393939
1762,3159,0,0,0.008936060896871595,17,240,62,302,0.6548102207888862,0.3877551020408163
1763,3222,0,0,0.0020286849820394344,17,240,62,302,0.6602312202677286,0.3917525773195876
1764,3234,0,0,0.0014609491366514343,17,240,62,302,0.6656690072437622,0.3958333333333333
1765,3250,0,0,0.027392782670237932,17,240,62,302,0.6711229946524064,0.4
1766,3257,0,0,0.00029391228475815967,17,240,62,302,0.6700033666255191,0.39361702127659576
1767,3261,0,0,0.13015430407978673,17,240,62,302,0.6755008307285066,0.3978494623655914
1768,3292,0,0,0.022484235308264565,17,240,62,302,0.6743857657708788,0.391304347826087
1769,3427,0,0,5.078818585168604e-05,17,240,62,302,0.6799259259259258,0.3956043956043956
1770,3433,0,0,0.00042903545334335827,17,240,62,302,0.6799259259259258,0.3956043956043956
1771,3532,0,0,0.0002927239146708658,17,240,62,302,0.6799259259259258,0.3956043956043956
1772,3591,0,0,0.0007644604100460028,17,240,62,302,0.6843224920621299,0.3956043956043956
1773,3608,0,0,0.0011258115846676446,17,240,62,302,0.6843224920621299,0.3956043956043956
1774,3609,0,0,0.0003835546155870303,17,240,62,302,0.6843224920621299,0.3956043956043956
1775,3612,0,0,0.08290479290319246,17,240,62,302,0.6843224920621299,0.3956043956043956
1776,3634,0,0,0.0015208968628795325,17,240,62,302,0.6843224920621299,0.3956043956043956
1777,3637,0,0,1.8180450335946247e-05,17,240,62,302,0.6843224920621299,0.3956043956043956
1778,3660,0,0,0.0002655081406599967,17,240,62,302,0.6843224920621299,0.3956043956043956
1779,3661,0,0,0.0003118879514272523,17,240,62,302,0.6843224920621299,0.3956043956043956
1780,3668,0,0,0.012964052834788697,17,240,62,302,0.6843224920621299,0.3956043956043956
1781,3673,0,0,0.002085324143375733,17,240,62,302,0.6843224920621299,0.3956043956043956
1782,3685,0,0,0.006382248401385074,17,240,62,302,0.6843224920621299,0.3956043956043956
1783,3743,0,0,0.005396488635667849,17,240,62,302,0.6843224920621299,0.3956043956043956
1784,3745,0,0,0.0002488604205413698,17,240,62,302,0.6843224920621299,0.3956043956043956
1785,3748,0,0,0.0018801559189314352,17,240,62,302,0.6843224920621299,0.3956043956043956
1786,3777,0,0,0.0003934657568510657,17,240,62,302,0.6843224920621299,0.3956043956043956
1787,3798,0,1,0.6522693848717795,17,240,63,303,0.6799259259259258,0.3956043956043956
1788,3889,0,0,8.871155639332608e-05,17,240,63,303,0.6799259259259258,0.3956043956043956
1789,3972,0,0,0.11033641378217252,17,240,63,303,0.6799259259259258,0.3956043956043956
1790,3977,0,0,0.0004466050286126963,17,240,63,303,0.6799259259259258,0.3956043956043956
1791,4003,0,0,0.00047054052386654745,17,240,63,303,0.6799259259259258,0.3956043956043956
1792,4007,0,0,0.0002834954129721729,17,240,63,303,0.6799259259259258,0.3956043956043956
1793,4048,0,0,0.0032583314095253756,17,240,63,303,0.6799259259259258,0.3956043956043956
1794,4124,0,0,0.4283502478537507,17,240,63,303,0.6799259259259258,0.3956043956043956
1795,4185,0,0,0.009822877322504024,17,240,63,303,0.6799259259259258,0.3956043956043956
1796,4204,0,0,0.12203403137254083,17,240,63,303,0.6799259259259258,0.3956043956043956
1797,4205,0,0,0.0020207448768249808,17,240,63,303,0.6799259259259258,0.3956043956043956
1798,4250,0,0,0.00043043331805916145,17,240,63,303,0.6799259259259258,0.3956043956043956
1799,4253,0,0,0.05965399397344458,18,240,63,303,0.6799259259259258,0.3956043956043956
1800,4265,0,0,0.0010770447572349122,18,240,63,303,0.6799259259259258,0.3956043956043956
1801,4271,0,0,0.09574858531224156,18,240,63,303,0.6799259259259258,0.3956043956043956
1802,4292,0,0,0.0008297745708949735,18,240,63,303,0.6799259259259258,0.3956043956043956
1803,4305,0,0,0.0015992656678505014,18,240,63,303,0.6799259259259258,0.3956043956043956
1804,4310,0,0,0.06118797330016028,18,240,63,303,0.6799259259259258,0.3956043956043956
1805,4345,0,0,0.029481479245046793,18,240,63,303,0.6799259259259258,0.3956043956043956
1806,4374,0,0,0.001145702528529562,18,240,63,303,0.6799259259259258,0.3956043956043956
1807,4385,0,0,0.03600604285589888,18,240,63,303,0.6799259259259258,0.3956043956043956
1808,4390,0,0,0.0008085467080012515,18,240,63,303,0.6799259259259258,0.3956043956043956
1809,4394,0,1,0.6357083975408122,18,240,64,304,0.6755410198927325,0.3956043956043956
1810,4402,0,0,0.003086549636830008,18,240,64,304,0.6755410198927325,0.3956043956043956
1811,4441,0,0,0.000691670350571995,18,240,64,304,0.6755410198927325,0.3956043956043956
1812,4477,0,0,0.0003041534212813028,18,240,64,304,0.6755410198927325,0.3956043956043956
1813,4569,0,0,0.01863382692773258,18,240,64,304,0.6755410198927325,0.3956043956043956
1814,4570,0,0,2.9124124152071203e-05,18,240,64,304,0.6755410198927325,0.3956043956043956
1815,4575,0,0,0.03697327901584389,18,240,64,304,0.6755410198927325,0.3956043956043956
1816,4603,0,0,0.0005943283497690493,18,240,64,304,0.6755410198927325,0.3956043956043956
1817,4605,0,0,0.0003213321454904336,18,240,64,304,0.6755410198927325,0.3956043956043956
1818,4612,0,0,3.4807073598870274e-06,18,240,64,304,0.6755410198927325,0.3956043956043956
1819,4668,0,0,0.22181648662039427,18,240,64,304,0.6755410198927325,0.3956043956043956
1820,4702,0,0,0.0002968715669646,18,240,64,304,0.6755410198927325,0.3956043956043956
1821,4704,0,0,0.00413844985469947,18,240,64,304,0.6755410198927325,0.3956043956043956
1822,4738,0,0,0.0020009772908968202,18,240,64,304,0.6755410198927325,0.3956043956043956
1823,4795,0,0,0.0003115868437065952,18,240,64,304,0.6755410198927325,0.3956043956043956
1824,4915,0,0,0.017546605750993365,18,240,64,304,0.6755410198927325,0.3956043956043956
1825,4971,0,0,0.0004526725840104319,18,240,64,304,0.6755410198927325,0.3956043956043956
1826,4985,0,0,0.00022805339177701118,18,240,64,304,0.6755410198927325,0.3956043956043956
1827,4986,0,0,0.004487457171213599,18,240,64,304,0.6755410198927325,0.3956043956043956
1828,4987,0,0,0.0002538502829949058,18,240,64,304,0.6755410198927325,0.3956043956043956
1829,4997,0,0,0.00040974196160067,18,240,64,304,0.6799259259259258,0.3956043956043956
1830,20,1,1,0.9687374713663747,18,240,64,304,0.6810131162369969,0.40217391304347827
1831,24,1,1,0.9545851157321659,18,240,64,304,0.6820772079452362,0.40860215053763443
1832,53,1,0,0.012650043785567722,18,241,64,305,0.6765925925925927,0.40425531914893614
1833,89,1,0,0.04756369285289407,18,242,64,306,0.6711229946524064,0.4
1834,104,1,1,0.9459674439075867,18,242,64,306,0.6722203783604381,0.40625
1835,136,1,1,0.9977121718572872,18,242,64,306,0.6732967032967033,0.41237113402061853
1836,166,1,1,0.958251900215495,18,242,64,306,0.6743530953160826,0.41836734693877553
1837,168,1,1,0.9996533254352272,18,242,64,306,0.675390625,0.42424242424242425
1838,199,1,0,0.024774262686981272,18,243,64,307,0.6700473292765382,0.42
1839,206,1,1,0.96554587265887,18,243,64,307,0.6710943507837918,0.42574257425742573
1840,240,1,1,0.9885332553245381,18,243,64,307,0.6721243883526298,0.43137254901960786
1841,260,1,0,0.48559097842960675,18,244,64,308,0.6668533333333333,0.42718446601941745
1842,273,1,1,0.9965582262702462,18,244,64,308,0.6678947368421052,0.4326923076923077
1843,278,1,1,0.8851351187275016,18,244,64,308,0.6689209164818921,0.4380952380952381
1844,284,1,1,0.8032847372013467,18,244,64,308,0.6699327448507776,0.44339622641509435
1845,395,1,0,0.2134219512571251,18,245,64,309,0.6647629157820241,0.4392523364485981
1846,397,1,1,0.903448678877248,18,245,64,309,0.665788773193455,0.4444444444444444
1847,415,1,0,0.4119238877111943,18,246,64,310,0.665788773193455,0.4444444444444444
1848,428,1,0,0.12757538995293338,18,247,64,311,0.665788773193455,0.4444444444444444
1849,431,1,1,0.9379378937305236,18,247,64,311,0.6719166666666666,0.4537037037037037
1850,500,1,1,0.9967129775850121,18,247,64,311,0.6779978689674887,0.46296296296296297
1851,552,1,1,0.7080095065481319,18,247,64,311,0.6779978689674887,0.46296296296296297
1852,615,1,1,0.7415010385550904,18,247,64,311,0.6779978689674887,0.46296296296296297
1853,645,1,1,0.9967812196910473,18,247,64,311,0.6840336134453782,0.4722222222222222
1854,656,1,1,0.781160772889291,18,247,64,311,0.690025109368124,0.48148148148148145
1855,716,1,1,0.9951213823641887,18,247,64,311,0.6959735427862753,0.49074074074074076
1856,744,1,1,0.9980683357167729,18,247,64,311,0.701880077369439,0.5
1857,851,1,1,0.9639637901629994,18,247,64,311,0.7077458552157347,0.5092592592592593
1858,871,1,1,0.9956258315062607,18,247,64,311,0.7135719976356301,0.5185185185185185
1859,908,1,1,0.993167067030222,18,247,64,311,0.7193596059113301,0.5277777777777778
1860,910,1,1,0.9871869039627917,18,247,64,311,0.7251097620328388,0.5370370370370371
1861,912,1,1,0.7413368795790178,18,247,64,311,0.7251097620328388,0.5370370370370371
1862,933,1,1,0.6699791505388498,18,247,64,311,0.7308235294117648,0.5462962962962963
1863,943,1,1,0.7370928026240232,18,247,64,311,0.7365019535738909,0.5555555555555556
1864,957,1,1,0.9960953456142023,18,247,64,311,0.7365019535738909,0.5555555555555556
1865,1014,1,1,0.7768629559818653,18,247,64,311,0.7421460628314973,0.5648148148148148
1866,1016,1,1,0.8560129708040951,18,247,64,311,0.7477568689363652,0.5740740740740741
1867,1019,1,0,0.019796527332709684,18,248,64,312,0.7421460628314973,0.5648148148148148
1868,1097,1,0,0.40492472247656397,18,249,64,313,0.7365019535738909,0.5555555555555556
1869,1112,1,1,0.8604229005358844,18,249,64,313,0.7421460628314973,0.5648148148148148
1870,1117,1,1,0.979869645800685,18,249,64,313,0.7477568689363652,0.5740740740740741
1871,1131,1,1,0.5165529368760472,18,249,64,313,0.7477568689363652,0.5740740740740741
1872,1195,1,0,0.07724030735342385,18,250,64,314,0.7421460628314973,0.5648148148148148
1873,1202,1,1,0.9835845275450021,18,250,64,314,0.7477568689363652,0.5740740740740741
1874,1238,1,1,0.9958730650909998,18,250,64,314,0.7533353677143729,0.5833333333333334
1875,1249,1,0,0.026489983737314957,18,251,64,315,0.7533353677143729,0.5833333333333334
1876,1271,1,0,0.028461867871531484,18,252,64,316,0.7533353677143729,0.5833333333333334
1877,1326,1,1,0.993988244632643,18,252,64,316,0.7533353677143729,0.5833333333333334
1878,1380,1,0,0.013987031147666544,18,253,64,317,0.7477568689363652,0.5740740740740741
1879,1438,1,0,0.050276438382318545,18,254,64,318,0.7477568689363652,0.5740740740740741
1880,1472,1,1,0.8439080312382476,18,254,64,318,0.7477568689363652,0.5740740740740741
1881,1497,1,1,0.9593473333223869,18,254,64,318,0.7533353677143729,0.5833333333333334
1882,1509,1,1,0.7838467843307854,18,254,64,318,0.7533353677143729,0.5833333333333334
1883,1535,1,1,0.9510936294699536,18,254,64,318,0.7588825396825396,0.5925925925925926
1884,1553,1,1,0.6368233883298057,18,254,64,318,0.7588825396825396,0.5925925925925926
1885,1579,1,1,0.9986070120651102,18,254,64,318,0.7643993506493507,0.6018518518518519
1886,1589,1,1,0.926692666205273,18,254,64,318,0.7643993506493507,0.6018518518518519
1887,1610,1,0,0.030000654276764013,18,255,64,319,0.7643993506493507,0.6018518518518519
1888,1754,1,0,0.032204179394538394,18,256,64,320,0.7643993506493507,0.6018518518518519
1889,1786,1,0,0.2920465691534446,18,257,64,321,0.7588825396825396,0.5925925925925926
1890,1802,1,1,0.981754218758268,18,257,64,321,0.7588825396825396,0.5925925925925926
1891,1824,1,1,0.994842945648042,18,257,64,321,0.7643993506493507,0.6018518518518519
1892,1832,1,1,0.7409834308408396,18,257,64,321,0.7643993506493507,0.6018518518518519
1893,1842,1,0,0.13648395920605633,18,258,64,322,0.7643993506493507,0.6018518518518519
1894,1850,1,0,0.48559097842960675,18,259,64,323,0.7588825396825396,0.5925925925925926
1895,1870,1,1,0.9970589968255549,18,259,64,323,0.7643993506493507,0.6018518518518519
1896,1892,1,0,0.01063184089968898,18,260,64,324,0.7588825396825396,0.5925925925925926
1897,1911,1,1,0.7412510308812098,18,260,64,324,0.7643993506493507,0.6018518518518519
1898,1917,1,1,0.6226494013786484,18,260,64,324,0.7698867522991563,0.6111111111111112
1899,1931,1,1,0.9994889890743093,19,260,64,324,0.7698867522991563,0.6111111111111112
1900,2027,1,1,0.738991328794845,19,260,64,324,0.7698867522991563,0.6111111111111112
1901,2040,1,1,0.5164248079633207,19,260,64,324,0.775345682761413,0.6203703703703703
1902,2122,1,1,0.986447240337106,19,260,64,324,0.775345682761413,0.6203703703703703
1903,2146,1,0,0.026871500940381553,19,261,64,325,0.775345682761413,0.6203703703703703
1904,2167,1,1,0.9941645187832188,19,261,64,325,0.775345682761413,0.6203703703703703
1905,2187,1,1,0.7113409258702785,19,261,64,325,0.7807770671654997,0.6296296296296297
1906,2197,1,1,0.9459835555877641,19,261,64,325,0.7861818181818182,0.6388888888888888
1907,2203,1,0,0.11356624301124775,19,262,64,326,0.7861818181818182,0.6388888888888888
1908,2275,1,0,0.09455941797136305,19,263,64,327,0.7807770671654997,0.6296296296296297
1909,2302,1,0,0.07529420554119078,19,264,64,328,0.775345682761413,0.6203703703703703
1910,2355,1,1,0.98455129407142,19,264,64,328,0.775345682761413,0.6203703703703703
1911,2357,1,1,0.8998553021768901,19,264,64,328,0.7807770671654997,0.6296296296296297
1912,2364,1,0,0.01782114200872713,19,265,64,329,0.7807770671654997,0.6296296296296297
1913,2373,1,1,0.9141191123108987,19,265,64,329,0.7861818181818182,0.6388888888888888
1914,2404,1,1,0.9027166192140461,19,265,64,329,0.7861818181818182,0.6388888888888888
1915,2425,1,1,0.9890794617206136,19,265,64,329,0.7915608365498624,0.6481481481481481
1916,2429,1,0,0.013580821257917687,19,266,64,330,0.7861818181818182,0.6388888888888888
1917,2535,0,0,0.00023795554218593773,19,266,64,330,0.7911911322328673,0.6448598130841121
1918,2550,0,1,0.9949786975033487,19,266,65,331,0.7914087818195605,0.6509433962264151
1919,2619,0,0,0.0006822216156360226,19,266,65,331,0.7910579919434523,0.6476190476190476
1920,2690,0,0,0.0005029262139916572,19,266,65,331,0.790704761904762,0.6442307692307693
1921,2699,0,0,0.04887175944227772,19,266,65,331,0.795768487437697,0.6504854368932039
1922,2752,0,0,0.0009285772288333049,19,266,65,331,0.7954304365565076,0.6470588235294118
1923,2757,0,0,0.002067609565193075,19,266,65,331,0.7950895140664962,0.6435643564356436
1924,2814,0,0,0.0005482536798825799,19,266,65,331,0.8001998001998003,0.65
1925,2839,0,0,0.0009851646824651057,19,266,65,331,0.805320197044335,0.6565656565656566
1926,2866,0,0,0.0004983586629190874,19,266,65,331,0.8104500012849837,0.6632653061224489
1927,2945,0,0,0.0005655253946825503,19,266,65,331,0.8155885078776645,0.6701030927835051
1928,3052,0,1,0.9933727782529865,19,266,66,332,0.8159036144578313,0.6770833333333334
1929,3066,0,0,0.3685498633382898,19,266,66,332,0.8210509348807221,0.6842105263157895
1930,3097,0,0,0.0004085884602985853,19,266,66,332,0.8208097124071341,0.6808510638297872
1931,3163,0,0,3.335667451528835e-05,19,266,66,332,0.8205657631435329,0.6774193548387096
1932,3175,0,0,1.905690309365726e-06,19,266,66,332,0.8257499999999999,0.6847826086956522
1933,3193,0,0,0.26041078578865207,19,266,66,332,0.8255183596610525,0.6813186813186813
1934,3238,0,0,0.00020328438990417462,19,266,66,332,0.8307226547141622,0.6888888888888889
1935,3264,0,0,0.0004112642370997853,19,266,66,332,0.8359310634720469,0.6966292134831461
1936,3344,0,0,9.492758663999767e-05,19,266,66,332,0.8411428571428573,0.7045454545454546
1937,3385,0,0,0.19190110123460424,19,266,66,332,0.8409518139239502,0.7011494252873564
1938,3392,0,0,0.05540662548343731,19,266,66,332,0.8409518139239502,0.7011494252873564
1939,3487,0,0,0.0005405492786736924,19,266,66,332,0.8409518139239502,0.7011494252873564
1940,3511,0,0,5.181764085359116e-05,19,266,66,332,0.8409518139239502,0.7011494252873564
1941,3527,0,0,5.5656629139599e-05,19,266,66,332,0.8409518139239502,0.7011494252873564
1942,3536,0,0,0.0015939603258147538,19,266,66,332,0.8409518139239502,0.7011494252873564
1943,3547,0,0,0.0009514538392436667,19,266,66,332,0.8409518139239502,0.7011494252873564
1944,3580,0,0,0.011956352865062948,19,266,66,332,0.8409518139239502,0.7011494252873564
1945,3620,0,0,0.0011390133506114534,19,266,66,332,0.8409518139239502,0.7011494252873564
1946,3676,0,0,0.004695422323176031,19,266,66,332,0.8409518139239502,0.7011494252873564
1947,3682,0,1,0.8093088685597406,19,266,67,333,0.83611445465104,0.7011494252873564
1948,3737,0,0,0.00032135812154040843,19,266,67,333,0.83611445465104,0.7011494252873564
1949,3810,0,0,0.00026587366407003536,19,266,67,333,0.83611445465104,0.7011494252873564
1950,3846,0,0,0.0014136248016180196,19,266,67,333,0.83611445465104,0.7011494252873564
1951,3848,0,0,0.004409235189056223,19,266,67,333,0.83611445465104,0.7011494252873564
1952,3850,0,0,0.06256231303471622,19,266,67,333,0.83611445465104,0.7011494252873564
1953,3909,0,0,0.0065376589889519325,19,266,67,333,0.83611445465104,0.7011494252873564
1954,3940,0,0,0.0005094961643641847,19,266,67,333,0.83611445465104,0.7011494252873564
1955,4005,0,0,0.001938251690486454,19,266,67,333,0.8409518139239502,0.7011494252873564
1956,4010,0,0,0.0033079732775721828,19,266,67,333,0.8409518139239502,0.7011494252873564
1957,4032,0,0,0.0076840306623776715,19,266,67,333,0.8409518139239502,0.7011494252873564
1958,4078,0,0,0.002584813204014142,19,266,67,333,0.8409518139239502,0.7011494252873564
1959,4111,0,0,0.002981750746025986,19,266,67,333,0.8409518139239502,0.7011494252873564
1960,4121,0,1,0.6621158499046406,19,266,68,334,0.83611445465104,0.7011494252873564
1961,4125,0,0,0.0011202283547685225,19,266,68,334,0.83611445465104,0.7011494252873564
1962,4127,0,0,0.0016825485789111925,19,266,68,334,0.83611445465104,0.7011494252873564
1963,4230,0,0,0.000331779223498403,19,266,68,334,0.83611445465104,0.7011494252873564
1964,4248,0,0,0.00231534113440739,19,266,68,334,0.83611445465104,0.7011494252873564
1965,4369,0,0,0.005038542421378109,19,266,68,334,0.83611445465104,0.7011494252873564
1966,4377,0,0,8.72288357384923e-05,19,266,68,334,0.83611445465104,0.7011494252873564
1967,4380,0,0,0.006930398001149755,19,266,68,334,0.83611445465104,0.7011494252873564
1968,4460,0,0,0.0014860097564171788,19,266,68,334,0.83611445465104,0.7011494252873564
1969,4490,0,0,2.455758780325838e-05,19,266,68,334,0.83611445465104,0.7011494252873564
1970,4590,0,0,0.10819532498765917,19,266,68,334,0.83611445465104,0.7011494252873564
1971,4624,0,0,0.003930051021246034,19,266,68,334,0.83611445465104,0.7011494252873564
1972,4632,0,0,0.00019136055146139582,19,266,68,334,0.83611445465104,0.7011494252873564
1973,4642,0,0,0.0004464411561562028,19,266,68,334,0.83611445465104,0.7011494252873564
1974,4666,0,0,0.004272348401628838,19,266,68,334,0.83611445465104,0.7011494252873564
1975,4669,0,0,0.010475269220980176,19,266,68,334,0.83611445465104,0.7011494252873564
1976,4686,0,0,0.016142664226473147,19,266,68,334,0.83611445465104,0.7011494252873564
1977,4788,0,0,0.003976237009861116,19,266,68,334,0.83611445465104,0.7011494252873564
1978,4801,0,0,0.26446598952117173,19,266,68,334,0.83611445465104,0.7011494252873564
1979,4815,0,0,0.11291066878174366,19,266,68,334,0.83611445465104,0.7011494252873564
1980,4825,0,0,0.051186303821791825,19,266,68,334,0.83611445465104,0.7011494252873564
1981,4872,0,0,0.0053453372722035925,19,266,68,334,0.83611445465104,0.7011494252873564
1982,4882,0,0,0.006202609549119208,19,266,68,334,0.83611445465104,0.7011494252873564
1983,4926,0,0,0.0013887597193146472,19,266,68,334,0.83611445465104,0.7011494252873564
1984,4981,0,0,0.00036046745406047775,19,266,68,334,0.83611445465104,0.7011494252873564
1985,9,1,1,0.9856050177959655,19,266,68,334,0.83630096679277,0.7045454545454546
1986,11,1,1,0.9985750179139392,19,266,68,334,0.8364849879694529,0.7078651685393258
1987,13,1,0,0.08383435769191525,19,267,68,335,0.8361334867663982,0.7
1988,21,1,1,0.9890514538682679,19,267,68,335,0.8363333333333333,0.7032967032967034
1989,26,1,1,0.9807085042541004,19,267,68,335,0.8365307604523292,0.7065217391304348
1990,34,1,1,0.9863135267114325,19,267,68,335,0.836725919801571,0.7096774193548387
1991,37,1,0,0.2706928562324992,19,268,68,336,0.8315744680851064,0.7021276595744681
1992,43,1,1,0.9997369741083755,19,268,68,336,0.8317815013749325,0.7052631578947368
1993,55,1,1,0.9943795535625146,19,268,68,336,0.8319864750633981,0.7083333333333334
1994,59,1,0,0.4797337917353596,19,269,68,337,0.8268695652173913,0.7010309278350515
1995,66,1,1,0.8143167947343437,19,269,68,337,0.8270869033047735,0.7040816326530612
1996,86,1,0,0.2988686221585259,19,270,68,338,0.8219920552061317,0.696969696969697
1997,93,1,0,0.11859383651452661,19,271,68,339,0.816905706438816,0.69
1998,97,1,1,0.98297491499316,19,271,68,339,0.817150974025974,0.693069306930693
1999,100,1,1,0.9661024550866396,19,271,68,339,0.8173944731248102,0.696078431372549
2000,114,1,1,0.9809423199368078,19,271,68,339,0.8176363636363636,0.6990291262135923
2001,115,1,0,0.31311769948940305,19,272,68,340,0.8126057670476047,0.6923076923076923
2002,118,1,0,0.4058536597619621,19,273,68,341,0.8075864502470007,0.6857142857142857
2003,121,1,1,0.9798112596978206,19,273,68,341,0.8078582930756844,0.6886792452830188
2004,127,1,1,0.9987473957328689,19,273,68,341,0.8081288312732389,0.6915887850467289
2005,133,1,1,0.9979360540772971,19,273,68,341,0.808398233641108,0.6944444444444444
2006,151,1,0,0.1431458171794979,19,274,68,342,0.8034401564733318,0.6880733944954128
2007,156,1,1,0.9243213478720194,19,274,68,342,0.8037250432125053,0.6909090909090909
2008,183,1,1,0.7606538507852616,19,274,68,342,0.8040091612224975,0.6936936936936937
2009,187,1,1,0.9613255913750957,19,274,68,342,0.8091442298068262,0.6964285714285714
2010,190,1,1,0.534239616399,19,274,68,342,0.8094297719087635,0.6991150442477876
2011,224,1,1,0.9560765689321699,19,274,68,342,0.8097149714971498,0.7017543859649122
2012,234,1,1,0.9972335534419041,19,274,68,342,0.81,0.7043478260869566
2013,256,1,1,0.9847141319387621,19,274,68,342,0.8102850285028503,0.7068965517241379
2014,296,1,1,0.9830432069529647,19,274,68,342,0.8105702280912365,0.7094017094017094
2015,298,1,1,0.9958677668364753,19,274,68,342,0.8108557701931738,0.711864406779661
2016,299,1,1,0.9855764713328793,19,274,68,342,0.8111418269230769,0.7142857142857143
2017,305,1,1,0.5028928500262104,19,274,68,342,0.8114285714285714,0.7166666666666667
2018,309,1,0,0.3322306824651769,19,275,68,343,0.8066674189423004,0.7107438016528925
2019,314,1,0,0.13705412238599604,19,276,68,344,0.8019269369731031,0.7049180327868853
2020,317,1,0,0.41717870938419377,19,277,68,345,0.7972079536039768,0.6991869918699187
2021,320,1,1,0.9951004647414768,19,277,68,345,0.797551225644249,0.7016129032258065
2022,321,1,1,0.9937413109606851,19,277,68,345,0.7978960489536904,0.704
2023,338,1,1,0.9951846266023128,19,277,68,345,0.7982426398244152,0.7063492063492064
2024,355,1,1,0.9944079855412384,19,277,68,345,0.7985912181804393,0.7086614173228346
2025,369,1,1,0.6345525757061866,19,277,68,345,0.7989420080565479,0.7109375
2026,370,1,0,0.3680593980299207,19,278,68,346,0.794346590909091,0.7054263565891473
2027,373,1,1,0.9091935518501046,19,278,68,346,0.7947207812023191,0.7076923076923077
2028,380,1,1,0.9963851384831242,19,278,68,346,0.7950979192166463,0.7099236641221374
2029,413,1,0,0.0715615344575471,19,279,68,347,0.7905727929722414,0.7045454545454546
2030,422,1,0,0.27155155362442773,19,280,68,348,0.7856548347613219,0.696969696969697
2031,433,1,1,0.998188106279213,19,280,68,348,0.7856548347613219,0.696969696969697
2032,436,1,1,0.9999234887911681,19,280,68,348,0.7905727929722414,0.7045454545454546
2033,438,1,1,0.9904512599408436,19,280,68,348,0.7954782608695652,0.7121212121212122
2034,439,1,0,0.46659517850459553,19,281,68,349,0.7905727929722414,0.7045454545454546
2035,442,1,1,0.9986059549617972,19,281,68,349,0.7905727929722414,0.7045454545454546
2036,446,1,0,0.05633336480060453,19,282,68,350,0.7856548347613219,0.696969696969697
2037,448,1,0,0.31287899407904307,19,283,68,351,0.7807236892363322,0.6893939393939394
2038,479,1,1,0.976427532241413,19,283,68,351,0.7856548347613219,0.696969696969697
2039,481,1,1,0.925454519504344,19,283,68,351,0.7856548347613219,0.696969696969697
2040,486,1,1,0.9918240534239553,19,283,68,351,0.7856548347613219,0.696969696969697
2041,501,1,1,0.9959515140808908,19,283,68,351,0.7905727929722414,0.7045454545454546
2042,502,1,1,0.9998354131765186,19,283,68,351,0.7905727929722414,0.7045454545454546
2043,508,1,1,0.9282351434439594,19,283,68,351,0.7905727929722414,0.7045454545454546
2044,511,1,1,0.984215993077788,19,283,68,351,0.7905727929722414,0.7045454545454546
2045,513,1,0,0.27069285961954276,19,284,68,352,0.7905727929722414,0.7045454545454546
2046,517,1,1,0.9821139683289772,19,284,68,352,0.7905727929722414,0.7045454545454546
2047,518,1,0,0.4705390815838012,19,285,68,353,0.7905727929722414,0.7045454545454546
2048,524,1,1,0.5007926007049021,19,285,68,353,0.7954782608695652,0.7121212121212122
2049,535,1,1,0.9925239853538431,19,285,68,353,0.7954782608695652,0.7121212121212122
2050,538,1,1,0.9904368705525022,19,285,68,353,0.7954782608695652,0.7121212121212122
2051,573,1,1,0.8058081741899387,19,285,68,353,0.7954782608695652,0.7121212121212122
2052,584,1,1,0.8966865845006695,19,285,68,353,0.7954782608695652,0.7121212121212122
2053,592,1,1,0.9859279716334816,19,285,68,353,0.7954782608695652,0.7121212121212122
2054,595,1,1,0.9952518733373386,19,285,68,353,0.7954782608695652,0.7121212121212122
2055,600,1,1,0.9945451546107205,19,285,68,353,0.7954782608695652,0.7121212121212122
2056,610,1,1,0.9427220439477693,19,285,68,353,0.7954782608695652,0.7121212121212122
2057,617,1,1,0.6045209486099514,19,285,68,353,0.7954782608695652,0.7121212121212122
2058,627,1,0,0.16954217711436184,19,286,68,354,0.7905727929722414,0.7045454545454546
2059,629,1,0,0.028836171766759632,19,287,68,355,0.7856548347613219,0.696969696969697
2060,640,1,1,0.9983132764056456,19,287,68,355,0.7856548347613219,0.696969696969697
2061,668,1,0,0.2650243108186438,20,288,68,356,0.7807236892363322,0.6893939393939394
2062,670,1,1,0.9670850751135227,20,288,68,356,0.7807236892363322,0.6893939393939394
2063,684,1,1,0.9936719877115402,20,288,68,356,0.7807236892363322,0.6893939393939394
2064,693,1,1,0.9869659133837916,20,288,68,356,0.7807236892363322,0.6893939393939394
2065,710,1,1,0.9912413139770723,20,288,68,356,0.7807236892363322,0.6893939393939394
2066,713,1,0,0.21916389748935491,20,289,68,357,0.7757786593428949,0.6818181818181818
2067,723,1,1,0.9978364132314712,20,289,68,357,0.7807236892363322,0.6893939393939394
2068,728,1,0,0.2104282159321294,20,290,68,358,0.7807236892363322,0.6893939393939394
2069,743,1,1,0.9641665228333138,20,290,68,358,0.7807236892363322,0.6893939393939394
2070,745,1,0,0.4054871648358418,20,291,68,359,0.7757786593428949,0.6818181818181818
2071,748,1,1,0.9937438934984814,20,291,68,359,0.7757786593428949,0.6818181818181818
2072,750,1,0,0.4165921430814419,20,292,68,360,0.7757786593428949,0.6818181818181818
2073,754,1,1,0.7146179520739159,20,292,68,360,0.7757786593428949,0.6818181818181818
2074,755,1,0,0.4721028164054131,20,293,68,361,0.7708190476190475,0.6742424242424242
2075,757,1,0,0.026427249361126934,20,294,68,362,0.7708190476190475,0.6742424242424242
2076,760,1,0,0.33157461289396306,20,295,68,363,0.7708190476190475,0.6742424242424242
2077,763,1,1,0.6857919993750335,20,295,68,363,0.7708190476190475,0.6742424242424242
2078,783,1,1,0.9961809093498865,20,295,68,363,0.7757786593428949,0.6818181818181818
2079,800,1,1,0.9930157327689252,20,295,68,363,0.7807236892363322,0.6893939393939394
2080,816,1,0,0.48709506216385356,20,296,68,364,0.7757786593428949,0.6818181818181818
2081,817,1,1,0.9863736988207858,20,296,68,364,0.7757786593428949,0.6818181818181818
2082,824,1,1,0.9846475415953884,20,296,68,364,0.7757786593428949,0.6818181818181818
2083,825,1,1,0.991765473696927,20,296,68,364,0.7757786593428949,0.6818181818181818
2084,826,1,0,0.17009919372371146,20,297,68,365,0.7708190476190475,0.6742424242424242
2085,838,1,1,0.9979218249877015,20,297,68,365,0.7708190476190475,0.6742424242424242
2086,847,1,0,0.38058643826771404,20,298,68,366,0.7658441558441558,0.6666666666666666
2087,848,1,1,0.7558951314866462,20,298,68,366,0.7708190476190475,0.6742424242424242
2088,872,1,1,0.9963525115417526,20,298,68,366,0.7757786593428949,0.6818181818181818
2089,873,1,1,0.9876647487710076,20,298,68,366,0.7807236892363322,0.6893939393939394
2090,877,1,1,0.9946123464981432,20,298,68,366,0.7807236892363322,0.6893939393939394
2091,882,1,1,0.9904632823731129,20,298,68,366,0.7807236892363322,0.6893939393939394
2092,885,1,1,0.9994137129494087,20,298,68,366,0.7807236892363322,0.6893939393939394
2093,901,1,0,0.47686130761362855,20,299,68,367,0.7807236892363322,0.6893939393939394
2094,902,1,1,0.9931678209549621,20,299,68,367,0.7856548347613219,0.696969696969697
2095,903,1,0,0.005831540731010652,20,300,68,368,0.7807236892363322,0.6893939393939394
2096,904,1,1,0.999864970134191,20,300,68,368,0.7856548347613219,0.696969696969697
2097,911,1,1,0.9792434048404604,20,300,68,368,0.7856548347613219,0.696969696969697
2098,913,1,1,0.9813942505964426,20,300,68,368,0.7856548347613219,0.696969696969697
2099,916,1,0,0.05633472294135222,20,301,68,369,0.7807236892363322,0.6893939393939394
2100,920,1,1,0.9685763216184919,20,301,68,369,0.7807236892363322,0.6893939393939394
2101,923,1,1,0.9904980267677537,20,301,68,369,0.7807236892363322,0.6893939393939394
2102,950,1,1,0.9936032778956322,20,301,68,369,0.7807236892363322,0.6893939393939394
2103,995,1,0,0.45100833544730395,20,302,68,370,0.7807236892363322,0.6893939393939394
2104,1004,1,1,0.9807664552700484,20,302,68,370,0.7807236892363322,0.6893939393939394
2105,1022,1,1,0.9923439650097644,20,302,68,370,0.7807236892363322,0.6893939393939394
2106,1023,1,1,0.9958203268689296,20,302,68,370,0.7807236892363322,0.6893939393939394
2107,1025,1,1,0.9965579155989481,20,302,68,370,0.7856548347613219,0.696969696969697
2108,1037,1,1,0.9998010055090177,20,302,68,370,0.7905727929722414,0.7045454545454546
2109,1054,1,1,0.98721443886697,20,302,68,370,0.7954782608695652,0.7121212121212122
2110,1058,1,1,0.8695673422947219,20,302,68,370,0.7954782608695652,0.7121212121212122
2111,1087,1,1,0.9878851516174902,20,302,68,370,0.7954782608695652,0.7121212121212122
2112,1093,1,0,0.41905287845525047,20,303,68,371,0.7954782608695652,0.7121212121212122
2113,1107,1,0,0.00877224667594398,20,304,68,372,0.7905727929722414,0.7045454545454546
2114,1108,1,1,0.9980370950464235,20,304,68,372,0.7905727929722414,0.7045454545454546
2115,1109,1,1,0.9793479388695444,20,304,68,372,0.7905727929722414,0.7045454545454546
2116,1115,1,1,0.9934521489018475,20,304,68,372,0.7954782608695652,0.7121212121212122
2117,1120,1,0,0.049795332066321564,20,305,68,373,0.7909754348215887,0.706766917293233
2118,1127,1,0,0.15248023947233516,20,306,68,374,0.7913168882399652,0.7014925373134329
2119,1128,1,1,0.9961304267999928,20,306,68,374,0.7917465498188173,0.7037037037037037
2120,1129,1,1,0.9702236846722416,20,306,68,374,0.792180528691167,0.7058823529411765
2121,1137,1,1,0.9955360873786538,20,306,68,374,0.7926191400688566,0.708029197080292
2122,1144,1,0,0.3139000296842282,20,307,68,375,0.7882394439257184,0.7028985507246377
2123,1153,1,0,0.27269734950337166,20,308,68,376,0.783893812209257,0.697841726618705
2124,1155,1,1,0.7802921073282232,20,308,68,376,0.7843889454317702,0.7
2125,1182,1,1,0.9901093705246808,20,308,68,376,0.7848903043170559,0.7021276595744681
2126,1185,1,1,0.9768122803071442,20,308,68,376,0.7853982883475972,0.704225352112676
2127,1190,1,0,0.1603138918145568,20,309,68,377,0.7811709428782599,0.6993006993006993
2128,1209,1,1,0.999110232194575,20,309,68,377,0.7864729697547034,0.7013888888888888
2129,1213,1,1,0.9315478074580951,20,309,68,377,0.7870222612303519,0.7034482758620689
2130,1221,1,1,0.9907985923233061,20,309,68,377,0.7875798818150218,0.7054794520547946
2131,1231,1,1,0.9929952668287386,20,309,68,377,0.7881463257239655,0.7074829931972789
2132,1235,1,1,0.9954454878433043,20,309,68,377,0.7887221095334686,0.7094594594594594
2133,1246,1,1,0.9753115978300094,20,309,68,377,0.789307773938124,0.7114093959731543
2134,1253,1,1,0.8838516873317871,20,309,68,377,0.7899038856485666,0.7133333333333334
2135,1257,1,1,0.9966565063368398,20,309,68,377,0.7905110394443065,0.7152317880794702
2136,1266,1,1,0.8277211953154465,20,309,68,377,0.7911298603979907,0.7171052631578947
2137,1291,1,1,0.997676698442917,20,309,68,377,0.7917610062893082,0.7189542483660131
2138,1297,1,1,0.9973927242225956,20,309,68,377,0.7924051702289431,0.7207792207792207
2139,1299,1,1,0.9840583376153329,20,309,68,377,0.7930630835154233,0.7225806451612903
2140,1301,1,1,0.9899991347510524,20,309,68,377,0.7937355187505364,0.7243589743589743
2141,1315,1,0,0.24258716719358492,20,310,68,378,0.7899770220588236,0.7197452229299363
2142,1318,1,0,0.12885962715777757,20,311,68,379,0.7862761385596032,0.7151898734177216
2143,1328,1,0,0.045629948147562605,20,312,68,380,0.7826346889120611,0.710691823899371
2144,1336,1,1,0.9830288824984651,20,312,68,380,0.7834502103786815,0.7125
2145,1337,1,1,0.9988262207960988,20,312,68,380,0.7842858827691944,0.7142857142857143
2146,1340,1,0,0.21916389748935455,20,313,68,381,0.7807997867235404,0.7098765432098766
2147,1352,1,1,0.9907531931197933,20,313,68,381,0.7862857142857144,0.7116564417177914
2148,1368,1,0,0.10249647887474647,20,314,68,382,0.7828930290977602,0.7073170731707317
2149,1378,1,1,0.9346142495791799,20,314,68,382,0.7838648787412038,0.7090909090909091
2150,1387,1,0,0.11598272938145554,20,315,68,383,0.7805973773676541,0.7048192771084337
2151,1403,1,1,0.9894505745748664,20,315,68,383,0.7816525579683474,0.7065868263473054
2152,1408,1,1,0.9888432689332214,20,315,68,383,0.7827380952380952,0.7083333333333334
2153,1409,1,0,0.47783308698554694,20,316,68,384,0.7796661367249601,0.7041420118343196
2154,1417,1,1,0.9872515767791712,20,316,68,384,0.7808474415965193,0.7058823529411765
2155,1450,1,1,0.9844083962461306,20,316,68,384,0.7820653248700201,0.7076023391812866
2156,1470,1,1,0.5672678281826955,20,316,68,384,0.7833220338983051,0.7093023255813954
2157,1496,1,1,0.9880970517518843,20,316,68,384,0.7846199862704718,0.7109826589595376
2158,1502,1,1,0.9864334387065384,20,316,68,384,0.7859617868141329,0.7126436781609196
2159,1512,1,0,0.09156516560769473,20,317,68,385,0.7833333333333333,0.7085714285714285
2160,1515,1,1,0.998342843303318,20,317,68,385,0.7890788281485954,0.7102272727272727
2161,1518,1,1,0.9924294361730379,21,317,68,385,0.7905756864346227,0.711864406779661
2162,1523,1,1,0.677922258820682,21,317,68,385,0.792127696289905,0.7134831460674157
2163,1528,1,0,0.0004163879257518463,21,318,68,386,0.7898233903490474,0.7094972067039106
2164,1540,1,1,0.9881793499524301,21,318,68,386,0.7915302089215133,0.7111111111111111
2165,1559,1,0,0.14908119876014503,21,319,68,387,0.7894437924535012,0.7071823204419889
2166,1592,1,1,0.9697964960646495,21,319,68,387,0.7913241085299326,0.7087912087912088
2167,1599,1,1,0.9829069335495807,21,319,68,387,0.7932822885681761,0.7103825136612022
2168,1604,1,1,0.9971109614409126,21,319,68,387,0.7953239962651728,0.7119565217391305
2169,1605,1,1,0.9835427451677696,21,319,68,387,0.7974554368895138,0.7135135135135136
2170,1631,1,0,0.12719817901803349,21,320,68,388,0.7959779107225035,0.7096774193548387
2171,1655,1,1,0.9869841170325468,21,320,68,388,0.7983437499999999,0.7112299465240641
2172,1658,1,1,0.9954415801713442,21,320,68,388,0.8008217869087434,0.7127659574468085
2173,1660,1,1,0.9802685847137879,21,320,68,388,0.8034210526315789,0.7142857142857143
2174,1670,1,1,0.9488672793746431,21,320,68,388,0.8061515503233295,0.7157894736842105
2175,1673,1,1,0.9901076518188343,21,320,68,388,0.8090243902439025,0.7172774869109948
2176,1674,1,1,0.9644221699727643,21,320,68,388,0.8120519480519479,0.71875
2177,1688,1,1,0.9878021390707865,21,320,68,388,0.8152480510276399,0.7202072538860104
2178,1689,1,1,0.9533867989980648,21,320,68,388,0.8186281981491562,0.7216494845360825
2179,1709,1,1,0.8359707221054439,21,320,68,388,0.8222098214285714,0.7230769230769231
2180,1715,1,1,0.9887606360844488,21,320,68,388,0.8260125978240123,0.7244897959183674
2181,1730,1,1,0.9783490273817098,21,320,68,388,0.8300588235294118,0.7258883248730964
2182,1736,1,1,0.9968400819251918,21,320,68,388,0.8343738656987295,0.7272727272727273
2183,1758,1,1,0.9777701843206946,21,320,68,388,0.8389867109634551,0.7286432160804021
2184,1771,1,1,0.995707317121178,21,320,68,388,0.8439306358381503,0.73
2185,1800,1,1,0.6790171486170236,21,320,68,388,0.8439306358381503,0.73
2186,1801,1,1,0.9886866864640697,21,320,68,388,0.8439306358381503,0.73
2187,1829,1,0,0.036434437237529,21,321,68,389,0.8439306358381503,0.73
2188,1831,1,1,0.9920646132596002,21,321,68,389,0.8439306358381503,0.73
2189,1836,1,1,0.9882084058342084,21,321,68,389,0.8439306358381503,0.73
2190,1840,1,1,0.8858503263971689,21,321,68,389,0.8439306358381503,0.73
2191,1843,1,1,0.982056873031623,21,321,68,389,0.8472622478386167,0.735
2192,1845,1,1,0.9101348304088057,21,321,68,389,0.8472622478386167,0.735
2193,1852,1,0,0.22127923708899225,21,322,68,390,0.8439306358381503,0.73
2194,1854,1,1,0.8049091723561436,21,322,68,390,0.8472622478386167,0.735
2195,1855,1,1,0.9128969749733865,21,322,68,390,0.8472622478386167,0.735
2196,1864,1,0,0.46724633092542334,21,323,68,391,0.8472622478386167,0.735
2197,1872,1,1,0.8612154822117968,21,323,68,391,0.850574712643678,0.74
2198,1879,1,1,0.9899050542559302,21,323,68,391,0.850574712643678,0.74
2199,1903,1,0,0.1532335122320161,21,324,68,392,0.8472622478386167,0.735
2200,1909,1,1,0.9865762284274541,21,324,68,392,0.8472622478386167,0.735
2201,1914,1,0,0.3300622579459977,21,325,68,393,0.8472622478386167,0.735
2202,1915,1,1,0.9214166500740059,21,325,68,393,0.850574712643678,0.74
2203,1928,1,1,0.6977859480857268,21,325,68,393,0.850574712643678,0.74
2204,1929,1,1,0.9962923267326483,21,325,68,393,0.850574712643678,0.74
2205,1937,1,1,0.9537734293976343,21,325,68,393,0.850574712643678,0.74
2206,1942,1,1,0.9329486105799935,21,325,68,393,0.853868194842407,0.745
2207,1947,1,1,0.7928715047998406,21,325,68,393,0.853868194842407,0.745
2208,1948,1,1,0.999861045714772,21,325,68,393,0.853868194842407,0.745
2209,1959,1,1,0.9242330022357815,21,325,68,393,0.853868194842407,0.745
2210,1996,1,1,0.9416385048916185,21,325,68,393,0.853868194842407,0.745
2211,2004,1,1,0.9826406573657955,21,325,68,393,0.853868194842407,0.745
2212,2009,1,1,0.9669046526729698,21,325,68,393,0.853868194842407,0.745
2213,2025,1,0,0.3418229288829031,21,326,68,394,0.850574712643678,0.74
2214,2041,1,1,0.9966972765411319,21,326,68,394,0.850574712643678,0.74
2215,2042,1,1,0.9888198656951496,21,326,68,394,0.850574712643678,0.74
2216,2046,1,0,0.4416540200236093,21,327,68,395,0.8472622478386167,0.735
2217,2056,1,1,0.9924329341125354,21,327,68,395,0.8472622478386167,0.735
2218,2087,1,1,0.9875140191472297,21,327,68,395,0.850574712643678,0.74
2219,2113,1,1,0.9941584636917188,21,327,68,395,0.853868194842407,0.745
2220,2115,1,1,0.9887819566159934,21,327,68,395,0.8571428571428571,0.75
2221,2135,1,0,0.02571046466816159,21,328,68,396,0.853868194842407,0.745
2222,2151,1,1,0.9794134506835281,21,328,68,396,0.853868194842407,0.745
2223,2160,1,1,0.9976979901913845,21,328,68,396,0.853868194842407,0.745
2224,2172,1,0,0.2753845393659215,21,329,68,397,0.850574712643678,0.74
2225,2214,1,1,0.9868053064834382,21,329,68,397,0.850574712643678,0.74
2226,2216,1,0,0.0028284106318606055,21,330,68,398,0.850574712643678,0.74
2227,2228,1,1,0.9888111032399566,21,330,68,398,0.850574712643678,0.74
2228,2229,1,0,0.0015978226697359983,21,331,68,399,0.8472622478386167,0.735
2229,2238,1,1,0.9954969146611236,21,331,68,399,0.850574712643678,0.74
2230,2248,1,1,0.999841435987317,21,331,68,399,0.853868194842407,0.745
2231,2254,1,1,0.9832335846143179,21,331,68,399,0.853868194842407,0.745
2232,2262,1,1,0.998803675711999,21,331,68,399,0.853868194842407,0.745
2233,2272,1,0,0.24497386169371313,21,332,68,400,0.850574712643678,0.74
2234,2278,1,1,0.9975953128701293,21,332,68,400,0.853868194842407,0.745
2235,2281,1,1,0.9952012782154679,21,332,68,400,0.853868194842407,0.745
2236,2282,1,1,0.9957262879049651,21,332,68,400,0.8571428571428571,0.75
2237,2290,1,1,0.8445666407701957,21,332,68,400,0.8603988603988604,0.755
2238,2298,1,0,0.11025658280113046,21,333,68,401,0.8571428571428571,0.75
2239,2300,1,1,0.9291397609020834,21,333,68,401,0.8571428571428571,0.75
2240,2303,1,1,0.9625607468367902,21,333,68,401,0.8571428571428571,0.75
2241,2310,1,1,0.9984558797160846,21,333,68,401,0.8571428571428571,0.75
2242,2316,1,1,0.9553715424912707,21,333,68,401,0.8571428571428571,0.75
2243,2320,1,1,0.9507895145262516,21,333,68,401,0.8571428571428571,0.75
2244,2322,1,1,0.9889096111979608,21,333,68,401,0.8571428571428571,0.75
2245,2323,1,0,0.31160015907624833,21,334,68,402,0.8571428571428571,0.75
2246,2334,1,1,0.7289693544760278,21,334,68,402,0.8571428571428571,0.75
2247,2341,1,0,0.034608113208649725,21,335,68,403,0.8571428571428571,0.75
2248,2344,1,0,0.09927789398647273,21,336,68,404,0.853868194842407,0.745
2249,2363,1,1,0.9954847320002209,21,336,68,404,0.853868194842407,0.745
2250,2371,1,1,0.9876764009722456,21,336,68,404,0.853868194842407,0.745
2251,2390,1,1,0.9785799838747778,21,336,68,404,0.853868194842407,0.745
2252,2402,1,1,0.8446406686870517,21,336,68,404,0.853868194842407,0.745
2253,2413,1,1,0.9946620422250614,21,336,68,404,0.853868194842407,0.745
2254,2428,1,0,0.29817710824540106,21,337,68,405,0.850574712643678,0.74
2255,2433,1,1,0.9918941623171614,21,337,68,405,0.850574712643678,0.74
2256,2439,1,1,0.9656077841805634,21,337,68,405,0.850574712643678,0.74
2257,2440,1,1,0.9863420946251782,21,337,68,405,0.850574712643678,0.74
2258,2449,1,1,0.9774002337180062,21,337,68,405,0.853868194842407,0.745
2259,2460,1,1,0.9956611792070952,21,337,68,405,0.8571428571428571,0.75
2260,2462,1,0,0.07154247103084063,21,338,68,406,0.853868194842407,0.745
2261,2481,1,0,0.006674807505530183,22,339,68,407,0.853868194842407,0.745
2262,2499,1,1,0.9922132686478524,22,339,68,407,0.853868194842407,0.745
2263,2538,0,0,0.0021485454712565134,22,339,68,407,0.8489494861617095,0.7437185929648241
2264,2558,0,0,0.0005414742170215826,22,339,68,407,0.8443794466403162,0.7424242424242424
2265,2594,0,0,0.00026371561360882324,22,339,68,407,0.8401212214208992,0.7411167512690355
2266,2632,0,0,0.0011578930263401912,22,339,68,407,0.8394837668884856,0.7448979591836735
2267,2829,0,0,0.004683278212915464,22,339,68,407,0.8357843137254902,0.7435897435897436
2268,2838,0,0,0.0016448424171758272,22,339,68,407,0.835695149668746,0.7474226804123711
2269,2842,0,0,0.0003835623405357781,22,339,68,407,0.8324662050774809,0.7461139896373057
2270,2854,0,0,0.0002090817865225794,22,339,68,407,0.8328571428571427,0.75
2271,2878,0,0,0.00048555901314146154,22,339,68,407,0.8300272182906915,0.7486910994764397
2272,2880,0,0,0.00021034597591750752,22,339,68,407,0.8308412890502442,0.7526315789473684
2273,2943,0,0,0.005898199266960836,22,339,68,407,0.8283519418538465,0.7513227513227513
2274,2977,0,0,0.00045802256387030195,22,339,68,407,0.8295411255411256,0.7553191489361702
2275,2979,0,0,0.005638216356856248,22,339,68,407,0.8309152789074875,0.7593582887700535
2276,3027,0,0,0.16840606827927387,22,339,68,407,0.8324661246612467,0.7634408602150538
2277,3065,0,0,0.005207127324043947,22,339,68,407,0.8305587796385343,0.7621621621621621
2278,3079,0,0,0.005835730011026168,22,339,68,407,0.8287459389213774,0.7608695652173914
2279,3109,0,0,0.000273787759742579,22,339,68,407,0.8270202261506608,0.7595628415300546
2280,3111,0,0,0.4201363229928789,22,339,68,407,0.8291123467013684,0.7637362637362637
2281,3171,0,0,0.0011975833617399714,22,339,68,407,0.8275773056232825,0.7624309392265194
2282,3204,0,0,0.006425215103369523,22,339,68,407,0.8261107521568926,0.7611111111111111
2283,3218,0,0,0.0009151784966978273,22,339,68,407,0.8247077497665734,0.7597765363128491
2284,3221,0,0,0.00271887283891948,22,339,68,407,0.8272344837801807,0.7640449438202247
2285,3252,0,0,0.1570879399364692,22,339,68,407,0.8259790209790211,0.7627118644067796
2286,3305,0,0,0.00033402144248812594,22,339,68,407,0.8287062393872611,0.7670454545454546
2287,3333,0,1,0.5841334766879627,22,339,69,408,0.8231182795698925,0.7657142857142857
2288,3349,0,0,0.002074072683934537,22,339,69,408,0.8220158102766798,0.764367816091954
2289,3352,0,0,0.002064249559455632,22,339,69,408,0.8209553608677512,0.7630057803468208
2290,3357,0,0,0.04380219957101189,22,339,69,408,0.8199342105263158,0.7616279069767442
2291,3359,0,0,0.0008417241331884377,22,339,69,408,0.818949858088931,0.7602339181286549
2292,3368,0,1,0.9835226497064988,22,339,70,409,0.8134199134199133,0.7588235294117647
2293,3426,0,0,0.00014437276305779176,22,339,70,409,0.8166,0.7633136094674556
2294,3477,0,0,0.00016097883901539084,22,339,70,409,0.8157283853138569,0.7619047619047619
2295,3488,0,0,0.039356519355785394,22,339,70,409,0.8190510280801543,0.7664670658682635
2296,3503,0,0,7.21242777188039e-05,22,339,70,409,0.8182631154156579,0.7650602409638554
2297,3709,0,0,0.1642197570314264,22,339,70,409,0.8175002392268189,0.7636363636363637
2298,3724,0,0,0.00031001668097790735,22,339,70,409,0.8167609319335414,0.7621951219512195
2299,3787,0,0,0.001006543416120853,22,339,70,409,0.8203134796238245,0.7668711656441718
2300,3839,0,0,0.00026477699523886527,22,339,70,409,0.8196428571428572,0.7654320987654321
2301,3852,0,0,0.0007032234118679694,22,339,70,409,0.8189915347810084,0.7639751552795031
2302,3855,0,0,0.00044481643227153357,22,339,70,409,0.8183584264205925,0.7625
2303,3881,0,0,0.0003305259162243102,22,339,70,409,0.822108362779741,0.7672955974842768
2304,3897,0,0,0.0005987033778236063,22,339,70,409,0.8215323424743564,0.7658227848101266
2305,3911,0,0,0.0021539057905657706,22,339,70,409,0.8209712965431442,0.7643312101910829
2306,3913,0,0,0.40034907035604833,22,339,70,409,0.8204244078541869,0.7628205128205128
2307,3921,0,0,0.0018657555957783138,22,339,70,409,0.819890909090909,0.7612903225806451
2308,4058,0,0,0.00036214095145803063,22,339,70,409,0.8193700787401574,0.7597402597402597
2309,4283,0,0,0.07508690876008976,22,339,70,409,0.8188612374495837,0.7581699346405228
2310,4346,0,0,0.01347785431688488,22,339,70,409,0.8183637447146627,0.756578947368421
2311,4397,0,0,0.0005241062679005068,22,339,70,409,0.8178769958604376,0.7549668874172185
2312,4420,0,0,0.002560372699580756,22,339,70,409,0.8219616204690832,0.76
2313,4423,0,0,0.02002657923038278,22,339,70,409,0.8260922431865828,0.7651006711409396
2314,4475,0,0,0.00010685781103864875,22,339,70,409,0.8256745580194833,0.7635135135135135
2315,4560,0,0,0.0005274608211380102,22,339,70,409,0.8252650293558257,0.7619047619047619
2316,4699,0,0,0.004200712564068275,22,339,70,409,0.8248632218844985,0.7602739726027398
2317,4736,0,0,0.0007967226306896867,22,339,70,409,0.8291188994431706,0.7655172413793103
2318,4747,0,0,0.00017070001768185213,22,339,70,409,0.8334140567603603,0.7708333333333334
2319,4776,0,0,0.00011211043849953556,22,339,70,409,0.8330696416497634,0.7692307692307693
2320,4818,0,0,0.0002804657322866749,22,339,70,409,0.8327310370788632,0.7676056338028169
2321,4834,0,0,0.001919536907252716,22,339,70,409,0.8323979250782106,0.7659574468085106
2322,4842,0,0,0.0003697444837453217,22,339,70,409,0.8367999999999999,0.7714285714285715
2323,4918,0,0,0.023785329698241268,22,339,70,409,0.8412359371259874,0.7769784172661871
2324,4943,0,0,0.0015611858862838125,22,339,70,409,0.840951020084147,0.7753623188405797
2325,4961,0,0,0.002111470372972613,22,339,70,409,0.8406701777485188,0.7737226277372263
2326,4983,0,1,0.8468853417729093,22,339,71,410,0.8355023118957544,0.7720588235294118
2327,12,1,0,0.34269063874420774,22,340,71,411,0.8355023118957544,0.7720588235294118
2328,160,1,0,0.22721283480515161,22,341,71,412,0.8307200335508899,0.7647058823529411
2329,165,1,0,0.013707931404163801,22,342,71,413,0.8259315828015484,0.7573529411764706
2330,207,1,0,0.46532034041675957,22,343,71,414,0.821136250946006,0.75
2331,253,1,0,0.007052627592231642,22,344,71,415,0.8163333333333332,0.7426470588235294
2332,383,1,1,0.8878054263866283,22,344,71,415,0.8163333333333332,0.7426470588235294
2333,399,1,1,0.9157475123795596,22,344,71,415,0.8163333333333332,0.7426470588235294
2334,406,1,0,0.04408059848448197,22,345,71,416,0.8115221289534551,0.7352941176470589
2335,408,1,0,0.0003509444293096578,22,346,71,417,0.8067019400352734,0.7279411764705882
2336,616,1,0,0.18632961899100822,22,347,71,418,0.8018720716522999,0.7205882352941176
2337,703,1,0,0.4506071821557984,22,348,71,419,0.7970318313352626,0.7132352941176471
2338,732,1,0,0.35785496320583265,22,349,71,420,0.792180528691167,0.7058823529411765
2339,811,1,0,0.19877274000106349,22,350,71,421,0.7873174750283184,0.6985294117647058
2340,968,1,0,0.09305337032869455,22,351,71,422,0.782441982986816,0.6911764705882353
2341,982,1,0,0.2205214888502106,22,352,71,423,0.782441982986816,0.6911764705882353
2342,1049,1,1,0.9940413519236554,22,352,71,423,0.7873174750283184,0.6985294117647058
2343,1051,1,0,0.022848651438952223,22,353,71,424,0.7873174750283184,0.6985294117647058
2344,1073,1,1,0.8818830682203846,22,353,71,424,0.7873174750283184,0.6985294117647058
2345,1092,1,1,0.9902000922812392,22,353,71,424,0.7873174750283184,0.6985294117647058
2346,1140,1,0,0.07248504708644601,22,354,71,425,0.7873174750283184,0.6985294117647058
2347,1151,1,0,0.044327950717821425,22,355,71,426,0.782441982986816,0.6911764705882353
2348,1161,1,1,0.8366087001839771,22,355,71,426,0.7873174750283184,0.6985294117647058
2349,1166,1,0,0.03409814792753839,22,356,71,427,0.782441982986816,0.6911764705882353
2350,1199,1,0,0.023659534722724307,22,357,71,428,0.782441982986816,0.6911764705882353
2351,1245,1,1,0.9131766364951072,22,357,71,428,0.782441982986816,0.6911764705882353
2352,1252,1,0,0.1834484486890728,22,358,71,429,0.7775533661740558,0.6838235294117647
2353,1354,1,0,0.0063208718427492224,22,359,71,430,0.7775533661740558,0.6838235294117647
2354,1402,1,0,0.2351676495958453,22,360,71,431,0.7726509388047851,0.6764705882352942
2355,1416,1,1,0.5869908092331624,22,360,71,431,0.7726509388047851,0.6764705882352942
2356,1620,1,0,0.11216044938543437,22,361,71,432,0.7677340153452685,0.6691176470588235
2357,1650,1,0,0.0021709954404156495,22,362,71,433,0.7628019101611379,0.6617647058823529
2358,1682,1,1,0.7131974787314576,22,362,71,433,0.7628019101611379,0.6617647058823529
2359,1686,1,0,0.18559550709372316,22,363,71,434,0.7628019101611379,0.6617647058823529
2360,1699,1,1,0.6570037823416285,22,363,71,434,0.7628019101611379,0.6617647058823529
2361,1781,1,0,0.4359353737199062,23,364,71,435,0.7578539371685027,0.6544117647058824
2362,1783,1,0,0.07076862463370143,23,365,71,436,0.7528894094879174,0.6470588235294118
2363,1820,1,0,0.4070763698487252,23,366,71,437,0.7528894094879174,0.6470588235294118
2364,1891,1,0,0.0009021232283726787,23,367,71,438,0.7479076391008036,0.6397058823529411
2365,1932,1,1,0.9884725556440641,23,367,71,438,0.7528894094879174,0.6470588235294118
2366,1971,1,0,0.18875282070578384,23,368,71,439,0.7479076391008036,0.6397058823529411
2367,1999,1,0,0.07403636355864114,23,369,71,440,0.7429079365079366,0.6323529411764706
2368,2019,1,0,0.11916342248931383,23,370,71,441,0.7378896103896103,0.625
2369,2058,1,1,0.964655898601946,23,370,71,441,0.7378896103896103,0.625
2370,2066,1,0,0.205436669986226,23,371,71,442,0.7378896103896103,0.625
2371,2067,1,1,0.9255403923809103,23,371,71,442,0.7378896103896103,0.625
2372,2098,1,0,0.39882386520432356,23,372,71,443,0.7328519672671076,0.6176470588235294
2373,2208,1,0,0.0650243884611585,23,373,71,444,0.7277943111650977,0.6102941176470589
2374,2222,1,1,0.9872239960809971,23,373,71,444,0.7277943111650977,0.6102941176470589
2375,2296,1,0,0.029068606153084306,23,374,71,445,0.7227159432746025,0.6029411764705882
2376,2311,1,1,0.8393080271989933,23,374,71,445,0.7227159432746025,0.6029411764705882
2377,2319,1,1,0.9843671205724026,23,374,71,445,0.7227159432746025,0.6029411764705882
2378,2367,1,0,0.22481643947773425,23,375,71,446,0.7176161616161616,0.5955882352941176
2379,2378,1,0,0.0009021232283726787,23,376,71,447,0.7124942607028432,0.5882352941176471
2380,2422,1,1,0.8907620615471563,23,376,71,447,0.7124942607028432,0.5882352941176471
2381,2566,0,0,0.07245471974683304,23,376,71,447,0.7116932336128527,0.5851851851851851
2382,2577,0,0,0.00025077357899491287,23,376,71,447,0.7108962916404777,0.582089552238806
2383,2700,0,0,0.0017089566785910921,23,376,71,447,0.7101029348999524,0.5789473684210527
2384,2823,0,0,0.0028248182461212052,23,376,71,447,0.7093126708292584,0.5757575757575758
2385,2868,0,0,0.00013987692341157451,23,376,71,447,0.7085250131516321,0.5725190839694656
2386,2876,0,0,0.0016956240044379825,23,376,71,447,0.7077394808640585,0.5692307692307692
2387,2890,0,0,0.00035933900747804197,23,376,71,447,0.7122640376338706,0.5736434108527132
2388,2910,0,0,0.0014679901860777207,23,376,71,447,0.7115086034413766,0.5703125
2389,2964,0,0,2.6920001452788512e-05,23,376,71,447,0.7107540754075408,0.5669291338582677
2390,3022,0,0,0.0026495265729602714,23,376,71,447,0.71,0.5634920634920635
2391,3046,0,0,0.00023685086007937083,23,376,71,447,0.7092459245924593,0.56
2392,3073,0,0,0.00888114746492629,23,376,71,447,0.7084913965586235,0.5564516129032258
2393,3081,0,0,0.0002408084506998245,23,376,71,447,0.7131819887429645,0.5609756097560976
2394,3133,0,0,0.0003394983161654846,23,376,71,447,0.7124532552376661,0.5573770491803278
2395,3144,0,0,0.00045909805292743643,23,376,71,447,0.7117229890528318,0.5537190082644629
2396,3170,0,0,0.0001231115120698411,23,376,71,447,0.7164912280701753,0.5583333333333333
2397,3194,0,0,0.09615222026876746,23,376,71,447,0.7157848253713368,0.5546218487394958
2398,3301,0,0,0.3494669493816534,23,376,71,447,0.7150758717716812,0.5508474576271186
2399,3451,0,1,0.5429026371897863,23,376,72,448,0.715272836900814,0.5555555555555556
2400,3519,0,0,0.0006234153514473015,23,376,72,448,0.7145893719806763,0.5517241379310345
2401,3539,0,0,4.291049985029101e-05,23,376,72,448,0.7194668983405103,0.5565217391304348
2402,3584,0,0,0.0035285712180764964,23,376,72,448,0.7188047125305885,0.5526315789473685
2403,3680,0,0,0.06558577793946577,23,376,72,448,0.7181387294926566,0.5486725663716814
2404,3768,0,0,0.013530331744561024,23,376,72,448,0.7174685211927744,0.5446428571428571
2405,3776,0,0,0.0003856100188716123,23,376,72,448,0.7167936507936509,0.5405405405405406
2406,3789,0,1,0.9871829733880441,23,376,73,449,0.7114840809683654,0.5363636363636364
2407,3797,0,0,0.0002573226292528925,23,376,73,449,0.7108037535699714,0.5321100917431193
2408,3865,0,0,7.919012495596926e-05,23,376,73,449,0.7101176470588234,0.5277777777777778
2409,3890,0,0,0.00036547428365944046,23,376,73,449,0.7094252873563218,0.5233644859813084
2410,3941,0,0,0.001373628039779493,23,376,73,449,0.7087261867984759,0.5188679245283019
2411,3951,0,0,0.0036334419603947406,23,376,73,449,0.7080198429102935,0.5142857142857142
2412,4051,0,0,0.0001260315488172793,23,376,73,449,0.7073057371096587,0.5096153846153846
2413,4057,0,0,0.00012347333854300591,23,376,73,449,0.7124574443202786,0.5145631067961165
2414,4090,0,0,5.3056269902228566e-05,23,376,73,449,0.7117591795192985,0.5098039215686274
2415,4128,0,0,0.4408382312126972,23,376,73,449,0.7110521349374852,0.504950495049505
2416,4129,0,0,0.009095345976651147,23,376,73,449,0.7162673392181589,0.51
2417,4379,0,0,0.002389100206936017,23,376,73,449,0.715574912891986,0.5050505050505051
2418,4432,0,0,0.000493401574075794,23,376,73,449,0.7148726655348047,0.5
2419,4496,0,0,0.01919045644812392,23,376,73,449,0.71416,0.4948453608247423
2420,4522,0,0,0.07796476744229454,23,376,73,449,0.7134362934362934,0.4895833333333333
2421,4559,0,0,0.0002671659910410844,23,376,73,449,0.7187612594444893,0.49473684210526314
2422,4578,0,0,0.00025867967834226327,23,376,73,449,0.7180500338066261,0.48936170212765956
2423,4720,0,0,0.0002387687527272292,23,376,73,449,0.7173266033577318,0.4838709677419355
2424,4800,0,0,0.10544702805362503,23,376,73,449,0.7227120864723224,0.4891304347826087
2425,4847,0,0,0.0012391904921142728,23,376,73,449,0.722,0.4835164835164835
2426,4868,0,0,0.00040406243510961713,23,376,73,449,0.7274208219631191,0.4888888888888889
2427,4968,0,0,0.001427455957525344,23,376,73,449,0.7267194915489441,0.48314606741573035
2428,4969,0,0,0.2526122905545106,23,376,73,449,0.732174688057041,0.48863636363636365
2429,60,1,0,0.004661565036894306,23,377,73,450,0.7260041928721174,0.4772727272727273
2430,68,1,1,0.5289231541226351,23,377,73,450,0.7260041928721174,0.4772727272727273
2431,128,1,0,0.3049784381061786,23,378,73,451,0.7197800471327572,0.4659090909090909
2432,169,1,0,0.25323584511170166,23,379,73,452,0.7135006054461998,0.45454545454545453
2433,213,1,0,0.019941180322231782,23,380,73,453,0.7135006054461998,0.45454545454545453
2434,220,1,1,0.6430787476800155,23,380,73,453,0.7135006054461998,0.45454545454545453
2435,312,1,0,0.2017952479952181,23,381,73,454,0.7071641791044776,0.4431818181818182
2436,315,1,1,0.8168018292582296,23,381,73,454,0.7071641791044776,0.4431818181818182
2437,333,1,0,0.43639188608778473,23,382,73,455,0.7007690343085785,0.4318181818181818
2438,356,1,1,0.8388725196254871,23,382,73,455,0.7071641791044776,0.4431818181818182
2439,357,1,0,0.11393835543940918,23,383,73,456,0.7007690343085785,0.4318181818181818
2440,388,1,1,0.9883451256969142,23,383,73,456,0.7007690343085785,0.4318181818181818
2441,400,1,0,0.48435500908260637,23,384,73,457,0.6943133903133903,0.42045454545454547
2442,416,1,1,0.8550624609991493,23,384,73,457,0.6943133903133903,0.42045454545454547
2443,488,1,1,0.9935550535057979,23,384,73,457,0.6943133903133903,0.42045454545454547
2444,550,1,1,0.5987346790628819,23,384,73,457,0.6943133903133903,0.42045454545454547
2445,578,1,0,0.0477113202811653,23,385,73,458,0.6943133903133903,0.42045454545454547
2446,591,1,1,0.9140819822414311,23,385,73,458,0.6943133903133903,0.42045454545454547
2447,603,1,1,0.663228596189418,23,385,73,458,0.7007690343085785,0.4318181818181818
2448,635,1,0,0.044536890332120806,23,386,73,459,0.7007690343085785,0.4318181818181818
2449,654,1,1,0.9338704502954865,23,386,73,459,0.7007690343085785,0.4318181818181818
2450,659,1,0,0.01451649225058014,23,387,73,460,0.6943133903133903,0.42045454545454547
2451,674,1,1,0.9890812195772871,23,387,73,460,0.6943133903133903,0.42045454545454547
2452,685,1,0,0.09135744755559119,23,388,73,461,0.6877954174890586,0.4090909090909091
2453,712,1,0,0.17156896248169443,23,389,73,462,0.6812132352941177,0.3977272727272727
2454,795,1,1,0.5856978842768795,23,389,73,462,0.6877954174890586,0.4090909090909091
2455,998,1,0,0.02368532741988241,23,390,73,463,0.6812132352941177,0.3977272727272727
2456,1011,1,1,0.9077894117864326,23,390,73,463,0.6812132352941177,0.3977272727272727
2457,1018,1,0,0.10196156120709611,23,391,73,464,0.6745649101554614,0.38636363636363635
2458,1090,1,1,0.9089951605778078,23,391,73,464,0.6745649101554614,0.38636363636363635
2459,1236,1,0,0.28231117168666753,23,392,73,465,0.667848453249913,0.375
2460,1274,1,0,0.025357334014460785,23,393,73,466,0.667848453249913,0.375
2461,1279,1,0,0.012877631203774201,24,394,73,467,0.667848453249913,0.375
2462,1292,1,1,0.99883345956063,24,394,73,467,0.667848453249913,0.375
2463,1381,1,0,0.34173823024008354,24,395,73,468,0.6622488535086961,0.3707865168539326
2464,1386,1,0,0.00048646772245775955,24,396,73,469,0.6566636029411765,0.36666666666666664
2465,1392,1,0,8.496358652456055e-05,24,397,73,470,0.6510932807002489,0.3626373626373626
2466,1415,1,1,0.9354654532548486,24,397,73,470,0.6523102244672095,0.3695652173913043
2467,1461,1,1,0.7067916329798963,24,397,73,470,0.6535008870490833,0.3763440860215054
2468,1504,1,0,0.33074934254303406,24,398,73,471,0.6480035910672203,0.3723404255319149
2469,1539,1,0,0.04500246782921161,24,399,73,472,0.642522711390636,0.3684210526315789
2470,1552,1,0,0.005183130613425288,24,400,73,473,0.6370588235294118,0.3645833333333333
2471,1593,1,1,0.9604111911033301,24,400,73,473,0.6383106538333887,0.3711340206185567
2472,1685,1,1,0.9425285457766432,24,400,73,473,0.6395384615384616,0.37755102040816324
2473,1690,1,0,0.04277951197825608,24,401,73,474,0.6341501684054875,0.37373737373737376
2474,1697,1,0,0.044755995721684254,24,402,73,475,0.628780434545256,0.37
2475,1740,1,0,0.31829178996934354,24,403,73,476,0.6234298386438464,0.36633663366336633
2476,1790,1,1,0.6157152729815015,24,403,73,476,0.6247221095334686,0.37254901960784315
2477,1940,1,1,0.7203060481947189,24,403,73,476,0.6259925788497217,0.3786407766990291
2478,1975,1,1,0.9892410046792978,24,403,73,476,0.6272424396374234,0.38461538461538464
2479,1978,1,0,0.06874541416210637,24,404,73,477,0.622,0.38095238095238093
2480,2030,1,0,0.0028396292164768054,24,405,73,478,0.6167786377297269,0.37735849056603776
2481,2069,1,1,0.894191364797235,24,405,73,478,0.6180680585324548,0.38317757009345793
2482,2070,1,1,0.9316035853780089,24,405,73,478,0.619339038841343,0.3888888888888889
2483,2072,1,1,0.9895798460889251,24,405,73,478,0.620592645015858,0.3944954128440367
2484,2157,1,0,0.2440870384341193,24,406,73,479,0.6154827910869338,0.39090909090909093
2485,2233,1,1,0.9783535906270345,24,406,73,479,0.61675,0.3963963963963964
2486,2245,1,0,0.11888565577785752,24,407,73,480,0.6116936510824086,0.39285714285714285
2487,2250,1,1,0.9977458691121738,24,407,73,480,0.6172922502334266,0.39823008849557523
2488,2264,1,0,0.27176060505048627,24,408,73,481,0.6122766689964019,0.39473684210526316
2489,2325,1,1,0.7012539243869286,24,408,73,481,0.6135847840103159,0.4
2490,2426,1,0,0.1317924314912941,24,409,73,482,0.6086252703120174,0.39655172413793105
2491,2475,1,0,0.0897627509639867,24,410,73,483,0.6036917581146719,0.39316239316239315
2492,2500,0,0,0.00026751220897888435,24,410,73,483,0.6079775512305633,0.39316239316239315
2493,2501,0,0,0.005966153407107024,24,410,73,483,0.6079775512305633,0.39316239316239315
2494,2536,0,0,0.0013888744019586203,24,410,73,483,0.6079775512305633,0.39316239316239315
2495,2562,0,0,4.862803669648594e-05,24,410,73,483,0.6079775512305633,0.39316239316239315
2496,2573,0,0,0.004512654441632553,24,410,73,483,0.6079775512305633,0.39316239316239315
2497,2591,0,0,0.00044254118899232376,24,410,73,483,0.6079775512305633,0.39316239316239315
2498,2664,0,0,0.003857042710751148,24,410,73,483,0.6079775512305633,0.39316239316239315
2499,2708,0,0,0.0013272459642492676,24,410,73,483,0.6079775512305633,0.39316239316239315
2500,2735,0,0,0.00022778435626159748,24,410,73,483,0.6079775512305633,0.39316239316239315
2501,2746,0,0,0.0005448320305614207,24,410,73,483,0.6079775512305633,0.39316239316239315
2502,2793,0,0,0.00036218299863173,24,410,73,483,0.6079775512305633,0.39316239316239315
2503,2808,0,0,0.05497399877505898,24,410,73,483,0.6079775512305633,0.39316239316239315
2504,2889,0,0,0.005845637210410056,24,410,73,483,0.6079775512305633,0.39316239316239315
2505,2908,0,0,0.0014010278319787305,24,410,73,483,0.6079775512305633,0.39316239316239315
2506,2941,0,0,0.00045898685048598593,24,410,73,483,0.6079775512305633,0.39316239316239315
2507,2949,0,0,0.002763354022539195,24,410,73,483,0.6079775512305633,0.39316239316239315
2508,2984,0,0,0.0007451283086565252,24,410,73,483,0.6079775512305633,0.39316239316239315
2509,2992,0,0,0.0002039529133872012,24,410,73,483,0.6079775512305633,0.39316239316239315
2510,3008,0,0,0.0005417227392346676,24,410,73,483,0.6079775512305633,0.39316239316239315
2511,3016,0,0,0.0002818210604193334,24,410,73,483,0.6079775512305633,0.39316239316239315
2512,3095,0,0,0.00046943726673017946,24,410,73,483,0.6079775512305633,0.39316239316239315
2513,3267,0,0,0.0001882112160328445,24,410,73,483,0.6079775512305633,0.39316239316239315
2514,3338,0,0,0.00015668575464275285,24,410,73,483,0.6079775512305633,0.39316239316239315
2515,3339,0,0,0.0026035090411780427,24,410,73,483,0.6079775512305633,0.39316239316239315
2516,3399,0,0,4.546945046178813e-05,24,410,73,483,0.6079775512305633,0.39316239316239315
2517,3416,0,1,0.5446064071269753,24,410,74,484,0.6036917581146719,0.39316239316239315
2518,3442,0,0,2.102216023962022e-05,24,410,74,484,0.6036917581146719,0.39316239316239315
2519,3458,0,1,0.6516988285133924,24,410,75,485,0.5994088669950739,0.39316239316239315
2520,3574,0,0,0.00011441456859750327,24,410,75,485,0.5994088669950739,0.39316239316239315
2521,3600,0,0,8.390636610217073e-05,24,410,75,485,0.5994088669950739,0.39316239316239315
2522,3627,0,0,0.00031035982532898675,24,410,75,485,0.5994088669950739,0.39316239316239315
2523,3716,0,0,0.0128170137888679,24,410,75,485,0.5994088669950739,0.39316239316239315
2524,3718,0,0,0.0019997656487586255,24,410,75,485,0.5994088669950739,0.39316239316239315
2525,3756,0,0,0.48801629237177113,24,410,75,485,0.5994088669950739,0.39316239316239315
2526,3847,0,0,0.0002401004859232604,24,410,75,485,0.6036917581146719,0.39316239316239315
2527,3888,0,0,0.0005460748186709182,24,410,75,485,0.6086252703120174,0.39655172413793105
2528,3912,0,0,0.001551633225377122,24,410,75,485,0.6135847840103159,0.4
2529,3918,0,0,8.02903915295706e-05,24,410,75,485,0.6185696568830096,0.40350877192982454
2530,4016,0,0,0.0012091166580566986,24,410,75,485,0.6235792498252698,0.40707964601769914
2531,4025,0,0,0.0015372521806422787,24,410,75,485,0.6286129266521424,0.4107142857142857
2532,4099,0,0,0.01692785705089703,24,410,75,485,0.6273958333333334,0.40540540540540543
2533,4117,0,0,0.0029818141607833833,24,410,75,485,0.6261638246678523,0.4
2534,4138,0,0,0.00018884568041232982,24,410,75,485,0.6312801761421718,0.4036697247706422
2535,4153,0,0,0.00019107378292579033,24,410,75,485,0.6364186633039092,0.4074074074074074
2536,4189,0,0,0.0011520897675304496,24,410,75,485,0.6415786701777486,0.411214953271028
2537,4244,0,0,0.4353277043498366,24,410,75,485,0.6467595818815332,0.41509433962264153
2538,4247,0,0,0.0009076224809671161,24,410,75,485,0.6519607843137254,0.41904761904761906
2539,4276,0,0,0.0006165470415042085,24,410,75,485,0.6571816638370119,0.4230769230769231
2540,4299,0,0,9.780138989966427e-05,24,410,75,485,0.6624216069576317,0.42718446601941745
2541,4375,0,0,0.006146533392089728,24,410,75,485,0.66768,0.43137254901960786
2542,4445,0,0,0.00026460648958603227,24,410,75,485,0.6666602316602317,0.42574257425742573
2543,4448,0,0,0.001230451178685636,24,410,75,485,0.6719636471189265,0.43
2544,4464,0,0,0.0001723918359758731,24,410,75,485,0.6709546991210277,0.42424242424242425
2545,4580,0,0,0.00030974738004812895,24,410,75,485,0.6699284373214334,0.41836734693877553
2546,4599,0,0,0.00037200624110798793,24,410,75,485,0.6753029806747461,0.422680412371134
2547,4617,0,0,0.0004069999551918506,24,410,75,485,0.6806933377146143,0.4270833333333333
2548,4619,0,0,0.15153288628998904,24,410,75,485,0.6797031340444886,0.42105263157894735
2549,4683,0,0,0.013301391132125188,24,410,75,485,0.6851355238411329,0.425531914893617
2550,4724,0,0,0.00055580796741489,24,410,75,485,0.6905822763731231,0.43010752688172044
2551,4733,0,0,0.000535469350739368,24,410,75,485,0.6896268343815514,0.42391304347826086
2552,4769,0,0,0.001860495664709274,24,410,75,485,0.6951139041633936,0.42857142857142855
2553,4809,0,0,0.0001473053959707554,24,410,75,485,0.7006138942862775,0.43333333333333335
2554,4840,0,1,0.9891529295652935,24,410,76,486,0.7016516009123933,0.43820224719101125
2555,4874,0,0,0.023726028357984402,24,410,76,486,0.7007690343085785,0.4318181818181818
2556,22,1,0,0.32884884863921116,24,411,76,487,0.7007690343085785,0.4318181818181818
2557,49,1,1,0.8353003429757333,24,411,76,487,0.7071641791044776,0.4431818181818182
2558,61,1,1,0.986403300847584,24,411,76,487,0.7071641791044776,0.4431818181818182
2559,72,1,0,0.40124881711869614,24,412,76,488,0.7071641791044776,0.4431818181818182
2560,124,1,1,0.9650007586878598,24,412,76,488,0.7071641791044776,0.4431818181818182
2561,126,1,1,0.9900845888759764,25,412,76,488,0.7135006054461998,0.45454545454545453
2562,137,1,0,0.4300510005661014,25,413,76,489,0.7135006054461998,0.45454545454545453
2563,155,1,0,0.46531743844722134,25,414,76,490,0.7135006054461998,0.45454545454545453
2564,196,1,1,0.9183168007903549,25,414,76,490,0.7197800471327572,0.4659090909090909
2565,292,1,1,0.7601631289170339,25,414,76,490,0.7197800471327572,0.4659090909090909
2566,297,1,1,0.8001480958518694,25,414,76,490,0.7260041928721174,0.4772727272727273
2567,323,1,0,0.4227693210729109,25,415,76,491,0.7260041928721174,0.4772727272727273
2568,324,1,0,0.0517201869954628,25,416,76,492,0.7260041928721174,0.4772727272727273
2569,341,1,1,0.9689923246009959,25,416,76,492,0.7260041928721174,0.4772727272727273
2570,414,1,0,0.38430536249552016,25,417,76,493,0.7260041928721174,0.4772727272727273
2571,441,1,0,0.21226402318873647,25,418,76,494,0.7197800471327572,0.4659090909090909
2572,452,1,1,0.9859496465366876,25,418,76,494,0.7260041928721174,0.4772727272727273
2573,464,1,1,0.6301584976693333,25,418,76,494,0.732174688057041,0.48863636363636365
2574,465,1,1,0.9451717585683178,25,418,76,494,0.732174688057041,0.48863636363636365
2575,476,1,1,0.9694447798066164,25,418,76,494,0.7382931364658211,0.5
2576,509,1,1,0.9871162906327428,25,418,76,494,0.7382931364658211,0.5
2577,531,1,1,0.9730684457308273,25,418,76,494,0.7382931364658211,0.5
2578,540,1,0,0.05419040664190601,25,419,76,495,0.7382931364658211,0.5
2579,557,1,1,0.9996447503289201,25,419,76,495,0.7443611018918023,0.5113636363636364
2580,567,1,0,0.021146711609305948,25,420,76,496,0.7382931364658211,0.5
2581,611,1,1,0.6703108548314689,25,420,76,496,0.7389340941040271,0.5056179775280899
2582,631,1,1,0.5945848236770456,25,420,76,496,0.7395629672225417,0.5111111111111111
2583,690,1,1,0.9563170158251333,25,420,76,496,0.7401804032543332,0.5164835164835165
2584,696,1,1,0.5981579427548945,25,420,76,496,0.7407870182555781,0.5217391304347826
2585,738,1,1,0.7943220749103729,25,420,76,496,0.7413833992094863,0.5268817204301075
2586,796,1,1,0.6092817260270609,25,420,76,496,0.7419701061525709,0.5319148936170213
2587,827,1,1,0.9628978016559873,25,420,76,496,0.7425476741402696,0.5368421052631579
2588,849,1,0,0.28830443587155286,25,421,76,497,0.7372665534804753,0.53125
2589,875,1,1,0.987688976748388,25,421,76,497,0.7378576707845,0.5360824742268041
2590,934,1,1,0.9915167631713225,25,421,76,497,0.7384405212274064,0.5408163265306123
2591,962,1,1,0.5972611176471724,25,421,76,497,0.7390155874045402,0.5454545454545454
2592,971,1,1,0.5931117033718764,25,421,76,497,0.7395833333333333,0.55
2593,985,1,1,0.9999578019456858,25,421,76,497,0.7401442058304804,0.5544554455445545
2594,1008,1,1,0.9562059204928817,25,421,76,497,0.7406986357999173,0.5588235294117647
2595,1020,1,1,0.9321736279388803,25,421,76,497,0.7412470394398105,0.5631067961165048
2596,1070,1,1,0.9339140407369908,25,421,76,497,0.7417898193760263,0.5673076923076923
2597,1111,1,1,0.6194192476277943,25,421,76,497,0.7423273657289003,0.5714285714285714
2598,1145,1,0,0.05793609224396331,25,422,76,498,0.7372573354784341,0.5660377358490566
2599,1203,1,1,0.5305812032668713,25,422,76,498,0.7425030599755204,0.5700934579439252
2600,1205,1,1,0.8265783903802706,25,422,76,498,0.7430576747024719,0.5740740740740741
2601,1215,1,0,0.004347394842286707,25,423,76,499,0.7380380952380952,0.5688073394495413
2602,1277,1,1,0.5288850396838329,25,423,76,499,0.7386106255225355,0.5727272727272728
2603,1300,1,0,0.3036132063965907,25,424,76,500,0.7336309343050916,0.5675675675675675
2604,1320,1,1,0.8510104855764634,25,424,76,500,0.7342222222222222,0.5714285714285714
2605,1321,1,0,0.49894113143513513,25,425,76,501,0.7292840384469841,0.5663716814159292
2606,1349,1,0,0.1617691078165313,25,426,76,502,0.7290299957112945,0.5614035087719298
2607,1357,1,1,0.9841136899204269,25,426,76,502,0.7296681020372188,0.5652173913043478
2608,1363,1,1,0.9338968757447002,25,426,76,502,0.7303029541169076,0.5689655172413793
2609,1382,1,0,0.01895670207776764,25,427,76,503,0.7254416641543563,0.5641025641025641
2610,1404,1,1,0.9821095764237836,25,427,76,503,0.7260979526294661,0.5677966101694916
2611,1420,1,1,0.9763795584487763,25,427,76,503,0.726751879699248,0.5714285714285714
2612,1521,1,0,0.021536253776956036,25,428,76,504,0.7219619729953155,0.5666666666666667
2613,1526,1,0,0.00011699837040165072,25,429,76,505,0.7171955128205129,0.5619834710743802
2614,1532,1,1,0.8305605024066424,25,429,76,505,0.7178981082974677,0.5655737704918032
2615,1545,1,1,0.9531866172388542,25,429,76,505,0.7185994397759103,0.5691056910569106
2616,1606,1,0,0.34309555335735914,25,430,76,506,0.713909629666675,0.5645161290322581
2617,1617,1,0,0.07050552887151709,25,431,76,507,0.7092459245924593,0.56
2618,1693,1,1,0.710262090878759,25,431,76,507,0.71,0.5634920634920635
2619,1735,1,0,0.053208006144278605,25,432,76,508,0.7053908847721193,0.5590551181102362
2620,1769,1,1,0.9689148080143614,25,432,76,508,0.7061728889000025,0.5625
2621,1778,1,1,0.82998283352887,25,432,76,508,0.7069555972482802,0.5658914728682171
2622,1782,1,0,0.2519173362481702,25,433,76,509,0.7024321889700731,0.5615384615384615
2623,1807,1,1,0.9406503752311314,25,433,76,509,0.7032451923076922,0.5648854961832062
2624,1830,1,0,0.009211439272659713,25,434,76,510,0.6987820336180767,0.5606060606060606
2625,1877,1,0,0.006891130365556969,25,435,76,511,0.6943508771929825,0.556390977443609
2626,1886,1,1,0.8295095891047701,25,435,76,511,0.6952268165395423,0.5597014925373134
2627,1906,1,1,0.9715645467620432,25,435,76,511,0.6961059190031151,0.562962962962963
2628,1951,1,1,0.5389075693422846,25,435,76,511,0.6969887278582931,0.5661764705882353
2629,1964,1,1,0.9185973201658634,25,435,76,511,0.7021812596006144,0.5735294117647058
2630,1987,1,0,0.2689034989626027,25,436,76,512,0.6969887278582931,0.5661764705882353
2631,2018,1,1,0.9997557718104534,25,436,76,512,0.7021812596006144,0.5735294117647058
2632,2170,1,0,0.26801203302709725,25,437,76,513,0.7021812596006144,0.5735294117647058
2633,2173,1,1,0.9962389534199976,25,437,76,513,0.7073495312027421,0.5808823529411765
2634,2189,1,1,0.9965205805522558,25,437,76,513,0.7073495312027421,0.5808823529411765
2635,2195,1,1,0.9399757805370655,25,437,76,513,0.7124942607028432,0.5882352941176471
2636,2199,1,0,0.0011223755508737861,25,438,76,514,0.7073495312027421,0.5808823529411765
2637,2257,1,0,0.0029490612446218334,25,439,76,515,0.7073495312027421,0.5808823529411765
2638,2271,1,1,0.9223412575822373,25,439,76,515,0.7073495312027421,0.5808823529411765
2639,2299,1,1,0.5286279069676862,25,439,76,515,0.7124942607028432,0.5882352941176471
2640,2331,1,0,0.32385570418641213,25,440,76,516,0.7073495312027421,0.5808823529411765
2641,2352,1,1,0.9385471670696515,25,440,76,516,0.7124942607028432,0.5882352941176471
2642,2362,1,0,0.10818760743326268,25,441,76,517,0.7073495312027421,0.5808823529411765
2643,2370,1,1,0.6617488156952169,25,441,76,517,0.7073495312027421,0.5808823529411765
2644,2403,1,1,0.9803096791858863,25,441,76,517,0.7073495312027421,0.5808823529411765
2645,2484,1,1,0.9877107309643648,25,441,76,517,0.7124942607028432,0.5882352941176471
2646,2502,0,0,0.07822255335656117,25,441,76,517,0.7116932336128527,0.5851851851851851
2647,2668,0,0,0.1079745814217164,25,441,76,517,0.7108962916404777,0.582089552238806
2648,2765,0,0,0.0010533129104170476,25,441,76,517,0.715303989548789,0.5864661654135338
2649,2914,0,0,0.004004511912028301,25,441,76,517,0.7145403452428744,0.5833333333333334
2650,2989,0,0,8.569606364966651e-05,25,441,76,517,0.7190092529902956,0.5877862595419847
2651,2996,0,0,0.0008607722781359587,25,441,76,517,0.718277010947168,0.5846153846153846
2652,3063,0,0,0.012033589928093589,25,441,76,517,0.7228044871794872,0.5891472868217055
2653,3086,0,0,0.01131167304656213,25,441,76,517,0.7273610172461266,0.59375
2654,3107,0,0,0.012469917195405382,25,441,76,517,0.7266854283927455,0.5905511811023622
2655,3153,0,0,0.00042739988374331227,25,441,76,517,0.731296518607443,0.5952380952380952
2656,3231,0,0,3.824699061184698e-05,25,441,76,517,0.7306480648064806,0.592
2657,3300,0,0,0.0002718015125746842,25,441,76,517,0.7353113827845696,0.5967741935483871
2658,3387,0,0,0.07644360312345833,25,441,76,517,0.7346886172154303,0.5934959349593496
2659,3434,0,0,0.2040368693498597,25,441,76,517,0.7394019401940194,0.5983606557377049
2660,3616,0,0,0.00020345149824672242,25,441,76,517,0.744139181315796,0.6033057851239669
2661,3636,0,0,0.0009871691053278226,26,441,76,517,0.7488995598239296,0.6083333333333333
2662,3640,0,0,0.0005177361823960311,26,441,76,517,0.748348513662296,0.6050420168067226
2663,3642,0,0,0.004065747741920449,26,441,76,517,0.753154113789392,0.6101694915254238
2664,3652,0,0,0.0005459145490614147,26,441,76,517,0.7579807692307692,0.6153846153846154
2665,3655,0,1,0.547093322513138,26,441,77,518,0.7580769230769231,0.6206896551724138
2666,3681,0,0,5.626659294419506e-06,26,441,77,518,0.757593984962406,0.6173913043478261
2667,3715,0,0,0.005026054254230406,26,441,77,518,0.7571095945403453,0.6140350877192983
2668,3744,0,0,6.561321353041764e-05,26,441,77,518,0.7620087369134594,0.6194690265486725
2669,3820,0,0,0.0011760769381249066,26,441,77,518,0.7669259370917496,0.625
2670,3833,0,0,0.1810423188507964,26,441,77,518,0.771860465116279,0.6306306306306306
2671,3882,0,0,0.00029911049318684526,26,441,77,518,0.7714361260104253,0.6272727272727273
2672,3904,0,0,0.001105894997709516,26,441,77,518,0.7710096117460077,0.6238532110091743
2673,3925,0,0,0.0008104330838500114,26,441,77,518,0.7759999999999999,0.6296296296296297
2674,3970,0,0,0.0001996311323176597,26,441,77,518,0.7810053338052023,0.6355140186915887
2675,3976,0,0,0.0035647061749434685,26,441,77,518,0.7860249013058003,0.6415094339622641
2676,4013,0,0,0.0036311964556654235,26,441,77,518,0.7856534090909091,0.638095238095238
2677,4039,0,0,0.0005085653840437419,26,441,77,518,0.7852792187976809,0.6346153846153846
2678,4045,0,0,0.1882199905561512,26,441,77,518,0.7849020807833537,0.6310679611650486
2679,4046,0,0,0.1732747461861485,26,441,77,518,0.7899900406036926,0.6372549019607843
2680,4069,0,0,0.041062627620600596,26,441,77,518,0.7950895140664962,0.6435643564356436
2681,4076,0,0,0.0036405037175331625,26,441,77,518,0.7947454844006568,0.64
2682,4108,0,0,0.00202176823968262,26,441,77,518,0.7943981052414787,0.6363636363636364
2683,4139,0,0,0.0006460098105819746,26,441,77,518,0.794047126911947,0.6326530612244898
2684,4164,0,0,0.1332312938442231,26,441,77,518,0.799210219771686,0.6391752577319587
2685,4228,0,0,0.030097739829617248,26,441,77,518,0.7988731515891786,0.6354166666666666
2686,4278,0,0,0.0002835682028871492,26,441,77,518,0.8040625,0.6421052631578947
2687,4303,0,0,0.0021675742141181913,26,441,77,518,0.8037388848205879,0.6382978723404256
2688,4324,0,0,0.0013020513981472615,26,441,77,518,0.8089531073890593,0.6451612903225806
2689,4325,0,0,0.020865351311802335,26,441,77,518,0.8086425279789334,0.6413043478260869
2690,4371,0,0,0.00016917641317090856,26,441,77,518,0.8138802660753881,0.6483516483516484
2691,4459,0,0,0.1277155853102595,26,441,77,518,0.819123600857347,0.6555555555555556
2692,4479,0,0,0.023372007371177162,26,441,77,518,0.819123600857347,0.6555555555555556
2693,4484,0,1,0.5860778772245208,26,441,78,519,0.814317389927146,0.6555555555555556
2694,4517,0,0,0.0009988811987717808,26,441,78,519,0.814317389927146,0.6555555555555556
2695,4574,0,0,0.000124830164850517,26,441,78,519,0.814317389927146,0.6555555555555556
2696,4613,0,0,0.02096646609265282,26,441,78,519,0.814317389927146,0.6555555555555556
2697,4645,0,0,0.46220930996085585,26,441,78,519,0.814317389927146,0.6555555555555556
2698,4652,0,0,0.0006063273815953147,26,441,78,519,0.814317389927146,0.6555555555555556
2699,4749,0,0,0.003011392764415145,26,441,78,519,0.814317389927146,0.6555555555555556
2700,4757,0,0,0.0016949118298085208,26,441,78,519,0.814317389927146,0.6555555555555556
2701,4827,0,0,0.003003193339275847,26,441,78,519,0.814317389927146,0.6555555555555556
2702,4910,0,0,0.0003416066052481855,26,441,78,519,0.814317389927146,0.6555555555555556
2703,0,1,1,0.8453151469159353,26,441,78,519,0.8145901639344263,0.6593406593406593
2704,56,1,0,0.49305298855190255,26,442,78,520,0.8093701344656759,0.6521739130434783
2705,70,1,1,0.7071330476593818,26,442,78,520,0.8096555233696079,0.6559139784946236
2706,78,1,0,0.4540428531807635,26,443,78,521,0.8044583333333333,0.648936170212766
2707,82,1,1,0.9805435921137063,26,443,78,521,0.8047567175018157,0.6526315789473685
2708,96,1,0,0.44733869410129057,26,444,78,522,0.7995837539799644,0.6458333333333334
2709,125,1,0,0.15184602926243973,26,445,78,523,0.7944191814799504,0.6391752577319587
2710,142,1,1,0.7143095925289853,26,445,78,523,0.7947482236638863,0.6428571428571429
2711,143,1,1,0.5784582178724934,26,445,78,523,0.7950738916256158,0.6464646464646465
2712,161,1,1,0.8388226677006297,26,445,78,523,0.7953964194373401,0.65
2713,179,1,1,0.9922864998399201,26,445,78,523,0.7957160342717259,0.6534653465346535
2714,194,1,1,0.9639907785712116,26,445,78,523,0.7960329569728409,0.6568627450980392
2715,205,1,0,0.005164000931609362,26,446,78,524,0.7909650793650794,0.6504854368932039
2716,235,1,0,0.2257618914879557,26,447,78,525,0.7859090909090909,0.6442307692307693
2717,239,1,0,0.20041779940135063,26,448,78,526,0.7856534090909091,0.638095238095238
2718,243,1,1,0.9980769475681479,26,448,78,526,0.7860249013058003,0.6415094339622641
2719,246,1,0,0.17155154520306107,26,449,78,527,0.7857910719708472,0.6355140186915887
2720,259,1,1,0.674818404835861,26,449,78,527,0.7861818181818182,0.6388888888888888
2721,262,1,0,0.19669618437943406,26,450,78,528,0.7811869623350739,0.6330275229357798
2722,277,1,0,0.29676361757890807,26,451,78,529,0.7762072789595726,0.6272727272727273
2723,301,1,1,0.6975711197658352,26,451,78,529,0.7766344605475041,0.6306306306306306
2724,302,1,0,0.09217500245982717,26,452,78,530,0.7716907605279698,0.625
2725,340,1,0,0.0007728262305347085,26,453,78,531,0.7667641443071048,0.6194690265486725
2726,359,1,0,0.16809574802407498,26,454,78,532,0.7618553388064572,0.6140350877192983
2727,364,1,0,0.009625263682478909,26,455,78,533,0.7569650742673625,0.6086956521739131
2728,365,1,1,0.9799715345951204,26,455,78,533,0.7574736842105263,0.6120689655172413
2729,382,1,1,0.6615751714105783,26,455,78,533,0.7579807692307692,0.6153846153846154
2730,398,1,1,0.5931294528926371,26,455,78,533,0.7584866379741768,0.6186440677966102
2731,407,1,0,0.2569870897833841,26,456,78,534,0.753682301438399,0.6134453781512605
2732,424,1,1,0.7865112959657439,26,456,78,534,0.7542096971818659,0.6166666666666667
2733,426,1,1,0.9523943194534695,26,456,78,534,0.7547366184154605,0.6198347107438017
2734,430,1,1,0.8668804475770554,26,456,78,534,0.7552633815845397,0.6229508196721312
2735,451,1,1,0.9067713413261457,26,456,78,534,0.755790302818134,0.6260162601626016
2736,453,1,0,0.004111089865326382,26,457,78,535,0.7511004401760704,0.6209677419354839
2737,454,1,1,0.6104624816457898,26,457,78,535,0.751651486337704,0.624
2738,455,1,1,0.6196076881166349,26,457,78,535,0.7522035256410257,0.626984126984127
2739,468,1,1,0.6008606439592578,26,457,78,535,0.7527568922305764,0.6299212598425197
2740,482,1,0,0.42802158070700935,26,458,78,536,0.7481651997291807,0.625
2741,490,1,0,0.11337821760884226,26,459,78,537,0.7436009634684866,0.6201550387596899
2742,495,1,0,0.25159005001289025,26,460,78,538,0.7390650498355552,0.6153846153846154
2743,496,1,0,0.33535439775542686,26,461,78,539,0.7345583358456438,0.6106870229007634
2744,504,1,1,0.9899935530585446,26,461,78,539,0.7352173913043478,0.6136363636363636
2745,519,1,0,0.0023370275648689097,26,462,78,540,0.7307685527939362,0.6090225563909775
2746,520,1,0,0.054417858399790596,26,463,78,541,0.7263514467184191,0.6044776119402985
2747,522,1,0,0.21258351673239284,26,464,78,542,0.7219670021948081,0.6
2748,541,1,1,0.9976247766522829,26,464,78,542,0.7227159432746025,0.6029411764705882
2749,549,1,0,0.2594741165926457,26,465,78,543,0.7183955865978338,0.5985401459854015
2750,558,1,0,0.4182881390516712,26,466,78,544,0.7141106128550075,0.5942028985507246
2751,572,1,0,0.048090345670952786,26,467,78,545,0.709862012987013,0.5899280575539568
2752,607,1,0,0.3860560827424202,26,468,78,546,0.7056507936507938,0.5857142857142857
2753,608,1,0,0.10095158005929832,26,469,78,547,0.7014779778252467,0.5815602836879432
2754,613,1,1,0.558637621524707,26,469,78,547,0.7069527131980342,0.5845070422535211
2755,649,1,0,0.10590395066449507,26,470,78,548,0.7028376172990616,0.5804195804195804
2756,657,1,0,0.17824043190812677,26,471,78,549,0.7028376172990616,0.5804195804195804
2757,676,1,1,0.9520027852726397,26,471,78,549,0.7028376172990616,0.5804195804195804
2758,683,1,0,0.12772446248164412,26,472,78,550,0.6977777494843522,0.5734265734265734
2759,730,1,1,0.7403038900597759,26,472,78,550,0.7028376172990616,0.5804195804195804
2760,733,1,1,0.6665220829415665,26,472,78,550,0.7028376172990616,0.5804195804195804
2761,765,1,0,0.21926128660645086,27,473,78,551,0.6977777494843522,0.5734265734265734
2762,784,1,0,0.03996409138483837,27,474,78,552,0.6977777494843522,0.5734265734265734
2763,786,1,1,0.7267007335307476,27,474,78,552,0.7028376172990616,0.5804195804195804
2764,790,1,1,0.9919250721566639,27,474,78,552,0.7028376172990616,0.5804195804195804
2765,797,1,1,0.7884792586307031,27,474,78,552,0.7028376172990616,0.5804195804195804
2766,823,1,0,0.40568131387063483,27,475,78,553,0.6977777494843522,0.5734265734265734
2767,832,1,0,0.08025782239761373,27,476,78,554,0.6977777494843522,0.5734265734265734
2768,837,1,1,0.8445726229196513,27,476,78,554,0.7028376172990616,0.5804195804195804
2769,855,1,1,0.8681240936519369,27,476,78,554,0.7028376172990616,0.5804195804195804
2770,859,1,0,0.18310727695322965,27,477,78,555,0.7028376172990616,0.5804195804195804
2771,880,1,1,0.5068833818235328,27,477,78,555,0.7078748180494905,0.5874125874125874
2772,897,1,0,0.02665250240174512,27,478,78,556,0.7028376172990616,0.5804195804195804
2773,900,1,0,0.024802995276265952,27,479,78,557,0.6977777494843522,0.5734265734265734
2774,915,1,0,0.30153381932725043,27,480,78,558,0.6926945376869088,0.5664335664335665
2775,919,1,1,0.9368944923077486,27,480,78,558,0.6926945376869088,0.5664335664335665
2776,932,1,0,0.06689225444308536,27,481,78,559,0.6875873015873016,0.5594405594405595
2777,949,1,0,0.3190957474649831,27,482,78,560,0.6824553571428572,0.5524475524475524
2778,960,1,0,0.1363059599530352,27,483,78,561,0.6824553571428572,0.5524475524475524
2779,979,1,0,0.33798204108920915,27,484,78,562,0.6772980162651061,0.5454545454545454
2780,999,1,1,0.9260736919903488,27,484,78,562,0.6824553571428572,0.5524475524475524
2781,1006,1,1,0.5216114033234479,27,484,78,562,0.6824553571428572,0.5524475524475524
2782,1028,1,1,0.9836739974646683,27,484,78,562,0.6824553571428572,0.5524475524475524
2783,1029,1,1,0.600213627891604,27,484,78,562,0.6824553571428572,0.5524475524475524
2784,1030,1,1,0.7723794017240363,27,484,78,562,0.6824553571428572,0.5524475524475524
2785,1044,1,0,0.17331278280762746,27,485,78,563,0.6772980162651061,0.5454545454545454
2786,1052,1,1,0.9281190902585793,27,485,78,563,0.6772980162651061,0.5454545454545454
2787,1066,1,1,0.6270794684255359,27,485,78,563,0.6772980162651061,0.5454545454545454
2788,1067,1,0,0.0004541730887435802,27,486,78,564,0.6772980162651061,0.5454545454545454
2789,1086,1,0,0.11249213764032989,27,487,78,565,0.6721145864966089,0.5384615384615384
2790,1096,1,1,0.7632010571467417,27,487,78,565,0.6721145864966089,0.5384615384615384
2791,1102,1,0,0.43038915765283015,27,488,78,566,0.6669043706868223,0.5314685314685315
2792,1116,1,1,0.8875509341713353,27,488,78,566,0.6669043706868223,0.5314685314685315
2793,1122,1,0,0.45919528429793494,27,489,78,567,0.6616666666666666,0.5244755244755245
2794,1134,1,0,0.11750903172057543,27,490,78,568,0.6564007669214662,0.5174825174825175
2795,1143,1,0,0.0015578624876582774,27,491,78,569,0.6511059582619215,0.5104895104895105
2796,1149,1,0,0.3421301748099608,27,492,78,570,0.6457815214927853,0.5034965034965035
2797,1159,1,0,0.026466322921480337,27,493,78,571,0.6404267310789051,0.4965034965034965
2798,1217,1,0,0.05312918367570942,27,494,78,572,0.6404267310789051,0.4965034965034965
2799,1232,1,1,0.9983183543010947,27,494,78,572,0.6404267310789051,0.4965034965034965
2800,1260,1,0,0.012019521393775578,27,495,78,573,0.6350408548082968,0.48951048951048953
2801,1280,1,0,0.2760065440697097,27,496,78,574,0.6350408548082968,0.48951048951048953
2802,1282,1,0,0.02861841664965376,27,497,78,575,0.6296231534519144,0.4825174825174825
2803,1309,1,0,0.143348202611819,27,498,78,576,0.6296231534519144,0.4825174825174825
2804,1364,1,1,0.5186876844023466,27,498,78,576,0.6296231534519144,0.4825174825174825
2805,1373,1,1,0.9607901854655638,27,498,78,576,0.6350408548082968,0.48951048951048953
2806,1389,1,0,0.2006752729544728,27,499,78,577,0.6350408548082968,0.48951048951048953
2807,1405,1,1,0.9789630395931219,27,499,78,577,0.6350408548082968,0.48951048951048953
2808,1412,1,0,0.2610414068029974,27,500,78,578,0.6296231534519144,0.4825174825174825
2809,1421,1,0,0.02094656344856868,27,501,78,579,0.6296231534519144,0.4825174825174825
2810,1422,1,1,0.9535651107152987,27,501,78,579,0.6296231534519144,0.4825174825174825
2811,1428,1,0,0.39700165527470077,27,502,78,580,0.6241728804197736,0.4755244755244755
2812,1460,1,0,0.1685375525932124,27,503,78,581,0.6241728804197736,0.4755244755244755
2813,1466,1,0,0.015738360870041428,27,504,78,582,0.6241728804197736,0.4755244755244755
2814,1476,1,0,0.08572003799990657,27,505,78,583,0.6186892814130871,0.46853146853146854
2815,1514,1,1,0.6314913649652854,27,505,78,583,0.6186892814130871,0.46853146853146854
2816,1530,1,1,0.8707140636164875,27,505,78,583,0.6241728804197736,0.4755244755244755
2817,1591,1,0,4.248622283391711e-05,27,506,78,584,0.6241728804197736,0.4755244755244755
2818,1594,1,1,0.5122123315535461,27,506,78,584,0.6241728804197736,0.4755244755244755
2819,1602,1,0,0.19219282901286133,27,507,78,585,0.6241728804197736,0.4755244755244755
2820,1615,1,1,0.9690191823183092,27,507,78,585,0.6241728804197736,0.4755244755244755
2821,1616,1,0,0.2876941257312532,27,508,78,586,0.6186892814130871,0.46853146853146854
2822,1621,1,0,0.181384773515898,27,509,78,587,0.6186892814130871,0.46853146853146854
2823,1647,1,1,0.7861780863861545,27,509,78,587,0.6186892814130871,0.46853146853146854
2824,1652,1,1,0.859014060602488,27,509,78,587,0.6241728804197736,0.4755244755244755
2825,1680,1,0,0.0006740422839431458,27,510,78,588,0.6241728804197736,0.4755244755244755
2826,1695,1,0,0.11847584337808657,27,511,78,589,0.6186892814130871,0.46853146853146854
2827,1702,1,1,0.6000387451888397,27,511,78,589,0.6186892814130871,0.46853146853146854
2828,1707,1,0,0.05429740079031151,27,512,78,590,0.613171594072068,0.46153846153846156
2829,1731,1,1,0.6253811573578242,27,512,78,590,0.613171594072068,0.46153846153846156
2830,1751,1,1,0.9549270070835437,27,512,78,590,0.6186892814130871,0.46853146853146854
2831,1775,1,1,0.7215773735411477,27,512,78,590,0.6186892814130871,0.46853146853146854
2832,1789,1,0,0.13268523820318961,27,513,78,591,0.6186892814130871,0.46853146853146854
2833,1806,1,1,0.6786020600500668,27,513,78,591,0.6186892814130871,0.46853146853146854
2834,1833,1,1,0.9964800034123202,27,513,78,591,0.6186892814130871,0.46853146853146854
2835,1857,1,0,0.0011225010852214184,27,514,78,592,0.613171594072068,0.46153846153846156
2836,1859,1,1,0.7099644011990861,27,514,78,592,0.6186892814130871,0.46853146853146854
2837,1862,1,1,0.9293645696385449,27,514,78,592,0.6241728804197736,0.4755244755244755
2838,1873,1,0,0.1809635603856228,27,515,78,593,0.6186892814130871,0.46853146853146854
2839,1885,1,0,0.003073757328043838,27,516,78,594,0.613171594072068,0.46153846153846156
2840,1897,1,0,0.19059361897023824,27,517,78,595,0.613171594072068,0.46153846153846156
2841,1921,1,0,0.4682429885253128,27,518,78,596,0.6076190476190476,0.45454545454545453
2842,1922,1,1,0.8681489027464745,27,518,78,596,0.613171594072068,0.46153846153846156
2843,1933,1,1,0.9188827032110337,27,518,78,596,0.613171594072068,0.46153846153846156
2844,1957,1,0,0.05979684137746172,27,519,78,597,0.6076190476190476,0.45454545454545453
2845,1986,1,1,0.9900911223725628,27,519,78,597,0.6076190476190476,0.45454545454545453
2846,1988,1,1,0.9273825531928567,27,519,78,597,0.6091529506222401,0.4583333333333333
2847,2006,1,1,0.9583091464897047,27,519,78,597,0.6106923927243493,0.46206896551724136
2848,2013,1,1,0.6179006230114384,27,519,78,597,0.6122383252818036,0.4657534246575342
2849,2048,1,0,0.12889239949980488,27,520,78,598,0.6083500793231095,0.46258503401360546
2850,2051,1,0,0.17909821911425125,27,521,78,599,0.6045085190039319,0.4594594594594595
2851,2083,1,1,0.8661818240335323,27,521,78,599,0.6061515151515152,0.46308724832214765
2852,2085,1,1,0.837361146073828,27,521,78,599,0.6078044336471303,0.4666666666666667
2853,2088,1,1,0.5459325882378866,27,521,78,599,0.6094683441558442,0.47019867549668876
2854,2109,1,0,0.3921401237360063,27,522,78,600,0.6058158730158729,0.46710526315789475
2855,2119,1,1,0.5965596501018476,27,522,78,600,0.6075406788724504,0.47058823529411764
2856,2127,1,0,0.24305026868960544,27,523,78,601,0.6039902080783354,0.4675324675324675
2857,2129,1,1,0.8428507318465907,27,523,78,601,0.6057800511508952,0.47096774193548385
2858,2136,1,0,0.11970465245376498,27,524,78,602,0.6023361254130485,0.46794871794871795
2859,2138,1,1,0.8904577459170201,27,524,78,602,0.6041954717175091,0.4713375796178344
2860,2149,1,1,0.9523850016067209,27,524,78,602,0.606073500967118,0.47468354430379744
2861,2154,1,1,0.8890193796864546,28,524,78,602,0.6079715772307215,0.4779874213836478
2862,2174,1,1,0.8557781134623081,28,524,78,602,0.609891109436316,0.48125
2863,2175,1,0,0.0012009885695420943,28,525,78,603,0.6067291666666667,0.4782608695652174
2864,2182,1,0,0.010213355941612785,28,526,78,604,0.6036310968449071,0.47530864197530864
2865,2213,1,1,0.7441723008083061,28,526,78,604,0.6096756982948007,0.4785276073619632
2866,2246,1,1,0.5645411575230943,28,526,78,604,0.6117528373266079,0.4817073170731707
2867,2289,1,0,0.01186650185822331,28,527,78,605,0.6088150098749177,0.47878787878787876
2868,2304,1,1,0.5951853207862445,28,527,78,605,0.6109851551956815,0.4819277108433735
2869,2314,1,0,0.0009488936326414998,28,528,78,606,0.6081833616298811,0.47904191616766467
2870,2326,1,1,0.944042749120479,28,528,78,606,0.6104533333333333,0.48214285714285715
2871,2327,1,1,0.5517591704891904,28,528,78,606,0.6127584727584727,0.48520710059171596
2872,2358,1,0,0.002059603104524858,28,529,78,607,0.6101718157618778,0.4823529411764706
2873,2359,1,0,0.08590675577130165,28,530,78,608,0.6076636824506525,0.47953216374269003
2874,2365,1,0,0.47814299569322977,28,531,78,609,0.6052359702501691,0.47674418604651164
2875,2377,1,0,0.0008708846055040096,28,532,78,610,0.602890625,0.47398843930635837
2876,2386,1,0,0.33629896635609513,28,533,78,611,0.60062964273081,0.47126436781609193
2877,2411,1,1,0.5819915954044799,28,533,78,611,0.6033640023001726,0.4742857142857143
2878,2424,1,1,0.5495013889447857,28,533,78,611,0.6061490118250228,0.4772727272727273
2879,2427,1,0,0.4071123108154767,28,534,78,612,0.6041475826972009,0.4745762711864407
2880,2450,1,1,0.8239577285751638,28,534,78,612,0.6070766488413547,0.47752808988764045
2881,2453,1,1,0.8183581123196093,28,534,78,612,0.6100650880933677,0.48044692737430167
2882,2455,1,1,0.8282131542621609,28,534,78,612,0.6131162369968339,0.48333333333333334
2883,2490,1,1,0.6480540396069723,28,534,78,612,0.6162336182336183,0.4861878453038674
2884,2496,1,1,0.9870067219301791,28,534,78,612,0.619420955882353,0.489010989010989
2885,2542,0,0,0.0002441037064358571,28,534,78,612,0.619420955882353,0.489010989010989
2886,2605,0,0,0.021667795076211967,28,534,78,612,0.619420955882353,0.489010989010989
2887,2617,0,0,0.07754273472786037,28,534,78,612,0.619420955882353,0.489010989010989
2888,2634,0,0,0.0009419486571249285,28,534,78,612,0.619420955882353,0.489010989010989
2889,2640,0,0,0.0005254849643882861,28,534,78,612,0.619420955882353,0.489010989010989
2890,2657,0,0,0.00023668337744270506,28,534,78,612,0.619420955882353,0.489010989010989
2891,2728,0,0,0.00021720817487020774,28,534,78,612,0.619420955882353,0.489010989010989
2892,2731,0,0,0.0003429403137681742,28,534,78,612,0.619420955882353,0.489010989010989
2893,2744,0,0,9.484775775502594e-05,28,534,78,612,0.6228284561915386,0.489010989010989
2894,2848,0,0,0.342887482661554,28,534,78,612,0.6228284561915386,0.489010989010989
2895,2853,0,0,0.02262611508428563,28,534,78,612,0.6228284561915386,0.489010989010989
2896,2855,0,0,0.00625369467026681,28,534,78,612,0.6228284561915386,0.489010989010989
2897,2946,0,0,0.00011107694551580362,28,534,78,612,0.6228284561915386,0.489010989010989
2898,2999,0,0,0.0003416954399988796,28,534,78,612,0.6228284561915386,0.489010989010989
2899,3167,0,0,0.001414299857395454,28,534,78,612,0.6228284561915386,0.489010989010989
2900,3263,0,0,0.00124223676346024,28,534,78,612,0.6228284561915386,0.489010989010989
2901,3278,0,0,0.0002210821344503722,28,534,78,612,0.6228284561915386,0.489010989010989
2902,3330,0,0,8.597052700485431e-05,28,534,78,612,0.6228284561915386,0.489010989010989
2903,3386,0,0,0.0003747130599839515,28,534,78,612,0.6196762110162036,0.4861878453038674
2904,3428,0,0,0.00016353668611425435,28,534,78,612,0.6213478064224333,0.4888888888888889
2905,3531,0,0,0.3265878825315942,28,534,78,612,0.618361575580743,0.4860335195530726
2906,3592,0,0,0.0013698331727832066,28,534,78,612,0.6202292103424178,0.4887640449438202
2907,3760,0,0,0.0021254038179410353,28,534,78,612,0.6173964086481086,0.4858757062146893
2908,3778,0,0,0.33820286646905345,28,534,78,612,0.6194490540989047,0.48863636363636365
2909,3841,0,0,6.606165406564875e-05,28,534,78,612,0.6215923812673999,0.49142857142857144
2910,3856,0,0,0.00014852085813533167,28,534,78,612,0.6189857334538186,0.4885057471264368
2911,3860,0,0,0.0017436141073457758,28,534,78,612,0.6164264917961416,0.48554913294797686
2912,3936,0,0,0.000219742899871063,28,534,78,612,0.6139121027721434,0.48255813953488375
2913,4019,0,0,0.0005629636479812717,28,534,78,612,0.6114401333655992,0.47953216374269003
2914,4088,0,0,5.41509385216042e-05,28,534,78,612,0.6090082622530014,0.4764705882352941
2915,4134,0,0,0.4035084249358469,28,534,78,612,0.6116266666666667,0.47928994082840237
2916,4194,0,0,0.0006945499331877996,28,534,78,612,0.6143205936328093,0.48214285714285715
2917,4224,0,0,0.00013336703322296215,28,534,78,612,0.617088285229202,0.48502994011976047
2918,4246,0,0,5.114292791758966e-05,28,534,78,612,0.6149023334389188,0.4819277108433735
2919,4295,0,0,0.0004316582058672374,28,534,78,612,0.6178077682685977,0.48484848484848486
2920,4296,0,0,0.017370395605924998,28,534,78,612,0.6157164949804723,0.4817073170731707
2921,4358,0,0,0.0004783902375294305,28,534,78,612,0.6187530076367821,0.48466257668711654
2922,4391,0,0,0.0014107380072303974,28,534,78,612,0.6218549544612334,0.4876543209876543
2923,4488,0,0,9.594606336893374e-05,28,534,78,612,0.6199113802333741,0.484472049689441
2924,4546,0,0,0.48221904896716566,28,534,78,612,0.6231351799979251,0.4875
2925,4604,0,0,0.0020726542343604487,28,534,78,612,0.6264199735963345,0.49056603773584906
2926,4622,0,0,0.0002413475747794362,28,534,78,612,0.6297643654402646,0.4936708860759494
2927,4627,0,0,0.01715538391859767,28,534,78,612,0.6331669890393294,0.4968152866242038
2928,4687,0,1,0.5695977702870455,28,534,79,613,0.6273092369477912,0.4935897435897436
2929,4708,0,0,0.00032970957866767413,28,534,79,613,0.625615763546798,0.49032258064516127
2930,4730,0,0,0.0014110393458652867,28,534,79,613,0.6239386189258311,0.487012987012987
2931,4744,0,0,0.002157408100688753,28,534,79,613,0.6275244515947802,0.49019607843137253
2932,4762,0,0,0.0017756864370217069,28,534,79,613,0.625911232206972,0.4868421052631579
2933,4791,0,0,0.21108279842767044,28,534,79,613,0.624311111111111,0.48344370860927155
2934,4819,0,0,0.00044249060895430785,28,534,79,613,0.6227230118314712,0.48
2935,4835,0,0,0.00025606728482219,28,534,79,613,0.6211458833640892,0.47651006711409394
2936,4836,0,0,0.00022284386551150082,28,534,79,613,0.624969696969697,0.4797297297297297
2937,4966,0,0,0.0036550277091261154,28,534,79,613,0.6234469200524246,0.47619047619047616
2938,4991,0,0,0.0024464593251523493,28,534,79,613,0.6219323671497584,0.4726027397260274
2939,92,1,1,0.9981421857578968,28,534,79,613,0.6219323671497584,0.4726027397260274
2940,116,1,0,0.0294876020325478,28,535,79,614,0.6219323671497584,0.4726027397260274
2941,164,1,0,0.35481626915199177,28,536,79,615,0.6219323671497584,0.4726027397260274
2942,221,1,1,0.6882528759995752,28,536,79,615,0.6273611845584347,0.4794520547945205
2943,350,1,1,0.9963561586092958,28,536,79,615,0.6327573344087105,0.4863013698630137
2944,483,1,1,0.6272478446246331,28,536,79,615,0.6327573344087105,0.4863013698630137
2945,493,1,0,0.0014171636664224814,28,537,79,616,0.6327573344087105,0.4863013698630137
2946,571,1,1,0.9302733584264142,28,537,79,616,0.638121546961326,0.4931506849315068
2947,601,1,0,0.16708799078581998,28,538,79,617,0.638121546961326,0.4931506849315068
2948,699,1,1,0.5866785568673456,28,538,79,617,0.638121546961326,0.4931506849315068
2949,706,1,1,0.9801486163871438,28,538,79,617,0.6434545454545456,0.5
2950,767,1,1,0.6288881592592218,28,538,79,617,0.6487570464369675,0.5068493150684932
2951,810,1,0,0.10523167269316418,28,539,79,618,0.6487570464369675,0.5068493150684932
2952,814,1,0,0.08886831002536308,28,540,79,619,0.6487570464369675,0.5068493150684932
2953,818,1,0,0.006785392378110118,28,541,79,620,0.6487570464369675,0.5068493150684932
2954,829,1,0,0.38295822454755624,28,542,79,621,0.6434545454545456,0.5
2955,834,1,1,0.9975157408454317,28,542,79,621,0.6487570464369675,0.5068493150684932
2956,986,1,1,0.8130695714816962,28,542,79,621,0.6540297600971757,0.5136986301369864
2957,1024,1,1,0.8147161522360844,28,542,79,621,0.6540297600971757,0.5136986301369864
2958,1027,1,1,0.8510087732921013,28,542,79,621,0.6592733905905601,0.5205479452054794
2959,1060,1,1,0.9865919783083255,28,542,79,621,0.6592733905905601,0.5205479452054794
2960,1061,1,1,0.8141073211964509,28,542,79,621,0.6592733905905601,0.5205479452054794
2961,1095,1,1,0.8629939307039908,29,542,79,621,0.6644886363636364,0.5273972602739726
2962,1148,1,0,0.012810078667531397,29,543,79,622,0.6644886363636364,0.5273972602739726
2963,1157,1,1,0.9753598986939448,29,543,79,622,0.6644886363636364,0.5273972602739726
2964,1194,1,1,0.7894810922331715,29,543,79,622,0.6644886363636364,0.5273972602739726
2965,1201,1,0,0.042162044945741634,29,544,79,623,0.6592733905905601,0.5205479452054794
2966,1225,1,1,0.995825380146477,29,544,79,623,0.6644886363636364,0.5273972602739726
2967,1241,1,0,0.006612017062585761,29,545,79,624,0.6644886363636364,0.5273972602739726
2968,1242,1,0,0.26765675626477664,29,546,79,625,0.6592733905905601,0.5205479452054794
2969,1360,1,1,0.9729658298977665,29,546,79,625,0.6592733905905601,0.5205479452054794
2970,1418,1,0,0.005750608580340258,29,547,79,626,0.6592733905905601,0.5205479452054794
2971,1436,1,1,0.8153250036755721,29,547,79,626,0.6592733905905601,0.5205479452054794
2972,1448,1,1,0.9875219906674948,29,547,79,626,0.6644886363636364,0.5273972602739726
2973,1522,1,0,0.014785676655884511,29,548,79,627,0.6644886363636364,0.5273972602739726
2974,1555,1,0,0.13479472301334508,29,549,79,628,0.6644886363636364,0.5273972602739726
2975,1557,1,1,0.9945319848190158,29,549,79,628,0.6644886363636364,0.5273972602739726
2976,1582,1,1,0.9900506812219743,29,549,79,628,0.6696761904761905,0.5342465753424658
2977,1583,1,1,0.9896654390014389,29,549,79,628,0.6748367409215745,0.541095890410959
2978,1627,1,1,0.8094030311542808,29,549,79,628,0.6799709709454814,0.547945205479452
2979,1717,1,0,0.024862912914914125,29,550,79,629,0.6799709709454814,0.547945205479452
2980,1776,1,1,0.9913697981623358,29,550,79,629,0.6799709709454814,0.547945205479452
2981,1794,1,1,0.8669404983274931,29,550,79,629,0.6799709709454814,0.547945205479452
2982,1834,1,1,0.7165875540296064,29,550,79,629,0.6799709709454814,0.547945205479452
2983,1838,1,0,0.036760528203881704,29,551,79,630,0.6748367409215745,0.541095890410959
2984,1884,1,1,0.9996621629215832,29,551,79,630,0.6748367409215745,0.541095890410959
2985,1945,1,0,0.09015775023359633,29,552,79,631,0.6748367409215745,0.541095890410959
2986,2005,1,0,0.016433229761647152,29,553,79,632,0.6696761904761905,0.5342465753424658
2987,2206,1,1,0.590827019908659,29,553,79,632,0.6696761904761905,0.5342465753424658
2988,2236,1,0,0.0016083855041377115,29,554,79,633,0.6696761904761905,0.5342465753424658
2989,2255,1,0,0.042030704226151856,29,555,79,634,0.6696761904761905,0.5342465753424658
2990,2258,1,1,0.9928236038545288,29,555,79,634,0.6696761904761905,0.5342465753424658
2991,2268,1,0,0.015720458187565678,29,556,79,635,0.6696761904761905,0.5342465753424658
2992,2336,1,0,0.22279077390739024,29,557,79,636,0.6644886363636364,0.5273972602739726
2993,2396,1,1,0.9750486560306153,29,557,79,636,0.6696761904761905,0.5342465753424658
2994,2405,1,1,0.9862481818677,29,557,79,636,0.6748367409215745,0.541095890410959
2995,2414,1,0,0.23850621847832176,29,558,79,637,0.6748367409215745,0.541095890410959
2996,2447,1,1,0.9597149899857012,29,558,79,637,0.6799709709454814,0.547945205479452
2997,2465,1,1,0.8392235552788164,29,558,79,637,0.685079559363525,0.5547945205479452
2998,2473,1,1,0.6926732843452561,29,558,79,637,0.6901631808779591,0.5616438356164384
2999,2487,1,0,0.2932105779659924,29,559,79,638,0.685079559363525,0.5547945205479452
3000,2519,0,0,0.00016271854467560958,29,559,79,638,0.6890771816353033,0.5586206896551724
3001,2532,0,0,0.000758533231727794,29,559,79,638,0.693117688943139,0.5625
3002,2556,0,0,0.045174508405693876,29,559,79,638,0.6972,0.5664335664335665
3003,2606,0,0,0.17131108767428738,29,559,79,638,0.701323051948052,0.5704225352112676
3004,2610,0,0,0.0006198577260903037,29,559,79,638,0.700355299119344,0.5673758865248227
3005,2626,0,0,0.10694749472082803,29,559,79,638,0.6993939393939393,0.5642857142857143
3006,2650,0,0,0.0005953852101009373,29,559,79,638,0.7036254698655364,0.5683453237410072
3007,2656,0,0,0.11159182723442158,29,559,79,638,0.7027035330261137,0.5652173913043478
3008,2658,0,0,2.334737703638082e-05,29,559,79,638,0.7070048309178745,0.5693430656934306
3009,2769,0,0,0.005913778192382446,29,559,79,638,0.7113412947831553,0.5735294117647058
3010,2831,0,0,0.0002743565118743848,29,559,79,638,0.7104880620622128,0.5703703703703704
3011,2877,0,0,0.0009121405059811836,29,559,79,638,0.7148896025692493,0.5746268656716418
3012,2920,0,0,0.0015090305079137885,29,559,79,638,0.7193237042052207,0.5789473684210527
3013,2970,0,0,0.06597426587759525,29,559,79,638,0.7237894736842105,0.5833333333333334
3014,2978,0,0,0.07338627709888702,29,559,79,638,0.7282860292091484,0.5877862595419847
3015,3026,0,1,0.9035861984346517,29,559,80,639,0.7229166666666668,0.5846153846153846
3016,3076,0,0,4.795385899925633e-05,29,559,80,639,0.7221859673706337,0.5813953488372093
3017,3099,0,0,0.00020385226045426793,29,559,80,639,0.7267542213883678,0.5859375
3018,3265,0,0,0.003627074560511424,29,559,80,639,0.7260521117251382,0.5826771653543307
3019,3270,0,0,0.0017582673943156203,29,559,80,639,0.7306750675067506,0.5873015873015873
3020,3277,0,0,0.0010356732232818062,29,559,80,639,0.73,0.584
3021,3282,0,0,0.008503874354327005,29,559,80,639,0.734675366884172,0.5887096774193549
3022,3326,0,1,0.9277087069169401,29,559,81,640,0.7346886172154303,0.5934959349593496
3023,3397,0,0,0.020829691603609757,29,559,81,640,0.7340656647745744,0.5901639344262295
3024,3563,0,0,0.00018729997899346408,29,559,81,640,0.7334421513445903,0.5867768595041323
3025,3597,0,0,0.0020393531757243355,29,559,81,640,0.738204383945551,0.5916666666666667
3026,3717,0,0,0.0017663953815429151,29,559,81,640,0.7429894120297363,0.5966386554621849
3027,3775,0,0,0.01972472494346838,29,559,81,640,0.742412886094341,0.5932203389830508
3028,3791,0,0,0.007709517142597716,29,559,81,640,0.7472431077694235,0.5982905982905983
3029,3806,0,0,0.0012703655383249917,29,559,81,640,0.746688077077479,0.5948275862068966
3030,3863,0,0,0.0007628236774063641,29,559,81,640,0.746131042106321,0.591304347826087
3031,4006,0,0,0.21207812517061944,29,559,81,640,0.7455716586151369,0.5877192982456141
3032,4008,0,0,0.0046041082717288625,29,559,81,640,0.7504900405429227,0.5929203539823009
3033,4026,0,0,0.0004588554027774711,29,559,81,640,0.7499503014707737,0.5892857142857143
3034,4029,0,0,0.3248760911596033,29,559,81,640,0.7494074673272832,0.5855855855855856
3035,4102,0,0,0.0036115048828981888,29,559,81,640,0.7543880959611297,0.5909090909090909
3036,4155,0,0,0.0006649198394606696,29,559,81,640,0.7538636363636364,0.5871559633027523
3037,4172,0,0,0.007155492888707833,29,559,81,640,0.7533353677143729,0.5833333333333334
3038,4334,0,0,0.016096929585649657,29,559,81,640,0.7583756461511038,0.5887850467289719
3039,4388,0,0,0.009459990940537653,29,559,81,640,0.7634312525499796,0.5943396226415094
3040,4418,0,0,0.0002355801151633236,29,559,81,640,0.7685014939094461,0.6
3041,4429,0,0,0.49308622734588303,29,559,81,640,0.7735856777493606,0.6057692307692307
3042,4456,0,0,0.009733368765603023,29,559,81,640,0.7731362889983581,0.6019417475728155
3043,4472,0,1,0.5864611604901392,29,559,82,641,0.7679396571663539,0.5980392156862745
3044,4498,0,0,0.00038935393187821825,29,559,82,641,0.77306765523633,0.6039603960396039
3045,4504,0,0,1.2567241204859747e-05,29,559,82,641,0.7726333195535346,0.6
3046,4596,0,0,0.0004272406661161566,29,559,82,641,0.7721942110177404,0.5959595959595959
3047,4640,0,0,0.02008441142101186,29,559,82,641,0.7717499999999999,0.5918367346938775
3048,4684,0,0,0.0005516641840987471,29,559,82,641,0.7713003452243958,0.5876288659793815
3049,4728,0,0,0.4444492982377938,29,559,82,641,0.776518570941784,0.59375
3050,4796,0,0,0.20971781135147985,29,559,82,641,0.7817465321563682,0.6
3051,4831,0,0,0.03673429781590522,29,559,82,641,0.781330376940133,0.5957446808510638
3052,4896,0,0,0.00046087068379904706,29,559,82,641,0.7809083191850595,0.5913978494623656
3053,4950,0,0,0.002238367888621921,29,559,82,641,0.7804800000000001,0.5869565217391305
3054,4970,0,0,0.03985501697905922,29,559,82,641,0.7857747533356507,0.5934065934065934
3055,2,1,0,0.38935924077975564,29,560,82,642,0.7800450450450451,0.5824175824175825
3056,17,1,0,0.3222050078890732,29,561,82,643,0.7800450450450451,0.5824175824175825
3057,19,1,1,0.648039945764199,29,561,82,643,0.7800450450450451,0.5824175824175825
3058,32,1,1,0.9712568789518002,29,561,82,643,0.7857747533356507,0.5934065934065934
3059,64,1,1,0.9996993118211615,29,561,82,643,0.7857747533356507,0.5934065934065934
3060,71,1,0,0.4275360220586846,29,562,82,644,0.7800450450450451,0.5824175824175825
3061,94,1,1,0.7629556006219352,30,562,82,644,0.7800450450450451,0.5824175824175825
3062,99,1,1,0.9992047643752421,30,562,82,644,0.7800450450450451,0.5824175824175825
3063,148,1,0,0.07690139988434949,30,563,82,645,0.7800450450450451,0.5824175824175825
3064,159,1,1,0.8915326727583546,30,563,82,645,0.7857747533356507,0.5934065934065934
3065,184,1,1,0.9980184453649513,30,563,82,645,0.7857747533356507,0.5934065934065934
3066,195,1,0,0.3525088009461988,30,564,82,646,0.7800450450450451,0.5824175824175825
3067,228,1,1,0.980999137621496,30,564,82,646,0.7857747533356507,0.5934065934065934
3068,247,1,0,0.05472558942201663,30,565,82,647,0.7800450450450451,0.5824175824175825
3069,300,1,0,0.46228449126571214,30,566,82,648,0.7800450450450451,0.5824175824175825
3070,325,1,1,0.7658067397526395,30,566,82,648,0.7800450450450451,0.5824175824175825
3071,376,1,1,0.9866212050034336,30,566,82,648,0.7800450450450451,0.5824175824175825
3072,389,1,0,0.0014943746876165875,30,567,82,649,0.7800450450450451,0.5824175824175825
3073,391,1,1,0.8526796924323073,30,567,82,649,0.7857747533356507,0.5934065934065934
3074,411,1,1,0.9801146295699635,30,567,82,649,0.7914666666666668,0.6043956043956044
3075,444,1,1,0.972527347112018,30,567,82,649,0.7971219979254768,0.6153846153846154
3076,478,1,1,0.9336269233099527,30,567,82,649,0.8027419354838711,0.6263736263736264
3077,485,1,1,0.9663143390563019,30,567,82,649,0.8027419354838711,0.6263736263736264
3078,527,1,1,0.9758990669319655,30,567,82,649,0.8027419354838711,0.6263736263736264
3079,546,1,1,0.9992868931656569,30,567,82,649,0.8083276441480776,0.6373626373626373
3080,599,1,1,0.9973132147501552,30,567,82,649,0.8083276441480776,0.6373626373626373
3081,619,1,1,0.9757142043750208,30,567,82,649,0.8083276441480776,0.6373626373626373
3082,632,1,1,0.997429909550841,30,567,82,649,0.8083276441480776,0.6373626373626373
3083,651,1,1,0.9973700497651029,30,567,82,649,0.8083276441480776,0.6373626373626373
3084,661,1,1,0.5268258178570868,30,567,82,649,0.8083276441480776,0.6373626373626373
3085,665,1,1,0.9869715801768436,30,567,82,649,0.8086425279789334,0.6413043478260869
3086,697,1,1,0.9934888033154398,30,567,82,649,0.8089531073890593,0.6451612903225806
3087,698,1,1,0.9947082606717383,30,567,82,649,0.809259636211801,0.648936170212766
3088,771,1,0,0.4671458648478301,30,568,82,650,0.8040625,0.6421052631578947
3089,799,1,1,0.9660370451788154,30,568,82,650,0.8043821973233739,0.6458333333333334
3090,808,1,0,0.034450221646446455,30,569,82,651,0.799210219771686,0.6391752577319587
3091,831,1,0,0.19439965753798272,30,570,82,652,0.794047126911947,0.6326530612244898
3092,862,1,1,0.9897480027222387,30,570,82,652,0.7943981052414787,0.6363636363636364
3093,878,1,1,0.9755548780469794,30,570,82,652,0.7947454844006568,0.64
3094,887,1,1,0.9924996064420503,30,570,82,652,0.7950895140664962,0.6435643564356436
3095,930,1,1,0.8150643024035494,30,570,82,652,0.7954304365565076,0.6470588235294118
3096,931,1,1,0.9630098162327653,30,570,82,652,0.795768487437697,0.6504854368932039
3097,964,1,1,0.7523745016120998,30,570,82,652,0.796103896103896,0.6538461538461539
3098,969,1,1,0.9990456783155546,30,570,82,652,0.7964368863245268,0.6571428571428571
3099,974,1,1,0.9613280184530429,30,570,82,652,0.7967676767676768,0.660377358490566
3100,981,1,1,0.9888252383751636,30,570,82,652,0.7970964815001511,0.6635514018691588
3101,990,1,1,0.9992881336764041,30,570,82,652,0.7974235104669887,0.6666666666666666
3102,1031,1,1,0.9975776608417897,30,570,82,652,0.7977489699527687,0.6697247706422018
3103,1048,1,1,0.995674711809985,30,570,82,652,0.7980730630268968,0.6727272727272727
3104,1091,1,1,0.9683966611607504,30,570,82,652,0.7983959899749373,0.6756756756756757
3105,1094,1,1,0.9960102264319726,30,570,82,652,0.7987179487179487,0.6785714285714286
3106,1124,1,1,0.6618177559452153,30,570,82,652,0.7990391352216994,0.6814159292035398
3107,1152,1,0,0.005383950885767151,30,571,82,653,0.7941538461538461,0.6754385964912281
3108,1187,1,1,0.965206078872625,30,571,82,653,0.7944925108149334,0.6782608695652174
3109,1188,1,1,0.5199050237499587,30,571,82,653,0.7948308707717693,0.6810344827586207
3110,1196,1,1,0.9997156525865537,30,571,82,653,0.7951691292282308,0.6837606837606838
3111,1208,1,1,0.920108252485878,30,571,82,653,0.7955074891850668,0.6864406779661016
3112,1244,1,1,0.9797731964708523,30,571,82,653,0.7958461538461539,0.6890756302521008
3113,1250,1,1,0.6688899832040414,30,571,82,653,0.7961853270256064,0.6916666666666667
3114,1272,1,1,0.9993026786102772,30,571,82,653,0.7965252135574538,0.6942148760330579
3115,1295,1,1,0.989059770653412,30,571,82,653,0.7968660197096216,0.6967213114754098
3116,1307,1,1,0.6864019462336907,30,571,82,653,0.7972079536039768,0.6991869918699187
3117,1311,1,1,0.9754425269768794,30,571,82,653,0.797551225644249,0.7016129032258065
3118,1314,1,1,0.9988067421618864,30,571,82,653,0.7978960489536904,0.704
3119,1329,1,1,0.6463449998149431,30,571,82,653,0.7982426398244152,0.7063492063492064
3120,1333,1,1,0.99173344700412,30,571,82,653,0.7985912181804393,0.7086614173228346
3121,1374,1,1,0.9973219306433825,30,571,82,653,0.7989420080565479,0.7109375
3122,1375,1,1,0.9992853818371388,30,571,82,653,0.7992952380952382,0.7131782945736435
3123,1452,1,1,0.9376119453734403,30,571,82,653,0.7996511420641186,0.7153846153846154
3124,1464,1,1,0.92285800501164,30,571,82,653,0.8000099593963074,0.7175572519083969
3125,1484,1,1,0.9974520375970617,30,571,82,653,0.8003719357565511,0.7196969696969697
3126,1537,1,1,0.8908878268359084,30,571,82,653,0.8007373236359898,0.7218045112781954
3127,1541,1,1,0.8441871029793151,30,571,82,653,0.8011063829787233,0.7238805970149254
3128,1549,1,1,0.9601322959092097,30,571,82,653,0.8063249276560562,0.725925925925926
3129,1576,1,1,0.8644321978639223,30,571,82,653,0.8067019400352734,0.7279411764705882
3130,1607,1,1,0.9989650587881009,30,571,82,653,0.8070833333333334,0.7299270072992701
3131,1612,1,1,0.9923390259561568,30,571,82,653,0.8074694005649127,0.7318840579710145
3132,1635,1,1,0.8855927533197021,30,571,82,653,0.8078604455653636,0.7338129496402878
3133,1666,1,1,0.9626008397048188,30,571,82,653,0.8082567838665401,0.7357142857142858
3134,1704,1,1,0.9974892331326526,30,571,82,653,0.8086587436332767,0.7375886524822695
3135,1733,1,1,0.9810654771204883,30,571,82,653,0.8090666666666667,0.7394366197183099
3136,1746,1,1,0.9996531283501999,30,571,82,653,0.8094809094809094,0.7412587412587412
3137,1803,1,1,0.8574086240637642,30,571,82,653,0.8099018444612232,0.7430555555555556
3138,1837,1,1,0.9353240417860949,30,571,82,653,0.8103298611111112,0.7448275862068966
3139,1866,1,1,0.9987197331119553,30,571,82,653,0.8103298611111112,0.7448275862068966
3140,1875,1,1,0.9713575089949305,30,571,82,653,0.8149805447470817,0.7517241379310344
3141,1876,1,0,0.002869914878422466,30,572,82,654,0.8149805447470817,0.7517241379310344
3142,1930,1,1,0.9584769132664356,30,572,82,654,0.8149805447470817,0.7517241379310344
3143,1946,1,1,0.6611100763657142,30,572,82,654,0.8149805447470817,0.7517241379310344
3144,1952,1,1,0.9969424719692216,30,572,82,654,0.8149805447470817,0.7517241379310344
3145,1965,1,1,0.9770954213657069,30,572,82,654,0.8196255049677913,0.7586206896551724
3146,1967,1,1,0.9992947258408408,30,572,82,654,0.8196255049677913,0.7586206896551724
3147,1980,1,0,0.01785905965953172,30,573,82,655,0.8196255049677913,0.7586206896551724
3148,1992,1,0,0.11984599630043252,30,574,82,656,0.8149805447470817,0.7517241379310344
3149,2055,1,1,0.9974462065089746,30,574,82,656,0.8149805447470817,0.7517241379310344
3150,2120,1,1,0.9191168027896106,30,574,82,656,0.8149805447470817,0.7517241379310344
3151,2165,1,1,0.863016239039294,30,574,82,656,0.8196255049677913,0.7586206896551724
3152,2169,1,0,0.36032614555288034,30,575,82,657,0.8196255049677913,0.7586206896551724
3153,2181,1,1,0.885301185558378,30,575,82,657,0.8242654508611955,0.7655172413793103
3154,2227,1,0,0.4807204427766454,30,576,82,658,0.8242654508611955,0.7655172413793103
3155,2276,1,0,0.39961924099292406,30,577,82,659,0.8196255049677913,0.7586206896551724
3156,2279,1,1,0.9797080252400099,30,577,82,659,0.8196255049677913,0.7586206896551724
3157,2312,1,1,0.9993556494320402,30,577,82,659,0.8196255049677913,0.7586206896551724
3158,2315,1,1,0.5496459055451294,30,577,82,659,0.8196255049677913,0.7586206896551724
3159,2356,1,0,0.38319979563260786,30,578,82,660,0.8149805447470817,0.7517241379310344
3160,2374,1,1,0.9227697631082725,30,578,82,660,0.8149805447470817,0.7517241379310344
3161,2410,1,1,0.9804146512855003,30,578,82,660,0.8149805447470817,0.7517241379310344
3162,2512,0,0,0.004805854562054249,30,578,82,660,0.8192361111111112,0.7569444444444444
3163,2518,0,0,0.11183645734782846,30,578,82,660,0.8188534138712114,0.7552447552447552
3164,2628,0,0,0.0041953821996820965,30,578,82,660,0.8184770484770485,0.7535211267605634
3165,2763,0,0,0.0002173129705135017,30,578,82,660,0.8228206636541084,0.7588652482269503
3166,2804,0,0,0.027213852503134517,30,578,82,660,0.8224740019681375,0.7571428571428571
3167,2812,0,0,0.02985237953813362,30,578,82,660,0.8268760611205433,0.762589928057554
3168,2845,0,0,0.00032829093289673254,30,578,82,660,0.8313116879680348,0.7681159420289855
3169,2887,0,0,1.9696532808343035e-05,30,578,82,660,0.8310138248847926,0.7664233576642335
3170,3351,0,0,0.0001612584132392926,30,578,82,660,0.8355023118957544,0.7720588235294118
3171,3396,0,0,0.00035414166022596535,30,578,82,660,0.8352285803954389,0.7703703703703704
3172,3404,0,0,7.95734385211718e-05,30,578,82,660,0.8349583333333334,0.7686567164179104
3173,3507,0,0,8.737963134057521e-05,30,578,82,660,0.8395153200446996,0.7744360902255639
3174,3594,0,0,0.001286716348536736,30,578,82,660,0.8441000103745202,0.7803030303030303
3175,3695,0,0,0.04092091597501812,30,578,82,660,0.8438693675072344,0.7786259541984732
3176,3917,0,0,0.000427347087562669,30,578,82,660,0.8436412315930388,0.7769230769230769
3177,3960,0,0,0.0014532116726685075,30,578,82,660,0.8434154351395731,0.7751937984496124
3178,4002,0,0,0.0005930041863380525,30,578,82,660,0.8431918158567775,0.7734375
3179,4015,0,0,0.18591469111088252,30,578,82,660,0.8478697106667687,0.7795275590551181
3180,4437,0,0,0.000388791383399274,30,578,82,660,0.847664179674569,0.7777777777777778
3181,4598,0,0,0.00036658189982378595,30,578,82,660,0.8474603174603175,0.776
3182,4713,0,0,0.0005189375828437114,30,578,82,660,0.847257986876441,0.7741935483870968
3183,4773,0,0,0.0003576076502547867,30,578,82,660,0.8520042514424537,0.7804878048780488
3184,4851,0,0,0.2919434691556988,30,578,82,660,0.8518181818181819,0.7786885245901639
3185,4948,0,0,0.0004145216359128401,30,578,82,660,0.856598551931179,0.7851239669421488
3186,4978,0,0,0.0009441968953501113,30,578,82,660,0.8613973182780522,0.7916666666666666
3187,6,1,1,0.6213519124090389,30,578,82,660,0.8613973182780522,0.7916666666666666
3188,36,1,0,0.2872416389070123,30,579,82,661,0.8613973182780522,0.7916666666666666
3189,45,1,0,0.20832630658704676,30,580,82,662,0.8613973182780522,0.7916666666666666
3190,52,1,1,0.9993430354058094,30,580,82,662,0.8613973182780522,0.7916666666666666
3191,102,1,1,0.6960492358556175,30,580,82,662,0.8663588889729812,0.8
3192,163,1,1,0.988935929662295,30,580,82,662,0.8713131313131314,0.8083333333333333
3193,175,1,0,0.19125358035155843,30,581,82,663,0.8663588889729812,0.8
3194,197,1,1,0.9096038466124986,30,581,82,663,0.8663588889729812,0.8
3195,200,1,0,0.25288728243291103,30,582,82,664,0.8663588889729812,0.8
3196,254,1,0,0.04171088157638808,30,583,82,665,0.8613973182780522,0.7916666666666666
3197,257,1,0,0.45690731066867724,30,584,82,666,0.8564276900606884,0.7833333333333333
3198,274,1,0,0.06639472993559781,30,585,82,667,0.8514492753623188,0.775
3199,276,1,0,0.008599215209563955,30,586,82,668,0.8514492753623188,0.775
3200,326,1,1,0.7227743199254606,30,586,82,668,0.851633229156165,0.7768595041322314
3201,337,1,1,0.8691453093665117,30,586,82,668,0.8518181818181819,0.7786885245901639
3202,348,1,0,0.05310313692882612,30,587,82,669,0.8470570540205768,0.7723577235772358
3203,363,1,1,0.9565370316600244,30,587,82,669,0.847257986876441,0.7741935483870968
3204,466,1,1,0.8911049558802159,30,587,82,669,0.8474603174603175,0.776
3205,556,1,1,0.8722185486320213,30,587,82,669,0.847664179674569,0.7777777777777778
3206,569,1,1,0.9852286698827033,30,587,82,669,0.8478697106667687,0.7795275590551181
3207,581,1,0,0.42004858900184544,30,588,82,670,0.8431918158567775,0.7734375
3208,605,1,0,0.005658461272413774,30,589,82,671,0.838537616229924,0.7674418604651163
3209,641,1,1,0.9811642009177346,30,589,82,671,0.8387782375163835,0.7692307692307693
3210,686,1,0,0.01029798795504928,30,590,82,672,0.8341664092266502,0.7633587786259542
3211,718,1,1,0.9965613124296948,30,590,82,672,0.8344274493592394,0.7651515151515151
3212,735,1,0,0.1312354296272278,30,591,82,673,0.8298607336077244,0.7593984962406015
3213,758,1,0,0.41230679559362193,30,592,82,674,0.8253221288515407,0.753731343283582
3214,785,1,1,0.9768537725913785,30,592,82,674,0.825625,0.7555555555555555
3215,792,1,1,0.9751337088255447,30,592,82,674,0.8308045617056813,0.7573529411764706
3216,793,1,1,0.9341898772514754,30,592,82,674,0.831114518623365,0.7591240875912408
3217,833,1,1,0.5949942027321415,30,592,82,674,0.8314285714285714,0.7608695652173914
3218,869,1,0,0.17171762965844153,30,593,82,675,0.826993981628128,0.7553956834532374
3219,890,1,1,0.9701156045002846,30,593,82,675,0.8273344651952462,0.7571428571428571
3220,892,1,1,0.6363435496575671,30,593,82,675,0.82768,0.7588652482269503
3221,894,1,0,0.4529469552142468,30,594,82,676,0.8233252225995348,0.7535211267605634
3222,922,1,0,0.2003970072368799,30,595,82,677,0.8238297815449611,0.7482517482517482
3223,939,1,1,0.7873297068299042,30,595,82,677,0.8242273668360625,0.75
3224,942,1,0,0.17734233789012657,30,596,82,678,0.8199600906051127,0.7448275862068966
3225,955,1,0,0.019695049619539388,30,597,82,679,0.8157322515212982,0.7397260273972602
3226,973,1,1,0.9987836298167457,30,597,82,679,0.8161903077467281,0.7414965986394558
3227,997,1,0,0.0008121213716164949,30,598,82,680,0.812031881209739,0.7364864864864865
3228,1034,1,0,0.10171060865851457,30,599,82,681,0.8079167008954243,0.7315436241610739
3229,1039,1,1,0.932774747650079,30,599,82,681,0.8084429008517324,0.7333333333333333
3230,1045,1,1,0.9778667471726105,30,599,82,681,0.8089792123449251,0.7350993377483444
3231,1105,1,1,0.9768319948187673,30,599,82,681,0.8095262054507337,0.7368421052631579
3232,1189,1,1,0.9982025477487272,30,599,82,681,0.8100844808650841,0.738562091503268
3233,1192,1,0,0.11151613746038605,30,600,82,682,0.806146540027137,0.7337662337662337
3234,1204,1,0,0.30974490266569216,30,601,82,683,0.8022602798036267,0.7290322580645161
3235,1247,1,0,0.006412110679061565,30,602,82,684,0.7984273504273505,0.7243589743589743
3236,1248,1,0,0.0029252520515367143,30,603,82,685,0.7946494464944649,0.7197452229299363
3237,1276,1,1,0.9386039890876356,30,603,82,685,0.7953707709613222,0.7215189873417721
3238,1283,1,1,0.6698431465292395,30,603,82,685,0.7961090909090909,0.7232704402515723
3239,1358,1,0,0.102523739053576,30,604,82,686,0.7924731182795699,0.71875
3240,1370,1,1,0.821862620827025,30,604,82,686,0.7932739709871447,0.7204968944099379
3241,1432,1,1,0.9837897290345937,30,604,82,686,0.7940952380952382,0.7222222222222222
3242,1443,1,1,0.7615008197784588,30,604,82,686,0.7949380935208558,0.7239263803680982
3243,1493,1,1,0.9825919748003555,30,604,82,686,0.8003805381897254,0.725609756097561
3244,1534,1,1,0.6593103659415044,30,604,82,686,0.801258581235698,0.7272727272727273
3245,1554,1,1,0.9872972387309237,30,604,82,686,0.8021615121334524,0.7289156626506024
3246,1570,1,1,0.9723051122926348,30,604,82,686,0.8030908070700457,0.7305389221556886
3247,1609,1,1,0.9993876220038399,30,604,82,686,0.8040480469119455,0.7321428571428571
3248,1641,1,1,0.6829765767472683,30,604,82,686,0.8050349271155625,0.7337278106508875
3249,1711,1,1,0.9988965513455007,30,604,82,686,0.8060532687651332,0.7352941176470589
3250,1750,1,0,0.30124136751273667,30,605,82,687,0.802993762993763,0.7309941520467836
3251,1757,1,1,0.6398262711214815,30,605,82,687,0.8041110672456903,0.7325581395348837
3252,1788,1,0,0.0038752906944939255,30,606,82,688,0.8012083181562304,0.7283236994219653
3253,1816,1,1,0.9825902404029643,30,606,82,688,0.8024356522030939,0.7298850574712644
3254,1825,1,1,0.9712826301722686,30,606,82,688,0.8037069170834609,0.7314285714285714
3255,1856,1,0,0.18297053059321022,30,607,82,689,0.8037069170834609,0.7314285714285714
3256,1860,1,1,0.9984056458946093,30,607,82,689,0.8077028508771931,0.7371428571428571
3257,1867,1,0,0.20980462516077908,30,608,82,690,0.8037069170834609,0.7314285714285714
3258,1962,1,1,0.9987493005637428,30,608,82,690,0.8037069170834609,0.7314285714285714
3259,1972,1,0,0.3111496186712129,30,609,82,691,0.7997026625219624,0.7257142857142858
3260,1981,1,0,0.020961417288691532,30,610,82,692,0.7997026625219624,0.7257142857142858
3261,1985,1,0,0.09461113888674094,30,611,82,693,0.7956894526661968,0.72
3262,2017,1,1,0.9597623543398341,30,611,82,693,0.7956894526661968,0.72
3263,2062,1,1,0.9565370315699959,30,611,82,693,0.7997026625219624,0.7257142857142858
3264,2089,1,0,0.08680955257471898,30,612,82,694,0.7956894526661968,0.72
3265,2093,1,1,0.872218553015312,30,612,82,694,0.7956894526661968,0.72
3266,2137,1,0,0.3600376721133064,30,613,82,695,0.7956894526661968,0.72
3267,2152,1,0,0.2660429243494657,30,614,82,696,0.7916666666666667,0.7142857142857143
3268,2249,1,0,0.40820403846344805,30,615,82,697,0.7916666666666667,0.7142857142857143
3269,2261,1,0,0.03858355497269144,30,616,82,698,0.7916666666666667,0.7142857142857143
3270,2295,1,1,0.6981691694424579,30,616,82,698,0.7916666666666667,0.7142857142857143
3271,2297,1,1,0.9202563388979134,30,616,82,698,0.7916666666666667,0.7142857142857143
3272,2339,1,1,0.7653799934184454,30,616,82,698,0.7956894526661968,0.72
3273,2348,1,0,0.10706598219052768,30,617,82,699,0.7916666666666667,0.7142857142857143
3274,2351,1,0,0.06041799554119645,30,618,82,700,0.7876336964800159,0.7085714285714285
3275,2366,1,0,0.006558179431929413,30,619,82,701,0.7835899460455323,0.7028571428571428
3276,2376,1,0,0.19112687440626083,30,620,82,702,0.7795348305057043,0.6971428571428572
3277,2388,1,1,0.8530940892392066,30,620,82,702,0.7795348305057043,0.6971428571428572
3278,2412,1,0,0.1238614962605787,30,621,82,703,0.7754677754677755,0.6914285714285714
3279,2416,1,1,0.9320178191902415,30,621,82,703,0.7754677754677755,0.6914285714285714
3280,2432,1,1,0.9984173806458276,30,621,82,703,0.7754677754677755,0.6914285714285714
3281,2443,1,0,0.0725244629753647,30,622,82,704,0.7713882163034705,0.6857142857142857
3282,2461,1,0,0.020468704335777823,30,623,82,705,0.7672955974842768,0.68
3283,2483,1,0,0.22126683313651094,30,624,82,706,0.763189371949858,0.6742857142857143
3284,30,1,0,0.3611184761963366,30,625,82,707,0.7590690005073567,0.6685714285714286
3285,35,1,1,0.9928016876437747,30,625,82,707,0.7590690005073567,0.6685714285714286
3286,50,1,1,0.9928454265108818,30,625,82,707,0.7590690005073567,0.6685714285714286
3287,75,1,0,0.11921685059461422,30,626,82,708,0.7549339512594976,0.6628571428571428
3288,129,1,1,0.9984515769138439,30,626,82,708,0.7590690005073567,0.6685714285714286
3289,141,1,1,0.961852724518556,30,626,82,708,0.7590690005073567,0.6685714285714286
3290,198,1,1,0.8360980208013982,30,626,82,708,0.763189371949858,0.6742857142857143
3291,202,1,0,0.15611849603831482,30,627,82,709,0.763189371949858,0.6742857142857143
3292,271,1,1,0.7922964734068795,30,627,82,709,0.763189371949858,0.6742857142857143
3293,331,1,1,0.8089042207153686,30,627,82,709,0.763189371949858,0.6742857142857143
3294,342,1,1,0.9879648374867481,30,627,82,709,0.763189371949858,0.6742857142857143
3295,360,1,1,0.8339930203216321,30,627,82,709,0.763189371949858,0.6742857142857143
3296,372,1,0,0.21417136985827562,30,628,82,710,0.7590690005073567,0.6685714285714286
3297,412,1,0,0.06974781024446422,30,629,82,711,0.7549339512594976,0.6628571428571428
3298,429,1,0,0.4993538024864402,30,630,82,712,0.7507836990595612,0.6571428571428571
3299,494,1,1,0.6707214154596467,30,630,82,712,0.7507836990595612,0.6571428571428571
3300,499,1,0,0.0013962460128464883,30,631,82,713,0.7466177249914274,0.6514285714285715
3301,503,1,1,0.9929176777757769,30,631,82,713,0.7466177249914274,0.6514285714285715
3302,594,1,0,0.47657090362128907,30,632,82,714,0.7424355158730158,0.6457142857142857
3303,620,1,1,0.775095220504218,30,632,82,714,0.7424355158730158,0.6457142857142857
3304,660,1,0,0.018803240839447514,30,633,82,715,0.738236563781567,0.64
3305,662,1,0,0.010623770135335798,30,634,82,716,0.734020365599313,0.6342857142857142
3306,673,1,1,0.9928405124588555,30,634,82,716,0.734020365599313,0.6342857142857142
3307,682,1,1,0.8229631445452996,30,634,82,716,0.738236563781567,0.64
3308,702,1,1,0.8775045409098005,30,634,82,716,0.738236563781567,0.64
3309,708,1,0,0.18206509766809392,30,635,82,717,0.734020365599313,0.6342857142857142
3310,722,1,0,0.294106557508129,30,636,82,718,0.7297864225781846,0.6285714285714286
3311,741,1,1,0.9510973222833407,30,636,82,718,0.7297864225781846,0.6285714285714286
3312,749,1,1,0.7227743136556558,30,636,82,718,0.7297864225781846,0.6285714285714286
3313,789,1,0,0.3453225482539326,30,637,82,719,0.7255342399222924,0.6228571428571429
3314,840,1,1,0.9543471092258582,30,637,82,719,0.7255342399222924,0.6228571428571429
3315,874,1,1,0.5621221421398168,30,637,82,719,0.7255342399222924,0.6228571428571429
3316,896,1,1,0.9790619741834916,30,637,82,719,0.7255342399222924,0.6228571428571429
3317,946,1,1,0.9997366898664959,30,637,82,719,0.7255342399222924,0.6228571428571429
3318,947,1,1,0.7712805713451222,30,637,82,719,0.7255342399222924,0.6228571428571429
3319,952,1,1,0.8201153209529605,30,637,82,719,0.7255342399222924,0.6228571428571429
3320,972,1,1,0.9706522363252943,30,637,82,719,0.7255342399222924,0.6228571428571429
3321,991,1,1,0.593976027238185,30,637,82,719,0.7255342399222924,0.6228571428571429
3322,1013,1,0,0.25614585334727236,30,638,82,720,0.7212633263870013,0.6171428571428571
3323,1069,1,1,0.6347099199430454,30,638,82,720,0.7212633263870013,0.6171428571428571
3324,1076,1,1,0.8537939366365441,30,638,82,720,0.7212633263870013,0.6171428571428571
3325,1100,1,0,0.015460391199813834,30,639,82,721,0.7169731938934969,0.6114285714285714
3326,1118,1,1,0.9666570916727973,30,639,82,721,0.7169731938934969,0.6114285714285714
3327,1121,1,1,0.7073196547880858,30,639,82,721,0.7169731938934969,0.6114285714285714
3328,1133,1,1,0.9601271961084674,30,639,82,721,0.7169731938934969,0.6114285714285714
3329,1146,1,1,0.808404793421569,30,639,82,721,0.7169731938934969,0.6114285714285714
3330,1147,1,0,0.23413198710305785,30,640,82,722,0.7126633571578098,0.6057142857142858
3331,1210,1,1,0.964521031736629,30,640,82,722,0.7126633571578098,0.6057142857142858
3332,1211,1,0,0.403964243523832,30,641,82,723,0.7083333333333333,0.6
3333,1220,1,1,0.6910561869729129,30,641,82,723,0.7083333333333333,0.6
3334,1304,1,0,0.10097121854159587,30,642,82,724,0.7039826416659261,0.5942857142857143
3335,1325,1,1,0.9764493975437933,30,642,82,724,0.7039826416659261,0.5942857142857143
3336,1346,1,1,0.6378443022866057,30,642,82,724,0.7039826416659261,0.5942857142857143
3337,1385,1,1,0.9789590265913392,30,642,82,724,0.7039826416659261,0.5942857142857143
3338,1401,1,1,0.8909215010720927,30,642,82,724,0.7039826416659261,0.5942857142857143
3339,1411,1,0,0.22941020599987239,30,643,82,725,0.69961080316075,0.5885714285714285
3340,1453,1,0,0.055334717118334424,30,644,82,726,0.6952173402600452,0.5828571428571429
3341,1480,1,1,0.6024966343455026,30,644,82,726,0.69961080316075,0.5885714285714285
3342,1491,1,0,0.09789069925429178,30,645,82,727,0.6952173402600452,0.5828571428571429
3343,1565,1,0,0.09945028676684302,30,646,82,728,0.6908017765310893,0.5771428571428572
3344,1568,1,1,0.9897634259614553,30,646,82,728,0.6908017765310893,0.5771428571428572
3345,1571,1,1,0.9991307404628402,30,646,82,728,0.6908017765310893,0.5771428571428572
3346,1578,1,0,0.029706307993358324,30,647,82,729,0.6863636363636364,0.5714285714285714
3347,1614,1,1,0.9799322134016066,30,647,82,729,0.6908017765310893,0.5771428571428572
3348,1669,1,1,0.9846626507306765,30,647,82,729,0.6952173402600452,0.5828571428571429
3349,1679,1,0,0.16945846101989764,30,648,82,730,0.6908017765310893,0.5771428571428572
3350,1793,1,0,0.30307978421095216,30,649,82,731,0.6863636363636364,0.5714285714285714
3351,1847,1,1,0.8881704416546267,30,649,82,731,0.6863636363636364,0.5714285714285714
3352,1863,1,0,0.32643920435687745,30,650,82,732,0.6863636363636364,0.5714285714285714
3353,1883,1,1,0.7627042145206888,30,650,82,732,0.6863636363636364,0.5714285714285714
3354,1887,1,1,0.9369663544938865,30,650,82,732,0.6908017765310893,0.5771428571428572
3355,1943,1,1,0.9805900230163476,30,650,82,732,0.6952173402600452,0.5828571428571429
3356,1953,1,1,0.6032475814975217,30,650,82,732,0.6952173402600452,0.5828571428571429
3357,1954,1,0,0.4091805037899845,30,651,82,733,0.6908017765310893,0.5771428571428572
3358,1960,1,1,0.5741893183008538,30,651,82,733,0.6908017765310893,0.5771428571428572
3359,1968,1,1,0.7884867297252415,30,651,82,733,0.6952173402600452,0.5828571428571429
3360,1983,1,1,0.8659907083135133,30,651,82,733,0.6952173402600452,0.5828571428571429
3361,2008,1,1,0.998792078508157,30,651,82,733,0.6952173402600452,0.5828571428571429
3362,2010,1,0,0.041804551045227,30,652,82,734,0.6929685104375516,0.5795454545454546
3363,2037,1,1,0.6034295343216545,30,652,82,734,0.6951904761904762,0.5819209039548022
3364,2038,1,1,0.859275123878125,30,652,82,734,0.6974708498617622,0.5842696629213483
3365,2054,1,0,0.27904330375519837,30,653,82,735,0.6955014949714596,0.5810055865921788
3366,2092,1,1,0.7895639173280484,30,653,82,735,0.6979405034324943,0.5833333333333334
3367,2140,1,1,0.945885050227897,30,653,82,735,0.7004486448151461,0.585635359116022
3368,2143,1,1,0.7212896548624829,30,653,82,735,0.7030300196390162,0.5879120879120879
3369,2168,1,0,0.03669677230424673,30,654,82,736,0.7014796238244514,0.5846994535519126
3370,2178,1,1,0.998042191378119,30,654,82,736,0.7042516489091831,0.5869565217391305
3371,2190,1,0,3.056066804607825e-05,30,655,82,737,0.7029393001818124,0.5837837837837838
3372,2191,1,0,0.3376703357985105,30,656,82,738,0.7017558721601849,0.5806451612903226
3373,2210,1,1,0.9978354499382596,30,656,82,738,0.7048648648648649,0.5828877005347594
3374,2218,1,0,0.03425277793855818,30,657,82,739,0.7039469124906019,0.5797872340425532
3375,2269,1,1,0.948685823413508,30,657,82,739,0.7072979237723103,0.582010582010582
3376,2338,1,1,0.926440428431139,30,657,82,739,0.7107654619282526,0.5842105263157895
3377,2353,1,1,0.5388169157102713,30,657,82,739,0.7143571161239834,0.5863874345549738
3378,2379,1,1,0.5173461424723625,30,657,82,739,0.7180811044003451,0.5885416666666666
3379,2389,1,1,0.9925457360115465,30,657,82,739,0.7219463416342685,0.5906735751295337
3380,2399,1,0,0.002486041682219432,30,658,82,740,0.721964991530209,0.5876288659793815
3381,2408,1,1,0.9920317134753194,30,658,82,740,0.7261648745519713,0.5897435897435898
3382,2441,1,0,0.044947373808058334,30,659,82,741,0.7265565952527188,0.5867346938775511
3383,2459,1,1,0.990355425231303,30,659,82,741,0.7311303294039879,0.5888324873096447
3384,2469,1,1,0.7827707016781404,30,659,82,741,0.7358991596638655,0.5909090909090909
3385,2485,1,0,0.41691049847618533,30,660,82,742,0.736922845087402,0.5879396984924623
3386,2491,1,1,0.8830508062117762,30,660,82,742,0.7421383647798742,0.59
3387,3,1,0,0.19949195365943545,30,661,82,743,0.7381703470031546,0.585
3388,108,1,1,0.9918388331448142,30,661,82,743,0.7421383647798742,0.59
3389,147,1,0,0.0010558400258091928,30,662,82,744,0.7421383647798742,0.59
3390,153,1,0,0.3025731081803615,30,663,82,745,0.7381703470031546,0.585
3391,170,1,0,0.145680988888969,30,664,82,746,0.7341772151898734,0.58
3392,177,1,1,0.9998524648284759,30,664,82,746,0.7341772151898734,0.58
3393,201,1,0,0.1759738573626828,30,665,82,747,0.7341772151898734,0.58
3394,232,1,0,0.4660629321832054,30,666,82,748,0.7301587301587301,0.575
3395,281,1,0,0.013763063999365506,30,667,82,749,0.7301587301587301,0.575
3396,344,1,1,0.6159031329218552,30,667,82,749,0.7341772151898734,0.58
3397,351,1,0,0.2837060205578321,30,668,82,750,0.7341772151898734,0.58
3398,366,1,1,0.9466230902551945,30,668,82,750,0.7381703470031546,0.585
3399,421,1,1,0.9737107555615808,30,668,82,750,0.7421383647798742,0.59
3400,470,1,0,0.09703461596121775,30,669,82,751,0.7381703470031546,0.585
3401,491,1,0,0.1938976492997318,30,670,82,752,0.7341772151898734,0.58
3402,590,1,1,0.9327385503146582,30,670,82,752,0.7381703470031546,0.585
3403,679,1,0,0.020470596480671333,30,671,82,753,0.7341772151898734,0.58
3404,705,1,1,0.5313911783456362,30,671,82,753,0.7341772151898734,0.58
3405,709,1,0,0.28342930152566953,30,672,82,754,0.7301587301587301,0.575
3406,724,1,1,0.9995818702195209,30,672,82,754,0.7301587301587301,0.575
3407,725,1,0,0.07028868617098061,30,673,82,755,0.7301587301587301,0.575
3408,729,1,1,0.5313910067365768,30,673,82,755,0.7341772151898734,0.58
3409,770,1,1,0.8918932992489494,30,673,82,755,0.7341772151898734,0.58
3410,777,1,1,0.6352865545942862,30,673,82,755,0.7381703470031546,0.585
3411,813,1,1,0.9716639242133166,30,673,82,755,0.7381703470031546,0.585
3412,841,1,0,0.1868654360903433,30,674,82,756,0.7381703470031546,0.585
3413,926,1,1,0.9883787048798064,30,674,82,756,0.7421383647798742,0.59
3414,983,1,1,0.9282296326452536,30,674,82,756,0.7421383647798742,0.59
3415,1015,1,0,0.41402695508976534,30,675,82,757,0.7381703470031546,0.585
3416,1040,1,0,0.3634402742653131,30,676,82,758,0.7341772151898734,0.58
3417,1043,1,0,0.06510085279524581,30,677,82,759,0.7301587301587301,0.575
3418,1059,1,1,0.9998232680571565,30,677,82,759,0.7341772151898734,0.58
3419,1071,1,0,0.3634402740181914,30,678,82,760,0.7301587301587301,0.575
3420,1077,1,0,0.023578676278009324,30,679,82,761,0.7261146496815286,0.57
3421,1101,1,1,0.822180464830803,30,679,82,761,0.7301587301587301,0.575
3422,1123,1,1,0.9853684112644525,30,679,82,761,0.7341772151898734,0.58
3423,1138,1,1,0.5758715707684167,30,679,82,761,0.7341772151898734,0.58
3424,1176,1,1,0.9888972450444748,30,679,82,761,0.7381703470031546,0.585
3425,1193,1,0,0.011919963527126187,30,680,82,762,0.7381703470031546,0.585
3426,1197,1,1,0.6013996561536773,30,680,82,762,0.7381703470031546,0.585
3427,1256,1,1,0.9767567064805526,30,680,82,762,0.7421383647798742,0.59
3428,1259,1,1,0.9141060765987729,30,680,82,762,0.7460815047021945,0.595
3429,1262,1,0,0.03677656006040135,30,681,82,763,0.7421383647798742,0.59
3430,1285,1,0,0.0939180228122976,30,682,82,764,0.7381703470031546,0.585
3431,1303,1,0,0.09810497201964664,30,683,82,765,0.7341772151898734,0.58
3432,1356,1,0,0.02342038233091824,30,684,82,766,0.7301587301587301,0.575
3433,1361,1,0,0.40475540300824975,30,685,82,767,0.7301587301587301,0.575
3434,1372,1,0,0.032538670191091974,30,686,82,768,0.7301587301587301,0.575
3435,1410,1,0,0.07981036742621657,30,687,82,769,0.7301587301587301,0.575
3436,1423,1,0,0.279705683840134,30,688,82,770,0.7301587301587301,0.575
3437,1431,1,0,0.29094076609775343,30,689,82,771,0.7261146496815286,0.57
3438,1447,1,1,0.9215314644563511,30,689,82,771,0.7261146496815286,0.57
3439,1458,1,0,0.007769511228017583,30,690,82,772,0.7261146496815286,0.57
3440,1481,1,0,0.054607399513714266,30,691,82,773,0.7220447284345048,0.565
3441,1505,1,0,0.19356383746260059,30,692,82,774,0.717948717948718,0.56
3442,1543,1,0,0.45251575892578166,30,693,82,775,0.7138263665594855,0.555
3443,1561,1,0,0.028082146285255814,30,694,82,776,0.7096774193548387,0.55
3444,1562,1,1,0.9997754663855337,30,694,82,776,0.7096774193548387,0.55
3445,1564,1,0,0.025023971307527492,30,695,82,777,0.7055016181229773,0.545
3446,1574,1,1,0.5224124735046843,30,695,82,777,0.7055016181229773,0.545
3447,1590,1,1,0.9749918886269041,30,695,82,777,0.7055016181229773,0.545
3448,1624,1,0,0.2862653590942939,30,696,82,778,0.7012987012987013,0.54
3449,1630,1,0,0.39554320083163774,30,697,82,779,0.6970684039087948,0.535
3450,1639,1,1,0.6986956669998761,30,697,82,779,0.7012987012987013,0.54
3451,1644,1,0,0.0765551388946276,30,698,82,780,0.6970684039087948,0.535
3452,1645,1,0,0.29853109072550277,30,699,82,781,0.6970684039087948,0.535
3453,1698,1,0,0.12614451396218215,30,700,82,782,0.6928104575163399,0.53
3454,1712,1,1,0.9334984658657466,30,700,82,782,0.6928104575163399,0.53
3455,1726,1,1,0.9875367743173669,30,700,82,782,0.6970684039087948,0.535
3456,1760,1,0,0.3603559696624821,30,701,82,783,0.6928104575163399,0.53
3457,1762,1,1,0.5670786898662528,30,701,82,783,0.6970684039087948,0.535
3458,1808,1,0,0.11885669785206078,30,702,82,784,0.6928104575163399,0.53
3459,1809,1,0,0.01980614893586937,30,703,82,785,0.6928104575163399,0.53
3460,1839,1,1,0.9834580436752882,30,703,82,785,0.6970684039087948,0.535
3461,1868,1,0,0.2755499022512846,30,704,82,786,0.6970684039087948,0.535
3462,1894,1,1,0.9775251738099332,30,704,82,786,0.6970684039087948,0.535
3463,1899,1,0,0.05469409250974346,30,705,82,787,0.6928104575163399,0.53
3464,1925,1,1,0.9863853444340706,30,705,82,787,0.6970684039087948,0.535
3465,1938,1,0,0.03182472773802455,30,706,82,788,0.6928104575163399,0.53
3466,2073,1,0,0.013763063998628908,30,707,82,789,0.6928104575163399,0.53
3467,2097,1,1,0.8647623477766955,30,707,82,789,0.6970684039087948,0.535
3468,2103,1,0,0.24769388423488503,30,708,82,790,0.6970684039087948,0.535
3469,2110,1,0,0.21669481384943134,30,709,82,791,0.6970684039087948,0.535
3470,2132,1,1,0.7505695378176993,30,709,82,791,0.6970684039087948,0.535
3471,2158,1,0,0.11800128655427876,30,710,82,792,0.6928104575163399,0.53
3472,2184,1,0,0.016923447235733125,30,711,82,793,0.6885245901639344,0.525
3473,2235,1,0,0.08172907707698317,30,712,82,794,0.6885245901639344,0.525
3474,2256,1,1,0.9809423014898024,30,712,82,794,0.6928104575163399,0.53
3475,2277,1,0,0.46855406983211756,30,713,82,795,0.6928104575163399,0.53
3476,2375,1,0,0.054694094039633254,30,714,82,796,0.6928104575163399,0.53
3477,2381,1,1,0.913621993580978,30,714,82,796,0.6928104575163399,0.53
3478,2382,1,1,0.9029755883953436,30,714,82,796,0.6970684039087948,0.535
3479,2435,1,1,0.9029755883953436,30,714,82,796,0.6970684039087948,0.535
3480,2479,1,1,0.8505471266798172,30,714,82,796,0.6970684039087948,0.535
3481,25,1,1,0.6015430883477535,30,714,82,796,0.7012987012987013,0.54
3482,77,1,1,0.9742688360609333,30,714,82,796,0.7055016181229773,0.545
3483,80,1,0,0.38454434122493336,30,715,82,797,0.7055016181229773,0.545
3484,135,1,0,0.10929634186981242,30,716,82,798,0.7055016181229773,0.545
3485,178,1,1,0.5670786571819447,30,716,82,798,0.7055016181229773,0.545
3486,216,1,0,0.3119217740889898,30,717,82,799,0.7012987012987013,0.54
3487,244,1,0,0.26773316947603504,30,718,82,800,0.7012987012987013,0.54
3488,264,1,1,0.8269358507733147,30,718,82,800,0.7012987012987013,0.54
3489,266,1,0,0.08774834944800787,30,719,82,801,0.6970684039087948,0.535
3490,339,1,1,0.7611834471252235,30,719,82,801,0.6970684039087948,0.535
3491,371,1,1,0.9582937486072939,30,719,82,801,0.7012987012987013,0.54
3492,378,1,1,0.7478540087293629,30,719,82,801,0.7012987012987013,0.54
3493,512,1,0,0.12416119770444985,30,720,82,802,0.6970684039087948,0.535
3494,548,1,1,0.9210235123638081,30,720,82,802,0.6970684039087948,0.535
3495,554,1,1,0.8262466114302586,30,720,82,802,0.6970684039087948,0.535
3496,579,1,1,0.8710149068433409,30,720,82,802,0.7012987012987013,0.54
3497,639,1,1,0.9531640833069301,30,720,82,802,0.7055016181229773,0.545
3498,652,1,1,0.617963578114679,30,720,82,802,0.7096774193548387,0.55
3499,672,1,1,0.9691955465731199,30,720,82,802,0.7096774193548387,0.55
3500,719,1,1,0.7711130171242395,30,720,82,802,0.7138263665594855,0.555
3501,794,1,0,0.07909442385019785,30,721,82,803,0.7096774193548387,0.55
3502,806,1,0,0.0005242297415638282,30,722,82,804,0.7096774193548387,0.55
3503,879,1,1,0.9942579257021361,30,722,82,804,0.7096774193548387,0.55
3504,918,1,0,0.16322836851414724,30,723,82,805,0.7096774193548387,0.55
3505,976,1,0,0.20229920893056902,30,724,82,806,0.7096774193548387,0.55
3506,1173,1,0,0.0448865741343692,30,725,82,807,0.7055016181229773,0.545
3507,1179,1,1,0.7287228840568987,30,725,82,807,0.7055016181229773,0.545
3508,1270,1,1,0.8269358639876991,30,725,82,807,0.7055016181229773,0.545
3509,1286,1,1,0.9074684464280602,30,725,82,807,0.7096774193548387,0.55
3510,1289,1,1,0.9577343506832706,30,725,82,807,0.7138263665594855,0.555
3511,1296,1,0,0.023851651701358542,30,726,82,808,0.7096774193548387,0.55
3512,1305,1,0,0.16383725223197787,30,727,82,809,0.7055016181229773,0.545
3513,1395,1,1,0.956984596141566,30,727,82,809,0.7096774193548387,0.55
3514,1398,1,1,0.5521116095348206,30,727,82,809,0.7096774193548387,0.55
3515,1492,1,0,0.09307095772039911,30,728,82,810,0.7055016181229773,0.545
3516,1531,1,0,0.011084832752789327,30,729,82,811,0.7012987012987013,0.54
3517,1633,1,0,0.1183274008699991,30,730,82,812,0.6970684039087948,0.535
3518,1646,1,1,0.9680732798273087,30,730,82,812,0.6970684039087948,0.535
3519,1648,1,0,0.14805049482350588,30,731,82,813,0.6928104575163399,0.53
3520,1723,1,0,0.04251989917005905,30,732,82,814,0.6885245901639344,0.525
3521,1724,1,1,0.8669515582775461,30,732,82,814,0.6885245901639344,0.525
3522,1728,1,0,0.0736228425040349,30,733,82,815,0.6885245901639344,0.525
3523,1741,1,0,0.004584012653943567,30,734,82,816,0.6842105263157895,0.52
3524,1772,1,0,0.024439036163192648,30,735,82,817,0.6798679867986799,0.515
3525,1780,1,1,0.9476777411103141,30,735,82,817,0.6842105263157895,0.52
3526,1798,1,0,0.005242212634086486,30,736,82,818,0.6798679867986799,0.515
3527,1813,1,1,0.9822890643681377,30,736,82,818,0.6798679867986799,0.515
3528,1846,1,0,0.4502736652174601,30,737,82,819,0.6754966887417219,0.51
3529,1848,1,0,0.0018304645337065767,30,738,82,820,0.67109634551495,0.505
3530,1902,1,0,0.4315712666806063,30,739,82,821,0.67109634551495,0.505
3531,1924,1,1,0.805259325748149,30,739,82,821,0.67109634551495,0.505
3532,1934,1,1,0.7530167452396852,30,739,82,821,0.6754966887417219,0.51
3533,1970,1,0,0.25270224562058025,30,740,82,822,0.67109634551495,0.505
3534,2049,1,1,0.9653270010128574,30,740,82,822,0.6754966887417219,0.51
3535,2075,1,0,0.14660045153070544,30,741,82,823,0.67109634551495,0.505
3536,2153,1,0,0.2263026008985582,30,742,82,824,0.6666666666666665,0.5
3537,2163,1,1,0.9637255720957948,30,742,82,824,0.6666666666666665,0.5
3538,2207,1,1,0.985819898205769,30,742,82,824,0.6666666666666665,0.5
3539,2280,1,0,0.010518133900325213,30,743,82,825,0.6666666666666665,0.5
3540,2294,1,1,0.5098737058165297,30,743,82,825,0.67109634551495,0.505
3541,2321,1,1,0.5919365294489449,30,743,82,825,0.67109634551495,0.505
3542,2328,1,1,0.6033471238884089,30,743,82,825,0.6754966887417219,0.51
3543,2347,1,1,0.9327503845967717,30,743,82,825,0.6798679867986799,0.515
3544,2494,1,1,0.9886704315167967,30,743,82,825,0.6798679867986799,0.515
3545,28,1,1,0.9996107531928254,30,743,82,825,0.6798679867986799,0.515
3546,44,1,1,0.9789148509048825,30,743,82,825,0.6842105263157895,0.52
3547,67,1,0,0.16488295315584717,30,744,82,826,0.6798679867986799,0.515
3548,73,1,0,0.25956082330583186,30,745,82,827,0.6754966887417219,0.51
3549,84,1,0,0.1201019034913128,30,746,82,828,0.6754966887417219,0.51
3550,106,1,0,0.14303669128192725,30,747,82,829,0.6754966887417219,0.51
3551,109,1,1,0.9581036851830577,30,747,82,829,0.6754966887417219,0.51
3552,117,1,1,0.7610280309981724,30,747,82,829,0.6798679867986799,0.515
3553,123,1,1,0.8721894686052128,30,747,82,829,0.6798679867986799,0.515
3554,134,1,1,0.6166049061420652,30,747,82,829,0.6798679867986799,0.515
3555,152,1,0,0.124850959459926,30,748,82,830,0.6754966887417219,0.51
3556,162,1,1,0.9945575648727862,30,748,82,830,0.6754966887417219,0.51
3557,185,1,1,0.9921368985041968,30,748,82,830,0.6798679867986799,0.515
3558,210,1,0,0.007983721776288647,30,749,82,831,0.6754966887417219,0.51
3559,214,1,1,0.9117721237616762,30,749,82,831,0.6754966887417219,0.51
3560,245,1,0,0.007871535829872486,30,750,82,832,0.67109634551495,0.505
3561,258,1,0,0.010027945042810953,30,751,82,833,0.6666666666666665,0.5
3562,261,1,1,0.7257245345427641,30,751,82,833,0.67109634551495,0.505
3563,270,1,0,0.029531187833748487,30,752,82,834,0.6666666666666665,0.5
3564,291,1,1,0.8201753217286774,30,752,82,834,0.6666666666666665,0.5
3565,316,1,0,0.06331251878194469,30,753,82,835,0.6666666666666665,0.5
3566,328,1,1,0.6862404407378573,30,753,82,835,0.6666666666666665,0.5
3567,374,1,1,0.9923053844228372,30,753,82,835,0.6666666666666665,0.5
3568,377,1,1,0.651717841272903,30,753,82,835,0.6666666666666665,0.5
3569,387,1,0,0.0044411439748486305,30,754,82,836,0.6666666666666665,0.5
3570,419,1,1,0.8726784248229955,30,754,82,836,0.6666666666666665,0.5
3571,457,1,0,0.09204248799444435,30,755,82,837,0.6666666666666665,0.5
3572,472,1,0,0.3934136004963198,30,756,82,838,0.6666666666666665,0.5
3573,492,1,0,0.262051379855923,30,757,82,839,0.6622073578595318,0.495
3574,498,1,0,0.3919751289817682,30,758,82,840,0.6622073578595318,0.495
3575,507,1,1,0.7877953232373731,30,758,82,840,0.6622073578595318,0.495
3576,514,1,0,0.43325676794288603,30,759,82,841,0.6577181208053692,0.49
3577,530,1,0,0.0763421459694202,30,760,82,842,0.6531986531986533,0.485
3578,533,1,0,0.08236087493746198,30,761,82,843,0.6486486486486487,0.48
3579,561,1,1,0.6362497915763535,30,761,82,843,0.6486486486486487,0.48
3580,602,1,0,0.458761589386905,30,762,82,844,0.6486486486486487,0.48
3581,688,1,1,0.6598180362567004,30,762,82,844,0.6486486486486487,0.48
3582,747,1,0,0.04435923843243419,30,763,82,845,0.6486486486486487,0.48
3583,761,1,1,0.9900979319194372,30,763,82,845,0.6486486486486487,0.48
3584,782,1,1,0.6428405737188764,30,763,82,845,0.6486486486486487,0.48
3585,812,1,1,0.9038209848259867,30,763,82,845,0.6531986531986533,0.485
3586,815,1,1,0.8996963327637437,30,763,82,845,0.6531986531986533,0.485
3587,822,1,0,0.45001018489765837,30,764,82,846,0.6531986531986533,0.485
3588,828,1,1,0.9926310682109702,30,764,82,846,0.6531986531986533,0.485
3589,839,1,1,0.8490896548564675,30,764,82,846,0.6577181208053692,0.49
3590,842,1,0,0.3396078408457262,30,765,82,847,0.6577181208053692,0.49
3591,889,1,0,0.027661649471403205,30,766,82,848,0.6577181208053692,0.49
3592,914,1,0,0.2670131439686888,30,767,82,849,0.6531986531986533,0.485
3593,966,1,1,0.9619906369993557,30,767,82,849,0.6577181208053692,0.49
3594,975,1,1,0.9220536164344039,30,767,82,849,0.6622073578595318,0.495
3595,980,1,1,0.5606738264681497,30,767,82,849,0.6666666666666665,0.5
3596,987,1,1,0.9562669424529107,30,767,82,849,0.6666666666666665,0.5
3597,1021,1,0,0.2635854719139159,30,768,82,850,0.6666666666666665,0.5
3598,1047,1,1,0.7421725465130522,30,768,82,850,0.6666666666666665,0.5
3599,1062,1,1,0.820175324916886,30,768,82,850,0.6666666666666665,0.5
3600,1106,1,1,0.9896281005016394,30,768,82,850,0.67109634551495,0.505
3601,1162,1,1,0.8529966239453686,30,768,82,850,0.6754966887417219,0.51
3602,1183,1,0,0.16725080314748034,30,769,82,851,0.67109634551495,0.505
3603,1214,1,0,0.011202159367469537,30,770,82,852,0.67109634551495,0.505
3604,1265,1,0,0.46543945417058336,30,771,82,853,0.6666666666666665,0.5
3605,1327,1,1,0.826535035384027,30,771,82,853,0.67109634551495,0.505
3606,1331,1,1,0.9320460878609861,30,771,82,853,0.67109634551495,0.505
3607,1342,1,0,0.2661172805066079,30,772,82,854,0.67109634551495,0.505
3608,1371,1,1,0.8165350972174593,30,772,82,854,0.67109634551495,0.505
3609,1390,1,0,0.05774532714333758,30,773,82,855,0.6666666666666665,0.5
3610,1435,1,0,0.2635013591658566,30,774,82,856,0.6622073578595318,0.495
3611,1465,1,0,0.029199009267234666,30,775,82,857,0.6577181208053692,0.49
3612,1471,1,1,0.994106514919009,30,775,82,857,0.6622073578595318,0.495
3613,1485,1,0,0.4879085907432733,30,776,82,858,0.6577181208053692,0.49
3614,1490,1,1,0.9626994369264009,30,776,82,858,0.6577181208053692,0.49
3615,1533,1,0,0.09151560732841667,30,777,82,859,0.6577181208053692,0.49
3616,1542,1,1,0.9856225361189512,30,777,82,859,0.6622073578595318,0.495
3617,1566,1,1,0.9146835392265421,30,777,82,859,0.6666666666666665,0.5
3618,1584,1,1,0.9621070728828295,30,777,82,859,0.6666666666666665,0.5
3619,1625,1,0,0.06179253242244005,30,778,82,860,0.6666666666666665,0.5
3620,1649,1,0,0.17747962714843435,30,779,82,861,0.6666666666666665,0.5
3621,1667,1,0,0.08091873056502356,30,780,82,862,0.6622073578595318,0.495
3622,1671,1,0,0.40175824622412637,30,781,82,863,0.6577181208053692,0.49
3623,1718,1,0,0.0037099464820840376,30,782,82,864,0.6531986531986533,0.485
3624,1719,1,1,0.7307535902684513,30,782,82,864,0.6531986531986533,0.485
3625,1721,1,1,0.6481652217910054,30,782,82,864,0.6577181208053692,0.49
3626,1734,1,1,0.6558773247825959,30,782,82,864,0.6577181208053692,0.49
3627,1739,1,1,0.9852783812533011,30,782,82,864,0.6577181208053692,0.49
3628,1755,1,1,0.9728708753828876,30,782,82,864,0.6577181208053692,0.49
3629,1764,1,1,0.9432768834677562,30,782,82,864,0.6622073578595318,0.495
3630,1784,1,1,0.9905855787948464,30,782,82,864,0.6666666666666665,0.5
3631,1792,1,1,0.8996963744077786,30,782,82,864,0.67109634551495,0.505
3632,1818,1,1,0.9438285872693548,30,782,82,864,0.6754966887417219,0.51
3633,1835,1,1,0.9855487976319528,30,782,82,864,0.6798679867986799,0.515
3634,1871,1,0,0.026086524780832062,30,783,82,865,0.6798679867986799,0.515
3635,1912,1,0,0.07843428190157357,30,784,82,866,0.6798679867986799,0.515
3636,1916,1,1,0.9703212497010162,30,784,82,866,0.6842105263157895,0.52
3637,1969,1,1,0.7231525432295894,30,784,82,866,0.6885245901639344,0.525
3638,2021,1,1,0.8183093118467981,30,784,82,866,0.6885245901639344,0.525
3639,2034,1,1,0.8765734241133069,30,784,82,866,0.6928104575163399,0.53
3640,2074,1,0,0.015621515742033862,30,785,82,867,0.6928104575163399,0.53
3641,2076,1,0,0.031147744365252358,30,786,82,868,0.6928104575163399,0.53
3642,2078,1,1,0.6642419369193444,30,786,82,868,0.6970684039087948,0.535
3643,2125,1,1,0.8269265038752482,30,786,82,868,0.7012987012987013,0.54
3644,2126,1,0,0.25586653218893135,30,787,82,869,0.6970684039087948,0.535
3645,2130,1,1,0.9631052534443039,30,787,82,869,0.7012987012987013,0.54
3646,2131,1,1,0.5375667533066829,30,787,82,869,0.7012987012987013,0.54
3647,2133,1,1,0.9964740108531345,30,787,82,869,0.7012987012987013,0.54
3648,2176,1,1,0.9597035011771372,30,787,82,869,0.7055016181229773,0.545
3649,2180,1,0,0.3970882335636282,30,788,82,870,0.7055016181229773,0.545
3650,2183,1,0,0.4769992500691804,30,789,82,871,0.7012987012987013,0.54
3651,2265,1,1,0.7362470956939003,30,789,82,871,0.7055016181229773,0.545
3652,2397,1,1,0.9202387081748292,30,789,82,871,0.7096774193548387,0.55
3653,2418,1,1,0.8590035924136108,30,789,82,871,0.7138263665594855,0.555
3654,2463,1,0,0.03850527303072626,30,790,82,872,0.7096774193548387,0.55
3655,2464,1,0,0.4198392894232863,30,791,82,873,0.7055016181229773,0.545
3656,2472,1,1,0.9755900317365271,30,791,82,873,0.7096774193548387,0.55
3657,2540,0,0,0.001351033015135254,30,791,82,873,0.7043619424054206,0.5477386934673367
3658,3114,0,0,0.0011750615200274176,30,791,82,873,0.7034268501978914,0.5505050505050505
3659,3573,0,0,0.3284570336586605,30,791,82,873,0.7026894729523017,0.5532994923857868
3660,3598,0,0,0.0009239964432384708,30,791,82,873,0.6979824561403509,0.5510204081632653
3661,4514,0,0,0.28061050233000107,30,791,82,873,0.6976268245381239,0.5538461538461539
3662,4718,0,0,0.1369006858192498,30,791,82,873,0.6932709151313802,0.5515463917525774
3663,4935,0,1,0.5778147177585956,30,791,83,874,0.6903221584616933,0.5544041450777202
3664,4,1,1,0.9975806586220393,30,791,83,874,0.6903221584616933,0.5544041450777202
3665,27,1,1,0.598509034637491,30,791,83,874,0.694484389782403,0.5595854922279793
3666,40,1,1,0.9827163912774135,30,791,83,874,0.6986203259501209,0.5647668393782384
3667,46,1,1,0.9158403737253844,30,791,83,874,0.6986203259501209,0.5647668393782384
3668,74,1,1,0.837900218325367,30,791,83,874,0.7027302631578948,0.5699481865284974
3669,88,1,1,0.9048321950861915,30,791,83,874,0.7068144952545299,0.5751295336787565
3670,120,1,0,0.017890722468632183,30,792,83,875,0.7027302631578948,0.5699481865284974
3671,158,1,1,0.7753877446882245,30,792,83,875,0.7068144952545299,0.5751295336787565
3672,171,1,1,0.5081496054806084,30,792,83,875,0.7108733138645528,0.5803108808290155
3673,186,1,0,0.23587872507882196,30,793,83,876,0.7108733138645528,0.5803108808290155
3674,215,1,1,0.963417000929274,30,793,83,876,0.7108733138645528,0.5803108808290155
3675,218,1,1,0.925594186829413,30,793,83,876,0.7149070085110855,0.5854922279792746
3676,223,1,0,0.03056744157910752,30,794,83,877,0.7149070085110855,0.5854922279792746
3677,269,1,0,0.021725726731961072,30,795,83,878,0.7108733138645528,0.5803108808290155
3678,290,1,1,0.7618477961771039,30,795,83,878,0.7108733138645528,0.5803108808290155
3679,295,1,1,0.9970502771576463,30,795,83,878,0.7108733138645528,0.5803108808290155
3680,307,1,1,0.8388162979425087,30,795,83,878,0.7108733138645528,0.5803108808290155
3681,393,1,0,0.345902780073203,30,796,83,879,0.7068144952545299,0.5751295336787565
3682,402,1,1,0.9278691973083806,30,796,83,879,0.7068144952545299,0.5751295336787565
3683,450,1,1,0.9307755088861424,30,796,83,879,0.7108733138645528,0.5803108808290155
3684,459,1,1,0.5730293688580655,30,796,83,879,0.7149070085110855,0.5854922279792746
3685,497,1,0,0.04864931976716355,30,797,83,880,0.7108733138645528,0.5803108808290155
3686,528,1,1,0.9810891325071154,30,797,83,880,0.7149070085110855,0.5854922279792746
3687,529,1,1,0.7328443295810381,30,797,83,880,0.7189158667419538,0.5906735751295337
3688,532,1,1,0.8826793578542215,30,797,83,880,0.7189158667419538,0.5906735751295337
3689,582,1,0,0.20833969132056776,30,798,83,881,0.7189158667419538,0.5906735751295337
3690,588,1,1,0.7750388830482128,30,798,83,881,0.7189158667419538,0.5906735751295337
3691,623,1,1,0.9680136937804529,30,798,83,881,0.7189158667419538,0.5906735751295337
3692,648,1,1,0.5288568416868555,30,798,83,881,0.7189158667419538,0.5906735751295337
3693,667,1,1,0.9573492601072973,30,798,83,881,0.7229001742593977,0.5958549222797928
3694,694,1,0,0.013410624386278375,30,799,83,882,0.7189158667419538,0.5906735751295337
3695,695,1,0,0.022764451482234896,30,800,83,883,0.7149070085110855,0.5854922279792746
3696,721,1,0,0.05985256144377888,30,801,83,884,0.7108733138645528,0.5803108808290155
3697,737,1,0,0.013981871942498857,30,802,83,885,0.7068144952545299,0.5751295336787565
3698,759,1,1,0.7618477961771039,30,802,83,885,0.7068144952545299,0.5751295336787565
3699,764,1,0,0.42236877791799227,30,803,83,886,0.7027302631578948,0.5699481865284974
3700,774,1,0,0.06416783491063427,30,804,83,887,0.6986203259501209,0.5647668393782384
3701,775,1,0,0.04420304250480628,30,805,83,888,0.6986203259501209,0.5647668393782384
3702,857,1,1,0.8895473455682164,30,805,83,888,0.7027302631578948,0.5699481865284974
3703,858,1,1,0.8584175809583143,30,805,83,888,0.7027302631578948,0.5699481865284974
3704,866,1,1,0.9022579225298379,30,805,83,888,0.7068144952545299,0.5751295336787565
3705,881,1,1,0.7819861145256968,30,805,83,888,0.7108733138645528,0.5803108808290155
3706,891,1,1,0.9365526625705589,30,805,83,888,0.7149070085110855,0.5854922279792746
3707,907,1,1,0.7707352074468666,30,805,83,888,0.7149070085110855,0.5854922279792746
3708,917,1,1,0.8485795394053921,30,805,83,888,0.7149070085110855,0.5854922279792746
3709,921,1,0,0.1905856911334603,30,806,83,889,0.7108733138645528,0.5803108808290155
3710,951,1,1,0.7948737133925922,30,806,83,889,0.7108733138645528,0.5803108808290155
3711,993,1,0,0.11644410249408667,30,807,83,890,0.7108733138645528,0.5803108808290155
3712,1125,1,1,0.8940762947798258,30,807,83,890,0.7149070085110855,0.5854922279792746
3713,1130,1,1,0.9940261354684511,30,807,83,890,0.7149070085110855,0.5854922279792746
3714,1135,1,1,0.7764404773083297,30,807,83,890,0.7149070085110855,0.5854922279792746
3715,1158,1,1,0.9761666647962762,30,807,83,890,0.7189158667419538,0.5906735751295337
3716,1168,1,0,0.3497836878214198,30,808,83,891,0.7189158667419538,0.5906735751295337
3717,1177,1,1,0.7325679127800552,30,808,83,891,0.7229001742593977,0.5958549222797928
3718,1222,1,1,0.7277163162940454,30,808,83,891,0.7229001742593977,0.5958549222797928
3719,1284,1,0,0.25957247163597447,30,809,83,892,0.7229001742593977,0.5958549222797928
3720,1345,1,0,0.3808900505603236,30,810,83,893,0.7229001742593977,0.5958549222797928
3721,1396,1,1,0.9238436206547913,30,810,83,893,0.7229001742593977,0.5958549222797928
3722,1407,1,0,0.3507339790203174,30,811,83,894,0.7229001742593977,0.5958549222797928
3723,1441,1,1,0.7560419839027612,30,811,83,894,0.7268602150537634,0.6010362694300518
3724,1449,1,1,0.8498215269725948,30,811,83,894,0.7307962715416019,0.6062176165803109
3725,1454,1,0,0.3373793505975411,30,812,83,895,0.7268602150537634,0.6010362694300518
3726,1463,1,0,0.28288237046750386,30,813,83,896,0.7268602150537634,0.6010362694300518
3727,1469,1,1,0.9590506123397415,30,813,83,896,0.7268602150537634,0.6010362694300518
3728,1473,1,1,0.675136950187588,30,813,83,896,0.7307962715416019,0.6062176165803109
3729,1489,1,1,0.8112793272206272,30,813,83,896,0.7347086247086247,0.6113989637305699
3730,1508,1,1,0.9230024437101004,30,813,83,896,0.7385975542580147,0.616580310880829
3731,1511,1,0,0.19109280151694275,30,814,83,897,0.7347086247086247,0.6113989637305699
3732,1513,1,0,0.365381446339166,30,815,83,898,0.7307962715416019,0.6062176165803109
3733,1544,1,0,0.3257766061181988,30,816,83,899,0.7307962715416019,0.6062176165803109
3734,1608,1,1,0.9680136937804529,30,816,83,899,0.7307962715416019,0.6062176165803109
3735,1713,1,1,0.8539360759336777,30,816,83,899,0.7347086247086247,0.6113989637305699
3736,1743,1,0,0.3639185280816598,30,817,83,900,0.7347086247086247,0.6113989637305699
3737,1747,1,1,0.5280487093200247,30,817,83,900,0.7347086247086247,0.6113989637305699
3738,1752,1,1,0.9973554595223215,30,817,83,900,0.7347086247086247,0.6113989637305699
3739,1761,1,1,0.7023897031123876,30,817,83,900,0.7385975542580147,0.616580310880829
3740,1774,1,0,0.07628230497555359,30,818,83,901,0.7347086247086247,0.6113989637305699
3741,1796,1,0,0.01073777580344403,30,819,83,902,0.7307962715416019,0.6062176165803109
3742,1851,1,0,0.3497836975599132,30,820,83,903,0.7268602150537634,0.6010362694300518
3743,1890,1,1,0.6307542551827134,30,820,83,903,0.7268602150537634,0.6010362694300518
3744,1923,1,1,0.9432560354917697,30,820,83,903,0.7268602150537634,0.6010362694300518
3745,1973,1,1,0.5994676764042081,30,820,83,903,0.7268602150537634,0.6010362694300518
3746,1974,1,0,0.01999605027323125,30,821,83,904,0.7229001742593977,0.5958549222797928
3747,2029,1,1,0.7621218482944674,30,821,83,904,0.7268602150537634,0.6010362694300518
3748,2045,1,1,0.9433396069041202,30,821,83,904,0.7307962715416019,0.6062176165803109
3749,2063,1,0,0.3813739549430393,30,822,83,905,0.7307962715416019,0.6062176165803109
3750,2077,1,1,0.5979339669278214,30,822,83,905,0.7347086247086247,0.6113989637305699
3751,2095,1,1,0.7023897151704136,30,822,83,905,0.7347086247086247,0.6113989637305699
3752,2100,1,0,0.003398828560810836,30,823,83,906,0.7307962715416019,0.6062176165803109
3753,2145,1,1,0.6077386386947773,30,823,83,906,0.7307962715416019,0.6062176165803109
3754,2155,1,1,0.8801056015041521,30,823,83,906,0.7307962715416019,0.6062176165803109
3755,2179,1,1,0.9824866836766918,30,823,83,906,0.7347086247086247,0.6113989637305699
3756,2217,1,1,0.9394527343181998,30,823,83,906,0.7347086247086247,0.6113989637305699
3757,2240,1,1,0.5117835825347575,30,823,83,906,0.7347086247086247,0.6113989637305699
3758,2247,1,0,0.08695390162704858,30,824,83,907,0.7347086247086247,0.6113989637305699
3759,2251,1,1,0.5593655990959445,30,824,83,907,0.7347086247086247,0.6113989637305699
3760,2267,1,1,0.785916486925683,30,824,83,907,0.7385975542580147,0.616580310880829
3761,2313,1,0,0.06614515284236436,30,825,83,908,0.7385975542580147,0.616580310880829
3762,2368,1,1,0.9961216232181274,30,825,83,908,0.7385975542580147,0.616580310880829
3763,2391,1,0,0.27082655322407717,30,826,83,909,0.7385975542580147,0.616580310880829
3764,2392,1,1,0.6044327946212878,30,826,83,909,0.7385975542580147,0.616580310880829
3765,2401,1,1,0.9988107685034737,30,826,83,909,0.7424633387646276,0.6217616580310881
3766,2419,1,0,0.011515768361929642,30,827,83,910,0.7385975542580147,0.616580310880829
3767,2468,1,0,0.10147127364750189,30,828,83,911,0.7347086247086247,0.6113989637305699
3768,2474,1,1,0.6782164167738719,30,828,83,911,0.7347086247086247,0.6113989637305699
3769,2478,1,1,0.9733191280290522,30,828,83,911,0.7385975542580147,0.616580310880829
3770,2503,0,0,0.001500668559666797,30,828,83,911,0.7347808808121681,0.6145833333333334
3771,2590,0,0,0.2352631871178325,30,828,83,911,0.7350322580645161,0.6178010471204188
3772,2616,0,0,0.0003519577008508166,30,828,83,911,0.7354564529321812,0.6210526315789474
3773,2713,0,0,0.00035608549277798944,30,828,83,911,0.7360474308300395,0.6243386243386243
3774,2748,0,1,0.8175388765163277,30,828,84,912,0.7333032185206098,0.6276595744680851
3775,2902,0,0,0.2031976175475015,30,828,84,912,0.7302127659574468,0.6256684491978609
3776,2915,0,0,0.0011033438246995859,30,828,84,912,0.7311924072476274,0.6290322580645161
3777,2990,0,0,0.304891277765108,30,828,84,912,0.7323190789473685,0.6324324324324324
3778,3206,0,0,0.019474642302269814,30,828,84,912,0.7335878330101052,0.6358695652173914
3779,3388,0,0,0.0005014731935111317,30,828,84,912,0.7310067451927919,0.6338797814207651
3780,3438,0,0,0.0021944565169241593,30,828,84,912,0.7325333333333333,0.6373626373626373
3781,3459,0,0,0.0004058546106233538,30,828,84,912,0.7301565995525727,0.6353591160220995
3782,3788,0,0,0.0009193184143930481,30,828,84,912,0.7319211532803765,0.6388888888888888
3783,3851,0,0,0.012359332522144615,30,828,84,912,0.7297288135593221,0.6368715083798883
3784,3933,0,0,0.004012538899220189,30,828,84,912,0.727606136965328,0.6348314606741573
3785,4118,0,0,0.0042749528954037705,30,828,84,912,0.7255490400075665,0.632768361581921
3786,4236,0,0,0.019688371218716375,30,828,84,912,0.7235537267371177,0.6306818181818182
3787,4300,0,0,0.00018932276260792615,30,828,84,912,0.7258184523809524,0.6342857142857142
3788,4335,0,0,0.00038865295002814797,30,828,84,912,0.7239676113360324,0.632183908045977
3789,4566,0,0,0.0008560003037653648,30,828,84,912,0.7221685284118504,0.630057803468208
3790,4577,0,0,1.9899821454765612e-05,30,828,84,912,0.7246957204554377,0.6337209302325582
3791,4651,0,0,0.0030891872143041827,30,828,84,912,0.7273133790119004,0.6374269005847953
3792,4753,0,0,0.19012515027821839,30,828,84,912,0.730018840276324,0.6411764705882353
3793,4870,0,0,0.020204816773850734,30,828,84,912,0.7284910690482538,0.6390532544378699
3794,4964,0,0,0.005602184116246336,30,828,84,912,0.7270018490798625,0.6369047619047619
3795,2624,0,0,0.05944069282584667,30,828,84,912,0.7255490909090909,0.6347305389221557
3796,2724,0,0,0.00010603415573551117,30,828,84,912,0.7241308298001212,0.6325301204819277
3797,2901,0,0,0.0001071566971376003,30,828,84,912,0.7271829044117646,0.6363636363636364
3798,3142,0,0,0.00026740640342519064,30,828,84,912,0.7258575498575499,0.6341463414634146
3799,3327,0,0,0.00021054130604022478,30,828,84,912,0.7245612844866577,0.6319018404907976
3800,3526,0,0,0.3376765929786688,30,828,84,912,0.7232925597576029,0.6296296296296297
3801,3530,0,1,0.7364156971954318,30,828,85,913,0.7176226415094341,0.6273291925465838
3802,3543,0,0,0.00034945933395180034,30,828,85,913,0.7209447415329768,0.63125
3803,3576,0,0,0.00027751919975724254,30,828,85,913,0.7243309927562378,0.6352201257861635
3804,3799,0,0,0.02863127005087672,30,828,85,913,0.7277796216395619,0.6392405063291139
3805,3837,0,0,0.0011894372428711709,30,828,85,913,0.7267032967032967,0.6369426751592356
3806,3929,0,0,0.012473653072586887,30,828,85,913,0.7256469046839175,0.6346153846153846
3807,3965,0,0,0.41513645966720536,30,828,85,913,0.729249544230089,0.6387096774193548
3808,3998,0,0,0.00032884568982512576,30,828,85,913,0.7282569303583503,0.6363636363636364
3809,4067,0,0,0.012141887076903266,30,828,85,913,0.7319587962463596,0.6405228758169934
3810,4110,0,0,0.000209160197331983,30,828,85,913,0.7357134790675163,0.6447368421052632
3811,4239,0,0,0.000684383035847293,30,828,85,913,0.7395195195195196,0.6490066225165563
3812,4281,0,0,0.005329466386094372,30,828,85,913,0.7386666666666667,0.6466666666666666
3813,4839,0,0,0.0017555966471988226,30,828,85,913,0.7425609723662864,0.6510067114093959
3814,4853,0,0,0.0016182564564207926,30,828,85,913,0.7417586197771956,0.6486486486486487
3815,4860,0,0,0.16609878566001077,30,828,85,913,0.7457364586632879,0.6530612244897959
3816,4972,0,0,0.005682009433446326,30,828,85,913,0.7449810844892812,0.6506849315068494
3817,2722,0,0,0.0012566182205771357,30,828,85,913,0.7442357987237159,0.6482758620689655
3818,3767,0,0,0.0031159347041450672,30,828,85,913,0.7435,0.6458333333333334
3819,4368,0,0,0.0024438379163360304,30,828,85,913,0.747623638867954,0.6503496503496503
3820,4411,0,0,0.00913962355039893,30,828,85,913,0.7517875298267456,0.6549295774647887
