row_idx,sample_id,gt,pred,prob_phish,live_round,cum_FN,cum_FP,cum_errors,rolling_f1w_w200,rolling_recall_phish_w200
0,2571,0,0,0.03043404686659911,0,0,0,0,,
1,2685,0,0,0.000489246858778382,0,0,0,0,,
2,2697,0,0,0.001228971786608914,0,0,0,0,,
3,2886,0,0,4.021877140360176e-05,0,0,0,0,,
4,2891,0,0,0.003957782991507663,0,0,0,0,,
5,3121,0,0,5.329237843894164e-06,0,0,0,0,,
6,3319,0,0,0.00010621025189605297,0,0,0,0,,
7,3362,0,0,3.3011081115911635e-05,0,0,0,0,,
8,3379,0,0,0.0011864650116200405,0,0,0,0,,
9,3596,0,0,0.0068516400674112484,0,0,0,0,,
10,3706,0,0,0.0008238078929102242,0,0,0,0,,
11,4031,0,0,5.513010375533409e-05,0,0,0,0,,
12,4131,0,0,1.7190943893151888e-05,0,0,0,0,,
13,4318,0,0,0.0005363109147823538,0,0,0,0,,
14,4547,0,0,1.204377995164882e-05,0,0,0,0,,
15,4750,0,0,0.001018123766972649,0,0,0,0,,
16,4754,0,0,0.014493084373192366,0,0,0,0,,
17,4884,0,0,0.0006158227369854503,0,0,0,0,,
18,4980,0,0,2.1511910140116075e-05,0,0,0,0,,
19,241,1,0,0.005238064767293257,0,1,0,1,,
20,575,1,0,0.0003499345802523118,0,2,0,2,,
21,1468,1,0,0.0022550381685480804,0,3,0,3,,
22,2585,0,0,0.003018898399581602,0,3,0,3,,
23,2655,0,0,0.00023953029565359655,0,3,0,3,,
24,2682,0,0,0.004289862765626352,0,3,0,3,,
25,2843,0,0,0.4488238684208146,0,3,0,3,,
26,2982,0,0,2.3111932647188394e-05,0,3,0,3,,
27,3044,0,0,0.0002773830286692281,0,3,0,3,,
28,3126,0,0,0.00016830853540023135,0,3,0,3,,
29,3208,0,0,0.0008943009802058829,0,3,0,3,,
30,3498,0,0,0.002076041932473076,0,3,0,3,,
31,3559,0,0,0.0016876233368862963,0,3,0,3,,
32,3577,0,0,0.0017181230238690086,0,3,0,3,,
33,3696,0,0,1.7657057396303914e-05,0,3,0,3,,
34,3774,0,0,0.000869387329968629,0,3,0,3,,
35,3782,0,0,0.005071830698438188,0,3,0,3,,
36,3814,0,0,8.563381728839351e-05,0,3,0,3,,
37,3821,0,0,0.0007406738544500236,0,3,0,3,,
38,3866,0,0,0.0023237944376081274,0,3,0,3,,
39,3923,0,0,1.5088370864064297e-05,0,3,0,3,,
40,4022,0,0,0.001956033098789777,0,3,0,3,,
41,4160,0,0,6.736988350884596e-05,0,3,0,3,,
42,4235,0,0,7.3896240725928574e-06,0,3,0,3,,
43,4306,0,0,0.0021675182877582714,0,3,0,3,,
44,4497,0,0,0.00010218068844360967,0,3,0,3,,
45,4697,0,0,0.00010377184237776405,0,3,0,3,,
46,4710,0,0,0.0011657768913222876,0,3,0,3,,
47,4797,0,0,0.004107708726738636,0,3,0,3,,
48,4887,0,0,0.017886604364000032,0,3,0,3,,
49,4920,0,0,0.0009612271381141676,0,3,0,3,,
50,154,1,0,0.0013156287529156364,0,4,0,4,,
51,2437,1,1,0.9994133416442795,0,4,0,4,,
52,2720,0,1,0.9236913197002707,0,4,1,5,,
53,2863,0,0,0.0002201358005555837,0,4,1,5,,
54,2957,0,0,4.631271017271324e-05,0,4,1,5,,
55,3080,0,0,0.0072297029529940745,0,4,1,5,,
56,3108,0,0,0.01834411203890144,0,4,1,5,,
57,3132,0,1,0.7798863948498381,0,4,2,6,,
58,3195,0,0,4.330621573329757e-06,0,4,2,6,,
59,3220,0,0,0.0052761317150192,0,4,2,6,,
60,3274,0,0,0.0008014037154407698,0,4,2,6,,
61,3372,0,0,0.00030365709499065535,0,4,2,6,,
62,3395,0,0,9.171010554246518e-05,0,4,2,6,,
63,3818,0,0,0.05725707045033576,0,4,2,6,,
64,4033,0,0,0.00025897829732301857,0,4,2,6,,
65,4389,0,0,0.00020408505039740097,0,4,2,6,,
66,4415,0,0,0.0002875527308449808,0,4,2,6,,
67,4446,0,0,5.609948887955047e-05,0,4,2,6,,
68,4712,0,0,0.0002760933430872024,0,4,2,6,,
69,4725,0,0,0.00027371302507774893,0,4,2,6,,
70,4876,0,0,2.375710831521055e-05,0,4,2,6,,
71,4946,0,0,0.0002675886958725197,0,4,2,6,,
72,4967,0,0,0.00035814049567210217,0,4,2,6,,
73,31,1,1,0.785755118264194,0,4,2,6,,
74,81,1,1,0.9017454502291762,0,4,2,6,,
75,443,1,0,0.029854148147762338,0,5,2,7,,
76,1164,1,0,0.00032929331702361887,0,6,2,8,,
77,1180,1,0,2.692071359525293e-06,0,7,2,9,,
78,2270,1,0,2.4962846784067584e-05,0,8,2,10,,
79,3633,0,0,0.0003287921186172122,0,8,2,10,,
80,4592,0,0,6.78115561720388e-05,0,8,2,10,,
81,2458,1,0,5.928511746550187e-07,0,9,2,11,,
82,2710,0,0,0.0006638097900795657,0,9,2,11,,
83,2733,0,0,0.0004096596422882296,0,9,2,11,,
84,2888,0,0,1.3066326554541966e-05,0,9,2,11,,
85,2974,0,0,0.0002931214025200264,0,9,2,11,,
86,3024,0,0,0.0018601966677788343,0,9,2,11,,
87,3037,0,1,0.8332078236687807,0,9,3,12,,
88,3082,0,0,0.0002733238231296161,0,9,3,12,,
89,3113,0,0,0.00014637343479549417,0,9,3,12,,
90,3154,0,0,0.000473989723289777,0,9,3,12,,
91,3183,0,0,0.0013322307013419127,0,9,3,12,,
92,3658,0,0,0.0001475370822014846,0,9,3,12,,
93,3815,0,0,6.824605505770186e-05,0,9,3,12,,
94,3980,0,0,2.853536923658539e-06,0,9,3,12,,
95,4114,0,0,0.12510079496829563,0,9,3,12,,
96,4141,0,0,0.000964950773835279,0,9,3,12,,
97,4188,0,0,0.000935678334365008,0,9,3,12,,
98,4198,0,0,2.670479618174721e-06,0,9,3,12,,
99,4337,0,0,6.627097809740724e-05,0,9,3,12,,
100,4381,0,0,0.0003360183004507859,0,9,3,12,,
101,4568,0,0,0.005079686994932791,0,9,3,12,,
102,4647,0,0,0.0031182653428029517,0,9,3,12,,
103,4693,0,0,0.08472695602220777,0,9,3,12,,
104,4716,0,0,0.00010463444835135321,0,9,3,12,,
105,4802,0,0,8.232023336430768e-06,0,9,3,12,,
106,4873,0,0,0.0007383824586693975,0,9,3,12,,
107,4902,0,1,0.9990049207674543,0,9,4,13,,
108,4924,0,0,0.4700633958597466,0,9,4,13,,
109,4993,0,0,6.630852211862344e-05,0,9,4,13,,
110,2595,0,0,0.0001156637133796982,0,9,4,13,,
111,2603,0,0,6.33616900036283e-07,0,9,4,13,,
112,2694,0,0,0.0003862247847526959,0,9,4,13,,
113,2759,0,0,0.0003430837991835811,0,9,4,13,,
114,3179,0,0,8.027760010640106e-05,0,9,4,13,,
115,3364,0,0,0.002438520725380749,0,9,4,13,,
116,3579,0,0,0.029271953369564424,0,9,4,13,,
117,3626,0,0,0.00015717550103587353,0,9,4,13,,
118,3698,0,0,0.002366671518497699,0,9,4,13,,
119,3928,0,0,0.0007331343593912752,0,9,4,13,,
120,4068,0,0,0.001096179507598979,0,9,4,13,,
121,4179,0,0,1.8736870800926943e-05,0,9,4,13,,
122,4238,0,0,0.0022503659681362446,0,9,4,13,,
123,4251,0,0,5.185042658520006e-05,0,9,4,13,,
124,4259,0,0,0.00023722753168621994,0,9,4,13,,
125,4382,0,0,0.00038861307531068304,0,9,4,13,,
126,4480,0,0,0.003727287421951968,0,9,4,13,,
127,4778,0,0,0.00032594265464256923,0,9,4,13,,
128,4852,0,0,0.0003856672036030225,0,9,4,13,,
129,4904,0,0,0.00029809430467717785,0,9,4,13,,
130,282,1,0,0.0001270166046928838,0,10,4,14,,
131,2792,0,0,0.000743172171682732,0,10,4,14,,
132,2815,0,0,3.605151052485613e-05,0,10,4,14,,
133,2955,0,0,0.001397601333824094,0,10,4,14,,
134,3040,0,0,0.019550537880870068,0,10,4,14,,
135,3266,0,0,0.00018804031347580564,0,10,4,14,,
136,3281,0,0,0.00042606430402924506,0,10,4,14,,
137,3295,0,0,0.0014990243232781578,0,10,4,14,,
138,3302,0,0,0.002245608930186956,0,10,4,14,,
139,3336,0,0,0.0008776438152507882,0,10,4,14,,
140,3415,0,0,0.0006563611470037293,0,10,4,14,,
141,3540,0,0,0.0014726397267839464,0,10,4,14,,
142,3606,0,0,1.0532180658457712e-05,0,10,4,14,,
143,3828,0,0,0.0020212822667841058,0,10,4,14,,
144,3900,0,1,0.9494638902821391,0,10,5,15,,
145,3939,0,0,0.00020309734353981772,0,10,5,15,,
146,3974,0,0,2.9923044891769197e-05,0,10,5,15,,
147,4011,0,1,0.6407322433150222,0,10,6,16,,
148,4065,0,0,0.0010332780017928704,0,10,6,16,,
149,4107,0,0,0.0009420687109239772,0,10,6,16,,
150,4122,0,0,0.00039694538436868386,0,10,6,16,,
151,4130,0,0,0.00044189011184568133,0,10,6,16,,
152,4137,0,0,6.300236826391354e-06,0,10,6,16,,
153,4229,0,0,0.0004066695203555404,0,10,6,16,,
154,4264,0,0,0.005128985300066681,0,10,6,16,,
155,4416,0,0,0.00024769327579689514,0,10,6,16,,
156,4763,0,0,0.0006961080249546196,0,10,6,16,,
157,4780,0,0,7.516084403753787e-06,0,10,6,16,,
158,4807,0,0,6.465542059048094e-05,0,10,6,16,,
159,4999,0,0,0.00044511072875487635,0,10,6,16,,
160,776,1,1,0.9908038602731243,0,10,6,16,,
161,846,1,0,0.007455692509303656,0,11,6,17,,
162,1065,1,0,0.026070230418899627,0,12,6,18,,
163,2758,0,0,0.0024278532252353844,0,12,6,18,,
164,2794,0,0,0.00019933711782335226,0,12,6,18,,
165,2912,0,0,0.00012724826015252317,0,12,6,18,,
166,3116,0,0,0.00040646451904362724,0,12,6,18,,
167,3209,0,0,3.935146401017928e-06,0,12,6,18,,
168,3299,0,0,7.583777585713226e-05,0,12,6,18,,
169,3370,0,0,0.007575455737160802,0,12,6,18,,
170,3646,0,0,0.003176193208199697,0,12,6,18,,
171,3664,0,0,0.007759199924286891,0,12,6,18,,
172,4494,0,0,5.907217464267812e-07,0,12,6,18,,
173,4563,0,1,0.9630386808794674,0,12,7,19,,
174,4803,0,0,0.0007226833250275606,0,12,7,19,,
175,4942,0,0,1.5962320377999152e-05,0,12,7,19,,
176,69,1,0,0.003269674211583038,0,13,7,20,,
177,1419,1,1,0.9988172332479531,0,13,7,20,,
178,1558,1,0,0.11419693382059036,0,14,7,21,,
179,2557,0,0,0.0014334999777722076,0,14,7,21,,
180,2627,0,0,0.0004784514425840656,0,14,7,21,,
181,2665,0,0,0.00042263798745978436,0,14,7,21,,
182,2885,0,0,0.00026916457540070545,0,14,7,21,,
183,2932,0,0,0.0003416909475808588,0,14,7,21,,
184,2959,0,0,4.278966246054326e-05,0,14,7,21,,
185,2987,0,0,0.0005188046696203627,0,14,7,21,,
186,3045,0,0,0.002033696103785294,0,14,7,21,,
187,3093,0,0,0.0010006491559952056,0,14,7,21,,
188,3151,0,0,0.0004681661850879154,0,14,7,21,,
189,3287,0,0,0.003027232950631665,0,14,7,21,,
190,3421,0,0,0.0008121978743420848,0,14,7,21,,
191,3643,0,0,0.0016149632614170643,0,14,7,21,,
192,3686,0,0,0.0005798779933426082,0,14,7,21,,
193,3701,0,0,0.007244173245161581,0,14,7,21,,
194,3750,0,0,0.0004957004897176299,0,14,7,21,,
195,3819,0,0,0.014800344439143768,0,14,7,21,,
196,4133,0,0,0.00010870801711436085,0,14,7,21,,
197,4136,0,0,4.062714764382193e-06,0,14,7,21,,
198,4192,0,0,2.8602998555077633e-05,0,14,7,21,,
199,4231,0,0,0.0007518170649809537,0,14,7,21,0.8841410962496723,0.2631578947368421
200,4322,0,0,0.0007178065265659305,0,14,7,21,0.8841410962496723,0.2631578947368421
201,4676,0,0,0.0061753226322139535,0,14,7,21,0.8841410962496723,0.2631578947368421
202,4881,0,0,3.945924597439936e-05,0,14,7,21,0.8841410962496723,0.2631578947368421
203,39,1,0,0.04304727749139154,0,15,7,22,0.877445652173913,0.25
204,174,1,1,0.973065513203552,0,15,7,22,0.8782610093217614,0.2857142857142857
205,473,1,0,0.0012189429459299765,0,16,7,23,0.8716320939334637,0.2727272727272727
206,568,1,0,0.0002746750310184745,0,17,7,24,0.8649816849816849,0.2608695652173913
207,622,1,0,0.018727502540852193,0,18,7,25,0.8583128583128583,0.25
208,650,1,0,0.05737064809439985,0,19,7,26,0.851628380343123,0.24
209,772,1,0,8.140836304558667e-07,0,20,7,27,0.8449307479224377,0.23076923076923078
210,1038,1,0,0.0015287005179008448,0,21,7,28,0.8382222222222222,0.2222222222222222
211,1041,1,1,0.9993589215174431,0,21,7,28,0.8394040968342645,0.25
212,1080,1,0,2.0409000188390464e-06,0,22,7,29,0.8327555208129763,0.2413793103448276
213,1359,1,0,0.0006139124084036028,0,23,7,30,0.8260980592441265,0.23333333333333334
214,1694,1,0,0.0015287023732261922,0,24,7,31,0.8194334898278561,0.22580645161290322
215,1727,1,0,0.0012221833573855426,0,25,7,32,0.8127634487840826,0.21875
216,2445,1,0,7.651260821283118e-05,0,26,7,33,0.8060894460852269,0.21212121212121213
217,2452,1,0,1.1571030521181014e-05,0,27,7,34,0.7994128787878787,0.20588235294117646
218,2564,0,0,0.0007475178993476113,0,27,7,34,0.7994128787878787,0.20588235294117646
219,2629,0,0,0.005301826239799039,0,27,7,34,0.8060894460852269,0.21212121212121213
220,2639,0,1,0.8958213104912097,0,27,8,35,0.8091326622867822,0.21875
221,2796,0,0,7.871583462520949e-05,0,27,8,35,0.8157897322525177,0.22580645161290322
222,2909,0,0,0.00023953045550273113,0,27,8,35,0.8157897322525177,0.22580645161290322
223,2968,0,0,2.7364211136788728e-05,0,27,8,35,0.8157897322525177,0.22580645161290322
224,2972,0,0,0.0001613794343737016,0,27,8,35,0.8157897322525177,0.22580645161290322
225,3004,0,0,0.0007448653414549438,0,27,8,35,0.8157897322525177,0.22580645161290322
226,3057,0,0,0.0015787844317638588,0,27,8,35,0.8157897322525177,0.22580645161290322
227,3198,0,0,0.0036407059701691505,0,27,8,35,0.8157897322525177,0.22580645161290322
228,3242,0,0,0.002228186451384464,0,27,8,35,0.8157897322525177,0.22580645161290322
229,3275,0,1,0.805241651434236,0,27,9,36,0.8121758784883372,0.22580645161290322
230,3369,0,0,0.004535908549461933,0,27,9,36,0.8121758784883372,0.22580645161290322
231,3429,0,0,0.007145199711917442,0,27,9,36,0.8121758784883372,0.22580645161290322
232,3480,0,0,0.0024448721280221166,0,27,9,36,0.8121758784883372,0.22580645161290322
233,3509,0,0,0.0020802814317980537,0,27,9,36,0.8121758784883372,0.22580645161290322
234,3773,0,0,0.000261163377128523,0,27,9,36,0.8121758784883372,0.22580645161290322
235,3830,0,0,0.032202789124112625,0,27,9,36,0.8121758784883372,0.22580645161290322
236,3879,0,0,0.0001034331779042388,0,27,9,36,0.8121758784883372,0.22580645161290322
237,4112,0,0,0.004466168777319806,0,27,9,36,0.8121758784883372,0.22580645161290322
238,4256,0,0,0.0003902225266920643,0,27,9,36,0.8121758784883372,0.22580645161290322
239,4363,0,0,0.00011953102952345428,0,27,9,36,0.8121758784883372,0.22580645161290322
240,4366,0,0,0.0003843362697424747,0,27,9,36,0.8121758784883372,0.22580645161290322
241,4500,0,0,0.00012767771476008036,0,27,9,36,0.8121758784883372,0.22580645161290322
242,4509,0,0,0.0009971814449915007,0,27,9,36,0.8121758784883372,0.22580645161290322
243,4537,0,0,0.00045518493778438153,0,27,9,36,0.8121758784883372,0.22580645161290322
244,4635,0,0,0.0022946755811529993,0,27,9,36,0.8121758784883372,0.22580645161290322
245,4680,0,1,0.9731743981828306,0,27,10,37,0.8085890151515152,0.22580645161290322
246,4737,0,0,0.0009117268469398381,0,27,10,37,0.8085890151515152,0.22580645161290322
247,4883,0,0,0.0005900570438031445,0,27,10,37,0.8085890151515152,0.22580645161290322
248,4905,0,0,0.006063981388529075,0,27,10,37,0.8085890151515152,0.22580645161290322
249,193,1,0,0.000558599127647968,0,28,10,38,0.801953601953602,0.21875
250,469,1,0,0.0005588373349925596,0,29,10,39,0.801953601953602,0.21875
251,1081,1,0,0.0005603970919701924,0,30,10,40,0.7940909090909091,0.1875
252,1254,1,0,0.004843208407029904,0,31,10,41,0.7908522727272727,0.18181818181818182
253,1430,1,0,0.0002622495274040227,0,32,10,42,0.7841397755683471,0.17647058823529413
254,1517,1,0,0.0005596459656510476,0,33,10,43,0.7774285714285715,0.17142857142857143
255,1520,1,0,0.0002622499633324687,0,34,10,44,0.770719703354121,0.16666666666666666
256,1600,1,0,0.0018000906593773772,0,35,10,45,0.7640141467727675,0.16216216216216217
257,2102,1,0,0.0005562066389155967,0,36,10,46,0.7607427055702918,0.15789473684210525
258,2274,1,0,1.5284928808874523e-05,0,37,10,47,0.7540356696210102,0.15384615384615385
259,2293,1,0,0.0005562188739447787,0,38,10,48,0.747334617854849,0.15
260,2547,0,0,0.2723740082268262,0,38,10,48,0.747334617854849,0.15
261,2570,0,0,0.0008121578370308063,0,38,10,48,0.747334617854849,0.15
262,2646,0,0,0.42743865381983265,0,38,10,48,0.747334617854849,0.15
263,2726,0,0,7.499983211961883e-05,0,38,10,48,0.747334617854849,0.15
264,2784,0,0,0.003370593439197877,0,38,10,48,0.747334617854849,0.15
265,2872,0,0,0.00018805052783795573,0,38,10,48,0.747334617854849,0.15
266,2892,0,0,0.00552149468547301,0,38,10,48,0.747334617854849,0.15
267,2944,0,0,1.2900741584176366e-05,0,38,10,48,0.747334617854849,0.15
268,2975,0,0,1.6973584409701403e-05,0,38,10,48,0.747334617854849,0.15
269,2988,0,0,0.003638554164641056,0,38,10,48,0.747334617854849,0.15
270,3180,0,0,0.0005091944706186825,0,38,10,48,0.747334617854849,0.15
271,3246,0,0,0.06156982787266466,0,38,10,48,0.747334617854849,0.15
272,3495,0,0,2.7045504724766958e-05,0,38,10,48,0.747334617854849,0.15
273,3525,0,0,9.390483202961124e-05,0,38,10,48,0.7453448275862068,0.1282051282051282
274,3805,0,0,0.00016111019665174993,0,38,10,48,0.7432000000000001,0.10526315789473684
275,3877,0,0,0.04617783437973201,0,38,10,48,0.7500046514332229,0.10810810810810811
276,4083,0,0,0.0016560596628517961,0,38,10,48,0.7568181818181818,0.1111111111111111
277,4219,0,0,0.0042307649740674245,0,38,10,48,0.7636399252606836,0.11428571428571428
278,4461,0,0,2.0104674868808446e-05,0,38,10,48,0.7704691721935643,0.11764705882352941
279,4589,0,0,0.002759258085415021,0,38,10,48,0.7704691721935643,0.11764705882352941
280,4679,0,0,0.0017961551546263868,0,38,10,48,0.7704691721935643,0.11764705882352941
281,4703,0,0,0.0035395629315771635,0,38,10,48,0.7773051643192488,0.12121212121212122
282,4928,0,0,0.00043942090793949056,0,38,10,48,0.7773051643192488,0.12121212121212122
283,4989,0,0,0.009763789741036,0,38,10,48,0.7773051643192488,0.12121212121212122
284,1136,1,0,3.2634107812461615e-05,0,39,10,49,0.7704691721935643,0.11764705882352941
285,2554,0,0,0.002572727441138206,0,39,10,49,0.7704691721935643,0.11764705882352941
286,2622,0,0,0.0765896757136076,0,39,10,49,0.7704691721935643,0.11764705882352941
287,2742,0,0,0.0001968416336567321,0,39,10,49,0.7737151799687011,0.11764705882352941
288,2780,0,0,0.0006241675496282675,0,39,10,49,0.7737151799687011,0.11764705882352941
289,2847,0,0,0.0006242132689057158,0,39,10,49,0.7737151799687011,0.11764705882352941
290,3002,0,0,0.0001241002774410256,0,39,10,49,0.7737151799687011,0.11764705882352941
291,3064,0,0,1.141674784368352e-06,0,39,10,49,0.7737151799687011,0.11764705882352941
292,3202,0,0,9.417823311136751e-05,0,39,10,49,0.7737151799687011,0.11764705882352941
293,3207,0,0,0.002383981367602782,0,39,10,49,0.7737151799687011,0.11764705882352941
294,3243,0,0,0.00017002034961052705,0,39,10,49,0.7737151799687011,0.11764705882352941
295,3401,0,0,0.007100907711267534,0,39,10,49,0.7737151799687011,0.11764705882352941
296,3471,0,0,9.08193001470145e-05,0,39,10,49,0.7737151799687011,0.11764705882352941
297,3533,0,0,2.474214682270023e-06,0,39,10,49,0.7737151799687011,0.11764705882352941
298,3537,0,0,0.00032545586534916786,0,39,10,49,0.7737151799687011,0.11764705882352941
299,3599,0,0,0.0002275505340704994,1,39,10,49,0.7737151799687011,0.11764705882352941
300,3729,0,1,0.9253657382394397,1,39,11,50,0.7704691721935643,0.11764705882352941
301,3754,0,0,8.304121879362699e-07,1,39,11,50,0.7704691721935643,0.11764705882352941
302,3945,0,0,0.0011188518819943082,1,39,11,50,0.7704691721935643,0.11764705882352941
303,3982,0,0,0.0014745278919355944,1,39,11,50,0.7704691721935643,0.11764705882352941
304,4150,0,0,1.4929486223904889e-06,1,39,11,50,0.7704691721935643,0.11764705882352941
305,4211,0,0,0.0007565260553794354,1,39,11,50,0.7704691721935643,0.11764705882352941
306,4315,0,0,0.009677013128332673,1,39,11,50,0.7704691721935643,0.11764705882352941
307,4417,0,0,9.19838904831647e-05,1,39,11,50,0.7737151799687011,0.11764705882352941
308,4468,0,0,2.3393884859247373e-06,1,39,11,50,0.7737151799687011,0.11764705882352941
309,4528,0,0,0.0004490380021472564,1,39,11,50,0.7737151799687011,0.11764705882352941
310,4540,0,0,0.03547445227486696,1,39,11,50,0.7737151799687011,0.11764705882352941
311,4548,0,0,0.010123947651781956,1,39,11,50,0.7737151799687011,0.11764705882352941
312,4564,0,0,0.003371507428085643,1,39,11,50,0.7737151799687011,0.11764705882352941
313,4587,0,0,0.0003469956442586219,1,39,11,50,0.7737151799687011,0.11764705882352941
314,4606,0,0,0.000939068023500684,1,39,11,50,0.7737151799687011,0.11764705882352941
315,4639,0,0,0.00023019398563419032,1,39,11,50,0.7737151799687011,0.11764705882352941
316,4688,0,0,0.00032505329916458845,1,39,11,50,0.7737151799687011,0.11764705882352941
317,4729,0,0,6.221870930454066e-05,1,39,11,50,0.7737151799687011,0.11764705882352941
318,4760,0,0,0.0038212316555596895,1,39,11,50,0.7737151799687011,0.11764705882352941
319,4779,0,0,9.924909142056016e-06,1,39,11,50,0.7737151799687011,0.11764705882352941
320,4927,0,0,0.006190890301599856,1,39,11,50,0.7737151799687011,0.11764705882352941
321,4939,0,0,0.16121923422215356,1,39,11,50,0.7737151799687011,0.11764705882352941
322,4955,0,0,0.0053158645237641605,1,39,11,50,0.7737151799687011,0.11764705882352941
323,51,1,0,1.208902434856538e-07,1,40,11,51,0.7668754605747974,0.11428571428571428
324,231,1,0,4.997120565591141e-07,1,41,11,52,0.7600433970224821,0.1111111111111111
325,621,1,0,1.1409425345004805e-05,1,42,11,53,0.7532196969696969,0.10810810810810811
326,720,1,0,5.074649736287999e-07,1,43,11,54,0.7464050235478809,0.10526315789473684
327,1298,1,0,0.30203075584699984,1,44,11,55,0.7396,0.10256410256410256
328,1426,1,0,3.5988788795667926e-06,1,45,11,56,0.732805213776055,0.1
329,1821,1,0,5.523070346870189e-07,1,46,11,57,0.7260212201591513,0.0975609756097561
330,1828,1,0,5.233444403179556e-07,1,47,11,58,0.7260212201591513,0.0975609756097561
331,1955,1,0,5.887499919661636e-07,1,48,11,59,0.7192485454842041,0.09523809523809523
332,2586,0,0,0.00032359506684580453,1,48,11,59,0.7192485454842041,0.09523809523809523
333,2604,0,0,0.0016143322860287105,1,48,11,59,0.7192485454842041,0.09523809523809523
334,2695,0,0,0.001529569220900353,1,48,11,59,0.7192485454842041,0.09523809523809523
335,2711,0,0,0.00029263693778500697,1,48,11,59,0.7192485454842041,0.09523809523809523
336,2816,0,0,0.002648911805817604,1,48,11,59,0.7192485454842041,0.09523809523809523
337,2830,0,0,3.741695524758796e-05,1,48,11,59,0.7192485454842041,0.09523809523809523
338,2883,0,0,0.0010106350969457812,1,48,11,59,0.7192485454842041,0.09523809523809523
339,2925,0,0,0.00025302189374407937,1,48,11,59,0.7192485454842041,0.09523809523809523
340,2962,0,0,0.0038907452980847888,1,48,11,59,0.7192485454842041,0.09523809523809523
341,3157,0,0,1.2914801551455394e-05,1,48,11,59,0.7192485454842041,0.09523809523809523
342,3197,0,0,0.0005496880093826082,1,48,11,59,0.7192485454842041,0.09523809523809523
343,3230,0,0,1.207160162668531e-05,1,48,11,59,0.7192485454842041,0.09523809523809523
344,3245,0,0,0.08299464451842319,1,48,11,59,0.7224226348364279,0.09523809523809523
345,3247,0,0,7.001533506961134e-05,1,48,11,59,0.7224226348364279,0.09523809523809523
346,3431,0,0,0.000757515880605354,1,48,11,59,0.7224226348364279,0.09523809523809523
347,3497,0,0,3.1159235870173326e-06,1,48,11,59,0.7256059329175797,0.09523809523809523
348,3522,0,0,0.003558264803182135,1,48,11,59,0.7256059329175797,0.09523809523809523
349,3783,0,0,0.0018886839633095228,1,48,11,59,0.7256059329175797,0.09523809523809523
350,3829,0,0,1.3877442243349191e-05,1,48,11,59,0.7256059329175797,0.09523809523809523
351,3954,0,0,0.0005111288795643912,1,48,11,59,0.7256059329175797,0.09523809523809523
352,4097,0,0,0.0006144848296702138,1,48,11,59,0.7256059329175797,0.09523809523809523
353,4165,0,0,1.778148960169179e-05,1,48,11,59,0.7256059329175797,0.09523809523809523
354,4327,0,0,0.0004339625426642971,1,48,11,59,0.7256059329175797,0.09523809523809523
355,4408,0,0,4.622800316439977e-05,1,48,11,59,0.7256059329175797,0.09523809523809523
356,4431,0,0,0.009784794637833362,1,48,11,59,0.7256059329175797,0.09523809523809523
357,4482,0,0,0.011274311989960093,1,48,11,59,0.7256059329175797,0.09523809523809523
358,4508,0,0,0.005945535606385423,1,48,11,59,0.7256059329175797,0.09523809523809523
359,4527,0,0,0.001718610151818916,1,48,11,59,0.7256059329175797,0.09523809523809523
360,4594,0,0,9.314507133890287e-06,1,48,11,59,0.7227088784231641,0.07317073170731707
361,4677,0,0,0.0019893104312190338,1,48,11,59,0.7295454545454545,0.075
362,614,1,0,3.057028992655295e-06,1,49,11,60,0.7295454545454545,0.075
363,1223,1,0,6.855093946162052e-06,1,50,11,61,0.7227088784231641,0.07317073170731707
364,1384,1,0,7.261574600349475e-08,1,51,11,62,0.7158857142857142,0.07142857142857142
365,1665,1,0,2.462848870370658e-06,1,52,11,63,0.7090763526040789,0.06976744186046512
366,1815,1,0,0.1359252643432131,1,53,11,64,0.7022811671087532,0.06818181818181818
367,2635,0,0,0.0017300797787461295,1,53,11,64,0.7022811671087532,0.06818181818181818
368,2786,0,0,0.0006957349986477523,1,53,11,64,0.7022811671087532,0.06818181818181818
369,2995,0,0,0.004846231597210432,1,53,11,64,0.7022811671087532,0.06818181818181818
370,3285,0,0,0.0010722093587053386,1,53,11,64,0.7022811671087532,0.06818181818181818
371,3466,0,0,3.8962976303860677e-05,1,53,11,64,0.7022811671087532,0.06818181818181818
372,3478,0,0,0.0003116837967312735,1,53,11,64,0.7022811671087532,0.06818181818181818
373,3739,0,1,0.9617265214421565,1,53,12,65,0.7022811671087532,0.06818181818181818
374,3809,0,0,0.001222887801408034,1,53,12,65,0.7022811671087532,0.06818181818181818
375,4098,0,0,0.0020371071422577566,1,53,12,65,0.7022811671087532,0.06818181818181818
376,4176,0,0,0.0008047696584958702,1,53,12,65,0.7090763526040789,0.06976744186046512
377,4181,0,0,0.0006061192881389741,1,53,12,65,0.7058608058608058,0.047619047619047616
378,4290,0,0,0.001176899371730018,1,53,12,65,0.7127083333333333,0.04878048780487805
379,4457,0,0,0.00017381579480843637,1,53,12,65,0.7127083333333333,0.04878048780487805
380,4506,0,0,0.004252702982223115,1,53,12,65,0.7127083333333333,0.04878048780487805
381,4616,0,0,0.0011454772206008,1,53,12,65,0.7127083333333333,0.04878048780487805
382,4659,0,0,0.0014806141968606167,1,53,12,65,0.7127083333333333,0.04878048780487805
383,4727,0,0,3.3201531281652104e-05,1,53,12,65,0.7127083333333333,0.04878048780487805
384,4759,0,0,0.004697337695783324,1,53,12,65,0.7127083333333333,0.04878048780487805
385,4814,0,0,7.0211222303979e-05,1,53,12,65,0.7127083333333333,0.04878048780487805
386,4865,0,0,0.0011361886774943946,1,53,12,65,0.7127083333333333,0.04878048780487805
387,4936,0,0,9.856610226004193e-06,1,53,12,65,0.7127083333333333,0.04878048780487805
388,4959,0,1,0.6800569817277139,1,53,13,66,0.7098116169544741,0.04878048780487805
389,4963,0,0,1.0687293354179045e-05,1,53,13,66,0.7098116169544741,0.04878048780487805
390,4977,0,0,0.0019514582322647063,1,53,13,66,0.7098116169544741,0.04878048780487805
391,2242,1,0,0.06418574470349622,1,54,13,67,0.7029714285714286,0.047619047619047616
392,2578,0,1,0.7531210790546404,1,54,14,68,0.7000809034215405,0.047619047619047616
393,2623,0,0,0.00023121159764932217,1,54,14,68,0.7000809034215405,0.047619047619047616
394,2660,0,0,0.014231964097605571,1,54,14,68,0.7000809034215405,0.047619047619047616
395,2760,0,0,0.01679406648129117,1,54,14,68,0.7000809034215405,0.047619047619047616
396,2788,0,0,0.00060574953212785,1,54,14,68,0.7000809034215405,0.047619047619047616
397,2933,0,1,0.5428131161310658,1,54,15,69,0.6971883289124667,0.047619047619047616
398,2940,0,0,0.0003305866036468948,1,54,15,69,0.6971883289124667,0.047619047619047616
399,2961,0,0,1.0636959281571273e-05,1,54,15,69,0.6971883289124667,0.047619047619047616
400,3053,0,0,0.0011766321995897945,1,54,15,69,0.6971883289124667,0.047619047619047616
401,3087,0,0,0.0037409336498741715,1,54,15,69,0.6971883289124667,0.047619047619047616
402,3143,0,0,0.0001933901126681556,1,54,15,69,0.6971883289124667,0.047619047619047616
403,3254,0,0,0.0012461822371595175,1,54,15,69,0.7040153941232654,0.04878048780487805
404,3452,0,0,0.027267565214099183,1,54,15,69,0.7010407581836153,0.025
405,3528,0,0,1.5762194273488671e-06,1,54,15,69,0.7079261363636362,0.02564102564102564
406,3759,0,0,0.008634208275138763,1,54,15,69,0.7148273160147067,0.02631578947368421
407,3794,0,0,0.12757834612231236,1,54,15,69,0.721744043232621,0.02702702702702703
408,3796,0,0,0.00011781023954847998,1,54,15,69,0.7286760563380282,0.027777777777777776
409,3854,0,0,0.0006321694350869422,1,54,15,69,0.7356230847803882,0.02857142857142857
410,3873,0,0,0.0018685192886858284,1,54,15,69,0.7425848478926454,0.029411764705882353
411,4084,0,0,0.0005737321424282055,1,54,15,69,0.7396378830083564,0.0
412,4171,0,1,0.7373251820335864,1,54,16,70,0.744066852367688,0.0
413,4252,0,0,0.001125094601810891,1,54,16,70,0.751111111111111,0.0
414,4262,0,0,0.018646988886415274,1,54,16,70,0.7581717451523546,0.0
415,4339,0,0,0.0005574742531696718,1,54,16,70,0.7652486187845304,0.0
416,4502,0,0,0.0003223786751377967,1,54,16,70,0.7723415977961432,0.0
417,4556,0,0,6.0040093164228955e-06,1,54,16,70,0.7794505494505495,0.0
418,4630,0,0,1.2366789866628336e-05,1,54,16,70,0.7794505494505495,0.0
419,4764,0,0,0.0011890800332980398,1,54,16,70,0.7794505494505495,0.0
420,313,1,0,0.00023815123118064259,1,55,16,71,0.774945054945055,0.0
421,432,1,0,0.0002364847710499798,1,56,16,72,0.7678512396694215,0.0
422,477,1,0,0.002134924533656877,1,57,16,73,0.7607734806629834,0.0
423,547,1,0,6.292335475709703e-06,1,58,16,74,0.7537119113573408,0.0
424,563,1,0,0.023240087092234143,1,59,16,75,0.7466666666666666,0.0
425,589,1,0,6.29856786251358e-06,1,60,16,76,0.7396378830083564,0.0
426,778,1,0,0.03433740001451144,1,61,16,77,0.7326256983240224,0.0
427,956,1,0,0.0034389989944218205,1,62,16,78,0.7256302521008403,0.0
428,1026,1,0,6.381454068491031e-07,1,63,16,79,0.7186516853932585,0.0
429,1525,1,0,6.298887771752359e-06,1,64,16,80,0.7142696629213483,0.0
430,1651,1,0,6.29856492190321e-06,1,65,16,81,0.7073239436619718,0.0
431,2079,1,0,0.00029276993550517925,1,66,16,82,0.7003954802259886,0.0
432,2528,0,0,0.0026466364437887743,1,66,16,82,0.7003954802259886,0.0
433,2666,0,0,0.0006540850995451687,1,66,16,82,0.7003954802259886,0.0
434,2721,0,0,6.777206271379904e-05,1,66,16,82,0.7003954802259886,0.0
435,2771,0,0,0.009559191299685918,1,66,16,82,0.7003954802259886,0.0
436,2881,0,0,0.005888245321555634,1,66,16,82,0.7003954802259886,0.0
437,2896,0,0,0.002784508414175759,1,66,16,82,0.7003954802259886,0.0
438,2939,0,0,0.0002856414292438434,1,66,16,82,0.7003954802259886,0.0
439,2991,0,0,0.0013681812965651134,1,66,16,82,0.7003954802259886,0.0
440,3041,0,0,0.0007049900067436392,1,66,16,82,0.7003954802259886,0.0
441,3127,0,0,0.00041526258923806764,1,66,16,82,0.7003954802259886,0.0
442,3233,0,0,6.592838292038742e-06,1,66,16,82,0.7003954802259886,0.0
443,3355,0,0,0.06381975608143721,1,66,16,82,0.7003954802259886,0.0
444,3474,0,0,0.013140931278245898,1,66,16,82,0.7003954802259886,0.0
445,3481,0,0,0.00023918109080288503,1,66,16,82,0.7029577464788731,0.0
446,3529,0,0,0.00035020086668552885,1,66,16,82,0.7029577464788731,0.0
447,3622,0,0,0.014010246283706009,1,66,16,82,0.7029577464788731,0.0
448,3651,0,0,0.009055138308333807,1,66,16,82,0.7029577464788731,0.0
449,3761,0,0,0.00031354608266656364,1,66,16,82,0.7098876404494382,0.0
450,3765,0,0,0.00032146037614919185,1,66,16,82,0.7168347338935575,0.0
451,3812,0,0,0.2087086636846168,1,66,16,82,0.7237988826815642,0.0
452,4012,0,0,0.004173584585001148,1,66,16,82,0.7307799442896936,0.0
453,4091,0,0,0.00040467335638481,1,66,16,82,0.7377777777777778,0.0
454,4094,0,0,0.014269681681845192,1,66,16,82,0.7447922437673131,0.0
455,4149,0,0,0.39585642056705816,1,66,16,82,0.7518232044198895,0.0
456,4232,0,0,0.003984424307142144,1,66,16,82,0.7588705234159779,0.0
457,4297,0,0,0.023775972549556476,1,66,16,82,0.765934065934066,0.0
458,4409,0,0,1.2286419355693377e-05,1,66,16,82,0.7730136986301369,0.0
459,4447,0,0,0.0006665354012625184,1,66,16,82,0.7801092896174864,0.0
460,4495,0,0,0.00011252373107124485,1,66,16,82,0.7801092896174864,0.0
461,4633,0,0,0.0005859121687601449,1,66,16,82,0.7801092896174864,0.0
462,4783,0,0,0.00048333724838513757,1,66,16,82,0.7801092896174864,0.0
463,58,1,0,0.0004061674947741812,1,67,16,83,0.7730136986301369,0.0
464,1323,1,0,0.002450704121114484,1,68,16,84,0.765934065934066,0.0
465,2509,0,0,0.0007723833606046092,1,68,16,84,0.765934065934066,0.0
466,2643,0,0,0.001490938580839155,1,68,16,84,0.765934065934066,0.0
467,2740,0,0,0.4542677570308128,1,68,16,84,0.765934065934066,0.0
468,2807,0,0,0.00034600011845285013,1,68,16,84,0.765934065934066,0.0
469,3210,0,0,0.00013538278686639997,1,68,16,84,0.765934065934066,0.0
470,3215,0,0,0.004624340452008891,1,68,16,84,0.765934065934066,0.0
471,3227,0,0,0.0005677401061439383,1,68,16,84,0.765934065934066,0.0
472,3290,0,0,0.0007112748678213684,1,68,16,84,0.765934065934066,0.0
473,3403,0,0,2.9862748565889223e-05,1,68,16,84,0.765934065934066,0.0
474,3450,0,0,1.8772257163928555e-05,1,68,16,84,0.765934065934066,0.0
475,3490,0,0,1.2175479616269886e-06,1,68,16,84,0.765934065934066,0.0
476,3504,0,0,0.00036529137509162693,1,68,16,84,0.765934065934066,0.0
477,3566,0,0,0.0004405621301562748,1,68,16,84,0.765934065934066,0.0
478,3624,0,0,0.0003570107763167746,1,68,16,84,0.765934065934066,0.0
479,3650,0,0,0.006547868271876682,1,68,16,84,0.765934065934066,0.0
480,3699,0,0,0.0001498383338566648,1,68,16,84,0.765934065934066,0.0
481,3733,0,0,0.000664009529906429,1,68,16,84,0.765934065934066,0.0
482,3988,0,0,0.0022290139078106268,1,68,16,84,0.765934065934066,0.0
483,4077,0,0,0.0001211203981646998,1,68,16,84,0.765934065934066,0.0
484,4174,0,0,0.0006701748914295507,1,68,16,84,0.7730136986301369,0.0
485,4282,0,0,0.0003330918154865389,1,68,16,84,0.7730136986301369,0.0
486,4326,0,0,0.00019819554409024757,1,68,16,84,0.7730136986301369,0.0
487,4349,0,0,0.26106294767597193,1,68,16,84,0.7730136986301369,0.0
488,4406,0,0,0.0006629400520460697,1,68,16,84,0.7730136986301369,0.0
489,4660,0,0,0.0003238992832809044,1,68,16,84,0.7730136986301369,0.0
490,4808,0,0,1.3931979290131928e-05,1,68,16,84,0.7730136986301369,0.0
491,4919,0,0,0.005259809789387944,1,68,16,84,0.7730136986301369,0.0
492,1664,1,0,0.0077376696910288105,1,69,16,85,0.765934065934066,0.0
493,2431,1,0,0.4160223072196447,1,70,16,86,0.7588705234159779,0.0
494,2587,0,0,3.4408046841080724e-05,1,70,16,86,0.7588705234159779,0.0
495,2599,0,0,3.4128806161894706e-06,1,70,16,86,0.7588705234159779,0.0
496,2698,0,0,0.005072100005278507,1,70,16,86,0.7588705234159779,0.0
497,2785,0,0,0.0005389411040636027,1,70,16,86,0.7588705234159779,0.0
498,2801,0,0,0.004155558410229357,1,70,16,86,0.7588705234159779,0.0
499,3019,0,0,2.480908734041067e-06,1,70,16,86,0.7588705234159779,0.0
500,3137,0,0,0.0006064381418714694,1,70,16,86,0.7614285714285713,0.0
501,3228,0,0,1.293636999123717e-05,1,70,16,86,0.7614285714285713,0.0
502,3590,0,0,0.000978791689928553,1,70,16,86,0.7614285714285713,0.0
503,3880,0,0,0.005593263478838215,1,70,16,86,0.7614285714285713,0.0
504,3899,0,0,0.007200983666170435,1,70,16,86,0.7614285714285713,0.0
505,3971,0,0,1.4364248451039403e-05,1,70,16,86,0.7614285714285713,0.0
506,4768,0,0,0.003357345358923954,1,70,16,86,0.7614285714285713,0.0
507,4889,0,0,0.0009374549910308199,1,70,16,86,0.7614285714285713,0.0
508,4897,0,0,0.000668067263370177,1,70,16,86,0.7614285714285713,0.0
509,551,1,0,0.04586750176822198,1,71,16,87,0.7543801652892561,0.0
510,653,1,0,6.283770395762497e-07,1,72,16,88,0.7473480662983425,0.0
511,2753,0,0,0.0002068865327114801,1,72,16,88,0.7473480662983425,0.0
512,2762,0,0,0.00010788629888355246,1,72,16,88,0.7473480662983425,0.0
513,2795,0,0,0.00031446589832952193,1,72,16,88,0.7473480662983425,0.0
514,2841,0,0,9.860339310516264e-05,1,72,16,88,0.7473480662983425,0.0
515,2869,0,0,1.0791717119869489e-05,1,72,16,88,0.7473480662983425,0.0
516,2931,0,1,0.8962305496809999,1,72,17,89,0.7447922437673131,0.0
517,2976,0,0,0.0008784485706063656,1,72,17,89,0.7447922437673131,0.0
518,3048,0,0,0.00038377208388334146,1,72,17,89,0.7447922437673131,0.0
519,3146,0,0,2.4321825220960426e-05,1,72,17,89,0.7447922437673131,0.0
520,3235,0,0,0.00021559184281746545,1,72,17,89,0.7447922437673131,0.0
521,3393,0,0,0.0016705411776837314,1,72,17,89,0.7447922437673131,0.0
522,3455,0,0,0.010654650391842343,1,72,17,89,0.7447922437673131,0.0
523,3665,0,0,0.0008368310328200234,1,72,17,89,0.7518232044198895,0.0
524,3886,0,0,0.0009424068658221743,1,72,17,89,0.7588705234159779,0.0
525,3966,0,0,6.879505862713271e-05,1,72,17,89,0.765934065934066,0.0
526,3999,0,0,0.012637027650492964,1,72,17,89,0.7730136986301369,0.0
527,4037,0,0,0.3341451469171279,1,72,17,89,0.7801092896174864,0.0
528,4085,0,0,0.00022302546727121653,1,72,17,89,0.7872207084468665,0.0
529,4101,0,0,3.5427835983358738e-06,1,72,17,89,0.7943478260869564,0.0
530,4222,0,1,0.7680092371098978,1,72,18,90,0.7989130434782608,0.0
531,4227,0,0,0.00021052763388996638,1,72,18,90,0.806070460704607,0.0
532,4317,0,0,0.0030873315820080204,1,72,18,90,0.806070460704607,0.0
533,4367,0,0,0.004023364849848405,1,72,18,90,0.806070460704607,0.0
534,4467,0,0,0.0030420899171440846,1,72,18,90,0.806070460704607,0.0
535,4486,0,0,0.002165318939640033,1,72,18,90,0.806070460704607,0.0
536,4644,0,1,0.8675586515546739,1,72,19,91,0.8034782608695652,0.0
537,4682,0,0,0.015301659902123657,1,72,19,91,0.8034782608695652,0.0
538,4863,0,0,0.42968911990744457,1,72,19,91,0.8034782608695652,0.0
539,2524,0,0,0.0464792449689825,1,72,19,91,0.8034782608695652,0.0
540,2534,0,0,0.0001928573487489532,1,72,19,91,0.8034782608695652,0.0
541,2560,0,0,1.0509444314669396e-05,1,72,19,91,0.8034782608695652,0.0
542,2565,0,0,0.0002336950626717193,1,72,19,91,0.8034782608695652,0.0
543,2600,0,0,1.231808577766943e-06,1,72,19,91,0.8034782608695652,0.0
544,2631,0,0,7.439582315325518e-05,1,72,19,91,0.8034782608695652,0.0
545,2661,0,1,0.9894318008806781,1,72,20,92,0.8008719346049047,0.0
546,2672,0,0,0.0009970968762602274,1,72,20,92,0.8008719346049047,0.0
547,2751,0,0,0.00157731951126656,1,72,20,92,0.8008719346049047,0.0
548,2774,0,0,0.29603656752916,1,72,20,92,0.8008719346049047,0.0
549,2781,0,0,0.003938167163188584,1,72,20,92,0.8008719346049047,0.0
550,2797,0,1,0.9752118803990638,1,72,21,93,0.7982513661202186,0.0
551,2875,0,0,0.33344760426627623,1,72,21,93,0.7982513661202186,0.0
552,2950,0,0,0.0009676830952017199,1,72,21,93,0.7982513661202186,0.0
553,3085,0,0,0.0022349008002205827,1,72,21,93,0.7982513661202186,0.0
554,3094,0,0,0.004271540803057591,1,72,21,93,0.7982513661202186,0.0
555,3100,0,0,0.00818762331721536,1,72,21,93,0.7982513661202186,0.0
556,3118,0,0,1.4065617227577747e-05,1,72,21,93,0.7982513661202186,0.0
557,3423,0,0,0.004270447162318169,1,72,21,93,0.7982513661202186,0.0
558,3457,0,0,0.0006749732710535093,1,72,21,93,0.7982513661202186,0.0
559,3475,0,0,0.0051893793712027795,1,72,21,93,0.7982513661202186,0.0
560,3569,0,0,0.046615798914073234,1,72,21,93,0.7982513661202186,0.0
561,3687,0,0,0.0001793876841196415,1,72,21,93,0.7982513661202186,0.0
562,3700,0,0,0.0005178996692645886,1,72,21,93,0.8054223433242507,0.0
563,3849,0,0,0.000675705447526074,1,72,21,93,0.8126086956521739,0.0
564,3878,0,0,0.0014991963111149439,1,72,21,93,0.819810298102981,0.0
565,3962,0,0,0.0002196632436070153,1,72,21,93,0.8270270270270271,0.0
566,4106,0,0,2.7736692505889406e-06,1,72,21,93,0.8342587601078166,0.0
567,4196,0,0,7.876492407306082e-06,1,72,21,93,0.8342587601078166,0.0
568,4284,0,1,0.9529937622064558,1,72,22,94,0.8316216216216216,0.0
569,4383,0,1,0.8977733803243872,1,72,23,95,0.8289701897018971,0.0
570,4399,0,0,1.6079221678936908e-06,1,72,23,95,0.8289701897018971,0.0
571,4412,0,0,0.000401210130971804,1,72,23,95,0.8289701897018971,0.0
572,4471,0,0,4.2399670665398e-05,1,72,23,95,0.8289701897018971,0.0
573,4777,0,0,8.4311191859054e-05,1,72,23,95,0.8316216216216216,0.0
574,4990,0,0,0.0006036168595727773,1,72,23,95,0.8316216216216216,0.0
575,586,1,0,1.8732578612549193e-05,1,73,23,96,0.824390243902439,0.0
576,856,1,0,1.2653496725401153e-05,1,74,23,97,0.8171739130434783,0.0
577,898,1,1,0.9990093389943008,1,74,23,97,0.8186563805850209,0.045454545454545456
578,1032,1,0,1.2205674030488242e-05,1,75,23,98,0.8115577299412916,0.043478260869565216
579,1186,1,0,0.0026933066750000683,1,76,23,99,0.8044688644688646,0.041666666666666664
580,1767,1,1,0.9989507207671784,1,76,23,99,0.8059755742948531,0.08
581,2020,1,1,0.9993588826982115,1,76,23,99,0.8073333333333333,0.11538461538461539
582,2546,0,0,0.009325268335258098,1,76,23,99,0.8073333333333333,0.11538461538461539
583,2820,0,0,0.0001998378075906175,1,76,23,99,0.8073333333333333,0.11538461538461539
584,3068,0,0,6.648844958118684e-05,1,76,23,99,0.8073333333333333,0.11538461538461539
585,3192,0,0,0.015597489762428661,1,76,23,99,0.8073333333333333,0.11538461538461539
586,3366,0,1,0.7519952633048386,1,76,24,100,0.8042054487397242,0.11538461538461539
587,3374,0,1,0.9989336895833468,1,76,25,101,0.8010853950518755,0.11538461538461539
588,3398,0,0,1.824275192296664e-05,1,76,25,101,0.8042054487397242,0.11538461538461539
589,3534,0,0,0.0013913533406983382,1,76,25,101,0.8042054487397242,0.11538461538461539
590,3875,0,0,6.624464069974082e-05,1,76,25,101,0.8042054487397242,0.11538461538461539
591,4023,0,0,0.0051648302196742645,1,76,25,101,0.8111111111111111,0.12
592,4081,0,0,0.00025364679085103646,1,76,25,101,0.8142446196462817,0.12
593,4166,0,0,1.6606056523133006e-05,1,76,25,101,0.8142446196462817,0.12
594,4301,0,0,0.00013376965070349033,1,76,25,101,0.8142446196462817,0.12
595,4499,0,1,0.6514921550945542,1,76,26,102,0.8111111111111111,0.12
596,4557,0,0,0.0005097024736634336,1,76,26,102,0.8111111111111111,0.12
597,4731,0,0,0.0005485028867227624,1,76,26,102,0.8142446196462817,0.12
598,4901,0,0,0.01637643433819852,1,76,26,102,0.8142446196462817,0.12
599,4949,0,0,0.00015323896769063654,1,76,26,102,0.8142446196462817,0.12
600,405,1,0,0.06662660007230478,1,77,26,103,0.8073333333333333,0.11538461538461539
601,1085,1,0,0.001421240643191797,1,78,26,104,0.8004246212378558,0.1111111111111111
602,1725,1,0,0.001060711151555894,1,79,26,105,0.7935195530726257,0.10714285714285714
603,2514,0,0,0.00698999259338818,1,79,26,105,0.7935195530726257,0.10714285714285714
604,2609,0,0,0.00034069224760422545,1,79,26,105,0.7935195530726257,0.10714285714285714
605,2743,0,0,0.0003695421462020312,1,79,26,105,0.7935195530726257,0.10714285714285714
606,2790,0,0,0.0025167832288185035,1,79,26,105,0.7935195530726257,0.10714285714285714
607,2818,0,0,0.006769156739994445,1,79,26,105,0.7935195530726257,0.10714285714285714
608,2844,0,1,0.8668341841239935,1,79,27,106,0.7904032310598658,0.10714285714285714
609,2900,0,0,0.00040855101668893024,1,79,27,106,0.7904032310598658,0.10714285714285714
610,2907,0,0,1.0096143617085665e-05,1,79,27,106,0.7904032310598658,0.10714285714285714
611,3103,0,0,0.005174146405564464,1,79,27,106,0.7904032310598658,0.10714285714285714
612,3150,0,0,0.002008530639280889,1,79,27,106,0.7935195530726257,0.10714285714285714
613,3251,0,1,0.6335452961573745,1,79,28,107,0.7904032310598658,0.10714285714285714
614,3268,0,0,0.00019155988443260913,1,79,28,107,0.7904032310598658,0.10714285714285714
615,3283,0,0,0.0001423408106075375,1,79,28,107,0.7904032310598658,0.10714285714285714
616,3313,0,0,0.0003632713468245851,1,79,28,107,0.7904032310598658,0.10714285714285714
617,3371,0,0,4.322228766237147e-06,1,79,28,107,0.7904032310598658,0.10714285714285714
618,3384,0,0,0.005957987089629673,1,79,28,107,0.7904032310598658,0.10714285714285714
619,3407,0,0,0.0010182486527810619,1,79,28,107,0.7904032310598658,0.10714285714285714
620,3437,0,0,0.13126081655958197,1,79,28,107,0.7973024740622506,0.1111111111111111
621,3548,0,0,0.0209635642149258,1,79,28,107,0.8042054487397242,0.11538461538461539
622,3562,0,0,0.046816827057322756,1,79,28,107,0.8111111111111111,0.12
623,3641,0,0,0.014998403144640396,1,79,28,107,0.8180183251651395,0.125
624,3712,0,0,0.01394447266881248,1,79,28,107,0.824925850537947,0.13043478260869565
625,3986,0,0,0.0002789057475682516,1,79,28,107,0.8318323281959646,0.13636363636363635
626,4079,0,0,0.005047857971566038,1,79,28,107,0.8387362637362636,0.14285714285714285
627,4143,0,0,0.005290724986183395,1,79,28,107,0.8456360078277886,0.15
628,4193,0,0,1.8660309510911271e-06,1,79,28,107,0.8525297332047573,0.15789473684210525
629,4215,0,0,0.0011941680072830529,1,79,28,107,0.8594154074808026,0.16666666666666666
630,4267,0,0,3.9823933764361354e-06,1,79,28,107,0.8662907608695654,0.17647058823529413
631,4280,0,0,0.0013322998626015417,1,79,28,107,0.8731532476615088,0.1875
632,4351,0,0,1.8609440678958095e-05,1,79,28,107,0.8731532476615088,0.1875
633,4485,0,0,0.0005069758750025951,1,79,28,107,0.8731532476615088,0.1875
634,4623,0,0,0.000920146573783323,1,79,28,107,0.8731532476615088,0.1875
635,4858,0,0,0.0020844901801220788,1,79,28,107,0.8731532476615088,0.1875
636,4984,0,0,0.005403062447734546,1,79,28,107,0.8731532476615088,0.1875
637,4996,0,0,0.010992093153862539,1,79,28,107,0.8731532476615088,0.1875
638,192,1,0,0.02128983690798419,1,80,28,108,0.8662907608695654,0.17647058823529413
639,319,1,0,0.017733088632213265,1,81,28,109,0.8594154074808026,0.16666666666666666
640,717,1,0,0.02179338545806449,1,82,28,110,0.8525297332047573,0.15789473684210525
641,1255,1,1,0.9825362263094216,1,82,28,110,0.8529914529914531,0.2
642,1425,1,0,0.00042695623627874715,1,83,28,111,0.8462013252922344,0.19047619047619047
643,1770,1,0,6.4234547749676335e-06,1,84,28,112,0.839400988659494,0.18181818181818182
644,1777,1,0,0.17353327577295227,1,85,28,113,0.8325925136728461,0.17391304347826086
645,1869,1,0,0.0007617620040279218,1,86,28,114,0.8257777777777778,0.16666666666666666
646,2220,1,0,1.8732574786364365e-05,1,87,28,115,0.8189584890277871,0.16
647,2400,1,0,0.017919506699602437,1,88,28,116,0.8121362064378824,0.15384615384615385
648,2614,0,0,0.0005311721117363538,1,88,28,116,0.8121362064378824,0.15384615384615385
649,2669,0,0,0.001670215131973858,1,88,28,116,0.8121362064378824,0.15384615384615385
650,2691,0,0,0.001342102738812605,1,88,28,116,0.8121362064378824,0.15384615384615385
651,2766,0,0,0.005654732360733829,1,88,28,116,0.8121362064378824,0.15384615384615385
652,2867,0,0,0.002170881270929281,1,88,28,116,0.8121362064378824,0.15384615384615385
653,2947,0,0,0.00010745729738050948,1,88,28,116,0.8121362064378824,0.15384615384615385
654,2965,0,0,0.0006796156263003328,1,88,28,116,0.8121362064378824,0.15384615384615385
655,3350,0,0,0.015211181861900713,1,88,28,116,0.8121362064378824,0.15384615384615385
656,3410,0,0,0.0010594636080564095,1,88,28,116,0.8121362064378824,0.15384615384615385
657,3635,0,0,0.00011200727722691902,1,88,28,116,0.8121362064378824,0.15384615384615385
658,3746,0,0,0.1234787690601718,1,88,28,116,0.8121362064378824,0.15384615384615385
659,3785,0,0,0.0016934356881987615,1,88,28,116,0.8121362064378824,0.15384615384615385
660,3845,0,0,0.0017089533640688925,1,88,28,116,0.8121362064378824,0.15384615384615385
661,3927,0,0,0.05404781275718332,1,88,28,116,0.8121362064378824,0.15384615384615385
662,3964,0,0,0.00013280187156109038,1,88,28,116,0.8121362064378824,0.15384615384615385
663,4082,0,1,0.7298939039594667,1,88,29,117,0.815708965150306,0.16
664,4201,0,1,0.7730622579065768,1,88,30,118,0.8192817238627295,0.16666666666666666
665,4361,0,0,0.002494477494232602,1,88,30,118,0.8192817238627295,0.16666666666666666
666,4503,0,0,9.90121745146803e-05,1,88,30,118,0.8192817238627295,0.16666666666666666
667,4573,0,0,0.026385669050727773,1,88,30,118,0.8192817238627295,0.16666666666666666
668,4650,0,0,0.004135622841979028,1,88,30,118,0.8192817238627295,0.16666666666666666
669,4862,0,0,0.0003144416212696243,1,88,30,118,0.8192817238627295,0.16666666666666666
670,4864,0,0,0.004050642670450241,1,88,30,118,0.8192817238627295,0.16666666666666666
671,4866,0,0,0.00043075170217120545,1,88,30,118,0.8192817238627295,0.16666666666666666
672,83,1,0,0.0003614750923367628,1,89,30,119,0.8124715002279982,0.16
673,2406,1,0,0.050058634409797284,1,90,30,120,0.805658835546476,0.15384615384615385
674,2592,0,0,3.6584523869948487e-05,1,90,30,120,0.805658835546476,0.15384615384615385
675,2633,0,0,0.0020330940618131666,1,90,30,120,0.805658835546476,0.15384615384615385
676,2717,0,0,2.001672314317823e-06,1,90,30,120,0.805658835546476,0.15384615384615385
677,2926,0,0,0.28212669097715576,1,90,30,120,0.805658835546476,0.15384615384615385
678,2960,0,0,0.0006539040810835362,1,90,30,120,0.805658835546476,0.15384615384615385
679,3058,0,1,0.9624889060747396,1,90,31,121,0.8024350547730831,0.15384615384615385
680,3092,0,0,2.0050091227483653e-05,1,90,31,121,0.8024350547730831,0.15384615384615385
681,3417,0,0,5.925921818076791e-06,1,90,31,121,0.8024350547730831,0.15384615384615385
682,3564,0,0,1.4991660387851331e-05,1,90,31,121,0.8024350547730831,0.15384615384615385
683,3611,0,0,0.004547475275516894,1,90,31,121,0.8024350547730831,0.15384615384615385
684,3753,0,0,0.0016509366881909183,1,90,31,121,0.8024350547730831,0.15384615384615385
685,3827,0,0,0.006377360692357417,1,90,31,121,0.8024350547730831,0.15384615384615385
686,3831,0,0,0.0002266296388362772,1,90,31,121,0.8024350547730831,0.15384615384615385
687,4034,0,0,0.0023222368644351134,1,90,31,121,0.8024350547730831,0.15384615384615385
688,4314,0,0,0.009851030090276772,1,90,31,121,0.8024350547730831,0.15384615384615385
689,4414,0,0,0.0002740638366789669,1,90,31,121,0.8024350547730831,0.15384615384615385
690,4649,0,0,0.0004694978631089518,1,90,31,121,0.8024350547730831,0.15384615384615385
691,4674,0,0,2.099686923636536e-05,1,90,31,121,0.8024350547730831,0.15384615384615385
692,4758,0,0,0.00019932001229135056,1,90,31,121,0.8092441266598569,0.16
693,4829,0,1,0.9971390902081896,1,90,32,122,0.812829417773238,0.16666666666666666
694,1849,1,0,6.8632902533656515e-06,1,91,32,123,0.8060250391236308,0.16
695,2602,0,0,0.004758585938952782,1,91,32,123,0.8060250391236308,0.16
696,2680,0,0,7.755033481982608e-05,1,91,32,123,0.8060250391236308,0.16
697,2749,0,0,8.6019382547235e-05,1,91,32,123,0.8060250391236308,0.16
698,2879,0,0,0.0033482651275274604,1,91,32,123,0.8060250391236308,0.16
699,2954,0,0,0.14005436481462266,2,91,32,123,0.8060250391236308,0.16
700,3013,0,0,0.0008083217201010885,2,91,32,123,0.8060250391236308,0.16
701,3067,0,0,0.0033394174927848163,2,91,32,123,0.8060250391236308,0.16
702,3312,0,0,0.0001420911710434939,2,91,32,123,0.8060250391236308,0.16
703,3347,0,0,0.00036019651878459066,2,91,32,123,0.8060250391236308,0.16
704,3360,0,0,0.00012935729179938893,2,91,32,123,0.8060250391236308,0.16
705,3390,0,0,0.003936330506787121,2,91,32,123,0.8060250391236308,0.16
706,3593,0,0,0.009484333411882918,2,91,32,123,0.8060250391236308,0.16
707,3619,0,0,7.834031093317974e-05,2,91,32,123,0.8060250391236308,0.16
708,3838,0,0,0.00026786456293328786,2,91,32,123,0.8060250391236308,0.16
709,4060,0,0,0.0011881436425752532,2,91,32,123,0.812829417773238,0.16666666666666666
710,4113,0,0,2.6626799186153323e-05,2,91,32,123,0.8196306429548563,0.17391304347826086
711,4287,0,0,0.00012046769383892671,2,91,32,123,0.8196306429548563,0.17391304347826086
712,4304,0,0,0.005128037875806354,2,91,32,123,0.8196306429548563,0.17391304347826086
713,4523,0,0,5.668044230612439e-05,2,91,32,123,0.8196306429548563,0.17391304347826086
714,4550,0,0,0.004210149230766854,2,91,32,123,0.8196306429548563,0.17391304347826086
715,4608,0,0,0.00019046641002977454,2,91,32,123,0.8196306429548563,0.17391304347826086
716,4719,0,0,0.00013070572151629265,2,91,32,123,0.822854482575153,0.17391304347826086
717,4771,0,1,0.9907768899433745,2,91,33,124,0.8196306429548563,0.17391304347826086
718,4906,0,0,0.00015009238887710424,2,91,33,124,0.8196306429548563,0.17391304347826086
719,4912,0,0,0.009009713945271265,2,91,33,124,0.8196306429548563,0.17391304347826086
720,4957,0,0,0.03548467134704488,2,91,33,124,0.8196306429548563,0.17391304347826086
721,2667,0,1,0.5425889586005506,2,91,34,125,0.816414708886619,0.17391304347826086
722,2670,0,0,1.6425130140732825e-05,2,91,34,125,0.816414708886619,0.17391304347826086
723,3025,0,0,8.908594873589598e-05,2,91,34,125,0.816414708886619,0.17391304347826086
724,3088,0,0,0.0015815089993907424,2,91,34,125,0.816414708886619,0.17391304347826086
725,3115,0,0,0.17625687683541796,2,91,34,125,0.816414708886619,0.17391304347826086
726,3158,0,0,1.9652031488319613e-05,2,91,34,125,0.816414708886619,0.17391304347826086
727,3189,0,0,7.054587655822717e-06,2,91,34,125,0.816414708886619,0.17391304347826086
728,3343,0,0,0.00012877580901430178,2,91,34,125,0.816414708886619,0.17391304347826086
729,3493,0,0,3.3666311603897135e-06,2,91,34,125,0.816414708886619,0.17391304347826086
730,3618,0,0,0.00022460733350920006,2,91,34,125,0.8196306429548563,0.17391304347826086
731,4043,0,0,0.0007554271647237501,2,91,34,125,0.8196306429548563,0.17391304347826086
732,4145,0,0,0.0020249699400600374,2,91,34,125,0.8196306429548563,0.17391304347826086
733,4177,0,0,0.005575938093609191,2,91,34,125,0.8196306429548563,0.17391304347826086
734,4237,0,0,0.37332613867570547,2,91,34,125,0.8196306429548563,0.17391304347826086
735,4690,0,0,7.354023633248543e-06,2,91,34,125,0.8196306429548563,0.17391304347826086
736,4722,0,0,5.779412719748768e-06,2,91,34,125,0.822854482575153,0.17391304347826086
737,4751,0,0,0.00011086352642686072,2,91,34,125,0.822854482575153,0.17391304347826086
738,4907,0,0,4.606193687899513e-06,2,91,34,125,0.822854482575153,0.17391304347826086
739,804,1,0,0.1451169938987366,2,92,34,126,0.8160510715914273,0.16666666666666666
740,2121,1,0,0.00033344658401578207,2,93,34,127,0.8092441266598569,0.16
741,2597,0,0,1.3266910587358526e-06,2,93,34,127,0.8092441266598569,0.16
742,2779,0,0,0.002685060095060028,2,93,34,127,0.8092441266598569,0.16
743,3035,0,0,0.00020951561655279725,2,93,34,127,0.8092441266598569,0.16
744,3155,0,0,0.00018425387683962914,2,93,34,127,0.8092441266598569,0.16
745,3226,0,0,0.00038128881243251994,2,93,34,127,0.8124715002279982,0.16
746,3323,0,0,2.049900880326354e-06,2,93,34,127,0.8124715002279982,0.16
747,3448,0,0,0.002514825166298396,2,93,34,127,0.8124715002279982,0.16
748,3942,0,0,8.561265819263128e-06,2,93,34,127,0.8124715002279982,0.16
749,4163,0,0,0.004564887418100385,2,93,34,127,0.8124715002279982,0.16
750,4268,0,0,0.005153304463571954,2,93,34,127,0.815708965150306,0.16
751,4294,0,0,1.7205698939080117e-05,2,93,34,127,0.815708965150306,0.16
752,4307,0,0,0.00022244721792281705,2,93,34,127,0.815708965150306,0.16
753,4343,0,0,0.0012305911663830476,2,93,34,127,0.815708965150306,0.16
754,4443,0,0,0.007005383177739729,2,93,34,127,0.815708965150306,0.16
755,4473,0,0,0.00035207752059185956,2,93,34,127,0.815708965150306,0.16
756,4685,0,0,0.0007749306668575441,2,93,34,127,0.815708965150306,0.16
757,4805,0,0,0.00011013759840089983,2,93,34,127,0.815708965150306,0.16
758,310,1,0,0.061786459612162864,2,94,34,128,0.8088919288645691,0.15384615384615385
759,1720,1,0,8.127170166460875e-06,2,95,34,129,0.802073544433095,0.14814814814814814
760,2601,0,0,2.3719640023179126e-06,2,95,34,129,0.802073544433095,0.14814814814814814
761,2621,0,0,0.00016242115344656413,2,95,34,129,0.802073544433095,0.14814814814814814
762,2644,0,0,0.00048652902837641534,2,95,34,129,0.802073544433095,0.14814814814814814
763,2857,0,0,0.03962929760002322,2,95,34,129,0.802073544433095,0.14814814814814814
764,2905,0,0,0.012714688028759758,2,95,34,129,0.802073544433095,0.14814814814814814
765,3069,0,0,0.07363088535818811,2,95,34,129,0.802073544433095,0.14814814814814814
766,3075,0,0,0.0009990279226492489,2,95,34,129,0.802073544433095,0.14814814814814814
767,3408,0,0,0.00031909971581663247,2,95,34,129,0.802073544433095,0.14814814814814814
768,3542,0,0,0.009967483161451032,2,95,34,129,0.8053123575011399,0.14814814814814814
769,3551,0,0,0.0006376079072946205,2,95,34,129,0.808563447725459,0.14814814814814814
770,3617,0,0,0.0006203749444097662,2,95,34,129,0.808563447725459,0.14814814814814814
771,4104,0,0,3.025350785997311e-06,2,95,34,129,0.808563447725459,0.14814814814814814
772,4260,0,0,1.4317046465937603e-05,2,95,34,129,0.808563447725459,0.14814814814814814
773,4340,0,0,8.343683477138913e-05,2,95,34,129,0.808563447725459,0.14814814814814814
774,4444,0,0,0.0009058128897216219,2,95,34,129,0.808563447725459,0.14814814814814814
775,4732,0,0,0.0018532410094243082,2,95,34,129,0.8153937088117398,0.15384615384615385
776,4816,0,0,2.262434391460146e-05,2,95,34,129,0.8222222222222222,0.16
777,418,1,0,0.0007356297232137166,2,96,34,130,0.8142446196462817,0.12
778,1007,1,1,0.9985761701474806,2,96,34,130,0.8222222222222222,0.16
779,1668,1,0,2.2636926197050954e-05,2,97,34,131,0.8222222222222222,0.16
780,1683,1,0,0.10994365433699174,2,98,34,132,0.8142446196462817,0.12
781,1716,1,0,0.007310156594271451,2,99,34,133,0.8059755742948531,0.08
782,1944,1,0,2.4162264723352258e-05,2,100,34,134,0.7989843028624192,0.07692307692307693
783,2141,1,0,0.0007075012068898684,2,101,34,135,0.792,0.07407407407407407
784,2874,0,0,0.0004619000871725393,2,101,34,135,0.792,0.07407407407407407
785,2980,0,0,0.00013646671805190644,2,101,34,135,0.792,0.07407407407407407
786,3032,0,0,0.3865763721433886,2,101,34,135,0.7949818879181761,0.07407407407407407
787,3117,0,0,0.0005189371511781878,2,101,34,135,0.7979674323931376,0.07407407407407407
788,3223,0,0,8.768270806115996e-05,2,101,34,135,0.7979674323931376,0.07407407407407407
789,3279,0,0,3.4944494540495662e-06,2,101,34,135,0.7979674323931376,0.07407407407407407
790,3463,0,1,0.8402347534604034,2,101,35,136,0.7949818879181761,0.07407407407407407
791,3572,0,0,0.0013638384095960323,2,101,35,136,0.7949818879181761,0.07407407407407407
792,3595,0,0,0.011905365129208504,2,101,35,136,0.7949818879181761,0.07407407407407407
793,3649,0,1,0.5948085402417186,2,101,36,137,0.792,0.07407407407407407
794,3734,0,0,3.5043432847481325e-06,2,101,36,137,0.792,0.07407407407407407
795,3764,0,0,0.0001434938565359505,2,101,36,137,0.7949818879181761,0.07407407407407407
796,3772,0,0,8.723731366459997e-05,2,101,36,137,0.7949818879181761,0.07407407407407407
797,4063,0,0,0.0007995119039937378,2,101,36,137,0.7949818879181761,0.07407407407407407
798,4080,0,0,1.7616242930641866e-06,2,101,36,137,0.7949818879181761,0.07407407407407407
799,4087,0,0,0.04054197421826755,2,101,36,137,0.7949818879181761,0.07407407407407407
800,4126,0,0,0.0006241312052381767,2,101,36,137,0.8019715033439954,0.07692307692307693
801,4249,0,0,0.0023095172518162966,2,101,36,137,0.808968058968059,0.08
802,4254,0,0,0.00011067073445085946,2,101,36,137,0.8159706959706959,0.08333333333333333
803,4255,0,0,6.831419260671474e-06,2,101,36,137,0.8159706959706959,0.08333333333333333
804,4362,0,0,0.00966041197947727,2,101,36,137,0.8159706959706959,0.08333333333333333
805,4588,0,0,6.066061180969664e-05,2,101,36,137,0.8159706959706959,0.08333333333333333
806,4601,0,1,0.9746579280536264,2,101,37,138,0.8129729729729729,0.08333333333333333
807,4661,0,0,0.01752772033829998,2,101,37,138,0.8129729729729729,0.08333333333333333
808,4740,0,0,0.00015036063686715533,2,101,37,138,0.8159706959706959,0.08333333333333333
809,4845,0,0,0.0008878001246999016,2,101,37,138,0.8159706959706959,0.08333333333333333
810,191,1,0,5.053101695718946e-05,2,102,37,139,0.808968058968059,0.08
811,329,1,0,0.011186837367980717,2,103,37,140,0.8019715033439954,0.07692307692307693
812,471,1,0,0.0014474283921637873,2,104,37,141,0.7949818879181761,0.07407407407407407
813,852,1,0,0.011186837978126741,2,105,37,142,0.7909794729739328,0.07142857142857142
814,1397,1,0,0.011186836154769531,2,106,37,143,0.784,0.06896551724137931
815,1722,1,1,0.9790143657968937,2,106,37,143,0.7859537110933759,0.1
816,2360,1,0,0.0009313199673003607,2,107,37,144,0.7790508761644194,0.0967741935483871
817,2489,1,0,0.011186837055142193,2,108,37,145,0.7721552604698673,0.09375
818,2507,0,0,0.0007034957130992333,2,108,37,145,0.7721552604698673,0.09375
819,2583,0,0,0.0005847625913455883,2,108,37,145,0.7721552604698673,0.09375
820,2593,0,0,0.00023870241925153424,2,108,37,145,0.7721552604698673,0.09375
821,2596,0,0,0.005907294159584358,2,108,37,145,0.7721552604698673,0.09375
822,2687,0,0,6.482913035193122e-06,2,108,37,145,0.7721552604698673,0.09375
823,2741,0,0,0.00038054571047203617,2,108,37,145,0.7721552604698673,0.09375
824,2754,0,0,1.9638828929477135e-06,2,108,37,145,0.7721552604698673,0.09375
825,2800,0,0,0.00037821685872635534,2,108,37,145,0.7721552604698673,0.09375
826,2930,0,0,0.00012508912860767545,2,108,37,145,0.7721552604698673,0.09375
827,2948,0,0,0.00023004833212443882,2,108,37,145,0.7721552604698673,0.09375
828,3166,0,0,0.0002902382074187615,2,108,37,145,0.7721552604698673,0.09375
829,3178,0,0,0.001069989225504001,2,108,37,145,0.7721552604698673,0.09375
830,3273,0,0,0.00029329183803998696,2,108,37,145,0.7721552604698673,0.09375
831,3324,0,0,0.0004075198574144266,2,108,37,145,0.7721552604698673,0.09375
832,3439,0,0,0.0003734441439488343,2,108,37,145,0.7721552604698673,0.09375
833,3492,0,0,0.05036865545538298,2,108,37,145,0.7721552604698673,0.09375
834,3568,0,0,9.660474599838433e-05,2,108,37,145,0.7721552604698673,0.09375
835,3657,0,0,0.00629934802889541,2,108,37,145,0.7721552604698673,0.09375
836,3692,0,0,0.004515272558695959,2,108,37,145,0.7721552604698673,0.09375
837,3738,0,0,8.891539052909639e-05,2,108,37,145,0.7721552604698673,0.09375
838,3926,0,1,0.798332590221416,2,108,38,146,0.7759397344228804,0.0967741935483871
839,4049,0,0,0.0010724633829311547,2,108,38,146,0.7828349944629014,0.1
840,4053,0,0,0.0025489358021820964,2,108,38,146,0.7897366320830008,0.10344827586206896
841,4064,0,0,0.09767572656537059,2,108,38,146,0.7880000000000001,0.07142857142857142
842,4173,0,0,0.001952598056129997,2,108,38,146,0.7949818879181761,0.07407407407407407
843,4313,0,0,2.7959437205285197e-05,2,108,38,146,0.8019715033439954,0.07692307692307693
844,4438,0,0,9.563113333979185e-05,2,108,38,146,0.808968058968059,0.08
845,4476,0,0,1.1752088835016527e-05,2,108,38,146,0.8159706959706959,0.08333333333333333
846,4621,0,0,0.00012521984748799708,2,108,38,146,0.8229784735812133,0.08695652173913043
847,4626,0,0,0.08493227118118246,2,108,38,146,0.8299903567984572,0.09090909090909091
848,4655,0,0,0.00014409828124066474,2,108,38,146,0.8299903567984572,0.09090909090909091
849,4698,0,0,0.0077307725157170154,2,108,38,146,0.8299903567984572,0.09090909090909091
850,4714,0,0,0.0006042853698124829,2,108,38,146,0.8299903567984572,0.09090909090909091
851,4930,0,0,0.0007925017519284042,2,108,38,146,0.8299903567984572,0.09090909090909091
852,4998,0,0,0.0006990371434676529,2,108,38,146,0.8299903567984572,0.09090909090909091
853,18,1,0,0.00048394265524945415,2,109,38,147,0.8229784735812133,0.08695652173913043
854,409,1,0,7.548349799403248e-08,2,110,38,148,0.8159706959706959,0.08333333333333333
855,2580,0,0,0.00031510745460226427,2,110,38,148,0.8159706959706959,0.08333333333333333
856,2773,0,0,0.3824388418413724,2,110,38,148,0.8159706959706959,0.08333333333333333
857,2802,0,0,0.00018900608438253137,2,110,38,148,0.8159706959706959,0.08333333333333333
858,2824,0,0,0.0005872464118168211,2,110,38,148,0.8159706959706959,0.08333333333333333
859,3005,0,0,0.0021685242631606337,2,110,38,148,0.8159706959706959,0.08333333333333333
860,3011,0,1,0.9169928466525357,2,110,39,149,0.8129729729729729,0.08333333333333333
861,3021,0,0,0.009296916683822772,2,110,39,149,0.8129729729729729,0.08333333333333333
862,3464,0,0,0.00030049212531681766,2,110,39,149,0.8129729729729729,0.08333333333333333
863,3502,0,0,0.009660045807429041,2,110,39,149,0.8159706959706959,0.08333333333333333
864,3589,0,0,6.496825442298052e-05,2,110,39,149,0.8189745596868885,0.08333333333333333
865,3659,0,0,0.0001574543317317003,2,110,39,149,0.8189745596868885,0.08333333333333333
866,3817,0,0,0.00021681727492472104,2,110,39,149,0.8189745596868885,0.08333333333333333
867,3842,0,0,0.00019069965720739626,2,110,39,149,0.8189745596868885,0.08333333333333333
868,3874,0,0,0.0003084879148727773,2,110,39,149,0.8189745596868885,0.08333333333333333
869,3883,0,1,0.9414654840001414,2,110,40,150,0.8159706959706959,0.08333333333333333
870,3930,0,0,0.04964585105102487,2,110,40,150,0.8159706959706959,0.08333333333333333
871,3956,0,0,8.382249450193591e-05,2,110,40,150,0.8159706959706959,0.08333333333333333
872,4030,0,0,3.7667317568108695e-05,2,110,40,150,0.8229784735812133,0.08695652173913043
873,4047,0,0,0.4121260436000448,2,110,40,150,0.8299903567984572,0.09090909090909091
874,4152,0,0,0.0008876818850299853,2,110,40,150,0.8299903567984572,0.09090909090909091
875,4341,0,0,2.4151120470395022e-05,2,110,40,150,0.8299903567984572,0.09090909090909091
876,4348,0,0,0.008122668767114484,2,110,40,150,0.8299903567984572,0.09090909090909091
877,4466,0,0,0.028489938199455632,2,110,40,150,0.8299903567984572,0.09090909090909091
878,4487,0,0,0.00023283984211468778,2,110,40,150,0.8299903567984572,0.09090909090909091
879,4521,0,0,0.00220765727380863,2,110,40,150,0.833006357856494,0.09090909090909091
880,4695,0,0,0.0004632599793441552,2,110,40,150,0.833006357856494,0.09090909090909091
881,4841,0,0,0.006191730372958607,2,110,40,150,0.833006357856494,0.09090909090909091
882,739,1,0,0.0033708685718848684,2,111,40,151,0.8259884281581487,0.08695652173913043
883,1434,1,0,0.07610343268761073,2,112,40,152,0.8189745596868885,0.08333333333333333
884,1657,1,1,0.6338295366337271,2,112,40,152,0.8205457523639342,0.12
885,2523,0,0,0.00010946758730968731,2,112,40,152,0.8205457523639342,0.12
886,2725,0,0,2.272977681961827e-05,2,112,40,152,0.8205457523639342,0.12
887,2768,0,0,0.000235923024344723,2,112,40,152,0.8205457523639342,0.12
888,2893,0,0,0.00018097603190111384,2,112,40,152,0.8205457523639342,0.12
889,3256,0,0,0.00025464470717639497,2,112,40,152,0.8205457523639342,0.12
890,3288,0,0,0.00030333881762870275,2,112,40,152,0.8205457523639342,0.12
891,3342,0,0,0.09531298925706494,2,112,40,152,0.8205457523639342,0.12
892,3382,0,0,0.008094637318541476,2,112,40,152,0.8205457523639342,0.12
893,3449,0,0,1.761136085166306e-05,2,112,40,152,0.8237179487179486,0.12
894,3470,0,0,0.0006148914417395684,2,112,40,152,0.8306536203522503,0.125
895,3645,0,0,0.006250051769275789,2,112,40,152,0.8306536203522503,0.125
896,3670,0,0,0.00024072800744383508,2,112,40,152,0.8306536203522503,0.125
897,3763,0,0,9.704443162617708e-06,2,112,40,152,0.8306536203522503,0.125
898,3993,0,0,0.2721982985145515,2,112,40,152,0.8306536203522503,0.125
899,4073,0,0,0.05603904641463524,2,112,40,152,0.8306536203522503,0.125
900,4186,0,0,0.0010658170007792251,2,112,40,152,0.8306536203522503,0.125
901,4274,0,0,0.0003416606698453774,2,112,40,152,0.8306536203522503,0.125
902,4419,0,0,0.0002637492948467945,2,112,40,152,0.8306536203522503,0.125
903,4439,0,0,9.12250094157842e-05,2,112,40,152,0.8306536203522503,0.125
904,4489,0,0,1.0793040285650184e-05,2,112,40,152,0.8306536203522503,0.125
905,4524,0,0,0.002758710631572825,2,112,40,152,0.8306536203522503,0.125
906,4555,0,0,0.00015856600458940236,2,112,40,152,0.8306536203522503,0.125
907,4582,0,0,0.000297456943633329,2,112,40,152,0.8306536203522503,0.125
908,4774,0,0,0.0074667293964160684,2,112,40,152,0.8306536203522503,0.125
909,4792,0,0,0.0002137514881200068,2,112,40,152,0.8306536203522503,0.125
910,4855,0,0,0.024634133337162318,2,112,40,152,0.8306536203522503,0.125
911,544,1,0,0.0008221419550896209,2,113,40,153,0.8237179487179486,0.12
912,876,1,1,0.9126785214535106,2,113,40,153,0.8252689735388193,0.15384615384615385
913,2522,0,0,0.0013514425060244812,2,113,40,153,0.8252689735388193,0.15384615384615385
914,2551,0,0,0.00010698746591222321,2,113,40,153,0.8252689735388193,0.15384615384615385
915,2637,0,0,0.00010613124621552669,2,113,40,153,0.8252689735388193,0.15384615384615385
916,2688,0,0,2.132841177105235e-05,2,113,40,153,0.8252689735388193,0.15384615384615385
917,2739,0,0,0.0006880961041849181,2,113,40,153,0.8286039758767031,0.15384615384615385
918,2817,0,0,0.0004743207228814308,2,113,40,153,0.8286039758767031,0.15384615384615385
919,2952,0,0,1.5926280497498522e-05,2,113,40,153,0.8286039758767031,0.15384615384615385
920,3015,0,0,0.0007779539632233317,2,113,40,153,0.8286039758767031,0.15384615384615385
921,3020,0,0,0.00010034625647555151,2,113,40,153,0.8319658119658119,0.15384615384615385
922,3056,0,0,0.006719449692466899,2,113,40,153,0.8319658119658119,0.15384615384615385
923,3141,0,0,8.486141672410058e-05,2,113,40,153,0.8319658119658119,0.15384615384615385
924,3225,0,1,0.7412082200528586,2,113,41,154,0.8286039758767031,0.15384615384615385
925,3248,0,0,0.0006082254862951198,2,113,41,154,0.8286039758767031,0.15384615384615385
926,3317,0,0,0.00012200793655835527,2,113,41,154,0.8286039758767031,0.15384615384615385
927,3444,0,1,0.8921603117046187,2,113,42,155,0.8252689735388193,0.15384615384615385
928,3453,0,0,0.0001252562433292832,2,113,42,155,0.8252689735388193,0.15384615384615385
929,3456,0,0,0.00018112387325771692,2,113,42,155,0.8252689735388193,0.15384615384615385
930,3482,0,0,0.0014777028943510672,2,113,42,155,0.8252689735388193,0.15384615384615385
931,3510,0,0,0.00018235750386106088,2,113,42,155,0.8252689735388193,0.15384615384615385
932,3683,0,1,0.9779925872113192,2,113,43,156,0.8219575253924285,0.15384615384615385
933,3684,0,0,9.85705089605191e-06,2,113,43,156,0.8219575253924285,0.15384615384615385
934,3786,0,0,0.00010155370638526886,2,113,43,156,0.8219575253924285,0.15384615384615385
935,3843,0,0,6.309805432584106e-05,2,113,43,156,0.8219575253924285,0.15384615384615385
936,3983,0,0,0.0028693408766596266,2,113,43,156,0.8219575253924285,0.15384615384615385
937,3991,0,0,0.00015141995032419973,2,113,43,156,0.8219575253924285,0.15384615384615385
938,4135,0,0,5.067639729591633e-06,2,113,43,156,0.8219575253924285,0.15384615384615385
939,4197,0,0,2.0885862793363407e-05,2,113,43,156,0.8288019773189881,0.16
940,4233,0,1,0.9533427849249001,2,113,44,157,0.8323349810991567,0.16666666666666666
941,4356,0,0,0.0003267810533246883,2,113,44,157,0.8323349810991567,0.16666666666666666
942,4387,0,0,0.0005567767944666354,2,113,44,157,0.8323349810991567,0.16666666666666666
943,4518,0,0,0.0018927539119215414,2,113,44,157,0.8323349810991567,0.16666666666666666
944,4543,0,0,0.003631610883200189,2,113,44,157,0.8323349810991567,0.16666666666666666
945,4561,0,0,0.002282016243478602,2,113,44,157,0.8323349810991567,0.16666666666666666
946,4643,0,0,1.2042956921375153e-06,2,113,44,157,0.8323349810991567,0.16666666666666666
947,4706,0,0,0.0018210072579483822,2,113,44,157,0.8323349810991567,0.16666666666666666
948,4715,0,0,0.017537551182110114,2,113,44,157,0.8323349810991567,0.16666666666666666
949,4772,0,0,0.0006803272704508092,2,113,44,157,0.8323349810991567,0.16666666666666666
950,4821,0,0,0.004849096928678919,2,113,44,157,0.8323349810991567,0.16666666666666666
951,4824,0,0,6.257732503252211e-06,2,113,44,157,0.8323349810991567,0.16666666666666666
952,4890,0,0,5.424523790788303e-06,2,113,44,157,0.8323349810991567,0.16666666666666666
953,4913,0,0,3.6368674685812875e-05,2,113,44,157,0.8323349810991567,0.16666666666666666
954,90,1,0,0.0038741689631616514,2,114,44,158,0.8255025214859011,0.16
955,1977,1,0,3.522527005433651e-05,2,115,44,159,0.8186666666666667,0.15384615384615385
956,2563,0,0,0.00024922146442093795,2,115,44,159,0.8186666666666667,0.15384615384615385
957,2569,0,0,0.000795169289453941,2,115,44,159,0.8186666666666667,0.15384615384615385
958,2642,0,0,0.0031756474190442786,2,115,44,159,0.8255025214859011,0.16
959,2659,0,0,0.00028188898998964505,2,115,44,159,0.8323349810991567,0.16666666666666666
960,2693,0,0,0.00011837634693820294,2,115,44,159,0.8323349810991567,0.16666666666666666
961,2709,0,0,0.000941285258361984,2,115,44,159,0.8323349810991567,0.16666666666666666
962,2729,0,0,0.0020770277269869827,2,115,44,159,0.8323349810991567,0.16666666666666666
963,2738,0,0,0.0001509714834073527,2,115,44,159,0.8323349810991567,0.16666666666666666
964,2756,0,0,0.027037482467585326,2,115,44,159,0.8323349810991567,0.16666666666666666
965,2928,0,0,0.20604108973055643,2,115,44,159,0.8323349810991567,0.16666666666666666
966,3001,0,0,0.0008673184207524549,2,115,44,159,0.8323349810991567,0.16666666666666666
967,3023,0,0,8.14458800162351e-05,2,115,44,159,0.8323349810991567,0.16666666666666666
968,3029,0,0,9.119717028775224e-06,2,115,44,159,0.8323349810991567,0.16666666666666666
969,3036,0,0,2.7298606581501384e-06,2,115,44,159,0.8323349810991567,0.16666666666666666
970,3059,0,0,0.005652548953919345,2,115,44,159,0.8323349810991567,0.16666666666666666
971,3184,0,0,0.0019243766962118553,2,115,44,159,0.8323349810991567,0.16666666666666666
972,3296,0,0,3.845785983006454e-05,2,115,44,159,0.8323349810991567,0.16666666666666666
973,3307,0,0,0.00011452488254831483,2,115,44,159,0.8323349810991567,0.16666666666666666
974,3315,0,0,5.734347356540536e-05,2,115,44,159,0.8323349810991567,0.16666666666666666
975,3331,0,0,0.0011979222717935416,2,115,44,159,0.8323349810991567,0.16666666666666666
976,3367,0,0,0.00229311025448879,2,115,44,159,0.8323349810991567,0.16666666666666666
977,3381,0,0,0.004308314135556281,2,115,44,159,0.8391623855260218,0.17391304347826086
978,3389,0,0,0.0017072992691586212,2,115,44,159,0.8381448140900196,0.13636363636363635
979,3411,0,0,0.0008149787203054417,2,115,44,159,0.8450594664095147,0.14285714285714285
980,3440,0,0,0.0008426100145990373,2,115,44,159,0.8519692841218727,0.15
981,3447,0,0,0.0010223096292431718,2,115,44,159,0.8588722826086956,0.15789473684210525
982,3489,0,0,3.735307508610945e-05,2,115,44,159,0.8657662383075443,0.16666666666666666
983,3556,0,0,5.794842725179833e-05,2,115,44,159,0.8726486486486487,0.17647058823529413
984,3588,0,0,0.000787157208991007,2,115,44,159,0.8726486486486487,0.17647058823529413
985,3625,0,0,8.71346897406347e-05,2,115,44,159,0.8726486486486487,0.17647058823529413
986,3630,0,0,2.9784748498675338e-05,2,115,44,159,0.8726486486486487,0.17647058823529413
987,3697,0,0,0.00011250700497543929,2,115,44,159,0.8726486486486487,0.17647058823529413
988,3803,0,0,0.0014744522097661834,2,115,44,159,0.8726486486486487,0.17647058823529413
989,3823,0,0,0.0038039329699464442,2,115,44,159,0.8726486486486487,0.17647058823529413
990,3826,0,0,0.0003001162343482515,2,115,44,159,0.875861139511107,0.17647058823529413
991,3872,0,0,0.0005030979261950234,2,115,44,159,0.875861139511107,0.17647058823529413
992,3901,0,0,0.00012997902596004145,2,115,44,159,0.875861139511107,0.17647058823529413
993,3920,0,0,0.0006836301652171835,2,115,44,159,0.8791013824884792,0.17647058823529413
994,3979,0,1,0.5997647302231375,2,115,45,160,0.875861139511107,0.17647058823529413
995,3990,0,0,0.0009196595924828047,2,115,45,160,0.875861139511107,0.17647058823529413
996,4055,0,1,0.6359393990002937,2,115,46,161,0.8726486486486487,0.17647058823529413
997,4100,0,0,2.6854932058370992e-05,2,115,46,161,0.8726486486486487,0.17647058823529413
998,4168,0,0,0.00016143988653122542,2,115,46,161,0.8726486486486487,0.17647058823529413
999,4169,0,0,0.49543684559698414,2,115,46,161,0.8726486486486487,0.17647058823529413
1000,4175,0,0,0.00016834626822576288,2,115,46,161,0.8726486486486487,0.17647058823529413
1001,4182,0,0,0.0005290013425183119,2,115,46,161,0.8726486486486487,0.17647058823529413
1002,4226,0,1,0.9478843506864406,2,115,47,162,0.8694597429845266,0.17647058823529413
1003,4263,0,0,0.00022050939453239465,2,115,47,162,0.8694597429845266,0.17647058823529413
1004,4275,0,0,0.0009195088639838922,2,115,47,162,0.8694597429845266,0.17647058823529413
1005,4393,0,0,7.986651329063735e-05,2,115,47,162,0.8694597429845266,0.17647058823529413
1006,4434,0,0,3.0427484332180376e-06,2,115,47,162,0.8726486486486487,0.17647058823529413
1007,4600,0,0,0.001361922341370127,2,115,47,162,0.8726486486486487,0.17647058823529413
1008,4611,0,0,1.2604965337943145e-05,2,115,47,162,0.8726486486486487,0.17647058823529413
1009,4707,0,0,0.0005021359476261442,2,115,47,162,0.8726486486486487,0.17647058823529413
1010,4766,0,0,0.00014633786744072764,2,115,47,162,0.8795166837066642,0.1875
1011,4767,0,0,0.00017664634030705364,2,115,47,162,0.8863671274961598,0.2
1012,4806,0,1,0.6622757299065065,2,115,48,163,0.89,0.21428571428571427
1013,4850,0,1,0.9549085178658336,2,115,49,164,0.8936328725038402,0.23076923076923078
1014,4965,0,0,0.08527825912909445,2,115,49,164,0.9004110813226095,0.25
1015,4994,0,0,4.120285081469699e-05,2,115,49,164,0.9008799999999999,0.18181818181818182
1016,4995,0,0,8.70265099938722e-05,2,115,49,164,0.9078014184397162,0.2
1017,62,1,1,0.9996679833803591,2,115,49,164,0.9138666666666667,0.3
1018,2645,0,0,0.0006499931630953057,2,115,49,164,0.9138666666666667,0.3
1019,2723,0,0,0.014027398283489366,2,115,49,164,0.9138666666666667,0.3
1020,2789,0,0,0.00013081058009448523,2,115,49,164,0.9138666666666667,0.3
1021,2859,0,0,9.628518273465533e-05,2,115,49,164,0.9138666666666667,0.3
1022,2906,0,1,0.6725985780728417,2,115,50,165,0.9107363225010284,0.3
1023,2956,0,0,2.8048515364844817e-05,2,115,50,165,0.9107363225010284,0.3
1024,3018,0,0,0.0038224610692037223,2,115,50,165,0.9107363225010284,0.3
1025,3316,0,0,0.0011756094579027,2,115,50,165,0.9107363225010284,0.3
1026,3378,0,0,1.3335717117322581e-05,2,115,50,165,0.9107363225010284,0.3
1027,3400,0,0,0.00038406582710386847,2,115,50,165,0.9107363225010284,0.3
1028,3708,0,1,0.6577618061685298,2,115,51,166,0.9076258564194221,0.3
1029,3792,0,0,0.0016630164507982917,2,115,51,166,0.9076258564194221,0.3
1030,3887,0,0,8.265084466953285e-05,2,115,51,166,0.9076258564194221,0.3
1031,3916,0,0,0.003560969765665224,2,115,51,166,0.9076258564194221,0.3
1032,3924,0,0,0.0035196268462616065,2,115,51,166,0.9076258564194221,0.3
1033,3948,0,0,0.049744305647988325,2,115,51,166,0.9076258564194221,0.3
1034,3949,0,0,0.11512338499139252,2,115,51,166,0.9076258564194221,0.3
1035,3978,0,0,0.0006542008827432066,2,115,51,166,0.9076258564194221,0.3
1036,4070,0,0,0.00011782838545650624,2,115,51,166,0.9076258564194221,0.3
1037,4146,0,0,0.0005771304799108858,2,115,51,166,0.9076258564194221,0.3
1038,4162,0,0,4.7967392466147576e-05,2,115,51,166,0.9107363225010284,0.3
1039,4225,0,0,0.0002285926777010307,2,115,51,166,0.9107363225010284,0.3
1040,4261,0,0,1.2984707339275415e-05,2,115,51,166,0.9107363225010284,0.3
1041,4270,0,0,0.00029246896029271567,2,115,51,166,0.9107363225010284,0.3
1042,4530,0,0,0.0010989934583672549,2,115,51,166,0.9107363225010284,0.3
1043,4615,0,0,0.0012673155599945245,2,115,51,166,0.9107363225010284,0.3
1044,4670,0,0,1.2724671626674335e-05,2,115,51,166,0.9107363225010284,0.3
1045,4700,0,0,3.191200799630859e-05,2,115,51,166,0.9107363225010284,0.3
1046,4735,0,0,7.593164144514753e-06,2,115,51,166,0.9107363225010284,0.3
1047,4742,0,0,0.0022437398354032603,2,115,51,166,0.9107363225010284,0.3
1048,4748,0,0,0.0003092077311398947,2,115,51,166,0.9107363225010284,0.3
1049,4811,0,0,3.511281341144222e-06,2,115,51,166,0.9107363225010284,0.3
1050,4917,0,0,0.000527463145126125,2,115,51,166,0.9107363225010284,0.3
1051,4945,0,0,0.00012301886638488833,2,115,51,166,0.9107363225010284,0.3
1052,537,1,0,9.007220856677385e-05,2,116,51,167,0.9040184688710159,0.2727272727272727
1053,883,1,0,3.415855296232498e-05,2,117,51,168,0.9040184688710159,0.2727272727272727
1054,2134,1,0,0.0005232888990408466,2,118,51,169,0.9040184688710159,0.2727272727272727
1055,2324,1,0,0.0001848377786756394,2,119,51,170,0.8972657450076806,0.25
1056,2335,1,1,0.9995187114992526,2,119,51,170,0.8967387387387388,0.3076923076923077
1057,2495,1,1,0.524932658807979,2,119,51,170,0.8962771739130434,0.35714285714285715
1058,2581,0,0,0.0008490647360667353,2,119,51,170,0.8962771739130434,0.35714285714285715
1059,2615,0,0,0.0014272774587335121,2,119,51,170,0.8962771739130434,0.35714285714285715
1060,2776,0,0,0.07984049905524497,2,119,51,170,0.8996538158929976,0.35714285714285715
1061,2811,0,0,0.01046043067821089,2,119,51,170,0.8996538158929976,0.35714285714285715
1062,2861,0,0,0.0002311547247302093,2,119,51,170,0.8996538158929976,0.35714285714285715
1063,2884,0,0,0.0003024914974593973,2,119,51,170,0.8996538158929976,0.35714285714285715
1064,2938,0,0,0.0008374827655069676,2,119,51,170,0.8996538158929976,0.35714285714285715
1065,2942,0,0,0.00010530604544947442,2,119,51,170,0.8996538158929976,0.35714285714285715
1066,3042,0,0,0.014149293915090623,2,119,51,170,0.8996538158929976,0.35714285714285715
1067,3054,0,0,0.0001856226190540939,2,119,51,170,0.8996538158929976,0.35714285714285715
1068,3182,0,0,4.265717866136837e-05,2,119,51,170,0.8996538158929976,0.35714285714285715
1069,3259,0,0,8.173233392188383e-05,2,119,51,170,0.9030630630630629,0.35714285714285715
1070,3269,0,0,0.00011739428790294086,2,119,51,170,0.9030630630630629,0.35714285714285715
1071,3321,0,0,0.0006894494159106246,2,119,51,170,0.9030630630630629,0.35714285714285715
1072,3334,0,0,2.4970125970395033e-06,2,119,51,170,0.9030630630630629,0.35714285714285715
1073,3356,0,0,0.00020346986781598524,2,119,51,170,0.9030630630630629,0.35714285714285715
1074,3376,0,0,0.0005355179438137238,2,119,51,170,0.9030630630630629,0.35714285714285715
1075,3505,0,0,0.28385169985755077,2,119,51,170,0.9030630630630629,0.35714285714285715
1076,3632,0,0,0.00010906533980332996,2,119,51,170,0.9030630630630629,0.35714285714285715
1077,3728,0,0,0.0003152312392008617,2,119,51,170,0.9030630630630629,0.35714285714285715
1078,3853,0,0,0.06046419126828034,2,119,51,170,0.9030630630630629,0.35714285714285715
1079,4038,0,0,0.00039507806231972044,2,119,51,170,0.9030630630630629,0.35714285714285715
1080,4184,0,0,0.001862615447847736,2,119,51,170,0.9030630630630629,0.35714285714285715
1081,4266,0,0,0.00011342086417819436,2,119,51,170,0.9030630630630629,0.35714285714285715
1082,4331,0,1,0.84586099692495,2,119,52,171,0.9061261261261262,0.38461538461538464
1083,4350,0,0,4.3157315390478714e-05,2,119,52,171,0.9125494934473464,0.4166666666666667
1084,4425,0,0,5.4148636001555414e-05,2,119,52,171,0.9131595670737762,0.36363636363636365
1085,4453,0,0,4.315304886824828e-06,2,119,52,171,0.9131595670737762,0.36363636363636365
1086,4454,0,0,0.0005126020141613647,2,119,52,171,0.9131595670737762,0.36363636363636365
1087,4531,0,0,0.00022949548563910784,2,119,52,171,0.9131595670737762,0.36363636363636365
1088,4538,0,0,0.0043181867949827245,2,119,52,171,0.9131595670737762,0.36363636363636365
1089,4562,0,0,0.00028790911765587325,2,119,52,171,0.9131595670737762,0.36363636363636365
1090,4597,0,1,0.6531198469234696,2,119,53,172,0.9099078341013825,0.36363636363636365
1091,4709,0,0,0.0005236920850199676,2,119,53,172,0.9099078341013825,0.36363636363636365
1092,4746,0,0,2.7145860777349574e-05,2,119,53,172,0.9099078341013825,0.36363636363636365
1093,4786,0,0,6.797721309787636e-06,2,119,53,172,0.9099078341013825,0.36363636363636365
1094,217,1,0,1.385909880351411e-07,2,120,53,173,0.9033441769681199,0.3333333333333333
1095,489,1,0,0.1792246077796757,2,121,53,174,0.8967387387387388,0.3076923076923077
1096,553,1,0,0.17237905184597568,2,122,53,175,0.8900970364542355,0.2857142857142857
1097,583,1,0,0.003743723606610646,2,123,53,176,0.8834239130434782,0.26666666666666666
1098,714,1,1,0.9950235410806875,2,123,53,176,0.883201542912247,0.3125
1099,1119,1,0,0.0883407310121507,2,124,53,177,0.8766144814090019,0.29411764705882354
1100,1440,1,1,0.9973291938487576,2,124,53,177,0.8765170128806493,0.3333333333333333
1101,1844,1,0,0.0007702381072170554,2,125,53,178,0.87,0.3157894736842105
1102,1881,1,0,0.038927679678557064,2,126,53,179,0.8634562113786491,0.3
1103,2064,1,1,0.9992327944868827,2,126,53,179,0.8635416808207078,0.3333333333333333
1104,2715,0,0,0.00010441441990863874,2,126,53,179,0.8635416808207078,0.3333333333333333
1105,2783,0,0,0.0012407994960470874,2,126,53,179,0.8635416808207078,0.3333333333333333
1106,2834,0,0,0.000738434176857392,2,126,53,179,0.8635416808207078,0.3333333333333333
1107,2850,0,0,0.0019011215225311251,2,126,53,179,0.8635416808207078,0.3333333333333333
1108,2858,0,0,0.3856556609284879,2,126,53,179,0.8635416808207078,0.3333333333333333
1109,2969,0,0,0.0060317718490274395,2,126,53,179,0.8635416808207078,0.3333333333333333
1110,2985,0,0,0.25410727935034455,2,126,53,179,0.8635416808207078,0.3333333333333333
1111,3119,0,0,4.915438484445579e-05,2,126,53,179,0.87,0.35
1112,3123,0,0,0.00012143577275713829,2,126,53,179,0.87,0.3157894736842105
1113,3134,0,0,1.6017225651129685e-05,2,126,53,179,0.87,0.3157894736842105
1114,3212,0,0,8.304039617197217e-05,2,126,53,179,0.87,0.3157894736842105
1115,3284,0,0,5.651609250647634e-05,2,126,53,179,0.87,0.3157894736842105
1116,3373,0,0,0.0006781501288670102,2,126,53,179,0.87,0.3157894736842105
1117,3445,0,0,4.6874651888612405e-05,2,126,53,179,0.87,0.3157894736842105
1118,3512,0,0,0.05403112510473501,2,126,53,179,0.87,0.3157894736842105
1119,3937,0,0,6.997031009611228e-05,2,126,53,179,0.87,0.3157894736842105
1120,4017,0,0,0.005893107177676875,2,126,53,179,0.87,0.3157894736842105
1121,4183,0,0,3.426897075179615e-05,2,126,53,179,0.87,0.3157894736842105
1122,4214,0,0,0.02752156178415274,2,126,53,179,0.87,0.3157894736842105
1123,4311,0,0,0.0015436087519729092,2,126,53,179,0.87,0.3157894736842105
1124,4372,0,0,7.803224244655672e-06,2,126,53,179,0.8734829871193507,0.3157894736842105
1125,4436,0,0,0.001690757407501615,2,126,53,179,0.8734829871193507,0.3157894736842105
1126,4519,0,0,0.0003082815184381806,2,126,53,179,0.8734829871193507,0.3157894736842105
1127,4554,0,0,0.0918086161226648,2,126,53,179,0.8769963369963371,0.3157894736842105
1128,4691,0,0,0.0034044076803125874,2,126,53,179,0.8769963369963371,0.3157894736842105
1129,4694,0,0,0.00044684221622932977,2,126,53,179,0.8769963369963371,0.3157894736842105
1130,4721,0,0,0.3757434163354014,2,126,53,179,0.8769963369963371,0.3157894736842105
1131,4931,0,0,7.81074932537812e-06,2,126,53,179,0.8769963369963371,0.3157894736842105
1132,4976,0,0,9.293518666842735e-06,2,126,53,179,0.8805440313111547,0.3157894736842105
1133,157,1,0,0.02339994948588265,2,127,53,180,0.873992673992674,0.3
1134,2533,0,0,0.001434130977008226,2,127,53,180,0.873992673992674,0.3
1135,2689,0,0,0.00016195542634234384,2,127,53,180,0.873992673992674,0.3
1136,2813,0,0,0.00015080160600457803,2,127,53,180,0.873992673992674,0.3
1137,2899,0,0,5.4463335002846825e-06,2,127,53,180,0.873992673992674,0.3
1138,2994,0,0,0.0007916540988371864,2,127,53,180,0.873992673992674,0.3
1139,3096,0,0,0.00019768842706398293,2,127,53,180,0.873992673992674,0.3
1140,3156,0,0,0.07582891627189582,2,127,53,180,0.8775733855185911,0.3
1141,3177,0,0,5.431627627277797e-05,2,127,53,180,0.8775733855185911,0.3
1142,3181,0,0,0.0043036124920402975,2,127,53,180,0.8775733855185911,0.3
1143,3186,0,0,3.0955111637824723e-06,2,127,53,180,0.8775733855185911,0.3
1144,3353,0,0,9.581203780910277e-05,2,127,53,180,0.8775733855185911,0.3
1145,3430,0,1,0.8057935441270798,2,127,54,181,0.873992673992674,0.3
1146,3499,0,0,0.0010815028655161566,2,127,54,181,0.873992673992674,0.3
1147,3586,0,0,0.00017535865498682852,2,127,54,181,0.873992673992674,0.3
1148,3604,0,0,4.2581408060961695e-06,2,127,54,181,0.873992673992674,0.3
1149,3623,0,0,0.02694245611910503,2,127,54,181,0.873992673992674,0.3
1150,3644,0,0,0.0008952588270136348,2,127,54,181,0.873992673992674,0.3
1151,3766,0,1,0.9969028848553576,2,127,55,182,0.8704489613580522,0.3
1152,3816,0,0,0.011738070662991608,2,127,55,182,0.8704489613580522,0.3
1153,3832,0,0,0.042320288714844397,2,127,55,182,0.8704489613580522,0.3
1154,3870,0,0,0.00019016391819987144,2,127,55,182,0.8769963369963371,0.3157894736842105
1155,3969,0,0,0.00046938302599729717,2,127,55,182,0.8835146771037182,0.3333333333333333
1156,3984,0,0,0.001214419281173461,2,127,55,182,0.8835146771037182,0.3333333333333333
1157,4066,0,0,5.51651454116523e-05,2,127,55,182,0.8835146771037182,0.3333333333333333
1158,4093,0,0,0.00012454977521203687,2,127,55,182,0.8835146771037182,0.3333333333333333
1159,4109,0,0,0.35423331951189474,2,127,55,182,0.8835146771037182,0.3333333333333333
1160,4195,0,1,0.964655218355335,2,127,56,183,0.88,0.3333333333333333
1161,4208,0,0,0.0001227012107262057,2,127,56,183,0.88,0.3333333333333333
1162,4392,0,0,0.3847532506579666,2,127,56,183,0.88,0.3333333333333333
1163,4413,0,0,5.0740416011334985e-05,2,127,56,183,0.88,0.3333333333333333
1164,4442,0,0,0.0010542731094113017,2,127,56,183,0.88,0.3333333333333333
1165,4470,0,0,0.0001320495265230793,2,127,56,183,0.88,0.3333333333333333
1166,4658,0,0,0.016073353222158103,2,127,56,183,0.88,0.3333333333333333
1167,4662,0,0,0.005637553686440878,2,127,56,183,0.88,0.3333333333333333
1168,4799,0,0,1.5693925210357787e-05,2,127,56,183,0.88,0.3333333333333333
1169,4899,0,0,0.0001102453070798605,2,127,56,183,0.88,0.3333333333333333
1170,4923,0,0,0.0038632180552850624,2,127,56,183,0.88,0.3333333333333333
1171,54,1,0,0.23453281268355428,2,128,56,184,0.8734829871193507,0.3157894736842105
1172,85,1,0,0.00047231328173333434,2,129,56,185,0.8669380633905205,0.3
1173,1629,1,0,0.052840331593159255,2,130,56,186,0.8603686341359471,0.2857142857142857
1174,2516,0,0,0.0005514371401355755,2,130,56,186,0.8603686341359471,0.2857142857142857
1175,2589,0,0,0.0018068291233397846,2,130,56,186,0.8603686341359471,0.2857142857142857
1176,2681,0,0,3.934892009968031e-06,2,130,56,186,0.8603686341359471,0.2857142857142857
1177,2712,0,0,0.00016981553729829375,2,130,56,186,0.8603686341359471,0.2857142857142857
1178,2777,0,0,8.678487516558058e-05,2,130,56,186,0.8603686341359471,0.2857142857142857
1179,2870,0,0,0.00013112971236784859,2,130,56,186,0.8603686341359471,0.2857142857142857
1180,2924,0,0,1.8732198180908979e-06,2,130,56,186,0.8603686341359471,0.2857142857142857
1181,2986,0,0,0.0003833972649030644,2,130,56,186,0.8603686341359471,0.2857142857142857
1182,3014,0,0,1.568296779352525e-05,2,130,56,186,0.8603686341359471,0.2857142857142857
1183,3377,0,0,0.0003775996102935036,2,130,56,186,0.8603686341359471,0.2857142857142857
1184,3420,0,0,0.05476508979054489,2,130,56,186,0.8603686341359471,0.2857142857142857
1185,3472,0,0,0.000638596741313874,2,130,56,186,0.8603686341359471,0.2857142857142857
1186,3491,0,0,4.9288641186873764e-05,2,130,56,186,0.8603686341359471,0.2857142857142857
1187,3517,0,0,0.003681810671185192,2,130,56,186,0.8603686341359471,0.2857142857142857
1188,3662,0,0,0.000921674435886461,2,130,56,186,0.8603686341359471,0.2857142857142857
1189,3674,0,0,0.0007571796479029483,2,130,56,186,0.8603686341359471,0.2857142857142857
1190,3731,0,0,0.0009460430675045429,2,130,56,186,0.8603686341359471,0.2857142857142857
1191,3807,0,0,0.00015825563527409136,2,130,56,186,0.8603686341359471,0.2857142857142857
1192,3813,0,0,0.010813692920052565,2,130,56,186,0.8603686341359471,0.2857142857142857
1193,3862,0,0,0.0010715387136747674,2,130,56,186,0.8603686341359471,0.2857142857142857
1194,4028,0,0,0.0023675289647625973,2,130,56,186,0.8638761267810409,0.2857142857142857
1195,4059,0,0,0.000190290584381059,2,130,56,186,0.8638761267810409,0.2857142857142857
1196,4213,0,0,1.0244818555211688e-06,2,130,56,186,0.8674149355967538,0.2857142857142857
1197,4272,0,0,0.013216548299279532,2,130,56,186,0.8674149355967538,0.2857142857142857
1198,4298,0,0,0.00010593165569016491,2,130,56,186,0.8674149355967538,0.2857142857142857
1199,4378,0,0,0.05704869859207559,3,130,56,186,0.8674149355967538,0.2857142857142857
1200,4595,0,0,0.0007320982401345188,3,130,56,186,0.8674149355967538,0.2857142857142857
1201,4654,0,0,0.01132265310701572,3,130,56,186,0.8674149355967538,0.2857142857142857
1202,4664,0,0,6.94828177493211e-06,3,130,56,186,0.8709890109890109,0.2857142857142857
1203,4761,0,0,0.0008947737998162529,3,130,56,186,0.8709890109890109,0.2857142857142857
1204,4782,0,0,0.00038204279832587586,3,130,56,186,0.8709890109890109,0.2857142857142857
1205,4832,0,0,0.00039841431399226506,3,130,56,186,0.8709890109890109,0.2857142857142857
1206,2014,1,0,2.343514811091991e-05,3,131,56,187,0.8643809098354552,0.2727272727272727
1207,2244,1,1,0.9976058975090014,3,131,56,187,0.8649939626393919,0.30434782608695654
1208,2611,0,0,0.047219084442377386,3,131,56,187,0.8649939626393919,0.30434782608695654
1209,2671,0,0,0.0034675974758515125,3,131,56,187,0.8649939626393919,0.30434782608695654
1210,2828,0,0,0.0003515866915959325,3,131,56,187,0.8649939626393919,0.30434782608695654
1211,2971,0,0,0.00013162927709443894,3,131,56,187,0.8649939626393919,0.30434782608695654
1212,3009,0,0,0.0006271371154307084,3,131,56,187,0.8686943879034604,0.30434782608695654
1213,3203,0,0,7.259295129275424e-05,3,131,56,187,0.8724391333482244,0.30434782608695654
1214,3272,0,0,3.136820001568869e-06,3,131,56,187,0.8724391333482244,0.30434782608695654
1215,3358,0,0,0.0009241519370841609,3,131,56,187,0.8724391333482244,0.30434782608695654
1216,3391,0,0,0.00261267251386684,3,131,56,187,0.8724391333482244,0.30434782608695654
1217,3476,0,0,0.0013520201022296236,3,131,56,187,0.8716320939334637,0.2727272727272727
1218,3585,0,0,0.0006647176697079295,3,131,56,187,0.8716320939334637,0.2727272727272727
1219,3693,0,0,0.001349709433323718,3,131,56,187,0.8716320939334637,0.2727272727272727
1220,3741,0,0,1.3575936952671271e-06,3,131,56,187,0.8716320939334637,0.2727272727272727
1221,3910,0,0,2.1705615330331034e-05,3,131,56,187,0.8716320939334637,0.2727272727272727
1222,4132,0,0,0.0007007681624660866,3,131,56,187,0.875326261652202,0.2727272727272727
1223,4257,0,1,0.9978042863205168,3,131,57,188,0.8716320939334637,0.2727272727272727
1224,4269,0,0,0.019163268437525704,3,131,57,188,0.8716320939334637,0.2727272727272727
1225,4386,0,0,6.389327472893987e-05,3,131,57,188,0.8716320939334637,0.2727272727272727
1226,4395,0,0,0.0006432498170401506,3,131,57,188,0.8716320939334637,0.2727272727272727
1227,4465,0,0,0.1806577739694913,3,131,57,188,0.8716320939334637,0.2727272727272727
1228,4469,0,0,0.0018445112380885758,3,131,57,188,0.875326261652202,0.2727272727272727
1229,4609,0,0,0.0013706994504719486,3,131,57,188,0.875326261652202,0.2727272727272727
1230,4663,0,0,0.00017424501543837617,3,131,57,188,0.875326261652202,0.2727272727272727
1231,4678,0,0,0.00034044680497638037,3,131,57,188,0.875326261652202,0.2727272727272727
1232,4929,0,0,2.2292155122231902e-07,3,131,57,188,0.875326261652202,0.2727272727272727
1233,4934,0,0,7.096522236877233e-06,3,131,57,188,0.875326261652202,0.2727272727272727
1234,4941,0,0,6.423389381818866e-07,3,131,57,188,0.875326261652202,0.2727272727272727
1235,4952,0,0,9.046347100383598e-06,3,131,57,188,0.875326261652202,0.2727272727272727
1236,4954,0,0,0.0007131531906823426,3,131,57,188,0.875326261652202,0.2727272727272727
1237,4979,0,0,0.24506554786842633,3,131,57,188,0.875326261652202,0.2727272727272727
1238,1088,1,0,0.02525619274460347,3,132,57,189,0.8686614481409003,0.2608695652173913
1239,2252,1,0,0.00335326233384654,3,133,57,190,0.8619780219780221,0.25
1240,2513,0,0,7.728748755824118e-06,3,133,57,190,0.8619780219780221,0.25
1241,2620,0,0,0.0010517172987207037,3,133,57,190,0.8619780219780221,0.25
1242,2651,0,0,0.00023041641435808202,3,133,57,190,0.8619780219780221,0.25
1243,2654,0,0,0.00666299054431471,3,133,57,190,0.8619780219780221,0.25
1244,2684,0,0,0.0011009887988917646,3,133,57,190,0.8619780219780221,0.25
1245,2696,0,0,0.00042499995551274094,3,133,57,190,0.8619780219780221,0.25
1246,2703,0,0,8.357686958829781e-05,3,133,57,190,0.8619780219780221,0.25
1247,2871,0,0,0.00038017011409516484,3,133,57,190,0.8619780219780221,0.25
1248,2895,0,0,0.0003398870341190121,3,133,57,190,0.8619780219780221,0.25
1249,2918,0,0,0.0004449255427365267,3,133,57,190,0.8619780219780221,0.25
1250,2921,0,0,8.070314220752573e-05,3,133,57,190,0.8619780219780221,0.25
1251,2929,0,0,0.002041504793130093,3,133,57,190,0.8619780219780221,0.25
1252,3072,0,0,0.15132001950910956,3,133,57,190,0.8686614481409003,0.2608695652173913
1253,3084,0,0,0.0006864062394662537,3,133,57,190,0.875326261652202,0.2727272727272727
1254,3104,0,0,0.0005707369243076418,3,133,57,190,0.8819692841218726,0.2857142857142857
1255,3172,0,0,6.611028369980273e-06,3,133,57,190,0.888586956521739,0.3
1256,3211,0,0,0.0016645630745109894,3,133,57,190,0.8877477477477478,0.2631578947368421
1257,3214,0,0,0.00014191987403940553,3,133,57,190,0.88678955453149,0.2222222222222222
1258,3224,0,1,0.6384881433539903,3,133,58,191,0.8833181522446324,0.2222222222222222
1259,3276,0,0,0.00012914072954832816,3,133,58,191,0.8833181522446324,0.2222222222222222
1260,3322,0,0,0.00027106133790285024,3,133,58,191,0.8833181522446324,0.2222222222222222
1261,3337,0,0,0.08159864727869323,3,133,58,191,0.8833181522446324,0.2222222222222222
1262,3402,0,0,0.001064513661132081,3,133,58,191,0.8833181522446324,0.2222222222222222
1263,3406,0,0,0.0002156143869533944,3,133,58,191,0.8833181522446324,0.2222222222222222
1264,3460,0,0,0.00012701335135881909,3,133,58,191,0.8833181522446324,0.2222222222222222
1265,3479,0,1,0.9960717039196919,3,133,59,192,0.8798918918918921,0.2222222222222222
1266,3496,0,0,7.166486953515096e-05,3,133,59,192,0.8798918918918921,0.2222222222222222
1267,3736,0,0,0.0001330515564288709,3,133,59,192,0.8798918918918921,0.2222222222222222
1268,3804,0,0,0.4300874075438368,3,133,59,192,0.8798918918918921,0.2222222222222222
1269,3811,0,0,0.007684860285336365,3,133,59,192,0.8798918918918921,0.2222222222222222
1270,3835,0,0,0.0003132372620294876,3,133,59,192,0.8798918918918921,0.2222222222222222
1271,3906,0,0,0.00081790877974307,3,133,59,192,0.8798918918918921,0.2222222222222222
1272,3932,0,0,0.00023670949978161387,3,133,59,192,0.8798918918918921,0.2222222222222222
1273,3944,0,0,0.0004596055493134705,3,133,59,192,0.8798918918918921,0.2222222222222222
1274,3975,0,0,8.903091883094807e-05,3,133,59,192,0.8798918918918921,0.2222222222222222
1275,4041,0,0,0.03925612412440848,3,133,59,192,0.8798918918918921,0.2222222222222222
1276,4096,0,0,0.0007641761644224327,3,133,59,192,0.8798918918918921,0.2222222222222222
1277,4154,0,0,0.0009109883748305957,3,133,59,192,0.8798918918918921,0.2222222222222222
1278,4207,0,0,0.00015122246486524266,3,133,59,192,0.8798918918918921,0.2222222222222222
1279,4218,0,0,0.001759775229147768,3,133,59,192,0.8798918918918921,0.2222222222222222
1280,4258,0,0,0.0002155393242605603,3,133,59,192,0.8798918918918921,0.2222222222222222
1281,4316,0,0,0.02819375982058335,3,133,59,192,0.8798918918918921,0.2222222222222222
1282,4338,0,0,0.00503749902246828,3,133,59,192,0.8833181522446324,0.2222222222222222
1283,4360,0,0,0.00034521703865875137,3,133,59,192,0.8833181522446324,0.2222222222222222
1284,4427,0,0,0.00041079985636229834,3,133,59,192,0.8833181522446324,0.2222222222222222
1285,4483,0,0,0.007196907518859378,3,133,59,192,0.8833181522446324,0.2222222222222222
1286,4542,0,0,9.254528599948323e-05,3,133,59,192,0.8833181522446324,0.2222222222222222
1287,4553,0,0,0.0014449356503198484,3,133,59,192,0.8833181522446324,0.2222222222222222
1288,4607,0,0,0.0013186286067121708,3,133,59,192,0.8833181522446324,0.2222222222222222
1289,4628,0,0,0.0011996122640524937,3,133,59,192,0.8833181522446324,0.2222222222222222
1290,4667,0,0,0.0003702479412376045,3,133,59,192,0.88678955453149,0.2222222222222222
1291,4789,0,0,0.24541436364786176,3,133,59,192,0.88678955453149,0.2222222222222222
1292,4794,0,0,0.0025845632638486554,3,133,59,192,0.88678955453149,0.2222222222222222
1293,4822,0,0,0.002675520470421294,3,133,59,192,0.88678955453149,0.2222222222222222
1294,4837,0,0,0.0002864829526368124,3,133,59,192,0.8935766060967133,0.23529411764705882
1295,4894,0,0,0.00037800033151180816,3,133,59,192,0.9003373097490746,0.25
1296,130,1,0,0.0015747475302445725,3,134,59,193,0.9003373097490746,0.25
1297,347,1,0,0.0008800673771110251,3,135,59,194,0.9003373097490746,0.25
1298,2486,1,1,0.9978921054931227,3,135,59,194,0.9003373097490746,0.25
1299,2530,0,0,0.00021326540010180474,3,135,59,194,0.9070666666666668,0.26666666666666666
1300,2531,0,0,0.0006939884681953524,3,135,59,194,0.9063245300426709,0.21428571428571427
1301,2572,0,0,1.2320742165232042e-05,3,135,59,194,0.913150553150553,0.23076923076923078
1302,2641,0,0,0.00011487141391516296,3,135,59,194,0.9199396909159441,0.25
1303,2663,0,0,0.03700518285843715,3,135,59,194,0.9193742229589722,0.18181818181818182
1304,2714,0,0,1.4472829481220665e-05,3,135,59,194,0.9193742229589722,0.18181818181818182
1305,2747,0,0,1.1249416338116127e-06,3,135,59,194,0.9193742229589722,0.18181818181818182
1306,2852,0,0,1.6623326669642854e-05,3,135,59,194,0.9193742229589722,0.18181818181818182
1307,2862,0,0,0.00021898205132099265,3,135,59,194,0.9193742229589722,0.18181818181818182
1308,2916,0,0,0.00024000951644561407,3,135,59,194,0.9193742229589722,0.18181818181818182
1309,2937,0,0,8.177293853722747e-05,3,135,59,194,0.9193742229589722,0.18181818181818182
1310,3017,0,0,1.8132734921065673e-05,3,135,59,194,0.9193742229589722,0.18181818181818182
1311,3125,0,0,0.0007665127763804,3,135,59,194,0.9193742229589722,0.18181818181818182
1312,3138,0,0,1.2871867731256409e-05,3,135,59,194,0.9193742229589722,0.18181818181818182
1313,3201,0,0,6.207325767828912e-05,3,135,59,194,0.9193742229589722,0.18181818181818182
1314,3216,0,0,0.0006923634894910798,3,135,59,194,0.9193742229589722,0.18181818181818182
1315,3412,0,0,9.153423870502196e-06,3,135,59,194,0.9193742229589722,0.18181818181818182
1316,3418,0,0,0.00012111914460304432,3,135,59,194,0.9193742229589722,0.18181818181818182
1317,3424,0,0,0.0033005192944223906,3,135,59,194,0.9193742229589722,0.18181818181818182
1318,3425,0,1,0.671367430703287,3,135,60,195,0.9162105263157894,0.18181818181818182
1319,3535,0,1,0.949729824179815,3,135,61,196,0.9130883276793569,0.18181818181818182
1320,3549,0,0,0.0008768351980644306,3,135,61,196,0.9130883276793569,0.18181818181818182
1321,3561,0,0,2.9761113743445477e-06,3,135,61,196,0.9130883276793569,0.18181818181818182
1322,3638,0,0,0.008161166790970979,3,135,61,196,0.9130883276793569,0.18181818181818182
1323,3656,0,0,0.0006269274575066955,3,135,61,196,0.9130883276793569,0.18181818181818182
1324,3721,0,0,0.0003047200926081419,3,135,61,196,0.9130883276793569,0.18181818181818182
1325,3740,0,0,0.0002430854606690579,3,135,61,196,0.9130883276793569,0.18181818181818182
1326,3802,0,0,0.0009341587035095623,3,135,61,196,0.9130883276793569,0.18181818181818182
1327,3808,0,0,0.00025039313964766465,3,135,61,196,0.9130883276793569,0.18181818181818182
1328,3885,0,0,6.211772022188089e-06,3,135,61,196,0.9130883276793569,0.18181818181818182
1329,3891,0,0,0.00043293812527165623,3,135,61,196,0.9130883276793569,0.18181818181818182
1330,3947,0,0,0.00014981999743719565,3,135,61,196,0.9130883276793569,0.18181818181818182
1331,3959,0,0,0.0002676308704704417,3,135,61,196,0.9130883276793569,0.18181818181818182
1332,3985,0,0,0.005814315335935531,3,135,61,196,0.9130883276793569,0.18181818181818182
1333,3987,0,1,0.7766806630913629,3,135,62,197,0.9169116723206433,0.2
1334,4000,0,0,0.000425874678853693,3,135,62,197,0.9169116723206433,0.2
1335,4018,0,0,0.0001610436644006853,3,135,62,197,0.9169116723206433,0.2
1336,4042,0,0,0.00022702151011250624,3,135,62,197,0.9169116723206433,0.2
1337,4054,0,0,0.009185557385089816,3,135,62,197,0.9169116723206433,0.2
1338,4105,0,0,0.0011379812204385038,3,135,62,197,0.9169116723206433,0.2
1339,4216,0,0,4.427367959357757e-05,3,135,62,197,0.9169116723206433,0.2
1340,4220,0,0,0.0012922850620239548,3,135,62,197,0.9169116723206433,0.2
1341,4286,0,0,6.872000050141595e-06,3,135,62,197,0.9169116723206433,0.2
1342,4330,0,0,0.420041476005996,3,135,62,197,0.9169116723206433,0.2
1343,4332,0,0,3.581187490527807e-05,3,135,62,197,0.9169116723206433,0.2
1344,4342,0,0,0.004474742372705882,3,135,62,197,0.9169116723206433,0.2
1345,4357,0,0,1.113495925171796e-06,3,135,62,197,0.92,0.2
1346,4398,0,0,0.0003434423309858911,3,135,62,197,0.92,0.2
1347,4433,0,0,0.00019038375259721065,3,135,62,197,0.92,0.2
1348,4435,0,0,0.0003383251431348882,3,135,62,197,0.92,0.2
1349,4463,0,0,6.702100063583999e-06,3,135,62,197,0.92,0.2
1350,4545,0,0,4.4667317541548155e-05,3,135,62,197,0.92,0.2
1351,4565,0,0,0.00012638651958651453,3,135,62,197,0.923124740986324,0.2
1352,4571,0,0,0.00024899661425622957,3,135,62,197,0.923124740986324,0.2
1353,4593,0,0,3.596308892402844e-05,3,135,62,197,0.923124740986324,0.2
1354,4610,0,0,0.002052550994174847,3,135,62,197,0.923124740986324,0.2
1355,4618,0,0,5.342817063420212e-05,3,135,62,197,0.923124740986324,0.2
1356,4638,0,0,0.00012390397612707557,3,135,62,197,0.923124740986324,0.2
1357,4646,0,0,0.0019358704771326079,3,135,62,197,0.923124740986324,0.2
1358,4826,0,0,0.0010267603654702778,3,135,62,197,0.923124740986324,0.2
1359,4857,0,0,0.0001134500173203532,3,135,62,197,0.923124740986324,0.2
1360,4933,0,0,0.0030612381488304597,3,135,62,197,0.9262943571844096,0.2
1361,4992,0,0,0.0007386127050014875,3,135,62,197,0.9262943571844096,0.2
1362,10,1,0,4.929329559934594e-05,3,136,62,198,0.9193742229589722,0.18181818181818182
1363,23,1,0,0.00017839156092727305,3,137,62,199,0.9124210526315789,0.16666666666666666
1364,182,1,1,0.992699524970242,3,137,62,199,0.913150553150553,0.23076923076923078
1365,211,1,0,0.000910963446621785,3,138,62,200,0.9063245300426709,0.21428571428571427
1366,238,1,0,0.0004710031058217791,3,139,62,201,0.8994680851063831,0.2
1367,251,1,0,0.0014620788860914085,3,140,62,202,0.8925866666666668,0.1875
1368,283,1,1,0.984334856157727,3,140,62,202,0.8935766060967133,0.23529411764705882
1369,289,1,1,0.9752384174552303,3,140,62,202,0.894430709173715,0.2777777777777778
1370,349,1,1,0.9497307310678289,3,140,62,202,0.8951752775592271,0.3157894736842105
1371,394,1,1,0.5837194638788197,3,140,62,202,0.9022961956521739,0.3684210526315789
1372,427,1,1,0.9995210277104802,3,140,62,202,0.9091396251341756,0.42105263157894735
1373,460,1,1,0.9621153619906821,3,140,62,202,0.9157312761170041,0.47368421052631576
1374,463,1,0,0.3312686324515357,3,141,62,203,0.9095107632093932,0.45
1375,570,1,0,0.0002147800955274842,3,142,62,204,0.9032417582417582,0.42857142857142855
1376,596,1,0,0.023618681495172423,3,143,62,205,0.896929491474946,0.4090909090909091
1377,626,1,0,5.628957151070968e-06,3,144,62,206,0.8905786565862169,0.391304347826087
1378,628,1,0,0.07793025565562146,3,145,62,207,0.8841934796505433,0.375
1379,663,1,1,0.7698638777542941,3,145,62,207,0.8847917657449554,0.4
1380,861,1,1,0.782051518113465,3,145,62,207,0.8853351573187414,0.4230769230769231
1381,924,1,0,0.02661262497036601,3,146,62,208,0.8790449438202246,0.4074074074074074
1382,963,1,1,0.9963094772145022,3,146,62,208,0.8795971505772537,0.42857142857142855
1383,977,1,0,0.0003032601928722863,3,147,62,209,0.8733343378940388,0.41379310344827586
1384,1075,1,0,0.08929305458369736,3,148,62,210,0.8670454545454546,0.4
1385,1113,1,0,6.294049289084734e-06,3,149,62,211,0.8607331821617535,0.3870967741935484
1386,1198,1,0,0.000715797414602992,3,150,62,212,0.8543999999999999,0.375
1387,1237,1,0,2.0562607728696215e-05,3,151,62,213,0.8480482049553346,0.36363636363636365
1388,1281,1,1,0.999922974526971,3,151,62,213,0.8488140938502527,0.38235294117647056
1389,1293,1,0,0.001574084648517318,3,152,62,214,0.8424962534789124,0.37142857142857144
1390,1642,1,1,0.9955381789569554,3,152,62,214,0.8432558139534884,0.3888888888888889
1391,1656,1,0,0.044236595541386,3,153,62,215,0.8369704874430975,0.3783783783783784
1392,1797,1,0,0.27837341644894587,3,154,62,216,0.8306715063520871,0.3684210526315789
1393,1861,1,0,0.000518203775531745,3,155,62,217,0.8243605546995377,0.358974358974359
1394,1874,1,1,0.9988362227757549,3,155,62,217,0.8252043135548142,0.375
1395,1882,1,0,1.6786534565093061e-07,3,156,62,218,0.8189272761977476,0.36585365853658536
1396,1966,1,0,0.04053188276387715,3,157,62,219,0.8126409495548961,0.35714285714285715
1397,1989,1,0,0.01415838740651871,3,158,62,220,0.8063467261904762,0.3488372093023256
1398,2065,1,0,2.6599469731954844e-06,3,159,62,221,0.8000459242250288,0.3409090909090909
1399,2071,1,1,0.9887625936398005,3,159,62,221,0.8010062301107078,0.35555555555555557
1400,2225,1,0,0.0001308527957091449,3,160,62,222,0.7947413182140326,0.34782608695652173
1401,2231,1,1,0.9998296688891827,3,160,62,222,0.7956883116883117,0.3617021276595745
1402,2387,1,0,0.0006366709918316186,3,161,62,223,0.7894584528447279,0.3541666666666667
1403,2504,0,0,0.00018380731526436702,3,161,62,223,0.7894584528447279,0.3541666666666667
1404,2505,0,0,0.0016699529572474635,3,161,62,223,0.7894584528447279,0.3541666666666667
1405,2508,0,0,0.0007185632163708552,3,161,62,223,0.7894584528447279,0.3541666666666667
1406,2521,0,0,2.3952266481476337e-06,3,161,62,223,0.7956883116883117,0.3617021276595745
1407,2526,0,0,0.00029201840442516443,3,161,62,223,0.7947413182140326,0.34782608695652173
1408,2539,0,0,0.0002294118237463076,3,161,62,223,0.7947413182140326,0.34782608695652173
1409,2555,0,0,0.00012359521541171638,3,161,62,223,0.7947413182140326,0.34782608695652173
1410,2561,0,0,3.182076700522979e-05,3,161,62,223,0.7947413182140326,0.34782608695652173
1411,2567,0,0,4.7998378729213894e-05,3,161,62,223,0.7947413182140326,0.34782608695652173
1412,2584,0,0,0.4257468527153511,3,161,62,223,0.7947413182140326,0.34782608695652173
1413,2608,0,0,0.0002527618064456666,3,161,62,223,0.7947413182140326,0.34782608695652173
1414,2647,0,0,9.98412589221905e-05,3,161,62,223,0.7947413182140326,0.34782608695652173
1415,2652,0,0,0.010861471121181061,3,161,62,223,0.7947413182140326,0.34782608695652173
1416,2653,0,0,3.840603758474909e-06,3,161,62,223,0.7947413182140326,0.34782608695652173
1417,2674,0,0,0.00012276814850130927,3,161,62,223,0.7947413182140326,0.34782608695652173
1418,2727,0,0,1.0153838101354809e-05,3,161,62,223,0.7947413182140326,0.34782608695652173
1419,2798,0,0,0.00035701095116478436,3,161,62,223,0.7947413182140326,0.34782608695652173
1420,2840,0,0,0.0005119998699605657,3,161,62,223,0.7947413182140326,0.34782608695652173
1421,2865,0,0,0.00010893482483505164,3,161,62,223,0.7947413182140326,0.34782608695652173
1422,2897,0,0,0.00014922970320617676,3,161,62,223,0.7947413182140326,0.34782608695652173
1423,3000,0,0,0.0015970196583464337,3,161,62,223,0.7989198153377258,0.34782608695652173
1424,3038,0,0,0.00043657148861215363,3,161,62,223,0.7989198153377258,0.34782608695652173
1425,3074,0,0,0.00028409306132287177,3,161,62,223,0.7989198153377258,0.34782608695652173
1426,3083,0,0,0.0008628868969408261,3,161,62,223,0.7989198153377258,0.34782608695652173
1427,3089,0,0,0.033125455962050084,3,161,62,223,0.7989198153377258,0.34782608695652173
1428,3091,0,0,8.603153044067016e-05,3,161,62,223,0.7989198153377258,0.34782608695652173
1429,3131,0,0,9.893973456941836e-05,3,161,62,223,0.7989198153377258,0.34782608695652173
1430,3164,0,0,0.17755221564933332,3,161,62,223,0.7989198153377258,0.34782608695652173
1431,3219,0,0,0.00036379599978551814,3,161,62,223,0.7989198153377258,0.34782608695652173
1432,3249,0,0,7.665476474874118e-05,3,161,62,223,0.7989198153377258,0.34782608695652173
1433,3310,0,0,0.0001621187335414086,3,161,62,223,0.7989198153377258,0.34782608695652173
1434,3318,0,0,2.1346957530791673e-06,3,161,62,223,0.7989198153377258,0.34782608695652173
1435,3335,0,0,0.00028487194952253467,3,161,62,223,0.7989198153377258,0.34782608695652173
1436,3354,0,0,0.00023262923173589028,3,161,62,223,0.7989198153377258,0.34782608695652173
1437,3409,0,0,0.0008330443815035921,3,161,62,223,0.7989198153377258,0.34782608695652173
1438,3469,0,0,0.3425682664901414,3,161,62,223,0.8051986935220468,0.35555555555555557
1439,3501,0,0,8.222973717657877e-06,3,161,62,223,0.8114718714121699,0.36363636363636365
1440,3508,0,0,6.086289643600129e-06,3,161,62,223,0.8114718714121699,0.36363636363636365
1441,3521,0,0,0.0002654648589793945,3,161,62,223,0.8114718714121699,0.36363636363636365
1442,3523,0,0,3.719988626810378e-05,3,161,62,223,0.8114718714121699,0.36363636363636365
1443,3538,0,0,0.35367869809470565,3,161,62,223,0.8114718714121699,0.36363636363636365
1444,3546,0,0,0.0003950334049466993,3,161,62,223,0.8114718714121699,0.36363636363636365
1445,3567,0,0,0.002782770543169575,3,161,62,223,0.8114718714121699,0.36363636363636365
1446,3575,0,0,0.01804524008312483,3,161,62,223,0.8114718714121699,0.36363636363636365
1447,3610,0,0,6.252102583954356e-06,3,161,62,223,0.8114718714121699,0.36363636363636365
1448,3689,0,0,0.008465985430211365,3,161,62,223,0.8114718714121699,0.36363636363636365
1449,3691,0,0,0.0002607043243900289,3,161,62,223,0.8114718714121699,0.36363636363636365
1450,3727,0,0,0.05017523882524078,3,161,62,223,0.8114718714121699,0.36363636363636365
1451,3751,0,0,0.00010465820495154381,3,161,62,223,0.8114718714121699,0.36363636363636365
1452,3755,0,0,0.0009588852407608791,3,161,62,223,0.8114718714121699,0.36363636363636365
1453,3784,0,0,6.566181235493566e-06,3,161,62,223,0.8114718714121699,0.36363636363636365
1454,3907,0,0,0.04659376785533572,3,161,62,223,0.8114718714121699,0.36363636363636365
1455,3931,0,0,0.0021520788097639256,3,161,62,223,0.8114718714121699,0.36363636363636365
1456,3935,0,0,0.069633044312002,3,161,62,223,0.8114718714121699,0.36363636363636365
1457,3938,0,1,0.5515995071369773,3,161,63,224,0.8072654690618762,0.36363636363636365
1458,3953,0,0,0.001280496755265896,3,161,63,224,0.8114718714121699,0.36363636363636365
1459,3992,0,0,0.0001061513986692771,3,161,63,224,0.8114718714121699,0.36363636363636365
1460,4044,0,0,7.3814253915556905e-06,3,161,63,224,0.8114718714121699,0.36363636363636365
1461,4123,0,0,0.0001992627279573002,3,161,63,224,0.8114718714121699,0.36363636363636365
1462,4142,0,0,0.0005291278972385251,3,161,63,224,0.8114718714121699,0.36363636363636365
1463,4148,0,0,0.0011594510391703184,3,161,63,224,0.8114718714121699,0.36363636363636365
1464,4159,0,0,0.00032000733557290136,3,161,63,224,0.8114718714121699,0.36363636363636365
1465,4167,0,0,0.00030144793133931127,3,161,63,224,0.8157142857142857,0.36363636363636365
1466,4178,0,0,0.00033429284266519996,3,161,63,224,0.8157142857142857,0.36363636363636365
1467,4199,0,0,3.599406407223102e-05,3,161,63,224,0.8157142857142857,0.36363636363636365
1468,4200,0,0,0.00011787723855530555,3,161,63,224,0.8157142857142857,0.36363636363636365
1469,4217,0,0,0.0007980351607134051,3,161,63,224,0.8157142857142857,0.36363636363636365
1470,4355,0,0,0.013467080737389758,3,161,63,224,0.8157142857142857,0.36363636363636365
1471,4370,0,0,0.0009843380477780551,3,161,63,224,0.8157142857142857,0.36363636363636365
1472,4396,0,0,0.007881995490544946,3,161,63,224,0.8157142857142857,0.36363636363636365
1473,4426,0,0,0.00022846927449219227,3,161,63,224,0.8157142857142857,0.36363636363636365
1474,4428,0,0,0.0009340477544198285,3,161,63,224,0.8157142857142857,0.36363636363636365
1475,4455,0,0,0.15097119443166676,3,161,63,224,0.8157142857142857,0.36363636363636365
1476,4462,0,0,0.0007923307641593809,3,161,63,224,0.8157142857142857,0.36363636363636365
1477,4478,0,0,0.00028659766738623805,3,161,63,224,0.8157142857142857,0.36363636363636365
1478,4505,0,0,9.945596984046881e-05,3,161,63,224,0.8157142857142857,0.36363636363636365
1479,4513,0,0,6.240944560844396e-05,3,161,63,224,0.8157142857142857,0.36363636363636365
1480,4533,0,1,0.9761235456780493,3,161,64,225,0.8114718714121699,0.36363636363636365
1481,4567,0,0,0.0006791265535173128,3,161,64,225,0.8114718714121699,0.36363636363636365
1482,4636,0,0,0.002420692655541378,3,161,64,225,0.8114718714121699,0.36363636363636365
1483,4657,0,0,5.249996952448332e-05,3,161,64,225,0.8114718714121699,0.36363636363636365
1484,4692,0,0,0.09872491229624653,3,161,64,225,0.8114718714121699,0.36363636363636365
1485,4705,0,0,5.5439327043429206e-05,3,161,64,225,0.8114718714121699,0.36363636363636365
1486,4781,0,0,0.000758633313839231,3,161,64,225,0.8114718714121699,0.36363636363636365
1487,4820,0,0,0.002191714284382536,3,161,64,225,0.8114718714121699,0.36363636363636365
1488,4856,0,0,0.014351248612306645,3,161,64,225,0.8114718714121699,0.36363636363636365
1489,4875,0,0,0.35344690293683945,3,161,64,225,0.8114718714121699,0.36363636363636365
1490,4880,0,0,6.380869282380952e-05,3,161,64,225,0.8114718714121699,0.36363636363636365
1491,4908,0,0,9.434562802121767e-06,3,161,64,225,0.8114718714121699,0.36363636363636365
1492,4921,0,0,3.0288358206312e-06,3,161,64,225,0.8114718714121699,0.36363636363636365
1493,48,1,0,0.0001920042000054116,3,162,64,226,0.8051986935220468,0.35555555555555557
1494,181,1,0,0.14213968970368224,3,163,64,227,0.7989198153377258,0.34782608695652173
1495,242,1,0,3.9529444995356665e-05,3,164,64,228,0.792636428065202,0.3404255319148936
1496,285,1,1,0.9996798842326603,3,164,64,228,0.7999058627785804,0.3617021276595745
1497,386,1,1,0.9971246440280515,3,164,64,228,0.8070389610389611,0.3829787234042553
1498,475,1,0,0.030111335547435582,3,165,64,229,0.7999058627785804,0.3617021276595745
1499,523,1,1,0.9947787770366254,4,165,64,229,0.8008390770152832,0.375
1500,534,1,1,0.9894212580133515,4,165,64,229,0.8017238490218256,0.3877551020408163
1501,536,1,0,0.00011347026460631129,4,166,64,230,0.7955562924888078,0.38
1502,542,1,1,0.9917569974013766,4,166,64,230,0.7964327485380116,0.39215686274509803
1503,559,1,0,0.4999452105705326,4,167,64,231,0.79029713320735,0.38461538461538464
1504,560,1,1,0.9992761300546297,4,167,64,231,0.7911664497811428,0.39622641509433965
1505,580,1,0,0.017147538067959874,4,168,64,232,0.7850625,0.3888888888888889
1506,598,1,1,0.9998171383423743,4,168,64,232,0.7859257554839699,0.4
1507,625,1,1,0.9955121738006374,4,168,64,232,0.7867510548523208,0.4107142857142857
1508,742,1,0,0.027537683993949687,4,169,64,233,0.7807114845938375,0.40350877192982454
1509,798,1,0,0.3365371206221532,4,170,64,234,0.774670419197156,0.39655172413793105
1510,821,1,0,0.043768728895350474,4,171,64,235,0.7686287686827512,0.3898305084745763
1511,830,1,1,0.9681764283134102,4,171,64,235,0.7695147946096319,0.4
1512,843,1,1,0.9973113006850777,4,171,64,235,0.7703655891034532,0.4098360655737705
1513,860,1,0,0.04890598568583519,4,172,64,236,0.7643873517786561,0.4032258064516129
1514,905,1,1,0.9970320610430397,4,172,64,236,0.7652357113057989,0.4126984126984127
1515,967,1,0,0.11169906993315046,4,173,64,237,0.7592890422778257,0.40625
1516,1000,1,1,0.9875057556085877,4,173,64,237,0.7601357558436256,0.4153846153846154
1517,1114,1,0,0.02126881862199965,4,174,64,238,0.7542208406541424,0.4090909090909091
1518,1139,1,0,0.0713437995135683,4,175,64,239,0.7527044195161509,0.40298507462686567
1519,1178,1,0,0.0004927846683687482,4,176,64,240,0.7511879983781591,0.39705882352941174
1520,1219,1,0,0.000886802698943975,4,177,64,241,0.7452582301419511,0.391304347826087
1521,1258,1,0,0.09302267400780241,4,178,64,242,0.7393333333333334,0.38571428571428573
1522,1275,1,0,2.60181154797794e-06,4,179,64,243,0.7334140203317991,0.38028169014084506
1523,1278,1,0,0.28597905850923544,4,180,64,244,0.7275009869719701,0.375
1524,1317,1,0,0.00023713099039296203,4,181,64,245,0.7215949135366612,0.3698630136986301
1525,1335,1,1,0.9662420226208963,4,181,64,245,0.7226892655367232,0.3783783783783784
1526,1338,1,0,0.0775360769897769,4,182,64,246,0.716820690540367,0.37333333333333335
1527,1339,1,1,0.9937110186193292,4,182,64,246,0.7179096905124303,0.3815789473684211
1528,1343,1,1,0.9892558602709284,4,182,64,246,0.7189655172413794,0.38961038961038963
1529,1351,1,0,0.02777141720787006,4,183,64,247,0.7131637519872814,0.38461538461538464
1530,1367,1,1,0.995681453218724,4,183,64,247,0.7142169529154205,0.3924050632911392
1531,1388,1,0,0.013789680152173878,4,184,64,248,0.7084529505582137,0.3875
1532,1424,1,0,0.0004581832453958974,4,185,64,249,0.702698703279939,0.38271604938271603
1533,1427,1,1,0.9938704813301443,4,185,64,249,0.7081787275376397,0.3902439024390244
1534,1439,1,0,1.7487775248856102e-05,4,186,64,250,0.7024502431216212,0.3855421686746988
1535,1446,1,0,6.272867840862779e-05,4,187,64,251,0.6967327803822575,0.38095238095238093
1536,1462,1,1,0.9991111353764054,4,187,64,251,0.697857142857143,0.38823529411764707
1537,1488,1,1,0.987666965990541,4,187,64,251,0.6989527066871094,0.3953488372093023
1538,1501,1,0,0.0006103733656095019,4,188,64,252,0.6933036893545831,0.39080459770114945
1539,1586,1,0,0.027666244703882733,4,189,64,253,0.6876671341748479,0.38636363636363635
1540,1603,1,0,0.0002963596334329433,4,190,64,254,0.6820436363636364,0.38202247191011235
1541,1654,1,1,0.9990041609253633,4,190,64,254,0.6831963312278273,0.3888888888888889
1542,1705,1,0,0.04663146358114163,4,191,64,255,0.6776148897058824,0.38461538461538464
1543,1749,1,0,0.00016232839223580354,4,192,64,256,0.6720478274550188,0.3804347826086957
1544,1779,1,1,0.8072511879128612,4,192,64,256,0.6732305116490253,0.3870967741935484
1545,1814,1,0,0.009992153777744364,4,193,64,257,0.6677069199457258,0.3829787234042553
1546,1858,1,0,0.0029547028555986145,4,194,64,258,0.662199036918138,0.37894736842105264
1547,1905,1,0,0.0006103733625477901,4,195,64,259,0.6567074402423969,0.375
1548,1908,1,1,0.9937007467990273,4,195,64,259,0.6579500891265597,0.38144329896907214
1549,1918,1,0,0.40747461537302615,4,196,64,260,0.6525042324664873,0.37755102040816324
1550,1982,1,1,0.9926702422166003,4,196,64,260,0.6537509302902506,0.3838383838383838
1551,1991,1,1,0.9863537486382405,4,196,64,260,0.6549741230592295,0.39
1552,1995,1,1,0.9906735994463937,4,196,64,260,0.6561750700661207,0.39603960396039606
1553,2001,1,1,0.9483196004078507,4,196,64,260,0.6573549695740365,0.4019607843137255
1554,2015,1,1,0.9570831823416388,4,196,64,260,0.658514963297572,0.4077669902912621
1555,2031,1,1,0.917404607169317,4,196,64,260,0.6596561405385171,0.41346153846153844
1556,2035,1,1,0.9921094142730418,4,196,64,260,0.660779542009096,0.41904761904761906
1557,2043,1,0,0.0472228671246749,4,197,64,261,0.6555517826825128,0.41509433962264153
1558,2050,1,1,0.9880598333876899,4,197,64,261,0.6566867279062402,0.4205607476635514
1559,2057,1,0,0.0006103733656095019,4,198,64,262,0.6515075707702437,0.4166666666666667
1560,2090,1,0,0.0007532251563556028,4,199,64,263,0.6463493064312736,0.41284403669724773
1561,2128,1,1,0.9884352848722028,4,199,64,263,0.6475258918296893,0.41818181818181815
1562,2139,1,1,0.9949285034045975,4,199,64,263,0.6537879380985934,0.42727272727272725
1563,2171,1,0,0.00012175334616557756,4,200,64,264,0.6537879380985934,0.42727272727272725
1564,2193,1,0,0.010055289433416513,4,201,64,265,0.6475258918296893,0.41818181818181815
1565,2196,1,0,0.01556280155790852,4,202,64,266,0.6475258918296893,0.41818181818181815
1566,2234,1,1,0.9932245441709328,4,202,64,266,0.6537879380985934,0.42727272727272725
1567,2259,1,0,1.2990568294994174e-05,4,203,64,267,0.6537879380985934,0.42727272727272725
1568,2383,1,1,0.9641795586667028,4,203,64,267,0.6537879380985934,0.42727272727272725
1569,2415,1,0,0.0020920522207928238,4,204,64,268,0.6475258918296893,0.41818181818181815
1570,2511,0,0,0.00022119709263593892,4,204,64,268,0.6463493064312736,0.41284403669724773
1571,2544,0,0,0.00304677065088273,4,204,64,268,0.6451567944250871,0.4074074074074074
1572,2575,0,1,0.6605543403069206,4,204,65,269,0.6395853510094995,0.40186915887850466
1573,2618,0,0,0.0009277455618317942,4,204,65,269,0.6383685736322774,0.39622641509433965
1574,2630,0,0,0.0002806917311652954,4,204,65,269,0.6436,0.4
1575,2683,0,0,0.0009151889373346187,4,204,65,269,0.6488515735714858,0.40384615384615385
1576,2737,0,0,0.3201321830896312,4,204,65,269,0.6541226941226941,0.4077669902912621
1577,2772,0,0,0.00019666361940435831,4,204,65,269,0.6594127611518915,0.4117647058823529
1578,2822,0,0,4.482045417988172e-05,4,204,65,269,0.664721173551936,0.4158415841584158
1579,2836,0,0,0.40950168142664284,4,204,65,269,0.6636284722222223,0.41
1580,2864,0,0,4.202199641111687e-05,4,204,65,269,0.6625166502893329,0.40404040404040403
1581,2903,0,0,0.0001860566406367247,4,204,65,269,0.667898354281333,0.40816326530612246
1582,2917,0,0,8.098038377016083e-05,4,204,65,269,0.6667942887069654,0.4020618556701031
1583,2966,0,0,0.00016991450623903137,4,204,65,269,0.6722203783604381,0.40625
1584,3051,0,0,4.571527487884899e-05,4,204,65,269,0.67766229080514,0.4105263157894737
1585,3105,0,0,8.126058709737047e-05,4,204,65,269,0.6831194295900178,0.4148936170212766
1586,3139,0,0,0.0008325446021172167,4,204,65,269,0.6885911949685535,0.41935483870967744
1587,3168,0,0,0.0001432251257915806,4,204,65,269,0.694076983503535,0.42391304347826086
1588,3173,0,0,0.00017704602205104332,4,204,65,269,0.6930890999547716,0.4175824175824176
1589,3176,0,0,0.00029786149165358494,4,204,65,269,0.6986151706915633,0.4222222222222222
1590,3237,0,0,0.006106638466869435,4,204,65,269,0.6976329414456935,0.4157303370786517
1591,3241,0,0,8.626610613751202e-06,4,204,65,269,0.7031985294117646,0.42045454545454547
1592,3255,0,0,0.0013245001429602061,4,204,65,269,0.7087759222404892,0.42528735632183906
1593,3293,0,0,1.5879204237867742e-05,4,204,65,269,0.7143645000579307,0.43023255813953487
1594,3304,0,0,6.736670985326085e-05,4,204,65,269,0.7134408602150537,0.4235294117647059
1595,3348,0,0,0.0012498675033794445,4,204,65,269,0.719066654926477,0.42857142857142855
1596,3414,0,0,0.0003128442475384309,4,204,65,269,0.7247022054487557,0.43373493975903615
1597,3461,0,0,0.0008906457007424703,4,204,65,269,0.7303468704641725,0.43902439024390244
1598,3483,0,0,0.0009864441708322927,4,204,65,269,0.7360000000000001,0.4444444444444444
1599,3500,0,0,0.4678047437656275,4,204,65,269,0.7351604760187521,0.4375
1600,3506,0,0,0.00014181210979095416,4,204,65,269,0.7408477545226663,0.4430379746835443
1601,3654,0,0,0.00022004910815323305,4,204,65,269,0.7400122044241038,0.4358974358974359
1602,3666,0,0,5.757746168538556e-05,4,204,65,269,0.7457330388909336,0.44155844155844154
1603,3703,0,0,0.000972189938484767,4,204,65,269,0.7457330388909336,0.44155844155844154
1604,3714,0,0,0.002035026504958152,4,204,65,269,0.7457330388909336,0.44155844155844154
1605,3723,0,0,4.988241895636931e-05,4,204,65,269,0.7457330388909336,0.44155844155844154
1606,3790,0,0,0.0006862303283178906,4,204,65,269,0.7457330388909336,0.44155844155844154
1607,3825,0,0,0.0002541536130204031,4,204,65,269,0.7457330388909336,0.44155844155844154
1608,3836,0,0,0.01587510877496983,4,204,65,269,0.7457330388909336,0.44155844155844154
1609,3840,0,0,0.010290619438293853,4,204,65,269,0.7457330388909336,0.44155844155844154
1610,3884,0,0,0.00027252483795276095,4,204,65,269,0.7457330388909336,0.44155844155844154
1611,3892,0,0,6.479082462829052e-05,4,204,65,269,0.7457330388909336,0.44155844155844154
1612,3894,0,0,0.0014452154106399844,4,204,65,269,0.7457330388909336,0.44155844155844154
1613,3908,0,0,0.00010340474993524861,4,204,65,269,0.7457330388909336,0.44155844155844154
1614,3952,0,0,0.00010757803209212118,4,204,65,269,0.7457330388909336,0.44155844155844154
1615,3963,0,0,0.006050397728090044,4,204,65,269,0.7457330388909336,0.44155844155844154
1616,4052,0,0,0.0010219947883333613,4,204,65,269,0.7457330388909336,0.44155844155844154
1617,4092,0,0,6.017332302127951e-05,4,204,65,269,0.7457330388909336,0.44155844155844154
1618,4151,0,0,2.8646829893481477e-05,4,204,65,269,0.7457330388909336,0.44155844155844154
1619,4221,0,0,0.00028961697583588885,4,204,65,269,0.7457330388909336,0.44155844155844154
1620,4308,0,0,3.646719642499043e-06,4,204,65,269,0.7457330388909336,0.44155844155844154
1621,4309,0,0,0.00033077111060002496,4,204,65,269,0.7457330388909336,0.44155844155844154
1622,4320,0,0,0.23735665521802554,4,204,65,269,0.7457330388909336,0.44155844155844154
1623,4354,0,0,0.00015648309992234155,4,204,65,269,0.7457330388909336,0.44155844155844154
1624,4404,0,0,8.657600129802601e-05,4,204,65,269,0.7457330388909336,0.44155844155844154
1625,4410,0,0,0.0009887845378635596,4,204,65,269,0.7457330388909336,0.44155844155844154
1626,4422,0,0,1.089637006666074e-05,4,204,65,269,0.7457330388909336,0.44155844155844154
1627,4450,0,0,0.0004343212232254771,4,204,65,269,0.7457330388909336,0.44155844155844154
1628,4458,0,0,0.0003432784550019706,4,204,65,269,0.7457330388909336,0.44155844155844154
1629,4492,0,0,0.12132202937208693,4,204,65,269,0.7457330388909336,0.44155844155844154
1630,4536,0,0,0.0003139287114719206,4,204,65,269,0.7457330388909336,0.44155844155844154
1631,4558,0,0,5.638242901198848e-06,4,204,65,269,0.7457330388909336,0.44155844155844154
1632,4579,0,0,0.00265982954088603,4,204,65,269,0.7457330388909336,0.44155844155844154
1633,4586,0,0,1.7159586584259663e-05,4,204,65,269,0.7457330388909336,0.44155844155844154
1634,4625,0,0,0.00010983885055632416,4,204,65,269,0.7457330388909336,0.44155844155844154
1635,4641,0,0,0.00010891614565466683,4,204,65,269,0.7457330388909336,0.44155844155844154
1636,4671,0,0,9.527029086576328e-05,4,204,65,269,0.7457330388909336,0.44155844155844154
1637,4681,0,0,0.008285600664171517,4,204,65,269,0.7457330388909336,0.44155844155844154
1638,4689,0,0,0.0004542716066687096,4,204,65,269,0.7457330388909336,0.44155844155844154
1639,4739,0,0,0.12083406725943968,4,204,65,269,0.7457330388909336,0.44155844155844154
1640,4741,0,0,0.024860141657734956,4,204,65,269,0.7457330388909336,0.44155844155844154
1641,4790,0,0,0.0002461446138657918,4,204,65,269,0.7457330388909336,0.44155844155844154
1642,4854,0,0,3.5294923425357486e-05,4,204,65,269,0.7457330388909336,0.44155844155844154
1643,4888,0,0,7.285630058651273e-05,4,204,65,269,0.7457330388909336,0.44155844155844154
1644,4944,0,0,4.0661704451607266e-05,4,204,65,269,0.7457330388909336,0.44155844155844154
1645,4953,0,0,5.2796063213659155e-05,4,204,65,269,0.7457330388909336,0.44155844155844154
1646,4958,0,0,0.025388112380869937,4,204,65,269,0.7457330388909336,0.44155844155844154
1647,1,1,0,0.00012752374427228775,4,205,65,270,0.7400122044241038,0.4358974358974359
1648,87,1,0,0.03923929107346464,4,206,65,271,0.7342982030111704,0.43037974683544306
1649,101,1,0,0.00047935288000562393,4,207,65,272,0.7285917066835794,0.425
1650,113,1,0,0.00024847257537247256,4,208,65,273,0.7228933766077654,0.41975308641975306
1651,140,1,1,0.999043314833307,4,208,65,273,0.7238095238095238,0.4268292682926829
1652,149,1,0,0.0004951700614140234,4,209,65,274,0.7181471607571315,0.42168674698795183
1653,150,1,0,0.016718496693585178,4,210,65,275,0.7124943979242835,0.4166666666666667
1654,209,1,0,8.60478372426168e-05,4,211,65,276,0.7068518681576709,0.4117647058823529
1655,212,1,0,2.2176115130414253e-06,4,212,65,277,0.7012201963534362,0.4069767441860465
1656,222,1,0,0.005938947545735188,4,213,65,278,0.6956,0.40229885057471265
1657,236,1,0,0.00018980981638280162,4,214,65,279,0.6944,0.3977272727272727
1658,249,1,0,0.045236896037577703,4,215,65,280,0.6887915652879157,0.39325842696629215
1659,250,1,0,0.005066207957976428,4,216,65,281,0.6831963312278273,0.3888888888888889
1660,265,1,0,1.1017780948415678e-05,4,217,65,282,0.6776148897058824,0.38461538461538464
1661,267,1,0,0.4364735506512322,4,218,65,283,0.6720478274550188,0.3804347826086957
1662,327,1,0,3.5054585676057424e-06,4,219,65,284,0.6664957264957265,0.3763440860215054
1663,362,1,0,0.007311850934650102,4,220,65,285,0.6609591645619909,0.3723404255319149
1664,445,1,1,0.9995290176068872,4,220,65,285,0.662199036918138,0.37894736842105264
1665,458,1,0,0.0007245717046782132,4,221,65,286,0.6567074402423969,0.375
1666,510,1,0,0.004513262786971214,4,222,65,287,0.6512327044025157,0.3711340206185567
1667,525,1,1,0.9002349059694367,4,222,65,287,0.6525042324664873,0.37755102040816324
1668,612,1,1,0.7627477955645195,4,222,65,287,0.6537509302902506,0.3838383838383838
1669,689,1,0,0.31064542160471936,4,223,65,288,0.6483516483516483,0.38
1670,700,1,0,3.94432598107651e-05,4,224,65,289,0.6429707823324844,0.37623762376237624
1671,704,1,1,0.9993668517926249,4,224,65,289,0.6442518570923239,0.38235294117647056
1672,736,1,1,0.6461219287006115,4,224,65,289,0.6455104800540906,0.3883495145631068
1673,868,1,0,6.699497068125621e-06,4,225,65,290,0.6402070974004963,0.38461538461538464
1674,870,1,0,0.0013586233853233765,4,226,65,291,0.6349237718802937,0.38095238095238093
1675,884,1,0,0.00023556213877244222,4,227,65,292,0.6296610896610896,0.37735849056603776
1676,927,1,0,9.820491482855553e-05,4,228,65,293,0.6244196368886868,0.37383177570093457
1677,929,1,0,0.0794845614821583,4,229,65,294,0.6192,0.37037037037037035
1678,940,1,1,0.9491613409224696,4,229,65,294,0.6205857385398982,0.3761467889908257
1679,984,1,0,2.1788478147009276e-06,4,230,65,295,0.6154190151094175,0.37272727272727274
1680,1009,1,1,0.9965327579777701,4,230,65,295,0.6211012564671101,0.3783783783783784
1681,1036,1,0,0.00023725754432787975,4,231,65,296,0.6159736668861093,0.375
1682,1079,1,1,0.9999619768382658,4,231,65,296,0.6173916804277738,0.3805309734513274
1683,1170,1,0,2.810282923035245e-07,4,232,65,297,0.6123192802594414,0.37719298245614036
1684,1191,1,1,0.9987180456749253,4,232,65,297,0.61375,0.3826086956521739
1685,1218,1,0,0.00013455271678848826,4,233,65,298,0.6087341147119208,0.3793103448275862
1686,1229,1,0,0.0030697408954388113,4,234,65,299,0.6037441643323995,0.37606837606837606
1687,1230,1,0,0.02938818614592587,4,235,65,300,0.5987807719189252,0.3728813559322034
1688,1294,1,0,0.03330190064411254,4,236,65,301,0.5938445638693675,0.3697478991596639
1689,1306,1,1,0.9999548836599312,4,236,65,301,0.5953866749047472,0.375
1690,1330,1,0,0.00017211230730973786,4,237,65,302,0.5905114235049216,0.371900826446281
1691,1365,1,1,0.7465816542888363,4,237,65,302,0.5920710059171598,0.3770491803278688
1692,1376,1,1,0.983179029249739,4,237,65,302,0.5936160269669808,0.3821138211382114
1693,1494,1,0,0.4593501120378206,4,238,65,303,0.5936160269669808,0.3821138211382114
1694,1510,1,0,0.0037733983398554245,4,239,65,304,0.5936160269669808,0.3821138211382114
1695,1524,1,0,0.01671849660288346,4,240,65,305,0.5936160269669808,0.3821138211382114
1696,1529,1,1,0.9993160604183067,4,240,65,305,0.5936160269669808,0.3821138211382114
1697,1538,1,0,1.3833298228926847e-05,4,241,65,306,0.5872583120204604,0.37398373983739835
1698,1569,1,0,0.006392889919102432,4,242,65,307,0.5872583120204604,0.37398373983739835
1699,1572,1,1,0.9448507558619658,4,242,65,307,0.5872583120204604,0.37398373983739835
1700,1588,1,1,0.9958824293136126,4,242,65,307,0.5872583120204604,0.37398373983739835
1701,1628,1,0,0.0023110900606443815,4,243,65,308,0.5872583120204604,0.37398373983739835
1702,1637,1,1,0.8748045185757459,4,243,65,308,0.5872583120204604,0.37398373983739835
1703,1653,1,0,2.9764485888324165e-05,4,244,65,309,0.5872583120204604,0.37398373983739835
1704,1684,1,1,0.9997171278620763,4,244,65,309,0.5872583120204604,0.37398373983739835
1705,1687,1,0,0.004896311862003391,4,245,65,310,0.5872583120204604,0.37398373983739835
1706,1692,1,0,0.000657074698458758,4,246,65,311,0.5808481262327416,0.36585365853658536
1707,1744,1,0,0.000425696816447647,4,247,65,312,0.574384236453202,0.35772357723577236
1708,1812,1,1,0.7031121063498356,4,247,65,312,0.5808481262327416,0.36585365853658536
1709,1817,1,0,0.287546967452664,4,248,65,313,0.5808481262327416,0.36585365853658536
1710,1878,1,1,0.8464427800804066,4,248,65,313,0.5872583120204604,0.37398373983739835
1711,1888,1,0,2.0793873183983747e-06,4,249,65,314,0.5808481262327416,0.36585365853658536
1712,1904,1,0,0.0012484337352737665,4,250,65,315,0.574384236453202,0.35772357723577236
1713,1927,1,0,1.7412127155503227e-05,4,251,65,316,0.574384236453202,0.35772357723577236
1714,1958,1,1,0.9994935101064364,4,251,65,316,0.574384236453202,0.35772357723577236
1715,2007,1,0,0.0001240637282724379,4,252,65,317,0.574384236453202,0.35772357723577236
1716,2016,1,1,0.9929665199598767,4,252,65,317,0.574384236453202,0.35772357723577236
1717,2108,1,0,0.00019803207108325712,4,253,65,318,0.574384236453202,0.35772357723577236
1718,2150,1,0,0.03292669098459692,4,254,65,319,0.574384236453202,0.35772357723577236
1719,2164,1,0,0.1368814583193139,4,255,65,320,0.574384236453202,0.35772357723577236
1720,2166,1,1,0.665618815080217,4,255,65,320,0.5808481262327416,0.36585365853658536
1721,2185,1,0,1.8096930307801488e-05,4,256,65,321,0.5808481262327416,0.36585365853658536
1722,2224,1,1,0.9899310314304297,4,256,65,321,0.5872583120204604,0.37398373983739835
1723,2237,1,1,0.997321161342949,4,256,65,321,0.5936160269669808,0.3821138211382114
1724,2239,1,0,4.515640664955055e-05,4,257,65,322,0.5936160269669808,0.3821138211382114
1725,2287,1,0,0.04308898197520928,4,258,65,323,0.5872583120204604,0.37398373983739835
1726,2305,1,0,0.0050225962637430975,4,259,65,324,0.5872583120204604,0.37398373983739835
1727,2309,1,0,0.00041822460697371356,4,260,65,325,0.5808481262327416,0.36585365853658536
1728,2369,1,0,0.028512335964207252,4,261,65,326,0.574384236453202,0.35772357723577236
1729,2384,1,0,3.768126411989374e-05,4,262,65,327,0.574384236453202,0.35772357723577236
1730,2409,1,1,0.6115944212250678,4,262,65,327,0.574384236453202,0.35772357723577236
1731,2446,1,1,0.9947299398712425,4,262,65,327,0.5808481262327416,0.36585365853658536
1732,2448,1,0,0.0008462647321899426,4,263,65,328,0.5808481262327416,0.36585365853658536
1733,2456,1,1,0.9997691076737741,4,263,65,328,0.5808481262327416,0.36585365853658536
1734,2467,1,0,9.368325067037636e-06,4,264,65,329,0.5808481262327416,0.36585365853658536
1735,2471,1,0,0.0181623228761242,4,265,65,330,0.5808481262327416,0.36585365853658536
1736,2476,1,0,9.764214596467512e-06,4,266,65,331,0.574384236453202,0.35772357723577236
1737,2480,1,1,0.9999051432816316,4,266,65,331,0.574384236453202,0.35772357723577236
1738,2506,0,0,3.746416875892048e-05,4,266,65,331,0.5792053660918507,0.36065573770491804
1739,2517,0,0,0.00024734503287212706,4,266,65,331,0.5840562248995984,0.36363636363636365
1740,2549,0,0,2.798036737976873e-05,4,266,65,331,0.588936170212766,0.36666666666666664
1741,2552,0,0,6.921141154370475e-05,4,266,65,331,0.5873441018870855,0.36134453781512604
1742,2559,0,0,5.5244216543314646e-05,4,266,65,331,0.5922855067953108,0.3644067796610169
1743,2598,0,0,0.00010281667566025867,4,266,65,331,0.5972543465266769,0.36752136752136755
1744,2636,0,0,7.518256767052075e-05,4,266,65,331,0.5957097001487512,0.3620689655172414
1745,2675,0,0,0.011236193620466382,4,266,65,331,0.6007375248456951,0.3652173913043478
1746,2718,0,0,2.5117184186877612e-06,4,266,65,331,0.6057911981337318,0.3684210526315789
1747,2750,0,0,0.00017608878791141287,4,266,65,331,0.6108701134930644,0.37168141592920356
1748,2778,0,0,0.0005657988334149766,4,266,65,331,0.6094013303769401,0.36607142857142855
1749,2787,0,0,0.0031318205732231465,4,266,65,331,0.6145360006350719,0.36936936936936937
1750,2821,0,0,0.004376193631077511,4,266,65,331,0.613077475464773,0.36363636363636365
1751,2826,0,0,0.00016240217710597834,4,266,65,331,0.6115968341399503,0.3577981651376147
1752,2860,0,0,9.071680516278645e-05,4,266,65,331,0.6100927643784786,0.35185185185185186
1753,2882,0,0,7.022924731371556e-05,4,266,65,331,0.6085638945233266,0.34579439252336447
1754,2934,0,0,5.1158810811305785e-05,4,266,65,331,0.6070087888764931,0.33962264150943394
1755,2935,0,1,0.9774064468835038,4,266,66,332,0.6012446773665246,0.3333333333333333
1756,2967,0,0,0.0014589611563849481,4,266,66,332,0.5996483516483516,0.3269230769230769
1757,2993,0,0,0.0004171437793966011,4,266,66,332,0.6050075801427823,0.3300970873786408
1758,3030,0,0,6.689806189305335e-05,4,266,66,332,0.6034120618356416,0.3235294117647059
1759,3039,0,0,0.09472246889227921,4,266,66,332,0.6088235294117648,0.32673267326732675
1760,3061,0,0,0.0013463205053447908,4,266,66,332,0.6142557651991614,0.33
1761,3077,0,0,0.4120271919626806,4,266,66,332,0.6126898707442764,0.32323232323232326
1762,3159,0,0,0.0008181125502177346,4,266,66,332,0.6110905530803938,0.3163265306122449
1763,3222,0,0,0.0004036087585660792,4,266,66,332,0.6166039886039886,0.31958762886597936
1764,3234,0,0,0.00030426923442878007,4,266,66,332,0.6221367888097485,0.3229166666666667
1765,3250,0,0,0.03534466160834016,4,266,66,332,0.6276884191176471,0.3263157894736842
1766,3257,0,0,1.1336509941270618e-05,4,266,66,332,0.6261452902328815,0.3191489361702128
1767,3261,0,0,0.21030993714608298,4,266,66,332,0.6317454545454546,0.3225806451612903
1768,3292,0,0,0.0018823811986204753,4,266,66,332,0.6301957676616478,0.31521739130434784
1769,3427,0,0,9.018940103357942e-06,4,266,66,332,0.6358438495105555,0.31868131868131866
1770,3433,0,0,9.404810577873132e-05,4,266,66,332,0.6358438495105555,0.31868131868131866
1771,3532,0,0,2.4184733093733302e-05,4,266,66,332,0.6358438495105555,0.31868131868131866
1772,3591,0,0,0.0001866743846037018,4,266,66,332,0.6400346574246868,0.31868131868131866
1773,3608,0,0,9.919974776538996e-05,4,266,66,332,0.6400346574246868,0.31868131868131866
1774,3609,0,0,5.739799524490298e-05,4,266,66,332,0.6400346574246868,0.31868131868131866
1775,3612,0,0,0.02611930742582007,4,266,66,332,0.6400346574246868,0.31868131868131866
1776,3634,0,0,0.0005612341477193238,4,266,66,332,0.6400346574246868,0.31868131868131866
1777,3637,0,0,3.089054869861752e-06,4,266,66,332,0.6400346574246868,0.31868131868131866
1778,3660,0,0,9.705085128768295e-05,4,266,66,332,0.6400346574246868,0.31868131868131866
1779,3661,0,0,9.426622544761016e-05,4,266,66,332,0.6400346574246868,0.31868131868131866
1780,3668,0,0,0.0011624430682612716,4,266,66,332,0.6400346574246868,0.31868131868131866
1781,3673,0,0,0.0013593380701234458,4,266,66,332,0.6400346574246868,0.31868131868131866
1782,3685,0,0,0.001795631129089568,4,266,66,332,0.6400346574246868,0.31868131868131866
1783,3743,0,0,0.0002618975281120965,4,266,66,332,0.6400346574246868,0.31868131868131866
1784,3745,0,0,3.29497725596628e-05,4,266,66,332,0.6400346574246868,0.31868131868131866
1785,3748,0,0,0.0005932710410451109,4,266,66,332,0.6400346574246868,0.31868131868131866
1786,3777,0,0,7.237592136779248e-05,4,266,66,332,0.6400346574246868,0.31868131868131866
1787,3798,0,1,0.7498686165974341,4,266,67,333,0.6358438495105555,0.31868131868131866
1788,3889,0,0,1.007308657569155e-05,4,266,67,333,0.6358438495105555,0.31868131868131866
1789,3972,0,0,0.009735356899812442,4,266,67,333,0.6358438495105555,0.31868131868131866
1790,3977,0,0,0.0001406419432905114,4,266,67,333,0.6358438495105555,0.31868131868131866
1791,4003,0,0,7.072217270772685e-05,4,266,67,333,0.6358438495105555,0.31868131868131866
1792,4007,0,0,4.488956534538138e-05,4,266,67,333,0.6358438495105555,0.31868131868131866
1793,4048,0,0,0.0011063330242440132,4,266,67,333,0.6358438495105555,0.31868131868131866
1794,4124,0,0,0.3723463794491163,4,266,67,333,0.6358438495105555,0.31868131868131866
1795,4185,0,0,0.001449973831095359,4,266,67,333,0.6358438495105555,0.31868131868131866
1796,4204,0,0,0.010560704067212025,4,266,67,333,0.6358438495105555,0.31868131868131866
1797,4205,0,0,9.083376358075422e-05,4,266,67,333,0.6358438495105555,0.31868131868131866
1798,4250,0,0,6.436409814347347e-05,4,266,67,333,0.6358438495105555,0.31868131868131866
1799,4253,0,0,0.010991246329277416,5,266,67,333,0.6358438495105555,0.31868131868131866
1800,4265,0,0,5.565744794556151e-05,5,266,67,333,0.6358438495105555,0.31868131868131866
1801,4271,0,0,0.011794037674735408,5,266,67,333,0.6358438495105555,0.31868131868131866
1802,4292,0,0,0.00016563882300770603,5,266,67,333,0.6358438495105555,0.31868131868131866
1803,4305,0,0,0.00036090977457441727,5,266,67,333,0.6358438495105555,0.31868131868131866
1804,4310,0,0,0.011607862164442305,5,266,67,333,0.6358438495105555,0.31868131868131866
1805,4345,0,0,0.011609902055937954,5,266,67,333,0.6358438495105555,0.31868131868131866
1806,4374,0,0,0.0003195324841281577,5,266,67,333,0.6358438495105555,0.31868131868131866
1807,4385,0,0,0.01471147523013679,5,266,67,333,0.6358438495105555,0.31868131868131866
1808,4390,0,0,9.104782661215902e-05,5,266,67,333,0.6358438495105555,0.31868131868131866
1809,4394,0,1,0.6870194480067069,5,266,68,334,0.631664758885856,0.31868131868131866
1810,4402,0,0,0.0006371139299512826,5,266,68,334,0.631664758885856,0.31868131868131866
1811,4441,0,0,0.00012830873521067177,5,266,68,334,0.631664758885856,0.31868131868131866
1812,4477,0,0,4.220315287675181e-05,5,266,68,334,0.631664758885856,0.31868131868131866
1813,4569,0,0,0.002372293499732061,5,266,68,334,0.631664758885856,0.31868131868131866
1814,4570,0,0,5.29007272026105e-06,5,266,68,334,0.631664758885856,0.31868131868131866
1815,4575,0,0,0.02573001803812156,5,266,68,334,0.631664758885856,0.31868131868131866
1816,4603,0,0,7.637394345416852e-05,5,266,68,334,0.631664758885856,0.31868131868131866
1817,4605,0,0,2.0121145175820102e-05,5,266,68,334,0.631664758885856,0.31868131868131866
1818,4612,0,0,1.0100382716941152e-06,5,266,68,334,0.631664758885856,0.31868131868131866
1819,4668,0,0,0.02751920190800998,5,266,68,334,0.631664758885856,0.31868131868131866
1820,4702,0,0,2.3448558083191696e-05,5,266,68,334,0.631664758885856,0.31868131868131866
1821,4704,0,0,0.00034560195874753244,5,266,68,334,0.631664758885856,0.31868131868131866
1822,4738,0,0,0.00038504801139982697,5,266,68,334,0.631664758885856,0.31868131868131866
1823,4795,0,0,2.8129193472829728e-05,5,266,68,334,0.631664758885856,0.31868131868131866
1824,4915,0,0,0.0006424664351374445,5,266,68,334,0.631664758885856,0.31868131868131866
1825,4971,0,0,2.4563052414697828e-05,5,266,68,334,0.631664758885856,0.31868131868131866
1826,4985,0,0,3.6515470739001685e-05,5,266,68,334,0.631664758885856,0.31868131868131866
1827,4986,0,0,0.0014247088276652337,5,266,68,334,0.631664758885856,0.31868131868131866
1828,4987,0,0,4.252081983305095e-05,5,266,68,334,0.631664758885856,0.31868131868131866
1829,4997,0,0,5.496123690250724e-05,5,266,68,334,0.631664758885856,0.31868131868131866
1830,20,1,1,0.9863311225979573,5,266,68,334,0.6331636363636364,0.32608695652173914
1831,24,1,1,0.9843502448827879,5,266,68,334,0.6346269216347956,0.3333333333333333
1832,53,1,0,0.0014188885070445928,5,267,68,335,0.6290533088235294,0.32978723404255317
1833,89,1,0,0.014078412113995391,5,268,68,336,0.623497525672931,0.3263157894736842
1834,104,1,1,0.9788287220125388,5,268,68,336,0.6249870881693578,0.3333333333333333
1835,136,1,1,0.9997747585773084,5,268,68,336,0.6264444819914956,0.3402061855670103
1836,166,1,1,0.985557306484377,5,268,68,336,0.6278714185883998,0.3469387755102041
1837,168,1,1,0.9999934294652931,5,268,68,336,0.6292695179151286,0.35353535353535354
1838,199,1,0,0.0009669454749929194,5,269,68,337,0.6238521960393849,0.35
1839,206,1,1,0.9830751062009144,5,269,68,337,0.6252527472527473,0.3564356435643564
1840,240,1,1,0.9926095930406035,5,269,68,337,0.6266273610656186,0.3627450980392157
1841,260,1,0,0.0006358379905457276,5,270,68,338,0.6212894887213953,0.3592233009708738
1842,273,1,1,0.998554320382127,5,270,68,338,0.6226693711967546,0.36538461538461536
1843,278,1,1,0.8902954307337727,5,270,68,338,0.624025974025974,0.37142857142857144
1844,284,1,1,0.7683503566022429,5,270,68,338,0.6253605711382657,0.37735849056603776
1845,395,1,0,0.18510445738097975,5,271,68,339,0.6201333333333333,0.37383177570093457
1846,397,1,0,0.01918424848068311,5,272,68,340,0.61492805659725,0.37037037037037035
1847,415,1,0,0.20038836888239897,5,273,68,341,0.61492805659725,0.37037037037037035
1848,428,1,0,0.029240258432794895,5,274,68,342,0.61492805659725,0.37037037037037035
1849,431,1,1,0.9837363238205704,5,274,68,342,0.6214770797962649,0.37962962962962965
1850,500,1,1,0.9993376950815599,5,274,68,342,0.6279685639437962,0.3888888888888889
1851,552,1,1,0.8176105552340364,5,274,68,342,0.6279685639437962,0.3888888888888889
1852,615,1,1,0.7121626648335362,5,274,68,342,0.6344039700137262,0.39814814814814814
1853,645,1,1,0.999167757637753,5,274,68,342,0.6407847267939434,0.4074074074074074
1854,656,1,0,0.002531091984322996,5,275,68,343,0.6407847267939434,0.4074074074074074
1855,716,1,1,0.9987991234144226,5,275,68,343,0.6471122320302648,0.4166666666666667
1856,744,1,1,0.9995435737221404,5,275,68,343,0.6533878535293964,0.42592592592592593
1857,851,1,1,0.9890239319357698,5,275,68,343,0.6596129302228266,0.4351851851851852
1858,871,1,1,0.9988527043169259,5,275,68,343,0.665788773193455,0.4444444444444444
1859,908,1,1,0.9945475984245633,5,275,68,343,0.6719166666666666,0.4537037037037037
1860,910,1,1,0.9945177953621652,5,275,68,343,0.6779978689674887,0.46296296296296297
1861,912,1,1,0.712012712581204,5,275,68,343,0.6840336134453782,0.4722222222222222
1862,933,1,1,0.8150400770515169,5,275,68,343,0.690025109368124,0.48148148148148145
1863,943,1,1,0.7081560724514273,5,275,68,343,0.6959735427862753,0.49074074074074076
1864,957,1,1,0.9991723042117919,5,275,68,343,0.6959735427862753,0.49074074074074076
1865,1014,1,1,0.7807242709924981,5,275,68,343,0.701880077369439,0.5
1866,1016,1,1,0.9226931416524946,5,275,68,343,0.7077458552157347,0.5092592592592593
1867,1019,1,0,0.0011849133382029113,5,276,68,344,0.701880077369439,0.5
1868,1097,1,0,0.23141310063194512,5,277,68,345,0.6959735427862753,0.49074074074074076
1869,1112,1,1,0.8490226196231417,5,277,68,345,0.701880077369439,0.5
1870,1117,1,1,0.9890217232854923,5,277,68,345,0.7077458552157347,0.5092592592592593
1871,1131,1,0,0.0008488263213715598,5,278,68,346,0.701880077369439,0.5
1872,1195,1,0,0.07941032720585077,5,279,68,347,0.6959735427862753,0.49074074074074076
1873,1202,1,0,0.419373937966258,5,280,68,348,0.6959735427862753,0.49074074074074076
1874,1238,1,1,0.9985496998342709,5,280,68,348,0.701880077369439,0.5
1875,1249,1,0,0.005590861036774922,5,281,68,349,0.701880077369439,0.5
1876,1271,1,0,0.023085178385885117,5,282,68,350,0.701880077369439,0.5
1877,1326,1,1,0.9975776794981793,5,282,68,350,0.7077458552157347,0.5092592592592593
1878,1380,1,0,9.98762141872037e-06,5,283,68,351,0.701880077369439,0.5
1879,1438,1,0,2.797980350482349e-05,5,284,68,352,0.701880077369439,0.5
1880,1472,1,1,0.616384619980007,5,284,68,352,0.701880077369439,0.5
1881,1497,1,1,0.6124865460170187,5,284,68,352,0.7077458552157347,0.5092592592592593
1882,1509,1,0,0.4383226786020357,5,285,68,353,0.701880077369439,0.5
1883,1535,1,1,0.9771445208238277,5,285,68,353,0.7077458552157347,0.5092592592592593
1884,1553,1,0,0.44477309924475833,5,286,68,354,0.701880077369439,0.5
1885,1579,1,1,0.999798824196252,5,286,68,354,0.7077458552157347,0.5092592592592593
1886,1589,1,1,0.9483150437333233,5,286,68,354,0.7135719976356301,0.5185185185185185
1887,1610,1,0,1.96513099799765e-05,5,287,68,355,0.7135719976356301,0.5185185185185185
1888,1754,1,0,0.0010358085473322078,5,288,68,356,0.7135719976356301,0.5185185185185185
1889,1786,1,0,0.027699921822040275,5,289,68,357,0.7077458552157347,0.5092592592592593
1890,1802,1,1,0.9939869884600353,5,289,68,357,0.7135719976356301,0.5185185185185185
1891,1824,1,1,0.9988090634839946,5,289,68,357,0.7135719976356301,0.5185185185185185
1892,1832,1,1,0.7116916392888839,5,289,68,357,0.7135719976356301,0.5185185185185185
1893,1842,1,0,0.038750643668746844,5,290,68,358,0.7135719976356301,0.5185185185185185
1894,1850,1,0,0.0006358379905457276,5,291,68,359,0.7135719976356301,0.5185185185185185
1895,1870,1,1,0.9993804065134936,5,291,68,359,0.7193596059113301,0.5277777777777778
1896,1892,1,0,0.0005090902795262263,5,292,68,360,0.7135719976356301,0.5185185185185185
1897,1911,1,1,0.7119342834048369,5,292,68,360,0.7193596059113301,0.5277777777777778
1898,1917,1,0,0.0012146328548469651,5,293,68,361,0.7193596059113301,0.5277777777777778
1899,1931,1,1,0.9999633405320798,5,293,68,361,0.7193596059113301,0.5277777777777778
1900,2027,1,0,0.0012146328548469651,5,294,68,362,0.7135719976356301,0.5185185185185185
1901,2040,1,0,0.0010481937422572051,5,295,68,363,0.7135719976356301,0.5185185185185185
1902,2122,1,1,0.9966571735186892,5,295,68,363,0.7135719976356301,0.5185185185185185
1903,2146,1,0,0.008452802696907933,5,296,68,364,0.7135719976356301,0.5185185185185185
1904,2167,1,1,0.9988675233059368,5,296,68,364,0.7135719976356301,0.5185185185185185
1905,2187,1,1,0.7682498145096912,5,296,68,364,0.7193596059113301,0.5277777777777778
1906,2197,1,1,0.985632302255354,5,296,68,364,0.7251097620328388,0.5370370370370371
1907,2203,1,0,0.04283840652187309,5,297,68,365,0.7251097620328388,0.5370370370370371
1908,2275,1,0,3.4039706377868156e-05,5,298,68,366,0.7193596059113301,0.5277777777777778
1909,2302,1,0,0.03696834867874968,5,299,68,367,0.7193596059113301,0.5277777777777778
1910,2355,1,1,0.9951622165530128,5,299,68,367,0.7193596059113301,0.5277777777777778
1911,2357,1,1,0.9642865977039651,5,299,68,367,0.7251097620328388,0.5370370370370371
1912,2364,1,0,0.0037607532795969423,5,300,68,368,0.7251097620328388,0.5370370370370371
1913,2373,1,1,0.9769723010910554,5,300,68,368,0.7308235294117648,0.5462962962962963
1914,2404,1,1,0.9702427528427102,5,300,68,368,0.7308235294117648,0.5462962962962963
1915,2425,1,1,0.9969306316921949,5,300,68,368,0.7365019535738909,0.5555555555555556
1916,2429,1,0,0.005538144751646487,5,301,68,369,0.7308235294117648,0.5462962962962963
1917,2535,0,0,5.504724100157891e-05,5,301,68,369,0.7358879581956504,0.5514018691588785
1918,2550,0,1,0.9989204706756951,5,301,69,370,0.7362929378313993,0.5566037735849056
1919,2619,0,0,5.32228082862829e-05,5,301,69,370,0.7413793103448276,0.5619047619047619
1920,2690,0,0,7.395862835813343e-05,5,301,69,370,0.7408093914118011,0.5576923076923077
1921,2699,0,0,0.015791857326517115,5,301,69,370,0.7459329464861381,0.5631067961165048
1922,2752,0,0,0.00012729475661805723,5,301,69,370,0.7453790996867801,0.5588235294117647
1923,2757,0,0,0.00038182440780281236,5,301,69,370,0.7448189921775514,0.5544554455445545
1924,2814,0,0,0.00016017345880454758,5,301,69,370,0.75,0.56
1925,2839,0,0,0.00013632491646878655,5,301,69,370,0.7551937681045956,0.5656565656565656
1926,2866,0,0,0.00016394311368429017,5,301,69,370,0.7603996233915682,0.5714285714285714
1927,2945,0,0,0.00013256464306258056,5,301,69,370,0.7656168907761264,0.5773195876288659
1928,3052,0,1,0.9988303182475132,5,301,70,371,0.7661240858693088,0.5833333333333334
1929,3066,0,0,0.1456912024018277,5,301,70,371,0.7713535098781,0.5894736842105263
1930,3097,0,0,6.009975173288736e-05,5,301,70,371,0.7709175377468059,0.5851063829787234
1931,3163,0,0,5.060357412663364e-06,5,301,70,371,0.7704753820033956,0.5806451612903226
1932,3175,0,0,1.7314256926427236e-08,5,301,70,371,0.7757536104683634,0.5869565217391305
1933,3193,0,0,0.03818014604847443,5,301,70,371,0.7753247413032435,0.5824175824175825
1934,3238,0,0,4.002555675459906e-06,5,301,70,371,0.7806306306306307,0.5888888888888889
1935,3264,0,0,6.228781869788888e-05,5,301,70,371,0.785943642279046,0.5955056179775281
1936,3344,0,0,1.257047874106125e-05,5,301,70,371,0.7912630784165677,0.6022727272727273
1937,3385,0,0,0.01530333775706468,5,301,70,371,0.7908854166666667,0.5977011494252874
1938,3392,0,0,0.0038693516258394285,5,301,70,371,0.7908854166666667,0.5977011494252874
1939,3487,0,0,1.700006865500794e-05,5,301,70,371,0.7908854166666667,0.5977011494252874
1940,3511,0,0,2.950903404562627e-05,5,301,70,371,0.7908854166666667,0.5977011494252874
1941,3527,0,0,6.330229902545461e-06,5,301,70,371,0.7908854166666667,0.5977011494252874
1942,3536,0,0,0.00023986027322790452,5,301,70,371,0.7908854166666667,0.5977011494252874
1943,3547,0,0,0.0003400455518266979,5,301,70,371,0.7908854166666667,0.5977011494252874
1944,3580,0,0,0.0013792719936295608,5,301,70,371,0.7908854166666667,0.5977011494252874
1945,3620,0,0,0.00027890026449634643,5,301,70,371,0.7908854166666667,0.5977011494252874
1946,3676,0,0,0.000758776511886955,5,301,70,371,0.7908854166666667,0.5977011494252874
1947,3682,0,1,0.9242833142368699,5,301,71,372,0.786156862745098,0.5977011494252874
1948,3737,0,0,5.7772578289988915e-05,5,301,71,372,0.786156862745098,0.5977011494252874
1949,3810,0,0,2.6683862942251942e-05,5,301,71,372,0.786156862745098,0.5977011494252874
1950,3846,0,0,0.00016045043745205645,5,301,71,372,0.786156862745098,0.5977011494252874
1951,3848,0,0,0.0009894858386989246,5,301,71,372,0.786156862745098,0.5977011494252874
1952,3850,0,0,0.007045814559421769,5,301,71,372,0.786156862745098,0.5977011494252874
1953,3909,0,0,0.0013076997203265866,5,301,71,372,0.786156862745098,0.5977011494252874
1954,3940,0,0,1.6779294941415004e-05,5,301,71,372,0.786156862745098,0.5977011494252874
1955,4005,0,0,0.0005134759497207148,5,301,71,372,0.7908854166666667,0.5977011494252874
1956,4010,0,0,0.001159151410596626,5,301,71,372,0.7908854166666667,0.5977011494252874
1957,4032,0,0,0.0007818585544413351,5,301,71,372,0.7908854166666667,0.5977011494252874
1958,4078,0,0,0.0008108617489427961,5,301,71,372,0.7908854166666667,0.5977011494252874
1959,4111,0,0,0.00046417939122706637,5,301,71,372,0.7908854166666667,0.5977011494252874
1960,4121,0,0,0.20501173262495562,5,301,71,372,0.7908854166666667,0.5977011494252874
1961,4125,0,0,4.1726392061043746e-05,5,301,71,372,0.7908854166666667,0.5977011494252874
1962,4127,0,0,0.0005626328407014741,5,301,71,372,0.7908854166666667,0.5977011494252874
1963,4230,0,0,1.2812309487822203e-05,5,301,71,372,0.7908854166666667,0.5977011494252874
1964,4248,0,0,0.0012750766773193432,5,301,71,372,0.7908854166666667,0.5977011494252874
1965,4369,0,0,0.0019366537368009998,5,301,71,372,0.7908854166666667,0.5977011494252874
1966,4377,0,0,1.1366894895297855e-05,5,301,71,372,0.7908854166666667,0.5977011494252874
1967,4380,0,0,0.00032292017935411,5,301,71,372,0.7908854166666667,0.5977011494252874
1968,4460,0,0,0.00013529914429770073,5,301,71,372,0.7908854166666667,0.5977011494252874
1969,4490,0,0,6.3130103298404964e-06,5,301,71,372,0.7908854166666667,0.5977011494252874
1970,4590,0,0,0.1435872526799995,5,301,71,372,0.7908854166666667,0.5977011494252874
1971,4624,0,0,0.00017612011397213288,5,301,71,372,0.7908854166666667,0.5977011494252874
1972,4632,0,0,4.887776952931935e-05,5,301,71,372,0.7908854166666667,0.5977011494252874
1973,4642,0,0,6.884089845527381e-05,5,301,71,372,0.7908854166666667,0.5977011494252874
1974,4666,0,0,0.0006903685383464535,5,301,71,372,0.7908854166666667,0.5977011494252874
1975,4669,0,0,0.0036391962278901143,5,301,71,372,0.7908854166666667,0.5977011494252874
1976,4686,0,0,0.0006111091778515078,5,301,71,372,0.7908854166666667,0.5977011494252874
1977,4788,0,0,0.0005100606119877347,5,301,71,372,0.7908854166666667,0.5977011494252874
1978,4801,0,0,0.12921573936687636,5,301,71,372,0.7908854166666667,0.5977011494252874
1979,4815,0,0,0.05407934525053425,5,301,71,372,0.7908854166666667,0.5977011494252874
1980,4825,0,0,0.02388642588268388,5,301,71,372,0.7908854166666667,0.5977011494252874
1981,4872,0,0,0.0011432539777892698,5,301,71,372,0.7908854166666667,0.5977011494252874
1982,4882,0,0,0.0003481567099117075,5,301,71,372,0.7908854166666667,0.5977011494252874
1983,4926,0,0,0.00036039259024245963,5,301,71,372,0.7908854166666667,0.5977011494252874
1984,4981,0,0,5.424425152605573e-05,5,301,71,372,0.7908854166666667,0.5977011494252874
1985,9,1,1,0.9957324996449022,5,301,71,372,0.7912630784165677,0.6022727272727273
1986,11,1,1,0.999851421320259,5,301,71,372,0.7916344916344917,0.6067415730337079
1987,13,1,1,0.6256465590016576,5,301,71,372,0.796756597769994,0.6111111111111112
1988,21,1,1,0.996723349375596,5,301,71,372,0.7971219979254768,0.6153846153846154
1989,26,1,1,0.9960123928883305,5,301,71,372,0.7974819401444787,0.6195652173913043
1990,34,1,1,0.993467440017096,5,301,71,372,0.7978367346938776,0.6236559139784946
1991,37,1,0,0.00010319585886204404,5,302,71,373,0.7926019335855402,0.6170212765957447
1992,43,1,1,0.9999800063751764,5,302,71,373,0.7929699759389058,0.6210526315789474
1993,55,1,1,0.9986034987387106,5,302,71,373,0.7933333333333334,0.625
1994,59,1,0,0.2081860593162805,5,303,71,374,0.7881434028950857,0.6185567010309279
1995,66,1,0,0.0018252738989141246,5,304,71,375,0.7829629629629631,0.6122448979591837
1996,86,1,0,0.19512792610162677,5,305,71,376,0.7777927053402708,0.6060606060606061
1997,93,1,0,4.67780278657319e-05,5,306,71,377,0.7726333195535346,0.6
1998,97,1,1,0.9937224296046584,5,306,71,377,0.77306765523633,0.6039603960396039
1999,100,1,1,0.984315012669131,6,306,71,377,0.7734975369458128,0.6078431372549019
2000,114,1,1,0.9916558917803057,6,306,71,377,0.7739232736572891,0.6116504854368932
2001,115,1,0,0.047842829355800316,6,307,71,378,0.7688347506320387,0.6057692307692307
2002,118,1,0,0.43910400363836155,6,308,71,379,0.7637596899224807,0.6
2003,121,1,1,0.988051674139293,6,308,71,379,0.7642213406571051,0.6037735849056604
2004,127,1,1,0.9999002045653085,6,308,71,379,0.764679383116883,0.6074766355140186
2005,133,1,1,0.9998119024806393,6,308,71,379,0.7651341228869319,0.6111111111111112
2006,151,1,0,0.049764695251132314,6,309,71,380,0.7601347354584291,0.6055045871559633
2007,156,1,0,0.011999425681771956,6,310,71,381,0.7551515151515151,0.6
2008,183,1,0,0.13067118274151426,6,311,71,382,0.7501851711698074,0.5945945945945946
2009,187,1,1,0.9822313182463415,6,311,71,382,0.7554269583627382,0.5982142857142857
2010,190,1,0,0.46822467249413974,6,312,71,383,0.7504900405429227,0.5929203539823009
2011,224,1,1,0.9788973563209413,6,312,71,383,0.7510270270270272,0.5964912280701754
2012,234,1,1,0.9993746663449093,6,312,71,383,0.7515615977504959,0.6
2013,256,1,1,0.9946498471392013,6,312,71,383,0.752094084605933,0.603448275862069
2014,296,1,1,0.9888878783380367,6,312,71,383,0.7526248152508831,0.6068376068376068
2015,298,1,1,0.9992278709494963,6,312,71,383,0.753154113789392,0.6101694915254238
2016,299,1,1,0.997398684515483,6,312,71,383,0.753682301438399,0.6134453781512605
2017,305,1,0,0.0014579954481465744,6,313,71,384,0.7488995598239296,0.6083333333333333
2018,309,1,0,0.06842522376125232,6,314,71,385,0.744139181315796,0.6033057851239669
2019,314,1,0,0.03522771494600264,6,315,71,386,0.7394019401940194,0.5983606557377049
2020,317,1,0,0.18766928452258566,6,316,71,387,0.7346886172154303,0.5934959349593496
2021,320,1,1,0.9983829644760812,6,316,71,387,0.7353113827845696,0.5967741935483871
2022,321,1,1,0.9985986472334778,6,316,71,387,0.7359343352254257,0.6
2023,338,1,1,0.9990326157683508,6,316,71,387,0.7365578486554096,0.6031746031746031
2024,355,1,1,0.9987286376623619,6,316,71,387,0.7371822983154364,0.6062992125984252
2025,369,1,0,0.17910098789100057,6,317,71,388,0.7325961538461538,0.6015625
2026,370,1,0,0.17118083651929736,6,318,71,389,0.7280380270046846,0.5968992248062015
2027,373,1,1,0.9558478900132727,6,318,71,389,0.728716868527295,0.6
2028,380,1,1,0.9988141840052572,6,318,71,389,0.729397956365645,0.6030534351145038
2029,413,1,0,0.013726639229288063,6,319,71,390,0.7249241282283188,0.5984848484848485
2030,422,1,0,0.3343484304601086,6,320,71,391,0.7197439180537772,0.5909090909090909
2031,433,1,1,0.9995583561233035,6,320,71,391,0.7197439180537772,0.5909090909090909
2032,436,1,1,0.9999895526623772,6,320,71,391,0.7249241282283188,0.5984848484848485
2033,438,1,1,0.995719366017877,6,320,71,391,0.7300817096165935,0.6060606060606061
2034,439,1,1,0.9555289671906926,6,320,71,391,0.7300817096165935,0.6060606060606061
2035,442,1,1,0.9997941135795475,6,320,71,391,0.7300817096165935,0.6060606060606061
2036,446,1,0,0.05454135354755882,6,321,71,392,0.7249241282283188,0.5984848484848485
2037,448,1,0,0.4655616415821037,6,322,71,393,0.7197439180537772,0.5909090909090909
2038,479,1,1,0.9875939979472939,6,322,71,393,0.7249241282283188,0.5984848484848485
2039,481,1,0,0.015025792840567669,6,323,71,394,0.7197439180537772,0.5909090909090909
2040,486,1,1,0.995308272141745,6,323,71,394,0.7197439180537772,0.5909090909090909
2041,501,1,1,0.9983967009475745,6,323,71,394,0.7249241282283188,0.5984848484848485
2042,502,1,1,0.9999758889487159,6,323,71,394,0.7249241282283188,0.5984848484848485
2043,508,1,1,0.9554909733229897,6,323,71,394,0.7249241282283188,0.5984848484848485
2044,511,1,1,0.9948442356416877,6,323,71,394,0.7249241282283188,0.5984848484848485
2045,513,1,0,0.0003189028808048458,6,324,71,395,0.7249241282283188,0.5984848484848485
2046,517,1,1,0.9955792133423736,6,324,71,395,0.7300817096165935,0.6060606060606061
2047,518,1,0,0.3373978367779694,6,325,71,396,0.7300817096165935,0.6060606060606061
2048,524,1,0,0.22217781193870703,6,326,71,397,0.7300817096165935,0.6060606060606061
2049,535,1,1,0.958272023091659,6,326,71,397,0.7300817096165935,0.6060606060606061
2050,538,1,1,0.9982079532449903,6,326,71,397,0.7300817096165935,0.6060606060606061
2051,573,1,1,0.8910187994359692,6,326,71,397,0.7300817096165935,0.6060606060606061
2052,584,1,0,0.006747243956247313,6,327,71,398,0.7249241282283188,0.5984848484848485
2053,592,1,1,0.7858131657804494,6,327,71,398,0.7249241282283188,0.5984848484848485
2054,595,1,1,0.9989711494350184,6,327,71,398,0.7300817096165935,0.6060606060606061
2055,600,1,1,0.9987585152173087,6,327,71,398,0.7300817096165935,0.6060606060606061
2056,610,1,1,0.9633621580900625,6,327,71,398,0.7300817096165935,0.6060606060606061
2057,617,1,0,0.003660727114535535,6,328,71,399,0.7249241282283188,0.5984848484848485
2058,627,1,0,0.05788114633974344,6,329,71,400,0.7197439180537772,0.5909090909090909
2059,629,1,0,0.0013058503893081822,6,330,71,401,0.7145403452428744,0.5833333333333334
2060,640,1,1,0.9995808458080742,6,330,71,401,0.7145403452428744,0.5833333333333334
2061,668,1,0,0.06842522376125232,6,331,71,402,0.7093126708292584,0.5757575757575758
2062,670,1,1,0.9831737922839027,6,331,71,402,0.7093126708292584,0.5757575757575758
2063,684,1,1,0.9983082844030365,6,331,71,402,0.7093126708292584,0.5757575757575758
2064,693,1,1,0.995860719639435,6,331,71,402,0.7093126708292584,0.5757575757575758
2065,710,1,1,0.9977505882467117,6,331,71,402,0.7093126708292584,0.5757575757575758
2066,713,1,0,0.05307538589418274,6,332,71,403,0.7040601503759398,0.5681818181818182
2067,723,1,1,0.9996879943425853,6,332,71,403,0.7093126708292584,0.5757575757575758
2068,728,1,0,0.0002299425403986207,6,333,71,404,0.7093126708292584,0.5757575757575758
2069,743,1,1,0.9866836068009882,6,333,71,404,0.7093126708292584,0.5757575757575758
2070,745,1,0,0.3147913632802052,6,334,71,405,0.7040601503759398,0.5681818181818182
2071,748,1,1,0.9984963984031473,6,334,71,405,0.7093126708292584,0.5757575757575758
2072,750,1,0,0.3557825530212478,6,335,71,406,0.7093126708292584,0.5757575757575758
2073,754,1,1,0.8184914586430897,6,335,71,406,0.7145403452428744,0.5833333333333334
2074,755,1,1,0.6142407877087989,6,335,71,406,0.7145403452428744,0.5833333333333334
2075,757,1,0,0.04267019347617816,6,336,71,407,0.7145403452428744,0.5833333333333334
2076,760,1,0,0.16843568267289102,6,337,71,408,0.7145403452428744,0.5833333333333334
2077,763,1,1,0.8307197239714141,6,337,71,408,0.7145403452428744,0.5833333333333334
2078,783,1,1,0.9993919396910149,6,337,71,408,0.7197439180537772,0.5909090909090909
2079,800,1,1,0.9974488005056611,6,337,71,408,0.7249241282283188,0.5984848484848485
2080,816,1,0,0.3251216623305866,6,338,71,409,0.7197439180537772,0.5909090909090909
2081,817,1,1,0.9923596012805077,6,338,71,409,0.7197439180537772,0.5909090909090909
2082,824,1,1,0.9947175361950129,6,338,71,409,0.7249241282283188,0.5984848484848485
2083,825,1,1,0.9987394433769046,6,338,71,409,0.7249241282283188,0.5984848484848485
2084,826,1,0,0.1881882036750272,6,339,71,410,0.7249241282283188,0.5984848484848485
2085,838,1,1,0.9996956602961723,6,339,71,410,0.7249241282283188,0.5984848484848485
2086,847,1,0,0.05665151477067719,6,340,71,411,0.7197439180537772,0.5909090909090909
2087,848,1,1,0.86780137391812,6,340,71,411,0.7249241282283188,0.5984848484848485
2088,872,1,1,0.9994411560788691,6,340,71,411,0.7300817096165935,0.6060606060606061
2089,873,1,1,0.9955502507474074,6,340,71,411,0.7352173913043478,0.6136363636363636
2090,877,1,1,0.9987341097601837,6,340,71,411,0.7352173913043478,0.6136363636363636
2091,882,1,1,0.9958156365611514,6,340,71,411,0.7352173913043478,0.6136363636363636
2092,885,1,1,0.9999197065881801,6,340,71,411,0.7352173913043478,0.6136363636363636
2093,901,1,0,0.056820766911854066,6,341,71,412,0.7352173913043478,0.6136363636363636
2094,902,1,1,0.9980439815860884,6,341,71,412,0.7403318979627811,0.6212121212121212
2095,903,1,0,0.004963220240955165,6,342,71,413,0.7352173913043478,0.6136363636363636
2096,904,1,1,0.9999894802733634,6,342,71,413,0.7403318979627811,0.6212121212121212
2097,911,1,1,0.9948212735531509,6,342,71,413,0.7403318979627811,0.6212121212121212
2098,913,1,1,0.993801882147209,6,342,71,413,0.7454259501965924,0.6287878787878788
2099,916,1,0,0.07174525659799506,6,343,71,414,0.7403318979627811,0.6212121212121212
2100,920,1,1,0.7198434455880617,6,343,71,414,0.7454259501965924,0.6287878787878788
2101,923,1,1,0.9969365663647011,6,343,71,414,0.7505002648906379,0.6363636363636364
2102,950,1,1,0.9982329127805779,6,343,71,414,0.7505002648906379,0.6363636363636364
2103,995,1,0,0.3119477398143192,6,344,71,415,0.7505002648906379,0.6363636363636364
2104,1004,1,1,0.8071867293411555,6,344,71,415,0.7505002648906379,0.6363636363636364
2105,1022,1,1,0.9977249512591483,6,344,71,415,0.7505002648906379,0.6363636363636364
2106,1023,1,1,0.9995068341349195,6,344,71,415,0.7505002648906379,0.6363636363636364
2107,1025,1,1,0.9996084310550941,6,344,71,415,0.7555555555555555,0.6439393939393939
2108,1037,1,1,0.9999841864706379,6,344,71,415,0.7605925326727168,0.6515151515151515
2109,1054,1,1,0.9982567847836428,6,344,71,415,0.7656119040388703,0.6590909090909091
2110,1058,1,0,0.00707086658733553,6,345,71,416,0.7605925326727168,0.6515151515151515
2111,1087,1,1,0.9051173786034555,6,345,71,416,0.7605925326727168,0.6515151515151515
2112,1093,1,1,0.5335041153346414,6,345,71,416,0.7656119040388703,0.6590909090909091
2113,1107,1,0,0.0004814863441678762,6,346,71,417,0.7605925326727168,0.6515151515151515
2114,1108,1,1,0.9995511406470884,6,346,71,417,0.7605925326727168,0.6515151515151515
2115,1109,1,1,0.9923007027161549,6,346,71,417,0.7605925326727168,0.6515151515151515
2116,1115,1,1,0.9982114537944179,6,346,71,417,0.7656119040388703,0.6590909090909091
2117,1120,1,0,0.020938878542169772,6,347,71,418,0.7611388107724659,0.6541353383458647
2118,1127,1,0,0.04345829053082683,6,348,71,419,0.7614243368549062,0.6492537313432836
2119,1128,1,1,0.9995169192705252,6,348,71,419,0.762,0.6518518518518519
2120,1129,1,1,0.992208559912744,6,348,71,419,0.762580020880548,0.6544117647058824
2121,1137,1,1,0.9991861146503486,6,348,71,419,0.7631647897035164,0.656934306569343
2122,1144,1,0,0.1539161274685949,6,349,71,420,0.7588235294117647,0.6521739130434783
2123,1153,1,1,0.923719852761238,6,349,71,420,0.7594417077175697,0.6546762589928058
2124,1155,1,0,0.43620642663959824,6,350,71,421,0.7551643494127624,0.65
2125,1182,1,1,0.9985478151998115,6,350,71,421,0.7558181818181819,0.6524822695035462
2126,1185,1,1,0.9918405608196718,6,350,71,421,0.7564789935543993,0.6549295774647887
2127,1190,1,0,0.05923446535222994,6,351,71,422,0.7523000311235606,0.6503496503496503
2128,1209,1,1,0.9998602097560312,6,351,71,422,0.7576641804620704,0.6527777777777778
2129,1213,1,1,0.9872867490017622,6,351,71,422,0.7583692163156658,0.6551724137931034
2130,1221,1,1,0.9970810206287053,6,351,71,422,0.7590831170873633,0.6575342465753424
2131,1231,1,1,0.9980533784568264,6,351,71,422,0.7598064516129032,0.6598639455782312
2132,1235,1,1,0.9991207438223484,6,351,71,422,0.7605398110661268,0.6621621621621622
2133,1246,1,1,0.9903031447813179,6,351,71,422,0.7612838107396473,0.6644295302013423
2134,1253,1,0,0.008166813788927342,6,352,71,423,0.7573333333333333,0.66
2135,1257,1,1,0.9995335336428486,6,352,71,423,0.7581252681252681,0.6622516556291391
2136,1266,1,0,0.009477362640106776,6,353,71,424,0.7542599015890942,0.6578947368421053
2137,1291,1,1,0.9995261945209817,6,353,71,424,0.7551034482758621,0.6601307189542484
2138,1297,1,1,0.9994383895463954,6,353,71,424,0.7559614704361786,0.6623376623376623
2139,1299,1,1,0.9975322851802498,6,353,71,424,0.75683479832416,0.6645161290322581
2140,1301,1,1,0.9963908694505049,6,353,71,424,0.757724303315968,0.6666666666666666
2141,1315,1,0,0.1167245486276008,6,354,71,425,0.7540756720876203,0.6624203821656051
2142,1318,1,0,0.05244749354419192,6,355,71,426,0.7504843051816491,0.6582278481012658
2143,1328,1,0,0.033200374569874236,6,356,71,427,0.7469518716577539,0.6540880503144654
2144,1336,1,1,0.9952164092960204,6,356,71,427,0.7479968578161822,0.65625
2145,1337,1,1,0.9997745038811588,6,356,71,427,0.7490637720488467,0.6583850931677019
2146,1340,1,0,0.053075385894182675,6,357,71,428,0.7456925565424671,0.654320987654321
2147,1352,1,1,0.9979566260634418,6,357,71,428,0.7512706552706553,0.656441717791411
2148,1368,1,0,0.04235989304384702,6,358,71,429,0.7479927915558225,0.6524390243902439
2149,1378,1,1,0.9741574881625883,6,358,71,429,0.7492039456606385,0.6545454545454545
2150,1387,1,0,0.06666158433414134,6,359,71,430,0.7460526010890974,0.6506024096385542
2151,1403,1,1,0.9976410078300602,6,359,71,430,0.7473515661524077,0.6526946107784432
2152,1408,1,1,0.8618764251908931,6,359,71,430,0.748682627668357,0.6547619047619048
2153,1409,1,0,0.243546071257225,6,360,71,431,0.7457297313309045,0.650887573964497
2154,1417,1,1,0.9947478832348177,6,360,71,431,0.7471605012111607,0.6529411764705882
2155,1450,1,1,0.9963428217388697,6,360,71,431,0.7486294584881158,0.6549707602339181
2156,1470,1,0,0.0011038981585234152,6,361,71,432,0.7458960660514813,0.6511627906976745
2157,1496,1,1,0.9956197903440955,6,361,71,432,0.7474788369525212,0.653179190751445
2158,1502,1,1,0.9955577405719074,6,361,71,432,0.749107142857143,0.6551724137931034
2159,1512,1,0,0.059058090215677414,6,362,71,433,0.7466177249914274,0.6514285714285715
2160,1515,1,1,0.9998419769280515,6,362,71,433,0.7483766827453576,0.6534090909090909
2161,1518,1,1,0.9992316465830854,6,362,71,433,0.7501901055787694,0.655367231638418
2162,1523,1,1,0.5109237163375802,6,362,71,433,0.7520613397901533,0.6573033707865169
2163,1528,1,0,4.942799373637995e-05,6,363,71,434,0.74993762993763,0.6536312849162011
2164,1540,1,1,0.9968591127259354,6,363,71,434,0.7519673641268588,0.6555555555555556
2165,1559,1,0,0.17068302719462375,6,364,71,435,0.7500569555283287,0.6519337016574586
2166,1592,1,1,0.9901278205262504,6,364,71,435,0.7522621564482028,0.6538461538461539
2167,1599,1,1,0.9960554511223322,6,364,71,435,0.7545462896805144,0.6557377049180327
2168,1604,1,1,0.999478011977278,6,364,71,435,0.7569145815358067,0.657608695652174
2169,1605,1,1,0.9981991282114474,6,364,71,435,0.7593727014815593,0.6594594594594595
2170,1631,1,0,0.06343530253833392,6,365,71,436,0.7580575945793337,0.6559139784946236
2171,1655,1,1,0.997681778808498,6,365,71,436,0.7607455197132618,0.6577540106951871
2172,1658,1,1,0.9995128757889359,6,365,71,436,0.7635431235431236,0.6595744680851063
2173,1660,1,1,0.9886411007853677,6,365,71,436,0.7664583024737077,0.6613756613756614
2174,1670,1,1,0.9726198325923694,6,365,71,436,0.7694996986136227,0.6631578947368421
2175,1673,1,1,0.9977872857008504,6,365,71,436,0.7726767909188526,0.6649214659685864
2176,1674,1,1,0.9774503261257049,6,365,71,436,0.7760000000000001,0.6666666666666666
2177,1688,1,1,0.9986327279902211,6,365,71,436,0.7794808090460263,0.6683937823834197
2178,1689,1,1,0.9880790380280299,6,365,71,436,0.7831319038336582,0.6701030927835051
2179,1709,1,1,0.9305033912110003,6,365,71,436,0.7869673354335931,0.6717948717948717
2180,1715,1,1,0.9958548694662315,6,365,71,436,0.7910027100271004,0.673469387755102
2181,1730,1,1,0.9918695826438668,6,365,71,436,0.7952554112554112,0.6751269035532995
2182,1736,1,1,0.9990210795119184,6,365,71,436,0.7997448618001418,0.6767676767676768
2183,1758,1,1,0.9916475077157892,6,365,71,436,0.8044928325167846,0.678391959798995
2184,1771,1,1,0.9992458680657287,6,365,71,436,0.8095238095238095,0.68
2185,1800,1,1,0.6571650801712351,6,365,71,436,0.8095238095238095,0.68
2186,1801,1,1,0.9969373935141073,6,365,71,436,0.8095238095238095,0.68
2187,1829,1,0,2.3028822314088943e-05,6,366,71,437,0.8059701492537313,0.675
2188,1831,1,1,0.9988001227800659,6,366,71,437,0.8059701492537313,0.675
2189,1836,1,1,0.9970497870752862,6,366,71,437,0.8059701492537313,0.675
2190,1840,1,1,0.9737745853238582,6,366,71,437,0.8059701492537313,0.675
2191,1843,1,1,0.9955457812049002,6,366,71,437,0.8095238095238095,0.68
2192,1845,1,1,0.9786054012508913,6,366,71,437,0.8095238095238095,0.68
2193,1852,1,0,0.0003456877195522506,6,367,71,438,0.8059701492537313,0.675
2194,1854,1,0,0.25437149548586885,6,368,71,439,0.8059701492537313,0.675
2195,1855,1,1,0.9437813264274553,6,368,71,439,0.8095238095238095,0.68
2196,1864,1,0,0.0008483936439071965,6,369,71,440,0.8095238095238095,0.68
2197,1872,1,1,0.925816129466244,6,369,71,440,0.8130563798219584,0.685
2198,1879,1,1,0.8406495511531413,6,369,71,440,0.8130563798219584,0.685
2199,1903,1,0,0.0933069104649042,7,370,71,441,0.8095238095238095,0.68
2200,1909,1,1,0.9947895700380868,7,370,71,441,0.8095238095238095,0.68
2201,1914,1,0,0.046652026240569355,7,371,71,442,0.8095238095238095,0.68
2202,1915,1,0,0.015215365843502159,7,372,71,443,0.8095238095238095,0.68
2203,1928,1,1,0.856812664305047,7,372,71,443,0.8095238095238095,0.68
2204,1929,1,1,0.9995274218372309,7,372,71,443,0.8095238095238095,0.68
2205,1937,1,1,0.6420614101146336,7,372,71,443,0.8095238095238095,0.68
2206,1942,1,1,0.9710663271928714,7,372,71,443,0.8130563798219584,0.685
2207,1947,1,1,0.73375595097056,7,372,71,443,0.8165680473372781,0.69
2208,1948,1,1,0.9999853054696093,7,372,71,443,0.8200589970501475,0.695
2209,1959,1,1,0.9723133925644787,7,372,71,443,0.8200589970501475,0.695
2210,1996,1,1,0.9773510681069595,7,372,71,443,0.8235294117647058,0.7
2211,2004,1,0,0.08759145238513662,7,373,71,444,0.8200589970501475,0.695
2212,2009,1,1,0.9847173113356716,7,373,71,444,0.8200589970501475,0.695
2213,2025,1,0,0.22555940174536757,7,374,71,445,0.8165680473372781,0.69
2214,2041,1,1,0.9994988514580269,7,374,71,445,0.8165680473372781,0.69
2215,2042,1,1,0.9974622881835502,7,374,71,445,0.8165680473372781,0.69
2216,2046,1,0,0.1000907729926831,7,375,71,446,0.8130563798219584,0.685
2217,2056,1,1,0.9985745021958391,7,375,71,446,0.8165680473372781,0.69
2218,2087,1,1,0.9970050114059876,7,375,71,446,0.8200589970501475,0.695
2219,2113,1,1,0.9989690820913631,7,375,71,446,0.8235294117647058,0.7
2220,2115,1,1,0.9983993875920213,7,375,71,446,0.8269794721407625,0.705
2221,2135,1,0,0.008731835464474477,7,376,71,447,0.8235294117647058,0.7
2222,2151,1,1,0.9969383878143881,7,376,71,447,0.8235294117647058,0.7
2223,2160,1,1,0.9996307004829619,7,376,71,447,0.8235294117647058,0.7
2224,2172,1,0,0.00031347891275467665,7,377,71,448,0.8200589970501475,0.695
2225,2214,1,1,0.9963359577427713,7,377,71,448,0.8235294117647058,0.7
2226,2216,1,0,9.112825461295153e-05,7,378,71,449,0.8235294117647058,0.7
2227,2228,1,1,0.9964439993229861,7,378,71,449,0.8235294117647058,0.7
2228,2229,1,0,5.817876829251456e-07,7,379,71,450,0.8200589970501475,0.695
2229,2238,1,1,0.9992990068014406,7,379,71,450,0.8235294117647058,0.7
2230,2248,1,1,0.9999835141775082,7,379,71,450,0.8269794721407625,0.705
2231,2254,1,1,0.9950713193506406,7,379,71,450,0.8269794721407625,0.705
2232,2262,1,1,0.9998525397506417,7,379,71,450,0.8269794721407625,0.705
2233,2272,1,0,0.02985241929119727,7,380,71,451,0.8235294117647058,0.7
2234,2278,1,1,0.9995048825472878,7,380,71,451,0.8235294117647058,0.7
2235,2281,1,1,0.9991334071874093,7,380,71,451,0.8235294117647058,0.7
2236,2282,1,1,0.9990922518410787,7,380,71,451,0.8269794721407625,0.705
2237,2290,1,1,0.6564362223965348,7,380,71,451,0.8304093567251463,0.71
2238,2298,1,0,0.03686336481583963,7,381,71,452,0.8269794721407625,0.705
2239,2300,1,1,0.9816146849826057,7,381,71,452,0.8304093567251463,0.71
2240,2303,1,1,0.9866845947401607,7,381,71,452,0.8304093567251463,0.71
2241,2310,1,1,0.9998271033568905,7,381,71,452,0.8304093567251463,0.71
2242,2316,1,1,0.9744548964775488,7,381,71,452,0.8304093567251463,0.71
2243,2320,1,1,0.9805746742473948,7,381,71,452,0.8304093567251463,0.71
2244,2322,1,1,0.9978097456972966,7,381,71,452,0.8304093567251463,0.71
2245,2323,1,0,0.00026708959327759364,7,382,71,453,0.8304093567251463,0.71
2246,2334,1,0,0.46014929533716536,7,383,71,454,0.8269794721407625,0.705
2247,2341,1,0,0.006343765667959105,7,384,71,455,0.8269794721407625,0.705
2248,2344,1,1,0.6725220847260207,7,384,71,455,0.8304093567251463,0.71
2249,2363,1,1,0.9994082229088299,7,384,71,455,0.8304093567251463,0.71
2250,2371,1,1,0.9974965127385311,7,384,71,455,0.8304093567251463,0.71
2251,2390,1,1,0.9889408688322388,7,384,71,455,0.8304093567251463,0.71
2252,2402,1,1,0.9529753978757517,7,384,71,455,0.8338192419825073,0.715
2253,2413,1,1,0.9992472553583157,7,384,71,455,0.8338192419825073,0.715
2254,2428,1,0,0.04447756805185397,7,385,71,456,0.8304093567251463,0.71
2255,2433,1,1,0.9988019964449841,7,385,71,456,0.8304093567251463,0.71
2256,2439,1,1,0.983874473094562,7,385,71,456,0.8304093567251463,0.71
2257,2440,1,1,0.9936240273313515,7,385,71,456,0.8338192419825073,0.715
2258,2449,1,1,0.9923126912581185,7,385,71,456,0.8372093023255814,0.72
2259,2460,1,1,0.9991428361992362,7,385,71,456,0.8405797101449275,0.725
2260,2462,1,0,0.0163142303853692,7,386,71,457,0.8372093023255814,0.72
2261,2481,1,0,0.0002468450568405293,7,387,71,458,0.8372093023255814,0.72
2262,2499,1,1,0.9983288258635765,7,387,71,458,0.8372093023255814,0.72
2263,2538,0,0,0.00013490250163864637,7,387,71,458,0.8322484371849164,0.7185929648241206
2264,2558,0,0,5.975580747498312e-05,7,387,71,458,0.827607843137255,0.7171717171717171
2265,2594,0,0,7.393745415620114e-05,7,387,71,458,0.8232563466310364,0.7157360406091371
2266,2632,0,0,0.0002872791785442031,7,387,71,458,0.8225990297206914,0.7193877551020408
2267,2829,0,0,0.0014968319186710291,7,387,71,458,0.8187715269804822,0.717948717948718
2268,2838,0,0,0.0006183090332815281,7,387,71,458,0.8186281981491562,0.7216494845360825
2269,2842,0,0,0.00011456957164363814,7,387,71,458,0.8152480510276399,0.7202072538860104
2270,2854,0,0,2.2548295315137156e-05,7,387,71,458,0.8155593502342485,0.7239583333333334
2271,2878,0,0,0.0001891849614182859,7,387,71,458,0.8125634659017936,0.7225130890052356
2272,2880,0,0,2.371226735255414e-05,7,387,71,458,0.8132791327913279,0.7263157894736842
2273,2943,0,0,0.0008621535628343833,7,387,71,458,0.810615155032333,0.7248677248677249
2274,2977,0,0,1.9226514097195826e-05,7,387,71,458,0.8080831708901884,0.723404255319149
2275,2979,0,0,0.0019309853637153448,7,387,71,458,0.8093164730006834,0.7272727272727273
2276,3027,0,0,0.10024180309605468,7,387,71,458,0.8107182672400064,0.7311827956989247
2277,3065,0,0,0.00044528017870885706,7,387,71,458,0.80859375,0.7297297297297297
2278,3079,0,0,0.000657568855877488,7,387,71,458,0.8065654241448076,0.7282608695652174
2279,3109,0,0,2.35523569744743e-05,7,387,71,458,0.8046262808921036,0.726775956284153
2280,3111,0,0,0.34465084828663956,7,387,71,458,0.8065620915032681,0.7307692307692307
2281,3171,0,0,0.00024695623023302394,7,387,71,458,0.8048169365796335,0.7292817679558011
2282,3204,0,0,0.002236727427981311,7,387,71,458,0.8031431771379025,0.7277777777777777
2283,3218,0,0,6.721039257466206e-05,7,387,71,458,0.8015359721184965,0.7262569832402235
2284,3221,0,0,0.00023498952873903377,7,387,71,458,0.8039073969508752,0.7303370786516854
2285,3252,0,0,0.10388453324488689,7,387,71,458,0.8024530663329162,0.7288135593220338
2286,3305,0,0,6.778668186075913e-05,7,387,71,458,0.8050250215703193,0.7329545454545454
2287,3333,0,1,0.6855945602218864,7,387,72,459,0.7993421052631579,0.7314285714285714
2288,3349,0,0,0.0001549712828592083,7,387,72,459,0.7980483849168806,0.7298850574712644
2289,3352,0,0,0.0005305147995246165,7,387,72,459,0.7968,0.7283236994219653
2290,3357,0,0,0.004118136752541425,7,387,72,459,0.7955941571259376,0.7267441860465116
2291,3359,0,0,0.00012923955853027275,7,387,72,459,0.7944282744282744,0.7251461988304093
2292,3368,0,1,0.9925034919879863,7,387,73,460,0.7888135593220339,0.7235294117647059
2293,3426,0,0,2.145162535030432e-05,7,387,73,460,0.7918521370812477,0.727810650887574
2294,3477,0,0,1.229393753715115e-05,7,387,73,460,0.7908066971080668,0.7261904761904762
2295,3488,0,0,0.005541690185218706,7,387,73,460,0.7939906680538479,0.7305389221556886
2296,3503,0,0,1.2108894010408516e-05,7,387,73,460,0.7930353190560803,0.7289156626506024
2297,3709,0,0,0.15498618635587755,7,387,73,460,0.7921078597638064,0.7272727272727273
2298,3724,0,0,2.4182774498427966e-05,7,387,73,460,0.7912067124332571,0.725609756097561
2299,3787,0,0,8.271618350566525e-05,7,387,73,460,0.7946308887809616,0.7300613496932515
2300,3839,0,0,2.816813529604054e-05,7,387,73,460,0.7938045438153626,0.7283950617283951
2301,3852,0,0,6.301908773487685e-05,7,387,73,460,0.7930000000000001,0.7267080745341615
2302,3855,0,0,7.679761154881288e-05,7,387,73,460,0.7922160632150017,0.725
2303,3881,0,0,4.906582766046488e-05,7,387,73,460,0.7958483754512636,0.7295597484276729
2304,3897,0,0,0.00022204657590936547,7,387,73,460,0.7951272727272726,0.7278481012658228
2305,3911,0,0,3.648748866634586e-05,7,387,73,460,0.7944232932421909,0.7261146496815286
2306,3913,0,0,0.11345298164489795,7,387,73,460,0.7937355187505364,0.7243589743589743
2307,3921,0,0,0.00017610930976611944,7,387,73,460,0.7930630835154233,0.7225806451612903
2308,4058,0,0,3.8379727356084725e-05,7,387,73,460,0.7924051702289431,0.7207792207792207
2309,4283,0,0,0.013959309019830944,7,387,73,460,0.7917610062893082,0.7189542483660131
2310,4346,0,0,0.01420389679558943,7,387,73,460,0.7956862745098039,0.7236842105263158
2311,4397,0,0,5.6686329832097194e-05,7,387,73,460,0.7950901648412436,0.7218543046357616
2312,4420,0,0,0.00014258666813728708,7,387,73,460,0.7945054945054946,0.72
2313,4423,0,0,0.0031909310924598056,7,387,73,460,0.7985467838659328,0.7248322147651006
2314,4475,0,0,1.4258814706371246e-05,7,387,73,460,0.7980049522461974,0.722972972972973
2315,4560,0,0,0.00010301393679249484,7,387,73,460,0.7974726166328601,0.7210884353741497
2316,4699,0,0,0.0001451719957034082,7,387,73,460,0.796949261918206,0.7191780821917808
2317,4736,0,0,0.00016599570968639263,7,387,73,460,0.8011261261261262,0.7241379310344828
2318,4747,0,0,2.1368174869902517e-05,7,387,73,460,0.8053434583812401,0.7291666666666666
2319,4776,0,0,2.064390665904749e-05,7,387,73,460,0.804884970344956,0.7272727272727273
2320,4818,0,0,9.156408296717887e-05,7,387,73,460,0.8044333306872007,0.7253521126760564
2321,4834,0,0,0.00024083579737771633,7,387,73,460,0.8039881500987491,0.723404255319149
2322,4842,0,0,3.8336273574296e-05,7,387,73,460,0.8083228247162674,0.7285714285714285
2323,4918,0,0,0.002257274162145502,7,387,73,460,0.807908777068731,0.7266187050359713
2324,4943,0,0,0.000211516545598492,7,387,73,460,0.8123025131135989,0.7318840579710145
2325,4961,0,0,0.0001426376044560786,7,387,73,460,0.8119174094960888,0.7299270072992701
2326,4983,0,1,0.5540596436461204,7,387,74,461,0.8067019400352734,0.7279411764705882
2327,12,1,0,0.06403509202093885,7,388,74,462,0.8067019400352734,0.7279411764705882
2328,160,1,0,0.0006728134151985512,7,389,74,463,0.8018720716522999,0.7205882352941176
2329,165,1,0,0.0006713928350600747,7,390,74,464,0.7970318313352626,0.7132352941176471
2330,207,1,0,0.04303784086610671,7,391,74,465,0.792180528691167,0.7058823529411765
2331,253,1,0,0.00044239924376638235,7,392,74,466,0.7873174750283184,0.6985294117647058
2332,383,1,1,0.9384475418470876,7,392,74,466,0.7873174750283184,0.6985294117647058
2333,399,1,1,0.9814999717516902,7,392,74,466,0.7873174750283184,0.6985294117647058
2334,406,1,0,0.0015033922570502443,7,393,74,467,0.7873174750283184,0.6985294117647058
2335,408,1,0,5.750881663802641e-05,7,394,74,468,0.782441982986816,0.6911764705882353
2336,616,1,0,0.018899002778327036,7,395,74,469,0.782441982986816,0.6911764705882353
2337,703,1,0,0.09231187299046298,7,396,74,470,0.7775533661740558,0.6838235294117647
2338,732,1,0,0.17602078908272695,7,397,74,471,0.7726509388047851,0.6764705882352942
2339,811,1,0,0.01746201323139353,7,398,74,472,0.7677340153452685,0.6691176470588235
2340,968,1,0,0.00010153766265757335,7,399,74,473,0.7628019101611379,0.6617647058823529
2341,982,1,0,0.017512427868053352,7,400,74,474,0.7628019101611379,0.6617647058823529
2342,1049,1,1,0.9995730521876508,7,400,74,474,0.7677340153452685,0.6691176470588235
2343,1051,1,0,0.0011307265654477683,7,401,74,475,0.7677340153452685,0.6691176470588235
2344,1073,1,0,0.016854981217495433,7,402,74,476,0.7628019101611379,0.6617647058823529
2345,1092,1,1,0.995311687731954,7,402,74,476,0.7628019101611379,0.6617647058823529
2346,1140,1,0,2.7404031670623386e-05,7,403,74,477,0.7628019101611379,0.6617647058823529
2347,1151,1,0,0.002706347673477032,7,404,74,478,0.7578539371685027,0.6544117647058824
2348,1161,1,0,0.4841850998151993,7,405,74,479,0.7578539371685027,0.6544117647058824
2349,1166,1,0,0.027119820011919826,7,406,74,480,0.7528894094879174,0.6470588235294118
2350,1199,1,0,0.0030599763264515874,7,407,74,481,0.7528894094879174,0.6470588235294118
2351,1245,1,1,0.9814342464545434,7,407,74,481,0.7528894094879174,0.6470588235294118
2352,1252,1,0,0.024744409044792973,7,408,74,482,0.7479076391008036,0.6397058823529411
2353,1354,1,0,0.0011970170492633984,7,409,74,483,0.7479076391008036,0.6397058823529411
2354,1402,1,0,0.023811365175103395,7,410,74,484,0.7429079365079366,0.6323529411764706
2355,1416,1,1,0.7914857605937302,7,410,74,484,0.7429079365079366,0.6323529411764706
2356,1620,1,0,0.012433733650052275,7,411,74,485,0.7429079365079366,0.6323529411764706
2357,1650,1,0,0.00010208848546280584,7,412,74,486,0.7378896103896103,0.625
2358,1682,1,0,0.2301505816342943,7,413,74,487,0.7328519672671076,0.6176470588235294
2359,1686,1,0,0.010536617395671282,7,414,74,488,0.7328519672671076,0.6176470588235294
2360,1699,1,0,0.0026678489686966455,7,415,74,489,0.7277943111650977,0.6102941176470589
2361,1781,1,0,0.10156111857087408,7,416,74,490,0.7227159432746025,0.6029411764705882
2362,1783,1,0,0.004947435549032638,7,417,74,491,0.7176161616161616,0.5955882352941176
2363,1820,1,1,0.568238057503057,7,417,74,491,0.7227159432746025,0.6029411764705882
2364,1891,1,0,1.912899221709366e-05,7,418,74,492,0.7176161616161616,0.5955882352941176
2365,1932,1,1,0.9988055208540225,7,418,74,492,0.7227159432746025,0.6029411764705882
2366,1971,1,0,0.007141948429995919,7,419,74,493,0.7176161616161616,0.5955882352941176
2367,1999,1,0,0.0034296150544849448,7,420,74,494,0.7124942607028432,0.5882352941176471
2368,2019,1,0,0.015976030847017268,7,421,74,495,0.7073495312027421,0.5808823529411765
2369,2058,1,1,0.9931083633762992,7,421,74,495,0.7073495312027421,0.5808823529411765
2370,2066,1,0,0.00038903248757483623,7,422,74,496,0.7073495312027421,0.5808823529411765
2371,2067,1,1,0.7083271885701226,7,422,74,496,0.7073495312027421,0.5808823529411765
2372,2098,1,0,0.00031009054202113404,7,423,74,497,0.7021812596006144,0.5735294117647058
2373,2208,1,0,0.02345798240008385,7,424,74,498,0.6969887278582931,0.5661764705882353
2374,2222,1,1,0.9946965611443744,7,424,74,498,0.6969887278582931,0.5661764705882353
2375,2296,1,0,0.0015807847714823472,7,425,74,499,0.6917712130735387,0.5588235294117647
2376,2311,1,1,0.7934481322053032,7,425,74,499,0.6917712130735387,0.5588235294117647
2377,2319,1,1,0.9975827389748608,7,425,74,499,0.6917712130735387,0.5588235294117647
2378,2367,1,0,0.01469171809763143,7,426,74,500,0.686527987136971,0.5514705882352942
2379,2378,1,0,1.912899221709366e-05,7,427,74,501,0.6812583163867341,0.5441176470588235
2380,2422,1,0,0.00607664608905013,7,428,74,502,0.6759614612605379,0.5367647058823529
2381,2566,0,0,0.050392530491221915,7,428,74,502,0.6749624060150375,0.5333333333333333
2382,2577,0,0,4.909453050083636e-06,7,428,74,502,0.6739663461538461,0.5298507462686567
2383,2700,0,0,0.0002959146329381999,7,428,74,502,0.6729726754078672,0.5263157894736842
2384,2823,0,0,0.0007863322796259158,7,428,74,502,0.6719807923169268,0.5227272727272727
2385,2868,0,0,2.041808285756692e-05,7,428,74,502,0.6709900990099009,0.5190839694656488
2386,2876,0,0,4.926613293975342e-05,7,428,74,502,0.67,0.5153846153846153
2387,2890,0,0,5.888308628921242e-05,7,428,74,502,0.6745206130153254,0.5193798449612403
2388,2910,0,0,0.0002859229253145437,7,428,74,502,0.6735615513490535,0.515625
2389,2964,0,0,5.920348391781035e-06,7,428,74,502,0.6726016260162601,0.5118110236220472
2390,3022,0,0,0.00031795206672123106,7,428,74,502,0.6716402593176641,0.5079365079365079
2391,3046,0,0,4.1740068312146945e-05,7,428,74,502,0.6706768706630928,0.504
2392,3073,0,0,0.002402895249915896,7,428,74,502,0.6697108753980793,0.5
2393,3081,0,0,3.43102671403962e-05,7,428,74,502,0.6744118827780008,0.5040650406504065
2394,3133,0,0,3.887920580499323e-05,7,428,74,502,0.6791398659335692,0.5081967213114754
2395,3144,0,0,0.0018721382810085614,7,428,74,502,0.6782287869264613,0.5041322314049587
2396,3170,0,0,1.92654584944985e-05,7,428,74,502,0.6830112721417069,0.5083333333333333
2397,3194,0,0,0.016248359090787576,7,428,74,502,0.6821242060691602,0.5042016806722689
2398,3301,0,0,0.28135789257844857,7,428,74,502,0.6812323232323232,0.5
2399,3451,0,1,0.567739949315189,7,428,75,503,0.6815454545454546,0.5042735042735043
2400,3519,0,0,4.934171927778052e-05,7,428,75,503,0.6806802307925903,0.5
2401,3539,0,0,1.1633793613624624e-05,7,428,75,503,0.6855805528109244,0.5043478260869565
2402,3584,0,0,0.00020698902822021648,7,428,75,503,0.6905032467532467,0.5087719298245614
2403,3680,0,0,0.07369061836283809,7,428,75,503,0.6896856881293866,0.504424778761062
2404,3768,0,0,0.0008739414558045263,7,428,75,503,0.688861689106487,0.5
2405,3776,0,0,4.699631800454942e-05,7,428,75,503,0.6880306905370844,0.4954954954954955
2406,3789,0,1,0.9956991824798618,7,428,76,504,0.6826481211096594,0.4909090909090909
2407,3797,0,0,3.0713973934855936e-05,7,428,76,504,0.681807972038755,0.48623853211009177
2408,3865,0,0,7.082996389887566e-06,7,428,76,504,0.6809593810444874,0.48148148148148145
2409,3890,0,0,4.1718893454086664e-05,7,428,76,504,0.6801017317698222,0.4766355140186916
2410,3941,0,0,0.0002472063169123473,7,428,76,504,0.679234387588035,0.4716981132075472
2411,3951,0,0,0.0002941637036382923,7,428,76,504,0.684375,0.47619047619047616
2412,4051,0,0,1.5852668070136243e-05,7,428,76,504,0.6835233811068104,0.47115384615384615
2413,4057,0,0,6.324588666750459e-05,7,428,76,504,0.6887077665067757,0.47572815533980584
2414,4090,0,0,1.1763048693142355e-05,7,428,76,504,0.6878709677419356,0.47058823529411764
2415,4128,0,0,0.10948691521675166,7,428,76,504,0.6870225715117355,0.46534653465346537
2416,4129,0,0,0.0010550355433165519,7,428,76,504,0.6922750424448217,0.47
2417,4379,0,0,0.00046330355951661775,7,428,76,504,0.69144,0.46464646464646464
2418,4432,0,0,5.975647210693081e-05,7,428,76,504,0.6905920205920206,0.45918367346938777
2419,4496,0,0,0.01585709375123397,7,428,76,504,0.6897303419264372,0.4536082474226804
2420,4522,0,0,0.07241624241191655,7,428,76,504,0.6888541666666665,0.4479166666666667
2421,4559,0,0,5.929920690031124e-05,7,428,76,504,0.6942246469483824,0.45263157894736844
2422,4578,0,0,0.0001051709989902767,7,428,76,504,0.6933590733590733,0.44680851063829785
2423,4720,0,0,1.6968041782176085e-05,7,428,76,504,0.6924774663028199,0.44086021505376344
2424,4800,0,0,0.058079767250694456,7,428,76,504,0.697913486005089,0.44565217391304346
2425,4847,0,0,5.861550677458558e-05,7,428,76,504,0.6970409982174688,0.43956043956043955
2426,4868,0,0,1.8754662866223364e-05,7,428,76,504,0.7025157232704402,0.4444444444444444
2427,4968,0,0,0.00010440950230817233,7,428,76,504,0.7016516009123933,0.43820224719101125
2428,4969,0,0,0.2801628798947726,7,428,76,504,0.7071641791044776,0.4431818181818182
2429,60,1,0,0.0002515359465041185,7,429,76,505,0.7007690343085785,0.4318181818181818
2430,68,1,0,0.18497647418418645,7,430,76,506,0.6943133903133903,0.42045454545454547
2431,128,1,0,0.24893207183599814,7,431,76,507,0.6877954174890586,0.4090909090909091
2432,169,1,0,0.018527228430372137,7,432,76,508,0.6812132352941177,0.3977272727272727
2433,213,1,0,0.0009445079303804898,7,433,76,509,0.6812132352941177,0.3977272727272727
2434,220,1,0,0.2750992922816097,7,434,76,510,0.6745649101554614,0.38636363636363635
2435,312,1,0,6.808569007947786e-05,7,435,76,511,0.667848453249913,0.375
2436,315,1,0,0.004941335849865876,7,436,76,512,0.6610618181818182,0.36363636363636365
2437,333,1,0,0.039268687978415845,7,437,76,513,0.6542028985507247,0.3522727272727273
2438,356,1,0,0.0032924312842418256,7,438,76,514,0.6542028985507247,0.3522727272727273
2439,357,1,0,0.013497724345745761,7,439,76,515,0.6472695254028352,0.3409090909090909
2440,388,1,0,0.11035314935389548,7,440,76,516,0.6402594645594999,0.32954545454545453
2441,400,1,1,0.5371861805766843,7,440,76,516,0.6402594645594999,0.32954545454545453
2442,416,1,1,0.8702559681961813,7,440,76,516,0.6402594645594999,0.32954545454545453
2443,488,1,1,0.8968268394574773,7,440,76,516,0.6402594645594999,0.32954545454545453
2444,550,1,0,0.15916302260209791,7,441,76,517,0.6331704138155752,0.3181818181818182
2445,578,1,0,0.002283811696964983,7,442,76,518,0.6331704138155752,0.3181818181818182
2446,591,1,0,0.008082554569356673,7,443,76,519,0.6331704138155752,0.3181818181818182
2447,603,1,0,0.21255149176309093,7,444,76,520,0.6331704138155752,0.3181818181818182
2448,635,1,0,0.0013573927823639321,7,445,76,521,0.6259999999999999,0.3068181818181818
2449,654,1,1,0.9755909175067524,7,445,76,521,0.6259999999999999,0.3068181818181818
2450,659,1,0,0.0005627368081756244,7,446,76,522,0.6187457758904273,0.29545454545454547
2451,674,1,1,0.9953363982151245,7,446,76,522,0.6187457758904273,0.29545454545454547
2452,685,1,0,0.002990238078390967,7,447,76,523,0.6114052169731938,0.2840909090909091
2453,712,1,0,0.005169385188633311,7,448,76,524,0.6039757180393223,0.2727272727272727
2454,795,1,0,0.2223415291550875,7,449,76,525,0.6039757180393223,0.2727272727272727
2455,998,1,0,0.0010194097635400352,7,450,76,526,0.5964545896066052,0.26136363636363635
2456,1011,1,0,0.008922283937755817,7,451,76,527,0.588839054157132,0.25
2457,1018,1,0,0.00011736406138909639,7,452,76,528,0.5811262421788738,0.23863636363636365
2458,1090,1,0,0.009154575426358365,7,453,76,529,0.5733131879991366,0.22727272727272727
2459,1236,1,0,0.06452789690440516,7,454,76,530,0.5653968253968255,0.2159090909090909
2460,1274,1,0,0.002984159746256594,7,455,76,531,0.5653968253968255,0.2159090909090909
2461,1279,1,0,8.20941811899196e-06,7,456,76,532,0.5653968253968255,0.2159090909090909
2462,1292,1,1,0.9999546206623853,7,456,76,532,0.5653968253968255,0.2159090909090909
2463,1381,1,0,0.04838637374577648,7,457,76,533,0.5596111744935401,0.21348314606741572
2464,1386,1,0,9.073041386917108e-06,7,458,76,534,0.5538461538461539,0.2111111111111111
2465,1392,1,0,1.824709464585063e-05,7,459,76,535,0.5481022120518688,0.2087912087912088
2466,1415,1,1,0.6309921159108854,7,459,76,535,0.5503391622119537,0.21739130434782608
2467,1461,1,0,0.0010726116176215151,7,460,76,536,0.5446483952398126,0.21505376344086022
2468,1504,1,0,0.0002710873211071849,7,461,76,537,0.5389796345584498,0.2127659574468085
2469,1539,1,0,0.0032435831371182976,7,462,76,538,0.5333333333333333,0.21052631578947367
2470,1552,1,0,0.0002294749755247714,7,463,76,539,0.5277099440149294,0.20833333333333334
2471,1593,1,1,0.9903951693463946,7,463,76,539,0.5300140882275248,0.21649484536082475
2472,1685,1,1,0.9886377016753659,7,463,76,539,0.5322618181818182,0.22448979591836735
2473,1690,1,0,0.0011264952470929725,7,464,76,540,0.5267257559958289,0.2222222222222222
2474,1697,1,0,0.005207030545431089,7,465,76,541,0.5212136944420409,0.22
2475,1740,1,1,0.5271208710449606,7,465,76,541,0.5234723533281844,0.22772277227722773
2476,1790,1,0,0.1949307638980635,7,466,76,542,0.5180170940170941,0.22549019607843138
2477,1940,1,1,0.7795751074922965,7,466,76,542,0.5202578018995929,0.23300970873786409
2478,1975,1,0,0.1512899870386216,7,467,76,543,0.5148601841682858,0.23076923076923078
2479,1978,1,0,0.008697732407074181,7,468,76,544,0.5094882729211087,0.22857142857142856
2480,2030,1,0,0.00026124462029529125,7,469,76,545,0.5041425576519916,0.22641509433962265
2481,2069,1,1,0.6879483252212563,7,469,76,545,0.5064341816768894,0.2336448598130841
2482,2070,1,0,0.021069462417693047,7,470,76,546,0.5011483571191504,0.23148148148148148
2483,2072,1,1,0.9991263987789358,7,470,76,546,0.5034285714285714,0.23853211009174313
2484,2157,1,0,0.031989876036819485,7,471,76,547,0.4982036747994195,0.23636363636363636
2485,2233,1,1,0.9916741327111337,7,471,76,547,0.5004753612146609,0.24324324324324326
2486,2245,1,0,0.002705602356471631,7,472,76,548,0.4953125,0.24107142857142858
2487,2250,1,1,0.999916474002237,7,472,76,548,0.5013833671399595,0.24778761061946902
2488,2264,1,0,0.01948418874092644,7,473,76,549,0.4962679322618919,0.24561403508771928
2489,2325,1,0,0.0020241650162138624,7,474,76,550,0.49118200639939774,0.24347826086956523
2490,2426,1,0,0.006237535330422352,7,475,76,551,0.4861261261261261,0.2413793103448276
2491,2475,1,0,0.13979092038759156,7,476,76,552,0.4811008315730368,0.23931623931623933
2492,2500,0,0,4.87047963375597e-05,7,476,76,552,0.48484341484341487,0.23931623931623933
2493,2501,0,0,0.0017973813579704402,7,476,76,552,0.48484341484341487,0.23931623931623933
2494,2536,0,0,0.00015281949044938935,7,476,76,552,0.48484341484341487,0.23931623931623933
2495,2562,0,0,6.189563684231789e-06,7,476,76,552,0.48484341484341487,0.23931623931623933
2496,2573,0,0,0.0004321080006348319,7,476,76,552,0.48484341484341487,0.23931623931623933
2497,2591,0,0,0.00016514245155749025,7,476,76,552,0.48484341484341487,0.23931623931623933
2498,2664,0,0,0.0002278968419269766,7,476,76,552,0.48484341484341487,0.23931623931623933
2499,2708,0,0,0.0004009099966047599,7,476,76,552,0.48484341484341487,0.23931623931623933
2500,2735,0,0,3.0210704517785213e-05,7,476,76,552,0.48484341484341487,0.23931623931623933
2501,2746,0,0,0.000107382154878576,7,476,76,552,0.48484341484341487,0.23931623931623933
2502,2793,0,0,9.034718238004177e-05,7,476,76,552,0.48484341484341487,0.23931623931623933
2503,2808,0,0,0.4488243778251593,7,476,76,552,0.48484341484341487,0.23931623931623933
2504,2889,0,0,0.0005456896634274253,7,476,76,552,0.48484341484341487,0.23931623931623933
2505,2908,0,0,0.00011322769646527324,7,476,76,552,0.48484341484341487,0.23931623931623933
2506,2941,0,0,0.00010746435055087927,7,476,76,552,0.48484341484341487,0.23931623931623933
2507,2949,0,0,0.000543290951385549,7,476,76,552,0.48484341484341487,0.23931623931623933
2508,2984,0,0,0.00010414869831134753,7,476,76,552,0.48484341484341487,0.23931623931623933
2509,2992,0,0,2.7517847425512437e-05,7,476,76,552,0.48484341484341487,0.23931623931623933
2510,3008,0,0,0.00015536576572081366,7,476,76,552,0.48484341484341487,0.23931623931623933
2511,3016,0,0,1.4300721136275942e-05,7,476,76,552,0.48484341484341487,0.23931623931623933
2512,3095,0,0,6.831872244811089e-05,7,476,76,552,0.48484341484341487,0.23931623931623933
2513,3267,0,0,3.012503698254688e-05,7,476,76,552,0.48484341484341487,0.23931623931623933
2514,3338,0,0,2.1324351161533535e-05,7,476,76,552,0.48484341484341487,0.23931623931623933
2515,3339,0,0,0.0003906385546603291,7,476,76,552,0.48484341484341487,0.23931623931623933
2516,3399,0,0,3.523330550530352e-06,7,476,76,552,0.48484341484341487,0.23931623931623933
2517,3416,0,1,0.6043084396400743,7,476,77,553,0.4811008315730368,0.23931623931623933
2518,3442,0,0,3.0307816937130936e-06,7,476,77,553,0.4811008315730368,0.23931623931623933
2519,3458,0,1,0.7213433042315756,7,476,78,554,0.47736000000000006,0.23931623931623933
2520,3574,0,0,1.528428139731263e-05,7,476,78,554,0.47736000000000006,0.23931623931623933
2521,3600,0,0,7.087497096339919e-06,7,476,78,554,0.47736000000000006,0.23931623931623933
2522,3627,0,0,5.915811418808212e-05,7,476,78,554,0.47736000000000006,0.23931623931623933
2523,3716,0,0,0.002435911636889508,7,476,78,554,0.47736000000000006,0.23931623931623933
2524,3718,0,0,0.00019720069448001985,7,476,78,554,0.47736000000000006,0.23931623931623933
2525,3756,0,0,0.2016864175466237,7,476,78,554,0.47736000000000006,0.23931623931623933
2526,3847,0,0,5.499584397019654e-05,7,476,78,554,0.4811008315730368,0.23931623931623933
2527,3888,0,0,0.00013292363881973007,7,476,78,554,0.4861261261261261,0.2413793103448276
2528,3912,0,0,5.00921935832358e-05,7,476,78,554,0.49118200639939774,0.24347826086956523
2529,3918,0,0,8.46873975108459e-06,7,476,78,554,0.4962679322618919,0.24561403508771928
2530,4016,0,0,0.00021963861897691134,7,476,78,554,0.5013833671399595,0.24778761061946902
2531,4025,0,0,0.00048398372414350845,7,476,78,554,0.5065277777777778,0.25
2532,4099,0,0,0.012364242210066054,7,476,78,554,0.5042733922917348,0.24324324324324326
2533,4117,0,0,0.00015188998983012257,7,476,78,554,0.501978021978022,0.23636363636363636
2534,4138,0,0,2.6838643458981355e-05,7,476,78,554,0.5072182254196642,0.23853211009174313
2535,4153,0,0,1.4263839633136364e-05,7,476,78,554,0.5124858944573515,0.24074074074074073
2536,4189,0,0,0.00030578921884167644,7,476,78,554,0.5177805223279954,0.24299065420560748
2537,4244,0,1,0.536014110067325,7,476,79,555,0.5192667425272681,0.24528301886792453
2538,4247,0,0,0.0002457412995350257,7,476,79,555,0.5245989304812834,0.24761904761904763
2539,4276,0,0,6.522189477124292e-05,7,476,79,555,0.5299566736547868,0.25
2540,4299,0,0,7.965241471076825e-06,7,476,79,555,0.5353394680731679,0.2524271844660194
2541,4375,0,0,0.0014488011098118994,7,476,79,555,0.5407468108473431,0.2549019607843137
2542,4445,0,0,3.328304304590906e-05,7,476,79,555,0.538696046993388,0.24752475247524752
2543,4448,0,0,0.007971507574246701,7,476,79,555,0.5441595441595442,0.25
2544,4464,0,0,3.067488504619678e-05,7,476,79,555,0.5496464429760577,0.25252525252525254
2545,4580,0,0,8.792444855455493e-06,7,476,79,555,0.5476144328112832,0.24489795918367346
2546,4599,0,0,3.058780125109274e-05,7,476,79,555,0.5531560653458464,0.24742268041237114
2547,4617,0,0,0.00010173900390727185,7,476,79,555,0.55872,0.25
2548,4619,0,0,0.07217921668231433,7,476,79,555,0.5643057503506311,0.25263157894736843
2549,4683,0,0,0.0045208269177889,7,476,79,555,0.5699128290921899,0.2553191489361702
2550,4724,0,0,0.0005023799362939123,7,476,79,555,0.5755407477296851,0.25806451612903225
2551,4733,0,0,0.0001853443116059493,7,476,79,555,0.5736190476190476,0.25
2552,4769,0,0,0.00028872426542455757,7,476,79,555,0.5792987230479381,0.25274725274725274
2553,4809,0,0,2.32779666768615e-05,7,476,79,555,0.5849981968986657,0.25555555555555554
2554,4840,0,1,0.9983144135280503,7,476,80,556,0.5867724486116119,0.25842696629213485
2555,4874,0,0,0.019054726799463236,7,476,80,556,0.5849247207382224,0.25
2556,22,1,0,0.10729402152103441,7,477,80,557,0.5849247207382224,0.25
2557,49,1,1,0.844592985958726,7,477,80,557,0.5924967533448098,0.26136363636363635
2558,61,1,1,0.9985846783733923,7,477,80,557,0.5999759586488761,0.2727272727272727
2559,72,1,1,0.610654416731568,7,477,80,557,0.6073650527826789,0.2840909090909091
2560,124,1,1,0.9928850312262331,7,477,80,557,0.6146666666666667,0.29545454545454547
2561,126,1,1,0.9985132331582885,7,477,80,557,0.6218833496252851,0.3068181818181818
2562,137,1,0,0.34468937617493023,7,478,80,558,0.6218833496252851,0.3068181818181818
2563,155,1,0,0.1431746056025235,7,479,80,559,0.6146666666666667,0.29545454545454547
2564,196,1,1,0.886198948317818,7,479,80,559,0.6218833496252851,0.3068181818181818
2565,292,1,1,0.899414839256869,7,479,80,559,0.6218833496252851,0.3068181818181818
2566,297,1,0,0.002649378877241281,7,480,80,560,0.6218833496252851,0.3068181818181818
2567,323,1,1,0.5759298526048987,7,480,80,560,0.6290175728269845,0.3181818181818182
2568,324,1,0,0.023575276359775178,7,481,80,561,0.6290175728269845,0.3181818181818182
2569,341,1,1,0.9936273617649379,7,481,80,561,0.6290175728269845,0.3181818181818182
2570,414,1,0,0.2774908731635627,7,482,80,562,0.6290175728269845,0.3181818181818182
2571,441,1,0,0.00011807819461139158,7,483,80,563,0.6218833496252851,0.3068181818181818
2572,452,1,1,0.9989043932785041,7,483,80,563,0.6290175728269845,0.3181818181818182
2573,464,1,1,0.826821353722573,7,483,80,563,0.6360717325584808,0.32954545454545453
2574,465,1,1,0.9837476337576141,7,483,80,563,0.6360717325584808,0.32954545454545453
2575,476,1,0,0.030660810139593323,7,484,80,564,0.6360717325584808,0.32954545454545453
2576,509,1,1,0.9951446831571129,7,484,80,564,0.6360717325584808,0.32954545454545453
2577,531,1,1,0.9961984504920478,7,484,80,564,0.6360717325584808,0.32954545454545453
2578,540,1,0,1.092550484287015e-05,7,485,80,565,0.6360717325584808,0.32954545454545453
2579,557,1,1,0.9999748990927484,7,485,80,565,0.6430481533426834,0.3409090909090909
2580,567,1,0,0.00805764184161932,7,486,80,566,0.6430481533426834,0.3409090909090909
2581,611,1,1,0.724414556124851,7,486,80,566,0.6443332174719036,0.34831460674157305
2582,631,1,1,0.7639263760142123,7,486,80,566,0.6455882352941177,0.35555555555555557
2583,690,1,1,0.9896423967873598,7,486,80,566,0.6468148148148148,0.3626373626373626
2584,696,1,0,0.0008381049698437686,7,487,80,567,0.641272453815375,0.358695652173913
2585,738,1,1,0.934516017061641,7,487,80,567,0.6425009152093718,0.3655913978494624
2586,796,1,0,0.0012796886483790412,7,488,80,568,0.637003703288071,0.3617021276595745
2587,827,1,1,0.9895772352093722,7,488,80,568,0.638235294117647,0.3684210526315789
2588,849,1,0,0.000283501599296928,7,489,80,569,0.632783991562821,0.3645833333333333
2589,875,1,1,0.9980264053180297,7,489,80,569,0.6340199564486342,0.3711340206185567
2590,934,1,1,0.9995061518882885,7,489,80,569,0.635232618636874,0.37755102040816324
2591,962,1,0,0.11522279489239419,7,490,80,570,0.6298569712850748,0.37373737373737376
2592,971,1,1,0.8025626114262638,7,490,80,570,0.6310763888888888,0.38
2593,985,1,1,0.9999994204378985,7,490,80,570,0.6322748355085751,0.38613861386138615
2594,1008,1,1,0.986727992205511,7,490,80,570,0.6334534534534535,0.39215686274509803
2595,1020,1,0,0.021449221669968196,7,491,80,571,0.6281833738870023,0.3883495145631068
2596,1070,1,1,0.9773964788622217,7,491,80,571,0.6293720577674938,0.3942307692307692
2597,1111,1,0,0.17400920615372453,7,492,80,572,0.6241511035653651,0.3904761904761905
2598,1145,1,0,0.07302896692522903,7,493,80,573,0.6189510730068005,0.3867924528301887
2599,1203,1,0,0.00045338855474961467,7,494,80,574,0.6180680585324548,0.38317757009345793
2600,1205,1,1,0.7700431931294892,7,494,80,574,0.619339038841343,0.3888888888888889
2601,1215,1,0,1.0639061471101472e-06,7,495,80,575,0.6141992433795713,0.3853211009174312
2602,1277,1,0,0.1260257230444001,7,496,80,576,0.6090823307383818,0.38181818181818183
2603,1300,1,1,0.5398142822806324,7,496,80,576,0.610396148124951,0.38738738738738737
2604,1320,1,1,0.9293713278691669,7,496,80,576,0.6116936510824086,0.39285714285714285
2605,1321,1,0,0.0009906583702535554,7,497,80,577,0.6066614794065774,0.3893805309734513
2606,1349,1,0,0.00010983104634057068,7,498,80,578,0.605932150638033,0.38596491228070173
2607,1357,1,1,0.9938429587879877,7,498,80,578,0.6072860686233981,0.391304347826087
2608,1363,1,1,0.9804622623578618,7,498,80,578,0.6086252703120174,0.39655172413793105
2609,1382,1,0,6.587451415861812e-06,7,499,80,579,0.6036917581146719,0.39316239316239315
2610,1404,1,1,0.9957342509330637,7,499,80,579,0.6050487973564898,0.3983050847457627
2611,1420,1,1,0.9951643945885019,7,499,80,579,0.6063931663219183,0.40336134453781514
2612,1521,1,0,0.012276676732545264,7,500,80,580,0.6015503875968993,0.4
2613,1526,1,0,3.803402162017987e-06,7,501,80,581,0.596735759211632,0.39669421487603307
2614,1532,1,0,0.003104417774679625,7,502,80,582,0.5919499542264266,0.39344262295081966
2615,1545,1,1,0.9810378630275609,7,502,80,582,0.5933806818181818,0.3983739837398374
2616,1606,1,0,0.054572685721202815,7,503,80,583,0.5886580020774747,0.3951612903225806
2617,1617,1,0,0.01234068132531442,7,504,80,584,0.5839659884603705,0.392
2618,1693,1,1,0.8966290806820776,7,504,80,584,0.5854545454545454,0.3968253968253968
2619,1735,1,0,0.023645470503232874,7,505,80,585,0.580828729281768,0.3937007874015748
2620,1769,1,1,0.9937819318844765,7,505,80,585,0.582343431291078,0.3984375
2621,1778,1,1,0.9223130652465641,7,505,80,585,0.583850408548083,0.40310077519379844
2622,1782,1,0,0.00033082653870188816,7,506,80,586,0.5793287106823435,0.4
2623,1807,1,1,0.5593188152186056,7,506,80,586,0.5808651144118828,0.40458015267175573
2624,1830,1,0,0.00013827847847748865,7,507,80,587,0.5764146543293462,0.4015151515151515
2625,1877,1,0,0.0003078297732355615,7,508,80,588,0.5719999999999998,0.39849624060150374
2626,1886,1,1,0.8961782497355568,7,508,80,588,0.5736057692307692,0.40298507462686567
2627,1906,1,1,0.9939843973715102,7,508,80,588,0.5752076869182264,0.4074074074074074
2628,1951,1,0,0.0001757844726044915,7,509,80,589,0.5709068167604753,0.40441176470588236
2629,1964,1,1,0.9771181883161967,7,509,80,589,0.5768067226890756,0.4117647058823529
2630,1987,1,0,0.0003228699818169116,7,510,80,590,0.5768067226890756,0.4117647058823529
2631,2018,1,1,0.9999850694650824,7,510,80,590,0.5826650996474207,0.41911764705882354
2632,2170,1,0,0.00015961929610637066,7,511,80,591,0.5826650996474207,0.41911764705882354
2633,2173,1,1,0.9997383993410702,7,511,80,591,0.5884828482848284,0.4264705882352941
2634,2189,1,1,0.9992918771086134,7,511,80,591,0.594260856521413,0.4338235294117647
2635,2195,1,0,0.015789738189013337,7,512,80,592,0.594260856521413,0.4338235294117647
2636,2199,1,0,4.1340196625825756e-05,7,513,80,593,0.594260856521413,0.4338235294117647
2637,2257,1,0,0.00012688725185203,7,514,80,594,0.594260856521413,0.4338235294117647
2638,2271,1,1,0.9866275275453331,7,514,80,594,0.6,0.4411764705882353
2639,2299,1,1,0.6627707335979179,7,514,80,594,0.6057011425285632,0.4485294117647059
2640,2331,1,0,0.022957871143853226,7,515,80,595,0.6057011425285632,0.4485294117647059
2641,2352,1,1,0.9857368805662483,7,515,80,595,0.6057011425285632,0.4485294117647059
2642,2362,1,0,0.024389871306266023,7,516,80,596,0.6,0.4411764705882353
2643,2370,1,0,0.0018593011161923375,7,517,80,597,0.594260856521413,0.4338235294117647
2644,2403,1,1,0.9971813769110504,7,517,80,597,0.6,0.4411764705882353
2645,2484,1,0,0.083055944835482,7,518,80,598,0.6,0.4411764705882353
2646,2502,0,1,0.6389670360897486,7,518,81,599,0.6,0.4444444444444444
2647,2668,0,0,0.030980309327180423,7,518,81,599,0.6043186079651991,0.44776119402985076
2648,2765,0,0,0.0003921264592040264,7,518,81,599,0.6086738673867387,0.45112781954887216
2649,2914,0,0,0.00015290511902421835,7,518,81,599,0.6073469387755103,0.44696969696969696
2650,2989,0,0,2.127641588368225e-05,7,518,81,599,0.6117736085053158,0.45038167938931295
2651,2996,0,0,0.00022559733895349804,7,518,81,599,0.610480338414558,0.4461538461538462
2652,3063,0,0,0.002265419619138881,7,518,81,599,0.6149759615384616,0.4496124031007752
2653,3086,0,0,0.003231692364831622,7,518,81,599,0.6195044966056265,0.453125
2654,3107,0,0,0.001318361907268414,7,518,81,599,0.6240651629072682,0.4566929133858268
2655,3153,0,0,2.42275562665231e-05,7,518,81,599,0.6286571879936809,0.4603174603174603
2656,3231,0,0,4.420674829377757e-06,7,518,81,599,0.6332798073063026,0.464
2657,3300,0,0,3.643743961306024e-05,7,518,81,599,0.6379322638146168,0.46774193548387094
2658,3387,0,0,0.01912269975712789,7,518,81,599,0.6426138076575217,0.4715447154471545
2659,3434,0,0,0.02567838981971394,7,518,81,599,0.6473236957888122,0.47540983606557374
2660,3616,0,0,3.7419228205335124e-05,7,518,81,599,0.6520611916264091,0.4793388429752066
2661,3636,0,0,0.00011919802089502091,7,518,81,599,0.6568255647049936,0.48333333333333334
2662,3640,0,0,9.517504184218877e-05,7,518,81,599,0.6558472716264285,0.4789915966386555
2663,3642,0,0,0.001561974606927883,7,518,81,599,0.6606666666666666,0.4830508474576271
2664,3652,0,0,5.5195018207857554e-05,7,518,81,599,0.6655110088728229,0.48717948717948717
2665,3655,0,1,0.6621892301802091,7,518,82,600,0.6658560630956294,0.49137931034482757
2666,3681,0,0,7.263244317612482e-07,7,518,82,600,0.6649628841427884,0.48695652173913045
2667,3715,0,0,4.8401263345663425e-05,7,518,82,600,0.6698701298701298,0.49122807017543857
2668,3744,0,0,1.430801649334889e-05,7,518,82,600,0.6748000000000001,0.49557522123893805
2669,3820,0,0,7.79725519843805e-05,7,518,82,600,0.6797518055131726,0.5
2670,3833,0,0,0.2591479988419553,7,518,82,600,0.6847248605841461,0.5045045045045045
2671,3882,0,0,6.390229259748892e-06,7,518,82,600,0.6839321739574555,0.5
2672,3904,0,0,8.121737912184455e-05,7,518,82,600,0.6831325085171238,0.4954128440366973
2673,3925,0,0,7.395707679302864e-05,7,518,82,600,0.6881773399014779,0.5
2674,3970,0,0,2.1502885175378778e-05,7,518,82,600,0.693241242836216,0.5046728971962616
2675,3976,0,0,0.00034179751519167455,7,518,82,600,0.6924848484848485,0.5
2676,4013,0,0,0.0002117290807335441,7,518,82,600,0.6975919801570898,0.5047619047619047
2677,4039,0,0,7.495706347955109e-05,7,518,82,600,0.6968523705778609,0.5
2678,4045,0,0,0.07918021479297901,7,518,82,600,0.7020013513864706,0.5048543689320388
2679,4046,0,0,0.10517160856083488,7,518,82,600,0.7071666666666667,0.5098039215686274
2680,4069,0,0,0.060994190248887935,7,518,82,600,0.7123476604295519,0.5148514851485149
2681,4076,0,0,0.0007357392522574104,7,518,82,600,0.7116720400513747,0.51
2682,4108,0,0,0.00019955027097255136,7,518,82,600,0.716891551071879,0.5151515151515151
2683,4139,0,0,0.00011634200093474035,7,518,82,600,0.7162305986696231,0.5102040816326531
2684,4164,0,0,0.08919591644372306,7,518,82,600,0.7214873911777937,0.5154639175257731
2685,4228,0,0,0.0033433545730920406,7,518,82,600,0.7208404478842522,0.5104166666666666
2686,4278,0,0,3.7171493095610825e-05,7,518,82,600,0.7261333333333334,0.5157894736842106
2687,4303,0,0,0.0003351799877299659,7,518,82,600,0.7254997854997854,0.5106382978723404
2688,4324,0,0,0.000528666687213535,7,518,82,600,0.7308276195853836,0.5161290322580645
2689,4325,0,0,0.0011364164867958498,7,518,82,600,0.7361665408262322,0.5217391304347826
2690,4371,0,0,1.556448113631458e-05,7,518,82,600,0.7415158891142665,0.5274725274725275
2691,4459,0,0,0.08351257704942641,7,518,82,600,0.746875,0.5333333333333333
2692,4479,0,0,0.0055102246770110525,7,518,82,600,0.746875,0.5333333333333333
2693,4484,0,1,0.7730362819918352,7,518,83,601,0.7422447599729547,0.5333333333333333
2694,4517,0,0,0.00011342399955863541,7,518,83,601,0.7422447599729547,0.5333333333333333
2695,4574,0,0,3.236447721730107e-06,7,518,83,601,0.7422447599729547,0.5333333333333333
2696,4613,0,0,0.0007078118796696403,7,518,83,601,0.7422447599729547,0.5333333333333333
2697,4645,0,1,0.5704281032868957,7,518,84,602,0.7376226944234711,0.5333333333333333
2698,4652,0,0,9.858689357616095e-05,7,518,84,602,0.7376226944234711,0.5333333333333333
2699,4749,0,0,0.0009349632079101301,8,518,84,602,0.7376226944234711,0.5333333333333333
2700,4757,0,0,0.00017871674492824118,8,518,84,602,0.7376226944234711,0.5333333333333333
2701,4827,0,0,0.0001497167007806753,8,518,84,602,0.7376226944234711,0.5333333333333333
2702,4910,0,0,5.187136115207065e-05,8,518,84,602,0.7376226944234711,0.5333333333333333
2703,0,1,0,0.00517571413025175,8,519,84,603,0.7322811970638058,0.5274725274725275
2704,56,1,0,0.0469190397916021,8,520,84,604,0.726949806949807,0.5217391304347826
2705,70,1,1,0.8491632657536384,8,520,84,604,0.72752,0.5268817204301075
2706,78,1,0,0.03609867098024823,8,521,84,605,0.7222218676028618,0.5212765957446809
2707,82,1,1,0.986128320659879,8,521,84,605,0.7228056944775212,0.5263157894736842
2708,96,1,0,0.050709948454762295,8,522,84,606,0.7175419702248971,0.5208333333333334
2709,125,1,0,0.10901155852988108,8,523,84,607,0.7122909809084925,0.5154639175257731
2710,142,1,0,0.3117972370743819,8,524,84,608,0.7070533837746953,0.5102040816326531
2711,143,1,1,0.7203416199396998,8,524,84,608,0.707697457893085,0.5151515151515151
2712,161,1,0,0.1235443070489853,8,525,84,609,0.7024974555703437,0.51
2713,179,1,1,0.9991013484855256,8,525,84,609,0.7031567868187842,0.5148514851485149
2714,194,1,0,0.06142753462602698,8,526,84,610,0.697995642701525,0.5098039215686274
2715,205,1,0,0.00045745903880396277,8,527,84,611,0.6928505604307421,0.5048543689320388
2716,235,1,0,0.00014469642552710721,8,528,84,612,0.687722199255891,0.5
2717,239,1,0,0.000275578861713483,8,529,84,613,0.6871641174038859,0.49523809523809526
2718,243,1,1,0.9999090588100047,8,529,84,613,0.6879209144269385,0.5
2719,246,1,0,0.01250155586929146,8,530,84,614,0.6873957367933272,0.4953271028037383
2720,259,1,0,0.00032857898523754356,8,531,84,615,0.6823253064686078,0.49074074074074076
2721,262,1,0,0.02640229403567987,8,532,84,616,0.6772742200328407,0.48623853211009177
2722,277,1,0,0.04204680954182649,8,533,84,617,0.6722431414739107,0.4818181818181818
2723,301,1,1,0.9562072733850099,8,533,84,617,0.6731027350034475,0.4864864864864865
2724,302,1,0,0.011546486188559415,8,534,84,618,0.6681191350469196,0.48214285714285715
2725,340,1,0,8.707423761566066e-06,8,535,84,619,0.6631572916401416,0.4778761061946903
2726,359,1,0,0.01759650491255567,8,536,84,620,0.6582178822093379,0.47368421052631576
2727,364,1,0,1.7741638144733035e-06,8,537,84,621,0.6533015873015873,0.46956521739130436
2728,365,1,1,0.9947081675572111,8,537,84,621,0.654263636593955,0.47413793103448276
2729,382,1,1,0.9524831243805287,8,537,84,621,0.6552190399150635,0.47863247863247865
2730,398,1,0,0.2987804191639944,8,538,84,622,0.6503838383838384,0.4745762711864407
2731,407,1,0,0.014665140104110248,8,539,84,623,0.645574055854083,0.47058823529411764
2732,424,1,0,0.010060248596029874,8,540,84,624,0.6407904022582922,0.4666666666666667
2733,426,1,1,0.9387343375305793,8,540,84,624,0.6418276972624798,0.47107438016528924
2734,430,1,0,0.0030396201083555422,8,541,84,625,0.6371011942174732,0.4672131147540984
2735,451,1,1,0.9820269642977244,8,541,84,625,0.6381639928698752,0.4715447154471545
2736,453,1,0,0.00017780121610265658,8,542,84,626,0.6334965877157768,0.46774193548387094
2737,454,1,0,0.4341107387322035,8,543,84,627,0.6332798073063026,0.464
2738,455,1,0,0.000781291630575131,8,544,84,628,0.6286571879936809,0.4603174603174603
2739,468,1,0,0.070285455556053,8,545,84,629,0.6240651629072682,0.4566929133858268
2740,482,1,0,0.03355259502418786,8,546,84,630,0.6195044966056265,0.453125
2741,490,1,0,0.010260851221261412,8,547,84,631,0.6149759615384616,0.4496124031007752
2742,495,1,0,0.04008805423297494,8,548,84,632,0.610480338414558,0.4461538461538462
2743,496,1,0,0.00020682007366441466,8,549,84,633,0.6060184165749174,0.44274809160305345
2744,504,1,1,0.998894032305125,8,549,84,633,0.6073469387755103,0.44696969696969696
2745,519,1,0,0.00011387611772546366,8,550,84,634,0.6029554149683679,0.44360902255639095
2746,520,1,0,0.003334761418808931,8,551,84,635,0.5985998599859985,0.44029850746268656
2747,522,1,0,0.016066777440692525,8,552,84,636,0.5942811070276757,0.43703703703703706
2748,541,1,1,0.9996013380173352,8,552,84,636,0.5957188929723243,0.4411764705882353
2749,549,1,0,0.024621518909344227,8,553,84,637,0.5914761476147614,0.43795620437956206
2750,558,1,0,0.03169647876237959,8,554,84,638,0.5872726363431773,0.43478260869565216
2751,572,1,0,0.0012441485251560947,8,555,84,639,0.583109243697479,0.4316546762589928
2752,607,1,0,0.024426942685733127,8,556,84,640,0.5789868667917449,0.42857142857142855
2753,608,1,0,0.0016947509247197535,8,557,84,641,0.5749064157741968,0.425531914893617
2754,613,1,0,0.09717839343882444,8,558,84,642,0.5750355319787809,0.4225352112676056
2755,649,1,0,0.032014323569376404,8,559,84,643,0.5710212510325148,0.4195804195804196
2756,657,1,0,0.012240206180235564,8,560,84,644,0.5710212510325148,0.4195804195804196
2757,676,1,1,0.9916294134020776,8,560,84,644,0.5710212510325148,0.4195804195804196
2758,683,1,0,0.0024931023907402345,8,561,84,645,0.5652847562806526,0.4125874125874126
2759,730,1,0,0.49350061972676856,8,562,84,646,0.5595084427767354,0.40559440559440557
2760,733,1,0,0.0008945106234984499,8,563,84,647,0.5536914765906363,0.3986013986013986
2761,765,1,0,0.00010987164997419333,8,564,84,648,0.5478330124277963,0.3916083916083916
2762,784,1,0,2.005863969978506e-05,8,565,84,649,0.5478330124277963,0.3916083916083916
2763,786,1,0,0.08071381037391236,8,566,84,650,0.5478330124277963,0.3916083916083916
2764,790,1,1,0.9970630269914981,8,566,84,650,0.5478330124277963,0.3916083916083916
2765,797,1,1,0.9074464951372389,8,566,84,650,0.5478330124277963,0.3916083916083916
2766,823,1,0,0.018349316655386794,8,567,84,651,0.5478330124277963,0.3916083916083916
2767,832,1,0,0.0031243722699472493,8,568,84,652,0.541932193219322,0.38461538461538464
2768,837,1,1,0.8821100262185553,8,568,84,652,0.5478330124277963,0.3916083916083916
2769,855,1,1,0.7525901195958692,8,568,84,652,0.5478330124277963,0.3916083916083916
2770,859,1,0,0.012100163470621372,8,569,84,653,0.5478330124277963,0.3916083916083916
2771,880,1,0,0.030116123559937424,8,570,84,654,0.5478330124277963,0.3916083916083916
2772,897,1,0,0.0008433426487148125,8,571,84,655,0.541932193219322,0.38461538461538464
2773,900,1,0,1.0017497472265314e-05,8,572,84,656,0.5359881497037425,0.3776223776223776
2774,915,1,0,0.00021984596321429197,8,573,84,657,0.53,0.3706293706293706
2775,919,1,1,0.9146995686297965,8,573,84,657,0.5359881497037425,0.3776223776223776
2776,932,1,0,0.002994668309200673,8,574,84,658,0.53,0.3706293706293706
2777,949,1,0,0.0002086172503177522,8,575,84,659,0.5239668491712294,0.36363636363636365
2778,960,1,0,0.05539618706420192,8,576,84,660,0.5239668491712294,0.36363636363636365
2779,979,1,0,0.01931257855771707,8,577,84,661,0.517887788778878,0.35664335664335667
2780,999,1,0,0.010457980414658442,8,578,84,662,0.517887788778878,0.35664335664335667
2781,1006,1,0,0.03451374333420658,8,579,84,663,0.511761896426696,0.34965034965034963
2782,1028,1,1,0.9992913153641925,8,579,84,663,0.511761896426696,0.34965034965034963
2783,1029,1,0,0.10650960588413881,8,580,84,664,0.5055882352941177,0.34265734265734266
2784,1030,1,1,0.8949398052287761,8,580,84,664,0.511761896426696,0.34965034965034963
2785,1044,1,0,0.011440246744691726,8,581,84,665,0.5055882352941177,0.34265734265734266
2786,1052,1,1,0.9696995470877477,8,581,84,665,0.511761896426696,0.34965034965034963
2787,1066,1,0,0.046290059135901326,8,582,84,666,0.5055882352941177,0.34265734265734266
2788,1067,1,0,3.5262581695585874e-05,8,583,84,667,0.5055882352941177,0.34265734265734266
2789,1086,1,0,0.003940112963456068,8,584,84,668,0.4993658536585366,0.3356643356643357
2790,1096,1,0,0.0004498284564732138,8,585,84,669,0.4930937844059653,0.32867132867132864
2791,1102,1,0,0.00027157520356987464,8,586,84,670,0.4930937844059653,0.32867132867132864
2792,1116,1,1,0.9145753025139599,8,586,84,670,0.4930937844059653,0.32867132867132864
2793,1122,1,0,0.0264793841184184,8,587,84,671,0.4867710445295487,0.32167832167832167
2794,1134,1,0,0.0041186422114798315,8,588,84,672,0.4803966346153846,0.3146853146853147
2795,1143,1,0,4.3156836214008144e-05,8,589,84,673,0.4803966346153846,0.3146853146853147
2796,1149,1,0,0.0007128826364367761,8,590,84,674,0.47396953831508803,0.3076923076923077
2797,1159,1,0,0.01629891031435625,8,591,84,675,0.47396953831508803,0.3076923076923077
2798,1217,1,0,0.02344332633864874,8,592,84,676,0.47396953831508803,0.3076923076923077
2799,1232,1,0,0.4602330519982221,8,593,84,677,0.47396953831508803,0.3076923076923077
2800,1260,1,0,0.0002825149082044631,8,594,84,678,0.4674887218045113,0.3006993006993007
2801,1280,1,0,0.00013038148235291336,8,595,84,679,0.4674887218045113,0.3006993006993007
2802,1282,1,0,0.036318549714738683,8,596,84,680,0.4674887218045113,0.3006993006993007
2803,1309,1,0,6.955648732954945e-05,8,597,84,681,0.46095313322801473,0.2937062937062937
2804,1364,1,0,0.03132805201828297,8,598,84,682,0.4543617021276596,0.2867132867132867
2805,1373,1,1,0.9485404723782577,8,598,84,682,0.46095313322801473,0.2937062937062937
2806,1389,1,0,0.00014011352424556328,8,599,84,683,0.46095313322801473,0.2937062937062937
2807,1405,1,1,0.9968221469330919,8,599,84,683,0.46095313322801473,0.2937062937062937
2808,1412,1,0,0.0001309703897798203,8,600,84,684,0.4543617021276596,0.2867132867132867
2809,1421,1,0,0.0002827214162677723,8,601,84,685,0.4543617021276596,0.2867132867132867
2810,1422,1,1,0.993264187997483,8,601,84,685,0.4543617021276596,0.2867132867132867
2811,1428,1,0,0.00018959402551258596,8,602,84,686,0.4477133388566694,0.27972027972027974
2812,1460,1,0,5.977830584119564e-05,8,603,84,687,0.4477133388566694,0.27972027972027974
2813,1466,1,0,0.007126501577384451,8,604,84,688,0.4477133388566694,0.27972027972027974
2814,1476,1,0,1.1623345888185735e-05,8,605,84,689,0.4477133388566694,0.27972027972027974
2815,1514,1,0,0.0707193833627079,8,606,84,690,0.44100693397648477,0.2727272727272727
2816,1530,1,0,0.0024397334388294315,8,607,84,691,0.44100693397648477,0.2727272727272727
2817,1591,1,0,0.00010371687684600713,8,608,84,692,0.44100693397648477,0.2727272727272727
2818,1594,1,0,0.03199390074909885,8,609,84,693,0.43424135763670646,0.26573426573426573
2819,1602,1,0,0.010905517061700164,8,610,84,694,0.43424135763670646,0.26573426573426573
2820,1615,1,1,0.9903363202870685,8,610,84,694,0.43424135763670646,0.26573426573426573
2821,1616,1,0,0.023702845848000448,8,611,84,695,0.427415458937198,0.25874125874125875
2822,1621,1,0,0.01388214268951034,8,612,84,696,0.427415458937198,0.25874125874125875
2823,1647,1,0,0.426160743955419,8,613,84,697,0.4205280652715872,0.2517482517482518
2824,1652,1,1,0.6259107893000052,8,613,84,697,0.427415458937198,0.25874125874125875
2825,1680,1,0,0.00022115925886116952,8,614,84,698,0.427415458937198,0.25874125874125875
2826,1695,1,0,0.006111433970463065,8,615,84,699,0.4205280652715872,0.2517482517482518
2827,1702,1,0,0.118299682193012,8,616,84,700,0.41357798165137616,0.24475524475524477
2828,1707,1,0,0.0020002897624840383,8,617,84,701,0.41357798165137616,0.24475524475524477
2829,1731,1,1,0.7786246927398011,8,617,84,701,0.41357798165137616,0.24475524475524477
2830,1751,1,1,0.9773105061719968,8,617,84,701,0.4205280652715872,0.2517482517482518
2831,1775,1,0,0.0008501695280068536,8,618,84,702,0.41357798165137616,0.24475524475524477
2832,1789,1,0,0.005274856112044629,8,619,84,703,0.41357798165137616,0.24475524475524477
2833,1806,1,0,0.09315437004692119,8,620,84,704,0.40656399000983884,0.23776223776223776
2834,1833,1,1,0.9924849298290715,8,620,84,704,0.40656399000983884,0.23776223776223776
2835,1857,1,0,2.50088309026715e-05,8,621,84,705,0.40656399000983884,0.23776223776223776
2836,1859,1,1,0.8581089685267461,8,621,84,705,0.41357798165137616,0.24475524475524477
2837,1862,1,1,0.8937687069359959,8,621,84,705,0.4205280652715872,0.2517482517482518
2838,1873,1,0,0.0069769434754011145,8,622,84,706,0.41357798165137616,0.24475524475524477
2839,1885,1,0,5.361873077440567e-05,8,623,84,707,0.40656399000983884,0.23776223776223776
2840,1897,1,0,0.01841419984332663,8,624,84,708,0.40656399000983884,0.23776223776223776
2841,1921,1,0,0.0825926984187128,8,625,84,709,0.39948484848484844,0.23076923076923078
2842,1922,1,1,0.9742018534546398,8,625,84,709,0.40656399000983884,0.23776223776223776
2843,1933,1,0,0.004733608521760551,8,626,84,710,0.40656399000983884,0.23776223776223776
2844,1957,1,0,7.87014419110458e-06,8,627,84,711,0.39948484848484844,0.23076923076923078
2845,1986,1,1,0.9987886374169765,8,627,84,711,0.40656399000983884,0.23776223776223776
2846,1988,1,0,0.0043772911792578926,8,628,84,712,0.40602235172431195,0.2361111111111111
2847,2006,1,1,0.9930812878532238,8,628,84,712,0.40911963939462614,0.2413793103448276
2848,2013,1,0,0.11757871360462764,8,629,84,713,0.4052173913043478,0.23972602739726026
2849,2048,1,0,0.011871024816915755,8,630,84,714,0.40136392206159655,0.23809523809523808
2850,2051,1,0,5.3792978937083464e-05,8,631,84,715,0.39756004421666163,0.23648648648648649
2851,2083,1,0,0.004335631834577283,8,632,84,716,0.39380658281238234,0.2348993288590604
2852,2085,1,0,0.002747929737961806,8,633,84,717,0.3901043757527097,0.23333333333333334
2853,2088,1,0,0.07609030741098366,8,634,84,718,0.38645427417939265,0.23178807947019867
2854,2109,1,0,0.00021035506292078624,8,635,84,719,0.38285714285714284,0.23026315789473684
2855,2119,1,0,0.06033872997167653,8,636,84,720,0.3793138605676495,0.22875816993464052
2856,2127,1,0,0.022369187615073945,8,637,84,721,0.3758253205128204,0.22727272727272727
2857,2129,1,1,0.9716853534960089,8,637,84,721,0.37937643879491545,0.23225806451612904
2858,2136,1,0,0.004674444951301865,8,638,84,722,0.376,0.23076923076923078
2859,2138,1,1,0.9755388233477641,8,638,84,722,0.3796021604861094,0.2356687898089172
2860,2149,1,1,0.9928317021604116,8,638,84,722,0.38320108002700065,0.24050632911392406
2861,2154,1,0,0.0015037258919447423,8,639,84,723,0.38,0.2389937106918239
2862,2174,1,1,0.9793482669990397,8,639,84,723,0.38365836583658364,0.24375
2863,2175,1,0,4.530627337129933e-06,8,640,84,724,0.3805793803605811,0.2422360248447205
2864,2182,1,0,0.000378492267852897,8,641,84,725,0.377563025210084,0.24074074074074073
2865,2213,1,0,0.24274910815022632,8,642,84,726,0.3776890756302521,0.2392638036809816
2866,2246,1,0,0.00012853718177559747,8,643,84,727,0.3747692307692308,0.23780487804878048
2867,2289,1,0,0.00017491949005688526,8,644,84,728,0.37191472325092584,0.23636363636363636
2868,2304,1,0,0.03072452641368814,8,645,84,729,0.3691266801832245,0.23493975903614459
2869,2314,1,0,0.00036468560364801293,8,646,84,730,0.36640625,0.23353293413173654
2870,2326,1,1,0.9920198864850208,8,646,84,730,0.3705263157894737,0.23809523809523808
2871,2327,1,0,0.04955954722110733,8,647,84,731,0.3679452844855689,0.23668639053254437
2872,2358,1,0,0.00021747581257562193,8,648,84,732,0.3654355680449619,0.23529411764705882
2873,2359,1,0,0.001964168101223078,8,649,84,733,0.36299841831739094,0.23391812865497075
2874,2365,1,0,0.02130731271475624,8,650,84,734,0.3606351120490403,0.23255813953488372
2875,2377,1,0,0.0007692217596744197,8,651,84,735,0.35834695160276553,0.23121387283236994
2876,2386,1,0,0.1574261760180509,8,652,84,736,0.3561352657004831,0.22988505747126436
2877,2411,1,0,0.034777819451873894,8,653,84,737,0.3540014101886127,0.22857142857142856
2878,2424,1,0,0.02393600453067375,8,654,84,738,0.3519467688275028,0.22727272727272727
2879,2427,1,0,0.00021491731170520344,8,655,84,739,0.34997275410580486,0.22598870056497175
2880,2450,1,1,0.973823049899106,8,655,84,739,0.3548072499304836,0.2303370786516854
2881,2453,1,0,0.0009414562209436797,8,656,84,740,0.35300131592266426,0.22905027932960895
2882,2455,1,1,0.968780381585526,8,656,84,740,0.35795454545454547,0.23333333333333334
2883,2490,1,0,0.03858701227517382,8,657,84,741,0.35632380952380954,0.23204419889502761
2884,2496,1,1,0.994252240780598,8,657,84,741,0.36140510809503196,0.23626373626373626
2885,2542,0,0,1.5790420348224313e-05,8,657,84,741,0.36140510809503196,0.23626373626373626
2886,2605,0,0,0.0007487711098473432,8,657,84,741,0.36140510809503196,0.23626373626373626
2887,2617,0,0,0.03073676558802417,8,657,84,741,0.36140510809503196,0.23626373626373626
2888,2634,0,0,7.003694314997266e-05,8,657,84,741,0.36140510809503196,0.23626373626373626
2889,2640,0,0,0.000551699690087568,8,657,84,741,0.36140510809503196,0.23626373626373626
2890,2657,0,0,7.5692583535029314e-06,8,657,84,741,0.36140510809503196,0.23626373626373626
2891,2728,0,0,2.546094251564891e-05,8,657,84,741,0.36140510809503196,0.23626373626373626
2892,2731,0,0,5.135972989724229e-05,8,657,84,741,0.36140510809503196,0.23626373626373626
2893,2744,0,0,0.00015546651514798971,8,657,84,741,0.3638693927372597,0.23626373626373626
2894,2848,0,0,0.0824232295927991,8,657,84,741,0.3638693927372597,0.23626373626373626
2895,2853,0,0,0.0005175294821608337,8,657,84,741,0.3638693927372597,0.23626373626373626
2896,2855,0,0,0.00035273620360106177,8,657,84,741,0.3638693927372597,0.23626373626373626
2897,2946,0,0,5.627635197367303e-05,8,657,84,741,0.36633650793650796,0.23626373626373626
2898,2999,0,0,5.703063718531117e-05,8,657,84,741,0.36633650793650796,0.23626373626373626
2899,3167,0,0,0.0004719514291824488,9,657,84,741,0.36633650793650796,0.23626373626373626
2900,3263,0,0,0.0004209065173325926,9,657,84,741,0.36633650793650796,0.23626373626373626
2901,3278,0,0,5.940798253712764e-05,9,657,84,741,0.36633650793650796,0.23626373626373626
2902,3330,0,0,6.19651644358326e-05,9,657,84,741,0.36633650793650796,0.23626373626373626
2903,3386,0,0,0.00018542145162127137,9,657,84,741,0.3679667207792208,0.23756906077348067
2904,3428,0,0,6.25917251964819e-05,9,657,84,741,0.3696840718502192,0.2388888888888889
2905,3531,0,0,0.29085942242486384,9,657,84,741,0.36481786698349306,0.2346368715083799
2906,3592,0,0,0.0005218853693140732,9,657,84,741,0.36670707070707076,0.23595505617977527
2907,3760,0,0,0.0007028333039405643,9,657,84,741,0.36195584232281486,0.23163841807909605
2908,3778,0,0,0.20248932592858823,9,657,84,741,0.3640099720480471,0.23295454545454544
2909,3841,0,0,2.4125715892453218e-05,9,657,84,741,0.36614331723027377,0.2342857142857143
2910,3856,0,0,9.718357279324744e-05,9,657,84,741,0.36835449402891274,0.23563218390804597
2911,3860,0,0,0.0002762749182382214,9,657,84,741,0.36386658632723257,0.23121387283236994
2912,3936,0,0,4.848457646969576e-05,9,657,84,741,0.366230429546367,0.23255813953488372
2913,4019,0,0,1.533911497669145e-05,9,657,84,741,0.36183458646616545,0.22807017543859648
2914,4088,0,0,2.1533115905386602e-05,9,657,84,741,0.36434529923094267,0.22941176470588234
2915,4134,0,0,0.07113229724535586,9,657,84,741,0.36692708333333335,0.23076923076923078
2916,4194,0,0,0.0002401450571487502,9,657,84,741,0.3695787339490877,0.23214285714285715
2917,4224,0,0,0.00012755193229688875,9,657,84,741,0.372299069162246,0.23353293413173654
2918,4246,0,0,1.2625001901474763e-05,9,657,84,741,0.36819527811124453,0.2289156626506024
2919,4295,0,0,0.00018064066115270025,9,657,84,741,0.3710497361906429,0.23030303030303031
2920,4296,0,0,0.008697262367386816,9,657,84,741,0.37396939693969394,0.23170731707317074
2921,4358,0,0,0.00042880392591527485,9,657,84,741,0.37695317382934573,0.2331288343558282
2922,4391,0,0,0.0018046982149374315,9,657,84,741,0.38,0.2345679012345679
2923,4488,0,0,3.7514479884814544e-05,9,657,84,741,0.3761556155615562,0.22981366459627328
2924,4546,0,0,0.4835785760876638,9,657,84,741,0.37932534820334574,0.23125
2925,4604,0,0,0.0007895148772486644,9,657,84,741,0.3825550220088035,0.23270440251572327
2926,4622,0,0,3.841128860751276e-05,9,657,84,741,0.38584365228267664,0.23417721518987342
2927,4627,0,0,0.006804062517084843,9,657,84,741,0.3891902712441197,0.2356687898089172
2928,4687,0,0,0.22433748822730418,9,657,84,741,0.38557692307692304,0.23076923076923078
2929,4708,0,0,7.95165451092724e-05,9,657,84,741,0.3819548872180451,0.22580645161290322
2930,4730,0,0,0.0009535357426031464,9,657,84,741,0.38546954537475864,0.22727272727272727
2931,4744,0,0,0.002987179481922891,9,657,84,741,0.38903853873946204,0.22875816993464052
2932,4762,0,0,0.0003843812147510438,9,657,84,741,0.39266099269413274,0.23026315789473684
2933,4791,0,0,0.10929501242585063,9,657,84,741,0.3891879321181647,0.2251655629139073
2934,4819,0,0,0.00040525984196642534,9,657,84,741,0.39291465378421897,0.22666666666666666
2935,4835,0,0,0.00021121577966093244,9,657,84,741,0.38947676177033974,0.2214765100671141
2936,4836,0,0,4.886952796955515e-05,9,657,84,741,0.3933045737783496,0.22297297297297297
2937,4966,0,0,0.006583875710700526,9,657,84,741,0.3971818181818182,0.22448979591836735
2938,4991,0,0,0.0005471082624618089,9,657,84,741,0.40110771253065036,0.22602739726027396
2939,92,1,1,0.9997244138591281,9,657,84,741,0.4083232323232323,0.2328767123287671
2940,116,1,0,6.6386309044447115e-06,9,658,84,742,0.4083232323232323,0.2328767123287671
2941,164,1,0,0.02443010808004263,9,659,84,743,0.4083232323232323,0.2328767123287671
2942,221,1,0,0.00624641934270378,9,660,84,744,0.4083232323232323,0.2328767123287671
2943,350,1,0,0.34660659485853695,9,661,84,745,0.4083232323232323,0.2328767123287671
2944,483,1,0,0.00027709146532449604,9,662,84,746,0.40110771253065036,0.22602739726027396
2945,493,1,0,7.987204300334859e-05,9,663,84,747,0.40110771253065036,0.22602739726027396
2946,571,1,0,0.0066569915341421326,9,664,84,748,0.40110771253065036,0.22602739726027396
2947,601,1,0,9.144990606646113e-05,9,665,84,749,0.40110771253065036,0.22602739726027396
2948,699,1,0,0.0019086602410566733,9,666,84,750,0.39382326146371094,0.2191780821917808
2949,706,1,0,0.028709841811767254,9,667,84,751,0.39382326146371094,0.2191780821917808
2950,767,1,0,0.00024550041075757016,9,668,84,752,0.39382326146371094,0.2191780821917808
2951,810,1,0,0.009332834735009184,9,669,84,753,0.39382326146371094,0.2191780821917808
2952,814,1,0,6.0151301147261466e-05,9,670,84,754,0.39382326146371094,0.2191780821917808
2953,818,1,0,1.8869947157072743e-06,9,671,84,755,0.39382326146371094,0.2191780821917808
2954,829,1,0,0.0006052587924160768,9,672,84,756,0.39382326146371094,0.2191780821917808
2955,834,1,1,0.6818481706615059,9,672,84,756,0.40110771253065036,0.22602739726027396
2956,986,1,0,0.0013619729096723395,9,673,84,757,0.40110771253065036,0.22602739726027396
2957,1024,1,1,0.6324028377303086,9,673,84,757,0.40110771253065036,0.22602739726027396
2958,1027,1,0,0.0015720733866012681,9,674,84,758,0.40110771253065036,0.22602739726027396
2959,1060,1,0,0.06615170897793775,9,675,84,759,0.40110771253065036,0.22602739726027396
2960,1061,1,0,0.006104361485485188,9,676,84,760,0.40110771253065036,0.22602739726027396
2961,1095,1,0,0.000790637516442194,9,677,84,761,0.40110771253065036,0.22602739726027396
2962,1148,1,0,1.6106021364077564e-06,9,678,84,762,0.40110771253065036,0.22602739726027396
2963,1157,1,0,0.014830978049242329,9,679,84,763,0.40110771253065036,0.22602739726027396
2964,1194,1,0,0.006211984237140304,9,680,84,764,0.39382326146371094,0.2191780821917808
2965,1201,1,0,8.930232403075037e-06,9,681,84,765,0.3864685465278306,0.21232876712328766
2966,1225,1,0,0.13948907259625795,9,682,84,766,0.3864685465278306,0.21232876712328766
2967,1241,1,0,5.109807186423616e-07,9,683,84,767,0.3864685465278306,0.21232876712328766
2968,1242,1,0,0.00010982115451336341,9,684,84,768,0.37904220779220776,0.2054794520547945
2969,1360,1,0,0.0001463570517803599,9,685,84,769,0.3715428571428571,0.19863013698630136
2970,1418,1,0,4.25030605413707e-07,9,686,84,770,0.3715428571428571,0.19863013698630136
2971,1436,1,0,0.0005168582114748307,9,687,84,771,0.3715428571428571,0.19863013698630136
2972,1448,1,1,0.9991763506751323,9,687,84,771,0.37904220779220776,0.2054794520547945
2973,1522,1,0,1.221999400610323e-06,9,688,84,772,0.37904220779220776,0.2054794520547945
2974,1555,1,0,0.015282651703311478,9,689,84,773,0.37904220779220776,0.2054794520547945
2975,1557,1,0,0.19932921123260788,9,690,84,774,0.3715428571428571,0.19863013698630136
2976,1582,1,0,0.05526349194477429,9,691,84,775,0.3715428571428571,0.19863013698630136
2977,1583,1,1,0.992680959598975,9,691,84,775,0.37904220779220776,0.2054794520547945
2978,1627,1,0,0.0007209024685701435,9,692,84,776,0.37904220779220776,0.2054794520547945
2979,1717,1,0,0.00046912379321842844,9,693,84,777,0.37904220779220776,0.2054794520547945
2980,1776,1,0,0.11986388903257417,9,694,84,778,0.37904220779220776,0.2054794520547945
2981,1794,1,0,0.0019654421610891563,9,695,84,779,0.37904220779220776,0.2054794520547945
2982,1834,1,0,0.0066124087466641526,9,696,84,780,0.3715428571428571,0.19863013698630136
2983,1838,1,0,1.0660324534186567e-05,9,697,84,781,0.3715428571428571,0.19863013698630136
2984,1884,1,1,0.9999851534490264,9,697,84,781,0.3715428571428571,0.19863013698630136
2985,1945,1,0,5.56339555620669e-05,9,698,84,782,0.3715428571428571,0.19863013698630136
2986,2005,1,0,3.329338785097248e-06,9,699,84,783,0.36396907740819856,0.1917808219178082
2987,2206,1,0,0.0019569377568476785,9,700,84,784,0.36396907740819856,0.1917808219178082
2988,2236,1,0,8.772423136614092e-05,9,701,84,785,0.36396907740819856,0.1917808219178082
2989,2255,1,0,0.03458661003649804,9,702,84,786,0.36396907740819856,0.1917808219178082
2990,2258,1,0,0.14631674043839216,9,703,84,787,0.36396907740819856,0.1917808219178082
2991,2268,1,0,3.601695297766508e-06,9,704,84,788,0.36396907740819856,0.1917808219178082
2992,2336,1,0,0.2623390607253122,9,705,84,789,0.3563194214560363,0.18493150684931506
2993,2396,1,0,0.01201964581621588,9,706,84,790,0.3563194214560363,0.18493150684931506
2994,2405,1,0,0.08267137834251957,9,707,84,791,0.3563194214560363,0.18493150684931506
2995,2414,1,0,0.03461284889197033,9,708,84,792,0.3563194214560363,0.18493150684931506
2996,2447,1,0,0.00040790640222978136,9,709,84,793,0.3563194214560363,0.18493150684931506
2997,2465,1,1,0.9744168262376258,9,709,84,793,0.36396907740819856,0.1917808219178082
2998,2473,1,0,0.003239751395132787,9,710,84,794,0.36396907740819856,0.1917808219178082
2999,2487,1,0,0.02844875304137001,9,711,84,795,0.36396907740819856,0.1917808219178082
3000,2519,0,0,4.423369395860517e-05,9,711,84,795,0.36794199281912865,0.19310344827586207
3001,2532,0,0,0.0012333157533873198,9,711,84,795,0.3719624643002857,0.19444444444444445
3002,2556,0,0,0.0009614915999977,9,711,84,795,0.37602977604126764,0.1958041958041958
3003,2606,0,0,0.06959313042930673,9,711,84,795,0.3801432225063938,0.19718309859154928
3004,2610,0,0,0.00021267101988716816,9,711,84,795,0.38430210814826204,0.19858156028368795
3005,2626,0,0,0.04791560619198907,9,711,84,795,0.38085374315746195,0.19285714285714287
3006,2650,0,0,0.00027242807031087194,9,711,84,795,0.3851014313664916,0.19424460431654678
3007,2656,0,0,0.08084677995864091,9,711,84,795,0.3816618437370815,0.18840579710144928
3008,2658,0,0,7.902216315575342e-06,9,711,84,795,0.38599596179234297,0.1897810218978102
3009,2769,0,0,0.0014923643331152029,9,711,84,795,0.39037244527440607,0.19117647058823528
3010,2831,0,0,6.502635952665954e-05,9,711,84,795,0.38697916666666665,0.18518518518518517
3011,2877,0,0,0.0002320804283172292,9,711,84,795,0.391438711866176,0.1865671641791045
3012,2920,0,0,0.0003169217668378154,9,711,84,795,0.39593890574327856,0.18796992481203006
3013,2970,0,0,0.03684874837706216,9,711,84,795,0.4004791486461691,0.1893939393939394
3014,2978,0,0,0.028547110987105627,9,711,84,795,0.4050588482555696,0.19083969465648856
3015,3026,0,1,0.9465788893994556,9,711,85,796,0.4062841530054645,0.19230769230769232
3016,3076,0,0,4.368177362978586e-05,9,711,85,796,0.4109216589861751,0.1937984496124031
3017,3099,0,0,3.128032156398836e-05,9,711,85,796,0.4155970858409883,0.1953125
3018,3265,0,0,8.877252039578366e-05,9,711,85,796,0.4203098621364875,0.1968503937007874
3019,3270,0,0,9.700664006632629e-05,9,711,85,796,0.4250594227504245,0.1984126984126984
3020,3277,0,0,0.0007017034998616188,9,711,85,796,0.42200000000000004,0.192
3021,3282,0,0,0.002083370561581313,9,711,85,796,0.42682317709029655,0.1935483870967742
3022,3326,0,1,0.9595986230634046,9,711,86,797,0.4282004866440279,0.1951219512195122
3023,3397,0,0,0.003580593941977612,9,711,86,797,0.43307593307593306,0.19672131147540983
3024,3563,0,0,0.0001621989491487556,9,711,86,797,0.4301046273325423,0.19008264462809918
3025,3597,0,0,0.0007041763542488019,9,711,86,797,0.43505070993914813,0.19166666666666668
3026,3717,0,0,1.9129272515309685e-05,9,711,86,797,0.44003038194444444,0.19327731092436976
3027,3775,0,0,0.0053965194259428615,9,711,86,797,0.44504312807814755,0.19491525423728814
3028,3791,0,0,0.021674287618198815,9,711,86,797,0.45008843760235834,0.19658119658119658
3029,3806,0,0,0.00044501242712049934,9,711,86,797,0.4472087912087912,0.1896551724137931
3030,3863,0,0,0.00041479386071930025,9,711,86,797,0.4442748091603053,0.1826086956521739
3031,4006,0,0,0.018913493346268233,9,711,86,797,0.44942133163109543,0.18421052631578946
3032,4008,0,0,0.0007123406022722593,9,711,86,797,0.4545989304812834,0.18584070796460178
3033,4026,0,0,0.0001546239586927958,9,711,86,797,0.4598071278825996,0.1875
3034,4029,0,0,0.2541727599817903,9,711,86,797,0.45691729323308267,0.18018018018018017
3035,4102,0,0,0.0014174635524961308,9,711,86,797,0.4621890547263682,0.18181818181818182
3036,4155,0,0,0.0002865683477977955,9,711,86,797,0.45927065527065525,0.1743119266055046
3037,4172,0,0,0.005887899874145563,9,711,86,797,0.4562867647058823,0.16666666666666666
3038,4334,0,0,0.01133780367006567,9,711,86,797,0.4616535433070866,0.16822429906542055
3039,4388,0,0,0.001461007228808087,9,711,86,797,0.4670490093847758,0.16981132075471697
3040,4418,0,0,8.238330804695371e-05,9,711,86,797,0.4724727272727272,0.17142857142857143
3041,4429,0,0,0.22694238061051375,9,711,86,797,0.4779242636746143,0.17307692307692307
3042,4456,0,0,0.0006937858625679142,9,711,86,797,0.4749994103078193,0.1650485436893204
3043,4472,0,0,0.38930392382020473,9,711,86,797,0.4805100861992358,0.16666666666666666
3044,4498,0,0,0.00011482325621240277,9,711,86,797,0.486047619047619,0.16831683168316833
3045,4504,0,0,2.8480559320822263e-06,9,711,86,797,0.483110950835437,0.16
3046,4596,0,0,0.00019002587077077287,9,711,86,797,0.4887061701549334,0.16161616161616163
3047,4640,0,0,0.00440458274250944,9,711,86,797,0.485720823798627,0.15306122448979592
3048,4684,0,0,6.596253590069578e-05,9,711,86,797,0.49137283768862716,0.15463917525773196
3049,4728,0,0,0.3711886651549073,9,711,86,797,0.49705035305726014,0.15625
3050,4796,0,0,0.1729939597435574,9,711,86,797,0.5027529761904762,0.15789473684210525
3051,4831,0,0,1.0632691648274116e-05,9,711,86,797,0.5084803142242589,0.1595744680851064
3052,4896,0,0,0.0009298121416953978,9,711,86,797,0.5142319749216301,0.16129032258064516
3053,4950,0,0,8.214992081724701e-05,9,711,86,797,0.5200075664428261,0.16304347826086957
3054,4970,0,0,0.0024240356915773194,9,711,86,797,0.525806697108067,0.16483516483516483
3055,2,1,0,7.920400700444863e-05,9,712,86,798,0.525806697108067,0.16483516483516483
3056,17,1,0,0.0256218389839784,9,713,86,799,0.525806697108067,0.16483516483516483
3057,19,1,0,0.00021628648377393584,9,714,86,800,0.51712002806928,0.15384615384615385
3058,32,1,1,0.9944204359237846,9,714,86,800,0.525806697108067,0.16483516483516483
3059,64,1,1,0.9999670521177337,9,714,86,800,0.525806697108067,0.16483516483516483
3060,71,1,0,4.7907160282860186e-05,9,715,86,801,0.51712002806928,0.15384615384615385
3061,94,1,0,0.000681360184579502,9,716,86,802,0.51712002806928,0.15384615384615385
3062,99,1,1,0.9999386154659142,9,716,86,802,0.51712002806928,0.15384615384615385
3063,148,1,0,0.0010371668423921464,9,717,86,803,0.51712002806928,0.15384615384615385
3064,159,1,1,0.9923933344673407,9,717,86,803,0.525806697108067,0.16483516483516483
3065,184,1,0,0.4895938989999952,9,718,86,804,0.525806697108067,0.16483516483516483
3066,195,1,0,0.00010343099445284558,9,719,86,805,0.525806697108067,0.16483516483516483
3067,228,1,0,0.06743650430900341,9,720,86,806,0.525806697108067,0.16483516483516483
3068,247,1,0,0.01866364649184913,9,721,86,807,0.525806697108067,0.16483516483516483
3069,300,1,0,0.0003297542622380521,9,722,86,808,0.525806697108067,0.16483516483516483
3070,325,1,0,0.001104182070125255,9,723,86,809,0.51712002806928,0.15384615384615385
3071,376,1,0,0.07702786609655271,9,724,86,810,0.51712002806928,0.15384615384615385
3072,389,1,0,1.5510059652581864e-05,9,725,86,811,0.51712002806928,0.15384615384615385
3073,391,1,0,0.15812596311756558,9,726,86,812,0.51712002806928,0.15384615384615385
3074,411,1,0,0.056506845506006445,9,727,86,813,0.51712002806928,0.15384615384615385
3075,444,1,0,0.04407960169030063,9,728,86,814,0.51712002806928,0.15384615384615385
3076,478,1,0,0.004847921285239786,9,729,86,815,0.51712002806928,0.15384615384615385
3077,485,1,1,0.9926886226931203,9,729,86,815,0.525806697108067,0.16483516483516483
3078,527,1,0,0.011263979873800893,9,730,86,816,0.525806697108067,0.16483516483516483
3079,546,1,1,0.9062605179252244,9,730,86,816,0.534368359658249,0.17582417582417584
3080,599,1,0,0.1683497021344044,9,731,86,817,0.525806697108067,0.16483516483516483
3081,619,1,0,0.00013194311118638083,9,732,86,818,0.525806697108067,0.16483516483516483
3082,632,1,0,0.3491445596466543,9,733,86,819,0.51712002806928,0.15384615384615385
3083,651,1,0,0.18006686230306537,9,734,86,820,0.51712002806928,0.15384615384615385
3084,661,1,0,0.0003892070329690895,9,735,86,821,0.5083044538570145,0.14285714285714285
3085,665,1,0,0.06070524583498372,9,736,86,822,0.5024924244840675,0.14130434782608695
3086,697,1,1,0.9995273936895035,9,736,86,822,0.5055320155112077,0.15053763440860216
3087,698,1,1,0.9993038303650751,9,736,86,822,0.5084803142242589,0.1595744680851064
3088,771,1,0,0.32516349049585064,9,737,86,823,0.5027529761904762,0.15789473684210525
3089,799,1,1,0.8189530984557284,9,737,86,823,0.5056459330143541,0.16666666666666666
3090,808,1,0,0.08350571690975857,9,738,86,824,0.4999740655987795,0.16494845360824742
3091,831,1,0,0.018286732808021927,9,739,86,825,0.4943273433705683,0.16326530612244897
3092,862,1,0,0.07038465519188505,9,740,86,826,0.4887061701549334,0.16161616161616163
3093,878,1,0,0.02520117724013771,9,741,86,827,0.483110950835437,0.16
3094,887,1,0,0.23736872459859754,9,742,86,828,0.477542091569724,0.15841584158415842
3095,930,1,0,0.00043993133845255365,9,743,86,829,0.47200000000000003,0.1568627450980392
3096,931,1,0,0.4323320163524545,9,744,86,830,0.4664850854586925,0.1553398058252427
3097,964,1,1,0.8169442297429778,9,744,86,830,0.46951601068357257,0.16346153846153846
3098,969,1,1,0.9998541524600625,9,744,86,830,0.4724727272727272,0.17142857142857143
3099,974,1,0,0.019584098321777713,9,745,86,831,0.4670490093847758,0.16981132075471697
3100,981,1,1,0.990867142499849,9,745,86,831,0.4699678308823529,0.17757009345794392
3101,990,1,1,0.7638382748814145,9,745,86,831,0.47282051282051285,0.18518518518518517
3102,1031,1,1,0.6492139449494433,9,745,86,831,0.4756105834464044,0.1926605504587156
3103,1048,1,1,0.9914535759964203,9,745,86,831,0.47834137582762876,0.2
3104,1091,1,1,0.9761928226938918,9,745,86,831,0.48101604278074866,0.2072072072072072
3105,1094,1,0,0.2575993311649546,9,746,86,832,0.47578585107268745,0.20535714285714285
3106,1124,1,1,0.8395416581288069,9,746,86,832,0.47844124700239804,0.21238938053097345
3107,1152,1,0,7.954085903904172e-05,9,747,86,833,0.4732747252747253,0.21052631578947367
3108,1187,1,1,0.9934996429548851,9,747,86,833,0.4759144011354951,0.21739130434782608
3109,1188,1,0,0.4791098052089557,9,748,86,834,0.4708127669995374,0.21551724137931033
3110,1196,1,1,0.9422302575251817,9,748,86,834,0.47344016227180524,0.2222222222222222
3111,1208,1,1,0.993381195627912,9,748,86,834,0.47602323142695807,0.2288135593220339
3112,1244,1,0,0.04898569251575601,9,749,86,835,0.4710231660231661,0.226890756302521
3113,1250,1,0,0.016298637484039574,9,750,86,836,0.46605524211877325,0.225
3114,1272,1,1,0.8702961436543464,9,750,86,836,0.4686680496821724,0.23140495867768596
3115,1295,1,1,0.9959244295169452,9,750,86,836,0.4712418300653594,0.23770491803278687
3116,1307,1,0,0.00043000654379319415,9,751,86,837,0.46637947418435227,0.23577235772357724
3117,1311,1,0,0.07888509879903907,9,752,86,838,0.4615510204081633,0.23387096774193547
3118,1314,1,1,0.6957562102756445,9,752,86,838,0.4641621451600221,0.24
3119,1329,1,0,0.000323312294044541,9,753,86,839,0.45940579558531225,0.23809523809523808
3120,1333,1,0,0.20442997961099962,9,754,86,840,0.45468488217333447,0.23622047244094488
3121,1374,1,1,0.6315189163712281,9,754,86,840,0.45733828841705865,0.2421875
3122,1375,1,1,0.6568546605289532,9,754,86,840,0.4599603945018249,0.24806201550387597
3123,1452,1,1,0.9517854988455262,9,754,86,840,0.4625531914893617,0.25384615384615383
3124,1464,1,0,0.0048446677833195294,9,755,86,841,0.45798578931109046,0.25190839694656486
3125,1484,1,1,0.9997687841426102,9,755,86,841,0.4605911330049261,0.25757575757575757
3126,1537,1,0,0.0050381788143186055,9,756,86,842,0.45610210302518,0.2556390977443609
3127,1541,1,0,0.0010088754026257784,9,757,86,843,0.4516521739130435,0.2537313432835821
3128,1549,1,0,0.02471373337706342,9,758,86,844,0.4472420133302688,0.2518518518518518
3129,1576,1,0,0.0052267689953717335,9,759,86,845,0.4428722970216238,0.25
3130,1607,1,1,0.5923513376671212,9,759,86,845,0.44561896043128874,0.25547445255474455
3131,1612,1,0,0.10185111241172963,9,760,86,846,0.44133333333333336,0.2536231884057971
3132,1635,1,1,0.9754418547189798,9,760,86,846,0.4441019989359276,0.2589928057553957
3133,1666,1,1,0.9845469196261699,9,760,86,846,0.4468515382087515,0.2642857142857143
3134,1704,1,0,0.4492821775227891,9,761,86,847,0.44269696969696964,0.2624113475177305
3135,1733,1,0,0.052231719766072694,9,762,86,848,0.4385867453770277,0.2605633802816901
3136,1746,1,1,0.9999615793780687,9,762,86,848,0.44140993679333185,0.26573426573426573
3137,1803,1,0,0.002687524682539587,9,763,86,849,0.4373913043478261,0.2638888888888889
3138,1837,1,1,0.9882336147799151,9,763,86,849,0.44024721133554423,0.2689655172413793
3139,1866,1,0,0.449770624692175,9,764,86,850,0.43341923318667513,0.2620689655172414
3140,1875,1,0,0.020048747026467507,9,765,86,851,0.43341923318667513,0.2620689655172414
3141,1876,1,0,0.00489412412161385,9,766,86,852,0.43341923318667513,0.2620689655172414
3142,1930,1,1,0.9909228934315555,9,766,86,852,0.44024721133554423,0.2689655172413793
3143,1946,1,0,0.0006124811627013224,9,767,86,853,0.44024721133554423,0.2689655172413793
3144,1952,1,0,0.28019875750294665,9,768,86,854,0.44024721133554423,0.2689655172413793
3145,1965,1,0,0.02871543846436512,9,769,86,855,0.44024721133554423,0.2689655172413793
3146,1967,1,1,0.8200725423420161,9,769,86,855,0.44701488790138333,0.27586206896551724
3147,1980,1,0,0.026341010457526702,9,770,86,856,0.44701488790138333,0.27586206896551724
3148,1992,1,0,0.14841306135864543,9,771,86,857,0.44701488790138333,0.27586206896551724
3149,2055,1,0,0.196487050701367,9,772,86,858,0.44701488790138333,0.27586206896551724
3150,2120,1,1,0.6866781755239841,9,772,86,858,0.45372340425531915,0.2827586206896552
3151,2165,1,1,0.7420345155538473,9,772,86,858,0.4603738809899947,0.2896551724137931
3152,2169,1,0,0.003438674196759926,9,773,86,859,0.4603738809899947,0.2896551724137931
3153,2181,1,0,0.002815078617673222,9,774,86,860,0.4603738809899947,0.2896551724137931
3154,2227,1,0,0.00016056124755084043,9,775,86,861,0.4603738809899947,0.2896551724137931
3155,2276,1,0,0.00016122230060730615,9,776,86,862,0.45372340425531915,0.2827586206896552
3156,2279,1,1,0.9961366100451368,9,776,86,862,0.4603738809899947,0.2896551724137931
3157,2312,1,1,0.9999503067191658,9,776,86,862,0.4603738809899947,0.2896551724137931
3158,2315,1,0,0.0004912374617919276,9,777,86,863,0.4603738809899947,0.2896551724137931
3159,2356,1,0,0.0002627880043896108,9,778,86,864,0.4603738809899947,0.2896551724137931
3160,2374,1,0,0.0038392951629729038,9,779,86,865,0.4603738809899947,0.2896551724137931
3161,2410,1,0,0.0553212651430302,9,780,86,866,0.4603738809899947,0.2896551724137931
3162,2512,0,0,0.003663716604781483,9,780,86,866,0.4643436370935367,0.2916666666666667
3163,2518,0,0,0.003803202002545665,9,780,86,866,0.46835956917978455,0.2937062937062937
3164,2628,0,0,0.0004509981435717469,9,780,86,866,0.472420862224902,0.29577464788732394
3165,2763,0,0,7.927375753153424e-05,9,780,86,866,0.4765267127592709,0.2978723404255319
3166,2804,0,0,0.00976789857345897,9,780,86,866,0.48067632850241554,0.3
3167,2812,0,0,0.0008277958180466127,9,780,86,866,0.4848689280048349,0.302158273381295
3168,2845,0,0,5.3781873517538236e-05,9,780,86,866,0.4891037402964008,0.30434782608695654
3169,2887,0,0,2.4347053838603188e-05,9,780,86,866,0.49338000454098235,0.30656934306569344
3170,3351,0,0,5.46733856116654e-05,9,780,86,866,0.49769696969696964,0.3088235294117647
3171,3396,0,0,8.192259096077917e-05,9,780,86,866,0.5020538941833717,0.3111111111111111
3172,3404,0,0,1.5249510165749763e-05,9,780,86,866,0.4998125205847332,0.30597014925373134
3173,3507,0,0,3.002162082684747e-05,9,780,86,866,0.5042491883116883,0.3082706766917293
3174,3594,0,0,0.0005347339884598129,9,780,86,866,0.5087238095238095,0.3106060606060606
3175,3695,0,0,0.0016641903225451194,9,780,86,866,0.513235683043434,0.31297709923664124
3176,3917,0,0,6.280654882843045e-05,9,780,86,866,0.5177841155050801,0.3153846153846154
3177,3960,0,0,0.0001023737486459477,9,780,86,866,0.5156845169692791,0.31007751937984496
3178,4002,0,0,0.00033658445014013124,9,780,86,866,0.520306905370844,0.3125
3179,4015,0,0,0.1271162983735166,9,780,86,866,0.5249640103486257,0.31496062992125984
3180,4437,0,0,0.00012542251414347322,9,780,86,866,0.5296551724137931,0.31746031746031744
3181,4598,0,0,8.624270118745197e-05,9,780,86,866,0.5343797383773226,0.32
3182,4713,0,0,0.0002840414059238956,9,780,86,866,0.5391370610647719,0.3225806451612903
3183,4773,0,0,8.552967605830901e-05,9,780,86,866,0.543926499032882,0.3252032520325203
3184,4851,0,0,0.1976940207045218,9,780,86,866,0.5420284227692785,0.319672131147541
3185,4948,0,0,0.00013267341362518996,9,780,86,866,0.546884531590414,0.32231404958677684
3186,4978,0,0,0.0002782195750945969,9,780,86,866,0.5517710959224512,0.325
3187,6,1,0,0.0007964469449615394,9,781,86,867,0.5517710959224512,0.325
3188,36,1,0,8.727189875866849e-05,9,782,86,868,0.5517710959224512,0.325
3189,45,1,0,0.00537657611683613,9,783,86,869,0.5517710959224512,0.325
3190,52,1,1,0.8872600867704867,9,783,86,869,0.5584811702458761,0.3333333333333333
3191,102,1,0,0.0009511677064939552,9,784,86,870,0.5584811702458761,0.3333333333333333
3192,163,1,0,0.022837136483238235,9,785,86,871,0.5584811702458761,0.3333333333333333
3193,175,1,0,0.023243539707246016,9,786,86,872,0.5584811702458761,0.3333333333333333
3194,197,1,0,0.0014893659502626959,9,787,86,873,0.5584811702458761,0.3333333333333333
3195,200,1,0,8.759431100236258e-05,9,788,86,874,0.5584811702458761,0.3333333333333333
3196,254,1,0,0.0007740542508105954,9,789,86,875,0.5584811702458761,0.3333333333333333
3197,257,1,0,0.02137214017856767,9,790,86,876,0.5517710959224512,0.325
3198,274,1,0,0.003174435298607362,9,791,86,877,0.5517710959224512,0.325
3199,276,1,0,0.0006496270713633571,10,792,86,878,0.5517710959224512,0.325
3200,326,1,0,0.0048726061506587865,10,793,86,879,0.546884531590414,0.32231404958677684
3201,337,1,0,0.010374010000548769,10,794,86,880,0.5420284227692785,0.319672131147541
3202,348,1,0,0.004899791601266511,10,795,86,881,0.5372033898305085,0.3170731707317073
3203,363,1,1,0.9660006955820584,10,795,86,881,0.5391370610647719,0.3225806451612903
3204,466,1,1,0.8773835932070226,10,795,86,881,0.5410509031198686,0.328
3205,556,1,0,0.014552617132806932,10,796,86,882,0.5363298240221317,0.3253968253968254
3206,569,1,1,0.9978114490766674,10,796,86,882,0.5382617022906612,0.33070866141732286
3207,581,1,0,0.007153685376051863,10,797,86,883,0.5336107711138312,0.328125
3208,605,1,0,0.0004494772718580844,10,798,86,884,0.5289941687250134,0.32558139534883723
3209,641,1,1,0.9960326509798146,10,798,86,884,0.530984126984127,0.33076923076923076
3210,686,1,0,0.0001448622220178626,10,799,86,885,0.5264407467532467,0.3282442748091603
3211,718,1,1,0.7776507820524383,10,799,86,885,0.5284542969936229,0.3333333333333333
3212,735,1,0,0.006861617419052193,10,800,86,886,0.5239861978310877,0.3308270676691729
3213,758,1,0,0.39148783670460663,10,801,86,887,0.5195555555555554,0.3283582089552239
3214,785,1,1,0.9943016771138365,10,801,86,887,0.5216352454884565,0.3333333333333333
3215,792,1,1,0.9875791796529902,10,801,86,887,0.5276643751101711,0.3382352941176471
3216,793,1,0,0.017211460336700114,10,802,86,888,0.5233333333333333,0.3357664233576642
3217,833,1,0,0.0011381521931387241,10,803,86,889,0.5190421118793211,0.3333333333333333
3218,869,1,0,0.1327730501872755,10,804,86,890,0.5147914782433927,0.33093525179856115
3219,890,1,1,0.9474285546441755,10,804,86,890,0.5169811320754717,0.3357142857142857
3220,892,1,0,0.1958640471053818,10,805,86,891,0.5128150154216504,0.3333333333333333
3221,894,1,0,0.029459982658917753,10,806,86,892,0.5086917293233083,0.33098591549295775
3222,922,1,0,0.0003266707304874985,10,807,86,893,0.5084511278195488,0.32867132867132864
3223,939,1,0,0.0030743743537608773,10,808,86,894,0.5043933966281721,0.3263888888888889
3224,942,1,0,0.04725827096318906,10,809,86,895,0.500380608974359,0.32413793103448274
3225,955,1,0,0.0004583852338881113,10,810,86,896,0.49641360666816853,0.3219178082191781
3226,973,1,1,0.9998670145985108,10,810,86,896,0.49887054409005627,0.32653061224489793
3227,997,1,0,5.065983531295592e-06,10,811,86,897,0.49499799919967985,0.32432432432432434
3228,1034,1,0,0.017202199629287304,10,812,86,898,0.4911737640969218,0.3221476510067114
3229,1039,1,1,0.5387808422720846,10,812,86,898,0.49372484312107806,0.32666666666666666
3230,1045,1,1,0.989335882964304,10,812,86,898,0.496275156878922,0.33112582781456956
3231,1105,1,1,0.9963264719091848,10,812,86,898,0.49882623590307823,0.3355263157894737
3232,1189,1,1,0.8900509655285236,10,812,86,898,0.501379612257661,0.33986928104575165
3233,1192,1,0,0.0049488585385690335,10,813,86,899,0.4978100290261236,0.33766233766233766
3234,1204,1,0,0.011626975807797894,10,814,86,900,0.4942942604690746,0.33548387096774196
3235,1247,1,0,2.719612152336531e-06,10,815,86,901,0.4908333333333333,0.3333333333333333
3236,1248,1,0,4.658324239362421e-05,10,816,86,902,0.4874282922918911,0.33121019108280253
3237,1276,1,0,0.024140681521409545,10,817,86,903,0.48408020050125317,0.3291139240506329
3238,1283,1,0,0.006901740338796124,10,818,86,904,0.48079014017402644,0.3270440251572327
3239,1358,1,0,0.12258302791087249,10,819,86,905,0.47755921316740263,0.325
3240,1370,1,0,0.36945321776025164,10,820,86,906,0.47438854158821014,0.32298136645962733
3241,1432,1,0,0.43555194984293816,10,821,86,907,0.4712792684152347,0.32098765432098764
3242,1443,1,0,0.3570437512604528,10,822,86,908,0.46823255813953485,0.31901840490797545
3243,1493,1,0,0.22343898866591835,10,823,86,909,0.46524959742351046,0.3170731707317073
3244,1534,1,0,0.0014376453998401642,10,824,86,910,0.46233159577950694,0.3151515151515151
3245,1554,1,1,0.9933253071498169,10,824,86,910,0.4656025631322687,0.3192771084337349
3246,1570,1,1,0.9511631918701501,10,824,86,910,0.4688922874693495,0.32335329341317365
3247,1609,1,1,0.9653195169566644,10,824,86,910,0.4722028831293861,0.3273809523809524
3248,1641,1,0,0.138874961169633,10,825,86,911,0.4695576298701299,0.3254437869822485
3249,1711,1,1,0.9313735128671411,10,825,86,911,0.4729630759841318,0.32941176470588235
3250,1750,1,0,0.0004378915942389453,10,826,86,912,0.47046293702732295,0.32748538011695905
3251,1757,1,0,0.08951072293820396,10,827,86,913,0.4680375356997144,0.32558139534883723
3252,1788,1,0,0.00011011145047796566,10,828,86,914,0.4656883475063204,0.3236994219653179
3253,1816,1,1,0.991855991533933,10,828,86,914,0.46935064935064935,0.3275862068965517
3254,1825,1,1,0.9848173018811998,10,828,86,914,0.47304746729716535,0.3314285714285714
3255,1856,1,0,0.04975003915691995,10,829,86,915,0.47304746729716535,0.3314285714285714
3256,1860,1,1,0.9999350090047718,10,829,86,915,0.4788899186489548,0.33714285714285713
3257,1867,1,0,0.013491044631739012,10,830,86,916,0.4788899186489548,0.33714285714285713
3258,1962,1,1,0.888845312169946,10,830,86,916,0.4788899186489548,0.33714285714285713
3259,1972,1,0,0.01835281813091136,10,831,86,917,0.47304746729716535,0.3314285714285714
3260,1981,1,0,0.01543337980310242,10,832,86,918,0.47304746729716535,0.3314285714285714
3261,1985,1,0,0.010439334156868624,10,833,86,919,0.47304746729716535,0.3314285714285714
3262,2017,1,0,0.1507866962133406,10,834,86,920,0.4671592775041051,0.32571428571428573
3263,2062,1,1,0.9660006954429879,10,834,86,920,0.47304746729716535,0.3314285714285714
3264,2089,1,0,0.01424843250337719,10,835,86,921,0.4671592775041051,0.32571428571428573
3265,2093,1,0,0.01455261823564159,10,836,86,922,0.4671592775041051,0.32571428571428573
3266,2137,1,0,0.01530517082091449,10,837,86,923,0.4671592775041051,0.32571428571428573
3267,2152,1,0,0.023679344447640138,10,838,86,924,0.4671592775041051,0.32571428571428573
3268,2249,1,0,0.00017140908999496268,10,839,86,925,0.4671592775041051,0.32571428571428573
3269,2261,1,0,0.0014170956274479455,10,840,86,926,0.4671592775041051,0.32571428571428573
3270,2295,1,0,0.0029338784727563254,10,841,86,927,0.4671592775041051,0.32571428571428573
3271,2297,1,1,0.9380471384687278,10,841,86,927,0.47304746729716535,0.3314285714285714
3272,2339,1,1,0.9705183787253477,10,841,86,927,0.4788899186489548,0.33714285714285713
3273,2348,1,0,0.0001164462739509516,10,842,86,928,0.4788899186489548,0.33714285714285713
3274,2351,1,0,0.0020608139325645654,10,843,86,929,0.4788899186489548,0.33714285714285713
3275,2366,1,0,0.00360846756942098,10,844,86,930,0.4788899186489548,0.33714285714285713
3276,2376,1,0,0.01457900824560414,10,845,86,931,0.4788899186489548,0.33714285714285713
3277,2388,1,1,0.7864269246149989,10,845,86,931,0.4788899186489548,0.33714285714285713
3278,2412,1,0,0.006057946463833152,10,846,86,932,0.4788899186489548,0.33714285714285713
3279,2416,1,0,0.02595982401409606,10,847,86,933,0.47304746729716535,0.3314285714285714
3280,2432,1,1,0.8580287542685792,10,847,86,933,0.4788899186489548,0.33714285714285713
3281,2443,1,0,0.0073047538565345245,10,848,86,934,0.4788899186489548,0.33714285714285713
3282,2461,1,0,0.01221182368758542,10,849,86,935,0.4788899186489548,0.33714285714285713
3283,2483,1,0,0.019011276832399983,10,850,86,936,0.4788899186489548,0.33714285714285713
3284,30,1,0,0.26824761221478965,10,851,86,937,0.4788899186489548,0.33714285714285713
3285,35,1,1,0.9989949968344293,10,851,86,937,0.48468729851708575,0.34285714285714286
3286,50,1,1,0.7357380191111369,10,851,86,937,0.48468729851708575,0.34285714285714286
3287,75,1,0,0.023829587869400117,10,852,86,938,0.4788899186489548,0.33714285714285713
3288,129,1,1,0.9997983503110297,10,852,86,938,0.48468729851708575,0.34285714285714286
3289,141,1,1,0.985192905957245,10,852,86,938,0.48468729851708575,0.34285714285714286
3290,198,1,1,0.6548469261120647,10,852,86,938,0.49044026457213724,0.3485714285714286
3291,202,1,0,0.06781848551333029,10,853,86,939,0.49044026457213724,0.3485714285714286
3292,271,1,0,0.0019289033593610297,10,854,86,940,0.49044026457213724,0.3485714285714286
3293,331,1,0,0.4949822198553071,10,855,86,941,0.49044026457213724,0.3485714285714286
3294,342,1,1,0.9951539119171524,10,855,86,941,0.4961494654552044,0.35428571428571426
3295,360,1,1,0.9179113575923202,10,855,86,941,0.5018155410312273,0.36
3296,372,1,0,9.475125703692766e-05,10,856,86,942,0.5018155410312273,0.36
3297,412,1,0,0.0378390949395774,10,857,86,943,0.4961494654552044,0.35428571428571426
3298,429,1,0,0.0012622454623051138,10,858,86,944,0.49044026457213724,0.3485714285714286
3299,494,1,1,0.7362647473339408,10,858,86,944,0.4961494654552044,0.35428571428571426
3300,499,1,0,6.825692047173458e-05,10,859,86,945,0.49044026457213724,0.3485714285714286
3301,503,1,1,0.994684778006606,10,859,86,945,0.49044026457213724,0.3485714285714286
3302,594,1,0,0.0010112827386470375,10,860,86,946,0.48468729851708575,0.34285714285714286
3303,620,1,0,0.007345442382821928,10,861,86,947,0.4788899186489548,0.33714285714285713
3304,660,1,0,0.006872729035292852,10,862,86,948,0.47304746729716535,0.3314285714285714
3305,662,1,0,0.008322932944025342,10,863,86,949,0.47304746729716535,0.3314285714285714
3306,673,1,1,0.9992552158154973,10,863,86,949,0.47304746729716535,0.3314285714285714
3307,682,1,0,0.007616321948383325,10,864,86,950,0.47304746729716535,0.3314285714285714
3308,702,1,1,0.979051164955163,10,864,86,950,0.47304746729716535,0.3314285714285714
3309,708,1,0,0.027095224123378323,10,865,86,951,0.47304746729716535,0.3314285714285714
3310,722,1,0,0.000492525100419991,10,866,86,952,0.4671592775041051,0.32571428571428573
3311,741,1,1,0.9885224703701043,10,866,86,952,0.4671592775041051,0.32571428571428573
3312,749,1,0,0.0048726058539799826,10,867,86,953,0.4671592775041051,0.32571428571428573
3313,789,1,0,0.0005639900261462037,10,868,86,954,0.4671592775041051,0.32571428571428573
3314,840,1,1,0.9803248058677484,10,868,86,954,0.4671592775041051,0.32571428571428573
3315,874,1,0,0.0018767411338936055,10,869,86,955,0.4612246727631343,0.32
3316,896,1,1,0.9952306101551294,10,869,86,955,0.4671592775041051,0.32571428571428573
3317,946,1,1,0.9999462027906965,10,869,86,955,0.47304746729716535,0.3314285714285714
3318,947,1,1,0.8971378759861722,10,869,86,955,0.47304746729716535,0.3314285714285714
3319,952,1,1,0.92619248536338,10,869,86,955,0.4788899186489548,0.33714285714285713
3320,972,1,1,0.9719622613254795,10,869,86,955,0.48468729851708575,0.34285714285714286
3321,991,1,1,0.640369426189021,10,869,86,955,0.48468729851708575,0.34285714285714286
3322,1013,1,0,0.0002970484301943541,10,870,86,956,0.4788899186489548,0.33714285714285713
3323,1069,1,0,0.0029963197223635968,10,871,86,957,0.47304746729716535,0.3314285714285714
3324,1076,1,1,0.9222425594525424,10,871,86,957,0.4788899186489548,0.33714285714285713
3325,1100,1,0,0.0010924114671679052,10,872,86,958,0.47304746729716535,0.3314285714285714
3326,1118,1,1,0.9876975001654685,10,872,86,958,0.4788899186489548,0.33714285714285713
3327,1121,1,1,0.7688691179745534,10,872,86,958,0.48468729851708575,0.34285714285714286
3328,1133,1,1,0.9828202776294185,10,872,86,958,0.49044026457213724,0.3485714285714286
3329,1146,1,1,0.6963313217519302,10,872,86,958,0.4961494654552044,0.35428571428571426
3330,1147,1,0,0.0004014432449781455,10,873,86,959,0.49044026457213724,0.3485714285714286
3331,1210,1,1,0.9849777548643223,10,873,86,959,0.4961494654552044,0.35428571428571426
3332,1211,1,1,0.5399714466068827,10,873,86,959,0.4961494654552044,0.35428571428571426
3333,1220,1,0,0.002896007901142193,10,874,86,960,0.49044026457213724,0.3485714285714286
3334,1304,1,0,0.00022793235790904067,10,875,86,961,0.49044026457213724,0.3485714285714286
3335,1325,1,1,0.9586169157337463,10,875,86,961,0.4961494654552044,0.35428571428571426
3336,1346,1,0,0.004392827068441993,10,876,86,962,0.49044026457213724,0.3485714285714286
3337,1385,1,1,0.9949162521869958,10,876,86,962,0.4961494654552044,0.35428571428571426
3338,1401,1,0,0.004872760906335521,10,877,86,963,0.49044026457213724,0.3485714285714286
3339,1411,1,0,0.016190996822765036,10,878,86,964,0.49044026457213724,0.3485714285714286
3340,1453,1,0,0.0020693501185108584,10,879,86,965,0.49044026457213724,0.3485714285714286
3341,1480,1,1,0.7922724651829697,10,879,86,965,0.4961494654552044,0.35428571428571426
3342,1491,1,0,7.747545817121771e-05,10,880,86,966,0.49044026457213724,0.3485714285714286
3343,1565,1,0,0.014828204782011191,10,881,86,967,0.49044026457213724,0.3485714285714286
3344,1568,1,0,0.26421418229195676,10,882,86,968,0.49044026457213724,0.3485714285714286
3345,1571,1,1,0.9998973356617757,10,882,86,968,0.4961494654552044,0.35428571428571426
3346,1578,1,0,0.0014367993133121023,10,883,86,969,0.49044026457213724,0.3485714285714286
3347,1614,1,1,0.9952936804556617,10,883,86,969,0.4961494654552044,0.35428571428571426
3348,1669,1,1,0.9202814020388027,10,883,86,969,0.5018155410312273,0.36
3349,1679,1,0,0.260323954686982,10,884,86,970,0.5018155410312273,0.36
3350,1793,1,0,0.08814469525306866,10,885,86,971,0.4961494654552044,0.35428571428571426
3351,1847,1,0,0.021043595434789387,10,886,86,972,0.49044026457213724,0.3485714285714286
3352,1863,1,0,0.0006366442479327036,10,887,86,973,0.49044026457213724,0.3485714285714286
3353,1883,1,0,0.008072730697073646,10,888,86,974,0.49044026457213724,0.3485714285714286
3354,1887,1,1,0.9723441019371101,10,888,86,974,0.4961494654552044,0.35428571428571426
3355,1943,1,1,0.9982085967657583,10,888,86,974,0.5018155410312273,0.36
3356,1953,1,0,0.15117955023023022,10,889,86,975,0.4961494654552044,0.35428571428571426
3357,1954,1,0,0.0005922866437961016,10,890,86,976,0.49044026457213724,0.3485714285714286
3358,1960,1,1,0.7609998723026326,10,890,86,976,0.4961494654552044,0.35428571428571426
3359,1968,1,1,0.9665890937488026,10,890,86,976,0.5018155410312273,0.36
3360,1983,1,0,0.008112009860785379,10,891,86,977,0.5018155410312273,0.36
3361,2008,1,1,0.9603093004223535,10,891,86,977,0.5074391226383221,0.3657142857142857
3362,2010,1,0,0.001451664952769166,10,892,86,978,0.5053333333333333,0.36363636363636365
3363,2037,1,1,0.7927207781117407,10,892,86,978,0.5088942357987237,0.3672316384180791
3364,2038,1,1,0.9381156068420526,10,892,86,978,0.5125010508617066,0.3707865168539326
3365,2054,1,0,0.0005111124890785773,10,893,86,979,0.5106556945358789,0.3687150837988827
3366,2092,1,0,0.4241283048464105,10,894,86,980,0.5089008552423188,0.36666666666666664
3367,2140,1,1,0.976552862495837,10,894,86,980,0.5127419354838709,0.3701657458563536
3368,2143,1,0,0.004497614803233389,10,895,86,981,0.5111758291443922,0.36813186813186816
3369,2168,1,0,0.001403013426289301,10,896,86,982,0.5097066666666668,0.366120218579235
3370,2178,1,1,0.9998394598539502,10,896,86,982,0.5138052338052337,0.3695652173913043
3371,2190,1,0,2.7810605695387866e-06,10,897,86,983,0.5125393240300072,0.3675675675675676
3372,2191,1,0,0.49207737552456604,10,898,86,984,0.5113774134397584,0.3655913978494624
3373,2210,1,1,0.9548424217589545,10,898,86,984,0.5157595486111112,0.3689839572192513
3374,2218,1,0,0.0009434353576772968,10,899,86,985,0.5148170117819924,0.3670212765957447
3375,2269,1,1,0.9720077388574656,10,899,86,985,0.5193923710944988,0.37037037037037035
3376,2338,1,0,0.05204376671435714,10,900,86,986,0.5186813186813187,0.3684210526315789
3377,2353,1,1,0.7758689076445989,10,900,86,986,0.5234649850647196,0.3717277486910995
3378,2379,1,1,0.6181000284352758,10,900,86,986,0.5283422459893048,0.375
3379,2389,1,1,0.9991562007096831,10,900,86,986,0.5333183705532488,0.37823834196891193
3380,2399,1,0,0.004261820457771135,10,901,86,987,0.5331187519360198,0.37628865979381443
3381,2408,1,0,0.4780183408228506,10,902,86,988,0.5330506558118498,0.37435897435897436
3382,2441,1,0,9.81704563179735e-05,10,903,86,989,0.5331172848264706,0.37244897959183676
3383,2459,1,0,0.4871656458831043,10,904,86,990,0.5333219373219373,0.37055837563451777
3384,2469,1,1,0.952035640792833,10,904,86,990,0.5389889705882352,0.37373737373737376
3385,2485,1,0,0.0013086569771906392,10,905,86,991,0.5394926595713997,0.37185929648241206
3386,2491,1,1,0.9712504060838405,10,905,86,991,0.5454545454545454,0.375
3387,3,1,0,0.0002965581700343551,10,906,86,992,0.5454545454545454,0.375
3388,108,1,0,0.4247095553260498,10,907,86,993,0.5454545454545454,0.375
3389,147,1,0,7.28779122244696e-05,10,908,86,994,0.5454545454545454,0.375
3390,153,1,0,0.009302161350399366,10,909,86,995,0.5401459854014599,0.37
3391,170,1,0,0.019072302792495797,10,910,86,996,0.5401459854014599,0.37
3392,177,1,1,0.9999852019438411,10,910,86,996,0.5454545454545454,0.375
3393,201,1,0,0.0001358650730999806,10,911,86,997,0.5454545454545454,0.375
3394,232,1,0,0.0010781002927771333,10,912,86,998,0.5454545454545454,0.375
3395,281,1,0,0.0005059146714577543,10,913,86,999,0.5454545454545454,0.375
3396,344,1,0,0.07871611814575125,10,914,86,1000,0.5454545454545454,0.375
3397,351,1,0,0.45694920222368657,10,915,86,1001,0.5454545454545454,0.375
3398,366,1,1,0.9913222756033475,10,915,86,1001,0.5507246376811594,0.38
3399,421,1,0,0.1732663028652082,10,916,86,1002,0.5507246376811594,0.38
3400,470,1,0,0.005911335960524373,10,917,86,1003,0.5507246376811594,0.38
3401,491,1,0,0.022958751995448064,10,918,86,1004,0.5507246376811594,0.38
3402,590,1,1,0.9704592947373827,10,918,86,1004,0.555956678700361,0.385
3403,679,1,0,0.0007994584100390795,10,919,86,1005,0.5507246376811594,0.38
3404,705,1,1,0.7423611809051861,10,919,86,1005,0.5507246376811594,0.38
3405,709,1,0,0.0002235030708834382,10,920,86,1006,0.5507246376811594,0.38
3406,724,1,1,0.9999818328592295,10,920,86,1006,0.5507246376811594,0.38
3407,725,1,0,0.04657625384752181,10,921,86,1007,0.5507246376811594,0.38
3408,729,1,1,0.7423610886938684,10,921,86,1007,0.555956678700361,0.385
3409,770,1,1,0.9450967316117423,10,921,86,1007,0.555956678700361,0.385
3410,777,1,1,0.8885804573565433,10,921,86,1007,0.5611510791366906,0.39
3411,813,1,1,0.963317113222311,10,921,86,1007,0.5611510791366906,0.39
3412,841,1,0,0.006360727965360518,10,922,86,1008,0.5611510791366906,0.39
3413,926,1,1,0.9941776348108137,10,922,86,1008,0.5663082437275986,0.395
3414,983,1,1,0.9742651302642885,10,922,86,1008,0.5663082437275986,0.395
3415,1015,1,0,0.0012094698593728258,10,923,86,1009,0.5611510791366906,0.39
3416,1040,1,1,0.6027141985027913,10,923,86,1009,0.5663082437275986,0.395
3417,1043,1,0,0.00010401556858519335,10,924,86,1010,0.5663082437275986,0.395
3418,1059,1,1,0.9999934191500243,10,924,86,1010,0.5714285714285714,0.4
3419,1071,1,1,0.6027141980026623,10,924,86,1010,0.5714285714285714,0.4
3420,1077,1,0,0.0025746147482515083,10,925,86,1011,0.5714285714285714,0.4
3421,1101,1,1,0.9553099959775296,10,925,86,1011,0.5765124555160143,0.405
3422,1123,1,1,0.994312077043223,10,925,86,1011,0.5815602836879432,0.41
3423,1138,1,0,0.49577935029270076,10,926,86,1012,0.5815602836879432,0.41
3424,1176,1,1,0.998140949031448,10,926,86,1012,0.5865724381625441,0.415
3425,1193,1,0,0.0037665570801906968,10,927,86,1013,0.5865724381625441,0.415
3426,1197,1,0,0.0032800464002646244,10,928,86,1014,0.5815602836879432,0.41
3427,1256,1,0,0.06164790041191892,10,929,86,1015,0.5815602836879432,0.41
3428,1259,1,1,0.7179496442332484,10,929,86,1015,0.5865724381625441,0.415
3429,1262,1,0,0.018682688327160534,10,930,86,1016,0.5815602836879432,0.41
3430,1285,1,0,0.14849766530329467,10,931,86,1017,0.5765124555160143,0.405
3431,1303,1,0,0.00026063356881618753,10,932,86,1018,0.5714285714285714,0.4
3432,1356,1,0,1.2042842003007923e-05,10,933,86,1019,0.5663082437275986,0.395
3433,1361,1,0,0.0035380441717909523,10,934,86,1020,0.5663082437275986,0.395
3434,1372,1,0,0.03609609614764414,10,935,86,1021,0.5663082437275986,0.395
3435,1410,1,0,0.008916912191923197,10,936,86,1022,0.5663082437275986,0.395
3436,1423,1,0,0.4080022324627116,10,937,86,1023,0.5663082437275986,0.395
3437,1431,1,0,0.18651607207304577,10,938,86,1024,0.5663082437275986,0.395
3438,1447,1,0,0.02628618698391545,10,939,86,1025,0.5663082437275986,0.395
3439,1458,1,0,0.00023042102304129134,10,940,86,1026,0.5663082437275986,0.395
3440,1481,1,0,0.00725785981131627,10,941,86,1027,0.5663082437275986,0.395
3441,1505,1,0,0.020748107497360075,10,942,86,1028,0.5663082437275986,0.395
3442,1543,1,0,0.47753858329231635,10,943,86,1029,0.5663082437275986,0.395
3443,1561,1,0,0.009977296260979837,10,944,86,1030,0.5663082437275986,0.395
3444,1562,1,1,0.9999916688934768,10,944,86,1030,0.5714285714285714,0.4
3445,1564,1,0,0.03526035871333505,10,945,86,1031,0.5663082437275986,0.395
3446,1574,1,1,0.7522047367176701,10,945,86,1031,0.5663082437275986,0.395
3447,1590,1,0,0.09337100218049786,10,946,86,1032,0.5611510791366906,0.39
3448,1624,1,0,0.00045185003791919877,10,947,86,1033,0.5611510791366906,0.39
3449,1630,1,0,0.001558391681177731,10,948,86,1034,0.555956678700361,0.385
3450,1639,1,0,0.0032040089008347076,10,949,86,1035,0.555956678700361,0.385
3451,1644,1,0,0.0018939218087806293,10,950,86,1036,0.555956678700361,0.385
3452,1645,1,0,0.0005281988970414586,10,951,86,1037,0.555956678700361,0.385
3453,1698,1,0,0.009521239250303633,10,952,86,1038,0.5507246376811594,0.38
3454,1712,1,0,0.016022241298687578,10,953,86,1039,0.5454545454545454,0.375
3455,1726,1,1,0.9932380105942406,10,953,86,1039,0.5507246376811594,0.38
3456,1760,1,0,0.027875979607113934,10,954,86,1040,0.5454545454545454,0.375
3457,1762,1,0,0.002341895740537738,10,955,86,1041,0.5454545454545454,0.375
3458,1808,1,0,0.006611492130949969,10,956,86,1042,0.5401459854014599,0.37
3459,1809,1,0,0.012932836988629806,10,957,86,1043,0.5401459854014599,0.37
3460,1839,1,1,0.9971988888131813,10,957,86,1043,0.5454545454545454,0.375
3461,1868,1,0,0.04039344733216107,10,958,86,1044,0.5454545454545454,0.375
3462,1894,1,1,0.9921888224311178,10,958,86,1044,0.5507246376811594,0.38
3463,1899,1,0,0.04619887452022995,10,959,86,1045,0.5454545454545454,0.375
3464,1925,1,0,0.18933596747120598,10,960,86,1046,0.5454545454545454,0.375
3465,1938,1,0,5.655134698285828e-05,10,961,86,1047,0.5454545454545454,0.375
3466,2073,1,0,0.0005059146714385573,10,962,86,1048,0.5454545454545454,0.375
3467,2097,1,0,0.003853815300692233,10,963,86,1049,0.5454545454545454,0.375
3468,2103,1,0,0.03644566134825325,10,964,86,1050,0.5454545454545454,0.375
3469,2110,1,0,0.027523691528108664,10,965,86,1051,0.5454545454545454,0.375
3470,2132,1,0,0.008226149034815949,10,966,86,1052,0.5454545454545454,0.375
3471,2158,1,0,0.00026723096991129264,10,967,86,1053,0.5401459854014599,0.37
3472,2184,1,0,0.0005050264856377891,10,968,86,1054,0.5347985347985348,0.365
3473,2235,1,0,0.0037471698569811907,10,969,86,1055,0.5347985347985348,0.365
3474,2256,1,0,0.14039442146040157,10,970,86,1056,0.5347985347985348,0.365
3475,2277,1,1,0.511988561202676,10,970,86,1056,0.5401459854014599,0.37
3476,2375,1,0,0.04619887570546803,10,971,86,1057,0.5401459854014599,0.37
3477,2381,1,1,0.8887197204562339,10,971,86,1057,0.5401459854014599,0.37
3478,2382,1,0,0.020291768757923302,10,972,86,1058,0.5401459854014599,0.37
3479,2435,1,0,0.020291768757923302,10,973,86,1059,0.5401459854014599,0.37
3480,2479,1,0,0.008576888640003713,10,974,86,1060,0.5347985347985348,0.365
3481,25,1,0,0.2266398821606576,10,975,86,1061,0.5347985347985348,0.365
3482,77,1,1,0.9863745804717275,10,975,86,1061,0.5401459854014599,0.37
3483,80,1,0,0.0007548395476113663,10,976,86,1062,0.5401459854014599,0.37
3484,135,1,0,0.01017027004885973,10,977,86,1063,0.5401459854014599,0.37
3485,178,1,0,0.002341895450535862,10,978,86,1064,0.5347985347985348,0.365
3486,216,1,0,0.015475854987039465,10,979,86,1065,0.5294117647058824,0.36
3487,244,1,0,0.0006937891101789926,10,980,86,1066,0.5294117647058824,0.36
3488,264,1,1,0.8428987486287144,10,980,86,1066,0.5294117647058824,0.36
3489,266,1,0,0.042789974733734165,10,981,86,1067,0.5239852398523985,0.355
3490,339,1,0,0.31579695627264537,10,982,86,1068,0.5185185185185185,0.35
3491,371,1,1,0.9926844174034015,10,982,86,1068,0.5239852398523985,0.355
3492,378,1,1,0.7397364065752576,10,982,86,1068,0.5294117647058824,0.36
3493,512,1,0,0.022029739504339754,10,983,86,1069,0.5294117647058824,0.36
3494,548,1,0,0.027574831980524763,10,984,86,1070,0.5239852398523985,0.355
3495,554,1,1,0.5042674383483557,10,984,86,1070,0.5239852398523985,0.355
3496,579,1,1,0.6542656916480581,10,984,86,1070,0.5294117647058824,0.36
3497,639,1,1,0.9277307145914296,10,984,86,1070,0.5347985347985348,0.365
3498,652,1,0,0.06912377435681902,10,985,86,1071,0.5347985347985348,0.365
3499,672,1,1,0.9831860482020551,10,985,86,1071,0.5347985347985348,0.365
3500,719,1,0,0.3006647514196833,10,986,86,1072,0.5347985347985348,0.365
3501,794,1,0,8.531270811920299e-05,10,987,86,1073,0.5294117647058824,0.36
3502,806,1,0,0.00012918473763988696,10,988,86,1074,0.5294117647058824,0.36
3503,879,1,1,0.5958531727812373,10,988,86,1074,0.5347985347985348,0.365
3504,918,1,0,0.07008292094547787,10,989,86,1075,0.5347985347985348,0.365
3505,976,1,0,0.00028194169831032164,10,990,86,1076,0.5347985347985348,0.365
3506,1173,1,0,2.379819196250644e-05,10,991,86,1077,0.5294117647058824,0.36
3507,1179,1,0,0.005455393985205514,10,992,86,1078,0.5294117647058824,0.36
3508,1270,1,1,0.8428987604649997,10,992,86,1078,0.5294117647058824,0.36
3509,1286,1,1,0.9391835888007565,10,992,86,1078,0.5347985347985348,0.365
3510,1289,1,1,0.9171791561375707,10,992,86,1078,0.5401459854014599,0.37
3511,1296,1,0,0.012726929163257317,10,993,86,1079,0.5347985347985348,0.365
3512,1305,1,0,0.18105010332857363,10,994,86,1080,0.5347985347985348,0.365
3513,1395,1,1,0.9768230002850214,10,994,86,1080,0.5401459854014599,0.37
3514,1398,1,0,0.0033507861192721205,10,995,86,1081,0.5347985347985348,0.365
3515,1492,1,0,0.08466229721914656,10,996,86,1082,0.5347985347985348,0.365
3516,1531,1,0,0.0005066622903118086,10,997,86,1083,0.5294117647058824,0.36
3517,1633,1,0,0.019033643809698825,10,998,86,1084,0.5239852398523985,0.355
3518,1646,1,1,0.9828419312944202,10,998,86,1084,0.5239852398523985,0.355
3519,1648,1,0,0.0737916759502677,10,999,86,1085,0.5185185185185185,0.35
3520,1723,1,0,0.0011635197819498504,10,1000,86,1086,0.5130111524163569,0.345
3521,1724,1,1,0.889947614643334,10,1000,86,1086,0.5130111524163569,0.345
3522,1728,1,0,0.009255206142868868,10,1001,86,1087,0.5130111524163569,0.345
3523,1741,1,0,0.00019653649278148245,10,1002,86,1088,0.5130111524163569,0.345
3524,1772,1,0,0.0008273197584919048,10,1003,86,1089,0.5074626865671642,0.34
3525,1780,1,0,0.03964263520911848,10,1004,86,1090,0.5074626865671642,0.34
3526,1798,1,0,0.0003347166888123086,10,1005,86,1091,0.50187265917603,0.335
3527,1813,1,1,0.9953793694013651,10,1005,86,1091,0.50187265917603,0.335
3528,1846,1,0,0.0011731997683776378,10,1006,86,1092,0.49624060150375937,0.33
3529,1848,1,0,6.42710922130347e-05,10,1007,86,1093,0.49056603773584906,0.325
3530,1902,1,0,0.0648092698629081,10,1008,86,1094,0.49056603773584906,0.325
3531,1924,1,0,0.007074207784305113,10,1009,86,1095,0.48484848484848486,0.32
3532,1934,1,0,0.0037658852774157805,10,1010,86,1096,0.4790874524714829,0.315
3533,1970,1,0,0.017199006092084836,10,1011,86,1097,0.4790874524714829,0.315
3534,2049,1,1,0.9970516539772579,10,1011,86,1097,0.48484848484848486,0.32
3535,2075,1,0,0.008211776083252943,10,1012,86,1098,0.4790874524714829,0.315
3536,2153,1,0,0.024940128930305516,10,1013,86,1099,0.4790874524714829,0.315
3537,2163,1,1,0.9936788638328687,10,1013,86,1099,0.4790874524714829,0.315
3538,2207,1,1,0.9928992131931532,10,1013,86,1099,0.48484848484848486,0.32
3539,2280,1,0,0.0005841402400324787,10,1014,86,1100,0.48484848484848486,0.32
3540,2294,1,0,0.1259984135701095,10,1015,86,1101,0.48484848484848486,0.32
3541,2321,1,0,0.06459735697739513,10,1016,86,1102,0.4790874524714829,0.315
3542,2328,1,0,0.0015534629933478775,10,1017,86,1103,0.4790874524714829,0.315
3543,2347,1,1,0.8442650831779072,10,1017,86,1103,0.48484848484848486,0.32
3544,2494,1,1,0.9960860580745067,10,1017,86,1103,0.49056603773584906,0.325
3545,28,1,1,0.9998850817619115,10,1017,86,1103,0.49056603773584906,0.325
3546,44,1,1,0.9615909054679729,10,1017,86,1103,0.49624060150375937,0.33
3547,67,1,0,0.0002448595109421353,10,1018,86,1104,0.49056603773584906,0.325
3548,73,1,0,0.32529162191604627,10,1019,86,1105,0.48484848484848486,0.32
3549,84,1,0,0.00033691649483957837,10,1020,86,1106,0.48484848484848486,0.32
3550,106,1,0,0.02400555037560435,10,1021,86,1107,0.48484848484848486,0.32
3551,109,1,1,0.9944836084128756,10,1021,86,1107,0.49056603773584906,0.325
3552,117,1,0,0.003954454548663091,10,1022,86,1108,0.49056603773584906,0.325
3553,123,1,0,0.008556354868617298,10,1023,86,1109,0.49056603773584906,0.325
3554,134,1,0,0.0032302793548941253,10,1024,86,1110,0.48484848484848486,0.32
3555,152,1,0,0.08114006175020538,10,1025,86,1111,0.4790874524714829,0.315
3556,162,1,1,0.9995388129809399,10,1025,86,1111,0.48484848484848486,0.32
3557,185,1,1,0.9993393146730415,10,1025,86,1111,0.49056603773584906,0.325
3558,210,1,0,0.0024154225562587743,10,1026,86,1112,0.48484848484848486,0.32
3559,214,1,1,0.9811684555195437,10,1026,86,1112,0.48484848484848486,0.32
3560,245,1,0,0.003749321900577696,10,1027,86,1113,0.48484848484848486,0.32
3561,258,1,0,0.000318568302230238,10,1028,86,1114,0.4790874524714829,0.315
3562,261,1,1,0.7554265329005718,10,1028,86,1114,0.48484848484848486,0.32
3563,270,1,0,0.0006093553578910693,10,1029,86,1115,0.4790874524714829,0.315
3564,291,1,0,0.0077356933029953685,10,1030,86,1116,0.47328244274809156,0.31
3565,316,1,0,0.059456700244495696,10,1031,86,1117,0.47328244274809156,0.31
3566,328,1,1,0.5673809058426855,10,1031,86,1117,0.4790874524714829,0.315
3567,374,1,1,0.9991407051868184,10,1031,86,1117,0.4790874524714829,0.315
3568,377,1,0,0.0016198609704934238,10,1032,86,1118,0.4790874524714829,0.315
3569,387,1,0,0.00047161371784282117,10,1033,86,1119,0.4790874524714829,0.315
3570,419,1,1,0.6997313723335562,10,1033,86,1119,0.4790874524714829,0.315
3571,457,1,0,0.004101492315176149,10,1034,86,1120,0.4790874524714829,0.315
3572,472,1,0,0.0008827873064081919,10,1035,86,1121,0.4790874524714829,0.315
3573,492,1,0,0.05936806343691619,10,1036,86,1122,0.47328244274809156,0.31
3574,498,1,0,0.12013798485802503,10,1037,86,1123,0.47328244274809156,0.31
3575,507,1,0,0.2081703286491158,10,1038,86,1124,0.4674329501915709,0.305
3576,514,1,0,0.0012499995914983496,10,1039,86,1125,0.4674329501915709,0.305
3577,530,1,0,0.005471833891002293,10,1040,86,1126,0.4615384615384615,0.3
3578,533,1,0,0.05479807919311047,10,1041,86,1127,0.4555984555984556,0.295
3579,561,1,0,0.29519596381183577,10,1042,86,1128,0.4496124031007752,0.29
3580,602,1,0,0.0011191395657978093,10,1043,86,1129,0.4496124031007752,0.29
3581,688,1,1,0.6014419777247794,10,1043,86,1129,0.4555984555984556,0.295
3582,747,1,0,5.201253256123122e-05,10,1044,86,1130,0.4555984555984556,0.295
3583,761,1,0,0.006532504146533253,10,1045,86,1131,0.4555984555984556,0.295
3584,782,1,1,0.7115830413200535,10,1045,86,1131,0.4555984555984556,0.295
3585,812,1,0,0.07040412870036819,10,1046,86,1132,0.4555984555984556,0.295
3586,815,1,1,0.9835087072275317,10,1046,86,1132,0.4555984555984556,0.295
3587,822,1,1,0.7644944680600416,10,1046,86,1132,0.4615384615384615,0.3
3588,828,1,0,0.008586657411554736,10,1047,86,1133,0.4615384615384615,0.3
3589,839,1,1,0.8466953864269204,10,1047,86,1133,0.4674329501915709,0.305
3590,842,1,0,0.0005391931673077909,10,1048,86,1134,0.4674329501915709,0.305
3591,889,1,0,3.5432322833326426e-05,10,1049,86,1135,0.4674329501915709,0.305
3592,914,1,0,0.0004494789254100165,10,1050,86,1136,0.4615384615384615,0.3
3593,966,1,1,0.9910957180388051,10,1050,86,1136,0.4674329501915709,0.305
3594,975,1,1,0.9753656787582354,10,1050,86,1136,0.47328244274809156,0.31
3595,980,1,0,0.04644805477075387,10,1051,86,1137,0.47328244274809156,0.31
3596,987,1,1,0.9884004853329715,10,1051,86,1137,0.4790874524714829,0.315
3597,1021,1,0,0.012620056149036399,10,1052,86,1138,0.4790874524714829,0.315
3598,1047,1,0,0.49848767175239217,10,1053,86,1139,0.47328244274809156,0.31
3599,1062,1,0,0.007735693419075959,10,1054,86,1140,0.47328244274809156,0.31
3600,1106,1,1,0.998769316660237,10,1054,86,1140,0.4790874524714829,0.315
3601,1162,1,1,0.9672073818387109,10,1054,86,1140,0.48484848484848486,0.32
3602,1183,1,0,0.025057961776101673,10,1055,86,1141,0.4790874524714829,0.315
3603,1214,1,0,6.064508291314977e-06,10,1056,86,1142,0.4790874524714829,0.315
3604,1265,1,0,0.27164515374467757,10,1057,86,1143,0.47328244274809156,0.31
3605,1327,1,0,0.006107667205433341,10,1058,86,1144,0.47328244274809156,0.31
3606,1331,1,0,0.013718041777322556,10,1059,86,1145,0.4674329501915709,0.305
3607,1342,1,0,0.011932903562264317,10,1060,86,1146,0.4674329501915709,0.305
3608,1371,1,0,0.028243902171813048,10,1061,86,1147,0.4615384615384615,0.3
3609,1390,1,0,0.01344026135601605,10,1062,86,1148,0.4555984555984556,0.295
3610,1435,1,0,0.023018810505337637,10,1063,86,1149,0.4496124031007752,0.29
3611,1465,1,0,1.8227670714293387e-05,10,1064,86,1150,0.44357976653696496,0.285
3612,1471,1,0,0.4193042459565837,10,1065,86,1151,0.44357976653696496,0.285
3613,1485,1,0,0.006375125643332837,10,1066,86,1152,0.4375,0.28
3614,1490,1,0,0.05399467942492993,10,1067,86,1153,0.43137254901960786,0.275
3615,1533,1,0,0.0002546812249339924,10,1068,86,1154,0.43137254901960786,0.275
3616,1542,1,1,0.9987065613184567,10,1068,86,1154,0.43137254901960786,0.275
3617,1566,1,0,0.026742180558783857,10,1069,86,1155,0.43137254901960786,0.275
3618,1584,1,1,0.9791768195518673,10,1069,86,1155,0.43137254901960786,0.275
3619,1625,1,0,0.007054843010816641,10,1070,86,1156,0.4251968503937008,0.27
3620,1649,1,0,0.10760732691647895,10,1071,86,1157,0.4251968503937008,0.27
3621,1667,1,0,0.007254091197656098,10,1072,86,1158,0.4189723320158103,0.265
3622,1671,1,0,0.0003394897585359347,10,1073,86,1159,0.4126984126984127,0.26
3623,1718,1,0,0.00038268469260248014,10,1074,86,1160,0.4126984126984127,0.26
3624,1719,1,0,0.3392968452481404,10,1075,86,1161,0.40637450199203184,0.255
3625,1721,1,0,0.003454803491674953,10,1076,86,1162,0.40637450199203184,0.255
3626,1734,1,1,0.8272241702061751,10,1076,86,1162,0.4126984126984127,0.26
3627,1739,1,1,0.9983346657536272,10,1076,86,1162,0.4189723320158103,0.265
3628,1755,1,0,0.06087086211578307,10,1077,86,1163,0.4126984126984127,0.26
3629,1764,1,1,0.9609029585911683,10,1077,86,1163,0.4189723320158103,0.265
3630,1784,1,1,0.9963285188267732,10,1077,86,1163,0.4251968503937008,0.27
3631,1792,1,1,0.9835087144738967,10,1077,86,1163,0.43137254901960786,0.275
3632,1818,1,0,0.03706654455169973,10,1078,86,1164,0.43137254901960786,0.275
3633,1835,1,1,0.9980581120005415,10,1078,86,1164,0.4375,0.28
3634,1871,1,0,0.0027082596975728382,10,1079,86,1165,0.4375,0.28
3635,1912,1,0,0.00793020658077446,10,1080,86,1166,0.4375,0.28
3636,1916,1,1,0.990071433128441,10,1080,86,1166,0.44357976653696496,0.285
3637,1969,1,0,0.005126894593285005,10,1081,86,1167,0.44357976653696496,0.285
3638,2021,1,0,0.007516871082649901,10,1082,86,1168,0.44357976653696496,0.285
3639,2034,1,1,0.9704232977728586,10,1082,86,1168,0.4496124031007752,0.29
3640,2074,1,0,1.698975778723698e-05,10,1083,86,1169,0.4496124031007752,0.29
3641,2076,1,0,0.022310337071471224,10,1084,86,1170,0.4496124031007752,0.29
3642,2078,1,0,0.004417511872527538,10,1085,86,1171,0.4496124031007752,0.29
3643,2125,1,1,0.8428906635089517,10,1085,86,1171,0.4555984555984556,0.295
3644,2126,1,0,0.027485889633431272,10,1086,86,1172,0.4496124031007752,0.29
3645,2130,1,0,0.056475633694735565,10,1087,86,1173,0.4496124031007752,0.29
3646,2131,1,0,0.0458551208971584,10,1088,86,1174,0.44357976653696496,0.285
3647,2133,1,1,0.9997728350653715,10,1088,86,1174,0.4496124031007752,0.29
3648,2176,1,0,0.05007378946751206,10,1089,86,1175,0.4496124031007752,0.29
3649,2180,1,1,0.6933805391812053,10,1089,86,1175,0.4555984555984556,0.295
3650,2183,1,0,0.0018362828917516854,10,1090,86,1176,0.4555984555984556,0.295
3651,2265,1,0,0.20381343375238703,10,1091,86,1177,0.4555984555984556,0.295
3652,2397,1,1,0.9825815401362211,10,1091,86,1177,0.4615384615384615,0.3
3653,2418,1,0,0.030416441428254656,10,1092,86,1178,0.4615384615384615,0.3
3654,2463,1,0,0.01696900703970649,10,1093,86,1179,0.4615384615384615,0.3
3655,2464,1,1,0.6083927093695602,10,1093,86,1179,0.4615384615384615,0.3
3656,2472,1,1,0.9864734273576176,10,1093,86,1179,0.4674329501915709,0.305
3657,2540,0,0,0.001009222044933397,10,1093,86,1179,0.466956043956044,0.3065326633165829
3658,3114,0,0,0.00046634419902805385,10,1093,86,1179,0.4666157342753088,0.30808080808080807
3659,3573,0,0,0.29756319695938355,10,1093,86,1179,0.46640899661535107,0.3096446700507614
3660,3598,0,0,0.00048041988309816723,10,1093,86,1179,0.46048611111111115,0.30612244897959184
3661,4514,0,0,0.2574819548533846,10,1093,86,1179,0.46054766734279917,0.3076923076923077
3662,4718,0,0,0.05309915143051873,10,1093,86,1179,0.4548600467855127,0.30412371134020616
3663,4935,0,1,0.609045297656277,10,1093,87,1180,0.45293619424054204,0.30569948186528495
3664,4,1,1,0.8189679246827453,10,1093,87,1180,0.45878222413979075,0.31088082901554404
3665,27,1,0,0.07885110322914929,10,1094,87,1181,0.45878222413979075,0.31088082901554404
3666,40,1,0,0.3333349377353316,10,1095,87,1182,0.45878222413979075,0.31088082901554404
3667,46,1,1,0.9834425002175158,10,1095,87,1182,0.4645828262339419,0.3160621761658031
3668,74,1,1,0.9777795158644987,10,1095,87,1182,0.47033854166666667,0.32124352331606215
3669,88,1,0,0.01798080164439617,10,1096,87,1183,0.47033854166666667,0.32124352331606215
3670,120,1,0,0.010393709188037375,10,1097,87,1184,0.47033854166666667,0.32124352331606215
3671,158,1,1,0.5358593179971302,10,1097,87,1184,0.476049903403989,0.32642487046632124
3672,171,1,0,0.0362308833699587,10,1098,87,1185,0.476049903403989,0.32642487046632124
3673,186,1,0,0.048872872937244786,10,1099,87,1186,0.476049903403989,0.32642487046632124
3674,215,1,1,0.9588486271340035,10,1099,87,1186,0.48171743640135384,0.3316062176165803
3675,218,1,1,0.7188453387911218,10,1099,87,1186,0.48171743640135384,0.3316062176165803
3676,223,1,0,3.328316210877534e-05,10,1100,87,1187,0.48171743640135384,0.3316062176165803
3677,269,1,0,0.0008153299177970072,10,1101,87,1188,0.476049903403989,0.32642487046632124
3678,290,1,0,0.170819397077343,10,1102,87,1189,0.476049903403989,0.32642487046632124
3679,295,1,1,0.8808316070990558,10,1102,87,1189,0.48171743640135384,0.3316062176165803
3680,307,1,0,0.01258063321682806,10,1103,87,1190,0.48171743640135384,0.3316062176165803
3681,393,1,0,0.03511861617439126,10,1104,87,1191,0.48171743640135384,0.3316062176165803
3682,402,1,1,0.9436305250730534,10,1104,87,1191,0.48171743640135384,0.3316062176165803
3683,450,1,1,0.9897944665582226,10,1104,87,1191,0.4873416577671897,0.33678756476683935
3684,459,1,1,0.7452951454938413,10,1104,87,1191,0.49292307692307685,0.34196891191709844
3685,497,1,0,0.005303664061532097,10,1105,87,1192,0.49292307692307685,0.34196891191709844
3686,528,1,1,0.9949194144668475,10,1105,87,1192,0.4984621957606329,0.3471502590673575
3687,529,1,0,0.1268466391684867,10,1106,87,1193,0.4984621957606329,0.3471502590673575
3688,532,1,0,0.39179867228544996,10,1107,87,1194,0.49292307692307685,0.34196891191709844
3689,582,1,1,0.7374051355261698,10,1107,87,1194,0.4984621957606329,0.3471502590673575
3690,588,1,1,0.7672767826313781,10,1107,87,1194,0.5039595087952207,0.35233160621761656
3691,623,1,1,0.984307885109775,10,1107,87,1194,0.5039595087952207,0.35233160621761656
3692,648,1,1,0.7640382582738914,10,1107,87,1194,0.5039595087952207,0.35233160621761656
3693,667,1,1,0.9878893104361809,10,1107,87,1194,0.5094155033165886,0.35751295336787564
3694,694,1,0,0.000299958581511364,10,1108,87,1195,0.5094155033165886,0.35751295336787564
3695,695,1,0,0.0009954782560917803,10,1109,87,1196,0.5039595087952207,0.35233160621761656
3696,721,1,0,0.005488236329625333,10,1110,87,1197,0.4984621957606329,0.3471502590673575
3697,737,1,0,0.0007841970319375457,10,1111,87,1198,0.49292307692307685,0.34196891191709844
3698,759,1,0,0.170819397077343,10,1112,87,1199,0.49292307692307685,0.34196891191709844
3699,764,1,0,0.0014200800235762224,10,1113,87,1200,0.4873416577671897,0.33678756476683935
3700,774,1,0,0.0022719385722877678,10,1114,87,1201,0.4873416577671897,0.33678756476683935
3701,775,1,0,0.0010953200039538716,10,1115,87,1202,0.4873416577671897,0.33678756476683935
3702,857,1,1,0.9830545412605596,10,1115,87,1202,0.49292307692307685,0.34196891191709844
3703,858,1,0,0.0064942136652029565,10,1116,87,1203,0.4873416577671897,0.33678756476683935
3704,866,1,0,0.4553250542631802,10,1117,87,1204,0.4873416577671897,0.33678756476683935
3705,881,1,0,0.39669658392933965,10,1118,87,1205,0.4873416577671897,0.33678756476683935
3706,891,1,1,0.9667482479076552,10,1118,87,1205,0.49292307692307685,0.34196891191709844
3707,907,1,1,0.8982337971029516,10,1118,87,1205,0.4984621957606329,0.3471502590673575
3708,917,1,1,0.7168240632512788,10,1118,87,1205,0.4984621957606329,0.3471502590673575
3709,921,1,0,0.007542582056005509,10,1119,87,1206,0.49292307692307685,0.34196891191709844
3710,951,1,0,0.37773699901290164,10,1120,87,1207,0.4873416577671897,0.33678756476683935
3711,993,1,0,0.020394606272033905,10,1121,87,1208,0.4873416577671897,0.33678756476683935
3712,1125,1,0,0.006844831321213385,10,1122,87,1209,0.4873416577671897,0.33678756476683935
3713,1130,1,1,0.5184559303797559,10,1122,87,1209,0.4873416577671897,0.33678756476683935
3714,1135,1,0,0.381162654455235,10,1123,87,1210,0.4873416577671897,0.33678756476683935
3715,1158,1,0,0.1155901351011327,10,1124,87,1211,0.4873416577671897,0.33678756476683935
3716,1168,1,0,0.009776480061902426,10,1125,87,1212,0.4873416577671897,0.33678756476683935
3717,1177,1,1,0.8125852029283149,10,1125,87,1212,0.49292307692307685,0.34196891191709844
3718,1222,1,0,0.2824643202692853,10,1126,87,1213,0.4873416577671897,0.33678756476683935
3719,1284,1,0,0.044802026649281616,10,1127,87,1214,0.4873416577671897,0.33678756476683935
3720,1345,1,0,0.04318472588170294,10,1128,87,1215,0.4873416577671897,0.33678756476683935
3721,1396,1,1,0.9887140245162355,10,1128,87,1215,0.4873416577671897,0.33678756476683935
3722,1407,1,0,0.0791822990739336,10,1129,87,1216,0.4873416577671897,0.33678756476683935
3723,1441,1,1,0.6290417565273237,10,1129,87,1216,0.49292307692307685,0.34196891191709844
3724,1449,1,1,0.7553350695840024,10,1129,87,1216,0.4984621957606329,0.3471502590673575
3725,1454,1,0,0.12750484558889572,10,1130,87,1217,0.4984621957606329,0.3471502590673575
3726,1463,1,0,0.05072358222388946,10,1131,87,1218,0.4984621957606329,0.3471502590673575
3727,1469,1,1,0.9895682933483783,10,1131,87,1218,0.4984621957606329,0.3471502590673575
3728,1473,1,0,0.0024694594898397077,10,1132,87,1219,0.4984621957606329,0.3471502590673575
3729,1489,1,0,0.0019839182472728063,10,1133,87,1220,0.4984621957606329,0.3471502590673575
3730,1508,1,1,0.9836923329191072,10,1133,87,1220,0.5039595087952207,0.35233160621761656
3731,1511,1,0,0.03537626040967472,10,1134,87,1221,0.5039595087952207,0.35233160621761656
3732,1513,1,0,0.059522607713624005,10,1135,87,1222,0.5039595087952207,0.35233160621761656
3733,1544,1,1,0.6199107552856794,10,1135,87,1222,0.5094155033165886,0.35751295336787564
3734,1608,1,1,0.984307885109775,10,1135,87,1222,0.5094155033165886,0.35751295336787564
3735,1713,1,0,0.009646234658644549,10,1136,87,1223,0.5094155033165886,0.35751295336787564
3736,1743,1,0,0.028415323276211553,10,1137,87,1224,0.5094155033165886,0.35751295336787564
3737,1747,1,0,0.0015587389908393815,10,1138,87,1225,0.5039595087952207,0.35233160621761656
3738,1752,1,1,0.7446223144196142,10,1138,87,1225,0.5039595087952207,0.35233160621761656
3739,1761,1,0,0.0018857621543837773,10,1139,87,1226,0.5039595087952207,0.35233160621761656
3740,1774,1,0,0.010329043068444661,10,1140,87,1227,0.5039595087952207,0.35233160621761656
3741,1796,1,0,0.005387649666910852,10,1141,87,1228,0.5039595087952207,0.35233160621761656
3742,1851,1,0,0.009776480351898658,10,1142,87,1229,0.5039595087952207,0.35233160621761656
3743,1890,1,0,0.2021072973215602,10,1143,87,1230,0.4984621957606329,0.3471502590673575
3744,1923,1,1,0.9893729461152272,10,1143,87,1230,0.4984621957606329,0.3471502590673575
3745,1973,1,0,0.22117962625889756,10,1144,87,1231,0.49292307692307685,0.34196891191709844
3746,1974,1,0,0.012191402217192063,10,1145,87,1232,0.4873416577671897,0.33678756476683935
3747,2029,1,1,0.8785144781607118,10,1145,87,1232,0.49292307692307685,0.34196891191709844
3748,2045,1,1,0.9924815484255325,10,1145,87,1232,0.4984621957606329,0.3471502590673575
3749,2063,1,0,0.09088001434433862,10,1146,87,1233,0.4984621957606329,0.3471502590673575
3750,2077,1,0,0.13739447721505446,10,1147,87,1234,0.4984621957606329,0.3471502590673575
3751,2095,1,0,0.001885762259498748,10,1148,87,1235,0.49292307692307685,0.34196891191709844
3752,2100,1,0,0.0003920738892021625,10,1149,87,1236,0.49292307692307685,0.34196891191709844
3753,2145,1,0,0.004023743911045086,10,1150,87,1237,0.49292307692307685,0.34196891191709844
3754,2155,1,0,0.01213373886325109,10,1151,87,1238,0.49292307692307685,0.34196891191709844
3755,2179,1,1,0.9959443149777415,10,1151,87,1238,0.4984621957606329,0.3471502590673575
3756,2217,1,0,0.03409943821064427,10,1152,87,1239,0.49292307692307685,0.34196891191709844
3757,2240,1,0,0.06673855295855474,10,1153,87,1240,0.4873416577671897,0.33678756476683935
3758,2247,1,0,0.0702737188116616,10,1154,87,1241,0.4873416577671897,0.33678756476683935
3759,2251,1,0,0.11655223556866398,10,1155,87,1242,0.48171743640135384,0.3316062176165803
3760,2267,1,0,0.36201571122375714,10,1156,87,1243,0.48171743640135384,0.3316062176165803
3761,2313,1,0,0.00963992147849159,10,1157,87,1244,0.48171743640135384,0.3316062176165803
3762,2368,1,1,0.8240160294961991,10,1157,87,1244,0.48171743640135384,0.3316062176165803
3763,2391,1,0,0.007593709898907118,10,1158,87,1245,0.48171743640135384,0.3316062176165803
3764,2392,1,0,0.06256561740720787,10,1159,87,1246,0.48171743640135384,0.3316062176165803
3765,2401,1,1,0.9641220976973633,10,1159,87,1246,0.4873416577671897,0.33678756476683935
3766,2419,1,0,0.0019027826440163684,10,1160,87,1247,0.48171743640135384,0.3316062176165803
3767,2468,1,0,0.00193739026154577,10,1161,87,1248,0.476049903403989,0.32642487046632124
3768,2474,1,0,0.20606772484104946,10,1162,87,1249,0.476049903403989,0.32642487046632124
3769,2478,1,1,0.9931287419857403,10,1162,87,1249,0.48171743640135384,0.3316062176165803
3770,2503,0,0,0.0005053003628924755,10,1162,87,1249,0.47638888888888886,0.328125
3771,2590,0,0,0.0665046605379503,10,1162,87,1249,0.47684787018255576,0.3298429319371728
3772,2616,0,0,0.00011545341935881618,10,1162,87,1249,0.47742422608132884,0.33157894736842103
3773,2713,0,0,0.00010378635045361528,10,1162,87,1249,0.4781154042644726,0.3333333333333333
3774,2748,0,1,0.896732172921815,10,1162,88,1250,0.476305557796241,0.3351063829787234
3775,2902,0,0,0.21696597959389768,10,1162,88,1250,0.4771621621621622,0.33689839572192515
3776,2915,0,0,3.73519036400853e-05,10,1162,88,1250,0.47812775742666924,0.3387096774193548
3777,2990,0,0,0.08061574483879806,10,1162,88,1250,0.47919999999999996,0.34054054054054056
3778,3206,0,0,0.005373015443894904,10,1162,88,1250,0.4803766057607915,0.3423913043478261
3779,3388,0,0,0.0001840692389706378,10,1162,88,1250,0.4816553480475382,0.3442622950819672
3780,3438,0,0,0.00019942426068445842,10,1162,88,1250,0.48303405572755426,0.34615384615384615
3781,3459,0,0,0.00021859942815979872,10,1162,88,1250,0.47887952600394995,0.3425414364640884
3782,3788,0,0,0.00048575724127932694,10,1162,88,1250,0.48045397225725095,0.34444444444444444
3783,3851,0,0,0.005600950209036558,10,1162,88,1250,0.48212183166889466,0.3463687150837989
3784,3933,0,0,0.0008995695783342837,10,1162,88,1250,0.47821237506197967,0.34269662921348315
3785,4118,0,0,0.00043824308771173615,10,1162,88,1250,0.48006249999999995,0.3446327683615819
3786,4236,0,0,0.0007546018616084043,10,1162,88,1250,0.47629007158418923,0.3409090909090909
3787,4300,0,0,3.114486830348462e-05,10,1162,88,1250,0.47256097560975613,0.33714285714285713
3788,4335,0,0,7.15675087924357e-05,10,1162,88,1250,0.474669245647969,0.3390804597701149
3789,4566,0,0,0.00025029698807900653,10,1162,88,1250,0.471062938500681,0.3352601156069364
3790,4577,0,0,6.024230518171311e-06,10,1162,88,1250,0.4733333333333334,0.3372093023255814
3791,4651,0,0,0.000798954726035331,10,1162,88,1250,0.47568201029739493,0.3391812865497076
3792,4753,0,0,0.11101006616899363,10,1162,88,1250,0.4781074168797954,0.3411764705882353
3793,4870,0,0,0.0014537723998341297,10,1162,88,1250,0.4747674418604651,0.33727810650887574
3794,4964,0,0,0.0010717734153291017,10,1162,88,1250,0.47145559963381145,0.3333333333333333
3795,2624,0,0,0.025493911465320436,10,1162,88,1250,0.47410158730158725,0.33532934131736525
3796,2724,0,0,3.85674100251531e-05,10,1162,88,1250,0.4708859669124167,0.3313253012048193
3797,2901,0,0,2.6689268638189406e-05,10,1162,88,1250,0.473671424233222,0.3333333333333333
3798,3142,0,0,0.00022928066351804357,10,1162,88,1250,0.4765246846482469,0.3353658536585366
3799,3327,0,0,5.931177305090153e-05,10,1162,88,1250,0.47944444444444445,0.3374233128834356
3800,3526,0,0,0.4162433734921138,10,1162,88,1250,0.47644923883456,0.3333333333333333
3801,3530,0,0,0.026534864879866563,10,1162,88,1250,0.47347020933977463,0.32919254658385094
3802,3543,0,0,2.0224876828385576e-05,10,1162,88,1250,0.47658076681332495,0.33125
3803,3576,0,0,8.820568655069677e-05,10,1162,88,1250,0.47975278866445575,0.3333333333333333
3804,3799,0,0,0.01563483105003693,10,1162,88,1250,0.48298511209861666,0.33544303797468356
3805,3837,0,0,8.636589322463658e-05,10,1162,88,1250,0.48627659574468085,0.3375796178343949
3806,3929,0,0,0.001636830219833165,10,1162,88,1250,0.4896261190100053,0.33974358974358976
3807,3965,0,0,0.45508164753302704,10,1162,88,1250,0.4930325814536341,0.3419354838709677
3808,3998,0,0,0.00010205801272799188,10,1162,88,1250,0.4964949021769083,0.34415584415584416
3809,4067,0,0,0.0009542554158146327,10,1162,88,1250,0.5000120192307692,0.3464052287581699
3810,4110,0,0,0.0001553544285054521,10,1162,88,1250,0.5035828890390729,0.34868421052631576
3811,4239,0,0,3.6338514549218876e-05,10,1162,88,1250,0.5072064858372535,0.3509933774834437
3812,4281,0,0,0.0018005621204122337,10,1162,88,1250,0.5108818011257036,0.35333333333333333
3813,4839,0,0,0.00022807272331791924,10,1162,88,1250,0.5146078431372549,0.35570469798657717
3814,4853,0,0,0.0006078277940740033,10,1162,88,1250,0.5183836363181716,0.3581081081081081
3815,4860,0,0,0.159080968873474,10,1162,88,1250,0.5222082208220822,0.36054421768707484
3816,4972,0,0,0.0019733037925582083,10,1162,88,1250,0.52,0.3561643835616438
3817,2722,0,0,0.00038417615110161133,10,1162,88,1250,0.5239193479836995,0.3586206896551724
3818,3767,0,0,0.00044176690029542167,10,1162,88,1250,0.5217573954139683,0.3541666666666667
3819,4368,0,0,0.0003601515779485692,10,1162,88,1250,0.5257683073229292,0.35664335664335667
3820,4411,0,0,0.0016182040870713896,10,1162,88,1250,0.5298236397748594,0.3591549295774648
