row_idx,sample_id,gt,pred,prob_phish,live_round,cum_FN,cum_FP,cum_errors,rolling_f1w_w200,rolling_recall_phish_w200
0,2571,0,0,0.03043404686659911,0,0,0,0,,
1,2685,0,0,0.000489246858778382,0,0,0,0,,
2,2697,0,0,0.001228971786608914,0,0,0,0,,
3,2886,0,0,4.021877140360176e-05,0,0,0,0,,
4,2891,0,0,0.003957782991507663,0,0,0,0,,
5,3121,0,0,5.329237843894164e-06,0,0,0,0,,
6,3319,0,0,0.00010621025189605297,0,0,0,0,,
7,3362,0,0,3.3011081115911635e-05,0,0,0,0,,
8,3379,0,0,0.0011864650116200405,0,0,0,0,,
9,3596,0,0,0.0068516400674112484,0,0,0,0,,
10,3706,0,0,0.0008238078929102242,0,0,0,0,,
11,4031,0,0,5.513010375533409e-05,0,0,0,0,,
12,4131,0,0,1.7190943893151888e-05,0,0,0,0,,
13,4318,0,0,0.0005363109147823538,0,0,0,0,,
14,4547,0,0,1.204377995164882e-05,0,0,0,0,,
15,4750,0,0,0.001018123766972649,0,0,0,0,,
16,4754,0,0,0.014493084373192366,0,0,0,0,,
17,4884,0,0,0.0006158227369854503,0,0,0,0,,
18,4980,0,0,2.1511910140116075e-05,0,0,0,0,,
19,241,1,0,0.005238064767293257,0,1,0,1,,
20,575,1,0,0.0003499345802523118,0,2,0,2,,
21,1468,1,0,0.0022550381685480804,0,3,0,3,,
22,2585,0,0,0.003018898399581602,0,3,0,3,,
23,2655,0,0,0.00023953029565359655,0,3,0,3,,
24,2682,0,0,0.004289862765626352,0,3,0,3,,
25,2843,0,0,0.4488238684208146,0,3,0,3,,
26,2982,0,0,2.3111932647188394e-05,0,3,0,3,,
27,3044,0,0,0.0002773830286692281,0,3,0,3,,
28,3126,0,0,0.00016830853540023135,0,3,0,3,,
29,3208,0,0,0.0008943009802058829,0,3,0,3,,
30,3498,0,0,0.002076041932473076,0,3,0,3,,
31,3559,0,0,0.0016876233368862963,0,3,0,3,,
32,3577,0,0,0.0017181230238690086,0,3,0,3,,
33,3696,0,0,1.7657057396303914e-05,0,3,0,3,,
34,3774,0,0,0.000869387329968629,0,3,0,3,,
35,3782,0,0,0.005071830698438188,0,3,0,3,,
36,3814,0,0,8.563381728839351e-05,0,3,0,3,,
37,3821,0,0,0.0007406738544500236,0,3,0,3,,
38,3866,0,0,0.0023237944376081274,0,3,0,3,,
39,3923,0,0,1.5088370864064297e-05,0,3,0,3,,
40,4022,0,0,0.001956033098789777,0,3,0,3,,
41,4160,0,0,6.736988350884596e-05,0,3,0,3,,
42,4235,0,0,7.3896240725928574e-06,0,3,0,3,,
43,4306,0,0,0.0021675182877582714,0,3,0,3,,
44,4497,0,0,0.00010218068844360967,0,3,0,3,,
45,4697,0,0,0.00010377184237776405,0,3,0,3,,
46,4710,0,0,0.0011657768913222876,0,3,0,3,,
47,4797,0,0,0.004107708726738636,0,3,0,3,,
48,4887,0,0,0.017886604364000032,0,3,0,3,,
49,4920,0,0,0.0009612271381141676,0,3,0,3,,
50,154,1,0,0.0013156287529156364,0,4,0,4,,
51,2437,1,1,0.9994133416442795,0,4,0,4,,
52,2720,0,1,0.9236913197002707,0,4,1,5,,
53,2863,0,0,0.0002201358005555837,0,4,1,5,,
54,2957,0,0,4.631271017271324e-05,0,4,1,5,,
55,3080,0,0,0.0072297029529940745,0,4,1,5,,
56,3108,0,0,0.01834411203890144,0,4,1,5,,
57,3132,0,1,0.7798863948498381,0,4,2,6,,
58,3195,0,0,4.330621573329757e-06,0,4,2,6,,
59,3220,0,0,0.0052761317150192,0,4,2,6,,
60,3274,0,0,0.0008014037154407698,0,4,2,6,,
61,3372,0,0,0.00030365709499065535,0,4,2,6,,
62,3395,0,0,9.171010554246518e-05,0,4,2,6,,
63,3818,0,0,0.05725707045033576,0,4,2,6,,
64,4033,0,0,0.00025897829732301857,0,4,2,6,,
65,4389,0,0,0.00020408505039740097,0,4,2,6,,
66,4415,0,0,0.0002875527308449808,0,4,2,6,,
67,4446,0,0,5.609948887955047e-05,0,4,2,6,,
68,4712,0,0,0.0002760933430872024,0,4,2,6,,
69,4725,0,0,0.00027371302507774893,0,4,2,6,,
70,4876,0,0,2.375710831521055e-05,0,4,2,6,,
71,4946,0,0,0.0002675886958725197,0,4,2,6,,
72,4967,0,0,0.00035814049567210217,0,4,2,6,,
73,31,1,1,0.785755118264194,0,4,2,6,,
74,81,1,1,0.9017454502291762,0,4,2,6,,
75,443,1,0,0.029854148147762338,0,5,2,7,,
76,1164,1,0,0.00032929331702361887,0,6,2,8,,
77,1180,1,0,2.692071359525293e-06,0,7,2,9,,
78,2270,1,0,2.4962846784067584e-05,0,8,2,10,,
79,3633,0,0,0.0003287921186172122,0,8,2,10,,
80,4592,0,0,6.78115561720388e-05,0,8,2,10,,
81,2458,1,0,5.928511746550187e-07,0,9,2,11,,
82,2710,0,0,0.0006638097900795657,0,9,2,11,,
83,2733,0,0,0.0004096596422882296,0,9,2,11,,
84,2888,0,0,1.3066326554541966e-05,0,9,2,11,,
85,2974,0,0,0.0002931214025200264,0,9,2,11,,
86,3024,0,0,0.0018601966677788343,0,9,2,11,,
87,3037,0,1,0.8332078236687807,0,9,3,12,,
88,3082,0,0,0.0002733238231296161,0,9,3,12,,
89,3113,0,0,0.00014637343479549417,0,9,3,12,,
90,3154,0,0,0.000473989723289777,0,9,3,12,,
91,3183,0,0,0.0013322307013419127,0,9,3,12,,
92,3658,0,0,0.0001475370822014846,0,9,3,12,,
93,3815,0,0,6.824605505770186e-05,0,9,3,12,,
94,3980,0,0,2.853536923658539e-06,0,9,3,12,,
95,4114,0,0,0.12510079496829563,0,9,3,12,,
96,4141,0,0,0.000964950773835279,0,9,3,12,,
97,4188,0,0,0.000935678334365008,0,9,3,12,,
98,4198,0,0,2.670479618174721e-06,0,9,3,12,,
99,4337,0,0,6.627097809740724e-05,0,9,3,12,,
100,4381,0,0,0.0003360183004507859,0,9,3,12,,
101,4568,0,0,0.005079686994932791,0,9,3,12,,
102,4647,0,0,0.0031182653428029517,0,9,3,12,,
103,4693,0,0,0.08472695602220777,0,9,3,12,,
104,4716,0,0,0.00010463444835135321,0,9,3,12,,
105,4802,0,0,8.232023336430768e-06,0,9,3,12,,
106,4873,0,0,0.0007383824586693975,0,9,3,12,,
107,4902,0,1,0.9990049207674543,0,9,4,13,,
108,4924,0,0,0.4700633958597466,0,9,4,13,,
109,4993,0,0,6.630852211862344e-05,0,9,4,13,,
110,2595,0,0,0.0001156637133796982,0,9,4,13,,
111,2603,0,0,6.33616900036283e-07,0,9,4,13,,
112,2694,0,0,0.0003862247847526959,0,9,4,13,,
113,2759,0,0,0.0003430837991835811,0,9,4,13,,
114,3179,0,0,8.027760010640106e-05,0,9,4,13,,
115,3364,0,0,0.002438520725380749,0,9,4,13,,
116,3579,0,0,0.029271953369564424,0,9,4,13,,
117,3626,0,0,0.00015717550103587353,0,9,4,13,,
118,3698,0,0,0.002366671518497699,0,9,4,13,,
119,3928,0,0,0.0007331343593912752,0,9,4,13,,
120,4068,0,0,0.001096179507598979,0,9,4,13,,
121,4179,0,0,1.8736870800926943e-05,0,9,4,13,,
122,4238,0,0,0.0022503659681362446,0,9,4,13,,
123,4251,0,0,5.185042658520006e-05,0,9,4,13,,
124,4259,0,0,0.00023722753168621994,0,9,4,13,,
125,4382,0,0,0.00038861307531068304,0,9,4,13,,
126,4480,0,0,0.003727287421951968,0,9,4,13,,
127,4778,0,0,0.00032594265464256923,0,9,4,13,,
128,4852,0,0,0.0003856672036030225,0,9,4,13,,
129,4904,0,0,0.00029809430467717785,0,9,4,13,,
130,282,1,0,0.0001270166046928838,0,10,4,14,,
131,2792,0,0,0.000743172171682732,0,10,4,14,,
132,2815,0,0,3.605151052485613e-05,0,10,4,14,,
133,2955,0,0,0.001397601333824094,0,10,4,14,,
134,3040,0,0,0.019550537880870068,0,10,4,14,,
135,3266,0,0,0.00018804031347580564,0,10,4,14,,
136,3281,0,0,0.00042606430402924506,0,10,4,14,,
137,3295,0,0,0.0014990243232781578,0,10,4,14,,
138,3302,0,0,0.002245608930186956,0,10,4,14,,
139,3336,0,0,0.0008776438152507882,0,10,4,14,,
140,3415,0,0,0.0006563611470037293,0,10,4,14,,
141,3540,0,0,0.0014726397267839464,0,10,4,14,,
142,3606,0,0,1.0532180658457712e-05,0,10,4,14,,
143,3828,0,0,0.0020212822667841058,0,10,4,14,,
144,3900,0,1,0.9494638902821391,0,10,5,15,,
145,3939,0,0,0.00020309734353981772,0,10,5,15,,
146,3974,0,0,2.9923044891769197e-05,0,10,5,15,,
147,4011,0,1,0.6407322433150222,0,10,6,16,,
148,4065,0,0,0.0010332780017928704,0,10,6,16,,
149,4107,0,0,0.0009420687109239772,0,10,6,16,,
150,4122,0,0,0.00039694538436868386,0,10,6,16,,
151,4130,0,0,0.00044189011184568133,0,10,6,16,,
152,4137,0,0,6.300236826391354e-06,0,10,6,16,,
153,4229,0,0,0.0004066695203555404,0,10,6,16,,
154,4264,0,0,0.005128985300066681,0,10,6,16,,
155,4416,0,0,0.00024769327579689514,0,10,6,16,,
156,4763,0,0,0.0006961080249546196,0,10,6,16,,
157,4780,0,0,7.516084403753787e-06,0,10,6,16,,
158,4807,0,0,6.465542059048094e-05,0,10,6,16,,
159,4999,0,0,0.00044511072875487635,0,10,6,16,,
160,776,1,1,0.9908038602731243,0,10,6,16,,
161,846,1,0,0.007455692509303656,0,11,6,17,,
162,1065,1,0,0.026070230418899627,0,12,6,18,,
163,2758,0,0,0.0024278532252353844,0,12,6,18,,
164,2794,0,0,0.00019933711782335226,0,12,6,18,,
165,2912,0,0,0.00012724826015252317,0,12,6,18,,
166,3116,0,0,0.00040646451904362724,0,12,6,18,,
167,3209,0,0,3.935146401017928e-06,0,12,6,18,,
168,3299,0,0,7.583777585713226e-05,0,12,6,18,,
169,3370,0,0,0.007575455737160802,0,12,6,18,,
170,3646,0,0,0.003176193208199697,0,12,6,18,,
171,3664,0,0,0.007759199924286891,0,12,6,18,,
172,4494,0,0,5.907217464267812e-07,0,12,6,18,,
173,4563,0,1,0.9630386808794674,0,12,7,19,,
174,4803,0,0,0.0007226833250275606,0,12,7,19,,
175,4942,0,0,1.5962320377999152e-05,0,12,7,19,,
176,69,1,0,0.003269674211583038,0,13,7,20,,
177,1419,1,1,0.9988172332479531,0,13,7,20,,
178,1558,1,0,0.11419693382059036,0,14,7,21,,
179,2557,0,0,0.0014334999777722076,0,14,7,21,,
180,2627,0,0,0.0004784514425840656,0,14,7,21,,
181,2665,0,0,0.00042263798745978436,0,14,7,21,,
182,2885,0,0,0.00026916457540070545,0,14,7,21,,
183,2932,0,0,0.0003416909475808588,0,14,7,21,,
184,2959,0,0,4.278966246054326e-05,0,14,7,21,,
185,2987,0,0,0.0005188046696203627,0,14,7,21,,
186,3045,0,0,0.002033696103785294,0,14,7,21,,
187,3093,0,0,0.0010006491559952056,0,14,7,21,,
188,3151,0,0,0.0004681661850879154,0,14,7,21,,
189,3287,0,0,0.003027232950631665,0,14,7,21,,
190,3421,0,0,0.0008121978743420848,0,14,7,21,,
191,3643,0,0,0.0016149632614170643,0,14,7,21,,
192,3686,0,0,0.0005798779933426082,0,14,7,21,,
193,3701,0,0,0.007244173245161581,0,14,7,21,,
194,3750,0,0,0.0004957004897176299,0,14,7,21,,
195,3819,0,0,0.014800344439143768,0,14,7,21,,
196,4133,0,0,0.00010870801711436085,0,14,7,21,,
197,4136,0,0,4.062714764382193e-06,0,14,7,21,,
198,4192,0,0,2.8602998555077633e-05,0,14,7,21,,
199,4231,0,0,0.0007518170649809537,0,14,7,21,0.8841410962496723,0.2631578947368421
200,4322,0,0,0.0007178065265659305,0,14,7,21,0.8841410962496723,0.2631578947368421
201,4676,0,0,0.0061753226322139535,0,14,7,21,0.8841410962496723,0.2631578947368421
202,4881,0,0,3.945924597439936e-05,0,14,7,21,0.8841410962496723,0.2631578947368421
203,39,1,0,0.04304727749139154,0,15,7,22,0.877445652173913,0.25
204,174,1,1,0.973065513203552,0,15,7,22,0.8782610093217614,0.2857142857142857
205,473,1,0,0.0012189429459299765,0,16,7,23,0.8716320939334637,0.2727272727272727
206,568,1,0,0.0002746750310184745,0,17,7,24,0.8649816849816849,0.2608695652173913
207,622,1,0,0.018727502540852193,0,18,7,25,0.8583128583128583,0.25
208,650,1,0,0.05737064809439985,0,19,7,26,0.851628380343123,0.24
209,772,1,0,8.140836304558667e-07,0,20,7,27,0.8449307479224377,0.23076923076923078
210,1038,1,0,0.0015287005179008448,0,21,7,28,0.8382222222222222,0.2222222222222222
211,1041,1,1,0.9993589215174431,0,21,7,28,0.8394040968342645,0.25
212,1080,1,0,2.0409000188390464e-06,0,22,7,29,0.8327555208129763,0.2413793103448276
213,1359,1,0,0.0006139124084036028,0,23,7,30,0.8260980592441265,0.23333333333333334
214,1694,1,0,0.0015287023732261922,0,24,7,31,0.8194334898278561,0.22580645161290322
215,1727,1,0,0.0012221833573855426,0,25,7,32,0.8127634487840826,0.21875
216,2445,1,0,7.651260821283118e-05,0,26,7,33,0.8060894460852269,0.21212121212121213
217,2452,1,0,1.1571030521181014e-05,0,27,7,34,0.7994128787878787,0.20588235294117646
218,2564,0,0,0.0007475178993476113,0,27,7,34,0.7994128787878787,0.20588235294117646
219,2629,0,0,0.005301826239799039,0,27,7,34,0.8060894460852269,0.21212121212121213
220,2639,0,1,0.8958213104912097,0,27,8,35,0.8091326622867822,0.21875
221,2796,0,0,7.871583462520949e-05,0,27,8,35,0.8157897322525177,0.22580645161290322
222,2909,0,0,0.00023953045550273113,0,27,8,35,0.8157897322525177,0.22580645161290322
223,2968,0,0,2.7364211136788728e-05,0,27,8,35,0.8157897322525177,0.22580645161290322
224,2972,0,0,0.0001613794343737016,0,27,8,35,0.8157897322525177,0.22580645161290322
225,3004,0,0,0.0007448653414549438,0,27,8,35,0.8157897322525177,0.22580645161290322
226,3057,0,0,0.0015787844317638588,0,27,8,35,0.8157897322525177,0.22580645161290322
227,3198,0,0,0.0036407059701691505,0,27,8,35,0.8157897322525177,0.22580645161290322
228,3242,0,0,0.002228186451384464,0,27,8,35,0.8157897322525177,0.22580645161290322
229,3275,0,1,0.805241651434236,0,27,9,36,0.8121758784883372,0.22580645161290322
230,3369,0,0,0.004535908549461933,0,27,9,36,0.8121758784883372,0.22580645161290322
231,3429,0,0,0.007145199711917442,0,27,9,36,0.8121758784883372,0.22580645161290322
232,3480,0,0,0.0024448721280221166,0,27,9,36,0.8121758784883372,0.22580645161290322
233,3509,0,0,0.0020802814317980537,0,27,9,36,0.8121758784883372,0.22580645161290322
234,3773,0,0,0.000261163377128523,0,27,9,36,0.8121758784883372,0.22580645161290322
235,3830,0,0,0.032202789124112625,0,27,9,36,0.8121758784883372,0.22580645161290322
236,3879,0,0,0.0001034331779042388,0,27,9,36,0.8121758784883372,0.22580645161290322
237,4112,0,0,0.004466168777319806,0,27,9,36,0.8121758784883372,0.22580645161290322
238,4256,0,0,0.0003902225266920643,0,27,9,36,0.8121758784883372,0.22580645161290322
239,4363,0,0,0.00011953102952345428,0,27,9,36,0.8121758784883372,0.22580645161290322
240,4366,0,0,0.0003843362697424747,0,27,9,36,0.8121758784883372,0.22580645161290322
241,4500,0,0,0.00012767771476008036,0,27,9,36,0.8121758784883372,0.22580645161290322
242,4509,0,0,0.0009971814449915007,0,27,9,36,0.8121758784883372,0.22580645161290322
243,4537,0,0,0.00045518493778438153,0,27,9,36,0.8121758784883372,0.22580645161290322
244,4635,0,0,0.0022946755811529993,0,27,9,36,0.8121758784883372,0.22580645161290322
245,4680,0,1,0.9731743981828306,0,27,10,37,0.8085890151515152,0.22580645161290322
246,4737,0,0,0.0009117268469398381,0,27,10,37,0.8085890151515152,0.22580645161290322
247,4883,0,0,0.0005900570438031445,0,27,10,37,0.8085890151515152,0.22580645161290322
248,4905,0,0,0.006063981388529075,0,27,10,37,0.8085890151515152,0.22580645161290322
249,193,1,0,0.000558599127647968,0,28,10,38,0.801953601953602,0.21875
250,469,1,0,0.0005588373349925596,0,29,10,39,0.801953601953602,0.21875
251,1081,1,0,0.0005603970919701924,0,30,10,40,0.7940909090909091,0.1875
252,1254,1,0,0.004843208407029904,0,31,10,41,0.7908522727272727,0.18181818181818182
253,1430,1,0,0.0002622495274040227,0,32,10,42,0.7841397755683471,0.17647058823529413
254,1517,1,0,0.0005596459656510476,0,33,10,43,0.7774285714285715,0.17142857142857143
255,1520,1,0,0.0002622499633324687,0,34,10,44,0.770719703354121,0.16666666666666666
256,1600,1,0,0.0018000906593773772,0,35,10,45,0.7640141467727675,0.16216216216216217
257,2102,1,0,0.0005562066389155967,0,36,10,46,0.7607427055702918,0.15789473684210525
258,2274,1,0,1.5284928808874523e-05,0,37,10,47,0.7540356696210102,0.15384615384615385
259,2293,1,0,0.0005562188739447787,0,38,10,48,0.747334617854849,0.15
260,2547,0,0,0.2723740082268262,0,38,10,48,0.747334617854849,0.15
261,2570,0,0,0.0008121578370308063,0,38,10,48,0.747334617854849,0.15
262,2646,0,0,0.42743865381983265,0,38,10,48,0.747334617854849,0.15
263,2726,0,0,7.499983211961883e-05,0,38,10,48,0.747334617854849,0.15
264,2784,0,0,0.003370593439197877,0,38,10,48,0.747334617854849,0.15
265,2872,0,0,0.00018805052783795573,0,38,10,48,0.747334617854849,0.15
266,2892,0,0,0.00552149468547301,0,38,10,48,0.747334617854849,0.15
267,2944,0,0,1.2900741584176366e-05,0,38,10,48,0.747334617854849,0.15
268,2975,0,0,1.6973584409701403e-05,0,38,10,48,0.747334617854849,0.15
269,2988,0,0,0.003638554164641056,0,38,10,48,0.747334617854849,0.15
270,3180,0,0,0.0005091944706186825,0,38,10,48,0.747334617854849,0.15
271,3246,0,0,0.06156982787266466,0,38,10,48,0.747334617854849,0.15
272,3495,0,0,2.7045504724766958e-05,0,38,10,48,0.747334617854849,0.15
273,3525,0,0,9.390483202961124e-05,0,38,10,48,0.7453448275862068,0.1282051282051282
274,3805,0,0,0.00016111019665174993,0,38,10,48,0.7432000000000001,0.10526315789473684
275,3877,0,0,0.04617783437973201,0,38,10,48,0.7500046514332229,0.10810810810810811
276,4083,0,0,0.0016560596628517961,0,38,10,48,0.7568181818181818,0.1111111111111111
277,4219,0,0,0.0042307649740674245,0,38,10,48,0.7636399252606836,0.11428571428571428
278,4461,0,0,2.0104674868808446e-05,0,38,10,48,0.7704691721935643,0.11764705882352941
279,4589,0,0,0.002759258085415021,0,38,10,48,0.7704691721935643,0.11764705882352941
280,4679,0,0,0.0017961551546263868,0,38,10,48,0.7704691721935643,0.11764705882352941
281,4703,0,0,0.0035395629315771635,0,38,10,48,0.7773051643192488,0.12121212121212122
282,4928,0,0,0.00043942090793949056,0,38,10,48,0.7773051643192488,0.12121212121212122
283,4989,0,0,0.009763789741036,0,38,10,48,0.7773051643192488,0.12121212121212122
284,1136,1,0,3.2634107812461615e-05,0,39,10,49,0.7704691721935643,0.11764705882352941
285,2554,0,0,0.002572727441138206,0,39,10,49,0.7704691721935643,0.11764705882352941
286,2622,0,0,0.0765896757136076,0,39,10,49,0.7704691721935643,0.11764705882352941
287,2742,0,0,0.0001968416336567321,0,39,10,49,0.7737151799687011,0.11764705882352941
288,2780,0,0,0.0006241675496282675,0,39,10,49,0.7737151799687011,0.11764705882352941
289,2847,0,0,0.0006242132689057158,0,39,10,49,0.7737151799687011,0.11764705882352941
290,3002,0,0,0.0001241002774410256,0,39,10,49,0.7737151799687011,0.11764705882352941
291,3064,0,0,1.141674784368352e-06,0,39,10,49,0.7737151799687011,0.11764705882352941
292,3202,0,0,9.417823311136751e-05,0,39,10,49,0.7737151799687011,0.11764705882352941
293,3207,0,0,0.002383981367602782,0,39,10,49,0.7737151799687011,0.11764705882352941
294,3243,0,0,0.00017002034961052705,0,39,10,49,0.7737151799687011,0.11764705882352941
295,3401,0,0,0.007100907711267534,0,39,10,49,0.7737151799687011,0.11764705882352941
296,3471,0,0,9.08193001470145e-05,0,39,10,49,0.7737151799687011,0.11764705882352941
297,3533,0,0,2.4742146822700143e-06,0,39,10,49,0.7737151799687011,0.11764705882352941
298,3537,0,0,0.00032545586534916786,0,39,10,49,0.7737151799687011,0.11764705882352941
299,3599,0,0,0.0001334813440319581,0,39,10,49,0.7737151799687011,0.11764705882352941
300,3729,0,1,0.9318442941562244,0,39,11,50,0.7704691721935643,0.11764705882352941
301,3754,0,0,3.7101557629462875e-07,0,39,11,50,0.7704691721935643,0.11764705882352941
302,3945,0,0,0.0010384993513431393,0,39,11,50,0.7704691721935643,0.11764705882352941
303,3982,0,0,0.0006800326685822037,0,39,11,50,0.7704691721935643,0.11764705882352941
304,4150,0,0,5.229315570512117e-07,0,39,11,50,0.7704691721935643,0.11764705882352941
305,4211,0,0,0.0004261306773926145,0,39,11,50,0.7704691721935643,0.11764705882352941
306,4315,0,0,0.005006826789775881,0,39,11,50,0.7704691721935643,0.11764705882352941
307,4417,0,0,4.085842129966664e-05,0,39,11,50,0.7737151799687011,0.11764705882352941
308,4468,0,0,9.322466872764393e-07,0,39,11,50,0.7737151799687011,0.11764705882352941
309,4528,0,0,0.0002001916070740602,0,39,11,50,0.7737151799687011,0.11764705882352941
310,4540,0,0,0.017052835870833147,0,39,11,50,0.7737151799687011,0.11764705882352941
311,4548,0,0,0.008711270447098247,0,39,11,50,0.7737151799687011,0.11764705882352941
312,4564,0,0,0.0017849573988735481,0,39,11,50,0.7737151799687011,0.11764705882352941
313,4587,0,0,0.00014512937262761518,0,39,11,50,0.7737151799687011,0.11764705882352941
314,4606,0,0,0.000595032104861476,0,39,11,50,0.7737151799687011,0.11764705882352941
315,4639,0,0,0.0001352665221235169,0,39,11,50,0.7737151799687011,0.11764705882352941
316,4688,0,0,0.00019181888282630822,0,39,11,50,0.7737151799687011,0.11764705882352941
317,4729,0,0,2.8324178190621304e-05,0,39,11,50,0.7737151799687011,0.11764705882352941
318,4760,0,0,0.0035787032896503297,0,39,11,50,0.7737151799687011,0.11764705882352941
319,4779,0,0,3.691854448592131e-06,0,39,11,50,0.7737151799687011,0.11764705882352941
320,4927,0,0,0.004551496616674116,0,39,11,50,0.7737151799687011,0.11764705882352941
321,4939,0,0,0.1675626797119822,0,39,11,50,0.7737151799687011,0.11764705882352941
322,4955,0,0,0.00345749519322382,0,39,11,50,0.7737151799687011,0.11764705882352941
323,51,1,0,1.7400596618620043e-07,0,40,11,51,0.7668754605747974,0.11428571428571428
324,231,1,0,7.977415970243875e-07,0,41,11,52,0.7600433970224821,0.1111111111111111
325,621,1,0,1.9076490709371928e-05,0,42,11,53,0.7532196969696969,0.10810810810810811
326,720,1,0,8.135459019646376e-07,0,43,11,54,0.7464050235478809,0.10526315789473684
327,1298,1,0,0.28422536757356937,0,44,11,55,0.7396,0.10256410256410256
328,1426,1,0,5.8659720625657646e-06,0,45,11,56,0.732805213776055,0.1
329,1821,1,0,8.813019388677183e-07,0,46,11,57,0.7260212201591513,0.0975609756097561
330,1828,1,0,8.436757049178441e-07,0,47,11,58,0.7260212201591513,0.0975609756097561
331,1955,1,0,9.508142353718886e-07,0,48,11,59,0.7192485454842041,0.09523809523809523
332,2586,0,0,0.0001751795482070578,0,48,11,59,0.7192485454842041,0.09523809523809523
333,2604,0,0,0.0007405902016129673,0,48,11,59,0.7192485454842041,0.09523809523809523
334,2695,0,0,0.0010296536050870592,0,48,11,59,0.7192485454842041,0.09523809523809523
335,2711,0,0,0.00019614373272633183,0,48,11,59,0.7192485454842041,0.09523809523809523
336,2816,0,0,0.0011512982727655155,0,48,11,59,0.7192485454842041,0.09523809523809523
337,2830,0,0,1.875803032507043e-05,0,48,11,59,0.7192485454842041,0.09523809523809523
338,2883,0,0,0.00045749514066497287,0,48,11,59,0.7192485454842041,0.09523809523809523
339,2925,0,0,0.00020106402769281382,0,48,11,59,0.7192485454842041,0.09523809523809523
340,2962,0,0,0.00307625657982606,0,48,11,59,0.7192485454842041,0.09523809523809523
341,3157,0,0,1.1856166110838807e-05,0,48,11,59,0.7192485454842041,0.09523809523809523
342,3197,0,0,0.0002743645020030991,0,48,11,59,0.7192485454842041,0.09523809523809523
343,3230,0,0,7.034748497247687e-06,0,48,11,59,0.7192485454842041,0.09523809523809523
344,3245,0,0,0.05098647187248722,0,48,11,59,0.7224226348364279,0.09523809523809523
345,3247,0,0,3.841763571497379e-05,0,48,11,59,0.7224226348364279,0.09523809523809523
346,3431,0,0,0.0010883000303734528,0,48,11,59,0.7224226348364279,0.09523809523809523
347,3497,0,0,3.814490830072039e-06,0,48,11,59,0.7256059329175797,0.09523809523809523
348,3522,0,0,0.0017222468991810347,0,48,11,59,0.7256059329175797,0.09523809523809523
349,3783,0,0,0.0017212160449649864,0,48,11,59,0.7256059329175797,0.09523809523809523
350,3829,0,0,1.549555545281842e-05,0,48,11,59,0.7256059329175797,0.09523809523809523
351,3954,0,0,0.0002736881308335573,0,48,11,59,0.7256059329175797,0.09523809523809523
352,4097,0,0,0.00027499292486339133,0,48,11,59,0.7256059329175797,0.09523809523809523
353,4165,0,0,2.287754056454343e-05,0,48,11,59,0.7256059329175797,0.09523809523809523
354,4327,0,0,0.000229915737673565,0,48,11,59,0.7256059329175797,0.09523809523809523
355,4408,0,0,2.2801546710264547e-05,0,48,11,59,0.7256059329175797,0.09523809523809523
356,4431,0,0,0.012683581130961828,0,48,11,59,0.7256059329175797,0.09523809523809523
357,4482,0,0,0.007069645869192071,0,48,11,59,0.7256059329175797,0.09523809523809523
358,4508,0,0,0.0038640327472247316,0,48,11,59,0.7256059329175797,0.09523809523809523
359,4527,0,0,0.0007914547404702333,0,48,11,59,0.7256059329175797,0.09523809523809523
360,4594,0,0,7.670919292319302e-06,0,48,11,59,0.7227088784231641,0.07317073170731707
361,4677,0,0,0.0010849130407029567,0,48,11,59,0.7295454545454545,0.075
362,614,1,0,4.943500812511085e-06,0,49,11,60,0.7295454545454545,0.075
363,1223,1,0,1.5741716481182008e-05,0,50,11,61,0.7227088784231641,0.07317073170731707
364,1384,1,0,1.0265645004003448e-07,0,51,11,62,0.7158857142857142,0.07142857142857142
365,1665,1,0,3.986586293626e-06,0,52,11,63,0.7090763526040789,0.06976744186046512
366,1815,1,0,0.19355773101906565,0,53,11,64,0.7022811671087532,0.06818181818181818
367,2635,0,0,0.0008410955598950297,0,53,11,64,0.7022811671087532,0.06818181818181818
368,2786,0,0,0.0005141681149489717,0,53,11,64,0.7022811671087532,0.06818181818181818
369,2995,0,0,0.003038289259273363,0,53,11,64,0.7022811671087532,0.06818181818181818
370,3285,0,0,0.001355598386151471,0,53,11,64,0.7022811671087532,0.06818181818181818
371,3466,0,0,1.9899265848841168e-05,0,53,11,64,0.7022811671087532,0.06818181818181818
372,3478,0,0,0.0001828999828778891,0,53,11,64,0.7022811671087532,0.06818181818181818
373,3739,0,1,0.9662140950461535,0,53,12,65,0.7022811671087532,0.06818181818181818
374,3809,0,0,0.0008430554632151639,0,53,12,65,0.7022811671087532,0.06818181818181818
375,4098,0,0,0.0019800845673573985,0,53,12,65,0.7022811671087532,0.06818181818181818
376,4176,0,0,0.0009919442780010974,0,53,12,65,0.7090763526040789,0.06976744186046512
377,4181,0,0,0.00042658043703728584,0,53,12,65,0.7058608058608058,0.047619047619047616
378,4290,0,0,0.0005757825181692323,0,53,12,65,0.7127083333333333,0.04878048780487805
379,4457,0,0,8.737967488151717e-05,0,53,12,65,0.7127083333333333,0.04878048780487805
380,4506,0,0,0.0019229665821317978,0,53,12,65,0.7127083333333333,0.04878048780487805
381,4616,0,0,0.000986889689735022,0,53,12,65,0.7127083333333333,0.04878048780487805
382,4659,0,0,0.0010161455138836541,0,53,12,65,0.7127083333333333,0.04878048780487805
383,4727,0,0,3.63552022163858e-05,0,53,12,65,0.7127083333333333,0.04878048780487805
384,4759,0,0,0.0014625952451099537,0,53,12,65,0.7127083333333333,0.04878048780487805
385,4814,0,0,3.858483698855286e-05,0,53,12,65,0.7127083333333333,0.04878048780487805
386,4865,0,0,0.0005378482458998407,0,53,12,65,0.7127083333333333,0.04878048780487805
387,4936,0,0,5.36252499751742e-06,0,53,12,65,0.7127083333333333,0.04878048780487805
388,4959,0,1,0.7091639093289592,0,53,13,66,0.7098116169544741,0.04878048780487805
389,4963,0,0,5.205428132504598e-06,0,53,13,66,0.7098116169544741,0.04878048780487805
390,4977,0,0,0.0024196657505483857,0,53,13,66,0.7098116169544741,0.04878048780487805
391,2242,1,0,0.07801952799900387,0,54,13,67,0.7029714285714286,0.047619047619047616
392,2578,0,1,0.7851985868473826,0,54,14,68,0.7000809034215405,0.047619047619047616
393,2623,0,0,0.0001257630660102499,0,54,14,68,0.7000809034215405,0.047619047619047616
394,2660,0,0,0.0062600277180858265,0,54,14,68,0.7000809034215405,0.047619047619047616
395,2760,0,0,0.015901466428997754,0,54,14,68,0.7000809034215405,0.047619047619047616
396,2788,0,0,0.0004442384346169645,0,54,14,68,0.7000809034215405,0.047619047619047616
397,2933,0,1,0.5822849855613381,0,54,15,69,0.6971883289124667,0.047619047619047616
398,2940,0,0,0.00038743097523100004,0,54,15,69,0.6971883289124667,0.047619047619047616
399,2961,0,0,5.499750738303212e-06,0,54,15,69,0.6971883289124667,0.047619047619047616
400,3053,0,0,0.0005842331416409254,0,54,15,69,0.6971883289124667,0.047619047619047616
401,3087,0,0,0.0039963141230264215,0,54,15,69,0.6971883289124667,0.047619047619047616
402,3143,0,0,0.0001135935693023089,0,54,15,69,0.6971883289124667,0.047619047619047616
403,3254,0,0,0.0006287384563504478,0,54,15,69,0.7040153941232654,0.04878048780487805
404,3452,0,0,0.011777918401031514,0,54,15,69,0.7010407581836153,0.025
405,3528,0,0,5.529233313263027e-07,0,54,15,69,0.7079261363636362,0.02564102564102564
406,3759,0,0,0.01021931029852683,0,54,15,69,0.7148273160147067,0.02631578947368421
407,3794,0,0,0.13375505647106298,0,54,15,69,0.721744043232621,0.02702702702702703
408,3796,0,0,7.193102509057214e-05,0,54,15,69,0.7286760563380282,0.027777777777777776
409,3854,0,0,0.000290393566235626,0,54,15,69,0.7356230847803882,0.02857142857142857
410,3873,0,0,0.0009331986510646592,0,54,15,69,0.7425848478926454,0.029411764705882353
411,4084,0,0,0.0003206132003192554,0,54,15,69,0.7396378830083564,0.0
412,4171,0,1,0.749418746012394,0,54,16,70,0.744066852367688,0.0
413,4252,0,0,0.0009665175667565613,0,54,16,70,0.751111111111111,0.0
414,4262,0,0,0.022003683130690073,0,54,16,70,0.7581717451523546,0.0
415,4339,0,0,0.00034661718986801445,0,54,16,70,0.7652486187845304,0.0
416,4502,0,0,0.0001013980461207156,0,54,16,70,0.7723415977961432,0.0
417,4556,0,0,4.657270195583625e-06,0,54,16,70,0.7794505494505495,0.0
418,4630,0,0,1.2629560759095986e-05,0,54,16,70,0.7794505494505495,0.0
419,4764,0,0,0.0005736326281425632,0,54,16,70,0.7794505494505495,0.0
420,313,1,0,0.00012566592734490108,0,55,16,71,0.774945054945055,0.0
421,432,1,0,0.00012478141478956988,0,56,16,72,0.7678512396694215,0.0
422,477,1,0,0.0011646837437023442,0,57,16,73,0.7607734806629834,0.0
423,547,1,0,6.278684593486766e-06,0,58,16,74,0.7537119113573408,0.0
424,563,1,0,0.026152993927454057,0,59,16,75,0.7466666666666666,0.0
425,589,1,0,6.284917767742002e-06,0,60,16,76,0.7396378830083564,0.0
426,778,1,0,0.029961528882575902,0,61,16,77,0.7326256983240224,0.0
427,956,1,0,0.002424473007992912,0,62,16,78,0.7256302521008403,0.0
428,1026,1,0,1.0294963437889665e-06,0,63,16,79,0.7186516853932585,0.0
429,1525,1,0,6.2852242194402075e-06,0,64,16,80,0.7142696629213483,0.0
430,1651,1,0,6.284911160619579e-06,0,65,16,81,0.7073239436619718,0.0
431,2079,1,0,0.0005923714945852095,0,66,16,82,0.7003954802259886,0.0
432,2528,0,0,0.0019753670064911986,0,66,16,82,0.7003954802259886,0.0
433,2666,0,0,0.00029025837899812845,0,66,16,82,0.7003954802259886,0.0
434,2721,0,0,7.549829002623148e-05,0,66,16,82,0.7003954802259886,0.0
435,2771,0,0,0.00952436346539339,0,66,16,82,0.7003954802259886,0.0
436,2881,0,0,0.00327939535861475,0,66,16,82,0.7003954802259886,0.0
437,2896,0,0,0.0013552962546993302,0,66,16,82,0.7003954802259886,0.0
438,2939,0,0,0.00021725804689990173,0,66,16,82,0.7003954802259886,0.0
439,2991,0,0,0.0007701547771051045,0,66,16,82,0.7003954802259886,0.0
440,3041,0,0,0.0004570015154136924,0,66,16,82,0.7003954802259886,0.0
441,3127,0,0,0.00028426679289486156,0,66,16,82,0.7003954802259886,0.0
442,3233,0,0,7.1731017113435895e-06,0,66,16,82,0.7003954802259886,0.0
443,3355,0,0,0.07569727951524625,0,66,16,82,0.7003954802259886,0.0
444,3474,0,0,0.005733849191137055,0,66,16,82,0.7003954802259886,0.0
445,3481,0,0,0.00010556975637313419,0,66,16,82,0.7029577464788731,0.0
446,3529,0,0,0.00018258102826418656,0,66,16,82,0.7029577464788731,0.0
447,3622,0,0,0.009571786280310536,0,66,16,82,0.7029577464788731,0.0
448,3651,0,0,0.004977103554007073,0,66,16,82,0.7029577464788731,0.0
449,3761,0,0,0.0001650204985322777,0,66,16,82,0.7098876404494382,0.0
450,3765,0,0,0.00020973616124033063,0,66,16,82,0.7168347338935575,0.0
451,3812,0,0,0.22148779909714483,0,66,16,82,0.7237988826815642,0.0
452,4012,0,0,0.001914824614787476,0,66,16,82,0.7307799442896936,0.0
453,4091,0,0,0.00044229558310876564,0,66,16,82,0.7377777777777778,0.0
454,4094,0,0,0.01052717968322772,0,66,16,82,0.7447922437673131,0.0
455,4149,0,0,0.2534265938740205,0,66,16,82,0.7518232044198895,0.0
456,4232,0,0,0.004637892953729482,0,66,16,82,0.7588705234159779,0.0
457,4297,0,0,0.02000886128486453,0,66,16,82,0.765934065934066,0.0
458,4409,0,0,1.0888884330479267e-05,0,66,16,82,0.7730136986301369,0.0
459,4447,0,0,0.00031362141668934794,0,66,16,82,0.7801092896174864,0.0
460,4495,0,0,6.566676282578884e-05,0,66,16,82,0.7801092896174864,0.0
461,4633,0,0,0.0005122143592836404,0,66,16,82,0.7801092896174864,0.0
462,4783,0,0,0.00022216742753377268,0,66,16,82,0.7801092896174864,0.0
463,58,1,0,0.0002746769214813152,0,67,16,83,0.7730136986301369,0.0
464,1323,1,0,0.0022816383689277164,0,68,16,84,0.765934065934066,0.0
465,2509,0,0,0.0006044777259363054,0,68,16,84,0.765934065934066,0.0
466,2643,0,0,0.0006684755504083859,0,68,16,84,0.765934065934066,0.0
467,2740,0,0,0.49064058195879745,0,68,16,84,0.765934065934066,0.0
468,2807,0,0,0.00011076606435696738,0,68,16,84,0.765934065934066,0.0
469,3210,0,0,4.6009040699160655e-05,0,68,16,84,0.765934065934066,0.0
470,3215,0,0,0.002190094217619146,0,68,16,84,0.765934065934066,0.0
471,3227,0,0,0.00025341508037611093,0,68,16,84,0.765934065934066,0.0
472,3290,0,0,0.0003325705226679767,0,68,16,84,0.765934065934066,0.0
473,3403,0,0,1.3377354608171629e-05,0,68,16,84,0.765934065934066,0.0
474,3450,0,0,7.876641673477642e-06,0,68,16,84,0.765934065934066,0.0
475,3490,0,0,4.334075417141827e-07,0,68,16,84,0.765934065934066,0.0
476,3504,0,0,0.00016359605532699189,0,68,16,84,0.765934065934066,0.0
477,3566,0,0,0.0005253109774912059,0,68,16,84,0.765934065934066,0.0
478,3624,0,0,0.00022156313454542412,0,68,16,84,0.765934065934066,0.0
479,3650,0,0,0.003912071221635945,0,68,16,84,0.765934065934066,0.0
480,3699,0,0,6.248985551446606e-05,0,68,16,84,0.765934065934066,0.0
481,3733,0,0,0.00029351771387060545,0,68,16,84,0.765934065934066,0.0
482,3988,0,0,0.0011595594557974923,0,68,16,84,0.765934065934066,0.0
483,4077,0,0,4.160032695971851e-05,0,68,16,84,0.765934065934066,0.0
484,4174,0,0,0.0002963012007731367,0,68,16,84,0.7730136986301369,0.0
485,4282,0,0,0.00017194551133385276,0,68,16,84,0.7730136986301369,0.0
486,4326,0,0,0.0001177865224358808,0,68,16,84,0.7730136986301369,0.0
487,4349,0,0,0.26655583545691247,0,68,16,84,0.7730136986301369,0.0
488,4406,0,0,0.0002924999727039975,0,68,16,84,0.7730136986301369,0.0
489,4660,0,0,0.00025504157792912216,0,68,16,84,0.7730136986301369,0.0
490,4808,0,0,6.968845593550392e-06,0,68,16,84,0.7730136986301369,0.0
491,4919,0,0,0.001839638309589711,0,68,16,84,0.7730136986301369,0.0
492,1664,1,0,0.021954598299942212,0,69,16,85,0.765934065934066,0.0
493,2431,1,0,0.4531841643596595,0,70,16,86,0.7588705234159779,0.0
494,2587,0,0,1.6083344369630395e-05,0,70,16,86,0.7588705234159779,0.0
495,2599,0,0,2.668130166512901e-06,0,70,16,86,0.7588705234159779,0.0
496,2698,0,0,0.004131378956573471,0,70,16,86,0.7588705234159779,0.0
497,2785,0,0,0.0003823842330688202,0,70,16,86,0.7588705234159779,0.0
498,2801,0,0,0.0036965665928282996,0,70,16,86,0.7588705234159779,0.0
499,3019,0,0,1.0805625008116784e-06,0,70,16,86,0.7588705234159779,0.0
500,3137,0,0,0.00031159104236286214,0,70,16,86,0.7614285714285713,0.0
501,3228,0,0,7.315867119512436e-06,0,70,16,86,0.7614285714285713,0.0
502,3590,0,0,0.00044696480166162245,0,70,16,86,0.7614285714285713,0.0
503,3880,0,0,0.0025451979616751942,0,70,16,86,0.7614285714285713,0.0
504,3899,0,0,0.003413286213128682,0,70,16,86,0.7614285714285713,0.0
505,3971,0,0,1.1844275011343202e-05,0,70,16,86,0.7614285714285713,0.0
506,4768,0,0,0.0016153624949524635,0,70,16,86,0.7614285714285713,0.0
507,4889,0,0,0.0003743086568491751,0,70,16,86,0.7614285714285713,0.0
508,4897,0,0,0.00029479287787569677,0,70,16,86,0.7614285714285713,0.0
509,551,1,0,0.07230742610526751,0,71,16,87,0.7543801652892561,0.0
510,653,1,0,9.941157172864694e-07,0,72,16,88,0.7473480662983425,0.0
511,2753,0,0,9.517955372615989e-05,0,72,16,88,0.7473480662983425,0.0
512,2762,0,0,6.631633279338394e-05,0,72,16,88,0.7473480662983425,0.0
513,2795,0,0,0.000201263557537006,0,72,16,88,0.7473480662983425,0.0
514,2841,0,0,5.38833470886103e-05,0,72,16,88,0.7473480662983425,0.0
515,2869,0,0,4.020892568124215e-06,0,72,16,88,0.7473480662983425,0.0
516,2931,0,1,0.9091852505511856,0,72,17,89,0.7447922437673131,0.0
517,2976,0,0,0.0003921276028439294,0,72,17,89,0.7447922437673131,0.0
518,3048,0,0,0.00020459932397877927,0,72,17,89,0.7447922437673131,0.0
519,3146,0,0,2.1001804757599116e-05,0,72,17,89,0.7447922437673131,0.0
520,3235,0,0,0.00011891440626018576,0,72,17,89,0.7447922437673131,0.0
521,3393,0,0,0.0011254140188697612,0,72,17,89,0.7447922437673131,0.0
522,3455,0,0,0.006419815773177753,0,72,17,89,0.7447922437673131,0.0
523,3665,0,0,0.0010150404067404807,0,72,17,89,0.7518232044198895,0.0
524,3886,0,0,0.0007294586296279199,0,72,17,89,0.7588705234159779,0.0
525,3966,0,0,3.128317352261135e-05,0,72,17,89,0.765934065934066,0.0
526,3999,0,0,0.011503533869599623,0,72,17,89,0.7730136986301369,0.0
527,4037,0,0,0.3343070666026636,0,72,17,89,0.7801092896174864,0.0
528,4085,0,0,0.00011576676965650338,0,72,17,89,0.7872207084468665,0.0
529,4101,0,0,2.74796346005349e-06,0,72,17,89,0.7943478260869564,0.0
530,4222,0,1,0.8022709456660747,0,72,18,90,0.7989130434782608,0.0
531,4227,0,0,0.00030365229125950524,0,72,18,90,0.806070460704607,0.0
532,4317,0,0,0.002040631731064388,0,72,18,90,0.806070460704607,0.0
533,4367,0,0,0.0019824938608195746,0,72,18,90,0.806070460704607,0.0
534,4467,0,0,0.002107841455853348,0,72,18,90,0.806070460704607,0.0
535,4486,0,0,0.0010609831096748336,0,72,18,90,0.806070460704607,0.0
536,4644,0,1,0.8754083877088082,0,72,19,91,0.8034782608695652,0.0
537,4682,0,0,0.0075564126599029086,0,72,19,91,0.8034782608695652,0.0
538,4863,0,0,0.4724894600143901,0,72,19,91,0.8034782608695652,0.0
539,2524,0,0,0.04032006192348126,0,72,19,91,0.8034782608695652,0.0
540,2534,0,0,0.00017426194548346638,0,72,19,91,0.8034782608695652,0.0
541,2560,0,0,8.103581371373535e-06,0,72,19,91,0.8034782608695652,0.0
542,2565,0,0,9.510302206730908e-05,0,72,19,91,0.8034782608695652,0.0
543,2600,0,0,4.3679191388317816e-07,0,72,19,91,0.8034782608695652,0.0
544,2631,0,0,4.069062000539957e-05,0,72,19,91,0.8034782608695652,0.0
545,2661,0,1,0.9941093569960765,0,72,20,92,0.8008719346049047,0.0
546,2672,0,0,0.0007189208783632613,0,72,20,92,0.8008719346049047,0.0
547,2751,0,0,0.0008020459220023975,0,72,20,92,0.8008719346049047,0.0
548,2774,0,0,0.33373031398290853,0,72,20,92,0.8008719346049047,0.0
549,2781,0,0,0.0018675374948062622,0,72,20,92,0.8008719346049047,0.0
550,2797,0,1,0.9790298424980803,0,72,21,93,0.7982513661202186,0.0
551,2875,0,0,0.3345438512690115,0,72,21,93,0.7982513661202186,0.0
552,2950,0,0,0.0005282733562053232,0,72,21,93,0.7982513661202186,0.0
553,3085,0,0,0.003038921574484555,0,72,21,93,0.7982513661202186,0.0
554,3094,0,0,0.0038038250126068117,0,72,21,93,0.7982513661202186,0.0
555,3100,0,0,0.00418987954961871,0,72,21,93,0.7982513661202186,0.0
556,3118,0,0,8.185972961466669e-06,0,72,21,93,0.7982513661202186,0.0
557,3423,0,0,0.004477880338464935,0,72,21,93,0.7982513661202186,0.0
558,3457,0,0,0.0003223751691015701,0,72,21,93,0.7982513661202186,0.0
559,3475,0,0,0.003262167997695329,0,72,21,93,0.7982513661202186,0.0
560,3569,0,0,0.02383677707166526,0,72,21,93,0.7982513661202186,0.0
561,3687,0,0,0.00010530390840546124,0,72,21,93,0.7982513661202186,0.0
562,3700,0,0,0.00030463781592319843,0,72,21,93,0.8054223433242507,0.0
563,3849,0,0,0.00029754153959196976,0,72,21,93,0.8126086956521739,0.0
564,3878,0,0,0.000638297607103812,0,72,21,93,0.819810298102981,0.0
565,3962,0,0,0.00011592458614225294,0,72,21,93,0.8270270270270271,0.0
566,4106,0,0,2.9195455117078076e-06,0,72,21,93,0.8342587601078166,0.0
567,4196,0,0,8.970715991944634e-06,0,72,21,93,0.8342587601078166,0.0
568,4284,0,1,0.9586847733100282,0,72,22,94,0.8316216216216216,0.0
569,4383,0,1,0.9167355974968557,0,72,23,95,0.8289701897018971,0.0
570,4399,0,0,5.633060287414594e-07,0,72,23,95,0.8289701897018971,0.0
571,4412,0,0,0.0002355765338107614,0,72,23,95,0.8289701897018971,0.0
572,4471,0,0,2.5059702488928636e-05,0,72,23,95,0.8289701897018971,0.0
573,4777,0,0,7.187699925507732e-05,0,72,23,95,0.8316216216216216,0.0
574,4990,0,0,0.0006899917902874369,0,72,23,95,0.8316216216216216,0.0
575,586,1,0,2.1892601896777604e-05,0,73,23,96,0.824390243902439,0.0
576,856,1,0,1.223549866386727e-05,0,74,23,97,0.8171739130434783,0.0
577,898,1,1,0.9990845806036134,0,74,23,97,0.8186563805850209,0.045454545454545456
578,1032,1,0,1.1801166180213785e-05,0,75,23,98,0.8115577299412916,0.043478260869565216
579,1186,1,0,0.003214007582986433,0,76,23,99,0.8044688644688646,0.041666666666666664
580,1767,1,1,0.9990285863531712,0,76,23,99,0.8059755742948531,0.08
581,2020,1,1,0.9994067873604783,0,76,23,99,0.8073333333333333,0.11538461538461539
582,2546,0,0,0.008385905836414012,0,76,23,99,0.8073333333333333,0.11538461538461539
583,2820,0,0,0.00011730812375454158,0,76,23,99,0.8073333333333333,0.11538461538461539
584,3068,0,0,3.6648734473691995e-05,0,76,23,99,0.8073333333333333,0.11538461538461539
585,3192,0,0,0.006088152495241758,0,76,23,99,0.8073333333333333,0.11538461538461539
586,3366,0,1,0.7781861174248536,0,76,24,100,0.8042054487397242,0.11538461538461539
587,3374,0,1,0.9990169746165256,0,76,25,101,0.8010853950518755,0.11538461538461539
588,3398,0,0,9.652101628943078e-06,0,76,25,101,0.8042054487397242,0.11538461538461539
589,3534,0,0,0.0012522473808500043,0,76,25,101,0.8042054487397242,0.11538461538461539
590,3875,0,0,1.6945096786643283e-05,0,76,25,101,0.8042054487397242,0.11538461538461539
591,4023,0,0,0.00521214273632084,0,76,25,101,0.8111111111111111,0.12
592,4081,0,0,0.00012646494513203276,0,76,25,101,0.8142446196462817,0.12
593,4166,0,0,1.7950815840111508e-05,0,76,25,101,0.8142446196462817,0.12
594,4301,0,0,0.00010684806761254365,0,76,25,101,0.8142446196462817,0.12
595,4499,0,1,0.6821602870051291,0,76,26,102,0.8111111111111111,0.12
596,4557,0,0,0.0006321230661329727,0,76,26,102,0.8111111111111111,0.12
597,4731,0,0,0.0003582758125047383,0,76,26,102,0.8142446196462817,0.12
598,4901,0,0,0.02119175956572,0,76,26,102,0.8142446196462817,0.12
599,4949,0,0,0.0001690247472047224,1,76,26,102,0.8142446196462817,0.12
600,405,1,0,0.11336441514480891,1,77,26,103,0.8073333333333333,0.11538461538461539
601,1085,1,0,0.0009192532003622425,1,78,26,104,0.8004246212378558,0.1111111111111111
602,1725,1,0,0.0015246595025876556,1,79,26,105,0.7935195530726257,0.10714285714285714
603,2514,0,0,0.0022624492342098617,1,79,26,105,0.7935195530726257,0.10714285714285714
604,2609,0,0,6.372071517829352e-05,1,79,26,105,0.7935195530726257,0.10714285714285714
605,2743,0,0,0.00010049781259803024,1,79,26,105,0.7935195530726257,0.10714285714285714
606,2790,0,0,0.0008898849474627933,1,79,26,105,0.7935195530726257,0.10714285714285714
607,2818,0,0,0.0058679144305576365,1,79,26,105,0.7935195530726257,0.10714285714285714
608,2844,0,1,0.8221122969159066,1,79,27,106,0.7904032310598658,0.10714285714285714
609,2900,0,0,0.0001568552670351214,1,79,27,106,0.7904032310598658,0.10714285714285714
610,2907,0,0,7.221325197691231e-06,1,79,27,106,0.7904032310598658,0.10714285714285714
611,3103,0,0,0.0012737604987278874,1,79,27,106,0.7904032310598658,0.10714285714285714
612,3150,0,0,0.0008802403443283222,1,79,27,106,0.7935195530726257,0.10714285714285714
613,3251,0,1,0.594269523978172,1,79,28,107,0.7904032310598658,0.10714285714285714
614,3268,0,0,0.00010012664475581543,1,79,28,107,0.7904032310598658,0.10714285714285714
615,3283,0,0,3.172172801359173e-05,1,79,28,107,0.7904032310598658,0.10714285714285714
616,3313,0,0,0.0002536312871674812,1,79,28,107,0.7904032310598658,0.10714285714285714
617,3371,0,0,5.154217741403241e-06,1,79,28,107,0.7904032310598658,0.10714285714285714
618,3384,0,0,0.0032670521203620956,1,79,28,107,0.7904032310598658,0.10714285714285714
619,3407,0,0,0.0003326586070427238,1,79,28,107,0.7904032310598658,0.10714285714285714
620,3437,0,0,0.062228420654202435,1,79,28,107,0.7973024740622506,0.1111111111111111
621,3548,0,0,0.008757794688527016,1,79,28,107,0.8042054487397242,0.11538461538461539
622,3562,0,0,0.0182461751561776,1,79,28,107,0.8111111111111111,0.12
623,3641,0,0,0.0031204971637267577,1,79,28,107,0.8180183251651395,0.125
624,3712,0,0,0.006128926345586044,1,79,28,107,0.824925850537947,0.13043478260869565
625,3986,0,0,0.00014596596918142724,1,79,28,107,0.8318323281959646,0.13636363636363635
626,4079,0,0,0.001367455133752528,1,79,28,107,0.8387362637362636,0.14285714285714285
627,4143,0,0,0.0032809108065298648,1,79,28,107,0.8456360078277886,0.15
628,4193,0,0,1.3099170463377768e-06,1,79,28,107,0.8525297332047573,0.15789473684210525
629,4215,0,0,0.0006670202657336191,1,79,28,107,0.8594154074808026,0.16666666666666666
630,4267,0,0,3.0941229193541326e-06,1,79,28,107,0.8662907608695654,0.17647058823529413
631,4280,0,0,0.0007703831008904549,1,79,28,107,0.8731532476615088,0.1875
632,4351,0,0,2.0643397145779606e-05,1,79,28,107,0.8731532476615088,0.1875
633,4485,0,0,0.00016287098830464788,1,79,28,107,0.8731532476615088,0.1875
634,4623,0,0,0.00031793680944066055,1,79,28,107,0.8731532476615088,0.1875
635,4858,0,0,0.0006898923799084273,1,79,28,107,0.8731532476615088,0.1875
636,4984,0,0,0.002288211893477306,1,79,28,107,0.8731532476615088,0.1875
637,4996,0,0,0.0038936693941403417,1,79,28,107,0.8731532476615088,0.1875
638,192,1,0,0.010256884750932444,1,80,28,108,0.8662907608695654,0.17647058823529413
639,319,1,0,0.012505657277647641,1,81,28,109,0.8594154074808026,0.16666666666666666
640,717,1,0,0.010571278333158525,1,82,28,110,0.8525297332047573,0.15789473684210525
641,1255,1,1,0.9796360382263176,1,82,28,110,0.8529914529914531,0.2
642,1425,1,0,0.00022216392809137694,1,83,28,111,0.8462013252922344,0.19047619047619047
643,1770,1,0,9.373538069709106e-06,1,84,28,112,0.839400988659494,0.18181818181818182
644,1777,1,0,0.18800305539287843,1,85,28,113,0.8325925136728461,0.17391304347826086
645,1869,1,0,0.0012133075008642525,1,86,28,114,0.8257777777777778,0.16666666666666666
646,2220,1,0,2.1733676634642823e-05,1,87,28,115,0.8189584890277871,0.16
647,2400,1,0,0.012625673114543448,1,88,28,116,0.8121362064378824,0.15384615384615385
648,2614,0,0,0.0002264432294953823,1,88,28,116,0.8121362064378824,0.15384615384615385
649,2669,0,0,0.0007960333987462232,1,88,28,116,0.8121362064378824,0.15384615384615385
650,2691,0,0,0.0009937358458292874,1,88,28,116,0.8121362064378824,0.15384615384615385
651,2766,0,0,0.0020408747763223894,1,88,28,116,0.8121362064378824,0.15384615384615385
652,2867,0,0,0.0010603636865602762,1,88,28,116,0.8121362064378824,0.15384615384615385
653,2947,0,0,2.41431711637103e-05,1,88,28,116,0.8121362064378824,0.15384615384615385
654,2965,0,0,0.00021618432178756994,1,88,28,116,0.8121362064378824,0.15384615384615385
655,3350,0,0,0.01634120668074419,1,88,28,116,0.8121362064378824,0.15384615384615385
656,3410,0,0,0.00032059935020333516,1,88,28,116,0.8121362064378824,0.15384615384615385
657,3635,0,0,3.7875358803197696e-05,1,88,28,116,0.8121362064378824,0.15384615384615385
658,3746,0,0,0.08130276950757802,1,88,28,116,0.8121362064378824,0.15384615384615385
659,3785,0,0,0.0006483420937708082,1,88,28,116,0.8121362064378824,0.15384615384615385
660,3845,0,0,0.0005202439432273489,1,88,28,116,0.8121362064378824,0.15384615384615385
661,3927,0,0,0.04423154058293702,1,88,28,116,0.8121362064378824,0.15384615384615385
662,3964,0,0,5.615331865374013e-05,1,88,28,116,0.8121362064378824,0.15384615384615385
663,4082,0,1,0.6071942952724853,1,88,29,117,0.815708965150306,0.16
664,4201,0,1,0.7069235814524631,1,88,30,118,0.8192817238627295,0.16666666666666666
665,4361,0,0,0.001393156284443277,1,88,30,118,0.8192817238627295,0.16666666666666666
666,4503,0,0,2.7074522753775792e-05,1,88,30,118,0.8192817238627295,0.16666666666666666
667,4573,0,0,0.014015990646595833,1,88,30,118,0.8192817238627295,0.16666666666666666
668,4650,0,0,0.002286406184911223,1,88,30,118,0.8192817238627295,0.16666666666666666
669,4862,0,0,7.294417211364796e-05,1,88,30,118,0.8192817238627295,0.16666666666666666
670,4864,0,0,0.002332867394744357,1,88,30,118,0.8192817238627295,0.16666666666666666
671,4866,0,0,0.00011388108396921205,1,88,30,118,0.8192817238627295,0.16666666666666666
672,83,1,0,0.00040812163716578346,1,89,30,119,0.8124715002279982,0.16
673,2406,1,0,0.04836382186154923,1,90,30,120,0.805658835546476,0.15384615384615385
674,2592,0,0,2.732159813573626e-05,1,90,30,120,0.805658835546476,0.15384615384615385
675,2633,0,0,0.00195631130998233,1,90,30,120,0.805658835546476,0.15384615384615385
676,2717,0,0,9.066840588021068e-07,1,90,30,120,0.805658835546476,0.15384615384615385
677,2926,0,0,0.28599111282949896,1,90,30,120,0.805658835546476,0.15384615384615385
678,2960,0,0,0.00017609360601235187,1,90,30,120,0.805658835546476,0.15384615384615385
679,3058,0,1,0.9504433802500071,1,90,31,121,0.8024350547730831,0.15384615384615385
680,3092,0,0,1.7105462978601877e-05,1,90,31,121,0.8024350547730831,0.15384615384615385
681,3417,0,0,2.755480842456023e-06,1,90,31,121,0.8024350547730831,0.15384615384615385
682,3564,0,0,1.1371590260182356e-05,1,90,31,121,0.8024350547730831,0.15384615384615385
683,3611,0,0,0.0017021830838908846,1,90,31,121,0.8024350547730831,0.15384615384615385
684,3753,0,0,0.0004865800470617229,1,90,31,121,0.8024350547730831,0.15384615384615385
685,3827,0,0,0.0014735723935706995,1,90,31,121,0.8024350547730831,0.15384615384615385
686,3831,0,0,0.00010646352655370376,1,90,31,121,0.8024350547730831,0.15384615384615385
687,4034,0,0,0.0013001658624640971,1,90,31,121,0.8024350547730831,0.15384615384615385
688,4314,0,0,0.0038155776189159963,1,90,31,121,0.8024350547730831,0.15384615384615385
689,4414,0,0,0.00010689783864480538,1,90,31,121,0.8024350547730831,0.15384615384615385
690,4649,0,0,0.00014519165175146885,1,90,31,121,0.8024350547730831,0.15384615384615385
691,4674,0,0,1.9555972008822154e-05,1,90,31,121,0.8024350547730831,0.15384615384615385
692,4758,0,0,7.982184517216307e-05,1,90,31,121,0.8092441266598569,0.16
693,4829,0,1,0.9964878402351987,1,90,32,122,0.812829417773238,0.16666666666666666
694,1849,1,0,1.0254347208391636e-05,1,91,32,123,0.8060250391236308,0.16
695,2602,0,0,0.002256917161833928,1,91,32,123,0.8060250391236308,0.16
696,2680,0,0,3.578315207702224e-05,1,91,32,123,0.8060250391236308,0.16
697,2749,0,0,0.00012082579425003439,1,91,32,123,0.8060250391236308,0.16
698,2879,0,0,0.0019617185904553035,1,91,32,123,0.8060250391236308,0.16
699,2954,0,0,0.1295279336058977,1,91,32,123,0.8060250391236308,0.16
700,3013,0,0,0.0006763039543990378,1,91,32,123,0.8060250391236308,0.16
701,3067,0,0,0.0029076537864964587,1,91,32,123,0.8060250391236308,0.16
702,3312,0,0,8.389441494857876e-05,1,91,32,123,0.8060250391236308,0.16
703,3347,0,0,0.00018051657198563044,1,91,32,123,0.8060250391236308,0.16
704,3360,0,0,7.749594341198599e-05,1,91,32,123,0.8060250391236308,0.16
705,3390,0,0,0.0031331909907858315,1,91,32,123,0.8060250391236308,0.16
706,3593,0,0,0.009430648755807623,1,91,32,123,0.8060250391236308,0.16
707,3619,0,0,4.0599730807806606e-05,1,91,32,123,0.8060250391236308,0.16
708,3838,0,0,0.0001671363528611698,1,91,32,123,0.8060250391236308,0.16
709,4060,0,0,0.0008852286452830395,1,91,32,123,0.812829417773238,0.16666666666666666
710,4113,0,0,2.11616329930172e-05,1,91,32,123,0.8196306429548563,0.17391304347826086
711,4287,0,0,8.371140936429483e-05,1,91,32,123,0.8196306429548563,0.17391304347826086
712,4304,0,0,0.003575359304458405,1,91,32,123,0.8196306429548563,0.17391304347826086
713,4523,0,0,3.749429643237165e-05,1,91,32,123,0.8196306429548563,0.17391304347826086
714,4550,0,0,0.0028327720376537997,1,91,32,123,0.8196306429548563,0.17391304347826086
715,4608,0,0,0.00015091205151668307,1,91,32,123,0.8196306429548563,0.17391304347826086
716,4719,0,0,8.305974026304524e-05,1,91,32,123,0.822854482575153,0.17391304347826086
717,4771,0,1,0.9909697069797228,1,91,33,124,0.8196306429548563,0.17391304347826086
718,4906,0,0,9.576607695524352e-05,1,91,33,124,0.8196306429548563,0.17391304347826086
719,4912,0,0,0.005665244636398645,1,91,33,124,0.8196306429548563,0.17391304347826086
720,4957,0,0,0.03037701476260958,1,91,33,124,0.8196306429548563,0.17391304347826086
721,2667,0,1,0.5807518117856543,1,91,34,125,0.816414708886619,0.17391304347826086
722,2670,0,0,1.242049489048232e-05,1,91,34,125,0.816414708886619,0.17391304347826086
723,3025,0,0,4.438282346389416e-05,1,91,34,125,0.816414708886619,0.17391304347826086
724,3088,0,0,0.00100224047367134,1,91,34,125,0.816414708886619,0.17391304347826086
725,3115,0,0,0.183775807038069,1,91,34,125,0.816414708886619,0.17391304347826086
726,3158,0,0,1.2908056592942313e-05,1,91,34,125,0.816414708886619,0.17391304347826086
727,3189,0,0,4.0085189576429335e-06,1,91,34,125,0.816414708886619,0.17391304347826086
728,3343,0,0,0.0001298366693794531,1,91,34,125,0.816414708886619,0.17391304347826086
729,3493,0,0,2.0362817141075014e-06,1,91,34,125,0.816414708886619,0.17391304347826086
730,3618,0,0,0.0001643303367117557,1,91,34,125,0.8196306429548563,0.17391304347826086
731,4043,0,0,0.0005868667571727695,1,91,34,125,0.8196306429548563,0.17391304347826086
732,4145,0,0,0.0016367587781469341,1,91,34,125,0.8196306429548563,0.17391304347826086
733,4177,0,0,0.0032311608673966223,1,91,34,125,0.8196306429548563,0.17391304347826086
734,4237,0,0,0.4117344541006756,1,91,34,125,0.8196306429548563,0.17391304347826086
735,4690,0,0,3.836667885466468e-06,1,91,34,125,0.8196306429548563,0.17391304347826086
736,4722,0,0,5.583642717679961e-06,1,91,34,125,0.822854482575153,0.17391304347826086
737,4751,0,0,7.016138208848618e-05,1,91,34,125,0.822854482575153,0.17391304347826086
738,4907,0,0,4.00487429056094e-06,1,91,34,125,0.822854482575153,0.17391304347826086
739,804,1,0,0.1344668034161458,1,92,34,126,0.8160510715914273,0.16666666666666666
740,2121,1,0,0.00032579072810696053,1,93,34,127,0.8092441266598569,0.16
741,2597,0,0,9.683694335928611e-07,1,93,34,127,0.8092441266598569,0.16
742,2779,0,0,0.0017109778639382456,1,93,34,127,0.8092441266598569,0.16
743,3035,0,0,0.00016659216122396107,1,93,34,127,0.8092441266598569,0.16
744,3155,0,0,0.00016525633011743482,1,93,34,127,0.8092441266598569,0.16
745,3226,0,0,0.0002807269394038501,1,93,34,127,0.8124715002279982,0.16
746,3323,0,0,1.230477298899053e-06,1,93,34,127,0.8124715002279982,0.16
747,3448,0,0,0.001435336039092688,1,93,34,127,0.8124715002279982,0.16
748,3942,0,0,7.364190821917593e-06,1,93,34,127,0.8124715002279982,0.16
749,4163,0,0,0.0031014207934503594,1,93,34,127,0.8124715002279982,0.16
750,4268,0,0,0.003918628814705462,1,93,34,127,0.815708965150306,0.16
751,4294,0,0,8.682692977687892e-06,1,93,34,127,0.815708965150306,0.16
752,4307,0,0,0.00013971826605947647,1,93,34,127,0.815708965150306,0.16
753,4343,0,0,0.0007941897599722334,1,93,34,127,0.815708965150306,0.16
754,4443,0,0,0.004867999824650272,1,93,34,127,0.815708965150306,0.16
755,4473,0,0,0.0002598712663084855,1,93,34,127,0.815708965150306,0.16
756,4685,0,0,0.0005424533389670022,1,93,34,127,0.815708965150306,0.16
757,4805,0,0,7.904387266957702e-05,1,93,34,127,0.815708965150306,0.16
758,310,1,0,0.048439171178595676,1,94,34,128,0.8088919288645691,0.15384615384615385
759,1720,1,0,7.937540609923891e-06,1,95,34,129,0.802073544433095,0.14814814814814814
760,2601,0,0,1.6704501927802606e-06,1,95,34,129,0.802073544433095,0.14814814814814814
761,2621,0,0,8.684028194165617e-05,1,95,34,129,0.802073544433095,0.14814814814814814
762,2644,0,0,0.0002821817254269414,1,95,34,129,0.802073544433095,0.14814814814814814
763,2857,0,0,0.03309888215777385,1,95,34,129,0.802073544433095,0.14814814814814814
764,2905,0,0,0.009140069041117126,1,95,34,129,0.802073544433095,0.14814814814814814
765,3069,0,0,0.08653493814649486,1,95,34,129,0.802073544433095,0.14814814814814814
766,3075,0,0,0.0007381895590707451,1,95,34,129,0.802073544433095,0.14814814814814814
767,3408,0,0,0.00018488552576827324,1,95,34,129,0.802073544433095,0.14814814814814814
768,3542,0,0,0.00784437986841204,1,95,34,129,0.8053123575011399,0.14814814814814814
769,3551,0,0,0.0003864880836489873,1,95,34,129,0.808563447725459,0.14814814814814814
770,3617,0,0,0.00045276514430791034,1,95,34,129,0.808563447725459,0.14814814814814814
771,4104,0,0,2.054469830196158e-06,1,95,34,129,0.808563447725459,0.14814814814814814
772,4260,0,0,1.3605155364452575e-05,1,95,34,129,0.808563447725459,0.14814814814814814
773,4340,0,0,5.59774512177082e-05,1,95,34,129,0.808563447725459,0.14814814814814814
774,4444,0,0,0.0007367907269275599,1,95,34,129,0.808563447725459,0.14814814814814814
775,4732,0,0,0.0011971567402287138,1,95,34,129,0.8153937088117398,0.15384615384615385
776,4816,0,0,1.9483992428058224e-05,1,95,34,129,0.8222222222222222,0.16
777,418,1,0,0.0006883579661320059,1,96,34,130,0.8142446196462817,0.12
778,1007,1,1,0.9987019902152355,1,96,34,130,0.8222222222222222,0.16
779,1668,1,0,2.2968425067535306e-05,1,97,34,131,0.8222222222222222,0.16
780,1683,1,0,0.12363352173026103,1,98,34,132,0.8142446196462817,0.12
781,1716,1,0,0.008035036784735617,1,99,34,133,0.8059755742948531,0.08
782,1944,1,0,2.1256895670649997e-05,1,100,34,134,0.7989843028624192,0.07692307692307693
783,2141,1,0,0.0006620498904229058,1,101,34,135,0.792,0.07407407407407407
784,2874,0,0,0.00028700706570596924,1,101,34,135,0.792,0.07407407407407407
785,2980,0,0,9.307817962149821e-05,1,101,34,135,0.792,0.07407407407407407
786,3032,0,0,0.40736918801522315,1,101,34,135,0.7949818879181761,0.07407407407407407
787,3117,0,0,0.0003879373913887012,1,101,34,135,0.7979674323931376,0.07407407407407407
788,3223,0,0,5.509848525717134e-05,1,101,34,135,0.7979674323931376,0.07407407407407407
789,3279,0,0,2.176704152185504e-06,1,101,34,135,0.7979674323931376,0.07407407407407407
790,3463,0,1,0.8468677901297026,1,101,35,136,0.7949818879181761,0.07407407407407407
791,3572,0,0,0.0009342649829383867,1,101,35,136,0.7949818879181761,0.07407407407407407
792,3595,0,0,0.00790440710232436,1,101,35,136,0.7949818879181761,0.07407407407407407
793,3649,0,1,0.6182043515705405,1,101,36,137,0.792,0.07407407407407407
794,3734,0,0,2.0500835018055485e-06,1,101,36,137,0.792,0.07407407407407407
795,3764,0,0,8.553814913400276e-05,1,101,36,137,0.7949818879181761,0.07407407407407407
796,3772,0,0,8.378812576105377e-05,1,101,36,137,0.7949818879181761,0.07407407407407407
797,4063,0,0,0.0004862692860241016,1,101,36,137,0.7949818879181761,0.07407407407407407
798,4080,0,0,9.93911077100961e-07,1,101,36,137,0.7949818879181761,0.07407407407407407
799,4087,0,0,0.040784513110496134,1,101,36,137,0.7949818879181761,0.07407407407407407
800,4126,0,0,0.00038706572993699835,1,101,36,137,0.8019715033439954,0.07692307692307693
801,4249,0,0,0.001931266207655874,1,101,36,137,0.808968058968059,0.08
802,4254,0,0,6.492218475116306e-05,1,101,36,137,0.8159706959706959,0.08333333333333333
803,4255,0,0,4.314855518387469e-06,1,101,36,137,0.8159706959706959,0.08333333333333333
804,4362,0,0,0.008420242533548387,1,101,36,137,0.8159706959706959,0.08333333333333333
805,4588,0,0,4.31111639590955e-05,1,101,36,137,0.8159706959706959,0.08333333333333333
806,4601,0,1,0.979593190766574,1,101,37,138,0.8129729729729729,0.08333333333333333
807,4661,0,0,0.012831476116327735,1,101,37,138,0.8129729729729729,0.08333333333333333
808,4740,0,0,0.00011584232613219688,1,101,37,138,0.8159706959706959,0.08333333333333333
809,4845,0,0,0.0005948941231849762,1,101,37,138,0.8159706959706959,0.08333333333333333
810,191,1,0,5.3045100046458664e-05,1,102,37,139,0.808968058968059,0.08
811,329,1,0,0.009374435672383935,1,103,37,140,0.8019715033439954,0.07692307692307693
812,471,1,0,0.0014069811511408302,1,104,37,141,0.7949818879181761,0.07407407407407407
813,852,1,0,0.009374435847438816,1,105,37,142,0.7909794729739328,0.07142857142857142
814,1397,1,0,0.00937443537778801,1,106,37,143,0.784,0.06896551724137931
815,1722,1,1,0.9796094778590849,1,106,37,143,0.7859537110933759,0.1
816,2360,1,0,0.0008153813332120491,1,107,37,144,0.7790508761644194,0.0967741935483871
817,2489,1,0,0.009374435611510943,1,108,37,145,0.7721552604698673,0.09375
818,2507,0,0,0.0004076090050797389,1,108,37,145,0.7721552604698673,0.09375
819,2583,0,0,0.0003915174620403826,1,108,37,145,0.7721552604698673,0.09375
820,2593,0,0,0.0001845197398859312,1,108,37,145,0.7721552604698673,0.09375
821,2596,0,0,0.005392910562390575,1,108,37,145,0.7721552604698673,0.09375
822,2687,0,0,5.567914117568456e-06,1,108,37,145,0.7721552604698673,0.09375
823,2741,0,0,0.00023866019916347154,1,108,37,145,0.7721552604698673,0.09375
824,2754,0,0,1.0836828679802792e-06,1,108,37,145,0.7721552604698673,0.09375
825,2800,0,0,0.00032215606861416875,1,108,37,145,0.7721552604698673,0.09375
826,2930,0,0,8.820955249810838e-05,1,108,37,145,0.7721552604698673,0.09375
827,2948,0,0,0.00015387436222479543,1,108,37,145,0.7721552604698673,0.09375
828,3166,0,0,0.00021181057425630705,1,108,37,145,0.7721552604698673,0.09375
829,3178,0,0,0.0008341396428246649,1,108,37,145,0.7721552604698673,0.09375
830,3273,0,0,0.00016944560955232498,1,108,37,145,0.7721552604698673,0.09375
831,3324,0,0,0.00028442713613800773,1,108,37,145,0.7721552604698673,0.09375
832,3439,0,0,0.0002726351500945812,1,108,37,145,0.7721552604698673,0.09375
833,3492,0,0,0.050814814824447774,1,108,37,145,0.7721552604698673,0.09375
834,3568,0,0,5.542907539403422e-05,1,108,37,145,0.7721552604698673,0.09375
835,3657,0,0,0.003835076258544403,1,108,37,145,0.7721552604698673,0.09375
836,3692,0,0,0.002890314576205009,1,108,37,145,0.7721552604698673,0.09375
837,3738,0,0,4.5083738031098355e-05,1,108,37,145,0.7721552604698673,0.09375
838,3926,0,1,0.8030238908879674,1,108,38,146,0.7759397344228804,0.0967741935483871
839,4049,0,0,0.0009060713082699768,1,108,38,146,0.7828349944629014,0.1
840,4053,0,0,0.0014897441235917363,1,108,38,146,0.7897366320830008,0.10344827586206896
841,4064,0,0,0.09000299660047373,1,108,38,146,0.7880000000000001,0.07142857142857142
842,4173,0,0,0.0012956479294027393,1,108,38,146,0.7949818879181761,0.07407407407407407
843,4313,0,0,1.920024331319872e-05,1,108,38,146,0.8019715033439954,0.07692307692307693
844,4438,0,0,6.771163973599522e-05,1,108,38,146,0.808968058968059,0.08
845,4476,0,0,1.014253048156063e-05,1,108,38,146,0.8159706959706959,0.08333333333333333
846,4621,0,0,9.600092624278679e-05,1,108,38,146,0.8229784735812133,0.08695652173913043
847,4626,0,0,0.056566557614673336,1,108,38,146,0.8299903567984572,0.09090909090909091
848,4655,0,0,0.0001031558869375076,1,108,38,146,0.8299903567984572,0.09090909090909091
849,4698,0,0,0.00745513680938876,1,108,38,146,0.8299903567984572,0.09090909090909091
850,4714,0,0,0.0005232837126728998,1,108,38,146,0.8299903567984572,0.09090909090909091
851,4930,0,0,0.0004967846016302175,1,108,38,146,0.8299903567984572,0.09090909090909091
852,4998,0,0,0.0003897301345443867,1,108,38,146,0.8299903567984572,0.09090909090909091
853,18,1,0,0.0003988520138834071,1,109,38,147,0.8229784735812133,0.08695652173913043
854,409,1,0,6.044459866125692e-08,1,110,38,148,0.8159706959706959,0.08333333333333333
855,2580,0,0,0.0001814630775736496,1,110,38,148,0.8159706959706959,0.08333333333333333
856,2773,0,0,0.383448473188595,1,110,38,148,0.8159706959706959,0.08333333333333333
857,2802,0,0,0.00011259347461599807,1,110,38,148,0.8159706959706959,0.08333333333333333
858,2824,0,0,0.00038983996565974754,1,110,38,148,0.8159706959706959,0.08333333333333333
859,3005,0,0,0.0018552911834905546,1,110,38,148,0.8159706959706959,0.08333333333333333
860,3011,0,1,0.9284225821930941,1,110,39,149,0.8129729729729729,0.08333333333333333
861,3021,0,0,0.006585240061544326,1,110,39,149,0.8129729729729729,0.08333333333333333
862,3464,0,0,0.00017333384408070246,1,110,39,149,0.8129729729729729,0.08333333333333333
863,3502,0,0,0.009801772528093304,1,110,39,149,0.8159706959706959,0.08333333333333333
864,3589,0,0,4.167620004150974e-05,1,110,39,149,0.8189745596868885,0.08333333333333333
865,3659,0,0,0.00011622039138588523,1,110,39,149,0.8189745596868885,0.08333333333333333
866,3817,0,0,0.0001094202641650977,1,110,39,149,0.8189745596868885,0.08333333333333333
867,3842,0,0,0.0001310369827954707,1,110,39,149,0.8189745596868885,0.08333333333333333
868,3874,0,0,0.00019167457896412344,1,110,39,149,0.8189745596868885,0.08333333333333333
869,3883,0,1,0.9428162685737062,1,110,40,150,0.8159706959706959,0.08333333333333333
870,3930,0,0,0.039678044693774665,1,110,40,150,0.8159706959706959,0.08333333333333333
871,3956,0,0,5.94719672707973e-05,1,110,40,150,0.8159706959706959,0.08333333333333333
872,4030,0,0,3.3693172036915466e-05,1,110,40,150,0.8229784735812133,0.08695652173913043
873,4047,0,0,0.42142284480606595,1,110,40,150,0.8299903567984572,0.09090909090909091
874,4152,0,0,0.0005948686718693444,1,110,40,150,0.8299903567984572,0.09090909090909091
875,4341,0,0,2.0911646990459163e-05,1,110,40,150,0.8299903567984572,0.09090909090909091
876,4348,0,0,0.0054770386070004656,1,110,40,150,0.8299903567984572,0.09090909090909091
877,4466,0,0,0.023210655771475276,1,110,40,150,0.8299903567984572,0.09090909090909091
878,4487,0,0,0.0001613025861873186,1,110,40,150,0.8299903567984572,0.09090909090909091
879,4521,0,0,0.0020349614990835714,1,110,40,150,0.833006357856494,0.09090909090909091
880,4695,0,0,0.00027778103644685216,1,110,40,150,0.833006357856494,0.09090909090909091
881,4841,0,0,0.005370772336293978,1,110,40,150,0.833006357856494,0.09090909090909091
882,739,1,0,0.003458151041934669,1,111,40,151,0.8259884281581487,0.08695652173913043
883,1434,1,0,0.08748719130677182,1,112,40,152,0.8189745596868885,0.08333333333333333
884,1657,1,1,0.5684945770522348,1,112,40,152,0.8205457523639342,0.12
885,2523,0,0,7.258472862471846e-05,1,112,40,152,0.8205457523639342,0.12
886,2725,0,0,1.4730919962060643e-05,1,112,40,152,0.8205457523639342,0.12
887,2768,0,0,0.00016793784672522634,1,112,40,152,0.8205457523639342,0.12
888,2893,0,0,0.00011602483312372807,1,112,40,152,0.8205457523639342,0.12
889,3256,0,0,0.00013299456736911935,1,112,40,152,0.8205457523639342,0.12
890,3288,0,0,0.00022714206740903224,1,112,40,152,0.8205457523639342,0.12
891,3342,0,0,0.08201210613790309,1,112,40,152,0.8205457523639342,0.12
892,3382,0,0,0.005555636200777991,1,112,40,152,0.8205457523639342,0.12
893,3449,0,0,1.0623973769665278e-05,1,112,40,152,0.8237179487179486,0.12
894,3470,0,0,0.00037400828352056385,1,112,40,152,0.8306536203522503,0.125
895,3645,0,0,0.006241309442486366,1,112,40,152,0.8306536203522503,0.125
896,3670,0,0,0.00018901400164062903,1,112,40,152,0.8306536203522503,0.125
897,3763,0,0,8.747991920111538e-06,1,112,40,152,0.8306536203522503,0.125
898,3993,0,0,0.2709791998849085,1,112,40,152,0.8306536203522503,0.125
899,4073,0,0,0.06033492866212554,1,112,40,152,0.8306536203522503,0.125
900,4186,0,0,0.0007512575767160748,1,112,40,152,0.8306536203522503,0.125
901,4274,0,0,0.0002131914171837734,1,112,40,152,0.8306536203522503,0.125
902,4419,0,0,0.000153926546055821,1,112,40,152,0.8306536203522503,0.125
903,4439,0,0,6.359562385057987e-05,1,112,40,152,0.8306536203522503,0.125
904,4489,0,0,6.416825380494345e-06,1,112,40,152,0.8306536203522503,0.125
905,4524,0,0,0.002061996604314974,1,112,40,152,0.8306536203522503,0.125
906,4555,0,0,0.00011632562285701898,1,112,40,152,0.8306536203522503,0.125
907,4582,0,0,0.00015605379004968647,1,112,40,152,0.8306536203522503,0.125
908,4774,0,0,0.005032981382221456,1,112,40,152,0.8306536203522503,0.125
909,4792,0,0,0.00013834423710492265,1,112,40,152,0.8306536203522503,0.125
910,4855,0,0,0.015764748598005546,1,112,40,152,0.8306536203522503,0.125
911,544,1,0,0.0007525694810767121,1,113,40,153,0.8237179487179486,0.12
912,876,1,1,0.9064767506164008,1,113,40,153,0.8252689735388193,0.15384615384615385
913,2522,0,0,0.0012081212651282307,1,113,40,153,0.8252689735388193,0.15384615384615385
914,2551,0,0,7.54851601922271e-05,1,113,40,153,0.8252689735388193,0.15384615384615385
915,2637,0,0,7.5044072109767e-05,1,113,40,153,0.8252689735388193,0.15384615384615385
916,2688,0,0,1.394174422304286e-05,1,113,40,153,0.8252689735388193,0.15384615384615385
917,2739,0,0,0.00043781579655202706,1,113,40,153,0.8286039758767031,0.15384615384615385
918,2817,0,0,0.00034587463465080606,1,113,40,153,0.8286039758767031,0.15384615384615385
919,2952,0,0,1.3345326510194783e-05,1,113,40,153,0.8286039758767031,0.15384615384615385
920,3015,0,0,0.0006273489266699749,1,113,40,153,0.8286039758767031,0.15384615384615385
921,3020,0,0,6.150884483572324e-05,1,113,40,153,0.8319658119658119,0.15384615384615385
922,3056,0,0,0.007008668011086571,1,113,40,153,0.8319658119658119,0.15384615384615385
923,3141,0,0,5.6692494581474806e-05,1,113,40,153,0.8319658119658119,0.15384615384615385
924,3225,0,1,0.7473333536674972,1,113,41,154,0.8286039758767031,0.15384615384615385
925,3248,0,0,0.00045345240611834584,1,113,41,154,0.8286039758767031,0.15384615384615385
926,3317,0,0,8.759587929257425e-05,1,113,41,154,0.8286039758767031,0.15384615384615385
927,3444,0,1,0.9075860591573027,1,113,42,155,0.8252689735388193,0.15384615384615385
928,3453,0,0,8.850349149492682e-05,1,113,42,155,0.8252689735388193,0.15384615384615385
929,3456,0,0,0.00016765556245221767,1,113,42,155,0.8252689735388193,0.15384615384615385
930,3482,0,0,0.0010068031266250758,1,113,42,155,0.8252689735388193,0.15384615384615385
931,3510,0,0,0.00012577888874195522,1,113,42,155,0.8252689735388193,0.15384615384615385
932,3683,0,1,0.9785546126088481,1,113,43,156,0.8219575253924285,0.15384615384615385
933,3684,0,0,7.765763189147343e-06,1,113,43,156,0.8219575253924285,0.15384615384615385
934,3786,0,0,7.191281576916734e-05,1,113,43,156,0.8219575253924285,0.15384615384615385
935,3843,0,0,3.651563528396036e-05,1,113,43,156,0.8219575253924285,0.15384615384615385
936,3983,0,0,0.002371155788123563,1,113,43,156,0.8219575253924285,0.15384615384615385
937,3991,0,0,0.00010586173937484569,1,113,43,156,0.8219575253924285,0.15384615384615385
938,4135,0,0,3.85817685111107e-06,1,113,43,156,0.8219575253924285,0.15384615384615385
939,4197,0,0,1.6584740506787148e-05,1,113,43,156,0.8288019773189881,0.16
940,4233,0,1,0.9597557472130309,1,113,44,157,0.8323349810991567,0.16666666666666666
941,4356,0,0,0.00024252166460326667,1,113,44,157,0.8323349810991567,0.16666666666666666
942,4387,0,0,0.00041829731778574074,1,113,44,157,0.8323349810991567,0.16666666666666666
943,4518,0,0,0.0017422449294626893,1,113,44,157,0.8323349810991567,0.16666666666666666
944,4543,0,0,0.0023630980259713888,1,113,44,157,0.8323349810991567,0.16666666666666666
945,4561,0,0,0.001531899376612932,1,113,44,157,0.8323349810991567,0.16666666666666666
946,4643,0,0,8.600289286373449e-07,1,113,44,157,0.8323349810991567,0.16666666666666666
947,4706,0,0,0.0010895884187794257,1,113,44,157,0.8323349810991567,0.16666666666666666
948,4715,0,0,0.015614380284140991,1,113,44,157,0.8323349810991567,0.16666666666666666
949,4772,0,0,0.00048055870971905,1,113,44,157,0.8323349810991567,0.16666666666666666
950,4821,0,0,0.00444710546832791,1,113,44,157,0.8323349810991567,0.16666666666666666
951,4824,0,0,3.850142396363006e-06,1,113,44,157,0.8323349810991567,0.16666666666666666
952,4890,0,0,3.848060831431196e-06,1,113,44,157,0.8323349810991567,0.16666666666666666
953,4913,0,0,2.347412683550149e-05,1,113,44,157,0.8323349810991567,0.16666666666666666
954,90,1,0,0.0031822144934026053,1,114,44,158,0.8255025214859011,0.16
955,1977,1,0,3.31912918820853e-05,1,115,44,159,0.8186666666666667,0.15384615384615385
956,2563,0,0,0.00025080750477597197,1,115,44,159,0.8186666666666667,0.15384615384615385
957,2569,0,0,0.0005271720302947187,1,115,44,159,0.8186666666666667,0.15384615384615385
958,2642,0,0,0.0027236715738896368,1,115,44,159,0.8255025214859011,0.16
959,2659,0,0,0.0001722865306566854,1,115,44,159,0.8323349810991567,0.16666666666666666
960,2693,0,0,8.362653978568432e-05,1,115,44,159,0.8323349810991567,0.16666666666666666
961,2709,0,0,0.0005794016586170831,1,115,44,159,0.8323349810991567,0.16666666666666666
962,2729,0,0,0.0017913051849798884,1,115,44,159,0.8323349810991567,0.16666666666666666
963,2738,0,0,0.00012047541400696775,1,115,44,159,0.8323349810991567,0.16666666666666666
964,2756,0,0,0.02500122611564485,1,115,44,159,0.8323349810991567,0.16666666666666666
965,2928,0,0,0.19024418770831134,1,115,44,159,0.8323349810991567,0.16666666666666666
966,3001,0,0,0.0006983824475494559,1,115,44,159,0.8323349810991567,0.16666666666666666
967,3023,0,0,6.211174640682394e-05,1,115,44,159,0.8323349810991567,0.16666666666666666
968,3029,0,0,8.007933471983167e-06,1,115,44,159,0.8323349810991567,0.16666666666666666
969,3036,0,0,2.4813661544338248e-06,1,115,44,159,0.8323349810991567,0.16666666666666666
970,3059,0,0,0.0034522483113731527,1,115,44,159,0.8323349810991567,0.16666666666666666
971,3184,0,0,0.0014139029547294312,1,115,44,159,0.8323349810991567,0.16666666666666666
972,3296,0,0,2.6437523844693038e-05,1,115,44,159,0.8323349810991567,0.16666666666666666
973,3307,0,0,8.204431824062373e-05,1,115,44,159,0.8323349810991567,0.16666666666666666
974,3315,0,0,4.150066835291821e-05,1,115,44,159,0.8323349810991567,0.16666666666666666
975,3331,0,0,0.0009372213481161746,1,115,44,159,0.8323349810991567,0.16666666666666666
976,3367,0,0,0.0019629433859066534,1,115,44,159,0.8323349810991567,0.16666666666666666
977,3381,0,0,0.003050741488616855,1,115,44,159,0.8391623855260218,0.17391304347826086
978,3389,0,0,0.0012059136051952126,1,115,44,159,0.8381448140900196,0.13636363636363635
979,3411,0,0,0.0005075260008530611,1,115,44,159,0.8450594664095147,0.14285714285714285
980,3440,0,0,0.0006615506733385857,1,115,44,159,0.8519692841218727,0.15
981,3447,0,0,0.0007371391781910261,1,115,44,159,0.8588722826086956,0.15789473684210525
982,3489,0,0,2.5384950873108723e-05,1,115,44,159,0.8657662383075443,0.16666666666666666
983,3556,0,0,5.724901005383477e-05,1,115,44,159,0.8726486486486487,0.17647058823529413
984,3588,0,0,0.0004706778408857714,1,115,44,159,0.8726486486486487,0.17647058823529413
985,3625,0,0,3.8789327157147765e-05,1,115,44,159,0.8726486486486487,0.17647058823529413
986,3630,0,0,2.6614743445475114e-05,1,115,44,159,0.8726486486486487,0.17647058823529413
987,3697,0,0,7.953643955957975e-05,1,115,44,159,0.8726486486486487,0.17647058823529413
988,3803,0,0,0.0010331388755902896,1,115,44,159,0.8726486486486487,0.17647058823529413
989,3823,0,0,0.0029928804473129005,1,115,44,159,0.8726486486486487,0.17647058823529413
990,3826,0,0,0.00022416782951172997,1,115,44,159,0.875861139511107,0.17647058823529413
991,3872,0,0,0.0004491105768087355,1,115,44,159,0.875861139511107,0.17647058823529413
992,3901,0,0,9.780732736670337e-05,1,115,44,159,0.875861139511107,0.17647058823529413
993,3920,0,0,0.0004622585107228234,1,115,44,159,0.8791013824884792,0.17647058823529413
994,3979,0,1,0.6321988205265663,1,115,45,160,0.875861139511107,0.17647058823529413
995,3990,0,0,0.0008234713367575235,1,115,45,160,0.875861139511107,0.17647058823529413
996,4055,0,1,0.6462474287157849,1,115,46,161,0.8726486486486487,0.17647058823529413
997,4100,0,0,1.774349580185302e-05,1,115,46,161,0.8726486486486487,0.17647058823529413
998,4168,0,0,0.0001127629845822677,1,115,46,161,0.8726486486486487,0.17647058823529413
999,4169,0,1,0.5057559620413372,1,115,47,162,0.8694597429845266,0.17647058823529413
1000,4175,0,0,0.0001243070433183192,1,115,47,162,0.8694597429845266,0.17647058823529413
1001,4182,0,0,0.00037392200190102665,1,115,47,162,0.8694597429845266,0.17647058823529413
1002,4226,0,1,0.9544216555462748,1,115,48,163,0.8662907608695654,0.17647058823529413
1003,4263,0,0,0.00016895734461265527,1,115,48,163,0.8662907608695654,0.17647058823529413
1004,4275,0,0,0.0008191103766993842,1,115,48,163,0.8662907608695654,0.17647058823529413
1005,4393,0,0,5.280364457520519e-05,1,115,48,163,0.8662907608695654,0.17647058823529413
1006,4434,0,0,1.9726723154124972e-06,1,115,48,163,0.8694597429845266,0.17647058823529413
1007,4600,0,0,0.0011821973665821547,1,115,48,163,0.8694597429845266,0.17647058823529413
1008,4611,0,0,1.1791309904155971e-05,1,115,48,163,0.8694597429845266,0.17647058823529413
1009,4707,0,0,0.0005234057564076218,1,115,48,163,0.8694597429845266,0.17647058823529413
1010,4766,0,0,9.402744555616684e-05,1,115,48,163,0.8763243243243243,0.1875
1011,4767,0,0,0.00011566715881491919,1,115,48,163,0.8831722279022215,0.2
1012,4806,0,1,0.6297140324028702,1,115,49,164,0.8868277720977786,0.21428571428571427
1013,4850,0,1,0.9592318369048543,1,115,50,165,0.8904833162933358,0.23076923076923078
1014,4965,0,0,0.06518478172427362,1,115,50,165,0.8972657450076806,0.25
1015,4994,0,0,2.4698294317756083e-05,1,115,50,165,0.8978733031674208,0.18181818181818182
1016,4995,0,0,6.168889818457043e-05,1,115,50,165,0.9047999999999999,0.2
1017,62,1,1,0.9996433729809651,1,115,50,165,0.9107363225010284,0.3
1018,2645,0,0,0.0004477986603632205,1,115,50,165,0.9107363225010284,0.3
1019,2723,0,0,0.008500542250790203,1,115,50,165,0.9107363225010284,0.3
1020,2789,0,0,7.911131242063341e-05,1,115,50,165,0.9107363225010284,0.3
1021,2859,0,0,7.109733944276707e-05,1,115,50,165,0.9107363225010284,0.3
1022,2906,0,1,0.6811755993389795,1,115,51,166,0.9076258564194221,0.3
1023,2956,0,0,2.2142987140471835e-05,1,115,51,166,0.9076258564194221,0.3
1024,3018,0,0,0.0029638248829449492,1,115,51,166,0.9076258564194221,0.3
1025,3316,0,0,0.0008004065351700267,1,115,51,166,0.9076258564194221,0.3
1026,3378,0,0,9.906887119793132e-06,1,115,51,166,0.9076258564194221,0.3
1027,3400,0,0,0.0003235185552579057,1,115,51,166,0.9076258564194221,0.3
1028,3708,0,1,0.6656077878588822,1,115,52,167,0.904531490015361,0.3
1029,3792,0,0,0.0012173859910147061,1,115,52,167,0.904531490015361,0.3
1030,3887,0,0,5.9601839320956724e-05,1,115,52,167,0.904531490015361,0.3
1031,3916,0,0,0.0026028463457618994,1,115,52,167,0.904531490015361,0.3
1032,3924,0,0,0.002515607594958622,1,115,52,167,0.904531490015361,0.3
1033,3948,0,0,0.045151923232965616,1,115,52,167,0.904531490015361,0.3
1034,3949,0,0,0.10720262454595712,1,115,52,167,0.904531490015361,0.3
1035,3978,0,0,0.00035873272695873643,1,115,52,167,0.904531490015361,0.3
1036,4070,0,0,8.451270198772803e-05,1,115,52,167,0.904531490015361,0.3
1037,4146,0,0,0.00028916242886913767,1,115,52,167,0.904531490015361,0.3
1038,4162,0,0,2.8180955444366275e-05,1,115,52,167,0.9076258564194221,0.3
1039,4225,0,0,0.00014936751541620125,1,115,52,167,0.9076258564194221,0.3
1040,4261,0,0,9.371557654057562e-06,1,115,52,167,0.9076258564194221,0.3
1041,4270,0,0,0.00016976728675764888,1,115,52,167,0.9076258564194221,0.3
1042,4530,0,0,0.0008036634354411751,1,115,52,167,0.9076258564194221,0.3
1043,4615,0,0,0.0009040119113558652,1,115,52,167,0.9076258564194221,0.3
1044,4670,0,0,8.365293299596296e-06,1,115,52,167,0.9076258564194221,0.3
1045,4700,0,0,2.166791952854995e-05,1,115,52,167,0.9076258564194221,0.3
1046,4735,0,0,4.925366821702088e-06,1,115,52,167,0.9076258564194221,0.3
1047,4742,0,0,0.0017566964224823372,1,115,52,167,0.9076258564194221,0.3
1048,4748,0,0,0.00023119185878849155,1,115,52,167,0.9076258564194221,0.3
1049,4811,0,0,2.0506620107276857e-06,1,115,52,167,0.9076258564194221,0.3
1050,4917,0,0,0.0003492847975912421,1,115,52,167,0.9076258564194221,0.3
1051,4945,0,0,8.810924263105889e-05,1,115,52,167,0.9076258564194221,0.3
1052,537,1,0,9.373928701056365e-05,1,116,52,168,0.9008986175115209,0.2727272727272727
1053,883,1,0,2.7761110534118043e-05,1,117,52,169,0.9008986175115209,0.2727272727272727
1054,2134,1,0,0.0005349624570626983,1,118,52,170,0.9008986175115209,0.2727272727272727
1055,2324,1,0,0.00019263754558981097,1,119,52,171,0.8941388604888929,0.25
1056,2335,1,1,0.9995919780479433,1,119,52,171,0.8934950607570592,0.3076923076923077
1057,2495,1,0,0.4974657239209268,1,120,52,172,0.8868478260869566,0.2857142857142857
1058,2581,0,0,0.0007767333804562924,1,120,52,172,0.8868478260869566,0.2857142857142857
1059,2615,0,0,0.0014368318206250054,1,120,52,172,0.8868478260869566,0.2857142857142857
1060,2776,0,0,0.06558625689383751,1,120,52,172,0.8900970364542355,0.2857142857142857
1061,2811,0,0,0.010644573751626803,1,120,52,172,0.8900970364542355,0.2857142857142857
1062,2861,0,0,0.00016498938271487063,1,120,52,172,0.8900970364542355,0.2857142857142857
1063,2884,0,0,0.0001747642208278756,1,120,52,172,0.8900970364542355,0.2857142857142857
1064,2938,0,0,0.00048003508194458205,1,120,52,172,0.8900970364542355,0.2857142857142857
1065,2942,0,0,5.7104744522041065e-05,1,120,52,172,0.8900970364542355,0.2857142857142857
1066,3042,0,0,0.009386122297779088,1,120,52,172,0.8900970364542355,0.2857142857142857
1067,3054,0,0,0.00010503488570293908,1,120,52,172,0.8900970364542355,0.2857142857142857
1068,3182,0,0,2.522573682175079e-05,1,120,52,172,0.8900970364542355,0.2857142857142857
1069,3259,0,0,4.492338947109496e-05,1,120,52,172,0.8933693693693694,0.2857142857142857
1070,3269,0,0,6.822471434301904e-05,1,120,52,172,0.8933693693693694,0.2857142857142857
1071,3321,0,0,0.0005641914026836565,1,120,52,172,0.8933693693693694,0.2857142857142857
1072,3334,0,0,1.3049404848323302e-06,1,120,52,172,0.8933693693693694,0.2857142857142857
1073,3356,0,0,0.00011454689879673036,1,120,52,172,0.8933693693693694,0.2857142857142857
1074,3376,0,0,0.0004623079138486194,1,120,52,172,0.8933693693693694,0.2857142857142857
1075,3505,0,0,0.2585696166181719,1,120,52,172,0.8933693693693694,0.2857142857142857
1076,3632,0,0,8.899733453529953e-05,1,120,52,172,0.8933693693693694,0.2857142857142857
1077,3728,0,0,0.0001658067266302876,1,120,52,172,0.8933693693693694,0.2857142857142857
1078,3853,0,0,0.0501053808251897,1,120,52,172,0.8933693693693694,0.2857142857142857
1079,4038,0,0,0.00033916142923198913,1,120,52,172,0.8933693693693694,0.2857142857142857
1080,4184,0,0,0.0012267997006551751,1,120,52,172,0.8933693693693694,0.2857142857142857
1081,4266,0,0,6.7644297927944e-05,1,120,52,172,0.8933693693693694,0.2857142857142857
1082,4331,0,1,0.8575501310979997,1,120,53,173,0.8967387387387388,0.3076923076923077
1083,4350,0,0,4.216002251641167e-05,1,120,53,173,0.9033441769681199,0.3333333333333333
1084,4425,0,0,5.002707110022134e-05,1,120,53,173,0.9040184688710159,0.2727272727272727
1085,4453,0,0,2.4415798000795652e-06,1,120,53,173,0.9040184688710159,0.2727272727272727
1086,4454,0,0,0.00028304799398243014,1,120,53,173,0.9040184688710159,0.2727272727272727
1087,4531,0,0,0.00019336515491237349,1,120,53,173,0.9040184688710159,0.2727272727272727
1088,4538,0,0,0.004107339130796547,1,120,53,173,0.9040184688710159,0.2727272727272727
1089,4562,0,0,0.00016762865208750917,1,120,53,173,0.9040184688710159,0.2727272727272727
1090,4597,0,1,0.6635199061883639,1,120,54,174,0.9008986175115209,0.2727272727272727
1091,4709,0,0,0.00042350624195448334,1,120,54,174,0.9008986175115209,0.2727272727272727
1092,4746,0,0,2.1741032574481853e-05,1,120,54,174,0.9008986175115209,0.2727272727272727
1093,4786,0,0,6.059544252489278e-06,1,120,54,174,0.9008986175115209,0.2727272727272727
1094,217,1,0,1.3737745997508408e-07,1,121,54,175,0.8941388604888929,0.25
1095,489,1,0,0.13799307595134896,1,122,54,176,0.8873513513513513,0.23076923076923078
1096,553,1,0,0.17830854486433556,1,123,54,177,0.8805402570154734,0.21428571428571427
1097,583,1,0,0.0030287972366743526,1,124,54,178,0.8737092391304349,0.2
1098,714,1,1,0.995109136739699,1,124,54,178,0.8734683381549341,0.25
1099,1119,1,0,0.06372117937036158,1,125,54,179,0.866743639921722,0.23529411764705882
1100,1440,1,1,0.9974415534200146,1,125,54,179,0.8666383739111012,0.2777777777777778
1101,1844,1,0,0.0007344273587754038,1,126,54,180,0.86,0.2631578947368421
1102,1881,1,0,0.03845113018644689,1,127,54,181,0.8533418566659564,0.25
1103,2064,1,1,0.9992561660548172,1,127,54,181,0.8534336571777975,0.2857142857142857
1104,2715,0,0,7.510897665331191e-05,1,127,54,181,0.8534336571777975,0.2857142857142857
1105,2783,0,0,0.0010041575157083802,1,127,54,181,0.8534336571777975,0.2857142857142857
1106,2834,0,0,0.0005797410984038556,1,127,54,181,0.8534336571777975,0.2857142857142857
1107,2850,0,0,0.0012335714005141652,1,127,54,181,0.8534336571777975,0.2857142857142857
1108,2858,0,0,0.42281935412626803,1,127,54,181,0.8534336571777975,0.2857142857142857
1109,2969,0,0,0.006053674676715135,1,127,54,181,0.8534336571777975,0.2857142857142857
1110,2985,0,0,0.28202900848997986,1,127,54,181,0.8534336571777975,0.2857142857142857
1111,3119,0,0,3.40528053396472e-05,1,127,54,181,0.86,0.3
1112,3123,0,0,8.708252974134427e-05,1,127,54,181,0.86,0.2631578947368421
1113,3134,0,0,8.011048288455566e-06,1,127,54,181,0.86,0.2631578947368421
1114,3212,0,0,5.1152481349235306e-05,1,127,54,181,0.86,0.2631578947368421
1115,3284,0,0,3.32116211555678e-05,1,127,54,181,0.86,0.2631578947368421
1116,3373,0,0,0.00044950268303413805,1,127,54,181,0.86,0.2631578947368421
1117,3445,0,0,2.7630458366639595e-05,1,127,54,181,0.86,0.2631578947368421
1118,3512,0,0,0.037859809938973886,1,127,54,181,0.86,0.2631578947368421
1119,3937,0,0,4.6681162398522624e-05,1,127,54,181,0.86,0.2631578947368421
1120,4017,0,0,0.005938089183681438,1,127,54,181,0.86,0.2631578947368421
1121,4183,0,0,1.8889030584568273e-05,1,127,54,181,0.86,0.2631578947368421
1122,4214,0,0,0.027337254489731778,1,127,54,181,0.86,0.2631578947368421
1123,4311,0,0,0.0010124051257572417,1,127,54,181,0.86,0.2631578947368421
1124,4372,0,0,6.724750761583974e-06,1,127,54,181,0.8633616260888988,0.2631578947368421
1125,4436,0,0,0.0011193443970859088,1,127,54,181,0.8633616260888988,0.2631578947368421
1126,4519,0,0,0.00017863469655644387,1,127,54,181,0.8633616260888988,0.2631578947368421
1127,4554,0,0,0.09228253961120177,1,127,54,181,0.8667460317460318,0.2631578947368421
1128,4691,0,0,0.0024588696357776326,1,127,54,181,0.8667460317460318,0.2631578947368421
1129,4694,0,0,0.00028791408918432676,1,127,54,181,0.8667460317460318,0.2631578947368421
1130,4721,0,0,0.3678425538671235,1,127,54,181,0.8667460317460318,0.2631578947368421
1131,4931,0,0,5.223837592966057e-06,1,127,54,181,0.8667460317460318,0.2631578947368421
1132,4976,0,0,9.466225231366092e-06,1,127,54,181,0.870156555772994,0.2631578947368421
1133,157,1,0,0.017810082040147307,1,128,54,182,0.8634920634920634,0.25
1134,2533,0,0,0.0009310847640092899,1,128,54,182,0.8634920634920634,0.25
1135,2689,0,0,0.00010248258365365938,1,128,54,182,0.8634920634920634,0.25
1136,2813,0,0,6.713781390413382e-05,1,128,54,182,0.8634920634920634,0.25
1137,2899,0,0,5.0993382624928145e-06,1,128,54,182,0.8634920634920634,0.25
1138,2994,0,0,0.0006647781929641224,1,128,54,182,0.8634920634920634,0.25
1139,3096,0,0,0.00011569157507868216,1,128,54,182,0.8634920634920634,0.25
1140,3156,0,0,0.05221542289134768,1,128,54,182,0.8669275929549901,0.25
1141,3177,0,0,3.514103764612614e-05,1,128,54,182,0.8669275929549901,0.25
1142,3181,0,0,0.0043982154643244925,1,128,54,182,0.8669275929549901,0.25
1143,3186,0,0,1.568765713941394e-06,1,128,54,182,0.8669275929549901,0.25
1144,3353,0,0,6.909731958452644e-05,1,128,54,182,0.8669275929549901,0.25
1145,3430,0,1,0.8111669721187467,1,128,55,183,0.8634920634920634,0.25
1146,3499,0,0,0.0009648948142028666,1,128,55,183,0.8634920634920634,0.25
1147,3586,0,0,0.00013213728566020773,1,128,55,183,0.8634920634920634,0.25
1148,3604,0,0,3.636438750909353e-06,1,128,55,183,0.8634920634920634,0.25
1149,3623,0,0,0.023571375253314274,1,128,55,183,0.8634920634920634,0.25
1150,3644,0,0,0.0006386261867461178,1,128,55,183,0.8634920634920634,0.25
1151,3766,0,1,0.9973399151975708,1,128,56,184,0.8600848782666966,0.25
1152,3816,0,0,0.008010610611950814,1,128,56,184,0.8600848782666966,0.25
1153,3832,0,0,0.04168820559579401,1,128,56,184,0.8600848782666966,0.25
1154,3870,0,0,0.00011119169619389836,1,128,56,184,0.8667460317460318,0.2631578947368421
1155,3969,0,0,0.0002739107689603994,1,128,56,184,0.873385518590998,0.2777777777777778
1156,3984,0,0,0.0008325430241980714,1,128,56,184,0.873385518590998,0.2777777777777778
1157,4066,0,0,4.682436318159504e-05,1,128,56,184,0.873385518590998,0.2777777777777778
1158,4093,0,0,8.162460025126719e-05,1,128,56,184,0.873385518590998,0.2777777777777778
1159,4109,0,0,0.2769366375170769,1,128,56,184,0.873385518590998,0.2777777777777778
1160,4195,0,1,0.9728906908861589,1,128,57,185,0.87,0.2777777777777778
1161,4208,0,0,8.053794844501012e-05,1,128,57,185,0.87,0.2777777777777778
1162,4392,0,0,0.38277764562524824,1,128,57,185,0.87,0.2777777777777778
1163,4413,0,0,3.3244323506327116e-05,1,128,57,185,0.87,0.2777777777777778
1164,4442,0,0,0.0007772726957174464,1,128,57,185,0.87,0.2777777777777778
1165,4470,0,0,7.396917026794667e-05,1,128,57,185,0.87,0.2777777777777778
1166,4658,0,0,0.014981549619979061,1,128,57,185,0.87,0.2777777777777778
1167,4662,0,0,0.004412336245246207,1,128,57,185,0.87,0.2777777777777778
1168,4799,0,0,1.0323296060258575e-05,1,128,57,185,0.87,0.2777777777777778
1169,4899,0,0,8.140551547035756e-05,1,128,57,185,0.87,0.2777777777777778
1170,4923,0,0,0.0029392528225625158,1,128,57,185,0.87,0.2777777777777778
1171,54,1,0,0.25308086408487956,1,129,57,186,0.8633616260888988,0.2631578947368421
1172,85,1,0,0.00049251347826705,1,130,57,187,0.8567025298051759,0.25
1173,1629,1,0,0.05703177061823816,1,131,57,188,0.8500255699978692,0.23809523809523808
1174,2516,0,0,0.00035540681242395955,1,131,57,188,0.8500255699978692,0.23809523809523808
1175,2589,0,0,0.0014307976521941571,1,131,57,188,0.8500255699978692,0.23809523809523808
1176,2681,0,0,2.66832168192892e-06,1,131,57,188,0.8500255699978692,0.23809523809523808
1177,2712,0,0,0.00011460264245152812,1,131,57,188,0.8500255699978692,0.23809523809523808
1178,2777,0,0,5.431260356641339e-05,1,131,57,188,0.8500255699978692,0.23809523809523808
1179,2870,0,0,9.405987103341437e-05,1,131,57,188,0.8500255699978692,0.23809523809523808
1180,2924,0,0,1.2888731410626607e-06,1,131,57,188,0.8500255699978692,0.23809523809523808
1181,2986,0,0,0.00024341036983543642,1,131,57,188,0.8500255699978692,0.23809523809523808
1182,3014,0,0,1.393959430037912e-05,1,131,57,188,0.8500255699978692,0.23809523809523808
1183,3377,0,0,0.00023857851249309606,1,131,57,188,0.8500255699978692,0.23809523809523808
1184,3420,0,0,0.054411027003360285,1,131,57,188,0.8500255699978692,0.23809523809523808
1185,3472,0,0,0.00046465144975819993,1,131,57,188,0.8500255699978692,0.23809523809523808
1186,3491,0,0,2.725065379028716e-05,1,131,57,188,0.8500255699978692,0.23809523809523808
1187,3517,0,0,0.0026098393402641364,1,131,57,188,0.8500255699978692,0.23809523809523808
1188,3662,0,0,0.0006338693627039469,1,131,57,188,0.8500255699978692,0.23809523809523808
1189,3674,0,0,0.0006394801301335563,1,131,57,188,0.8500255699978692,0.23809523809523808
1190,3731,0,0,0.0006375130582610301,1,131,57,188,0.8500255699978692,0.23809523809523808
1191,3807,0,0,0.00016611073767784353,1,131,57,188,0.8500255699978692,0.23809523809523808
1192,3813,0,0,0.010465625235029433,1,131,57,188,0.8500255699978692,0.23809523809523808
1193,3862,0,0,0.0006928311399942357,1,131,57,188,0.8500255699978692,0.23809523809523808
1194,4028,0,0,0.0017705681155589863,1,131,57,188,0.8534050596103517,0.23809523809523808
1195,4059,0,0,0.00011113542599287796,1,131,57,188,0.8534050596103517,0.23809523809523808
1196,4213,0,0,7.590179297354825e-07,1,131,57,188,0.8568081304444941,0.23809523809523808
1197,4272,0,0,0.008391082685877049,1,131,57,188,0.8568081304444941,0.23809523809523808
1198,4298,0,0,7.511326518466462e-05,1,131,57,188,0.8568081304444941,0.23809523809523808
1199,4378,0,0,0.06189616772891585,1,131,57,188,0.8602380952380954,0.23809523809523808
1200,4595,0,0,0.0008917001302094327,1,131,57,188,0.8602380952380954,0.23809523809523808
1201,4654,0,0,0.006148662135597488,1,131,57,188,0.8602380952380954,0.23809523809523808
1202,4664,0,0,1.0211113839312391e-05,1,131,57,188,0.8636986301369862,0.23809523809523808
1203,4761,0,0,0.0004857101844537878,1,131,57,188,0.8636986301369862,0.23809523809523808
1204,4782,0,0,0.0003261141960888995,1,131,57,188,0.8636986301369862,0.23809523809523808
1205,4832,0,0,0.00032746270495344657,1,131,57,188,0.8636986301369862,0.23809523809523808
1206,2014,1,0,3.358385473359194e-05,1,132,57,189,0.856984126984127,0.22727272727272727
1207,2244,1,1,0.9968329121793423,1,132,57,189,0.857752253562082,0.2608695652173913
1208,2611,0,0,0.027772345260405697,1,132,57,189,0.857752253562082,0.2608695652173913
1209,2671,0,0,0.0060686304902547025,1,132,57,189,0.857752253562082,0.2608695652173913
1210,2828,0,0,0.00017938398434476854,1,132,57,189,0.857752253562082,0.2608695652173913
1211,2971,0,0,0.00011339831554349812,1,132,57,189,0.857752253562082,0.2608695652173913
1212,3009,0,0,0.0007723630252108141,1,132,57,189,0.8613468840741568,0.2608695652173913
1213,3203,0,0,6.831215698722454e-05,1,132,57,189,0.8649816849816849,0.2608695652173913
1214,3272,0,0,3.177456127302277e-06,1,132,57,189,0.8649816849816849,0.2608695652173913
1215,3358,0,0,0.0013701686285290053,1,132,57,189,0.8649816849816849,0.2608695652173913
1216,3391,0,0,0.0015364658324038935,1,132,57,189,0.8649816849816849,0.2608695652173913
1217,3476,0,0,0.0007084297793418269,1,132,57,189,0.8639922854387657,0.22727272727272727
1218,3585,0,0,0.0008224779132876493,1,132,57,189,0.8639922854387657,0.22727272727272727
1219,3693,0,0,0.001399465578923628,1,132,57,189,0.8639922854387657,0.22727272727272727
1220,3741,0,0,1.811192930000716e-06,1,132,57,189,0.8639922854387657,0.22727272727272727
1221,3910,0,0,7.602934906832049e-06,1,132,57,189,0.8639922854387657,0.22727272727272727
1222,4132,0,0,0.001449701966851769,1,132,57,189,0.86755676657584,0.22727272727272727
1223,4257,0,1,0.9983224389112915,1,132,58,190,0.8639922854387657,0.22727272727272727
1224,4269,0,0,0.014681833939723098,1,132,58,190,0.8639922854387657,0.22727272727272727
1225,4386,0,0,4.7086767542352134e-05,1,132,58,190,0.8639922854387657,0.22727272727272727
1226,4395,0,0,0.0010355351577113715,1,132,58,190,0.8639922854387657,0.22727272727272727
1227,4465,0,0,0.23558076079835027,1,132,58,190,0.8639922854387657,0.22727272727272727
1228,4469,0,0,0.0020114422700543456,1,132,58,190,0.86755676657584,0.22727272727272727
1229,4609,0,0,0.0011829654419459267,1,132,58,190,0.86755676657584,0.22727272727272727
1230,4663,0,0,0.00017311235549053667,1,132,58,190,0.86755676657584,0.22727272727272727
1231,4678,0,0,0.0002495960888744806,1,132,58,190,0.86755676657584,0.22727272727272727
1232,4929,0,0,1.8598302724162104e-07,1,132,58,190,0.86755676657584,0.22727272727272727
1233,4934,0,0,3.1105850094287067e-06,1,132,58,190,0.86755676657584,0.22727272727272727
1234,4941,0,0,2.42344182352985e-06,1,132,58,190,0.86755676657584,0.22727272727272727
1235,4952,0,0,6.924615696686269e-06,1,132,58,190,0.86755676657584,0.22727272727272727
1236,4954,0,0,0.0005253079046997343,1,132,58,190,0.86755676657584,0.22727272727272727
1237,4979,0,0,0.37757193497799896,1,132,58,190,0.86755676657584,0.22727272727272727
1238,1088,1,0,0.0155061198366595,1,133,58,191,0.8607907425265188,0.21739130434782608
1239,2252,1,0,0.008453762244952324,1,134,58,192,0.8540117416829746,0.20833333333333334
1240,2513,0,0,1.4449798603128861e-05,1,134,58,192,0.8540117416829746,0.20833333333333334
1241,2620,0,0,0.0009307534071628385,1,134,58,192,0.8540117416829746,0.20833333333333334
1242,2651,0,0,0.00021787935041980795,1,134,58,192,0.8540117416829746,0.20833333333333334
1243,2654,0,0,0.011684302153525018,1,134,58,192,0.8540117416829746,0.20833333333333334
1244,2684,0,0,0.001727996089938477,1,134,58,192,0.8540117416829746,0.20833333333333334
1245,2696,0,0,0.000571130345836487,1,134,58,192,0.8540117416829746,0.20833333333333334
1246,2703,0,0,8.29586735396621e-05,1,134,58,192,0.8540117416829746,0.20833333333333334
1247,2871,0,0,0.0008111933269923612,1,134,58,192,0.8540117416829746,0.20833333333333334
1248,2895,0,0,0.0002759558700059943,1,134,58,192,0.8540117416829746,0.20833333333333334
1249,2918,0,0,0.0006744464647163704,1,134,58,192,0.8540117416829746,0.20833333333333334
1250,2921,0,0,0.00011948211217327957,1,134,58,192,0.8540117416829746,0.20833333333333334
1251,2929,0,0,0.0019101455528537216,1,134,58,192,0.8540117416829746,0.20833333333333334
1252,3072,0,0,0.1469748626150908,1,134,58,192,0.8607907425265188,0.21739130434782608
1253,3084,0,0,0.0007630230005278963,1,134,58,192,0.86755676657584,0.22727272727272727
1254,3104,0,0,0.0004444572258949168,1,134,58,192,0.8743070652173912,0.23809523809523808
1255,3172,0,0,7.589896176595408e-06,1,134,58,192,0.881038552321007,0.25
1256,3211,0,0,0.0018073774597415968,1,134,58,192,0.8799804814573845,0.21052631578947367
1257,3214,0,0,0.00011943069754148996,1,134,58,192,0.88678955453149,0.2222222222222222
1258,3224,0,1,0.8228951151881878,1,134,59,193,0.8833181522446324,0.2222222222222222
1259,3276,0,0,0.00012379144572585948,1,134,59,193,0.8833181522446324,0.2222222222222222
1260,3322,0,0,0.00020688105940577022,1,134,59,193,0.8833181522446324,0.2222222222222222
1261,3337,0,0,0.07968736923469723,1,134,59,193,0.8833181522446324,0.2222222222222222
1262,3402,0,0,0.0008435018132209167,1,134,59,193,0.8833181522446324,0.2222222222222222
1263,3406,0,0,0.0004115108139685431,1,134,59,193,0.8833181522446324,0.2222222222222222
1264,3460,0,0,0.00022464194287252922,1,134,59,193,0.8833181522446324,0.2222222222222222
1265,3479,0,1,0.9966238488960942,1,134,60,194,0.8798918918918921,0.2222222222222222
1266,3496,0,0,6.559827232955775e-05,1,134,60,194,0.8798918918918921,0.2222222222222222
1267,3736,0,0,0.0001979473648603569,1,134,60,194,0.8798918918918921,0.2222222222222222
1268,3804,0,1,0.6649802210742829,1,134,61,195,0.8765049392429408,0.2222222222222222
1269,3811,0,0,0.010094245044982441,1,134,61,195,0.8765049392429408,0.2222222222222222
1270,3835,0,0,0.0002211542957657991,1,134,61,195,0.8765049392429408,0.2222222222222222
1271,3906,0,0,0.0006134961856010901,1,134,61,195,0.8765049392429408,0.2222222222222222
1272,3932,0,0,0.00020022892564848947,1,134,61,195,0.8765049392429408,0.2222222222222222
1273,3944,0,0,0.0003591817234275748,1,134,61,195,0.8765049392429408,0.2222222222222222
1274,3975,0,0,6.606629282029633e-05,1,134,61,195,0.8765049392429408,0.2222222222222222
1275,4041,0,0,0.0763782107164376,1,134,61,195,0.8765049392429408,0.2222222222222222
1276,4096,0,0,0.0006231152140995863,1,134,61,195,0.8765049392429408,0.2222222222222222
1277,4154,0,0,0.002224631668721048,1,134,61,195,0.8765049392429408,0.2222222222222222
1278,4207,0,0,0.00010254507275218961,1,134,61,195,0.8765049392429408,0.2222222222222222
1279,4218,0,0,0.0012602820305308612,1,134,61,195,0.8765049392429408,0.2222222222222222
1280,4258,0,0,0.0003066295703566218,1,134,61,195,0.8765049392429408,0.2222222222222222
1281,4316,0,0,0.031906128907102815,1,134,61,195,0.8765049392429408,0.2222222222222222
1282,4338,0,0,0.010599049789595359,1,134,61,195,0.8798918918918921,0.2222222222222222
1283,4360,0,0,0.0003627062187262329,1,134,61,195,0.8798918918918921,0.2222222222222222
1284,4427,0,0,0.0002820255156058852,1,134,61,195,0.8798918918918921,0.2222222222222222
1285,4483,0,0,0.006030748791982481,1,134,61,195,0.8798918918918921,0.2222222222222222
1286,4542,0,0,9.004730003737065e-05,1,134,61,195,0.8798918918918921,0.2222222222222222
1287,4553,0,0,0.0012766279566253287,1,134,61,195,0.8798918918918921,0.2222222222222222
1288,4607,0,0,0.0009640290126837588,1,134,61,195,0.8798918918918921,0.2222222222222222
1289,4628,0,0,0.0013790155167504553,1,134,61,195,0.8798918918918921,0.2222222222222222
1290,4667,0,0,0.0002806643385149712,1,134,61,195,0.8833181522446324,0.2222222222222222
1291,4789,0,0,0.3175780986143667,1,134,61,195,0.8833181522446324,0.2222222222222222
1292,4794,0,0,0.0024051751882713684,1,134,61,195,0.8833181522446324,0.2222222222222222
1293,4822,0,0,0.003637309585922619,1,134,61,195,0.8833181522446324,0.2222222222222222
1294,4837,0,0,0.0006325635201877941,1,134,61,195,0.8900921658986175,0.23529411764705882
1295,4894,0,0,0.0002559498137113765,1,134,61,195,0.8968404329262237,0.25
1296,130,1,0,0.00408111055687017,1,135,61,196,0.8968404329262237,0.25
1297,347,1,0,0.0022219987409661983,1,136,61,197,0.8968404329262237,0.25
1298,2486,1,1,0.9983845338872708,1,136,61,197,0.8968404329262237,0.25
1299,2530,0,0,0.00015890648362243276,1,136,61,197,0.9035582064993829,0.26666666666666666
1300,2531,0,0,0.001266280199268852,1,136,61,197,0.9029787234042552,0.21428571428571427
1301,2572,0,0,6.284932177722377e-06,1,136,61,197,0.9097947180256025,0.23076923076923078
1302,2641,0,0,0.00016337568022481986,1,136,61,197,0.9165752765752767,0.25
1303,2663,0,0,0.043057507558175716,1,136,61,197,0.9162105263157894,0.18181818181818182
1304,2714,0,0,1.77058080492172e-05,1,136,61,197,0.9162105263157894,0.18181818181818182
1305,2747,0,0,4.5087238792180054e-07,1,136,61,197,0.9162105263157894,0.18181818181818182
1306,2852,0,0,2.7054147432351692e-05,1,136,61,197,0.9162105263157894,0.18181818181818182
1307,2862,0,0,0.00018922954966569598,1,136,61,197,0.9162105263157894,0.18181818181818182
1308,2916,0,0,0.000267677097942331,1,136,61,197,0.9162105263157894,0.18181818181818182
1309,2937,0,0,7.706863968615648e-05,1,136,61,197,0.9162105263157894,0.18181818181818182
1310,3017,0,0,1.4993831842226547e-05,1,136,61,197,0.9162105263157894,0.18181818181818182
1311,3125,0,0,0.0005228683931791151,1,136,61,197,0.9162105263157894,0.18181818181818182
1312,3138,0,0,1.2042169781147221e-05,1,136,61,197,0.9162105263157894,0.18181818181818182
1313,3201,0,0,0.00014421124955891465,1,136,61,197,0.9162105263157894,0.18181818181818182
1314,3216,0,0,0.0005259452395025866,1,136,61,197,0.9162105263157894,0.18181818181818182
1315,3412,0,0,3.2651051072717594e-06,1,136,61,197,0.9162105263157894,0.18181818181818182
1316,3418,0,0,8.567324425785212e-05,1,136,61,197,0.9162105263157894,0.18181818181818182
1317,3424,0,0,0.004396430652197026,1,136,61,197,0.9162105263157894,0.18181818181818182
1318,3425,0,1,0.8469247881042185,1,136,62,198,0.9130883276793569,0.18181818181818182
1319,3535,0,1,0.9594220904909961,1,136,63,199,0.91,0.18181818181818182
1320,3549,0,0,0.0008782269920009743,1,136,63,199,0.91,0.18181818181818182
1321,3561,0,0,2.0943640449204324e-06,1,136,63,199,0.91,0.18181818181818182
1322,3638,0,0,0.00600630967237652,1,136,63,199,0.91,0.18181818181818182
1323,3656,0,0,0.0005050571675694071,1,136,63,199,0.91,0.18181818181818182
1324,3721,0,0,0.0003924634921745559,1,136,63,199,0.91,0.18181818181818182
1325,3740,0,0,0.00018331044762278132,1,136,63,199,0.91,0.18181818181818182
1326,3802,0,0,0.0005809907045745199,1,136,63,199,0.91,0.18181818181818182
1327,3808,0,0,0.0002496451785367095,1,136,63,199,0.91,0.18181818181818182
1328,3885,0,0,3.7794047933909083e-06,1,136,63,199,0.91,0.18181818181818182
1329,3891,0,0,0.0005319083313119945,1,136,63,199,0.91,0.18181818181818182
1330,3947,0,0,0.00011051042381384861,1,136,63,199,0.91,0.18181818181818182
1331,3959,0,0,0.00024375611403752647,1,136,63,199,0.91,0.18181818181818182
1332,3985,0,0,0.004442586351928288,1,136,63,199,0.91,0.18181818181818182
1333,3987,0,1,0.8191943271500415,1,136,64,200,0.9138528138528137,0.2
1334,4000,0,0,0.0010464074804018126,1,136,64,200,0.9138528138528137,0.2
1335,4018,0,0,0.0001676920588165573,1,136,64,200,0.9138528138528137,0.2
1336,4042,0,0,0.0002644411051990291,1,136,64,200,0.9138528138528137,0.2
1337,4054,0,0,0.00886262160208118,1,136,64,200,0.9138528138528137,0.2
1338,4105,0,0,0.0009785865417286088,1,136,64,200,0.9138528138528137,0.2
1339,4216,0,0,3.7806692496835174e-05,1,136,64,200,0.9138528138528137,0.2
1340,4220,0,0,0.001007825624614616,1,136,64,200,0.9138528138528137,0.2
1341,4286,0,0,1.0364874411489079e-05,1,136,64,200,0.9138528138528137,0.2
1342,4330,0,1,0.5111213398236677,1,136,65,201,0.9108176680890323,0.2
1343,4332,0,0,3.3903156167160885e-05,1,136,65,201,0.9108176680890323,0.2
1344,4342,0,0,0.003016169630906061,1,136,65,201,0.9108176680890323,0.2
1345,4357,0,0,4.464986879232699e-07,1,136,65,201,0.9138528138528137,0.2
1346,4398,0,0,0.00045564643644116563,1,136,65,201,0.9138528138528137,0.2
1347,4433,0,0,0.00017564373480850794,1,136,65,201,0.9138528138528137,0.2
1348,4435,0,0,0.0005515244674571298,1,136,65,201,0.9138528138528137,0.2
1349,4463,0,0,1.1435201390799773e-05,1,136,65,201,0.9138528138528137,0.2
1350,4545,0,0,4.2347492091202374e-05,1,136,65,201,0.9138528138528137,0.2
1351,4565,0,0,0.00016500299093654466,1,136,65,201,0.9169116723206433,0.2
1352,4571,0,0,0.0001905717141275398,1,136,65,201,0.9169116723206433,0.2
1353,4593,0,0,3.090718366747033e-05,1,136,65,201,0.9169116723206433,0.2
1354,4610,0,0,0.0014930437401186648,1,136,65,201,0.9169116723206433,0.2
1355,4618,0,0,2.709780123789231e-05,1,136,65,201,0.9169116723206433,0.2
1356,4638,0,0,8.863182426970216e-05,1,136,65,201,0.9169116723206433,0.2
1357,4646,0,0,0.0018746502631271022,1,136,65,201,0.9169116723206433,0.2
1358,4826,0,0,0.0009143255336493232,1,136,65,201,0.9169116723206433,0.2
1359,4857,0,0,0.00010887762266661852,1,136,65,201,0.9169116723206433,0.2
1360,4933,0,0,0.0027376030032074516,1,136,65,201,0.92,0.2
1361,4992,0,0,0.0005416314383940267,1,136,65,201,0.92,0.2
1362,10,1,0,0.00010395594814391279,1,137,65,202,0.9130883276793569,0.18181818181818182
1363,23,1,0,0.0002990088509329889,1,138,65,203,0.9061471861471861,0.16666666666666666
1364,182,1,1,0.9943988635476614,1,138,65,203,0.9064893617021277,0.23076923076923078
1365,211,1,0,0.0023879355524682694,1,139,65,204,0.89968,0.21428571428571427
1366,238,1,0,0.0012322914379488648,1,140,65,205,0.892842451665981,0.2
1367,251,1,0,0.002267762207915267,1,141,65,206,0.8859815311289841,0.1875
1368,283,1,1,0.9879139148560806,1,141,65,206,0.8866558230318802,0.23529411764705882
1369,289,1,1,0.9729036314786776,1,141,65,206,0.8872436401783373,0.2777777777777778
1370,349,1,1,0.9578664091062287,1,141,65,206,0.8877607134010403,0.3157894736842105
1371,394,1,1,0.6430530480619122,1,141,65,206,0.8946640951462552,0.3684210526315789
1372,427,1,1,0.999567314779695,1,141,65,206,0.9013189823874755,0.42105263157894735
1373,460,1,1,0.9788393855230237,1,141,65,206,0.9077472527472527,0.47368421052631576
1374,463,1,0,0.31033173302194617,1,142,65,207,0.9015412106321198,0.45
1375,570,1,0,0.0005972277878934503,1,143,65,208,0.8952893282931085,0.42857142857142855
1376,596,1,0,0.012189376034809126,1,144,65,209,0.8889963775836353,0.4090909090909091
1377,626,1,0,1.1408978245796491e-05,1,145,65,210,0.8826666666666667,0.391304347826087
1378,628,1,0,0.07452520791164714,1,146,65,211,0.8763040967457028,0.375
1379,663,1,1,0.7354582108943325,1,146,65,211,0.8767669858641131,0.4
1380,861,1,1,0.7576515883046547,1,146,65,211,0.8771893583724569,0.4230769230769231
1381,924,1,0,0.05336142788403585,1,147,65,212,0.8709211495946941,0.4074074074074074
1382,963,1,1,0.9970566973053386,1,147,65,212,0.8713636363636362,0.42857142857142855
1383,977,1,0,0.0008277097628233565,1,148,65,213,0.8651229722658295,0.41379310344827586
1384,1075,1,0,0.25159767873376937,1,149,65,214,0.8588571428571429,0.4
1385,1113,1,0,2.157097176788871e-05,1,150,65,215,0.852568683633912,0.3870967741935484
1386,1198,1,0,0.0010992964671053943,1,151,65,216,0.8462599469496022,0.375
1387,1237,1,0,2.6702596263613475e-05,1,152,65,217,0.8399331194606057,0.36363636363636365
1388,1281,1,1,0.9999356109756656,1,152,65,217,0.8405955204216073,0.38235294117647056
1389,1293,1,0,0.004023978115392102,1,153,65,218,0.8343023255813954,0.37142857142857144
1390,1642,1,1,0.9972988386512659,1,153,65,218,0.8349667271627343,0.3888888888888889
1391,1656,1,0,0.029086865806514636,1,154,65,219,0.8287057010785824,0.3783783783783784
1392,1797,1,0,0.3522118522095552,1,155,65,220,0.8224313725490197,0.3684210526315789
1393,1861,1,0,0.0007528485360061412,1,156,65,221,0.8161453648629043,0.358974358974359
1394,1874,1,1,0.999253082528979,1,156,65,221,0.8168998163063443,0.375
1395,1882,1,0,2.3340051922277712e-07,1,157,65,222,0.8106473214285714,0.36585365853658536
1396,1966,1,0,0.0644278294903654,1,158,65,223,0.8043857634902412,0.35714285714285715
1397,1989,1,0,0.020752242263790344,1,159,65,224,0.7981164942841589,0.3488372093023256
1398,2065,1,0,4.731491943597853e-06,1,160,65,225,0.7918407960199005,0.3409090909090909
1399,2071,1,1,0.9921910573448045,1,160,65,225,0.7927164061473796,0.35555555555555557
1400,2225,1,0,0.00036910572514013137,1,161,65,226,0.7864761904761906,0.34782608695652173
1401,2231,1,1,0.9999188172727238,1,161,65,226,0.7873441734417344,0.3617021276595745
1402,2387,1,0,0.0016718391238406917,1,162,65,227,0.7811386200829458,0.3541666666666667
1403,2504,0,0,0.0003270136505616173,1,162,65,227,0.7811386200829458,0.3541666666666667
1404,2505,0,0,0.0036554085809191346,1,162,65,227,0.7811386200829458,0.3541666666666667
1405,2508,0,0,0.0004677602513293331,1,162,65,227,0.7811386200829458,0.3541666666666667
1406,2521,0,0,3.33308220871021e-06,1,162,65,227,0.7873441734417344,0.3617021276595745
1407,2526,0,0,0.000225249221602917,1,162,65,227,0.7864761904761906,0.34782608695652173
1408,2539,0,0,0.00016349971789738228,1,162,65,227,0.7864761904761906,0.34782608695652173
1409,2555,0,0,0.00018832309810549273,1,162,65,227,0.7864761904761906,0.34782608695652173
1410,2561,0,0,1.655185784493079e-05,1,162,65,227,0.7864761904761906,0.34782608695652173
1411,2567,0,0,5.155880987830775e-05,1,162,65,227,0.7864761904761906,0.34782608695652173
1412,2584,0,1,0.5522443913945444,1,162,66,228,0.7823853760863051,0.34782608695652173
1413,2608,0,0,0.00018309306560089974,1,162,66,228,0.7823853760863051,0.34782608695652173
1414,2647,0,0,9.787601813947215e-05,1,162,66,228,0.7823853760863051,0.34782608695652173
1415,2652,0,0,0.006321475712448948,1,162,66,228,0.7823853760863051,0.34782608695652173
1416,2653,0,0,1.5996560563981383e-06,1,162,66,228,0.7823853760863051,0.34782608695652173
1417,2674,0,0,0.00010265727210299009,1,162,66,228,0.7823853760863051,0.34782608695652173
1418,2727,0,0,1.1055498346857084e-05,1,162,66,228,0.7823853760863051,0.34782608695652173
1419,2798,0,0,0.000686242994944615,1,162,66,228,0.7823853760863051,0.34782608695652173
1420,2840,0,0,0.0003838954952119354,1,162,66,228,0.7823853760863051,0.34782608695652173
1421,2865,0,0,8.817225805906515e-05,1,162,66,228,0.7823853760863051,0.34782608695652173
1422,2897,0,0,0.00010526046768189942,1,162,66,228,0.7823853760863051,0.34782608695652173
1423,3000,0,0,0.0012425049624331433,1,162,66,228,0.7864761904761906,0.34782608695652173
1424,3038,0,0,0.00044497849386942404,1,162,66,228,0.7864761904761906,0.34782608695652173
1425,3074,0,0,0.0001963474156747171,1,162,66,228,0.7864761904761906,0.34782608695652173
1426,3083,0,0,0.0012718162694973826,1,162,66,228,0.7864761904761906,0.34782608695652173
1427,3089,0,0,0.0450316509405635,1,162,66,228,0.7864761904761906,0.34782608695652173
1428,3091,0,0,0.00012739048316028894,1,162,66,228,0.7864761904761906,0.34782608695652173
1429,3131,0,0,9.461387187451456e-05,1,162,66,228,0.7864761904761906,0.34782608695652173
1430,3164,0,0,0.3298751828125358,1,162,66,228,0.7864761904761906,0.34782608695652173
1431,3219,0,0,0.00028525460427456455,1,162,66,228,0.7864761904761906,0.34782608695652173
1432,3249,0,0,7.362651124833103e-05,1,162,66,228,0.7864761904761906,0.34782608695652173
1433,3310,0,0,0.00011398945121658849,1,162,66,228,0.7864761904761906,0.34782608695652173
1434,3318,0,0,3.214978515263628e-06,1,162,66,228,0.7864761904761906,0.34782608695652173
1435,3335,0,0,0.00017320274907825167,1,162,66,228,0.7864761904761906,0.34782608695652173
1436,3354,0,0,0.00025223822771621715,1,162,66,228,0.7864761904761906,0.34782608695652173
1437,3409,0,0,0.001033614097194997,1,162,66,228,0.7864761904761906,0.34782608695652173
1438,3469,0,0,0.4920311598640047,1,162,66,228,0.7927164061473796,0.35555555555555557
1439,3501,0,0,6.0022556152670345e-06,1,162,66,228,0.798951098511694,0.36363636363636365
1440,3508,0,0,5.823583954083431e-06,1,162,66,228,0.798951098511694,0.36363636363636365
1441,3521,0,0,0.00018064686428241787,1,162,66,228,0.798951098511694,0.36363636363636365
1442,3523,0,0,3.223031007068877e-05,1,162,66,228,0.798951098511694,0.36363636363636365
1443,3538,0,1,0.6367999092601996,1,162,67,229,0.7948386531809625,0.36363636363636365
1444,3546,0,0,0.0003578317064101617,1,162,67,229,0.7948386531809625,0.36363636363636365
1445,3567,0,0,0.0016589562244525625,1,162,67,229,0.7948386531809625,0.36363636363636365
1446,3575,0,0,0.015403932783115595,1,162,67,229,0.7948386531809625,0.36363636363636365
1447,3610,0,0,5.858812615343439e-06,1,162,67,229,0.7948386531809625,0.36363636363636365
1448,3689,0,0,0.006359971750213979,1,162,67,229,0.7948386531809625,0.36363636363636365
1449,3691,0,0,0.00017751591227502708,1,162,67,229,0.7948386531809625,0.36363636363636365
1450,3727,0,0,0.06102852099351463,1,162,67,229,0.7948386531809625,0.36363636363636365
1451,3751,0,0,0.00011652326545164136,1,162,67,229,0.7948386531809625,0.36363636363636365
1452,3755,0,0,0.0007862382433397604,1,162,67,229,0.7948386531809625,0.36363636363636365
1453,3784,0,0,5.202769691389335e-06,1,162,67,229,0.7948386531809625,0.36363636363636365
1454,3907,0,0,0.020555382636330395,1,162,67,229,0.7948386531809625,0.36363636363636365
1455,3931,0,0,0.0015247781787642754,1,162,67,229,0.7948386531809625,0.36363636363636365
1456,3935,0,0,0.09725807300839481,1,162,67,229,0.7948386531809625,0.36363636363636365
1457,3938,0,1,0.7895835074087746,1,162,68,230,0.7907532467532468,0.36363636363636365
1458,3953,0,0,0.0015685604677323926,1,162,68,230,0.7948386531809625,0.36363636363636365
1459,3992,0,0,0.00011757205475316783,1,162,68,230,0.7948386531809625,0.36363636363636365
1460,4044,0,0,2.9874592586887407e-06,1,162,68,230,0.7948386531809625,0.36363636363636365
1461,4123,0,0,0.00026739387806775126,1,162,68,230,0.7948386531809625,0.36363636363636365
1462,4142,0,0,0.0004749840402728903,1,162,68,230,0.7948386531809625,0.36363636363636365
1463,4148,0,0,0.000941688549066187,1,162,68,230,0.7948386531809625,0.36363636363636365
1464,4159,0,0,0.0006203763370482303,1,162,68,230,0.7948386531809625,0.36363636363636365
1465,4167,0,0,0.00031901691461522344,1,162,68,230,0.798951098511694,0.36363636363636365
1466,4178,0,0,0.0002506871843831528,1,162,68,230,0.798951098511694,0.36363636363636365
1467,4199,0,0,1.4434957195190347e-05,1,162,68,230,0.798951098511694,0.36363636363636365
1468,4200,0,0,8.872602717995982e-05,1,162,68,230,0.8030926448836897,0.36363636363636365
1469,4217,0,0,0.0011285675720224886,1,162,68,230,0.8030926448836897,0.36363636363636365
1470,4355,0,0,0.006991504733614411,1,162,68,230,0.8030926448836897,0.36363636363636365
1471,4370,0,0,0.0007481747752876362,1,162,68,230,0.8030926448836897,0.36363636363636365
1472,4396,0,0,0.005741340157546756,1,162,68,230,0.8030926448836897,0.36363636363636365
1473,4426,0,0,0.00016684748519196933,1,162,68,230,0.8030926448836897,0.36363636363636365
1474,4428,0,0,0.0015227054646356059,1,162,68,230,0.8030926448836897,0.36363636363636365
1475,4455,0,0,0.1988184428021734,1,162,68,230,0.8030926448836897,0.36363636363636365
1476,4462,0,0,0.0005662861735033186,1,162,68,230,0.8030926448836897,0.36363636363636365
1477,4478,0,0,0.00024618605666724947,1,162,68,230,0.8030926448836897,0.36363636363636365
1478,4505,0,0,9.491214572252292e-05,1,162,68,230,0.8030926448836897,0.36363636363636365
1479,4513,0,0,5.395953506270263e-05,1,162,68,230,0.8030926448836897,0.36363636363636365
1480,4533,0,1,0.9818479944235292,1,162,69,231,0.798951098511694,0.36363636363636365
1481,4567,0,0,0.0006310969398558903,1,162,69,231,0.798951098511694,0.36363636363636365
1482,4636,0,0,0.001512479742823782,1,162,69,231,0.798951098511694,0.36363636363636365
1483,4657,0,0,4.84890131071755e-05,1,162,69,231,0.798951098511694,0.36363636363636365
1484,4692,0,0,0.127321407410391,1,162,69,231,0.798951098511694,0.36363636363636365
1485,4705,0,0,5.1800505344856597e-05,1,162,69,231,0.798951098511694,0.36363636363636365
1486,4781,0,0,0.0007171879765253066,1,162,69,231,0.798951098511694,0.36363636363636365
1487,4820,0,0,0.0036284672542702735,1,162,69,231,0.798951098511694,0.36363636363636365
1488,4856,0,0,0.012267428121848254,1,162,69,231,0.798951098511694,0.36363636363636365
1489,4875,0,1,0.5034178933683746,1,162,70,232,0.7948386531809625,0.36363636363636365
1490,4880,0,0,4.667293549440719e-05,1,162,70,232,0.7948386531809625,0.36363636363636365
1491,4908,0,0,4.215711455252727e-06,1,162,70,232,0.7948386531809625,0.36363636363636365
1492,4921,0,0,4.401533668776216e-06,1,162,70,232,0.7948386531809625,0.36363636363636365
1493,48,1,0,0.00024481610237042813,1,163,70,233,0.7886147186147187,0.35555555555555557
1494,181,1,0,0.1566951747882293,1,164,70,234,0.7823853760863051,0.34782608695652173
1495,242,1,0,5.830995602602963e-05,1,165,70,235,0.7761517615176152,0.3404255319148936
1496,285,1,1,0.9998463868418027,1,165,70,235,0.7832135226844288,0.3617021276595745
1497,386,1,1,0.9976938838034672,1,165,70,235,0.7901525451832201,0.3829787234042553
1498,475,1,0,0.0451488725842981,1,166,70,236,0.7832135226844288,0.3617021276595745
1499,523,1,1,0.9958334676384032,1,166,70,236,0.7839999999999999,0.375
1500,534,1,1,0.9964216909014256,1,166,70,236,0.7847481001970167,0.3877551020408163
1501,536,1,0,0.00011994780486637333,1,167,70,237,0.7786271699315178,0.38
1502,542,1,1,0.9901634777633149,1,167,70,237,0.779375,0.39215686274509803
1503,559,1,1,0.5591248904352847,1,167,70,237,0.7800889707010278,0.40384615384615385
1504,560,1,1,0.999694994451718,1,167,70,237,0.7807715491259795,0.41509433962264153
1505,580,1,0,0.01951632960201065,1,168,70,238,0.77474883286648,0.4074074074074074
1506,598,1,1,0.9998899440655789,1,168,70,238,0.7754342477323638,0.41818181818181815
1507,625,1,1,0.9966463104403526,1,168,70,238,0.7760916218071462,0.42857142857142855
1508,742,1,0,0.029931524385403748,1,169,70,239,0.7701290322580645,0.42105263157894735
1509,798,1,0,0.4118139166696472,1,170,70,240,0.7641644439702692,0.41379310344827586
1510,821,1,0,0.08971295258920677,1,171,70,241,0.758198757763975,0.4067796610169492
1511,830,1,1,0.961903586045958,1,171,70,241,0.7589208733138645,0.4166666666666667
1512,843,1,1,0.9981175559576829,1,171,70,241,0.7596162280701755,0.4262295081967213
1513,860,1,0,0.11099256811216926,1,172,70,242,0.7537103194855567,0.41935483870967744
1514,905,1,1,0.9979269124392804,1,172,70,242,0.7544095439444277,0.42857142857142855
1515,967,1,0,0.17648652477047047,1,173,70,243,0.7485333333333334,0.421875
1516,1000,1,1,0.9897080502124759,1,173,70,243,0.7492367416765364,0.4307692307692308
1517,1114,1,0,0.04131366707459491,1,174,70,244,0.7433905397012194,0.42424242424242425
1518,1139,1,0,0.13624995373231397,1,175,70,245,0.7419002320944069,0.417910447761194
1519,1178,1,0,0.001312379926632475,1,176,70,246,0.7404099244875944,0.4117647058823529
1520,1219,1,0,0.0024291906693063147,1,177,70,247,0.7345530145530145,0.4057971014492754
1521,1258,1,0,0.15732212658291883,1,178,70,248,0.7287005649717514,0.4
1522,1275,1,0,3.0981417652322715e-06,1,179,70,249,0.7228532922603003,0.39436619718309857
1523,1278,1,0,0.44424824669748686,1,180,70,250,0.7170118975471277,0.3888888888888889
1524,1317,1,0,0.00042058371397371813,1,181,70,251,0.7111770674784372,0.3835616438356164
1525,1335,1,1,0.9762836892353127,1,181,70,251,0.7121253918495297,0.3918918918918919
1526,1338,1,0,0.1052812666286991,1,182,70,252,0.7063265687833161,0.38666666666666666
1527,1339,1,1,0.9961663452997664,1,182,70,252,0.7072751379852611,0.39473684210526316
1528,1343,1,1,0.995779720917356,1,182,70,252,0.7081967963386728,0.4025974025974026
1529,1351,1,0,0.05545086854014121,1,183,70,253,0.7024623603691111,0.3974358974358974
1530,1367,1,1,0.9970751970733046,1,183,70,253,0.7033862243058059,0.4050632911392405
1531,1388,1,0,0.016190181631838132,1,184,70,254,0.6976883280002392,0.4
1532,1424,1,0,0.0007389816768454284,1,185,70,255,0.6920000000000001,0.3950617283950617
1533,1427,1,1,0.9977106634446851,1,185,70,255,0.6973281199087651,0.4024390243902439
1534,1439,1,0,2.2301998306449292e-05,1,186,70,256,0.6916664701026065,0.39759036144578314
1535,1446,1,0,0.0002194431223560955,1,187,70,257,0.6860156731531214,0.39285714285714285
1536,1462,1,1,0.9992717499755881,1,187,70,257,0.6870181818181819,0.4
1537,1488,1,1,0.994028477018563,1,187,70,257,0.687996885004759,0.4069767441860465
1538,1501,1,0,0.001692530823741725,1,188,70,258,0.6824126838235294,0.40229885057471265
1539,1586,1,0,0.026936552659669287,1,189,70,259,0.6768408707342887,0.3977272727272727
1540,1603,1,0,0.001473119871340364,1,190,70,260,0.6712820512820512,0.39325842696629215
1541,1654,1,1,0.9991846795545312,1,190,70,260,0.6723202170963364,0.4
1542,1705,1,0,0.08043109193151712,1,191,70,261,0.6711668928086838,0.3956043956043956
1543,1749,1,0,0.0004564677945646538,1,192,70,262,0.6656517698741234,0.391304347826087
1544,1779,1,1,0.7226846040045444,1,192,70,262,0.6667379454926625,0.3978494623655914
1545,1814,1,0,0.03031867528568722,1,193,70,263,0.6612655971479501,0.39361702127659576
1546,1858,1,0,0.004312854902889638,1,194,70,264,0.6558088867919291,0.3894736842105263
1547,1905,1,0,0.001692530813651,1,195,70,265,0.6503684035844673,0.3854166666666667
1548,1908,1,1,0.9961979151626006,1,195,70,265,0.6515164835164835,0.3917525773195876
1549,1918,1,0,0.3530137589947874,1,196,70,266,0.6461211971850269,0.3877551020408163
1550,1982,1,1,0.9970686278906011,1,196,70,266,0.6472762645914396,0.3939393939393939
1551,1991,1,1,0.9913619614531719,1,196,70,266,0.6484110885733604,0.4
1552,1995,1,1,0.991085139512603,1,196,70,266,0.6495267672286306,0.40594059405940597
1553,2001,1,1,0.9537428488470907,1,196,70,266,0.6506243482446056,0.4117647058823529
1554,2015,1,1,0.9600302754873671,1,196,70,266,0.6517048325753345,0.4174757281553398
1555,2031,1,1,0.9417269720893756,1,196,70,266,0.6527691778465772,0.4230769230769231
1556,2035,1,1,0.9956902867496712,1,196,70,266,0.6538183015141541,0.42857142857142855
1557,2043,1,0,0.1301625394395269,1,197,70,267,0.6486380832282472,0.42452830188679247
1558,2050,1,1,0.9931913943172005,1,197,70,267,0.6497008055235903,0.42990654205607476
1559,2057,1,0,0.001692530823741725,1,198,70,268,0.6445690127612934,0.42592592592592593
1560,2090,1,0,0.0032349665227245283,1,199,70,269,0.6394583333333334,0.42201834862385323
1561,2128,1,1,0.9929635497617169,1,199,70,269,0.6405643738977074,0.42727272727272725
1562,2139,1,1,0.9967270333014733,1,199,70,269,0.6467111904946805,0.43636363636363634
1563,2171,1,0,9.281961532702507e-05,1,200,70,270,0.6467111904946805,0.43636363636363634
1564,2193,1,0,0.030497961422774823,1,201,70,271,0.6405643738977074,0.42727272727272725
1565,2196,1,0,0.017621611023842715,1,202,70,272,0.6405643738977074,0.42727272727272725
1566,2234,1,1,0.9959218700486935,1,202,70,272,0.6467111904946805,0.43636363636363634
1567,2259,1,0,1.168901554119656e-05,1,203,70,273,0.6467111904946805,0.43636363636363634
1568,2383,1,1,0.9375785900801419,1,203,70,273,0.6467111904946805,0.43636363636363634
1569,2415,1,0,0.00517511281274726,1,204,70,274,0.6405643738977074,0.42727272727272725
1570,2511,0,0,0.00017358749302445118,1,204,70,274,0.6394583333333334,0.42201834862385323
1571,2544,0,0,0.003833325295434226,1,204,70,274,0.6383387383617533,0.4166666666666667
1572,2575,0,1,0.8893716806830698,1,204,71,275,0.6328355744279311,0.411214953271028
1573,2618,0,0,0.0009663277501023892,1,204,71,275,0.6316971691902568,0.4056603773584906
1574,2630,0,0,0.00037180757006803394,1,204,71,275,0.6368810051736881,0.4095238095238095
1575,2683,0,0,0.001065384303126882,1,204,71,275,0.6420851525495488,0.41346153846153844
1576,2737,0,1,0.550730792554986,1,204,72,276,0.6429184197295652,0.4174757281553398
1577,2772,0,0,0.0005900544747310571,1,204,72,276,0.6481494057724957,0.4215686274509804
1578,2822,0,0,7.600286467434757e-05,1,204,72,276,0.6533990265698556,0.42574257425742573
1579,2836,0,1,0.6912567380038791,1,204,73,277,0.648,0.42
1580,2864,0,0,5.207366675177392e-05,1,204,73,277,0.646994851994852,0.41414141414141414
1581,2903,0,0,0.0005294174968677931,1,204,73,277,0.6523056653491436,0.41836734693877553
1582,2917,0,0,0.00025298835153570685,1,204,73,277,0.6513116970926301,0.41237113402061853
1583,2966,0,0,0.00020179419533686584,1,204,73,277,0.6566666666666667,0.4166666666666667
1584,3051,0,0,5.699043365587869e-05,1,204,73,277,0.6620377676797911,0.42105263157894735
1585,3105,0,0,8.78746370902241e-05,1,204,73,277,0.6674243913090949,0.425531914893617
1586,3139,0,0,0.000796063319799384,1,204,73,277,0.6728259262301816,0.43010752688172044
1587,3168,0,0,0.00022495686564858537,1,204,73,277,0.6782417582417583,0.43478260869565216
1588,3173,0,0,0.00017930535857042118,1,204,73,277,0.6773647527381347,0.42857142857142855
1589,3176,0,0,0.00027978255450212544,1,204,73,277,0.6828203491437929,0.43333333333333335
1590,3237,0,0,0.008581869274876634,1,204,73,277,0.6819524807826696,0.42696629213483145
1591,3241,0,0,5.187045875334933e-06,1,204,73,277,0.6874469756480753,0.4318181818181818
1592,3255,0,0,0.002952782430356097,1,204,73,277,0.6929534510433387,0.4367816091954023
1593,3293,0,0,2.110479350743833e-05,1,204,73,277,0.6984712799638172,0.4418604651162791
1594,3304,0,0,8.734255201888097e-05,1,204,73,277,0.6976638176638177,0.43529411764705883
1595,3348,0,0,0.0017899337739379951,1,204,73,277,0.7032180554363683,0.44047619047619047
1596,3414,0,0,0.0004875327118529755,1,204,73,277,0.7087821691176471,0.4457831325301205
1597,3461,0,0,0.0009833626710767155,1,204,73,277,0.714355513253151,0.45121951219512196
1598,3483,0,0,0.0009290084676251281,1,204,73,277,0.7199374348279458,0.4567901234567901
1599,3500,0,1,0.5543062363417134,2,204,74,278,0.7147636363636363,0.45
1600,3506,0,0,6.973176258921897e-05,2,204,74,278,0.7203693314633006,0.45569620253164556
1601,3654,0,0,0.0002282428937329371,2,204,74,278,0.7196697723788182,0.44871794871794873
1602,3666,0,0,0.00012596221883038906,2,204,74,278,0.7253079178885631,0.45454545454545453
1603,3703,0,0,0.0006880615084854685,2,204,74,278,0.7253079178885631,0.45454545454545453
1604,3714,0,0,0.0008469919007511673,2,204,74,278,0.7253079178885631,0.45454545454545453
1605,3723,0,0,2.867589060466465e-05,2,204,74,278,0.7253079178885631,0.45454545454545453
1606,3790,0,0,0.000568973775947021,2,204,74,278,0.7253079178885631,0.45454545454545453
1607,3825,0,0,0.0001416506979892921,2,204,74,278,0.7253079178885631,0.45454545454545453
1608,3836,0,0,0.01628855513161551,2,204,74,278,0.7253079178885631,0.45454545454545453
1609,3840,0,0,0.02067552684066281,2,204,74,278,0.7253079178885631,0.45454545454545453
1610,3884,0,0,0.00019670721100382348,2,204,74,278,0.7253079178885631,0.45454545454545453
1611,3892,0,0,4.9859307480290684e-05,2,204,74,278,0.7253079178885631,0.45454545454545453
1612,3894,0,0,0.0011291396090158516,2,204,74,278,0.7297619047619048,0.45454545454545453
1613,3908,0,0,5.628147580853232e-05,2,204,74,278,0.7297619047619048,0.45454545454545453
1614,3952,0,0,5.327512658750614e-05,2,204,74,278,0.7297619047619048,0.45454545454545453
1615,3963,0,0,0.007986452320688472,2,204,74,278,0.7297619047619048,0.45454545454545453
1616,4052,0,0,0.0006954221311429422,2,204,74,278,0.7297619047619048,0.45454545454545453
1617,4092,0,0,7.733911273307804e-05,2,204,74,278,0.7297619047619048,0.45454545454545453
1618,4151,0,0,1.231364408192821e-05,2,204,74,278,0.7297619047619048,0.45454545454545453
1619,4221,0,0,0.00028733469747338513,2,204,74,278,0.7297619047619048,0.45454545454545453
1620,4308,0,0,3.2209940902309246e-06,2,204,74,278,0.7297619047619048,0.45454545454545453
1621,4309,0,0,0.00017355857843689003,2,204,74,278,0.7297619047619048,0.45454545454545453
1622,4320,0,0,0.31300857095386647,2,204,74,278,0.7297619047619048,0.45454545454545453
1623,4354,0,0,0.00011651380762087672,2,204,74,278,0.7297619047619048,0.45454545454545453
1624,4404,0,0,4.7737026112722784e-05,2,204,74,278,0.7297619047619048,0.45454545454545453
1625,4410,0,0,0.0005695022154958699,2,204,74,278,0.7297619047619048,0.45454545454545453
1626,4422,0,0,1.1195361687291076e-05,2,204,74,278,0.7297619047619048,0.45454545454545453
1627,4450,0,0,0.00040308674646507317,2,204,74,278,0.7297619047619048,0.45454545454545453
1628,4458,0,0,0.0003536100927306615,2,204,74,278,0.7297619047619048,0.45454545454545453
1629,4492,0,0,0.16626119140543139,2,204,74,278,0.7297619047619048,0.45454545454545453
1630,4536,0,0,0.0003599993262780523,2,204,74,278,0.7297619047619048,0.45454545454545453
1631,4558,0,0,1.9466482327415614e-06,2,204,74,278,0.7297619047619048,0.45454545454545453
1632,4579,0,0,0.0030997359060918874,2,204,74,278,0.7297619047619048,0.45454545454545453
1633,4586,0,0,1.62306377064893e-05,2,204,74,278,0.7297619047619048,0.45454545454545453
1634,4625,0,0,6.0439897303171824e-05,2,204,74,278,0.7297619047619048,0.45454545454545453
1635,4641,0,0,9.005245397103735e-05,2,204,74,278,0.7297619047619048,0.45454545454545453
1636,4671,0,0,5.676568030264891e-05,2,204,74,278,0.7297619047619048,0.45454545454545453
1637,4681,0,0,0.005667726170364814,2,204,74,278,0.7297619047619048,0.45454545454545453
1638,4689,0,0,0.000776103328952952,2,204,74,278,0.7297619047619048,0.45454545454545453
1639,4739,0,0,0.12243763016308032,2,204,74,278,0.7297619047619048,0.45454545454545453
1640,4741,0,0,0.02902701346711645,2,204,74,278,0.7297619047619048,0.45454545454545453
1641,4790,0,0,0.00021887471026707666,2,204,74,278,0.7297619047619048,0.45454545454545453
1642,4854,0,0,3.487873391586523e-05,2,204,74,278,0.7297619047619048,0.45454545454545453
1643,4888,0,0,5.0466518097788264e-05,2,204,74,278,0.7342285953527318,0.45454545454545453
1644,4944,0,0,3.3390631963788196e-05,2,204,74,278,0.7342285953527318,0.45454545454545453
1645,4953,0,0,3.3228931906822544e-05,2,204,74,278,0.7342285953527318,0.45454545454545453
1646,4958,0,0,0.009133840615111312,2,204,74,278,0.7342285953527318,0.45454545454545453
1647,1,1,0,0.0005585767647730273,2,205,74,279,0.7285714285714286,0.44871794871794873
1648,87,1,0,0.07035773471780797,2,206,74,280,0.7229209988447525,0.4430379746835443
1649,101,1,0,0.0014575663352070463,2,207,74,281,0.7172779808939734,0.4375
1650,113,1,0,0.0016369818301506403,2,208,74,282,0.7116430395350883,0.43209876543209874
1651,140,1,1,0.999050880419968,2,208,74,282,0.712450909090909,0.43902439024390244
1652,149,1,0,0.0029940085859788248,2,209,74,283,0.7068508863399374,0.43373493975903615
1653,150,1,0,0.01600357923501448,2,210,74,284,0.7012604193706556,0.42857142857142855
1654,209,1,0,0.0003887308233483468,2,211,74,285,0.6956801470588235,0.4235294117647059
1655,212,1,0,6.214412015204869e-06,2,212,74,286,0.690110701107011,0.4186046511627907
1656,222,1,0,0.013032754642214298,2,213,74,287,0.6845527065527065,0.41379310344827586
1657,236,1,0,0.0012638473860917912,2,214,74,288,0.6833960113960115,0.4090909090909091
1658,249,1,0,0.045897324543262244,2,215,74,289,0.6778515281364398,0.4044943820224719
1659,250,1,0,0.0030182557125369267,2,216,74,290,0.6723202170963364,0.4
1660,265,1,0,4.939478359523162e-05,2,217,74,291,0.666802680859452,0.3956043956043956
1661,267,1,1,0.8525613971933663,2,217,74,291,0.6678462613556954,0.40217391304347827
1662,327,1,0,2.8033625281438898e-05,2,218,74,292,0.6623707664884135,0.3978494623655914
1663,362,1,0,0.0211160564815589,2,219,74,293,0.6569104382337432,0.39361702127659576
1664,445,1,1,0.999731363613465,2,219,74,293,0.6579880922847928,0.4
1665,458,1,0,0.0031424206327189848,2,220,74,294,0.6525714285714287,0.3958333333333333
1666,510,1,0,0.007671540938098816,2,221,74,295,0.6471713354692078,0.3917525773195876
1667,525,1,1,0.8758528324473019,2,221,74,295,0.6482844004244782,0.3979591836734694
1668,612,1,1,0.8320140339565456,2,221,74,295,0.6493779580797836,0.40404040404040403
1669,689,1,0,0.3898591980181147,2,222,74,296,0.6440513428972063,0.4
1670,700,1,0,1.5362119952164927e-05,2,223,74,297,0.63874297545105,0.39603960396039606
1671,704,1,1,0.9993747065100866,2,223,74,297,0.6398743281905933,0.4019607843137255
1672,736,1,1,0.6622423720344552,2,223,74,297,0.6409880581930371,0.4077669902912621
1673,868,1,0,1.2852743413755126e-05,2,224,74,298,0.6357555178268253,0.40384615384615385
1674,870,1,0,0.0025462131950257346,2,225,74,299,0.6305429864253395,0.4
1675,884,1,0,0.0015619887806007492,2,226,74,300,0.6253510716925351,0.39622641509433965
1676,927,1,0,0.0005693161422993853,2,227,74,301,0.6201803818301513,0.3925233644859813
1677,929,1,0,0.3026815208919889,2,228,74,302,0.6150315258511979,0.3888888888888889
1678,940,1,1,0.9512357005073557,2,228,74,302,0.6162736687938069,0.3944954128440367
1679,984,1,0,1.8441365057522184e-05,2,229,74,303,0.611177222787651,0.39090909090909093
1680,1009,1,1,0.9968490638063008,2,229,74,303,0.61675,0.3963963963963964
1681,1036,1,0,0.0015693751633621045,2,230,74,304,0.6116936510824086,0.39285714285714285
1682,1079,1,1,0.9999778383176873,2,230,74,304,0.6129758484118972,0.39823008849557523
1683,1170,1,0,1.1198762035586435e-06,2,231,74,305,0.6079743695742041,0.39473684210526316
1684,1191,1,1,0.9988001214272872,2,231,74,305,0.6092729893934713,0.4
1685,1218,1,0,0.0008990459178687595,2,232,74,306,0.6043278250366221,0.39655172413793105
1686,1229,1,0,0.02232223097850941,2,233,74,307,0.5994088669950739,0.39316239316239315
1687,1230,1,0,0.07104119670036035,2,234,74,308,0.5945167652859961,0.3898305084745763
1688,1294,1,0,0.08661834310510101,2,235,74,309,0.5896521739130435,0.3865546218487395
1689,1306,1,1,0.9999708471998063,2,235,74,309,0.5953267448096223,0.39166666666666666
1690,1330,1,0,0.0009361736975167207,2,236,74,310,0.5905079559363525,0.3884297520661157
1691,1365,1,1,0.7427586877916912,2,236,74,310,0.5919499542264266,0.39344262295081966
1692,1376,1,1,0.9874579800232672,2,236,74,310,0.5933806818181818,0.3983739837398374
1693,1494,1,0,0.4419894230425242,2,237,74,311,0.5933806818181818,0.3983739837398374
1694,1510,1,0,0.03235362381549878,2,238,74,312,0.5933806818181818,0.3983739837398374
1695,1524,1,0,0.016003579142115452,2,239,74,313,0.5933806818181818,0.3983739837398374
1696,1529,1,1,0.9994638198082496,2,239,74,313,0.5933806818181818,0.3983739837398374
1697,1538,1,0,3.329378564957467e-05,2,240,74,314,0.5871936507936507,0.3902439024390244
1698,1569,1,0,0.005790808943523514,2,241,74,315,0.5871936507936507,0.3902439024390244
1699,1572,1,1,0.9551208153142001,2,241,74,315,0.5871936507936507,0.3902439024390244
1700,1588,1,1,0.9963273672203302,2,241,74,315,0.5871936507936507,0.3902439024390244
1701,1628,1,0,0.0021456753593560706,2,242,74,316,0.5871936507936507,0.3902439024390244
1702,1637,1,1,0.8711184699023384,2,242,74,316,0.5871936507936507,0.3902439024390244
1703,1653,1,0,5.7848282497883334e-05,2,243,74,317,0.5809581934696368,0.3821138211382114
1704,1684,1,1,0.9998206940573662,2,243,74,317,0.5809581934696368,0.3821138211382114
1705,1687,1,0,0.010945674430830674,2,244,74,318,0.5809581934696368,0.3821138211382114
1706,1692,1,0,0.00078363562599804,2,245,74,319,0.5746731684958365,0.37398373983739835
1707,1744,1,0,0.0009307513305813595,2,246,74,320,0.5683374133006935,0.36585365853658536
1708,1812,1,1,0.791939426977009,2,246,74,320,0.5746731684958365,0.37398373983739835
1709,1817,1,0,0.48268663394914973,2,247,74,321,0.5746731684958365,0.37398373983739835
1710,1878,1,1,0.8475579871360945,2,247,74,321,0.5809581934696368,0.3821138211382114
1711,1888,1,0,1.718395990429829e-05,2,248,74,322,0.5746731684958365,0.37398373983739835
1712,1904,1,0,0.0026421778874041874,2,249,74,323,0.5683374133006935,0.36585365853658536
1713,1927,1,0,0.00010311845722320954,2,250,74,324,0.5683374133006935,0.36585365853658536
1714,1958,1,1,0.9996733995044507,2,250,74,324,0.5683374133006935,0.36585365853658536
1715,2007,1,0,0.000782190028465012,2,251,74,325,0.5683374133006935,0.36585365853658536
1716,2016,1,1,0.9980171870546162,2,251,74,325,0.5683374133006935,0.36585365853658536
1717,2108,1,0,0.003075000399723562,2,252,74,326,0.5683374133006935,0.36585365853658536
1718,2150,1,0,0.08787584254139512,2,253,74,327,0.5683374133006935,0.36585365853658536
1719,2164,1,0,0.26382305212473406,2,254,74,328,0.5683374133006935,0.36585365853658536
1720,2166,1,1,0.6825860585360738,2,254,74,328,0.5746731684958365,0.37398373983739835
1721,2185,1,0,5.5609933903297004e-05,2,255,74,329,0.5746731684958365,0.37398373983739835
1722,2224,1,1,0.9918071047891592,2,255,74,329,0.5809581934696368,0.3821138211382114
1723,2237,1,1,0.9975754792815508,2,255,74,329,0.5871936507936507,0.3902439024390244
1724,2239,1,0,9.981922348370683e-05,2,256,74,330,0.5871936507936507,0.3902439024390244
1725,2287,1,0,0.08852184914844492,2,257,74,331,0.5809581934696368,0.3821138211382114
1726,2305,1,0,0.011732736796551587,2,258,74,332,0.5809581934696368,0.3821138211382114
1727,2309,1,0,0.0009261194935336124,2,259,74,333,0.5746731684958365,0.37398373983739835
1728,2369,1,0,0.05490468223815864,2,260,74,334,0.5683374133006935,0.36585365853658536
1729,2384,1,0,1.7106347907583234e-05,2,261,74,335,0.5683374133006935,0.36585365853658536
1730,2409,1,1,0.6259881114784781,2,261,74,335,0.5683374133006935,0.36585365853658536
1731,2446,1,1,0.9964953775252036,2,261,74,335,0.5746731684958365,0.37398373983739835
1732,2448,1,0,0.0023894175751965965,2,262,74,336,0.5746731684958365,0.37398373983739835
1733,2456,1,1,0.9998530076002903,2,262,74,336,0.5746731684958365,0.37398373983739835
1734,2467,1,0,1.8342870539074666e-05,2,263,74,337,0.5746731684958365,0.37398373983739835
1735,2471,1,0,0.017819354960612405,2,264,74,338,0.5746731684958365,0.37398373983739835
1736,2476,1,0,5.140415010207848e-05,2,265,74,339,0.5683374133006935,0.36585365853658536
1737,2480,1,1,0.9999078460252322,2,265,74,339,0.5683374133006935,0.36585365853658536
1738,2506,0,0,6.097951045905114e-05,2,265,74,339,0.5731050333256722,0.36885245901639346
1739,2517,0,0,0.000132792290137976,2,265,74,339,0.5779028132992328,0.371900826446281
1740,2549,0,0,2.060390547668673e-05,2,265,74,339,0.5827300904223982,0.375
1741,2552,0,0,0.00012244655529748124,2,265,74,339,0.581215337565213,0.3697478991596639
1742,2559,0,0,2.888400070714611e-05,2,265,74,339,0.5861044176706828,0.3728813559322034
1743,2598,0,0,0.00017377788031244,2,265,74,339,0.5910212765957447,0.37606837606837606
1744,2636,0,0,5.042747268345435e-05,2,265,74,339,0.5895565737361186,0.3706896551724138
1745,2675,0,0,0.00670363062820896,2,265,74,339,0.5945326278659613,0.3739130434782609
1746,2718,0,0,1.4755429905702024e-06,2,265,74,339,0.5995348111957172,0.37719298245614036
1747,2750,0,0,0.00013698831657438503,2,265,74,339,0.6045625,0.3805309734513274
1748,2778,0,0,0.000674876692423322,2,265,74,339,0.6031760644418872,0.375
1749,2787,0,0,0.0007477995448412704,2,265,74,339,0.6082595475872192,0.3783783783783784
1750,2821,0,0,0.0034515205741202986,2,265,74,339,0.6068861092824227,0.37272727272727274
1751,2826,0,0,0.0002118632859708179,2,265,74,339,0.6054936360509116,0.3669724770642202
1752,2860,0,0,9.636779436012349e-05,2,265,74,339,0.6040809595999893,0.3611111111111111
1753,2882,0,0,0.00012738756137774783,2,265,74,339,0.6026468622155673,0.35514018691588783
1754,2934,0,0,2.5178634548597706e-05,2,265,74,339,0.6011900728670915,0.3490566037735849
1755,2935,0,1,0.9796082890400832,2,265,75,340,0.5955182828173875,0.34285714285714286
1756,2967,0,0,0.0009497589221470016,2,265,75,340,0.5940277777777778,0.33653846153846156
1757,2993,0,0,0.00023602424230711075,2,265,75,340,0.5993352561835051,0.33980582524271846
1758,3030,0,0,3.8575208823002736e-05,2,265,75,340,0.5978493387004026,0.3333333333333333
1759,3039,0,0,0.08812233168111384,2,265,75,340,0.6032087912087912,0.33663366336633666
1760,3061,0,0,0.0008395196927452071,2,265,75,340,0.6085889908762645,0.34
1761,3077,0,1,0.5194089744864135,2,265,76,341,0.6029605044805841,0.3333333333333333
1762,3159,0,0,0.0007473303175429252,2,265,76,341,0.6014973262032086,0.32653061224489793
1763,3222,0,0,0.0003122410669507406,2,265,76,341,0.6069447938504542,0.32989690721649484
1764,3234,0,0,0.00018612215130005863,2,265,76,341,0.6124116260801256,0.3333333333333333
1765,3250,0,0,0.05173273157986608,2,265,76,341,0.6178972712680578,0.3368421052631579
1766,3257,0,0,2.0768778337144853e-05,2,265,76,341,0.6164947927012685,0.32978723404255317
1767,3261,0,0,0.3967398647415044,2,265,76,341,0.62202849002849,0.3333333333333333
1768,3292,0,0,0.0016190105643501802,2,265,76,341,0.620625,0.32608695652173914
1769,3427,0,0,4.237989458196117e-06,2,265,76,341,0.626206051166681,0.32967032967032966
1770,3433,0,0,5.1550768109514754e-05,2,265,76,341,0.626206051166681,0.32967032967032966
1771,3532,0,0,1.1848207157669244e-05,2,265,76,341,0.626206051166681,0.32967032967032966
1772,3591,0,0,0.00010529334477639729,2,265,76,341,0.6303892944038929,0.32967032967032966
1773,3608,0,0,0.00010475580035896607,2,265,76,341,0.6303892944038929,0.32967032967032966
1774,3609,0,0,4.786459723202224e-05,2,265,76,341,0.6303892944038929,0.32967032967032966
1775,3612,0,0,0.009638999735945817,2,265,76,341,0.6303892944038929,0.32967032967032966
1776,3634,0,0,0.00030137055749326127,2,265,76,341,0.6345818181818181,0.32967032967032966
1777,3637,0,0,1.3986418167255806e-06,2,265,76,341,0.6345818181818181,0.32967032967032966
1778,3660,0,0,5.413295539537236e-05,2,265,76,341,0.6345818181818181,0.32967032967032966
1779,3661,0,0,5.1370627766693505e-05,2,265,76,341,0.6387844787283777,0.32967032967032966
1780,3668,0,0,0.0014447840095953674,2,265,76,341,0.6387844787283777,0.32967032967032966
1781,3673,0,0,0.0008032408566692723,2,265,76,341,0.6387844787283777,0.32967032967032966
1782,3685,0,0,0.0009358153660571678,2,265,76,341,0.6387844787283777,0.32967032967032966
1783,3743,0,0,0.000267144501982953,2,265,76,341,0.6387844787283777,0.32967032967032966
1784,3745,0,0,1.7040261184161195e-05,2,265,76,341,0.6387844787283777,0.32967032967032966
1785,3748,0,0,0.00034087998240872044,2,265,76,341,0.6387844787283777,0.32967032967032966
1786,3777,0,0,4.8675917795817424e-05,2,265,76,341,0.6387844787283777,0.32967032967032966
1787,3798,0,1,0.8116552329982409,2,265,77,342,0.6345818181818181,0.32967032967032966
1788,3889,0,0,6.313219738766649e-06,2,265,77,342,0.6345818181818181,0.32967032967032966
1789,3972,0,0,0.02271838005964315,2,265,77,342,0.6345818181818181,0.32967032967032966
1790,3977,0,0,8.160026719381847e-05,2,265,77,342,0.6345818181818181,0.32967032967032966
1791,4003,0,0,5.9387238989338565e-05,2,265,77,342,0.6345818181818181,0.32967032967032966
1792,4007,0,0,3.646858795931674e-05,2,265,77,342,0.6345818181818181,0.32967032967032966
1793,4048,0,0,0.0006366794546634182,2,265,77,342,0.6345818181818181,0.32967032967032966
1794,4124,0,0,0.43075685204720265,2,265,77,342,0.6345818181818181,0.32967032967032966
1795,4185,0,0,0.0018118959589577433,2,265,77,342,0.6345818181818181,0.32967032967032966
1796,4204,0,0,0.015770229828710965,2,265,77,342,0.6345818181818181,0.32967032967032966
1797,4205,0,0,0.00013482236694544906,2,265,77,342,0.6345818181818181,0.32967032967032966
1798,4250,0,0,5.396022075723285e-05,2,265,77,342,0.6345818181818181,0.32967032967032966
1799,4253,0,0,0.010335571298691686,2,265,77,342,0.6387844787283777,0.32967032967032966
1800,4265,0,0,4.6219387938998185e-05,2,265,77,342,0.6387844787283777,0.32967032967032966
1801,4271,0,0,0.012397384050190996,2,265,77,342,0.6387844787283777,0.32967032967032966
1802,4292,0,0,0.00011066048194531929,2,265,77,342,0.6387844787283777,0.32967032967032966
1803,4305,0,0,0.00028148012221642266,2,265,77,342,0.6387844787283777,0.32967032967032966
1804,4310,0,0,0.015568789378761626,2,265,77,342,0.6387844787283777,0.32967032967032966
1805,4345,0,0,0.005648852571736895,2,265,77,342,0.6387844787283777,0.32967032967032966
1806,4374,0,0,0.0002130645315168025,2,265,77,342,0.6387844787283777,0.32967032967032966
1807,4385,0,0,0.005548057205484102,2,265,77,342,0.6387844787283777,0.32967032967032966
1808,4390,0,0,6.758042489109613e-05,2,265,77,342,0.6387844787283777,0.32967032967032966
1809,4394,0,1,0.7820152962135674,2,265,78,343,0.6345818181818181,0.32967032967032966
1810,4402,0,0,0.0005280402781264794,2,265,78,343,0.6345818181818181,0.32967032967032966
1811,4441,0,0,9.477170093101054e-05,2,265,78,343,0.6345818181818181,0.32967032967032966
1812,4477,0,0,3.8105557568495045e-05,2,265,78,343,0.6345818181818181,0.32967032967032966
1813,4569,0,0,0.002982058623585659,2,265,78,343,0.6345818181818181,0.32967032967032966
1814,4570,0,0,2.2333465902425645e-06,2,265,78,343,0.6345818181818181,0.32967032967032966
1815,4575,0,0,0.023958123049257145,2,265,78,343,0.6345818181818181,0.32967032967032966
1816,4603,0,0,6.847494325291052e-05,2,265,78,343,0.6345818181818181,0.32967032967032966
1817,4605,0,0,1.6503597048765236e-05,2,265,78,343,0.6345818181818181,0.32967032967032966
1818,4612,0,0,5.150799924983383e-07,2,265,78,343,0.6345818181818181,0.32967032967032966
1819,4668,0,0,0.024575406473062857,2,265,78,343,0.6345818181818181,0.32967032967032966
1820,4702,0,0,1.3970940802578659e-05,2,265,78,343,0.6345818181818181,0.32967032967032966
1821,4704,0,0,0.0003877988422650402,2,265,78,343,0.6345818181818181,0.32967032967032966
1822,4738,0,0,0.0003344962349781388,2,265,78,343,0.6345818181818181,0.32967032967032966
1823,4795,0,0,1.719863669196298e-05,2,265,78,343,0.6345818181818181,0.32967032967032966
1824,4915,0,0,0.0011304112494271955,2,265,78,343,0.6345818181818181,0.32967032967032966
1825,4971,0,0,1.7698817335890902e-05,2,265,78,343,0.6345818181818181,0.32967032967032966
1826,4985,0,0,2.7330463804635127e-05,2,265,78,343,0.6345818181818181,0.32967032967032966
1827,4986,0,0,0.0011033459977417524,2,265,78,343,0.6345818181818181,0.32967032967032966
1828,4987,0,0,2.9085126555407125e-05,2,265,78,343,0.6345818181818181,0.32967032967032966
1829,4997,0,0,4.730710359949707e-05,2,265,78,343,0.6345818181818181,0.32967032967032966
1830,20,1,1,0.9912925378552611,2,265,78,343,0.6359955005624297,0.33695652173913043
1831,24,1,1,0.9896439651407894,2,265,78,343,0.6373766412082725,0.34408602150537637
1832,53,1,0,0.001592532136703849,2,266,78,344,0.6318290598290599,0.3404255319148936
1833,89,1,0,0.019356761209561493,2,267,78,345,0.6262989869179034,0.3368421052631579
1834,104,1,1,0.9850078599822124,2,267,78,345,0.6277085973360367,0.34375
1835,136,1,1,0.9998682720076244,2,267,78,345,0.6290887491264848,0.35051546391752575
1836,166,1,1,0.9898216218636795,2,267,78,345,0.6304410091310261,0.35714285714285715
1837,168,1,1,0.9999962641662573,2,267,78,345,0.6317668623721713,0.36363636363636365
1838,199,1,0,0.002182522873271508,2,268,78,346,0.6263736263736264,0.36
1839,206,1,1,0.9844801980423926,2,268,78,346,0.6277038978054372,0.36633663366336633
1840,240,1,1,0.9933346997679682,2,268,78,346,0.6290104166666667,0.37254901960784315
1841,260,1,0,0.0008499008402247861,2,269,78,347,0.6236957403651116,0.36893203883495146
1842,273,1,1,0.9987232517127649,2,269,78,347,0.6250092764378479,0.375
1843,278,1,1,0.8751733580687818,2,269,78,347,0.6263015053878447,0.38095238095238093
1844,284,1,1,0.7796128887159297,2,269,78,347,0.6275736056810022,0.3867924528301887
1845,395,1,0,0.17139591638350007,2,270,78,348,0.6223684210526316,0.38317757009345793
1846,397,1,0,0.03047714285051553,2,271,78,349,0.617185044058109,0.37962962962962965
1847,415,1,0,0.14560061486489634,2,272,78,350,0.617185044058109,0.37962962962962965
1848,428,1,0,0.03156266514291851,2,273,78,351,0.617185044058109,0.37962962962962965
1849,431,1,1,0.9918610396950212,2,273,78,351,0.6236511456023651,0.3888888888888889
1850,500,1,1,0.9996773601900566,2,273,78,351,0.6300618828176432,0.39814814814814814
1851,552,1,1,0.884242123090237,2,273,78,351,0.6300618828176432,0.39814814814814814
1852,615,1,1,0.7260265220377651,2,273,78,351,0.6364186633039092,0.4074074074074074
1853,645,1,1,0.9992849582120051,2,273,78,351,0.6427228644072239,0.4166666666666667
1854,656,1,0,0.0032225444133788467,2,274,78,352,0.6427228644072239,0.4166666666666667
1855,716,1,1,0.9994340590675327,2,274,78,352,0.64897583429229,0.42592592592592593
1856,744,1,1,0.9995877269534158,2,274,78,352,0.6551788929773741,0.4351851851851852
1857,851,1,1,0.992601641339982,2,274,78,352,0.6613333333333332,0.4444444444444444
1858,871,1,1,0.9989559388869493,2,274,78,352,0.66744042204839,0.4537037037037037
1859,908,1,1,0.9953465576611037,2,274,78,352,0.6735014005602241,0.46296296296296297
1860,910,1,1,0.9953161469512414,2,274,78,352,0.679517485956874,0.4722222222222222
1861,912,1,1,0.7258600399802909,2,274,78,352,0.679517485956874,0.4722222222222222
1862,933,1,1,0.9111826102099471,2,274,78,352,0.6854898718478711,0.48148148148148145
1863,943,1,1,0.721573281592026,2,274,78,352,0.6914197292069634,0.49074074074074076
1864,957,1,1,0.9996107506196592,2,274,78,352,0.6914197292069634,0.49074074074074076
1865,1014,1,1,0.7583734199609325,2,274,78,352,0.6973082071877252,0.5
1866,1016,1,1,0.9498429349783054,2,274,78,352,0.7031564339132893,0.5092592592592593
1867,1019,1,0,0.001460232831088997,2,275,78,353,0.6973082071877252,0.5
1868,1097,1,0,0.19023249515097015,2,276,78,354,0.6914197292069634,0.49074074074074076
1869,1112,1,1,0.8520491986018162,2,276,78,354,0.6973082071877252,0.5
1870,1117,1,1,0.9926481754555464,2,276,78,354,0.7031564339132893,0.5092592592592593
1871,1131,1,0,0.0011380702862843909,2,277,78,355,0.6973082071877252,0.5
1872,1195,1,0,0.07072608817030382,2,278,78,356,0.6914197292069634,0.49074074074074076
1873,1202,1,0,0.3660502865451505,2,279,78,357,0.6914197292069634,0.49074074074074076
1874,1238,1,1,0.9986824051692332,2,279,78,357,0.6973082071877252,0.5
1875,1249,1,0,0.005159158639815112,2,280,78,358,0.6973082071877252,0.5
1876,1271,1,0,0.029985565027456803,2,281,78,359,0.6973082071877252,0.5
1877,1326,1,1,0.9978363326082631,2,281,78,359,0.7031564339132893,0.5092592592592593
1878,1380,1,0,1.255873903036097e-05,2,282,78,360,0.6973082071877252,0.5
1879,1438,1,0,5.78976049383017e-05,2,283,78,361,0.6973082071877252,0.5
1880,1472,1,1,0.6577678249930246,2,283,78,361,0.6973082071877252,0.5
1881,1497,1,1,0.5773135526735989,2,283,78,361,0.7031564339132893,0.5092592592592593
1882,1509,1,0,0.4806849612010119,2,284,78,362,0.6973082071877252,0.5
1883,1535,1,1,0.9791268795177926,2,284,78,362,0.7031564339132893,0.5092592592592593
1884,1553,1,0,0.4673927017552057,2,285,78,363,0.6973082071877252,0.5
1885,1579,1,1,0.9999051068705437,2,285,78,363,0.7031564339132893,0.5092592592592593
1886,1589,1,1,0.9702398539811369,2,285,78,363,0.7089655172413794,0.5185185185185185
1887,1610,1,0,4.001165371901159e-05,2,286,78,364,0.7089655172413794,0.5185185185185185
1888,1754,1,0,0.0011193685426945496,2,287,78,365,0.7089655172413794,0.5185185185185185
1889,1786,1,0,0.03591131725479743,2,288,78,366,0.7031564339132893,0.5092592592592593
1890,1802,1,1,0.9958449580130803,2,288,78,366,0.7089655172413794,0.5185185185185185
1891,1824,1,1,0.9989925353519428,2,288,78,366,0.7089655172413794,0.5185185185185185
1892,1832,1,1,0.7255034023895391,2,288,78,366,0.7089655172413794,0.5185185185185185
1893,1842,1,0,0.049402882903707306,2,289,78,367,0.7089655172413794,0.5185185185185185
1894,1850,1,0,0.0008499008402247861,2,290,78,368,0.7089655172413794,0.5185185185185185
1895,1870,1,1,0.9994529466989395,2,290,78,368,0.7147365455057763,0.5277777777777778
1896,1892,1,0,0.0008860364846701179,2,291,78,369,0.7089655172413794,0.5185185185185185
1897,1911,1,1,0.7257729620017169,2,291,78,369,0.7147365455057763,0.5277777777777778
1898,1917,1,0,0.0015384410839600015,2,292,78,370,0.7147365455057763,0.5277777777777778
1899,1931,1,1,0.9999822281010604,2,292,78,370,0.7147365455057763,0.5277777777777778
1900,2027,1,0,0.0015384410839600015,2,293,78,371,0.7089655172413794,0.5185185185185185
1901,2040,1,0,0.0012762166337334183,2,294,78,372,0.7089655172413794,0.5185185185185185
1902,2122,1,1,0.997863553975497,2,294,78,372,0.7089655172413794,0.5185185185185185
1903,2146,1,0,0.008739171288952366,2,295,78,373,0.7089655172413794,0.5185185185185185
1904,2167,1,1,0.9992752158633909,2,295,78,373,0.7089655172413794,0.5185185185185185
1905,2187,1,1,0.7795018913192306,2,295,78,373,0.7147365455057763,0.5277777777777778
1906,2197,1,1,0.9923513099697767,2,295,78,373,0.7204705882352943,0.5370370370370371
1907,2203,1,0,0.04400680606290649,2,296,78,374,0.7204705882352943,0.5370370370370371
1908,2275,1,0,6.499160437333537e-05,2,297,78,375,0.7147365455057763,0.5277777777777778
1909,2302,1,0,0.03300177592294081,2,298,78,376,0.7147365455057763,0.5277777777777778
1910,2355,1,1,0.9962343521597418,2,298,78,376,0.7147365455057763,0.5277777777777778
1911,2357,1,1,0.9781631158116173,2,298,78,376,0.7204705882352943,0.5370370370370371
1912,2364,1,0,0.0037174073443919054,2,299,78,377,0.7204705882352943,0.5370370370370371
1913,2373,1,1,0.9882123498505899,2,299,78,377,0.7261686968512986,0.5462962962962963
1914,2404,1,1,0.9788805327163712,2,299,78,377,0.7261686968512986,0.5462962962962963
1915,2425,1,1,0.9979403747814756,2,299,78,377,0.7318319053447573,0.5555555555555556
1916,2429,1,0,0.00454969882644505,2,300,78,378,0.7261686968512986,0.5462962962962963
1917,2535,0,0,4.079791705051852e-05,2,300,78,378,0.7312225063938618,0.5514018691588785
1918,2550,0,1,0.9993096836783677,2,300,79,379,0.7316214833759591,0.5566037735849056
1919,2619,0,0,4.452568984898797e-05,2,300,79,379,0.7366979174671482,0.5619047619047619
1920,2690,0,0,5.9424536607652585e-05,2,300,79,379,0.7361332271080157,0.5576923076923077
1921,2699,0,0,0.0242191819076124,2,300,79,379,0.7412470394398105,0.5631067961165048
1922,2752,0,0,0.00011191721995953012,2,300,79,379,0.7406986357999173,0.5588235294117647
1923,2757,0,0,0.0003455443621769475,2,300,79,379,0.7401442058304804,0.5544554455445545
1924,2814,0,0,0.00012654878578879727,2,300,79,379,0.7453156267054757,0.56
1925,2839,0,0,0.00013109888484526974,2,300,79,379,0.7505000000000002,0.5656565656565656
1926,2866,0,0,0.00011227646333069316,2,300,79,379,0.7556966517915394,0.5714285714285714
1927,2945,0,0,9.767655025403706e-05,2,300,79,379,0.7609049063709592,0.5773195876288659
1928,3052,0,1,0.9990314007287298,2,300,80,380,0.7614101893503505,0.5833333333333334
1929,3066,0,0,0.18551424869262703,2,300,80,380,0.7666312809624911,0.5894736842105263
1930,3097,0,0,5.735947444304891e-05,2,300,80,380,0.7662014483212641,0.5851063829787234
1931,3163,0,0,2.4464307051468517e-06,2,300,80,380,0.7657656584901167,0.5806451612903226
1932,3175,0,0,2.676520961575329e-07,2,300,80,380,0.7710356536502547,0.5869565217391305
1933,3193,0,0,0.04455589248710667,2,300,80,380,0.7706133333333333,0.5824175824175825
1934,3238,0,0,3.923344529951099e-06,2,300,80,380,0.7759111206181984,0.5888888888888889
1935,3264,0,0,5.890055247205069e-05,2,300,80,380,0.7812162162162162,0.5955056179775281
1936,3344,0,0,5.8986233499617335e-06,2,300,80,380,0.7865279234223334,0.6022727272727273
1937,3385,0,0,0.02161511720314561,2,300,80,380,0.786156862745098,0.5977011494252874
1938,3392,0,0,0.0054405809363126,2,300,80,380,0.786156862745098,0.5977011494252874
1939,3487,0,0,1.610532319024576e-05,2,300,80,380,0.786156862745098,0.5977011494252874
1940,3511,0,0,1.4838907512382256e-05,2,300,80,380,0.786156862745098,0.5977011494252874
1941,3527,0,0,2.9222483792027712e-06,2,300,80,380,0.786156862745098,0.5977011494252874
1942,3536,0,0,0.00020981580833856714,2,300,80,380,0.786156862745098,0.5977011494252874
1943,3547,0,0,0.0003071180597819978,2,300,80,380,0.786156862745098,0.5977011494252874
1944,3580,0,0,0.0014676564828659997,2,300,80,380,0.786156862745098,0.5977011494252874
1945,3620,0,0,0.0002131988915294071,2,300,80,380,0.786156862745098,0.5977011494252874
1946,3676,0,0,0.0007296912320398115,2,300,80,380,0.786156862745098,0.5977011494252874
1947,3682,0,1,0.9580383190018273,2,300,81,381,0.7814378168482363,0.5977011494252874
1948,3737,0,0,6.348839763399513e-05,2,300,81,381,0.7814378168482363,0.5977011494252874
1949,3810,0,0,1.787401652710515e-05,2,300,81,381,0.7814378168482363,0.5977011494252874
1950,3846,0,0,0.00015996092680637249,2,300,81,381,0.7814378168482363,0.5977011494252874
1951,3848,0,0,0.0008615176519019933,2,300,81,381,0.7814378168482363,0.5977011494252874
1952,3850,0,0,0.006700640005694793,2,300,81,381,0.7814378168482363,0.5977011494252874
1953,3909,0,0,0.001273962195003709,2,300,81,381,0.7814378168482363,0.5977011494252874
1954,3940,0,0,1.5813709385953075e-05,2,300,81,381,0.7814378168482363,0.5977011494252874
1955,4005,0,0,0.0003284339552824326,2,300,81,381,0.786156862745098,0.5977011494252874
1956,4010,0,0,0.0008271042598589894,2,300,81,381,0.786156862745098,0.5977011494252874
1957,4032,0,0,0.0006557439141938976,2,300,81,381,0.786156862745098,0.5977011494252874
1958,4078,0,0,0.0007026627207213029,2,300,81,381,0.786156862745098,0.5977011494252874
1959,4111,0,0,0.00048776114652383513,2,300,81,381,0.786156862745098,0.5977011494252874
1960,4121,0,0,0.21228080941483446,2,300,81,381,0.786156862745098,0.5977011494252874
1961,4125,0,0,3.06491581668789e-05,2,300,81,381,0.7908854166666667,0.5977011494252874
1962,4127,0,0,0.0003978478610074096,2,300,81,381,0.7908854166666667,0.5977011494252874
1963,4230,0,0,1.2709971017976139e-05,2,300,81,381,0.7908854166666667,0.5977011494252874
1964,4248,0,0,0.0008825011805384802,2,300,81,381,0.7908854166666667,0.5977011494252874
1965,4369,0,0,0.0015691838227771683,2,300,81,381,0.7908854166666667,0.5977011494252874
1966,4377,0,0,4.871192529323136e-06,2,300,81,381,0.7908854166666667,0.5977011494252874
1967,4380,0,0,0.0009266607928287666,2,300,81,381,0.7908854166666667,0.5977011494252874
1968,4460,0,0,0.00017317717304440614,2,300,81,381,0.7908854166666667,0.5977011494252874
1969,4490,0,0,2.800660986865447e-06,2,300,81,381,0.7908854166666667,0.5977011494252874
1970,4590,0,0,0.17680534621072824,2,300,81,381,0.7908854166666667,0.5977011494252874
1971,4624,0,0,0.0001688544692800855,2,300,81,381,0.7908854166666667,0.5977011494252874
1972,4632,0,0,3.509053888010755e-05,2,300,81,381,0.7908854166666667,0.5977011494252874
1973,4642,0,0,5.998204281551624e-05,2,300,81,381,0.7908854166666667,0.5977011494252874
1974,4666,0,0,0.0006825820744965114,2,300,81,381,0.7908854166666667,0.5977011494252874
1975,4669,0,0,0.00204801373136769,2,300,81,381,0.7908854166666667,0.5977011494252874
1976,4686,0,0,0.0007555829060336025,2,300,81,381,0.7908854166666667,0.5977011494252874
1977,4788,0,0,0.0005824108153971873,2,300,81,381,0.7908854166666667,0.5977011494252874
1978,4801,0,0,0.11049889710026485,2,300,81,381,0.7908854166666667,0.5977011494252874
1979,4815,0,0,0.0297313889064122,2,300,81,381,0.7908854166666667,0.5977011494252874
1980,4825,0,0,0.01379377282730558,2,300,81,381,0.7908854166666667,0.5977011494252874
1981,4872,0,0,0.0010421051062062961,2,300,81,381,0.7908854166666667,0.5977011494252874
1982,4882,0,0,0.0005433784937710435,2,300,81,381,0.7908854166666667,0.5977011494252874
1983,4926,0,0,0.00037060186859991446,2,300,81,381,0.7908854166666667,0.5977011494252874
1984,4981,0,0,5.100715423222623e-05,2,300,81,381,0.7908854166666667,0.5977011494252874
1985,9,1,1,0.996382996963924,2,300,81,381,0.7912630784165677,0.6022727272727273
1986,11,1,1,0.9998750261407505,2,300,81,381,0.7916344916344917,0.6067415730337079
1987,13,1,1,0.7367812989529113,2,300,81,381,0.796756597769994,0.6111111111111112
1988,21,1,1,0.997159606979695,2,300,81,381,0.7971219979254768,0.6153846153846154
1989,26,1,1,0.997402940588997,2,300,81,381,0.7974819401444787,0.6195652173913043
1990,34,1,1,0.9941288687743234,2,300,81,381,0.7978367346938776,0.6236559139784946
1991,37,1,0,8.482135685076453e-05,2,301,81,382,0.7926019335855402,0.6170212765957447
1992,43,1,1,0.9999894170999467,2,301,81,382,0.7929699759389058,0.6210526315789474
1993,55,1,1,0.998726484873318,2,301,81,382,0.7933333333333334,0.625
1994,59,1,0,0.2366615684087819,2,302,81,383,0.7881434028950857,0.6185567010309279
1995,66,1,0,0.0024684518042526037,2,303,81,384,0.7829629629629631,0.6122448979591837
1996,86,1,0,0.15701511772773769,2,304,81,385,0.7777927053402708,0.6060606060606061
1997,93,1,0,9.101630662059867e-05,2,305,81,386,0.7726333195535346,0.6
1998,97,1,1,0.9964466105153967,2,305,81,386,0.77306765523633,0.6039603960396039
1999,100,1,1,0.9922638038308537,2,305,81,386,0.7734975369458128,0.6078431372549019
2000,114,1,1,0.9936096676650369,2,305,81,386,0.7739232736572891,0.6116504854368932
2001,115,1,0,0.04772947999360001,2,306,81,387,0.7688347506320387,0.6057692307692307
2002,118,1,1,0.6315045191656066,2,306,81,387,0.769276310763668,0.6095238095238096
2003,121,1,1,0.9912742271009725,2,306,81,387,0.7697142857142858,0.6132075471698113
2004,127,1,1,0.9999187508368444,2,306,81,387,0.7701489701299689,0.616822429906542
2005,133,1,1,0.9999208755329028,2,306,81,387,0.7705806516848251,0.6203703703703703
2006,151,1,0,0.03923408601413769,2,307,81,388,0.7655858585858586,0.6146788990825688
2007,156,1,0,0.004686854469149723,2,308,81,389,0.7606069779762354,0.6090909090909091
2008,183,1,0,0.11470927430458873,2,309,81,390,0.7556447222502268,0.6036036036036037
2009,187,1,1,0.987653386002685,2,309,81,390,0.7608753242174713,0.6071428571428571
2010,190,1,0,0.46090818308573167,2,310,81,391,0.7559420289855072,0.6017699115044248
2011,224,1,1,0.9852252869753012,2,310,81,391,0.7564546276756104,0.6052631578947368
2012,234,1,1,0.9995870435194885,2,310,81,391,0.7569650742673625,0.6086956521739131
2013,256,1,1,0.9959847698170389,2,310,81,391,0.7574736842105263,0.6120689655172413
2014,296,1,1,0.9916754895433312,2,310,81,391,0.7579807692307692,0.6153846153846154
2015,298,1,1,0.9994928651288639,2,310,81,391,0.7584866379741768,0.6186440677966102
2016,299,1,1,0.9983364537061643,2,310,81,391,0.7589915966386553,0.6218487394957983
2017,305,1,0,0.0005020480842421768,2,311,81,392,0.7542096971818659,0.6166666666666667
2018,309,1,0,0.05490468223815864,2,312,81,393,0.7494499449944995,0.6115702479338843
2019,314,1,0,0.02728080300623072,2,313,81,394,0.7447131178279457,0.6065573770491803
2020,317,1,0,0.17717505950127738,2,314,81,395,0.74,0.6016260162601627
2021,320,1,1,0.9988321216305553,2,314,81,395,0.7405980598059806,0.6048387096774194
2022,321,1,1,0.999264647098362,2,314,81,395,0.7411964785914367,0.608
2023,338,1,1,0.9992491493028731,2,314,81,395,0.741795616054449,0.6111111111111112
2024,355,1,1,0.9990491922548597,2,314,81,395,0.7423958333333333,0.6141732283464567
2025,369,1,0,0.16170887594700684,2,315,81,396,0.7378080613241815,0.609375
2026,370,1,0,0.11881034855124367,2,316,81,397,0.7332481203007519,0.6046511627906976
2027,373,1,1,0.9336693045745249,2,316,81,397,0.7339020473705338,0.6076923076923076
2028,380,1,1,0.9993720396774666,2,316,81,397,0.7345583358456438,0.6106870229007634
2029,413,1,0,0.010304767147627437,2,317,81,398,0.7300817096165935,0.6060606060606061
2030,422,1,0,0.29800675611483735,2,318,81,399,0.7249241282283188,0.5984848484848485
2031,433,1,1,0.9996925284442432,2,318,81,399,0.7249241282283188,0.5984848484848485
2032,436,1,1,0.999995160063179,2,318,81,399,0.7300817096165935,0.6060606060606061
2033,438,1,1,0.9967980211754824,2,318,81,399,0.7352173913043478,0.6136363636363636
2034,439,1,1,0.9864125550624868,2,318,81,399,0.7352173913043478,0.6136363636363636
2035,442,1,1,0.9998550216761353,2,318,81,399,0.7352173913043478,0.6136363636363636
2036,446,1,0,0.05257270133538527,2,319,81,400,0.7300817096165935,0.6060606060606061
2037,448,1,1,0.5828326585325782,2,319,81,400,0.7300817096165935,0.6060606060606061
2038,479,1,1,0.9908272510407592,2,319,81,400,0.7352173913043478,0.6136363636363636
2039,481,1,0,0.007272068975461506,2,320,81,401,0.7300817096165935,0.6060606060606061
2040,486,1,1,0.9963915325496656,2,320,81,401,0.7300817096165935,0.6060606060606061
2041,501,1,1,0.9987349419506562,2,320,81,401,0.7352173913043478,0.6136363636363636
2042,502,1,1,0.9999866184475203,2,320,81,401,0.7352173913043478,0.6136363636363636
2043,508,1,1,0.9716568008650491,2,320,81,401,0.7352173913043478,0.6136363636363636
2044,511,1,1,0.9964134300821048,2,320,81,401,0.7352173913043478,0.6136363636363636
2045,513,1,0,8.48213615316952e-05,2,321,81,402,0.7352173913043478,0.6136363636363636
2046,517,1,1,0.9977938452414277,2,321,81,402,0.7403318979627811,0.6212121212121212
2047,518,1,0,0.28064967655034634,2,322,81,403,0.7403318979627811,0.6212121212121212
2048,524,1,0,0.17663802687487795,2,323,81,404,0.7403318979627811,0.6212121212121212
2049,535,1,1,0.9414631123811222,2,323,81,404,0.7403318979627811,0.6212121212121212
2050,538,1,1,0.9987687156916248,2,323,81,404,0.7403318979627811,0.6212121212121212
2051,573,1,1,0.9383047961832139,2,323,81,404,0.7403318979627811,0.6212121212121212
2052,584,1,0,0.0012485370537975516,2,324,81,405,0.7352173913043478,0.6136363636363636
2053,592,1,1,0.652215632574613,2,324,81,405,0.7352173913043478,0.6136363636363636
2054,595,1,1,0.999502372734644,2,324,81,405,0.7403318979627811,0.6212121212121212
2055,600,1,1,0.9991635220873443,2,324,81,405,0.7403318979627811,0.6212121212121212
2056,610,1,1,0.9757739533978406,2,324,81,405,0.7403318979627811,0.6212121212121212
2057,617,1,0,0.001722727269874176,2,325,81,406,0.7352173913043478,0.6136363636363636
2058,627,1,0,0.03756137474399895,2,326,81,407,0.7300817096165935,0.6060606060606061
2059,629,1,0,0.002268382753792037,2,327,81,408,0.7249241282283188,0.5984848484848485
2060,640,1,1,0.9996938898522999,2,327,81,408,0.7249241282283188,0.5984848484848485
2061,668,1,0,0.05490468223815864,2,328,81,409,0.7197439180537772,0.5909090909090909
2062,670,1,1,0.9869586734905511,2,328,81,409,0.7197439180537772,0.5909090909090909
2063,684,1,1,0.99881169917154,2,328,81,409,0.7197439180537772,0.5909090909090909
2064,693,1,1,0.996908468928966,2,328,81,409,0.7197439180537772,0.5909090909090909
2065,710,1,1,0.9988424485895889,2,328,81,409,0.7197439180537772,0.5909090909090909
2066,713,1,0,0.04116424155123436,2,329,81,410,0.7145403452428744,0.5833333333333334
2067,723,1,1,0.9997827831973254,2,329,81,410,0.7197439180537772,0.5909090909090909
2068,728,1,0,0.00017529703751307065,2,330,81,411,0.7197439180537772,0.5909090909090909
2069,743,1,1,0.9923588922636093,2,330,81,411,0.7197439180537772,0.5909090909090909
2070,745,1,0,0.24155191721511837,2,331,81,412,0.7145403452428744,0.5833333333333334
2071,748,1,1,0.9987783573417168,2,331,81,412,0.7197439180537772,0.5909090909090909
2072,750,1,0,0.3703441680818088,2,332,81,413,0.7197439180537772,0.5909090909090909
2073,754,1,1,0.8996178194100376,2,332,81,413,0.7249241282283188,0.5984848484848485
2074,755,1,1,0.7275796600512449,2,332,81,413,0.7249241282283188,0.5984848484848485
2075,757,1,0,0.03650981516588425,2,333,81,414,0.7249241282283188,0.5984848484848485
2076,760,1,0,0.11207926781491305,2,334,81,415,0.7249241282283188,0.5984848484848485
2077,763,1,1,0.8983713792899289,2,334,81,415,0.7249241282283188,0.5984848484848485
2078,783,1,1,0.9995424118996646,2,334,81,415,0.7300817096165935,0.6060606060606061
2079,800,1,1,0.998086340829215,2,334,81,415,0.7352173913043478,0.6136363636363636
2080,816,1,0,0.3607071378741882,2,335,81,416,0.7300817096165935,0.6060606060606061
2081,817,1,1,0.9946061651820345,2,335,81,416,0.7300817096165935,0.6060606060606061
2082,824,1,1,0.9967011483420389,2,335,81,416,0.7352173913043478,0.6136363636363636
2083,825,1,1,0.9994023444780791,2,335,81,416,0.7352173913043478,0.6136363636363636
2084,826,1,0,0.14582487651677045,2,336,81,417,0.7352173913043478,0.6136363636363636
2085,838,1,1,0.9997989033604336,2,336,81,417,0.7352173913043478,0.6136363636363636
2086,847,1,0,0.057239498964160584,2,337,81,418,0.7300817096165935,0.6060606060606061
2087,848,1,1,0.8399903521332825,2,337,81,418,0.7352173913043478,0.6136363636363636
2088,872,1,1,0.999608897271255,2,337,81,418,0.7403318979627811,0.6212121212121212
2089,873,1,1,0.997602845428101,2,337,81,418,0.7454259501965924,0.6287878787878788
2090,877,1,1,0.999021021920016,2,337,81,418,0.7454259501965924,0.6287878787878788
2091,882,1,1,0.996790754520698,2,337,81,418,0.7454259501965924,0.6287878787878788
2092,885,1,1,0.9999606224485614,2,337,81,418,0.7454259501965924,0.6287878787878788
2093,901,1,0,0.052335028655650595,2,338,81,419,0.7454259501965924,0.6287878787878788
2094,902,1,1,0.9984679798912496,2,338,81,419,0.7505002648906379,0.6363636363636364
2095,903,1,0,0.004807793069913998,2,339,81,420,0.7454259501965924,0.6287878787878788
2096,904,1,1,0.9999938366045898,2,339,81,420,0.7505002648906379,0.6363636363636364
2097,911,1,1,0.9964566841795861,2,339,81,420,0.7505002648906379,0.6363636363636364
2098,913,1,1,0.9958115398410059,2,339,81,420,0.7555555555555555,0.6439393939393939
2099,916,1,0,0.06711301270472747,2,340,81,421,0.7505002648906379,0.6363636363636364
2100,920,1,1,0.6074854646348234,2,340,81,421,0.7555555555555555,0.6439393939393939
2101,923,1,1,0.9983993710433047,2,340,81,421,0.7605925326727168,0.6515151515151515
2102,950,1,1,0.9991587798839477,2,340,81,421,0.7605925326727168,0.6515151515151515
2103,995,1,0,0.35737016446662856,2,341,81,422,0.7605925326727168,0.6515151515151515
2104,1004,1,1,0.693855774319762,2,341,81,422,0.7605925326727168,0.6515151515151515
2105,1022,1,1,0.9987892059453268,2,341,81,422,0.7605925326727168,0.6515151515151515
2106,1023,1,1,0.9997684333683672,2,341,81,422,0.7605925326727168,0.6515151515151515
2107,1025,1,1,0.9997727257568427,2,341,81,422,0.7656119040388703,0.6590909090909091
2108,1037,1,1,0.999995125449373,2,341,81,422,0.7706143751108407,0.6666666666666666
2109,1054,1,1,0.999177918937516,2,341,81,422,0.7756006493506493,0.6742424242424242
2110,1058,1,0,0.0034138801567331185,2,342,81,423,0.7706143751108407,0.6666666666666666
2111,1087,1,1,0.8315826348112426,2,342,81,423,0.7706143751108407,0.6666666666666666
2112,1093,1,0,0.40612027172606036,2,343,81,424,0.7706143751108407,0.6666666666666666
2113,1107,1,0,0.0006437469672162348,2,344,81,425,0.7656119040388703,0.6590909090909091
2114,1108,1,1,0.9996834584631076,2,344,81,425,0.7656119040388703,0.6590909090909091
2115,1109,1,1,0.9941683087700127,2,344,81,425,0.7656119040388703,0.6590909090909091
2116,1115,1,1,0.998683365396192,2,344,81,425,0.7706143751108407,0.6666666666666666
2117,1120,1,0,0.025048794729831587,2,345,81,426,0.7661363636363636,0.6616541353383458
2118,1127,1,0,0.03144296655993155,2,346,81,427,0.7664285714285713,0.6567164179104478
2119,1128,1,1,0.999785327045808,2,346,81,427,0.7669819957277998,0.6592592592592592
2120,1129,1,1,0.9942687113038637,2,346,81,427,0.7675397796817626,0.6617647058823529
2121,1137,1,1,0.9994339068926504,2,346,81,427,0.7681023017902813,0.6642335766423357
2122,1144,1,0,0.16521833862943713,2,347,81,428,0.7637547068316298,0.6594202898550725
2123,1153,1,1,0.9760616389130485,2,347,81,428,0.7643501837526663,0.6618705035971223
2124,1155,1,0,0.42669637103708374,2,348,81,429,0.7600659046442179,0.6571428571428571
2125,1182,1,1,0.9993549363551268,2,348,81,429,0.760696568830095,0.6595744680851063
2126,1185,1,1,0.9940457536239059,2,348,81,429,0.7613341632949476,0.6619718309859155
2127,1190,1,0,0.043606845158130604,2,349,81,430,0.7571472751370878,0.6573426573426573
2128,1209,1,1,0.999935763977012,2,349,81,430,0.7625,0.6597222222222222
2129,1213,1,1,0.9917024187420658,2,349,81,430,0.7631812951145517,0.6620689655172414
2130,1221,1,1,0.997972696734421,2,349,81,430,0.7638713745271122,0.6643835616438356
2131,1231,1,1,0.9986501581055528,2,349,81,430,0.7645707950585999,0.6666666666666666
2132,1235,1,1,0.9993801683179535,2,349,81,430,0.7652801358234295,0.668918918918919
2133,1246,1,1,0.9916757756372637,2,349,81,430,0.7659999999999999,0.6711409395973155
2134,1253,1,0,0.003902869150190706,2,350,81,431,0.7620390919543303,0.6666666666666666
2135,1257,1,1,0.9996744875491089,2,350,81,431,0.7628063241106718,0.6688741721854304
2136,1266,1,0,0.003635641930665083,2,351,81,432,0.7589299967641031,0.6644736842105263
2137,1291,1,1,0.9996564453369543,2,351,81,432,0.7597482638888888,0.6666666666666666
2138,1297,1,1,0.9996038142986035,2,351,81,432,0.7605808494377115,0.6688311688311688
2139,1299,1,1,0.9982688684032859,2,351,81,432,0.7614285714285713,0.6709677419354839
2140,1301,1,1,0.9966975728250107,2,351,81,432,0.7622922889700188,0.6730769230769231
2141,1315,1,0,0.07876401822627048,2,352,81,433,0.7586309011684383,0.6687898089171974
2142,1318,1,0,0.04905195529806531,2,353,81,434,0.7550267379679144,0.6645569620253164
2143,1328,1,0,0.02032147170578774,2,354,81,435,0.7514814814814815,0.660377358490566
2144,1336,1,1,0.9959765796318173,2,354,81,435,0.75249922559207,0.6625
2145,1337,1,1,0.9998358426343819,2,354,81,435,0.753538692925452,0.6645962732919255
2146,1340,1,0,0.04116424155123429,2,355,81,436,0.7501538461538462,0.6604938271604939
2147,1352,1,1,0.9993755907919248,2,355,81,436,0.7557181269487114,0.6625766871165644
2148,1368,1,0,0.025203782723952028,2,356,81,437,0.7524264705882352,0.6585365853658537
2149,1378,1,1,0.9869411507466798,2,356,81,437,0.7536090835360909,0.6606060606060606
2150,1387,1,0,0.042880682818528165,2,357,81,438,0.7504436363636364,0.6566265060240963
2151,1403,1,1,0.9987849527113271,2,357,81,438,0.7517134806727128,0.6586826347305389
2152,1408,1,1,0.7946269718964989,2,357,81,438,0.7530151959477471,0.6607142857142857
2153,1409,1,0,0.2676007649304671,2,358,81,439,0.7500476190476191,0.6568047337278107
2154,1417,1,1,0.9960994213202766,2,358,81,439,0.751448491405217,0.6588235294117647
2155,1450,1,1,0.9982397294803838,2,358,81,439,0.7528873239436621,0.6608187134502924
2156,1470,1,0,0.000557331625396199,2,359,81,440,0.75013882532418,0.6569767441860465
2157,1496,1,1,0.9973940312651978,2,359,81,440,0.7516909746847154,0.6589595375722543
2158,1502,1,1,0.9968009694995137,2,359,81,440,0.753288444153496,0.6609195402298851
2159,1512,1,0,0.03949875668903691,2,360,81,441,0.7507836990595612,0.6571428571428571
2160,1515,1,1,0.9998873424472462,2,360,81,441,0.7525114155251141,0.6590909090909091
2161,1518,1,1,0.9994611228841064,2,360,81,441,0.7542934154793993,0.6610169491525424
2162,1523,1,1,0.6283943625660554,2,360,81,441,0.7561330561330561,0.6629213483146067
2163,1528,1,0,3.9039113256907145e-05,2,361,81,442,0.7539939851590337,0.659217877094972
2164,1540,1,1,0.9983219128171097,2,361,81,442,0.7559919202622604,0.6611111111111111
2165,1559,1,0,0.12522416229332356,2,362,81,443,0.7540666666666667,0.6574585635359116
2166,1592,1,1,0.9927484798481399,2,362,81,443,0.7562400324368157,0.6593406593406593
2167,1599,1,1,0.9972590949635277,2,362,81,443,0.7584923245614036,0.6612021857923497
2168,1604,1,1,0.9996303715032392,2,362,81,443,0.7608288137950217,0.6630434782608695
2169,1605,1,1,0.998713224302398,2,362,81,443,0.7632552230378318,0.6648648648648648
2170,1631,1,0,0.06408860644497692,2,363,81,444,0.7619268110530247,0.6612903225806451
2171,1655,1,1,0.998422835890258,2,363,81,444,0.7645836193504101,0.6631016042780749
2172,1658,1,1,0.9997635641095993,2,363,81,444,0.7673504461826596,0.6648936170212766
2173,1660,1,1,0.991361329442872,2,363,81,444,0.7702352941176471,0.6666666666666666
2174,1670,1,1,0.9757986805462311,2,363,81,444,0.7732469309414313,0.6684210526315789
2175,1673,1,1,0.9984371088328826,2,363,81,444,0.7763949843260188,0.6701570680628273
2176,1674,1,1,0.984475037362438,2,363,81,444,0.7796900508695138,0.671875
2177,1688,1,1,0.9993015787259043,2,363,81,444,0.7831438221221504,0.6735751295336787
2178,1689,1,1,0.9908806232675162,2,363,81,444,0.7867692307692308,0.6752577319587629
2179,1709,1,1,0.9746331620293014,2,363,81,444,0.790580620836999,0.676923076923077
2180,1715,1,1,0.9965574257807744,2,363,81,444,0.7945939466586754,0.6785714285714286
2181,1730,1,1,0.9955590626019465,2,363,81,444,0.798827006436359,0.6802030456852792
2182,1736,1,1,0.9994660412360413,2,363,81,444,0.8032997176280758,0.6818181818181818
2183,1758,1,1,0.993027350391345,2,363,81,444,0.8080344431687715,0.6834170854271356
2184,1771,1,1,0.9996180202221586,2,363,81,444,0.8130563798219584,0.685
2185,1800,1,1,0.5706944829591402,2,363,81,444,0.8130563798219584,0.685
2186,1801,1,1,0.998399889014225,2,363,81,444,0.8130563798219584,0.685
2187,1829,1,0,1.7368524302238127e-05,2,364,81,445,0.8095238095238095,0.68
2188,1831,1,1,0.9994504825628823,2,364,81,445,0.8095238095238095,0.68
2189,1836,1,1,0.9980083917014468,2,364,81,445,0.8095238095238095,0.68
2190,1840,1,1,0.9795785345585145,2,364,81,445,0.8095238095238095,0.68
2191,1843,1,1,0.9963984302559501,2,364,81,445,0.8130563798219584,0.685
2192,1845,1,1,0.9898390418240164,2,364,81,445,0.8130563798219584,0.685
2193,1852,1,0,0.00011362808837128252,2,365,81,446,0.8095238095238095,0.68
2194,1854,1,0,0.22959376935455442,2,366,81,447,0.8095238095238095,0.68
2195,1855,1,1,0.9606516029767356,2,366,81,447,0.8130563798219584,0.685
2196,1864,1,0,0.00024338493988364875,2,367,81,448,0.8130563798219584,0.685
2197,1872,1,1,0.9457798578441969,2,367,81,448,0.8165680473372781,0.69
2198,1879,1,1,0.7078552022885674,2,367,81,448,0.8165680473372781,0.69
2199,1903,1,0,0.16129737650758785,2,368,81,449,0.8130563798219584,0.685
2200,1909,1,1,0.9956239436007305,2,368,81,449,0.8130563798219584,0.685
2201,1914,1,0,0.0485946094142135,2,369,81,450,0.8130563798219584,0.685
2202,1915,1,0,0.004161140109195737,2,370,81,451,0.8095238095238095,0.68
2203,1928,1,1,0.9084929455947033,2,370,81,451,0.8095238095238095,0.68
2204,1929,1,1,0.9997470062689134,2,370,81,451,0.8095238095238095,0.68
2205,1937,1,1,0.6394200260635646,2,370,81,451,0.8095238095238095,0.68
2206,1942,1,1,0.977161228067708,2,370,81,451,0.8130563798219584,0.685
2207,1947,1,1,0.8454313231054451,2,370,81,451,0.8165680473372781,0.69
2208,1948,1,1,0.9999953390950946,2,370,81,451,0.8200589970501475,0.695
2209,1959,1,1,0.9877901304993619,2,370,81,451,0.8200589970501475,0.695
2210,1996,1,1,0.9851841751989804,2,370,81,451,0.8235294117647058,0.7
2211,2004,1,0,0.09528236721440762,2,371,81,452,0.8200589970501475,0.695
2212,2009,1,1,0.9897117512616393,2,371,81,452,0.8200589970501475,0.695
2213,2025,1,0,0.2823930319753226,2,372,81,453,0.8165680473372781,0.69
2214,2041,1,1,0.9998040033688169,2,372,81,453,0.8165680473372781,0.69
2215,2042,1,1,0.9990384054457105,2,372,81,453,0.8165680473372781,0.69
2216,2046,1,0,0.16025402258767338,2,373,81,454,0.8130563798219584,0.685
2217,2056,1,1,0.9991971947054923,2,373,81,454,0.8165680473372781,0.69
2218,2087,1,1,0.9978583574288088,2,373,81,454,0.8200589970501475,0.695
2219,2113,1,1,0.9993680775586453,2,373,81,454,0.8235294117647058,0.7
2220,2115,1,1,0.9990759741412708,2,373,81,454,0.8269794721407625,0.705
2221,2135,1,0,0.009715957535104451,2,374,81,455,0.8235294117647058,0.7
2222,2151,1,1,0.9981226800019278,2,374,81,455,0.8235294117647058,0.7
2223,2160,1,1,0.9997823487078672,2,374,81,455,0.8235294117647058,0.7
2224,2172,1,0,0.0003258924960624737,2,375,81,456,0.8200589970501475,0.695
2225,2214,1,1,0.997438357325259,2,375,81,456,0.8235294117647058,0.7
2226,2216,1,0,7.90014095711843e-05,2,376,81,457,0.8235294117647058,0.7
2227,2228,1,1,0.9975577457491915,2,376,81,457,0.8235294117647058,0.7
2228,2229,1,0,1.4692275407971962e-07,2,377,81,458,0.8200589970501475,0.695
2229,2238,1,1,0.9995055122934963,2,377,81,458,0.8235294117647058,0.7
2230,2248,1,1,0.9999948020215087,2,377,81,458,0.8269794721407625,0.705
2231,2254,1,1,0.9966379673721084,2,377,81,458,0.8269794721407625,0.705
2232,2262,1,1,0.9999123626336791,2,377,81,458,0.8269794721407625,0.705
2233,2272,1,0,0.041912596415514654,2,378,81,459,0.8235294117647058,0.7
2234,2278,1,1,0.9998467435753567,2,378,81,459,0.8235294117647058,0.7
2235,2281,1,1,0.9996528770209347,2,378,81,459,0.8235294117647058,0.7
2236,2282,1,1,0.9993261014849325,2,378,81,459,0.8269794721407625,0.705
2237,2290,1,1,0.8159892934148794,2,378,81,459,0.8269794721407625,0.705
2238,2298,1,0,0.0590163145465091,2,379,81,460,0.8235294117647058,0.7
2239,2300,1,1,0.9867601403605989,2,379,81,460,0.8269794721407625,0.705
2240,2303,1,1,0.9906021360926311,2,379,81,460,0.8269794721407625,0.705
2241,2310,1,1,0.9998999935962952,2,379,81,460,0.8269794721407625,0.705
2242,2316,1,1,0.9835198202029021,2,379,81,460,0.8269794721407625,0.705
2243,2320,1,1,0.9872106632717208,2,379,81,460,0.8269794721407625,0.705
2244,2322,1,1,0.9991795690811678,2,379,81,460,0.8269794721407625,0.705
2245,2323,1,0,8.48213508437578e-05,2,380,81,461,0.8269794721407625,0.705
2246,2334,1,1,0.5582752183150007,2,380,81,461,0.8269794721407625,0.705
2247,2341,1,0,0.010582122351521887,2,381,81,462,0.8269794721407625,0.705
2248,2344,1,1,0.9035515377735075,2,381,81,462,0.8304093567251463,0.71
2249,2363,1,1,0.9996225080263325,2,381,81,462,0.8304093567251463,0.71
2250,2371,1,1,0.9985764096405206,2,381,81,462,0.8304093567251463,0.71
2251,2390,1,1,0.992468041032679,2,381,81,462,0.8304093567251463,0.71
2252,2402,1,1,0.9521646155622107,2,381,81,462,0.8338192419825073,0.715
2253,2413,1,1,0.9994910383071793,2,381,81,462,0.8338192419825073,0.715
2254,2428,1,0,0.05946515528411043,2,382,81,463,0.8304093567251463,0.71
2255,2433,1,1,0.9992771475298361,2,382,81,463,0.8304093567251463,0.71
2256,2439,1,1,0.990030048816671,2,382,81,463,0.8304093567251463,0.71
2257,2440,1,1,0.9945980042076149,2,382,81,463,0.8338192419825073,0.715
2258,2449,1,1,0.9966625704462813,2,382,81,463,0.8372093023255814,0.72
2259,2460,1,1,0.9996469398716481,2,382,81,463,0.8405797101449275,0.725
2260,2462,1,0,0.02303025826242894,2,383,81,464,0.8372093023255814,0.72
2261,2481,1,0,0.00040973537416553346,2,384,81,465,0.8372093023255814,0.72
2262,2499,1,1,0.9983735212953657,2,384,81,465,0.8372093023255814,0.72
2263,2538,0,0,0.00023114520109359727,2,384,81,465,0.8322484371849164,0.7185929648241206
2264,2558,0,0,9.700597053604687e-05,2,384,81,465,0.827607843137255,0.7171717171717171
2265,2594,0,0,9.962950846676543e-05,2,384,81,465,0.8232563466310364,0.7157360406091371
2266,2632,0,0,0.0003471836899087922,2,384,81,465,0.8225990297206914,0.7193877551020408
2267,2829,0,0,0.0025699629674574014,2,384,81,465,0.8187715269804822,0.717948717948718
2268,2838,0,0,0.0005388682194555793,2,384,81,465,0.8186281981491562,0.7216494845360825
2269,2842,0,0,0.0001558961974830791,2,384,81,465,0.8152480510276399,0.7202072538860104
2270,2854,0,0,3.4314309981658435e-05,2,384,81,465,0.8155593502342485,0.7239583333333334
2271,2878,0,0,0.00022559625858561006,2,384,81,465,0.8125634659017936,0.7225130890052356
2272,2880,0,0,3.428647555324802e-05,2,384,81,465,0.8132791327913279,0.7263157894736842
2273,2943,0,0,0.0015508612017021335,2,384,81,465,0.810615155032333,0.7248677248677249
2274,2977,0,0,1.2589158549323958e-05,2,384,81,465,0.8080831708901884,0.723404255319149
2275,2979,0,0,0.002798506709556095,2,384,81,465,0.8093164730006834,0.7272727272727273
2276,3027,0,0,0.18420533748632004,2,384,81,465,0.8107182672400064,0.7311827956989247
2277,3065,0,0,0.0007600368099532003,2,384,81,465,0.80859375,0.7297297297297297
2278,3079,0,0,0.0007884764168817716,2,384,81,465,0.8065654241448076,0.7282608695652174
2279,3109,0,0,1.734980446597123e-05,2,384,81,465,0.8046262808921036,0.726775956284153
2280,3111,0,1,0.5319185437623664,2,384,82,466,0.8024412296564195,0.7307692307692307
2281,3171,0,0,0.00043012122924261816,2,384,82,466,0.8006591616056882,0.7292817679558011
2282,3204,0,0,0.0026209681210082893,2,384,82,466,0.798951048951049,0.7277777777777777
2283,3218,0,0,4.06382652625236e-05,2,384,82,466,0.7973118279569893,0.7262569832402235
2284,3221,0,0,0.0006764212478820066,2,384,82,466,0.7996365446850884,0.7303370786516854
2285,3252,0,0,0.23764885970518,2,384,82,466,0.7981545304892999,0.7288135593220338
2286,3305,0,0,0.00011295071473464162,2,384,82,466,0.8006841885690448,0.7329545454545454
2287,3333,0,1,0.8318111964817678,2,384,83,467,0.7949525452976703,0.7314285714285714
2288,3349,0,0,0.0002529897411638309,2,384,83,467,0.793636827600286,0.7298850574712644
2289,3352,0,0,0.0010599300795153211,2,384,83,467,0.7923678646934461,0.7283236994219653
2290,3357,0,0,0.004863334532229679,2,384,83,467,0.7911427530712938,0.7267441860465116
2291,3359,0,0,0.00018698192212589977,2,384,83,467,0.789958811415122,0.7251461988304093
2292,3368,0,1,0.9960154014378181,2,384,84,468,0.7843035343035342,0.7235294117647059
2293,3426,0,0,1.9064449794166803e-05,2,384,84,468,0.7873107344632768,0.727810650887574
2294,3477,0,0,9.090680612357334e-06,2,384,84,468,0.786251156262958,0.7261904761904762
2295,3488,0,0,0.012690793820130079,2,384,84,468,0.789406392694064,0.7305389221556886
2296,3503,0,0,9.888060923478313e-06,2,384,84,468,0.7884388714733542,0.7289156626506024
2297,3709,0,0,0.471077912432954,2,384,84,468,0.7875,0.7272727272727273
2298,3724,0,0,3.638000806742022e-05,2,384,84,468,0.7865881486934119,0.725609756097561
2299,3787,0,0,0.0001340340946629471,2,384,84,468,0.7899877955758963,0.7300613496932515
2300,3839,0,0,4.603245302116076e-05,2,384,84,468,0.7891522454773338,0.7283950617283951
2301,3852,0,0,8.801229158653211e-05,2,384,84,468,0.7883390651634319,0.7267080745341615
2302,3855,0,0,0.00010910682179325046,2,384,84,468,0.7875470244971712,0.725
2303,3881,0,0,6.789265393418468e-05,2,384,84,468,0.7911581554428588,0.7295597484276729
2304,3897,0,0,0.00025578319432695865,2,384,84,468,0.7904301075268818,0.7278481012658228
2305,3911,0,0,2.833478009989455e-05,2,384,84,468,0.7897196153400532,0.7261146496815286
2306,3913,0,0,0.0801722861151995,2,384,84,468,0.7890257352941177,0.7243589743589743
2307,3921,0,0,0.00022976707165806365,2,384,84,468,0.7883475783475782,0.7225806451612903
2308,4058,0,0,6.198905369827036e-05,2,384,84,468,0.7876843057440073,0.7207792207792207
2309,4283,0,0,0.01481531166926572,2,384,84,468,0.7870351251262484,0.7189542483660131
2310,4346,0,0,0.03982720051540249,2,384,84,468,0.7909433962264152,0.7236842105263158
2311,4397,0,0,9.44003799096434e-05,2,384,84,468,0.7903430379395521,0.7218543046357616
2312,4420,0,0,0.00021511830817720517,2,384,84,468,0.7943356565991815,0.7266666666666667
2313,4423,0,0,0.004075203911142333,2,384,84,468,0.7983756443121365,0.7315436241610739
2314,4475,0,0,1.95230795588091e-05,2,384,84,468,0.7978520770010132,0.7297297297297297
2315,4560,0,0,0.00015075638085804494,2,384,84,468,0.7973380316181873,0.7278911564625851
2316,4699,0,0,0.00024781507936808694,2,384,84,468,0.7968329952670723,0.726027397260274
2317,4736,0,0,0.00021516304434322477,2,384,84,468,0.8010085211951246,0.7310344827586207
2318,4747,0,0,1.5505345950892873e-05,2,384,84,468,0.8052249200075288,0.7361111111111112
2319,4776,0,0,1.717586805419947e-05,2,384,84,468,0.8047843525227947,0.7342657342657343
2320,4818,0,0,8.98087175439837e-05,2,384,84,468,0.804350647623607,0.7323943661971831
2321,4834,0,0,0.00017681028294343906,2,384,84,468,0.803923420920325,0.7304964539007093
2322,4842,0,0,6.117354043438446e-05,2,384,84,468,0.8082567838665401,0.7357142857142858
2323,4918,0,0,0.0034171786887098148,2,384,84,468,0.8078604455653636,0.7338129496402878
2324,4943,0,0,0.0003777078840519825,2,384,84,468,0.8122528898325077,0.7391304347826086
2325,4961,0,0,0.0001960586316837008,2,384,84,468,0.8118852266499647,0.7372262773722628
2326,4983,0,1,0.6415688472875104,2,384,85,469,0.8066666666666668,0.7352941176470589
2327,12,1,0,0.09845721817004753,2,385,85,470,0.8066666666666668,0.7352941176470589
2328,160,1,0,0.0002977959579553475,2,386,85,471,0.8018565971049143,0.7279411764705882
2329,165,1,0,0.0006778802812665131,2,387,85,472,0.797037037037037,0.7205882352941176
2330,207,1,0,0.04631057291896476,2,388,85,473,0.7922072946597293,0.7132352941176471
2331,253,1,0,0.0003442475652398161,2,389,85,474,0.7873666804464655,0.7058823529411765
2332,383,1,1,0.9233042313430307,2,389,85,474,0.7873666804464655,0.7058823529411765
2333,399,1,1,0.9919477653780769,2,389,85,474,0.7873666804464655,0.7058823529411765
2334,406,1,0,0.0016179917983299497,2,390,85,475,0.7873666804464655,0.7058823529411765
2335,408,1,0,5.334270641359158e-05,2,391,85,476,0.7825145067698258,0.6985294117647058
2336,616,1,0,0.026329185140918192,2,392,85,477,0.7825145067698258,0.6985294117647058
2337,703,1,0,0.11714161179736521,2,393,85,478,0.7776500875296057,0.6911764705882353
2338,732,1,0,0.1687419956074209,2,394,85,479,0.7727727377862301,0.6838235294117647
2339,811,1,0,0.0136148371509395,2,395,85,480,0.7678817733990148,0.6764705882352942
2340,968,1,0,3.533996487937556e-05,2,396,85,481,0.7629765106688182,0.6691176470588235
2341,982,1,0,0.013299654442572554,2,397,85,482,0.7629765106688182,0.6691176470588235
2342,1049,1,1,0.9999012859955254,2,397,85,482,0.7678817733990148,0.6764705882352942
2343,1051,1,0,0.0013895616339800543,2,398,85,483,0.7678817733990148,0.6764705882352942
2344,1073,1,0,0.008877660948441876,2,399,85,484,0.7629765106688182,0.6691176470588235
2345,1092,1,1,0.9962879797262594,2,399,85,484,0.7629765106688182,0.6691176470588235
2346,1140,1,0,1.5322005285442534e-05,2,400,85,485,0.7629765106688182,0.6691176470588235
2347,1151,1,0,0.0022060584362100163,2,401,85,486,0.7580562659846548,0.6617647058823529
2348,1161,1,1,0.5461193280239479,2,401,85,486,0.7629765106688182,0.6691176470588235
2349,1166,1,0,0.021550852157091994,2,402,85,487,0.7580562659846548,0.6617647058823529
2350,1199,1,0,0.004102708970344099,2,403,85,488,0.7580562659846548,0.6617647058823529
2351,1245,1,1,0.984687495499793,2,403,85,488,0.7580562659846548,0.6617647058823529
2352,1252,1,0,0.04278210068655155,2,404,85,489,0.7531203554738375,0.6544117647058824
2353,1354,1,0,0.001572558274931106,2,405,85,490,0.7531203554738375,0.6544117647058824
2354,1402,1,0,0.01920033374815716,2,406,85,491,0.7481680946552427,0.6470588235294118
2355,1416,1,1,0.7384257870533558,2,406,85,491,0.7481680946552427,0.6470588235294118
2356,1620,1,0,0.02166252938487225,2,407,85,492,0.7481680946552427,0.6470588235294118
2357,1650,1,0,7.593800160379723e-05,2,408,85,493,0.7431987980952866,0.6397058823529411
2358,1682,1,0,0.26532775183302065,2,409,85,494,0.7382117790662192,0.6323529411764706
2359,1686,1,0,0.008004352097041556,2,410,85,495,0.7382117790662192,0.6323529411764706
2360,1699,1,0,0.0016472278748699313,2,411,85,496,0.7332063492063492,0.625
2361,1781,1,0,0.15126172568199966,2,412,85,497,0.7281818181818182,0.6176470588235294
2362,1783,1,0,0.011006635801891807,2,413,85,498,0.7231374933495478,0.6102941176470589
2363,1820,1,1,0.867671279035166,2,413,85,498,0.7281818181818182,0.6176470588235294
2364,1891,1,0,1.2730239848036036e-05,2,414,85,499,0.7231374933495478,0.6102941176470589
2365,1932,1,1,0.9998652098589756,2,414,85,499,0.7281818181818182,0.6176470588235294
2366,1971,1,0,0.006392072045054043,2,415,85,500,0.7231374933495478,0.6102941176470589
2367,1999,1,0,0.0039706519017347125,2,416,85,501,0.718072679420994,0.6029411764705882
2368,2019,1,0,0.032281162734473304,2,417,85,502,0.7129866781263428,0.5955882352941176
2369,2058,1,1,0.995221763481549,2,417,85,502,0.7129866781263428,0.5955882352941176
2370,2066,1,0,0.0001993366058798883,2,418,85,503,0.7129866781263428,0.5955882352941176
2371,2067,1,1,0.7939748382983706,2,418,85,503,0.7129866781263428,0.5955882352941176
2372,2098,1,0,0.00022526442882142637,2,419,85,504,0.7078787878787878,0.5882352941176471
2373,2208,1,0,0.027637697734657924,2,420,85,505,0.7027483034385327,0.5808823529411765
2374,2222,1,1,0.9954632937646942,2,420,85,505,0.7027483034385327,0.5808823529411765
2375,2296,1,0,0.0014318716656505658,2,421,85,506,0.697594515576167,0.5735294117647058
2376,2311,1,1,0.8167386801456777,2,421,85,506,0.697594515576167,0.5735294117647058
2377,2319,1,1,0.9995075131128632,2,421,85,506,0.697594515576167,0.5735294117647058
2378,2367,1,0,0.01314621413639515,2,422,85,507,0.6924167107350608,0.5661764705882353
2379,2378,1,0,1.2730239848036036e-05,2,423,85,508,0.6872141706924316,0.5588235294117647
2380,2422,1,0,0.0028072409511711144,2,424,85,509,0.6819861722187304,0.5514705882352942
2381,2566,0,0,0.07961235629437294,2,424,85,509,0.6810461700685397,0.5481481481481482
2382,2577,0,0,3.80187224656412e-06,2,424,85,509,0.6801098322425336,0.5447761194029851
2383,2700,0,0,0.0004778799208317536,2,424,85,509,0.6791765825797239,0.5413533834586466
2384,2823,0,0,0.002021630982402348,2,424,85,509,0.6782458511676804,0.5378787878787878
2385,2868,0,0,2.9440342257938387e-05,2,424,85,509,0.6773170731707318,0.5343511450381679
2386,2876,0,0,5.96330590687141e-05,2,424,85,509,0.6763896876797278,0.5307692307692308
2387,2890,0,0,6.84009776316728e-05,2,424,85,509,0.680896089608961,0.5348837209302325
2388,2910,0,0,0.00042514295010171555,2,424,85,509,0.68,0.53125
2389,2964,0,0,7.296363481875541e-06,2,424,85,509,0.6791039103910391,0.5275590551181102
2390,3022,0,0,0.00032322004902602097,2,424,85,509,0.6782072829131652,0.5238095238095238
2391,3046,0,0,6.0375451866252075e-05,2,424,85,509,0.6773095786207587,0.52
2392,3073,0,0,0.0028855735367981903,2,424,85,509,0.6764102564102563,0.5161290322580645
2393,3081,0,0,4.328071370544333e-05,2,424,85,509,0.6810939652796913,0.5203252032520326
2394,3133,0,0,6.168868573045144e-05,2,424,85,509,0.6858045112781954,0.5245901639344263
2395,3144,0,0,0.010945893578560009,2,424,85,509,0.684959855479727,0.5206611570247934
2396,3170,0,0,1.2903212882881672e-05,2,424,85,509,0.6897240842559816,0.525
2397,3194,0,0,0.011018987971896117,2,424,85,509,0.6889038340666248,0.5210084033613446
2398,3301,0,0,0.42757055527771815,2,424,85,509,0.6880798771121351,0.5169491525423728
2399,3451,0,1,0.7175341438344898,3,424,86,510,0.6883410138248849,0.5213675213675214
2400,3519,0,0,5.484633708175908e-05,3,424,86,510,0.6875440853704684,0.5172413793103449
2401,3539,0,0,9.194476462625644e-06,3,424,86,510,0.6924242424242424,0.5217391304347826
2402,3584,0,0,0.00030323157007255974,3,424,86,510,0.6973265249374352,0.5263157894736842
2403,3680,0,0,0.05506233941340871,3,424,86,510,0.696576980568012,0.5221238938053098
2404,3768,0,0,0.0015202010774287304,3,424,86,510,0.6958222222222221,0.5178571428571429
2405,3776,0,0,5.027017958435062e-05,3,424,86,510,0.6950617504010593,0.5135135135135135
2406,3789,0,1,0.9975800845747098,3,424,87,511,0.6897184822521418,0.509090909090909
2407,3797,0,0,3.18403095591358e-05,3,424,87,511,0.6889514066496164,0.5045871559633027
2408,3865,0,0,5.152647038125196e-06,3,424,87,511,0.6881773399014779,0.5
2409,3890,0,0,4.17829968496305e-05,3,424,87,511,0.6873957367933272,0.4953271028037383
2410,3941,0,0,0.00028081074756134463,3,424,87,511,0.6866060355518809,0.49056603773584906
2411,3951,0,0,0.00033343512309763233,3,424,87,511,0.6917203800056949,0.49523809523809526
2412,4051,0,0,1.1839640839085236e-05,3,424,87,511,0.6909472699394474,0.49038461538461536
2413,4057,0,0,4.1934551068356544e-05,3,424,87,511,0.6961041666666666,0.49514563106796117
2414,4090,0,0,1.2017303806893385e-05,3,424,87,511,0.6953467935976567,0.49019607843137253
2415,4128,0,0,0.1567901711689077,3,424,87,511,0.6945796553173602,0.48514851485148514
2416,4129,0,0,0.0013087611179657531,3,424,87,511,0.6998025016458196,0.49
2417,4379,0,0,0.0003738184107698761,3,424,87,511,0.699049773755656,0.48484848484848486
2418,4432,0,0,6.290418725201009e-05,3,424,87,511,0.6982861246309742,0.47959183673469385
2419,4496,0,0,0.020923866296562916,3,424,87,511,0.6975108960132624,0.4742268041237113
2420,4522,0,0,0.14365894129505397,3,424,87,511,0.6967234008227797,0.46875
2421,4559,0,0,6.877043107755708e-05,3,424,87,511,0.7020601876820192,0.47368421052631576
2422,4578,0,0,7.958361239332939e-05,3,424,87,511,0.7012847222222223,0.46808510638297873
2423,4720,0,0,1.3563887080108939e-05,3,424,87,511,0.7004956873021072,0.46236559139784944
2424,4800,0,0,0.08838070821243661,3,424,87,511,0.7058955612147102,0.4673913043478261
2425,4847,0,0,7.955245244041639e-05,3,424,87,511,0.7051172854819593,0.46153846153846156
2426,4868,0,0,1.57557431951254e-05,3,424,87,511,0.7105542648523067,0.4666666666666667
2427,4968,0,0,0.00014069935511190986,3,424,87,511,0.7097860962566844,0.4606741573033708
2428,4969,0,0,0.312069013656707,3,424,87,511,0.7152592592592594,0.4659090909090909
2429,60,1,0,0.0004875078133208278,3,425,87,512,0.7090023566378634,0.45454545454545453
2430,68,1,0,0.32222889930326876,3,426,87,513,0.7026893075385092,0.4431818181818182
2431,128,1,0,0.1737688844420692,3,427,87,514,0.6963184079601991,0.4318181818181818
2432,169,1,0,0.02123465650951437,3,428,87,515,0.6898879082834359,0.42045454545454547
2433,213,1,0,0.0007843423101500886,3,429,87,516,0.6898879082834359,0.42045454545454547
2434,220,1,1,0.6008343216353844,3,429,87,516,0.6898879082834359,0.42045454545454547
2435,312,1,0,2.9072956435427394e-05,3,430,87,517,0.6833960113960115,0.4090909090909091
2436,315,1,0,0.005256713613629876,3,431,87,518,0.6768408707342887,0.3977272727272727
2437,333,1,0,0.0954296590303503,3,432,87,519,0.6702205882352942,0.38636363636363635
2438,356,1,0,0.0030256977975996907,3,433,87,520,0.6702205882352942,0.38636363636363635
2439,357,1,0,0.02286038882255161,3,434,87,521,0.6635332121946296,0.375
2440,388,1,0,0.09083751256925696,3,435,87,522,0.6567767350249102,0.36363636363636365
2441,400,1,1,0.6521343232490949,3,435,87,522,0.6567767350249102,0.36363636363636365
2442,416,1,1,0.9009215727119702,3,435,87,522,0.6567767350249102,0.36363636363636365
2443,488,1,1,0.9023466315532993,3,435,87,522,0.6567767350249102,0.36363636363636365
2444,550,1,0,0.24569595041693645,3,436,87,523,0.6499490909090909,0.3522727272727273
2445,578,1,0,0.005266118011185646,3,437,87,524,0.6499490909090909,0.3522727272727273
2446,591,1,0,0.007653680325479864,3,438,87,525,0.6430481533426834,0.3409090909090909
2447,603,1,0,0.3173466164715909,3,439,87,526,0.6430481533426834,0.3409090909090909
2448,635,1,0,0.001679165444302723,3,440,87,527,0.6360717325584808,0.32954545454545453
2449,654,1,1,0.9835445476001704,3,440,87,527,0.6360717325584808,0.32954545454545453
2450,659,1,0,0.0008360793499368065,3,441,87,528,0.6290175728269845,0.3181818181818182
2451,674,1,1,0.9961700574866204,3,441,87,528,0.6290175728269845,0.3181818181818182
2452,685,1,0,0.0028472118428132355,3,442,87,529,0.6218833496252851,0.3068181818181818
2453,712,1,0,0.005516856497357335,3,443,87,530,0.6146666666666667,0.29545454545454547
2454,795,1,0,0.3548639936076786,3,444,87,531,0.6146666666666667,0.29545454545454547
2455,998,1,0,0.0022559903394045373,3,445,87,532,0.6073650527826789,0.2840909090909091
2456,1011,1,0,0.007429463071455515,3,446,87,533,0.5999759586488761,0.2727272727272727
2457,1018,1,0,0.00012405062480435328,3,447,87,534,0.5924967533448098,0.26136363636363635
2458,1090,1,0,0.009827839007511085,3,448,87,535,0.5849247207382224,0.25
2459,1236,1,0,0.13608824068596104,3,449,87,536,0.5772570556826849,0.23863636363636365
2460,1274,1,0,0.004223104038726544,3,450,87,537,0.5772570556826849,0.23863636363636365
2461,1279,1,0,4.484698428562283e-06,3,451,87,538,0.5772570556826849,0.23863636363636365
2462,1292,1,1,0.99997657918364,3,451,87,538,0.5772570556826849,0.23863636363636365
2463,1381,1,0,0.09061090235077256,3,452,87,539,0.5715080135988344,0.23595505617977527
2464,1386,1,0,7.10015272422779e-06,3,453,87,540,0.5657787442239739,0.23333333333333334
2465,1392,1,0,1.2339967329048429e-05,3,454,87,541,0.5600697199182594,0.23076923076923078
2466,1415,1,1,0.8154049177110859,3,454,87,541,0.5620952380952381,0.2391304347826087
2467,1461,1,0,0.0005602632353351879,3,455,87,542,0.5564385793418052,0.23655913978494625
2468,1504,1,0,0.0003185589675904393,3,456,87,543,0.5508031607500885,0.23404255319148937
2469,1539,1,0,0.0034325411813133553,3,457,87,544,0.5451894573097356,0.23157894736842105
2470,1552,1,0,0.00022700893128589994,3,458,87,545,0.5395979429640019,0.22916666666666666
2471,1593,1,1,0.9957617240154961,3,458,87,545,0.5416985285598425,0.23711340206185566
2472,1685,1,1,0.9934995071098301,3,458,87,545,0.54375,0.24489795918367346
2473,1690,1,0,0.0022388024260678123,3,459,87,546,0.5382450871020339,0.24242424242424243
2474,1697,1,0,0.011868403864595208,3,460,87,547,0.5327635327635327,0.24
2475,1740,1,0,0.4652788894903438,3,461,87,548,0.5273058259314963,0.2376237623762376
2476,1790,1,0,0.3308145781705286,3,462,87,549,0.5218724559023067,0.23529411764705882
2477,1940,1,1,0.8380257143915065,3,462,87,549,0.5240062843676355,0.24271844660194175
2478,1975,1,0,0.14261045572007042,3,463,87,550,0.5186303284416492,0.2403846153846154
2479,1978,1,0,0.012799781778132914,3,464,87,551,0.5132798573975045,0.23809523809523808
2480,2030,1,0,0.0003050342556362761,3,465,87,552,0.51174688057041,0.2358490566037736
2481,2069,1,1,0.8249300771566767,3,465,87,552,0.5139606151122912,0.24299065420560748
2482,2070,1,0,0.025992698620400406,3,466,87,553,0.5086810551558753,0.24074074074074073
2483,2072,1,1,0.9995704375662017,3,466,87,553,0.5108855664174813,0.24770642201834864
2484,2157,1,0,0.061945671965653,3,467,87,554,0.5056665574844414,0.24545454545454545
2485,2233,1,1,0.993389475051329,3,467,87,554,0.5078645833333333,0.25225225225225223
2486,2245,1,0,0.0030958856489912067,3,468,87,555,0.502707234617985,0.25
2487,2250,1,1,0.9999672087527967,3,468,87,555,0.5087433933771977,0.25663716814159293
2488,2264,1,0,0.03098452194503961,3,469,87,556,0.5036331370492861,0.2543859649122807
2489,2325,1,0,0.0013824611426762076,3,470,87,557,0.4985521235521236,0.25217391304347825
2490,2426,1,0,0.011830908266908201,3,471,87,558,0.4935008957458756,0.25
2491,2475,1,0,0.11979693759267365,3,472,87,559,0.48847999999999997,0.24786324786324787
2492,2500,0,0,4.385769176190884e-05,3,472,87,559,0.4922599534746918,0.24786324786324787
2493,2501,0,0,0.0021689752950812265,3,472,87,559,0.4922599534746918,0.24786324786324787
2494,2536,0,0,0.00018150877136998683,3,472,87,559,0.4922599534746918,0.24786324786324787
2495,2562,0,0,4.7109650819305006e-06,3,472,87,559,0.4922599534746918,0.24786324786324787
2496,2573,0,0,0.0005081991645638757,3,472,87,559,0.4922599534746918,0.24786324786324787
2497,2591,0,0,0.00017199711168119252,3,472,87,559,0.4922599534746918,0.24786324786324787
2498,2664,0,0,0.00035799247899020336,3,472,87,559,0.4922599534746918,0.24786324786324787
2499,2708,0,0,0.0004766495246019563,3,472,87,559,0.4922599534746918,0.24786324786324787
2500,2735,0,0,3.1348792216559116e-05,3,472,87,559,0.4922599534746918,0.24786324786324787
2501,2746,0,0,6.931580417264134e-05,3,472,87,559,0.4922599534746918,0.24786324786324787
2502,2793,0,0,8.266140611338515e-05,3,472,87,559,0.4922599534746918,0.24786324786324787
2503,2808,0,1,0.7719770783559249,3,472,88,560,0.48847999999999997,0.24786324786324787
2504,2889,0,0,0.0007545475592458677,3,472,88,560,0.48847999999999997,0.24786324786324787
2505,2908,0,0,0.0001421013526272051,3,472,88,560,0.48847999999999997,0.24786324786324787
2506,2941,0,0,0.00010373184201363908,3,472,88,560,0.48847999999999997,0.24786324786324787
2507,2949,0,0,0.0006833314499575067,3,472,88,560,0.48847999999999997,0.24786324786324787
2508,2984,0,0,7.315990629947475e-05,3,472,88,560,0.48847999999999997,0.24786324786324787
2509,2992,0,0,2.8380949039321247e-05,3,472,88,560,0.48847999999999997,0.24786324786324787
2510,3008,0,0,0.00013065657566921094,3,472,88,560,0.48847999999999997,0.24786324786324787
2511,3016,0,0,1.377096826755189e-05,3,472,88,560,0.48847999999999997,0.24786324786324787
2512,3095,0,0,6.483244260346217e-05,3,472,88,560,0.48847999999999997,0.24786324786324787
2513,3267,0,0,2.4667054792533554e-05,3,472,88,560,0.48847999999999997,0.24786324786324787
2514,3338,0,0,2.5491923248928362e-05,3,472,88,560,0.48847999999999997,0.24786324786324787
2515,3339,0,0,0.0004754662380707613,3,472,88,560,0.48847999999999997,0.24786324786324787
2516,3399,0,0,3.079151222230483e-06,3,472,88,560,0.48847999999999997,0.24786324786324787
2517,3416,0,1,0.7103679772961748,3,472,89,561,0.4847019867549669,0.24786324786324787
2518,3442,0,0,1.8850542122220066e-06,3,472,89,561,0.4847019867549669,0.24786324786324787
2519,3458,0,1,0.7866331262531916,3,472,90,562,0.48092529711375215,0.24786324786324787
2520,3574,0,0,1.4488634954194635e-05,3,472,90,562,0.48092529711375215,0.24786324786324787
2521,3600,0,0,5.6399040377131654e-06,3,472,90,562,0.48092529711375215,0.24786324786324787
2522,3627,0,0,3.34891531471424e-05,3,472,90,562,0.48092529711375215,0.24786324786324787
2523,3716,0,0,0.003919636466737747,3,472,90,562,0.48092529711375215,0.24786324786324787
2524,3718,0,0,0.00021843762927999764,3,472,90,562,0.48092529711375215,0.24786324786324787
2525,3756,0,0,0.2864115765233791,3,472,90,562,0.48092529711375215,0.24786324786324787
2526,3847,0,0,5.1600275258309636e-05,3,472,90,562,0.4847019867549669,0.24786324786324787
2527,3888,0,0,0.00013411384963422923,3,472,90,562,0.4897066666666667,0.25
2528,3912,0,0,6.70801286678782e-05,3,472,90,562,0.49474183801705934,0.25217391304347825
2529,3918,0,0,4.324988475215622e-06,3,472,90,562,0.49980694980694984,0.2543859649122807
2530,4016,0,0,0.0001723564043425068,3,472,90,562,0.5049014546530074,0.25663716814159293
2531,4025,0,0,0.0005276461946620385,3,472,90,562,0.5100248085427678,0.25892857142857145
2532,4099,0,0,0.01213366365591216,3,472,90,562,0.5078645833333333,0.25225225225225223
2533,4117,0,0,0.0001639656019031758,3,472,90,562,0.5056665574844414,0.24545454545454545
2534,4138,0,0,2.7284243784487692e-05,3,472,90,562,0.5108855664174813,0.24770642201834864
2535,4153,0,0,1.4370981646825214e-05,3,472,90,562,0.5161318681318682,0.25
2536,4189,0,0,0.0004171487379114276,3,472,90,562,0.5214049450095096,0.2523364485981308
2537,4244,0,1,0.7515817623888866,3,472,91,563,0.5228341464759227,0.25471698113207547
2538,4247,0,0,0.00023748308325532083,3,472,91,563,0.5281447062728177,0.2571428571428571
2539,4276,0,0,6.119727898396479e-05,3,472,91,563,0.5334806139157947,0.25961538461538464
2540,4299,0,0,8.8253457827417e-06,3,472,91,563,0.5388413547237076,0.2621359223300971
2541,4375,0,0,0.0016313907029339204,3,472,91,563,0.5442264150943396,0.2647058823529412
2542,4445,0,0,2.8658930237410738e-05,3,472,91,563,0.5422750696967137,0.25742574257425743
2543,4448,0,0,0.0356989601703372,3,472,91,563,0.5477159656264134,0.26
2544,4464,0,0,2.6084588314219054e-05,3,472,91,563,0.553179999432447,0.26262626262626265
2545,4580,0,0,9.59289421372252e-06,3,472,91,563,0.5512508939042879,0.25510204081632654
2546,4599,0,0,2.0516841608661835e-05,3,472,91,563,0.5567693014705882,0.25773195876288657
2547,4617,0,0,9.154040838769018e-05,3,472,91,563,0.5623097112860893,0.2604166666666667
2548,4619,0,0,0.09628762647598353,3,472,91,563,0.5604,0.25263157894736843
2549,4683,0,0,0.007923208185407385,3,472,91,563,0.5659934548854605,0.2553191489361702
2550,4724,0,0,0.000478274598621356,3,472,91,563,0.5716078189662763,0.25806451612903225
2551,4733,0,0,0.0001669566458098032,3,472,91,563,0.5697147427352707,0.25
2552,4769,0,0,0.0004740722540390734,3,472,91,563,0.5753809523809523,0.25274725274725274
2553,4809,0,0,1.9355776072441483e-05,3,472,91,563,0.5810670175543526,0.25555555555555554
2554,4840,0,1,0.999162716273208,3,472,92,564,0.5828353120607673,0.25842696629213485
2555,4874,0,0,0.018213123620586406,3,472,92,564,0.5810177886502975,0.25
2556,22,1,0,0.13987501644410172,3,473,92,565,0.5810177886502975,0.25
2557,49,1,1,0.9226969123932363,3,473,92,565,0.5885467003245582,0.26136363636363635
2558,61,1,1,0.9991125667521318,3,473,92,565,0.5959843296749304,0.2727272727272727
2559,72,1,1,0.5362506404266792,3,473,92,565,0.6033333333333334,0.2840909090909091
2560,124,1,1,0.9941924289874734,3,473,92,565,0.6105962854349951,0.29545454545454547
2561,126,1,1,0.9990299785032029,3,473,92,565,0.6177756810944687,0.3068181818181818
2562,137,1,0,0.4494055231719506,3,474,92,566,0.6177756810944687,0.3068181818181818
2563,155,1,0,0.19041177751071905,3,475,92,567,0.6105962854349951,0.29545454545454547
2564,196,1,1,0.8659777047109353,3,475,92,567,0.6177756810944687,0.3068181818181818
2565,292,1,1,0.8985999548214331,3,475,92,567,0.6177756810944687,0.3068181818181818
2566,297,1,0,0.0019364527056986954,3,476,92,568,0.6177756810944687,0.3068181818181818
2567,323,1,1,0.8806766628420241,3,476,92,568,0.6248739397141264,0.3181818181818182
2568,324,1,0,0.031290625908341446,3,477,92,569,0.6248739397141264,0.3181818181818182
2569,341,1,1,0.9983510817576194,3,477,92,569,0.6248739397141264,0.3181818181818182
2570,414,1,0,0.26535530314724004,3,478,92,570,0.6248739397141264,0.3181818181818182
2571,441,1,0,0.00013122352645758098,3,479,92,571,0.6177756810944687,0.3068181818181818
2572,452,1,1,0.9997698612336149,3,479,92,571,0.6248739397141264,0.3181818181818182
2573,464,1,1,0.8267211329012849,3,479,92,571,0.6318934081346423,0.32954545454545453
2574,465,1,1,0.9953665287486521,3,479,92,571,0.6318934081346423,0.32954545454545453
2575,476,1,0,0.024610783957286823,3,480,92,572,0.6318934081346423,0.32954545454545453
2576,509,1,1,0.9958614578325575,3,480,92,572,0.6318934081346423,0.32954545454545453
2577,531,1,1,0.997794998458888,3,480,92,572,0.6318934081346423,0.32954545454545453
2578,540,1,0,6.684991135593729e-06,3,481,92,573,0.6318934081346423,0.32954545454545453
2579,557,1,1,0.9999914094785384,3,481,92,573,0.6388363636363636,0.3409090909090909
2580,567,1,0,0.012247093972712918,3,482,92,574,0.6388363636363636,0.3409090909090909
2581,611,1,1,0.7797612173268491,3,482,92,574,0.6401012373453319,0.34831460674157305
2582,631,1,1,0.7952483454605891,3,482,92,574,0.6413369947652966,0.35555555555555557
2583,690,1,1,0.9930173043602244,3,482,92,574,0.6425451914072476,0.3626373626373626
2584,696,1,0,0.0005794043899685045,3,483,92,575,0.6370149253731343,0.358695652173913
2585,738,1,1,0.9583746150502284,3,483,92,575,0.6382257883514757,0.3655913978494624
2586,796,1,0,0.0010847563072807927,3,484,92,576,0.6327407407407406,0.3617021276595745
2587,827,1,1,0.9970356339761218,3,484,92,576,0.6339554827787184,0.3684210526315789
2588,849,1,0,0.00025031686187478855,3,485,92,577,0.6285164288084966,0.3645833333333333
2589,875,1,1,0.9986924276779713,3,485,92,577,0.6297362637362638,0.3711340206185567
2590,934,1,1,0.9999344369919655,3,485,92,577,0.6309335080248936,0.37755102040816324
2591,962,1,0,0.12248725259322947,3,486,92,578,0.6255701885662975,0.37373737373737376
2592,971,1,1,0.7493137158133264,3,486,92,578,0.6267748478701826,0.38
2593,985,1,1,0.9999998156642353,3,486,92,578,0.6279591836734695,0.38613861386138615
2594,1008,1,1,0.9961505787683695,3,486,92,578,0.6291243081365812,0.39215686274509803
2595,1020,1,0,0.025653804865020186,3,487,92,579,0.6238666666666667,0.3883495145631068
2596,1070,1,1,0.9863767116757826,3,487,92,579,0.6250424448217318,0.3942307692307692
2597,1111,1,0,0.2263829789792464,3,488,92,580,0.6198340874811463,0.3904761904761905
2598,1145,1,0,0.1879511969423113,3,489,92,581,0.614646816598036,0.3867924528301887
2599,1203,1,0,0.0002113458285413601,4,490,92,582,0.6137725688945201,0.38317757009345793
2600,1205,1,1,0.8305639934052029,4,490,92,582,0.6150315258511979,0.3888888888888889
2601,1215,1,0,3.9793916819646006e-07,4,491,92,583,0.6099051138895442,0.3853211009174312
2602,1277,1,0,0.13755484020390657,4,492,92,584,0.6048017575060153,0.38181818181818183
2603,1300,1,0,0.4724706498638523,4,493,92,585,0.5997220699913881,0.3783783783783784
2604,1320,1,1,0.9388752824756008,4,493,92,585,0.6010551209750773,0.38392857142857145
2605,1321,1,0,0.0005445056608365123,4,494,92,586,0.5960307085797283,0.3805309734513274
2606,1349,1,0,4.852281875216628e-05,4,495,92,587,0.5952816682228448,0.37719298245614036
2607,1357,1,1,0.9948851916000521,4,495,92,587,0.5966721785861927,0.3826086956521739
2608,1363,1,1,0.9851414559639818,4,495,92,587,0.5980475749150448,0.3879310344827586
2609,1382,1,0,1.5866205224698584e-06,4,496,92,588,0.5931235383310632,0.38461538461538464
2610,1404,1,1,0.9959202604582621,4,496,92,588,0.5945167652859961,0.3898305084745763
2611,1420,1,1,0.998562011740439,4,496,92,588,0.5958969840905028,0.3949579831932773
2612,1521,1,0,0.0041612625944566755,4,497,92,589,0.5910648714810282,0.39166666666666666
2613,1526,1,0,2.07429388024826e-06,4,498,92,590,0.5862613633469991,0.3884297520661157
2614,1532,1,0,0.0015299636508804778,4,499,92,591,0.5814871325399248,0.38524590163934425
2615,1545,1,1,0.9830667295161669,4,499,92,591,0.5829545454545455,0.3902439024390244
2616,1606,1,0,0.055923363446138234,4,500,92,592,0.5782442806110816,0.3870967741935484
2617,1617,1,0,0.008753204754888411,4,501,92,593,0.5735651381718797,0.384
2618,1693,1,1,0.9058477046343193,4,501,92,593,0.5750909090909091,0.3888888888888889
2619,1735,1,0,0.009099234281622365,4,502,92,594,0.5704788213627993,0.3858267716535433
2620,1769,1,1,0.9938592054388564,4,502,92,594,0.572030923421722,0.390625
2621,1778,1,1,0.9312780453793323,4,502,92,594,0.5735751099937147,0.3953488372093023
2622,1782,1,0,0.00011827889068525706,4,503,92,595,0.5690684353331323,0.3923076923076923
2623,1807,1,0,0.2434239589385471,4,504,92,596,0.5645966709346991,0.3893129770992366
2624,1830,1,0,0.00011696314681626644,4,505,92,597,0.5601605780810919,0.38636363636363635
2625,1877,1,0,0.00024165701855718413,4,506,92,598,0.5557609268035808,0.38345864661654133
2626,1886,1,1,0.9192076812503726,4,506,92,598,0.55744833287407,0.3880597014925373
2627,1906,1,1,0.9950928554740384,4,506,92,598,0.5591311857024855,0.3925925925925926
2628,1951,1,0,5.02291389513672e-05,4,507,92,599,0.5548473626263637,0.3897058823529412
2629,1964,1,1,0.98493919812502,4,507,92,599,0.5608105065666041,0.39705882352941174
2630,1987,1,0,7.845638232306722e-05,4,508,92,600,0.5608105065666041,0.39705882352941174
2631,2018,1,1,0.9999930567068465,4,508,92,600,0.5667306922769108,0.40441176470588236
2632,2170,1,0,4.728766769613831e-05,4,509,92,601,0.5667306922769108,0.40441176470588236
2633,2173,1,1,0.9998670628358469,4,509,92,601,0.5726088369883224,0.4117647058823529
2634,2189,1,1,0.9995565984334753,4,509,92,601,0.5726088369883224,0.4117647058823529
2635,2195,1,0,0.006667334314393895,4,510,92,602,0.5726088369883224,0.4117647058823529
2636,2199,1,0,3.793767974710859e-05,4,511,92,603,0.5726088369883224,0.4117647058823529
2637,2257,1,0,9.753204423656911e-05,4,512,92,604,0.5726088369883224,0.4117647058823529
2638,2271,1,1,0.9889162697048791,4,512,92,604,0.5784458445844585,0.41911764705882354
2639,2299,1,1,0.7287153547765052,4,512,92,604,0.5842426060651517,0.4264705882352941
2640,2331,1,0,0.025577492802711068,4,513,92,605,0.5842426060651517,0.4264705882352941
2641,2352,1,1,0.9860362465213791,4,513,92,605,0.5842426060651517,0.4264705882352941
2642,2362,1,0,0.016577342691188025,4,514,92,606,0.5784458445844585,0.41911764705882354
2643,2370,1,0,0.000696047000474889,4,515,92,607,0.5726088369883224,0.4117647058823529
2644,2403,1,1,0.9979645238166903,4,515,92,607,0.5784458445844585,0.41911764705882354
2645,2484,1,0,0.026942208574016736,4,516,92,608,0.5784458445844585,0.41911764705882354
2646,2502,0,1,0.9006004642351964,4,516,93,609,0.5784878487848785,0.4222222222222222
2647,2668,0,0,0.018935052683508348,4,516,93,609,0.5827896276662249,0.4253731343283582
2648,2765,0,0,0.00012981121060521,4,516,93,609,0.5871288515406162,0.42857142857142855
2649,2914,0,0,0.000134300380025198,4,516,93,609,0.5856911220098088,0.42424242424242425
2650,2989,0,0,4.575951029209616e-06,4,516,93,609,0.5901036269430052,0.42748091603053434
2651,2996,0,0,6.30702901050404e-05,4,516,93,609,0.5886996167238658,0.4230769230769231
2652,3063,0,0,0.0011032228917796268,4,516,93,609,0.5931829573934837,0.4263565891472868
2653,3086,0,0,0.0019651076748771886,4,516,93,609,0.5977000426289526,0.4296875
2654,3107,0,0,0.001089713203150875,4,516,93,609,0.6022501003613008,0.4330708661417323
2655,3153,0,0,1.6677624703143713e-05,4,516,93,609,0.6068323667495167,0.4365079365079365
2656,3231,0,0,1.4671887200201764e-06,4,516,93,609,0.6114460858205205,0.44
2657,3300,0,0,9.376621402540264e-06,4,516,93,609,0.616090509113765,0.4435483870967742
2658,3387,0,0,0.011664414738826071,4,516,93,609,0.6207648953301127,0.44715447154471544
2659,3434,0,0,0.024011441788104992,4,516,93,609,0.625468509984639,0.45081967213114754
2660,3616,0,0,1.5780288030024566e-05,4,516,93,609,0.6302006250630103,0.45454545454545453
2661,3636,0,0,3.714547538647514e-05,4,516,93,609,0.6349605186810969,0.4583333333333333
2662,3640,0,0,2.6925547270818985e-05,4,516,93,609,0.6338812912358756,0.453781512605042
2663,3642,0,0,0.0006578685925383481,4,516,93,609,0.6386982488106083,0.4576271186440678
2664,3652,0,0,1.8399533783802872e-05,4,516,93,609,0.643541080793494,0.46153846153846156
2665,3655,0,1,0.6967977803038137,4,516,94,610,0.6439431481340732,0.46551724137931033
2666,3681,0,0,1.6470081484876113e-07,4,516,94,610,0.6429523809523809,0.4608695652173913
2667,3715,0,0,2.8151784207214078e-05,4,516,94,610,0.6478608483368936,0.4649122807017544
2668,3744,0,0,3.815633904165353e-06,4,516,94,610,0.6527929006136844,0.4690265486725664
2669,3820,0,0,3.826962719047137e-05,4,516,94,610,0.6577478580171359,0.4732142857142857
2670,3833,0,0,0.24588047156928455,4,516,94,610,0.6627250440511758,0.4774774774774775
2671,3882,0,0,3.989304346112798e-06,4,516,94,610,0.6618381618381619,0.4727272727272727
2672,3904,0,0,6.440188398106429e-05,4,516,94,610,0.660942921024903,0.46788990825688076
2673,3925,0,0,2.7361232724618268e-05,4,516,94,610,0.6659952631036968,0.4722222222222222
2674,3970,0,0,8.829407948884137e-06,4,516,94,610,0.6710676982591877,0.4766355140186916
2675,3976,0,0,0.00018110485543443967,4,516,94,610,0.676159570070277,0.4811320754716981
2676,4013,0,0,0.00011824160807423793,4,516,94,610,0.6812702233957185,0.4857142857142857
2677,4039,0,0,1.97554072412718e-05,4,516,94,610,0.6804709062085812,0.4807692307692308
2678,4045,0,0,0.05384228933092819,4,516,94,610,0.685625,0.4854368932038835
2679,4046,0,0,0.08572884830223104,4,516,94,610,0.6907962107570657,0.49019607843137253
2680,4069,0,0,0.06542555265261989,4,516,94,610,0.6959838895281933,0.49504950495049505
2681,4076,0,0,0.00021426282267109423,4,516,94,610,0.6952501050861707,0.49
2682,4108,0,0,0.00011194245348741551,4,516,94,610,0.7004779460171164,0.494949494949495
2683,4139,0,0,5.107520320705505e-05,4,516,94,610,0.6997586726998491,0.4897959183673469
2684,4164,0,0,0.0809405773278873,4,516,94,610,0.705025466893039,0.4948453608247423
2685,4228,0,0,0.0034475170442163504,4,516,94,610,0.7043200000000001,0.4895833333333333
2686,4278,0,0,1.0381726609948077e-05,4,516,94,610,0.7096245888927512,0.49473684210526314
2687,4303,0,0,0.00018768916126155494,4,516,94,610,0.7089322685595978,0.48936170212765956
2688,4324,0,0,0.00023210063961114004,4,516,94,610,0.7142735411498219,0.4946236559139785
2689,4325,0,0,0.001162969252249506,4,516,94,610,0.7196267748478702,0.5
2690,4371,0,0,4.8432555895145425e-06,4,516,94,610,0.7249913194444444,0.5054945054945055
2691,4459,0,0,0.08182929451272898,4,516,94,610,0.7303665206388942,0.5111111111111111
2692,4479,0,0,0.0022250256202795953,4,516,94,610,0.7303665206388942,0.5111111111111111
2693,4484,0,1,0.818784016749635,4,516,95,611,0.72578125,0.5111111111111111
2694,4517,0,0,4.365812140617969e-05,4,516,95,611,0.72578125,0.5111111111111111
2695,4574,0,0,1.8481912477138062e-06,4,516,95,611,0.72578125,0.5111111111111111
2696,4613,0,0,0.0005863203790357185,4,516,95,611,0.72578125,0.5111111111111111
2697,4645,0,1,0.6129119208372308,4,516,96,612,0.7212035158891141,0.5111111111111111
2698,4652,0,0,3.140179054856027e-05,4,516,96,612,0.7212035158891141,0.5111111111111111
2699,4749,0,0,0.0002908145976942389,4,516,96,612,0.7212035158891141,0.5111111111111111
2700,4757,0,0,7.885332221592911e-05,4,516,96,612,0.7212035158891141,0.5111111111111111
2701,4827,0,0,0.00016161540150977984,4,516,96,612,0.7212035158891141,0.5111111111111111
2702,4910,0,0,1.4468353564610287e-05,4,516,96,612,0.7212035158891141,0.5111111111111111
2703,0,1,0,0.002008631141705835,4,517,96,613,0.7204151453684922,0.5054945054945055
2704,56,1,0,0.04448849904222296,4,518,96,614,0.7150598640923309,0.5
2705,70,1,1,0.8047962084919178,4,518,96,614,0.7156949806949807,0.5053763440860215
2706,78,1,0,0.04196659940765829,4,519,96,615,0.7103746089467632,0.5
2707,82,1,1,0.9900608503475579,4,519,96,615,0.7110228995452007,0.5052631578947369
2708,96,1,0,0.02926045087689383,4,520,96,616,0.7057385398981324,0.5
2709,125,1,0,0.04777956398572032,4,521,96,617,0.7004675716440423,0.4948453608247423
2710,142,1,0,0.45166928792397615,4,522,96,618,0.695210643015521,0.4897959183673469
2711,143,1,1,0.6959853349623955,4,522,96,618,0.695920554854981,0.494949494949495
2712,161,1,0,0.04576258676461498,4,523,96,619,0.690702733873293,0.49
2713,179,1,1,0.9997414348759678,4,523,96,619,0.6914274902789738,0.49504950495049505
2714,194,1,0,0.055718647904401904,4,524,96,620,0.68625,0.49019607843137253
2715,205,1,0,0.0007118291081223312,4,525,96,621,0.6810891655188545,0.4854368932038835
2716,235,1,0,6.922314674696378e-05,4,526,96,622,0.6759456375142651,0.4807692307692308
2717,239,1,0,6.782862991200605e-05,4,527,96,623,0.6753345782757547,0.47619047619047616
2718,243,1,1,0.9999605871782594,4,527,96,623,0.676159570070277,0.4811320754716981
2719,246,1,0,0.011047539598045462,4,528,96,624,0.6755828854898718,0.4766355140186916
2720,259,1,0,7.261107297001698e-05,4,529,96,625,0.6704990328820116,0.4722222222222222
2721,262,1,0,0.04095951204841227,4,530,96,626,0.6654350736278448,0.46788990825688076
2722,277,1,0,0.06285772089285145,4,531,96,627,0.6603916630258797,0.4636363636363636
2723,301,1,1,0.9580185680067581,4,531,96,627,0.6613220113220113,0.46846846846846846
2724,302,1,0,0.016655483164173798,4,532,96,628,0.6563273657289003,0.4642857142857143
2725,340,1,0,8.418581977154964e-06,4,533,96,629,0.6513549886360734,0.46017699115044247
2726,359,1,0,0.018438427635422333,4,534,96,630,0.64640554875561,0.45614035087719296
2727,364,1,0,3.7239198377526295e-07,4,535,96,631,0.6414797178579613,0.45217391304347826
2728,365,1,1,0.997923930094502,4,535,96,631,0.6425142857142858,0.45689655172413796
2729,382,1,1,0.9644487109600838,4,535,96,631,0.643541080793494,0.46153846153846156
2730,398,1,0,0.336201397864998,4,536,96,632,0.6386982488106083,0.4576271186440678
2731,407,1,0,0.015299242342480566,4,537,96,633,0.6338812912358756,0.453781512605042
2732,424,1,0,0.0052201595827137265,4,538,96,634,0.629090909090909,0.45
2733,426,1,1,0.9643910354513063,4,538,96,634,0.6302006250630103,0.45454545454545453
2734,430,1,0,0.001371157027480716,4,539,96,635,0.625468509984639,0.45081967213114754
2735,451,1,1,0.9841306791440304,4,539,96,635,0.6266033940917661,0.45528455284552843
2736,453,1,0,0.00018172827112045124,4,540,96,636,0.6219314641744549,0.45161290322580644
2737,454,1,0,0.42089200227860596,4,541,96,637,0.6216711888252436,0.448
2738,455,1,0,0.000333876237393549,4,542,96,638,0.617044513067711,0.4444444444444444
2739,468,1,0,0.07551118858615098,4,543,96,639,0.6124488157366519,0.4409448818897638
2740,482,1,0,0.0333362957826641,4,544,96,640,0.6078848516763209,0.4375
2741,490,1,0,0.00839682992933541,4,545,96,641,0.6033533834586465,0.43410852713178294
2742,495,1,0,0.06260638534524449,4,546,96,642,0.5988551817430295,0.4307692307692308
2743,496,1,0,9.417991219698102e-05,4,547,96,643,0.5943910256410256,0.42748091603053434
2744,504,1,1,0.9997180198506721,4,547,96,643,0.5957962165949354,0.4318181818181818
2745,519,1,0,7.401034332329665e-05,4,548,96,644,0.5914033771106942,0.42857142857142855
2746,520,1,0,0.00304196433519984,4,549,96,645,0.587046818727491,0.4253731343283582
2747,522,1,0,0.02908373473098443,4,550,96,646,0.5827273636568228,0.4222222222222222
2748,541,1,1,0.999524458455798,4,550,96,646,0.5842426060651517,0.4264705882352941
2749,549,1,0,0.03690952895921475,4,551,96,647,0.58,0.4233576642335766
2750,558,1,0,0.028820892676318578,4,552,96,648,0.5757968949223731,0.42028985507246375
2751,572,1,0,0.001978040072917151,4,553,96,649,0.5716341634163417,0.4172661870503597
2752,607,1,0,0.02268474450556268,4,554,96,650,0.56751269035533,0.4142857142857143
2753,608,1,0,0.0007805526758194898,4,555,96,651,0.5634333733493397,0.41134751773049644
2754,613,1,0,0.15730955212842201,4,556,96,652,0.5635214085634253,0.4084507042253521
2755,649,1,0,0.021682143978219142,4,557,96,653,0.5595084427767354,0.40559440559440557
2756,657,1,0,0.01710554359216994,4,558,96,654,0.5595084427767354,0.40559440559440557
2757,676,1,1,0.9926594859475585,4,558,96,654,0.5595084427767354,0.40559440559440557
2758,683,1,0,0.001940205358478684,4,559,96,655,0.5536914765906363,0.3986013986013986
2759,730,1,1,0.5103790518650849,4,559,96,655,0.5536914765906363,0.3986013986013986
2760,733,1,0,0.00038590430425041215,4,560,96,656,0.5478330124277963,0.3916083916083916
2761,765,1,0,5.4463593128816756e-05,4,561,96,657,0.541932193219322,0.38461538461538464
2762,784,1,0,6.730082034981506e-06,4,562,96,658,0.541932193219322,0.38461538461538464
2763,786,1,0,0.08950856316740088,4,563,96,659,0.541932193219322,0.38461538461538464
2764,790,1,1,0.9970808509299244,4,563,96,659,0.541932193219322,0.38461538461538464
2765,797,1,1,0.9396778244977128,4,563,96,659,0.541932193219322,0.38461538461538464
2766,823,1,0,0.01707500919110296,4,564,96,660,0.541932193219322,0.38461538461538464
2767,832,1,0,0.002621868768973332,4,565,96,661,0.5359881497037425,0.3776223776223776
2768,837,1,1,0.8609675751502197,4,565,96,661,0.541932193219322,0.38461538461538464
2769,855,1,1,0.7538897274800831,4,565,96,661,0.541932193219322,0.38461538461538464
2770,859,1,0,0.013277878638655403,4,566,96,662,0.541932193219322,0.38461538461538464
2771,880,1,0,0.03324117112054041,4,567,96,663,0.541932193219322,0.38461538461538464
2772,897,1,0,0.0008097699851199933,4,568,96,664,0.5359881497037425,0.3776223776223776
2773,900,1,0,3.3379302916725286e-06,4,569,96,665,0.53,0.3706293706293706
2774,915,1,0,0.0003092209373675684,4,570,96,666,0.5239668491712294,0.36363636363636365
2775,919,1,1,0.901389335444464,4,570,96,666,0.53,0.3706293706293706
2776,932,1,0,0.003698479108817583,4,571,96,667,0.5239668491712294,0.36363636363636365
2777,949,1,0,0.00010929293422779565,4,572,96,668,0.517887788778878,0.35664335664335667
2778,960,1,0,0.11586228312534268,4,573,96,669,0.517887788778878,0.35664335664335667
2779,979,1,0,0.025967760611182337,4,574,96,670,0.511761896426696,0.34965034965034963
2780,999,1,0,0.0025382220337994248,4,575,96,671,0.511761896426696,0.34965034965034963
2781,1006,1,0,0.04013397976941131,4,576,96,672,0.5055882352941177,0.34265734265734266
2782,1028,1,1,0.9999339064485626,4,576,96,672,0.5055882352941177,0.34265734265734266
2783,1029,1,0,0.1281482434063928,4,577,96,673,0.4993658536585366,0.3356643356643357
2784,1030,1,1,0.950985130317068,4,577,96,673,0.5055882352941177,0.34265734265734266
2785,1044,1,0,0.019448509480989695,4,578,96,674,0.4993658536585366,0.3356643356643357
2786,1052,1,1,0.9590224260937545,4,578,96,674,0.5055882352941177,0.34265734265734266
2787,1066,1,0,0.04962725546818032,4,579,96,675,0.4993658536585366,0.3356643356643357
2788,1067,1,0,1.628886945720581e-05,4,580,96,676,0.4993658536585366,0.3356643356643357
2789,1086,1,0,0.0033075378248833835,4,581,96,677,0.4930937844059653,0.32867132867132864
2790,1096,1,0,0.00016901444314049518,4,582,96,678,0.4867710445295487,0.32167832167832167
2791,1102,1,0,0.00011155671180963633,4,583,96,679,0.4867710445295487,0.32167832167832167
2792,1116,1,1,0.9337534259540997,4,583,96,679,0.4867710445295487,0.32167832167832167
2793,1122,1,0,0.026396707439069692,4,584,96,680,0.4803966346153846,0.3146853146853147
2794,1134,1,0,0.0065422427835327935,4,585,96,681,0.47396953831508803,0.3076923076923077
2795,1143,1,0,3.520686502207999e-05,4,586,96,682,0.47396953831508803,0.3076923076923077
2796,1149,1,0,0.000378944163558691,4,587,96,683,0.4674887218045113,0.3006993006993007
2797,1159,1,0,0.008292035540484017,4,588,96,684,0.4674887218045113,0.3006993006993007
2798,1217,1,0,0.011660157610319011,4,589,96,685,0.4674887218045113,0.3006993006993007
2799,1232,1,0,0.28318728678908894,5,590,96,686,0.4674887218045113,0.3006993006993007
2800,1260,1,0,0.00037597118677292596,5,591,96,687,0.46095313322801473,0.2937062937062937
2801,1280,1,0,4.3495181918081134e-05,5,592,96,688,0.46095313322801473,0.2937062937062937
2802,1282,1,0,0.0753117544584833,5,593,96,689,0.46095313322801473,0.2937062937062937
2803,1309,1,0,2.582856397086152e-05,5,594,96,690,0.46095313322801473,0.2937062937062937
2804,1364,1,0,0.028059210581777395,5,595,96,691,0.4543617021276596,0.2867132867132867
2805,1373,1,1,0.9163878622556682,5,595,96,691,0.46095313322801473,0.2937062937062937
2806,1389,1,0,7.697740240737761e-05,5,596,96,692,0.46095313322801473,0.2937062937062937
2807,1405,1,1,0.9965017272982091,5,596,96,692,0.46095313322801473,0.2937062937062937
2808,1412,1,0,4.726295649907982e-05,5,597,96,693,0.4543617021276596,0.2867132867132867
2809,1421,1,0,0.00030162636184193374,5,598,96,694,0.4543617021276596,0.2867132867132867
2810,1422,1,1,0.9920431470177622,5,598,96,694,0.4543617021276596,0.2867132867132867
2811,1428,1,0,6.43587813636053e-05,5,599,96,695,0.4477133388566694,0.27972027972027974
2812,1460,1,0,2.240738895246754e-05,5,600,96,696,0.4477133388566694,0.27972027972027974
2813,1466,1,0,0.009421525406305697,5,601,96,697,0.4477133388566694,0.27972027972027974
2814,1476,1,0,2.8950621149747253e-06,5,602,96,698,0.4477133388566694,0.27972027972027974
2815,1514,1,0,0.12043441285207974,5,603,96,699,0.44100693397648477,0.2727272727272727
2816,1530,1,0,0.000840312093749153,5,604,96,700,0.44100693397648477,0.2727272727272727
2817,1591,1,0,0.0008063481341382,5,605,96,701,0.44100693397648477,0.2727272727272727
2818,1594,1,0,0.03133613120618726,5,606,96,702,0.43424135763670646,0.26573426573426573
2819,1602,1,0,0.018195791332415147,5,607,96,703,0.43424135763670646,0.26573426573426573
2820,1615,1,1,0.9888176754084661,5,607,96,703,0.43424135763670646,0.26573426573426573
2821,1616,1,0,0.04691122127592734,5,608,96,704,0.427415458937198,0.25874125874125875
2822,1621,1,0,0.012955191006372825,5,609,96,705,0.427415458937198,0.25874125874125875
2823,1647,1,1,0.5873576050862415,5,609,96,705,0.43424135763670646,0.26573426573426573
2824,1652,1,1,0.7205989306241416,5,609,96,705,0.44100693397648477,0.2727272727272727
2825,1680,1,0,0.0002584482803276447,5,610,96,706,0.44100693397648477,0.2727272727272727
2826,1695,1,0,0.009042632812898218,5,611,96,707,0.43424135763670646,0.26573426573426573
2827,1702,1,0,0.13543490525804405,5,612,96,708,0.427415458937198,0.25874125874125875
2828,1707,1,0,0.0035382388277402964,5,613,96,709,0.427415458937198,0.25874125874125875
2829,1731,1,1,0.8170328832048384,5,613,96,709,0.427415458937198,0.25874125874125875
2830,1751,1,1,0.9826470934854901,5,613,96,709,0.43424135763670646,0.26573426573426573
2831,1775,1,0,0.0002043095496519169,5,614,96,710,0.427415458937198,0.25874125874125875
2832,1789,1,0,0.010915422528075466,5,615,96,711,0.427415458937198,0.25874125874125875
2833,1806,1,0,0.1571635547736357,5,616,96,712,0.4205280652715872,0.2517482517482518
2834,1833,1,1,0.9958529408710103,5,616,96,712,0.4205280652715872,0.2517482517482518
2835,1857,1,0,5.000890012470292e-05,5,617,96,713,0.4205280652715872,0.2517482517482518
2836,1859,1,1,0.8789127779719493,5,617,96,713,0.427415458937198,0.25874125874125875
2837,1862,1,1,0.8360081395962993,5,617,96,713,0.43424135763670646,0.26573426573426573
2838,1873,1,0,0.011660961323170247,5,618,96,714,0.427415458937198,0.25874125874125875
2839,1885,1,0,7.269932942188264e-05,5,619,96,715,0.4205280652715872,0.2517482517482518
2840,1897,1,0,0.03073095699375442,5,620,96,716,0.4205280652715872,0.2517482517482518
2841,1921,1,0,0.11900996284708117,5,621,96,717,0.41357798165137616,0.24475524475524477
2842,1922,1,1,0.9642977144918449,5,621,96,717,0.4205280652715872,0.2517482517482518
2843,1933,1,0,0.0017221820078770736,5,622,96,718,0.4205280652715872,0.2517482517482518
2844,1957,1,0,2.740586050251528e-06,5,623,96,719,0.41357798165137616,0.24475524475524477
2845,1986,1,1,0.9993655059822466,5,623,96,719,0.4205280652715872,0.2517482517482518
2846,1988,1,0,0.0011364543201125487,5,624,96,720,0.42005288207297725,0.25
2847,2006,1,1,0.9916446240245493,5,624,96,720,0.4230232558139535,0.25517241379310346
2848,2013,1,0,0.1626926447093461,5,625,96,721,0.41912169631192847,0.2534246575342466
2849,2048,1,0,0.01695961968741575,5,626,96,722,0.41526876051316813,0.25170068027210885
2850,2051,1,0,1.9700575853879803e-05,5,627,96,723,0.41146527498996394,0.25
2851,2083,1,0,0.0010853672455436085,5,628,96,724,0.40771207903909323,0.2483221476510067
2852,2085,1,0,0.000652991535796707,5,629,96,725,0.4040100250626566,0.24666666666666667
2853,2088,1,0,0.12854206174389063,5,630,96,726,0.40035997895738873,0.24503311258278146
2854,2109,1,0,7.851443799525007e-05,5,631,96,727,0.3967628205128205,0.24342105263157895
2855,2119,1,0,0.11551596964729821,5,632,96,728,0.39321944381867785,0.24183006535947713
2856,2127,1,0,0.03462400644415022,5,633,96,729,0.38973075768191373,0.24025974025974026
2857,2129,1,1,0.9806096827572911,5,633,96,729,0.393157262905162,0.24516129032258063
2858,2136,1,0,0.007611641691524265,5,634,96,730,0.38978070065764797,0.24358974358974358
2859,2138,1,1,0.986115223077805,5,634,96,730,0.39326058151453785,0.2484076433121019
2860,2149,1,1,0.992989660297448,5,634,96,730,0.3967394184854621,0.25316455696202533
2861,2154,1,0,0.00030156934307063544,5,635,96,731,0.39353835383538355,0.25157232704402516
2862,2174,1,1,0.9756188636282281,5,635,96,731,0.3970788315326131,0.25625
2863,2175,1,0,7.979642175431659e-06,5,636,96,732,0.3940000000000001,0.2546583850931677
2864,2182,1,0,0.0006733773226642702,5,637,96,733,0.39098388549694724,0.25308641975308643
2865,2213,1,0,0.35068601702686897,5,638,96,734,0.39117005304774305,0.25153374233128833
2866,2246,1,0,4.164932486006756e-05,5,639,96,735,0.3882506069935671,0.25
2867,2289,1,0,0.0003551370583735959,5,640,96,736,0.3853966346153846,0.24848484848484848
2868,2304,1,0,0.029318827062073356,5,641,96,737,0.38260928379969444,0.2469879518072289
2869,2314,1,0,0.0003511942011831229,5,642,96,738,0.379889724310777,0.24550898203592814
2870,2326,1,1,0.9922480531908103,5,642,96,738,0.38389401846647936,0.25
2871,2327,1,0,0.07694656250943106,5,643,96,739,0.3813143029298787,0.2485207100591716
2872,2358,1,0,0.000318391255098395,5,644,96,740,0.37880615013566477,0.24705882352941178
2873,2359,1,0,0.003052970895826537,5,645,96,741,0.3763708359522313,0.24561403508771928
2874,2365,1,0,0.022498964665094948,5,646,96,742,0.3740096618357488,0.2441860465116279
2875,2377,1,0,0.0009476501822655999,5,647,96,743,0.37172395557905874,0.24277456647398843
2876,2386,1,0,0.1619141767856145,5,648,96,744,0.36951507208387946,0.2413793103448276
2877,2411,1,0,0.06143152380696974,5,649,96,745,0.36738439415726937,0.24
2878,2424,1,0,0.039689201410993656,5,650,96,746,0.3653333333333333,0.23863636363636365
2879,2427,1,0,7.406370508795464e-05,5,651,96,747,0.36336333072120125,0.23728813559322035
2880,2450,1,1,0.9760085855486816,5,651,96,747,0.36808745661371645,0.24157303370786518
2881,2453,1,0,0.00020378814184995054,5,652,96,748,0.366286525974026,0.24022346368715083
2882,2455,1,1,0.9704379034121889,5,652,96,748,0.37113213304852005,0.24444444444444444
2883,2490,1,0,0.03876933831653718,5,653,96,749,0.3695075246365003,0.2430939226519337
2884,2496,1,1,0.9943046764224032,5,653,96,749,0.37448402666053776,0.24725274725274726
2885,2542,0,0,1.7663475130942613e-05,5,653,96,749,0.37448402666053776,0.24725274725274726
2886,2605,0,0,0.0010862618803330287,5,653,96,749,0.37448402666053776,0.24725274725274726
2887,2617,0,0,0.027050068607416603,5,653,96,749,0.37448402666053776,0.24725274725274726
2888,2634,0,0,8.501333804044085e-05,5,653,96,749,0.37448402666053776,0.24725274725274726
2889,2640,0,0,0.0005900176231509138,5,653,96,749,0.37448402666053776,0.24725274725274726
2890,2657,0,0,6.900395282903106e-06,5,653,96,749,0.37448402666053776,0.24725274725274726
2891,2728,0,0,3.4292108449886e-05,5,653,96,749,0.37448402666053776,0.24725274725274726
2892,2731,0,0,5.7654191090469986e-05,5,653,96,749,0.37448402666053776,0.24725274725274726
2893,2744,0,0,0.0001105156274464287,5,653,96,749,0.3770012239902081,0.24725274725274726
2894,2848,0,0,0.14452791720861155,5,653,96,749,0.3770012239902081,0.24725274725274726
2895,2853,0,0,0.0005464595284050414,5,653,96,749,0.3770012239902081,0.24725274725274726
2896,2855,0,0,0.00044536981889831405,5,653,96,749,0.3770012239902081,0.24725274725274726
2897,2946,0,0,4.081183162384277e-05,5,653,96,749,0.37952127524127216,0.24725274725274726
2898,2999,0,0,6.343861705691966e-05,5,653,96,749,0.37952127524127216,0.24725274725274726
2899,3167,0,0,0.0003665863343008215,5,653,96,749,0.37952127524127216,0.24725274725274726
2900,3263,0,0,0.00032720725884777794,5,653,96,749,0.37952127524127216,0.24725274725274726
2901,3278,0,0,4.5682157547574054e-05,5,653,96,749,0.37952127524127216,0.24725274725274726
2902,3330,0,0,4.012052825646304e-05,5,653,96,749,0.37952127524127216,0.24725274725274726
2903,3386,0,0,9.485660259507559e-05,5,653,96,749,0.3811453565252772,0.24861878453038674
2904,3428,0,0,3.7730799265412704e-05,5,653,96,749,0.38285714285714284,0.25
2905,3531,0,0,0.2942092681401083,5,653,96,749,0.37809911073953034,0.24581005586592178
2906,3592,0,0,0.0003331624047575374,5,653,96,749,0.3799838040287479,0.24719101123595505
2907,3760,0,0,0.0003770482535898821,5,653,96,749,0.3753434343434343,0.24293785310734464
2908,3778,0,0,0.1839521869414105,5,653,96,749,0.37739398067559726,0.24431818181818182
2909,3841,0,0,1.560359379009818e-05,5,653,96,749,0.3795241455791915,0.24571428571428572
2910,3856,0,0,5.3824235140677584e-05,5,653,96,749,0.3817325174384931,0.2471264367816092
2911,3860,0,0,0.00021038179996583394,5,653,96,749,0.3773588937774984,0.24277456647398843
2912,3936,0,0,3.0888996179971934e-05,5,653,96,749,0.3797206310923525,0.2441860465116279
2913,4019,0,0,1.7530884663666602e-05,5,653,96,749,0.3754415897230028,0.23976608187134502
2914,4088,0,0,8.826880685499164e-06,5,653,96,749,0.37795080117355,0.2411764705882353
2915,4134,0,0,0.08391511395634774,5,653,96,749,0.380531328320802,0.24260355029585798
2916,4194,0,0,0.00015600866193640056,5,653,96,749,0.38318194343545675,0.24404761904761904
2917,4224,0,0,5.527419363766778e-05,5,653,96,749,0.38590144230769224,0.24550898203592814
2918,4246,0,0,7.977879752293752e-06,5,653,96,749,0.381917725953358,0.24096385542168675
2919,4295,0,0,0.0001152911580177828,5,653,96,749,0.38477173233270795,0.24242424242424243
2920,4296,0,0,0.005385842822079344,5,653,96,749,0.38769107643057227,0.24390243902439024
2921,4358,0,0,0.0002560886337449274,5,653,96,749,0.3906746517966543,0.24539877300613497
2922,4391,0,0,0.0009817830650277989,5,653,96,749,0.39372137213721375,0.24691358024691357
2923,4488,0,0,2.7693441000002223e-05,5,653,96,749,0.39,0.2422360248447205
2924,4546,0,1,0.5398499324973723,5,653,97,750,0.39,0.24375
2925,4604,0,0,0.0005734746572040562,5,653,97,750,0.3932000800020001,0.24528301886792453
2926,4622,0,0,3.340271045846325e-05,5,653,97,750,0.3964596459645965,0.2468354430379747
2927,4627,0,0,0.0074702453796505605,5,653,97,750,0.39977769998249607,0.2484076433121019
2928,4687,0,0,0.3560036290236799,5,653,97,750,0.39629268292682923,0.24358974358974358
2929,4708,0,0,5.825129887692076e-05,5,653,97,750,0.39280243298040096,0.23870967741935484
2930,4730,0,0,0.0007497750189806357,5,653,97,750,0.39629006410256407,0.24025974025974026
2931,4744,0,0,0.0020142540257499482,5,653,97,750,0.3998324106315289,0.24183006535947713
2932,4762,0,0,0.0003153925121801493,5,653,97,750,0.4034285714285714,0.24342105263157895
2933,4791,0,0,0.14268243179407045,5,653,97,750,0.4000923323966279,0.23841059602649006
2934,4819,0,0,0.00024272686499924174,5,653,97,750,0.40379352765433957,0.24
2935,4835,0,0,0.0001141182773432965,5,653,97,750,0.4004965430546826,0.2348993288590604
2936,4836,0,0,3.110954149318389e-05,5,653,97,750,0.40429951690821253,0.23648648648648649
2937,4966,0,0,0.005019341725403195,5,653,97,750,0.40815214927853743,0.23809523809523808
2938,4991,0,0,0.00042911576820603165,5,653,97,750,0.4120536344389556,0.23972602739726026
2939,92,1,1,0.9998410050290272,5,653,97,750,0.41910251567575735,0.2465753424657534
2940,116,1,0,2.347071012763536e-06,5,654,97,751,0.41910251567575735,0.2465753424657534
2941,164,1,0,0.023334817452769035,5,655,97,752,0.41910251567575735,0.2465753424657534
2942,221,1,0,0.0028743874353004896,5,656,97,753,0.41910251567575735,0.2465753424657534
2943,350,1,0,0.19770665631860637,5,657,97,754,0.41910251567575735,0.2465753424657534
2944,483,1,0,6.048399665666672e-05,5,658,97,755,0.4120536344389556,0.23972602739726026
2945,493,1,0,7.417902139933883e-05,5,659,97,756,0.4120536344389556,0.23972602739726026
2946,571,1,0,0.001987357659045253,5,660,97,757,0.4120536344389556,0.23972602739726026
2947,601,1,0,2.919503276661268e-05,5,661,97,758,0.4120536344389556,0.23972602739726026
2948,699,1,0,0.0009588788167607869,5,662,97,759,0.40493907515325817,0.2328767123287671
2949,706,1,0,0.00927549419959299,5,663,97,760,0.40493907515325817,0.2328767123287671
2950,767,1,0,5.396427141244874e-05,5,664,97,761,0.40493907515325817,0.2328767123287671
2951,810,1,0,0.015147989485869548,5,665,97,762,0.40493907515325817,0.2328767123287671
2952,814,1,0,2.0844820093775104e-05,5,666,97,763,0.40493907515325817,0.2328767123287671
2953,818,1,0,5.727534625592649e-07,5,667,97,764,0.40493907515325817,0.2328767123287671
2954,829,1,0,0.00017552213064100344,5,668,97,765,0.40493907515325817,0.2328767123287671
2955,834,1,0,0.41274586917189854,5,669,97,766,0.40493907515325817,0.2328767123287671
2956,986,1,0,0.0004586207824523626,5,670,97,767,0.40493907515325817,0.2328767123287671
2957,1024,1,1,0.7081458417598386,5,670,97,767,0.40493907515325817,0.2328767123287671
2958,1027,1,0,0.0004275335905445194,5,671,97,768,0.40493907515325817,0.2328767123287671
2959,1060,1,0,0.025350922641505454,5,672,97,769,0.39775757575757575,0.22602739726027396
2960,1061,1,0,0.0017773475120412127,5,673,97,770,0.39775757575757575,0.22602739726027396
2961,1095,1,0,0.00018753336816136924,5,674,97,771,0.39775757575757575,0.22602739726027396
2962,1148,1,0,4.40963624031368e-07,5,675,97,772,0.39775757575757575,0.22602739726027396
2963,1157,1,0,0.0040768040539676115,5,676,97,773,0.39775757575757575,0.22602739726027396
2964,1194,1,0,0.001994373704364466,5,677,97,774,0.3905078490356177,0.2191780821917808
2965,1201,1,0,1.7850899067536798e-06,5,678,97,775,0.3831885818402672,0.21232876712328766
2966,1225,1,0,0.05096403604056091,5,679,97,776,0.3831885818402672,0.21232876712328766
2967,1241,1,0,1.3515019751741877e-07,5,680,97,777,0.3831885818402672,0.21232876712328766
2968,1242,1,0,2.3968692377562986e-05,5,681,97,778,0.3757984342935319,0.2054794520547945
2969,1360,1,0,1.0600790129130841e-05,5,682,97,779,0.36833603896103895,0.19863013698630136
2970,1418,1,0,1.0197998935203805e-07,5,683,97,780,0.36833603896103895,0.19863013698630136
2971,1436,1,0,0.00012189780848605607,5,684,97,781,0.36833603896103895,0.19863013698630136
2972,1448,1,1,0.9994924985716244,5,684,97,781,0.3757984342935319,0.2054794520547945
2973,1522,1,0,2.561240023559481e-07,5,685,97,782,0.3757984342935319,0.2054794520547945
2974,1555,1,0,0.02599811193899426,5,686,97,783,0.3757984342935319,0.2054794520547945
2975,1557,1,0,0.09869300325184878,5,687,97,784,0.36833603896103895,0.19863013698630136
2976,1582,1,0,0.019315330080107006,5,688,97,785,0.36833603896103895,0.19863013698630136
2977,1583,1,1,0.9891778775277377,5,688,97,785,0.3757984342935319,0.2054794520547945
2978,1627,1,0,0.00019534147723801934,5,689,97,786,0.3757984342935319,0.2054794520547945
2979,1717,1,0,0.0005875942015546708,5,690,97,787,0.3757984342935319,0.2054794520547945
2980,1776,1,0,0.05512112780537738,5,691,97,788,0.3757984342935319,0.2054794520547945
2981,1794,1,0,0.0006668255188802877,5,692,97,789,0.3757984342935319,0.2054794520547945
2982,1834,1,0,0.0030212530199238375,5,693,97,790,0.36833603896103895,0.19863013698630136
2983,1838,1,0,2.8396505006222204e-06,5,694,97,791,0.36833603896103895,0.19863013698630136
2984,1884,1,1,0.9999881489526636,5,694,97,791,0.36833603896103895,0.19863013698630136
2985,1945,1,0,1.950590869430919e-05,5,695,97,792,0.36833603896103895,0.19863013698630136
2986,2005,1,0,7.612687666699863e-07,5,696,97,793,0.3608,0.1917808219178082
2987,2206,1,0,0.0006815326461172064,5,697,97,794,0.3608,0.1917808219178082
2988,2236,1,0,8.139547536610515e-05,5,698,97,795,0.3608,0.1917808219178082
2989,2255,1,0,0.04192560807985663,5,699,97,796,0.3608,0.1917808219178082
2990,2258,1,0,0.06687646163860225,5,700,97,797,0.3608,0.1917808219178082
2991,2268,1,0,9.389890847871032e-07,5,701,97,798,0.3608,0.1917808219178082
2992,2336,1,0,0.27179301884420354,5,702,97,799,0.353188892279524,0.18493150684931506
2993,2396,1,0,0.0032263865545908168,5,703,97,800,0.353188892279524,0.18493150684931506
2994,2405,1,0,0.039488220721384006,5,704,97,801,0.353188892279524,0.18493150684931506
2995,2414,1,0,0.05847429038015353,5,705,97,802,0.353188892279524,0.18493150684931506
2996,2447,1,0,1.3942137554253313e-05,5,706,97,803,0.353188892279524,0.18493150684931506
2997,2465,1,1,0.982250607908755,5,706,97,803,0.3608,0.1917808219178082
2998,2473,1,0,0.0011227124943658693,5,707,97,804,0.3608,0.1917808219178082
2999,2487,1,0,0.029503441945018014,6,708,97,805,0.3608,0.1917808219178082
3000,2519,0,0,2.004686032648093e-05,6,708,97,805,0.3647492625368731,0.19310344827586207
3001,2532,0,0,0.006500217874329591,6,708,97,805,0.36874640319828883,0.19444444444444445
3002,2556,0,0,0.0012459419367227677,6,708,97,805,0.37279069767441864,0.1958041958041958
3003,2606,0,0,0.06150540017309175,6,708,97,805,0.3768814321101152,0.19718309859154928
3004,2610,0,0,0.00011105638112018752,6,708,97,805,0.3810179028132993,0.19858156028368795
3005,2626,0,0,0.05671296668832567,6,708,97,805,0.37758620689655176,0.19285714285714287
3006,2650,0,0,0.00012761083310899125,6,708,97,805,0.3818120839865333,0.19424460431654678
3007,2656,0,0,0.05636328254468477,6,708,97,805,0.37839071566731136,0.18840579710144928
3008,2658,0,0,3.3296859963659577e-06,6,708,97,805,0.3827035965274907,0.1897810218978102
3009,2769,0,0,0.0011531379852333771,6,708,97,805,0.38705909761590435,0.19117647058823528
3010,2831,0,0,4.085702996927104e-05,6,708,97,805,0.3836859065984043,0.18518518518518517
3011,2877,0,0,0.00014004040962055305,6,708,97,805,0.388125,0.1865671641791045
3012,2920,0,0,0.00017445084192419666,6,708,97,805,0.39260497403376915,0.18796992481203006
3013,2970,0,0,0.034750820852644894,6,708,97,805,0.39712522230358827,0.1893939393939394
3014,2978,0,0,0.04714109302114861,6,708,97,805,0.4016851458677361,0.19083969465648856
3015,3026,0,1,0.968845966685565,6,708,98,806,0.402891143089303,0.19230769230769232
3016,3076,0,0,1.3452388549984421e-05,6,708,98,806,0.4075094577553594,0.1937984496124031
3017,3099,0,0,1.6347456333201787e-05,6,708,98,806,0.41216589861751146,0.1953125
3018,3265,0,0,9.645739749141012e-05,6,708,98,806,0.4168598880794003,0.1968503937007874
3019,3270,0,0,0.00011005514145689611,6,708,98,806,0.42159085496546794,0.1984126984126984
3020,3277,0,0,0.00031047884157883694,6,708,98,806,0.41855501476103085,0.192
3021,3282,0,0,0.0016113645900341692,6,708,98,806,0.42335999999999996,0.1935483870967742
3022,3326,0,1,0.9651875190757566,6,708,99,807,0.42471999999999993,0.1951219512195122
3023,3397,0,0,0.0025747772931722437,6,708,99,807,0.42173745173745175,0.1885245901639344
3024,3563,0,0,6.912398738102317e-05,6,708,99,807,0.4187067198791932,0.18181818181818182
3025,3597,0,0,0.00039466088599839837,6,708,99,807,0.4236375929682218,0.18333333333333332
3026,3717,0,0,1.5247421063415397e-05,6,708,99,807,0.4286024305555556,0.18487394957983194
3027,3775,0,0,0.0031836721637217525,6,708,99,807,0.43360071834780006,0.1864406779661017
3028,3791,0,0,0.009362628903685449,6,708,99,807,0.4386319467190741,0.18803418803418803
3029,3806,0,0,0.00021223648565397367,6,708,99,807,0.4356923076923077,0.1810344827586207
3030,3863,0,0,0.00019117612341729224,6,708,99,807,0.43269720101781173,0.17391304347826086
3031,4006,0,0,0.02699502096419598,6,708,99,807,0.4378302017706974,0.17543859649122806
3032,4008,0,0,0.0005311100777044491,6,708,99,807,0.4429946524064171,0.17699115044247787
3033,4026,0,0,6.857879374969045e-05,6,708,99,807,0.4481900768693221,0.17857142857142858
3034,4029,0,0,0.25153644898105953,6,708,99,807,0.44523809523809527,0.17117117117117117
3035,4102,0,0,0.0009176785902416113,6,708,99,807,0.45049751243781094,0.17272727272727273
3036,4155,0,0,0.00014884444845621465,6,708,99,807,0.44751566951566957,0.1651376146788991
3037,4172,0,0,0.002981172743507716,6,708,99,807,0.4444669117647059,0.1574074074074074
3038,4334,0,0,0.011316292585643681,6,708,99,807,0.4498217530500995,0.1588785046728972
3039,4388,0,0,0.0014819711548066184,6,708,99,807,0.45520565403777086,0.16037735849056603
3040,4418,0,0,3.5059363914283315e-05,6,708,99,807,0.4606181818181818,0.1619047619047619
3041,4429,0,0,0.264946607328747,6,708,99,807,0.46605890603085554,0.16346153846153846
3042,4456,0,0,0.0008115526826738154,6,708,99,807,0.46306757872390614,0.1553398058252427
3043,4472,0,0,0.44959602078536653,6,708,99,807,0.46856778933025267,0.1568627450980392
3044,4498,0,0,6.75519125210978e-05,6,708,99,807,0.4740952380952381,0.15841584158415842
3045,4504,0,0,1.2846752762664008e-06,6,708,99,807,0.47109027527347036,0.15
3046,4596,0,0,7.58914242775667e-05,6,708,99,807,0.47667572709975536,0.15151515151515152
3047,4640,0,0,0.002759999931618973,6,708,99,807,0.4736201372997712,0.14285714285714285
3048,4684,0,0,5.8624395114739544e-05,6,708,99,807,0.47926266715740395,0.14432989690721648
3049,4728,0,0,0.4313162274990524,6,708,99,807,0.48493108445623023,0.14583333333333334
3050,4796,0,0,0.20356518007740879,6,708,99,807,0.490625,0.14736842105263157
3051,4831,0,0,3.986439944191699e-06,6,708,99,807,0.4963440256865863,0.14893617021276595
3052,4896,0,0,0.0004014294929282272,6,708,99,807,0.5020877742946709,0.15053763440860216
3053,4950,0,0,0.0001131620875945397,6,708,99,807,0.5078558592641634,0.15217391304347827
3054,4970,0,0,0.0021434351606833273,6,708,99,807,0.5136478944698123,0.15384615384615385
3055,2,1,0,2.345829729483047e-05,6,709,99,808,0.5136478944698123,0.15384615384615385
3056,17,1,0,0.0409099538016062,6,710,99,809,0.5136478944698123,0.15384615384615385
3057,19,1,0,8.5085309382135e-05,6,711,99,810,0.5048952186533124,0.14285714285714285
3058,32,1,1,0.9949132101809491,6,711,99,810,0.5136478944698123,0.15384615384615385
3059,64,1,1,0.9999778053277433,6,711,99,810,0.5136478944698123,0.15384615384615385
3060,71,1,0,1.79334922246364e-05,6,712,99,811,0.5048952186533124,0.14285714285714285
3061,94,1,0,0.0002492310742610208,6,713,99,812,0.5048952186533124,0.14285714285714285
3062,99,1,1,0.9999703194928893,6,713,99,812,0.5048952186533124,0.14285714285714285
3063,148,1,0,0.0011408121060603937,6,714,99,813,0.5048952186533124,0.14285714285714285
3064,159,1,1,0.9979954816170542,6,714,99,813,0.5136478944698123,0.15384615384615385
3065,184,1,0,0.36361830495474934,6,715,99,814,0.5136478944698123,0.15384615384615385
3066,195,1,0,3.509095437987736e-05,6,716,99,815,0.5136478944698123,0.15384615384615385
3067,228,1,0,0.03222278172472401,6,717,99,816,0.5136478944698123,0.15384615384615385
3068,247,1,0,0.02275851439690243,6,718,99,817,0.5136478944698123,0.15384615384615385
3069,300,1,0,0.00013704972162360108,6,719,99,818,0.5136478944698123,0.15384615384615385
3070,325,1,0,0.00038263831390421017,6,720,99,819,0.5048952186533124,0.14285714285714285
3071,376,1,0,0.0321712759660527,6,721,99,820,0.5048952186533124,0.14285714285714285
3072,389,1,0,1.696174547774306e-05,6,722,99,821,0.5048952186533124,0.14285714285714285
3073,391,1,0,0.23848713253606973,6,723,99,822,0.5048952186533124,0.14285714285714285
3074,411,1,0,0.030963146427109255,6,724,99,823,0.5048952186533124,0.14285714285714285
3075,444,1,0,0.024221627144126588,6,725,99,824,0.5048952186533124,0.14285714285714285
3076,478,1,0,0.0018414953947205155,6,726,99,825,0.5048952186533124,0.14285714285714285
3077,485,1,1,0.9954027432522052,6,726,99,825,0.5136478944698123,0.15384615384615385
3078,527,1,0,0.0060243389430657485,6,727,99,826,0.5136478944698123,0.15384615384615385
3079,546,1,1,0.8506459923971136,6,727,99,826,0.522274031337684,0.16483516483516483
3080,599,1,0,0.06468837900204656,6,728,99,827,0.5136478944698123,0.15384615384615385
3081,619,1,0,1.3600164086971092e-05,6,729,99,828,0.5136478944698123,0.15384615384615385
3082,632,1,0,0.20804506588532432,6,730,99,829,0.5048952186533124,0.14285714285714285
3083,651,1,0,0.08437840773409458,6,731,99,830,0.5048952186533124,0.14285714285714285
3084,661,1,0,0.00015244265561923482,6,732,99,831,0.49601206520343993,0.13186813186813187
3085,665,1,0,0.030110390184527568,6,733,99,832,0.4902082868170075,0.13043478260869565
3086,697,1,1,0.9996915234736367,6,733,99,832,0.4933229294744475,0.13978494623655913
3087,698,1,1,0.9993968005447428,6,733,99,832,0.4963440256865863,0.14893617021276595
3088,771,1,0,0.26134861596501585,6,734,99,833,0.490625,0.14736842105263157
3089,799,1,1,0.9223813088107692,6,734,99,833,0.49358851674641147,0.15625
3090,808,1,0,0.07228150896576399,6,735,99,834,0.4879252479023646,0.15463917525773196
3091,831,1,0,0.011872685300368672,6,736,99,835,0.48228751821272453,0.15306122448979592
3092,862,1,0,0.03797240876155736,6,737,99,836,0.47667572709975536,0.15151515151515152
3093,878,1,0,0.011387597494084644,6,738,99,837,0.47109027527347036,0.15
3094,887,1,0,0.12643871582452554,6,739,99,838,0.46553156493914294,0.1485148514851485
3095,930,1,0,0.00016683197361994288,6,740,99,839,0.46,0.14705882352941177
3096,931,1,1,0.5378917551353903,6,740,99,839,0.46306757872390614,0.1553398058252427
3097,964,1,1,0.8198185806114278,6,740,99,839,0.46605890603085554,0.16346153846153846
3098,969,1,1,0.9998530176699673,6,740,99,839,0.46897810218978103,0.17142857142857143
3099,974,1,0,0.006423680072978297,6,741,99,840,0.46356955380577425,0.16981132075471697
3100,981,1,1,0.9936684858203141,6,741,99,840,0.46645298778569183,0.17757009345794392
3101,990,1,1,0.6106128301585148,6,741,99,840,0.4692721132835779,0.18518518518518517
3102,1031,1,1,0.5092104463116535,6,741,99,840,0.4720303567908535,0.1926605504587156
3103,1048,1,1,0.9966434361377525,6,741,99,840,0.4747309573724668,0.2
3104,1091,1,1,0.9786418345334043,6,741,99,840,0.4773769809330854,0.2072072072072072
3105,1094,1,0,0.16145076772969216,6,742,99,841,0.47216284987277346,0.20535714285714285
3106,1124,1,1,0.8912799528020395,6,742,99,841,0.47479120879120884,0.21238938053097345
3107,1152,1,0,7.98958743097426e-05,6,743,99,842,0.469641008789945,0.21052631578947367
3108,1187,1,1,0.9940744305366388,6,743,99,842,0.4722551767298849,0.21739130434782608
3109,1188,1,0,0.4838737451315702,6,744,99,843,0.46717013888888886,0.21551724137931033
3110,1196,1,1,0.89677364653509,6,744,99,843,0.46977348721820733,0.2222222222222222
3111,1208,1,1,0.9958462130189414,6,744,99,843,0.47233376233376234,0.2288135593220339
3112,1244,1,0,0.023777324302920084,6,745,99,844,0.467350731302976,0.226890756302521
3113,1250,1,0,0.01965358939203748,6,746,99,845,0.4623999999999999,0.225
3114,1272,1,1,0.8277849891200553,6,746,99,845,0.46499151103565367,0.23140495867768596
3115,1295,1,1,0.9966361284664287,6,746,99,845,0.4675451377890403,0.23770491803278687
3116,1307,1,0,0.0001556766165833565,6,747,99,846,0.4627004608294931,0.23577235772357724
3117,1311,1,0,0.037789289067753536,6,748,99,847,0.4578898696931483,0.23387096774193547
3118,1314,1,1,0.5864576240994297,6,748,99,847,0.46048226801966735,0.24
3119,1329,1,0,0.00011979488973808327,6,749,99,848,0.4557441478117905,0.23809523809523808
3120,1333,1,0,0.12793588639689882,6,750,99,849,0.45104166666666673,0.23622047244094488
3121,1374,1,0,0.4531838459532343,6,751,99,850,0.44637542555679716,0.234375
3122,1375,1,0,0.4702250215162151,6,752,99,851,0.4417460317460318,0.23255813953488372
3123,1452,1,1,0.9582698682696692,6,752,99,851,0.4444605208763952,0.23846153846153847
3124,1464,1,0,0.0019463972463838958,6,753,99,852,0.44351178172798683,0.2366412213740458
3125,1484,1,1,0.9998245154515586,6,753,99,852,0.446252703120173,0.24242424242424243
3126,1537,1,0,0.0017832973606559718,6,754,99,853,0.4417601706458328,0.24060150375939848
3127,1541,1,0,0.00026308129909156534,6,755,99,854,0.4373070607553366,0.23880597014925373
3128,1549,1,0,0.013128137719618434,6,756,99,855,0.4328940290478752,0.23703703703703705
3129,1576,1,0,0.0022828157969645036,6,757,99,856,0.4285217391304348,0.23529411764705882
3130,1607,1,0,0.40107854603224435,6,758,99,857,0.42419086289231084,0.23357664233576642
3131,1612,1,0,0.04080247215316411,6,759,99,858,0.4199020807833537,0.2318840579710145
3132,1635,1,1,0.9789312583286259,6,759,99,858,0.4228684772657918,0.23741007194244604
3133,1666,1,1,0.9882380036109402,6,759,99,858,0.4258116883116883,0.24285714285714285
3134,1704,1,0,0.3285922478504044,6,760,99,859,0.421654632515011,0.24113475177304963
3135,1733,1,0,0.025395361590832055,6,761,99,860,0.41754226136248607,0.23943661971830985
3136,1746,1,1,0.999974123846184,6,761,99,860,0.42055555555555557,0.24475524475524477
3137,1803,1,0,0.0008841042774044873,6,762,99,861,0.4165352304548551,0.24305555555555555
3138,1837,1,1,0.9896510132810002,6,762,99,861,0.41957769887436736,0.2482758620689655
3139,1866,1,0,0.26701476943422525,6,763,99,862,0.4125617501764291,0.2413793103448276
3140,1875,1,0,0.008959079979371867,6,764,99,863,0.4125617501764291,0.2413793103448276
3141,1876,1,0,0.003806403326512511,6,765,99,864,0.4125617501764291,0.2413793103448276
3142,1930,1,1,0.9942903197689382,6,765,99,864,0.41957769887436736,0.2482758620689655
3143,1946,1,0,0.00018008592439948813,6,766,99,865,0.41957769887436736,0.2482758620689655
3144,1952,1,0,0.18675882910694164,6,767,99,866,0.41957769887436736,0.2482758620689655
3145,1965,1,0,0.013124325016582337,6,768,99,867,0.41957769887436736,0.2482758620689655
3146,1967,1,1,0.6940810105077376,6,768,99,867,0.42652979066022545,0.25517241379310346
3147,1980,1,0,0.016100149481029835,6,769,99,868,0.42652979066022545,0.25517241379310346
3148,1992,1,0,0.19980819952182474,6,770,99,869,0.42652979066022545,0.25517241379310346
3149,2055,1,0,0.09371351838835507,6,771,99,870,0.42652979066022545,0.25517241379310346
3150,2120,1,0,0.381117311448154,6,772,99,871,0.42652979066022545,0.25517241379310346
3151,2165,1,1,0.8091622938595583,6,772,99,871,0.43341923318667513,0.2620689655172414
3152,2169,1,0,0.003858953636135999,6,773,99,872,0.43341923318667513,0.2620689655172414
3153,2181,1,0,0.0011759257947679621,6,774,99,873,0.43341923318667513,0.2620689655172414
3154,2227,1,0,5.961090391489789e-05,6,775,99,874,0.43341923318667513,0.2620689655172414
3155,2276,1,0,5.170238857844326e-05,6,776,99,875,0.43341923318667513,0.2620689655172414
3156,2279,1,1,0.9970495265488881,6,776,99,875,0.44024721133554423,0.2689655172413793
3157,2312,1,1,0.9999759659715226,6,776,99,875,0.44024721133554423,0.2689655172413793
3158,2315,1,0,0.0001577507665892615,6,777,99,876,0.44024721133554423,0.2689655172413793
3159,2356,1,0,8.475972283629214e-05,6,778,99,877,0.44024721133554423,0.2689655172413793
3160,2374,1,0,0.0017929633722531873,6,779,99,878,0.44024721133554423,0.2689655172413793
3161,2410,1,0,0.0248760146869902,6,780,99,879,0.44024721133554423,0.2689655172413793
3162,2512,0,0,0.0021043472387330545,6,780,99,879,0.4442187303582653,0.2708333333333333
3163,2518,0,0,0.005907231242841489,6,780,99,879,0.44823671497584544,0.2727272727272727
3164,2628,0,0,0.0003668141508701724,6,780,99,879,0.4523003701745108,0.2746478873239437
3165,2763,0,0,3.686490226270627e-05,6,780,99,879,0.45640891218872864,0.2765957446808511
3166,2804,0,0,0.005815563619623991,6,780,99,879,0.460561568152577,0.2785714285714286
3167,2812,0,0,0.0008975920627346122,6,780,99,879,0.46475757575757576,0.2805755395683453
3168,2845,0,0,2.800244488002991e-05,6,780,99,879,0.4689961829166561,0.2826086956521739
3169,2887,0,0,1.0015078287016633e-05,6,780,99,879,0.4732766474339509,0.2846715328467153
3170,3351,0,0,3.30603847148406e-05,6,780,99,879,0.47759823668009427,0.2867647058823529
3171,3396,0,0,4.968624457095263e-05,6,780,99,879,0.48196022727272725,0.28888888888888886
3172,3404,0,0,7.640333543427256e-06,6,780,99,879,0.4795463330281762,0.2835820895522388
3173,3507,0,0,1.3388699129058297e-05,6,780,99,879,0.4839889485880166,0.2857142857142857
3174,3594,0,0,0.00027400497670210613,6,780,99,879,0.4884700122399021,0.2878787878787879
3175,3695,0,0,0.002455995078697182,6,780,99,879,0.49298884036875307,0.2900763358778626
3176,3917,0,0,5.04275297479229e-05,6,780,99,879,0.4975447570332481,0.2923076923076923
3177,3960,0,0,7.280019829415008e-05,6,780,99,879,0.4952709359605912,0.2868217054263566
3178,4002,0,0,0.0001770761247095588,6,780,99,879,0.499901827246794,0.2890625
3179,4015,0,0,0.1482888857203307,6,780,99,879,0.504568015652353,0.29133858267716534
3180,4437,0,0,7.182470377966361e-05,6,780,99,879,0.5092688588007737,0.29365079365079366
3181,4598,0,0,5.195136854028148e-05,6,780,99,879,0.5140037205456801,0.296
3182,4713,0,0,0.00012943694788636564,6,780,99,879,0.5187719706971086,0.29838709677419356
3183,4773,0,0,5.175462953588688e-05,6,780,99,879,0.5235729847494554,0.3008130081300813
3184,4851,0,0,0.19942282061667163,6,780,99,879,0.5215,0.29508196721311475
3185,4948,0,0,8.329478578489479e-05,6,780,99,879,0.5263689031550928,0.2975206611570248
3186,4978,0,0,9.760708299604617e-05,6,780,99,879,0.5312689611884088,0.3
3187,6,1,0,0.00036652568972386497,6,781,99,880,0.5312689611884088,0.3
3188,36,1,0,3.2249943699209234e-05,6,782,99,881,0.5312689611884088,0.3
3189,45,1,0,0.006382448325271905,6,783,99,882,0.5312689611884088,0.3
3190,52,1,1,0.8404072954824476,6,783,99,882,0.538166444844594,0.30833333333333335
3191,102,1,0,0.0003130608215725917,6,784,99,883,0.538166444844594,0.30833333333333335
3192,163,1,0,0.01089639773076555,6,785,99,884,0.538166444844594,0.30833333333333335
3193,175,1,0,0.03441921424612538,6,786,99,885,0.538166444844594,0.30833333333333335
3194,197,1,0,0.00030928567809058137,6,787,99,886,0.538166444844594,0.30833333333333335
3195,200,1,0,3.4952249074397e-05,6,788,99,887,0.538166444844594,0.30833333333333335
3196,254,1,0,0.0012428093563303948,6,789,99,888,0.538166444844594,0.30833333333333335
3197,257,1,0,0.03595815563094675,6,790,99,889,0.5312689611884088,0.3
3198,274,1,0,0.004433432784424161,6,791,99,890,0.5312689611884088,0.3
3199,276,1,0,0.000625331244112607,6,792,99,891,0.5312689611884088,0.3
3200,326,1,0,0.0003063655886083262,6,793,99,892,0.5263689031550928,0.2975206611570248
3201,337,1,0,0.0005579397881913833,6,794,99,893,0.5215,0.29508196721311475
3202,348,1,0,0.004279380127615359,6,795,99,894,0.516662855063801,0.2926829268292683
3203,363,1,1,0.9715574505846905,6,795,99,894,0.5187719706971086,0.29838709677419356
3204,466,1,1,0.8963555628560882,6,795,99,894,0.5208575112830433,0.304
3205,556,1,0,0.0008279877566052602,6,796,99,895,0.5161260426320667,0.30158730158730157
3206,569,1,1,0.9971422419024887,6,796,99,895,0.5182266009852217,0.30708661417322836
3207,581,1,0,0.00034436217849827445,6,797,99,896,0.5135664335664336,0.3046875
3208,605,1,0,0.00043191502856432696,6,798,99,897,0.5089411764705882,0.3023255813953488
3209,641,1,1,0.9964209187518076,6,798,99,897,0.5110975112199102,0.3076923076923077
3210,686,1,0,0.00011772823760984422,6,799,99,898,0.5065465610756028,0.3053435114503817
3211,718,1,0,0.2334012043768259,6,800,99,899,0.5020323466585291,0.30303030303030304
3212,735,1,0,0.004740407473103488,6,801,99,900,0.49755555555555553,0.3007518796992481
3213,758,1,0,0.4116122214967493,6,802,99,901,0.4931168831168831,0.29850746268656714
3214,785,1,1,0.9957755054723033,6,802,99,901,0.4954145156392347,0.3037037037037037
3215,792,1,1,0.9902225348481748,6,802,99,901,0.5015495841654238,0.3088235294117647
3216,793,1,0,0.0006192705660644681,6,803,99,902,0.4972121212121212,0.30656934306569344
3217,833,1,0,6.806822634876302e-05,6,804,99,903,0.4929150584020788,0.30434782608695654
3218,869,1,0,0.10051876419235783,6,805,99,904,0.4886591390261115,0.302158273381295
3219,890,1,1,0.9334609716320473,6,805,99,904,0.4910628019323671,0.30714285714285716
3220,892,1,0,0.1984026673313095,6,806,99,905,0.48689252042740416,0.3049645390070922
3221,894,1,0,0.019776700745327617,6,807,99,906,0.4827655512008843,0.3028169014084507
3222,922,1,0,2.4269130591432647e-05,6,808,99,907,0.48241382775600433,0.3006993006993007
3223,939,1,0,0.00019151871669351682,6,809,99,908,0.4783530416007632,0.2986111111111111
3224,942,1,0,0.04616506533029606,6,810,99,909,0.4743376154154958,0.296551724137931
3225,955,1,0,0.00041782866838310133,6,811,99,910,0.47036836430201356,0.2945205479452055
3226,973,1,1,0.9998894736491142,6,811,99,910,0.47304065733109546,0.29931972789115646
3227,997,1,0,1.7979836028470016e-06,6,812,99,911,0.4691666666666666,0.2972972972972973
3228,1034,1,0,0.016399161486437372,6,813,99,912,0.46534129308402794,0.2953020134228188
3229,1039,1,0,0.13326644372780666,6,814,99,913,0.4615654088679812,0.29333333333333333
3230,1045,1,1,0.9917184728192324,6,814,99,913,0.4643797519007603,0.2980132450331126
3231,1105,1,1,0.9977919499911716,6,814,99,913,0.46719071907190723,0.3026315789473684
3232,1189,1,0,0.42514654123192164,6,815,99,914,0.46356883922098047,0.3006535947712418
3233,1192,1,0,0.0033207067376120236,6,816,99,915,0.46,0.2987012987012987
3234,1204,1,0,0.007678428069286541,6,817,99,916,0.45648516212905327,0.2967741935483871
3235,1247,1,0,1.7461619575094198e-07,6,818,99,917,0.453025302530253,0.2948717948717949
3236,1248,1,0,2.943437041833508e-05,6,819,99,918,0.4496214148183341,0.2929936305732484
3237,1276,1,0,0.0017923177937734383,6,820,99,919,0.4462745098039215,0.2911392405063291
3238,1283,1,0,0.0004933481348350844,6,821,99,920,0.4429856160100063,0.2893081761006289
3239,1358,1,0,0.14511633250754238,6,822,99,921,0.4397557802021819,0.2875
3240,1370,1,0,0.35457047327578545,6,823,99,922,0.43658606793321825,0.2857142857142857
3241,1432,1,0,0.05409393534719385,6,824,99,923,0.4334775641025641,0.2839506172839506
3242,1443,1,0,0.3557918386674903,6,825,99,924,0.4304313735314011,0.2822085889570552
3243,1493,1,0,0.023657051592943675,6,826,99,925,0.42744862155388474,0.2804878048780488
3244,1534,1,0,5.797643479444474e-05,6,827,99,926,0.42453045462524136,0.2787878787878788
3245,1554,1,1,0.9929201636644811,6,827,99,926,0.42810926163038837,0.28313253012048195
3246,1570,1,1,0.938175173936482,6,827,99,926,0.4317020741671904,0.2874251497005988
3247,1609,1,1,0.7103762904790801,6,827,99,926,0.4353111228626829,0.2916666666666667
3248,1641,1,0,0.11316852663815888,6,828,99,927,0.43266458312329875,0.28994082840236685
3249,1711,1,1,0.5340695259153303,6,828,99,927,0.43636363636363634,0.29411764705882354
3250,1750,1,0,3.096301628440431e-05,6,829,99,928,0.43386106827776233,0.29239766081871343
3251,1757,1,0,0.06180335289094043,6,830,99,929,0.4314323312076121,0.29069767441860467
3252,1788,1,0,8.059895152281771e-05,6,831,99,930,0.4290788173595804,0.28901734104046245
3253,1816,1,1,0.9937071186255472,6,831,99,930,0.43302857142857143,0.29310344827586204
3254,1825,1,1,0.9884179119059574,6,831,99,930,0.4370082248987803,0.29714285714285715
3255,1856,1,0,0.04855242152444547,6,832,99,931,0.4370082248987803,0.29714285714285715
3256,1860,1,1,0.9999610449725252,6,832,99,931,0.44313545491636064,0.3028571428571429
3257,1867,1,0,0.00985698524009728,6,833,99,932,0.44313545491636064,0.3028571428571429
3258,1962,1,0,0.30677118373417744,6,834,99,933,0.4370082248987803,0.29714285714285715
3259,1972,1,0,0.013652390821440645,6,835,99,934,0.43083104465466376,0.2914285714285714
3260,1981,1,0,0.014426419635482196,6,836,99,935,0.43083104465466376,0.2914285714285714
3261,1985,1,0,0.010092320077817182,6,837,99,936,0.43083104465466376,0.2914285714285714
3262,2017,1,0,0.013866165724867579,6,838,99,937,0.42460317460317454,0.2857142857142857
3263,2062,1,1,0.9715574504682868,6,838,99,937,0.43083104465466376,0.2914285714285714
3264,2089,1,0,0.013696842933852255,6,839,99,938,0.42460317460317454,0.2857142857142857
3265,2093,1,0,0.0008279878198962796,6,840,99,939,0.42460317460317454,0.2857142857142857
3266,2137,1,0,0.010380504460555046,6,841,99,940,0.42460317460317454,0.2857142857142857
3267,2152,1,0,0.018182138325891807,6,842,99,941,0.42460317460317454,0.2857142857142857
3268,2249,1,0,8.714968472586586e-06,6,843,99,942,0.42460317460317454,0.2857142857142857
3269,2261,1,0,0.0009757528024210962,6,844,99,943,0.42460317460317454,0.2857142857142857
3270,2295,1,0,0.0002324025815956003,6,845,99,944,0.42460317460317454,0.2857142857142857
3271,2297,1,1,0.958697032036027,6,845,99,944,0.43083104465466376,0.2914285714285714
3272,2339,1,1,0.9793965000865249,6,845,99,944,0.4370082248987803,0.29714285714285715
3273,2348,1,0,7.892941057538934e-06,6,846,99,945,0.4370082248987803,0.29714285714285715
3274,2351,1,0,0.001405889818273871,6,847,99,946,0.4370082248987803,0.29714285714285715
3275,2366,1,0,0.0034432588198195836,6,848,99,947,0.4370082248987803,0.29714285714285715
3276,2376,1,0,0.014680842776067645,6,849,99,948,0.4370082248987803,0.29714285714285715
3277,2388,1,1,0.848253763124027,6,849,99,948,0.4370082248987803,0.29714285714285715
3278,2412,1,0,0.0030527154673048998,6,850,99,949,0.4370082248987803,0.29714285714285715
3279,2416,1,0,0.0021236378158369456,6,851,99,950,0.43083104465466376,0.2914285714285714
3280,2432,1,0,0.2940337994096589,6,852,99,951,0.43083104465466376,0.2914285714285714
3281,2443,1,0,0.006433925502032791,6,853,99,952,0.43083104465466376,0.2914285714285714
3282,2461,1,0,0.011463150521970528,6,854,99,953,0.43083104465466376,0.2914285714285714
3283,2483,1,0,0.019887402621325195,6,855,99,954,0.43083104465466376,0.2914285714285714
3284,30,1,0,0.27176000564220915,6,856,99,955,0.43083104465466376,0.2914285714285714
3285,35,1,1,0.9993435982946367,6,856,99,955,0.4370082248987803,0.29714285714285715
3286,50,1,0,0.20036173528886125,6,857,99,956,0.43083104465466376,0.2914285714285714
3287,75,1,0,0.02664471546043613,6,858,99,957,0.42460317460317454,0.2857142857142857
3288,129,1,1,0.9998756682771537,6,858,99,957,0.43083104465466376,0.2914285714285714
3289,141,1,1,0.9906240654139987,6,858,99,957,0.43083104465466376,0.2914285714285714
3290,198,1,1,0.6828909339195722,6,858,99,957,0.4370082248987803,0.29714285714285715
3291,202,1,0,0.05554526582364033,6,859,99,958,0.4370082248987803,0.29714285714285715
3292,271,1,0,6.600232959379768e-05,6,860,99,959,0.4370082248987803,0.29714285714285715
3293,331,1,0,0.46553992107429476,6,861,99,960,0.4370082248987803,0.29714285714285715
3294,342,1,1,0.995566910190644,6,861,99,960,0.44313545491636064,0.3028571428571429
3295,360,1,1,0.9469196836687359,6,861,99,960,0.4492134630608544,0.30857142857142855
3296,372,1,0,2.1567274050061133e-06,6,862,99,961,0.44313545491636064,0.3028571428571429
3297,412,1,0,0.03678689857319064,6,863,99,962,0.4370082248987803,0.29714285714285715
3298,429,1,0,7.893840126426641e-05,6,864,99,963,0.43083104465466376,0.2914285714285714
3299,494,1,1,0.7559813607381247,6,864,99,963,0.4370082248987803,0.29714285714285715
3300,499,1,0,4.675607132629399e-05,6,865,99,964,0.43083104465466376,0.2914285714285714
3301,503,1,1,0.9921459413096263,6,865,99,964,0.43083104465466376,0.2914285714285714
3302,594,1,0,6.853188368171629e-05,6,866,99,965,0.42460317460317454,0.2857142857142857
3303,620,1,0,0.000538225345973488,6,867,99,966,0.41832386363636365,0.28
3304,660,1,0,0.008957234201387172,6,868,99,967,0.4119923488130526,0.2742857142857143
3305,662,1,0,0.008692499863967538,6,869,99,968,0.4119923488130526,0.2742857142857143
3306,673,1,1,0.9995289661461366,6,869,99,968,0.4119923488130526,0.2742857142857143
3307,682,1,0,0.0004323590822791845,6,870,99,969,0.4119923488130526,0.2742857142857143
3308,702,1,1,0.9732585127034238,6,870,99,969,0.4119923488130526,0.2742857142857143
3309,708,1,0,0.022417568622416107,6,871,99,970,0.4119923488130526,0.2742857142857143
3310,722,1,0,3.5124075724266556e-05,6,872,99,971,0.40560785504605734,0.26857142857142857
3311,741,1,1,0.9922734854453342,6,872,99,971,0.40560785504605734,0.26857142857142857
3312,749,1,0,0.00030636556996619865,6,873,99,972,0.40560785504605734,0.26857142857142857
3313,789,1,0,3.779641172381061e-05,6,874,99,973,0.40560785504605734,0.26857142857142857
3314,840,1,1,0.9832958091362344,6,874,99,973,0.40560785504605734,0.26857142857142857
3315,874,1,0,0.00013107059654520625,6,875,99,974,0.39916959478247677,0.26285714285714284
3316,896,1,1,0.9959726664953611,6,875,99,974,0.40560785504605734,0.26857142857142857
3317,946,1,1,0.999959339962735,6,875,99,974,0.4119923488130526,0.2742857142857143
3318,947,1,1,0.8778607786643393,6,875,99,974,0.4119923488130526,0.2742857142857143
3319,952,1,1,0.884126049213563,6,875,99,974,0.41832386363636365,0.28
3320,972,1,1,0.9595561206446729,6,875,99,974,0.42460317460317454,0.2857142857142857
3321,991,1,1,0.6574087817617621,6,875,99,974,0.43083104465466376,0.2914285714285714
3322,1013,1,0,1.892776110359431e-05,6,876,99,975,0.43083104465466376,0.2914285714285714
3323,1069,1,0,0.00017658944473035448,6,877,99,976,0.42460317460317454,0.2857142857142857
3324,1076,1,1,0.9383834572824783,6,877,99,976,0.43083104465466376,0.2914285714285714
3325,1100,1,0,0.000650335592791827,6,878,99,977,0.42460317460317454,0.2857142857142857
3326,1118,1,1,0.9911586160389484,6,878,99,977,0.43083104465466376,0.2914285714285714
3327,1121,1,1,0.7970799219491563,6,878,99,977,0.4370082248987803,0.29714285714285715
3328,1133,1,1,0.9854378310408353,6,878,99,977,0.44313545491636064,0.3028571428571429
3329,1146,1,1,0.5637307098613781,6,878,99,977,0.4492134630608544,0.30857142857142855
3330,1147,1,0,3.0073731025010953e-05,6,879,99,978,0.4492134630608544,0.30857142857142855
3331,1210,1,1,0.9890133525331294,6,879,99,978,0.4552429667519182,0.3142857142857143
3332,1211,1,1,0.6190388199927529,6,879,99,978,0.4552429667519182,0.3142857142857143
3333,1220,1,0,0.0002112970204428775,6,880,99,979,0.4492134630608544,0.30857142857142855
3334,1304,1,0,1.3471507649792923e-05,6,881,99,980,0.4492134630608544,0.30857142857142855
3335,1325,1,1,0.948768261372703,6,881,99,980,0.4552429667519182,0.3142857142857143
3336,1346,1,0,0.0002483577254351925,6,882,99,981,0.4492134630608544,0.30857142857142855
3337,1385,1,1,0.9969090333424231,6,882,99,981,0.4552429667519182,0.3142857142857143
3338,1401,1,0,0.00021648529709508617,6,883,99,982,0.4492134630608544,0.30857142857142855
3339,1411,1,0,0.014049641858943562,6,884,99,983,0.4492134630608544,0.30857142857142855
3340,1453,1,0,0.0016584468696419694,6,885,99,984,0.4492134630608544,0.30857142857142855
3341,1480,1,1,0.7119267949884481,6,885,99,984,0.4552429667519182,0.3142857142857143
3342,1491,1,0,2.5613977021304436e-06,6,886,99,985,0.4492134630608544,0.30857142857142855
3343,1565,1,0,0.014137187087485058,6,887,99,986,0.4492134630608544,0.30857142857142855
3344,1568,1,0,0.023729696876611882,6,888,99,987,0.4492134630608544,0.30857142857142855
3345,1571,1,1,0.9999321751449929,6,888,99,987,0.4552429667519182,0.3142857142857143
3346,1578,1,0,0.0011748040610186211,6,889,99,988,0.4492134630608544,0.30857142857142855
3347,1614,1,1,0.9966365114832904,6,889,99,988,0.4552429667519182,0.3142857142857143
3348,1669,1,1,0.590664612281611,6,889,99,988,0.4612246727631343,0.32
3349,1679,1,0,0.3241145802955645,6,890,99,989,0.4612246727631343,0.32
3350,1793,1,0,0.050379394677505254,6,891,99,990,0.4612246727631343,0.32
3351,1847,1,0,0.0007874255031297434,6,892,99,991,0.4552429667519182,0.3142857142857143
3352,1863,1,0,4.87642818718986e-05,6,893,99,992,0.4552429667519182,0.3142857142857143
3353,1883,1,0,0.0006213288566013432,6,894,99,993,0.4552429667519182,0.3142857142857143
3354,1887,1,1,0.9812092590612825,6,894,99,993,0.4612246727631343,0.32
3355,1943,1,1,0.9988917852287381,6,894,99,993,0.4671592775041051,0.32571428571428573
3356,1953,1,0,0.1364540669309201,6,895,99,994,0.4612246727631343,0.32
3357,1954,1,0,3.9689503681453715e-05,6,896,99,995,0.4552429667519182,0.3142857142857143
3358,1960,1,1,0.7375066090608208,6,896,99,995,0.4612246727631343,0.32
3359,1968,1,1,0.9759408060735517,6,896,99,995,0.4671592775041051,0.32571428571428573
3360,1983,1,0,0.0006016579406096464,6,897,99,996,0.4671592775041051,0.32571428571428573
3361,2008,1,1,0.6929694680502787,6,897,99,996,0.47304746729716535,0.3314285714285714
3362,2010,1,0,0.0013104979209674252,6,898,99,997,0.47093811142003916,0.32954545454545453
3363,2037,1,1,0.7124487201863167,6,898,99,997,0.47475609756097564,0.3333333333333333
3364,2038,1,1,0.9559739547698964,6,898,99,997,0.4786160390081958,0.33707865168539325
3365,2054,1,0,3.840028791265876e-05,6,899,99,998,0.4767636892850646,0.33519553072625696
3366,2092,1,0,0.25584965555500283,6,900,99,999,0.475,0.3333333333333333
3367,2140,1,1,0.9800342615440399,6,900,99,999,0.4790877706873104,0.3370165745856354
3368,2143,1,0,0.00028371257505232784,6,901,99,1000,0.47750937065869836,0.33516483516483514
3369,2168,1,0,0.0012602749892326977,6,902,99,1001,0.47602564102564104,0.3333333333333333
3370,2178,1,1,0.9999044717382344,6,902,99,1001,0.48036321402175053,0.33695652173913043
3371,2190,1,0,2.262046763179675e-06,6,903,99,1002,0.47907835198856863,0.33513513513513515
3372,2191,1,0,0.4961979031305096,6,904,99,1003,0.47789473684210526,0.3333333333333333
3373,2210,1,1,0.7470331878325429,6,904,99,1003,0.4825066666666667,0.33689839572192515
3374,2218,1,0,0.0007514803160320668,6,905,99,1004,0.4815369394903607,0.3351063829787234
3375,2269,1,1,0.973308162190487,6,905,99,1004,0.48633405931542567,0.3386243386243386
3376,2338,1,0,0.00420013411241168,6,906,99,1005,0.48558947254880813,0.3368421052631579
3377,2353,1,1,0.7442445812763604,6,906,99,1005,0.4905859375,0.3403141361256545
3378,2379,1,1,0.5782621363382557,6,906,99,1005,0.49566983295119554,0.34375
3379,2389,1,1,0.9994862475446334,6,906,99,1005,0.5008461538461538,0.3471502590673575
3380,2399,1,0,0.003319309826322073,6,907,99,1006,0.5005975908928031,0.34536082474226804
3381,2408,1,0,0.03996577475593787,6,908,99,1007,0.5004757163403031,0.3435897435897436
3382,2441,1,0,6.702624392319554e-06,6,909,99,1008,0.500483472565291,0.34183673469387754
3383,2459,1,0,0.06962374937252493,6,910,99,1009,0.5006238859180034,0.3401015228426396
3384,2469,1,1,0.9710415408033479,6,910,99,1009,0.5064639209965212,0.3434343434343434
3385,2485,1,0,9.556884375058323e-05,6,911,99,1010,0.5068916673706739,0.3417085427135678
3386,2491,1,1,0.9840630521441992,6,911,99,1010,0.5130111524163569,0.345
3387,3,1,0,2.154504976323021e-05,6,912,99,1011,0.5130111524163569,0.345
3388,108,1,0,0.06041172551264013,6,913,99,1012,0.5130111524163569,0.345
3389,147,1,0,5.0858846932822356e-05,6,914,99,1013,0.5130111524163569,0.345
3390,153,1,0,0.005964205294885831,6,915,99,1014,0.5074626865671642,0.34
3391,170,1,0,0.01787506470616254,6,916,99,1015,0.5074626865671642,0.34
3392,177,1,1,0.9999899330247312,6,916,99,1015,0.5130111524163569,0.345
3393,201,1,0,3.315667440774723e-06,6,917,99,1016,0.5130111524163569,0.345
3394,232,1,0,7.638990477042902e-05,6,918,99,1017,0.5130111524163569,0.345
3395,281,1,0,0.000784947030070554,6,919,99,1018,0.5130111524163569,0.345
3396,344,1,0,0.057680494081009,6,920,99,1019,0.5130111524163569,0.345
3397,351,1,0,0.4811603725475851,6,921,99,1020,0.5130111524163569,0.345
3398,366,1,1,0.9935577297603242,6,921,99,1020,0.5185185185185185,0.35
3399,421,1,0,0.0853257467304059,7,922,99,1021,0.5185185185185185,0.35
3400,470,1,0,0.008452636466165092,7,923,99,1022,0.5185185185185185,0.35
3401,491,1,0,0.046089575156393024,7,924,99,1023,0.5185185185185185,0.35
3402,590,1,1,0.976579953353039,7,924,99,1023,0.5239852398523985,0.355
3403,679,1,0,0.0008713164254357189,7,925,99,1024,0.5185185185185185,0.35
3404,705,1,1,0.7509485499814543,7,925,99,1024,0.5185185185185185,0.35
3405,709,1,0,6.630407381481466e-05,7,926,99,1025,0.5185185185185185,0.35
3406,724,1,1,0.9999897884327055,7,926,99,1025,0.5185185185185185,0.35
3407,725,1,0,0.027922109119127583,7,927,99,1026,0.5185185185185185,0.35
3408,729,1,1,0.7509484673687351,7,927,99,1026,0.5239852398523985,0.355
3409,770,1,1,0.960170235920879,7,927,99,1026,0.5239852398523985,0.355
3410,777,1,1,0.8954872273674904,7,927,99,1026,0.5294117647058824,0.36
3411,813,1,1,0.9553911182929695,7,927,99,1026,0.5347985347985348,0.365
3412,841,1,0,0.008442941842988487,7,928,99,1027,0.5347985347985348,0.365
3413,926,1,1,0.9942863977121035,7,928,99,1027,0.5401459854014599,0.37
3414,983,1,1,0.9716486816646607,7,928,99,1027,0.5401459854014599,0.37
3415,1015,1,0,0.0005050488562063695,7,929,99,1028,0.5347985347985348,0.365
3416,1040,1,1,0.6250495926436048,7,929,99,1028,0.5401459854014599,0.37
3417,1043,1,0,4.531925417271037e-05,7,930,99,1029,0.5401459854014599,0.37
3418,1059,1,1,0.9999957800102712,7,930,99,1029,0.5454545454545454,0.375
3419,1071,1,1,0.62504959214363,7,930,99,1029,0.5454545454545454,0.375
3420,1077,1,0,0.003760066645325076,7,931,99,1030,0.5454545454545454,0.375
3421,1101,1,1,0.9227452022599058,7,931,99,1030,0.5507246376811594,0.38
3422,1123,1,1,0.9954031836155065,7,931,99,1030,0.555956678700361,0.385
3423,1138,1,1,0.510758101209622,7,931,99,1030,0.5611510791366906,0.39
3424,1176,1,1,0.9984379403437357,7,931,99,1030,0.5663082437275986,0.395
3425,1193,1,0,0.004312814567698828,7,932,99,1031,0.5663082437275986,0.395
3426,1197,1,0,0.001350423282606494,7,933,99,1032,0.5611510791366906,0.39
3427,1256,1,0,0.020117807054920556,7,934,99,1033,0.5611510791366906,0.39
3428,1259,1,1,0.8029843312039135,7,934,99,1033,0.5663082437275986,0.395
3429,1262,1,0,0.021458912139435786,7,935,99,1034,0.5663082437275986,0.395
3430,1285,1,0,0.0729239505001652,7,936,99,1035,0.5611510791366906,0.39
3431,1303,1,0,0.00010360240573809586,7,937,99,1036,0.555956678700361,0.385
3432,1356,1,0,5.310122604447729e-06,7,938,99,1037,0.555956678700361,0.385
3433,1361,1,0,0.001965020324352434,7,939,99,1038,0.555956678700361,0.385
3434,1372,1,0,0.03737287119730219,7,940,99,1039,0.555956678700361,0.385
3435,1410,1,0,0.011316741945786654,7,941,99,1040,0.555956678700361,0.385
3436,1423,1,0,0.40389080300796465,7,942,99,1041,0.555956678700361,0.385
3437,1431,1,0,0.13670652043247672,7,943,99,1042,0.555956678700361,0.385
3438,1447,1,0,0.015703060290623076,7,944,99,1043,0.555956678700361,0.385
3439,1458,1,0,0.00036697545805162486,7,945,99,1044,0.555956678700361,0.385
3440,1481,1,0,0.008805346214392898,7,946,99,1045,0.555956678700361,0.385
3441,1505,1,0,0.035098198555272825,7,947,99,1046,0.555956678700361,0.385
3442,1543,1,1,0.5037721806673396,7,947,99,1046,0.5611510791366906,0.39
3443,1561,1,0,0.008263830722594848,7,948,99,1047,0.5611510791366906,0.39
3444,1562,1,1,0.9999946253846037,7,948,99,1047,0.5663082437275986,0.395
3445,1564,1,0,0.022325419877250476,7,949,99,1048,0.5611510791366906,0.39
3446,1574,1,1,0.7669902553258169,7,949,99,1048,0.5611510791366906,0.39
3447,1590,1,0,0.045532499992816555,7,950,99,1049,0.555956678700361,0.385
3448,1624,1,0,0.00018592961458328884,7,951,99,1050,0.555956678700361,0.385
3449,1630,1,0,0.0007557022571118041,7,952,99,1051,0.5507246376811594,0.38
3450,1639,1,0,0.0015146894201459237,7,953,99,1052,0.5507246376811594,0.38
3451,1644,1,0,0.0019089064411210203,7,954,99,1053,0.5507246376811594,0.38
3452,1645,1,0,0.0001251245966446688,7,955,99,1054,0.5507246376811594,0.38
3453,1698,1,0,0.019521112673282704,7,956,99,1055,0.5454545454545454,0.375
3454,1712,1,0,0.0046220458548593595,7,957,99,1056,0.5401459854014599,0.37
3455,1726,1,1,0.9921768051742827,7,957,99,1056,0.5454545454545454,0.375
3456,1760,1,0,0.0440033602117666,7,958,99,1057,0.5401459854014599,0.37
3457,1762,1,0,0.0010452008573227382,7,959,99,1058,0.5401459854014599,0.37
3458,1808,1,0,0.007264332060384689,7,960,99,1059,0.5401459854014599,0.37
3459,1809,1,0,0.005110562650710578,7,961,99,1060,0.5401459854014599,0.37
3460,1839,1,1,0.9974509685674089,7,961,99,1060,0.5454545454545454,0.375
3461,1868,1,0,0.0585221891752777,7,962,99,1061,0.5454545454545454,0.375
3462,1894,1,1,0.9920671471332376,7,962,99,1061,0.5507246376811594,0.38
3463,1899,1,0,0.04721061873189541,7,963,99,1062,0.5454545454545454,0.375
3464,1925,1,0,0.08897474169653631,7,964,99,1063,0.5454545454545454,0.375
3465,1938,1,0,2.3549130147686476e-05,7,965,99,1064,0.5454545454545454,0.375
3466,2073,1,0,0.000971293331258308,7,966,99,1065,0.5454545454545454,0.375
3467,2097,1,0,0.00131777816638512,7,967,99,1066,0.5454545454545454,0.375
3468,2103,1,0,0.07166644865702256,7,968,99,1067,0.5454545454545454,0.375
3469,2110,1,0,0.03357398392406552,7,969,99,1068,0.5454545454545454,0.375
3470,2132,1,0,0.0034992738021797118,7,970,99,1069,0.5454545454545454,0.375
3471,2158,1,0,6.582405227491877e-05,7,971,99,1070,0.5401459854014599,0.37
3472,2184,1,0,0.0008243694386168636,7,972,99,1071,0.5347985347985348,0.365
3473,2235,1,0,0.006792558356652726,7,973,99,1072,0.5347985347985348,0.365
3474,2256,1,0,0.07544216828734847,7,974,99,1073,0.5347985347985348,0.365
3475,2277,1,1,0.5132936691683246,7,974,99,1073,0.5401459854014599,0.37
3476,2375,1,0,0.04721062007531315,7,975,99,1074,0.5401459854014599,0.37
3477,2381,1,1,0.8877244000716865,7,975,99,1074,0.5401459854014599,0.37
3478,2382,1,0,0.008589124853640322,7,976,99,1075,0.5401459854014599,0.37
3479,2435,1,0,0.008589124853640322,7,977,99,1076,0.5401459854014599,0.37
3480,2479,1,0,0.0036154262424422383,7,978,99,1077,0.5401459854014599,0.37
3481,25,1,0,0.2601469772893362,7,979,99,1078,0.5401459854014599,0.37
3482,77,1,1,0.9884364771094465,7,979,99,1078,0.5454545454545454,0.375
3483,80,1,0,0.00031476234069039333,7,980,99,1079,0.5454545454545454,0.375
3484,135,1,0,0.004802156129241646,7,981,99,1080,0.5454545454545454,0.375
3485,178,1,0,0.001045200711323284,7,982,99,1081,0.5401459854014599,0.37
3486,216,1,0,0.01842713950427691,7,983,99,1082,0.5401459854014599,0.37
3487,244,1,0,0.00043432342823227903,7,984,99,1083,0.5401459854014599,0.37
3488,264,1,1,0.7865682264570965,7,984,99,1083,0.5401459854014599,0.37
3489,266,1,0,0.03615148105491361,7,985,99,1084,0.5347985347985348,0.365
3490,339,1,0,0.40120247454074764,7,986,99,1085,0.5294117647058824,0.36
3491,371,1,1,0.9897099127252318,7,986,99,1085,0.5347985347985348,0.365
3492,378,1,1,0.6817559199658391,7,986,99,1085,0.5401459854014599,0.37
3493,512,1,0,0.0297559271654701,7,987,99,1086,0.5401459854014599,0.37
3494,548,1,0,0.013652325874756276,7,988,99,1087,0.5347985347985348,0.365
3495,554,1,1,0.5971820720502842,7,988,99,1087,0.5347985347985348,0.365
3496,579,1,1,0.6802531290538525,7,988,99,1087,0.5401459854014599,0.37
3497,639,1,1,0.9320503651164599,7,988,99,1087,0.5454545454545454,0.375
3498,652,1,0,0.07626913320905634,7,989,99,1088,0.5454545454545454,0.375
3499,672,1,1,0.9850395945411012,7,989,99,1088,0.5454545454545454,0.375
3500,719,1,0,0.38648915706340603,7,990,99,1089,0.5454545454545454,0.375
3501,794,1,0,2.2909731785554554e-05,7,991,99,1090,0.5401459854014599,0.37
3502,806,1,0,6.676980288584624e-05,7,992,99,1091,0.5401459854014599,0.37
3503,879,1,0,0.3632073117968549,7,993,99,1092,0.5401459854014599,0.37
3504,918,1,0,0.0613519183361576,7,994,99,1093,0.5401459854014599,0.37
3505,976,1,0,0.00012729656575623222,7,995,99,1094,0.5401459854014599,0.37
3506,1173,1,0,6.438516371578957e-06,7,996,99,1095,0.5347985347985348,0.365
3507,1179,1,0,0.0025208616243206157,7,997,99,1096,0.5347985347985348,0.365
3508,1270,1,1,0.7865682437120106,7,997,99,1096,0.5347985347985348,0.365
3509,1286,1,1,0.9573356821712085,7,997,99,1096,0.5401459854014599,0.37
3510,1289,1,1,0.6575003915408201,7,997,99,1096,0.5454545454545454,0.375
3511,1296,1,0,0.006526636213858211,7,998,99,1097,0.5401459854014599,0.37
3512,1305,1,0,0.20197020786604208,7,999,99,1098,0.5401459854014599,0.37
3513,1395,1,1,0.9786870880311473,7,999,99,1098,0.5454545454545454,0.375
3514,1398,1,0,0.0011891380738215103,7,1000,99,1099,0.5401459854014599,0.37
3515,1492,1,0,0.04904332752060445,7,1001,99,1100,0.5401459854014599,0.37
3516,1531,1,0,0.0007458031406451125,7,1002,99,1101,0.5347985347985348,0.365
3517,1633,1,0,0.02590243931259429,7,1003,99,1102,0.5294117647058824,0.36
3518,1646,1,1,0.985203072685122,7,1003,99,1102,0.5294117647058824,0.36
3519,1648,1,0,0.04330836572522054,7,1004,99,1103,0.5239852398523985,0.355
3520,1723,1,0,0.0011577788310720455,7,1005,99,1104,0.5185185185185185,0.35
3521,1724,1,1,0.8911564508991472,7,1005,99,1104,0.5185185185185185,0.35
3522,1728,1,0,0.012788340900506295,7,1006,99,1105,0.5185185185185185,0.35
3523,1741,1,0,0.0003063362288274789,7,1007,99,1106,0.5185185185185185,0.35
3524,1772,1,0,0.0009070008850223357,7,1008,99,1107,0.5130111524163569,0.345
3525,1780,1,0,0.02103710977451505,7,1009,99,1108,0.5130111524163569,0.345
3526,1798,1,0,0.00048490221276379297,7,1010,99,1109,0.5074626865671642,0.34
3527,1813,1,1,0.9959061053205807,7,1010,99,1109,0.5074626865671642,0.34
3528,1846,1,0,0.0004917920358961139,7,1011,99,1110,0.50187265917603,0.335
3529,1848,1,0,9.73884759299984e-05,7,1012,99,1111,0.49624060150375937,0.33
3530,1902,1,0,0.0856604452821009,7,1013,99,1112,0.49624060150375937,0.33
3531,1924,1,0,0.002278925165864364,7,1014,99,1113,0.49056603773584906,0.325
3532,1934,1,0,0.0018628207961035822,7,1015,99,1114,0.48484848484848486,0.32
3533,1970,1,0,0.02301362071263197,7,1016,99,1115,0.48484848484848486,0.32
3534,2049,1,1,0.9973784255745752,7,1016,99,1115,0.49056603773584906,0.325
3535,2075,1,0,0.01300514340025582,7,1017,99,1116,0.48484848484848486,0.32
3536,2153,1,0,0.03021639643112281,7,1018,99,1117,0.48484848484848486,0.32
3537,2163,1,1,0.9935679249092817,7,1018,99,1117,0.48484848484848486,0.32
3538,2207,1,1,0.9929940136591171,7,1018,99,1117,0.49056603773584906,0.325
3539,2280,1,0,0.0008033886321596205,7,1019,99,1118,0.49056603773584906,0.325
3540,2294,1,0,0.17614902131484686,7,1020,99,1119,0.49056603773584906,0.325
3541,2321,1,0,0.07062097419794487,7,1021,99,1120,0.48484848484848486,0.32
3542,2328,1,0,0.0006776382471638111,7,1022,99,1121,0.48484848484848486,0.32
3543,2347,1,1,0.759397407083997,7,1022,99,1121,0.49056603773584906,0.325
3544,2494,1,1,0.9968389664960285,7,1022,99,1121,0.49624060150375937,0.33
3545,28,1,1,0.9998943373972979,7,1022,99,1121,0.49624060150375937,0.33
3546,44,1,1,0.9632841641152756,7,1022,99,1121,0.50187265917603,0.335
3547,67,1,0,0.00010906516202190315,7,1023,99,1122,0.49624060150375937,0.33
3548,73,1,0,0.3735784060738585,7,1024,99,1123,0.49056603773584906,0.325
3549,84,1,0,0.00016102972671808933,7,1025,99,1124,0.49056603773584906,0.325
3550,106,1,0,0.032756841852261874,7,1026,99,1125,0.49056603773584906,0.325
3551,109,1,1,0.9967842566062003,7,1026,99,1125,0.49624060150375937,0.33
3552,117,1,0,0.0019534339965612013,7,1027,99,1126,0.49624060150375937,0.33
3553,123,1,0,0.0029427232865700155,7,1028,99,1127,0.49624060150375937,0.33
3554,134,1,0,0.0016510801172033623,7,1029,99,1128,0.49056603773584906,0.325
3555,152,1,0,0.057792893822725636,7,1030,99,1129,0.48484848484848486,0.32
3556,162,1,1,0.9997110057754738,7,1030,99,1129,0.49056603773584906,0.325
3557,185,1,1,0.9995486130190393,7,1030,99,1129,0.49624060150375937,0.33
3558,210,1,0,0.0009686561331124579,7,1031,99,1130,0.49056603773584906,0.325
3559,214,1,1,0.9820615313989342,7,1031,99,1130,0.49056603773584906,0.325
3560,245,1,0,0.002037652510532921,7,1032,99,1131,0.49056603773584906,0.325
3561,258,1,0,0.00035722677745037137,7,1033,99,1132,0.48484848484848486,0.32
3562,261,1,1,0.7837833847640362,7,1033,99,1132,0.49056603773584906,0.325
3563,270,1,0,0.0005276492419091752,7,1034,99,1133,0.48484848484848486,0.32
3564,291,1,0,0.003203400570183859,7,1035,99,1134,0.4790874524714829,0.315
3565,316,1,0,0.040693669016385006,7,1036,99,1135,0.4790874524714829,0.315
3566,328,1,1,0.6241561334452598,7,1036,99,1135,0.48484848484848486,0.32
3567,374,1,1,0.9993466410596421,7,1036,99,1135,0.48484848484848486,0.32
3568,377,1,0,0.000677862756757558,7,1037,99,1136,0.48484848484848486,0.32
3569,387,1,0,0.0004757564512688396,7,1038,99,1137,0.48484848484848486,0.32
3570,419,1,1,0.6679714764240192,7,1038,99,1137,0.48484848484848486,0.32
3571,457,1,0,0.0058205543567552975,7,1039,99,1138,0.48484848484848486,0.32
3572,472,1,0,0.00037010673682354205,7,1040,99,1139,0.48484848484848486,0.32
3573,492,1,0,0.0824861938853372,7,1041,99,1140,0.4790874524714829,0.315
3574,498,1,0,0.15895022464089448,7,1042,99,1141,0.4790874524714829,0.315
3575,507,1,0,0.22940371738273407,7,1043,99,1142,0.47328244274809156,0.31
3576,514,1,0,0.0005135134315692083,7,1044,99,1143,0.47328244274809156,0.31
3577,530,1,0,0.009150247090005389,7,1045,99,1144,0.4674329501915709,0.305
3578,533,1,0,0.034131008553703,7,1046,99,1145,0.4615384615384615,0.3
3579,561,1,0,0.3720397685964904,7,1047,99,1146,0.4555984555984556,0.295
3580,602,1,0,0.00046074058640464886,7,1048,99,1147,0.4555984555984556,0.295
3581,688,1,1,0.5855693233796532,7,1048,99,1147,0.4615384615384615,0.3
3582,747,1,0,2.6244855725603314e-05,7,1049,99,1148,0.4615384615384615,0.3
3583,761,1,0,0.0007717852321196281,7,1050,99,1149,0.4615384615384615,0.3
3584,782,1,1,0.7189155548266691,7,1050,99,1149,0.4615384615384615,0.3
3585,812,1,0,0.041990701089620205,7,1051,99,1150,0.4615384615384615,0.3
3586,815,1,1,0.9878899659949958,7,1051,99,1150,0.4615384615384615,0.3
3587,822,1,1,0.7965843152825925,7,1051,99,1150,0.4674329501915709,0.305
3588,828,1,0,0.0011724613395178915,7,1052,99,1151,0.4674329501915709,0.305
3589,839,1,1,0.7883106357968246,7,1052,99,1151,0.47328244274809156,0.31
3590,842,1,0,0.0002285119539596152,7,1053,99,1152,0.47328244274809156,0.31
3591,889,1,0,1.4432175154307118e-05,7,1054,99,1153,0.47328244274809156,0.31
3592,914,1,0,0.0001840078951047594,7,1055,99,1154,0.4674329501915709,0.305
3593,966,1,1,0.9953362983294629,7,1055,99,1154,0.47328244274809156,0.31
3594,975,1,1,0.9721529940088953,7,1055,99,1154,0.4790874524714829,0.315
3595,980,1,0,0.051502863141203,7,1056,99,1155,0.4790874524714829,0.315
3596,987,1,1,0.9909435713908862,7,1056,99,1155,0.48484848484848486,0.32
3597,1021,1,0,0.01413938789563503,7,1057,99,1156,0.48484848484848486,0.32
3598,1047,1,1,0.5588551834377609,7,1057,99,1156,0.48484848484848486,0.32
3599,1062,1,0,0.0091914597848103,8,1058,99,1157,0.48484848484848486,0.32
3600,1106,1,1,0.9992902967745366,8,1058,99,1157,0.49056603773584906,0.325
3601,1162,1,1,0.9651252603233254,8,1058,99,1157,0.49624060150375937,0.33
3602,1183,1,0,0.04395083419498897,8,1059,99,1158,0.49056603773584906,0.325
3603,1214,1,0,6.512804478911798e-06,8,1060,99,1159,0.49056603773584906,0.325
3604,1265,1,0,0.3601925246723036,8,1061,99,1160,0.48484848484848486,0.32
3605,1327,1,0,0.008921333591696614,8,1062,99,1161,0.48484848484848486,0.32
3606,1331,1,0,0.017413103398177032,8,1063,99,1162,0.4790874524714829,0.315
3607,1342,1,0,0.028094296552579636,8,1064,99,1163,0.4790874524714829,0.315
3608,1371,1,0,0.0612557631694397,8,1065,99,1164,0.47328244274809156,0.31
3609,1390,1,0,0.019395959868155305,8,1066,99,1165,0.4674329501915709,0.305
3610,1435,1,0,0.02934310794507691,8,1067,99,1166,0.4615384615384615,0.3
3611,1465,1,0,2.866199086248996e-05,8,1068,99,1167,0.4555984555984556,0.295
3612,1471,1,1,0.6678120953274647,8,1068,99,1167,0.4615384615384615,0.3
3613,1485,1,0,0.014185132020579505,8,1069,99,1168,0.4555984555984556,0.295
3614,1490,1,0,0.06280258767753981,8,1070,99,1169,0.4496124031007752,0.29
3615,1533,1,0,0.00028793087759774723,8,1071,99,1170,0.4496124031007752,0.29
3616,1542,1,1,0.9981219721950623,8,1071,99,1170,0.4496124031007752,0.29
3617,1566,1,0,0.05578492236183132,8,1072,99,1171,0.4496124031007752,0.29
3618,1584,1,1,0.9855963158851114,8,1072,99,1171,0.4496124031007752,0.29
3619,1625,1,0,0.011525642954630794,8,1073,99,1172,0.44357976653696496,0.285
3620,1649,1,0,0.11235073893097942,8,1074,99,1173,0.44357976653696496,0.285
3621,1667,1,0,0.010755955743435986,8,1075,99,1174,0.4375,0.28
3622,1671,1,0,0.00033492479383906627,8,1076,99,1175,0.43137254901960786,0.275
3623,1718,1,0,0.0004968150217636676,8,1077,99,1176,0.4251968503937008,0.27
3624,1719,1,0,0.4693659805428134,8,1078,99,1177,0.4189723320158103,0.265
3625,1721,1,0,0.0038808525895972046,8,1079,99,1178,0.4189723320158103,0.265
3626,1734,1,1,0.8060486110934897,8,1079,99,1178,0.4251968503937008,0.27
3627,1739,1,1,0.9991604147165071,8,1079,99,1178,0.43137254901960786,0.275
3628,1755,1,0,0.06498230099575841,8,1080,99,1179,0.4251968503937008,0.27
3629,1764,1,1,0.9636158399321102,8,1080,99,1179,0.43137254901960786,0.275
3630,1784,1,1,0.9968089451101844,8,1080,99,1179,0.4375,0.28
3631,1792,1,1,0.9904519104561239,8,1080,99,1179,0.44357976653696496,0.285
3632,1818,1,0,0.04888079787634078,8,1081,99,1180,0.44357976653696496,0.285
3633,1835,1,1,0.9986104448128248,8,1081,99,1180,0.4496124031007752,0.29
3634,1871,1,0,0.004061894528360413,8,1082,99,1181,0.4496124031007752,0.29
3635,1912,1,0,0.02828970519064643,8,1083,99,1182,0.4496124031007752,0.29
3636,1916,1,1,0.99096742900868,8,1083,99,1182,0.4555984555984556,0.295
3637,1969,1,0,0.005764101876586053,8,1084,99,1183,0.4555984555984556,0.295
3638,2021,1,0,0.009237804006616092,8,1085,99,1184,0.4555984555984556,0.295
3639,2034,1,1,0.9686637104604858,8,1085,99,1184,0.4615384615384615,0.3
3640,2074,1,0,2.1550612113964813e-05,8,1086,99,1185,0.4615384615384615,0.3
3641,2076,1,0,0.011585746137502835,8,1087,99,1186,0.4615384615384615,0.3
3642,2078,1,0,0.004892376171499416,8,1088,99,1187,0.4555984555984556,0.295
3643,2125,1,1,0.790109864152815,8,1088,99,1187,0.4615384615384615,0.3
3644,2126,1,0,0.04865578442356826,8,1089,99,1188,0.4555984555984556,0.295
3645,2130,1,0,0.07414995971240768,8,1090,99,1189,0.4555984555984556,0.295
3646,2131,1,0,0.12772253996135152,8,1091,99,1190,0.4496124031007752,0.29
3647,2133,1,1,0.9998451650685067,8,1091,99,1190,0.4555984555984556,0.295
3648,2176,1,0,0.09609638247555607,8,1092,99,1191,0.4555984555984556,0.295
3649,2180,1,1,0.5983990674911334,8,1092,99,1191,0.4615384615384615,0.3
3650,2183,1,0,0.0021863010528184556,8,1093,99,1192,0.4615384615384615,0.3
3651,2265,1,0,0.3309060708553266,8,1094,99,1193,0.4615384615384615,0.3
3652,2397,1,1,0.9801269453588941,8,1094,99,1193,0.4674329501915709,0.305
3653,2418,1,0,0.06113547783415638,8,1095,99,1194,0.4674329501915709,0.305
3654,2463,1,0,0.014081924862023693,8,1096,99,1195,0.4674329501915709,0.305
3655,2464,1,1,0.6071057130662325,8,1096,99,1195,0.4674329501915709,0.305
3656,2472,1,1,0.9870576401522648,8,1096,99,1195,0.47328244274809156,0.31
3657,2540,0,0,0.0003488320557552585,8,1096,99,1195,0.4727922489594531,0.31155778894472363
3658,3114,0,0,0.00011581550282250514,8,1096,99,1195,0.4724395604395605,0.31313131313131315
3659,3573,0,0,0.2828139988288376,8,1096,99,1195,0.472221309455352,0.3147208121827411
3660,3598,0,0,0.00012769440949434054,8,1096,99,1195,0.4663328889009823,0.3112244897959184
3661,4514,0,0,0.280499366166654,8,1096,99,1195,0.4663845486111111,0.3128205128205128
3662,4718,0,0,0.058750634117589344,8,1096,99,1195,0.46073346996009057,0.30927835051546393
3663,4935,0,1,0.5835121036931792,8,1096,100,1196,0.45878222413979075,0.31088082901554404
3664,4,1,1,0.9053005791030657,8,1096,100,1196,0.4645828262339419,0.3160621761658031
3665,27,1,0,0.1684056394426423,8,1097,100,1197,0.4645828262339419,0.3160621761658031
3666,40,1,1,0.5003164771183369,8,1097,100,1197,0.47033854166666667,0.32124352331606215
3667,46,1,1,0.9838782107265397,8,1097,100,1197,0.476049903403989,0.32642487046632124
3668,74,1,1,0.9729443889329558,8,1097,100,1197,0.48171743640135384,0.3316062176165803
3669,88,1,0,0.021418465493495874,8,1098,100,1198,0.48171743640135384,0.3316062176165803
3670,120,1,0,0.006373627802297996,8,1099,100,1199,0.48171743640135384,0.3316062176165803
3671,158,1,1,0.6427517123588999,8,1099,100,1199,0.4873416577671897,0.33678756476683935
3672,171,1,0,0.103266004822235,8,1100,100,1200,0.4873416577671897,0.33678756476683935
3673,186,1,0,0.07622154106135315,8,1101,100,1201,0.4873416577671897,0.33678756476683935
3674,215,1,1,0.959229419517518,8,1101,100,1201,0.49292307692307685,0.34196891191709844
3675,218,1,1,0.920645368731377,8,1101,100,1201,0.49292307692307685,0.34196891191709844
3676,223,1,0,4.264614952535799e-05,8,1102,100,1202,0.49292307692307685,0.34196891191709844
3677,269,1,0,0.0013357321872033015,8,1103,100,1203,0.4873416577671897,0.33678756476683935
3678,290,1,0,0.3407497598739616,8,1104,100,1204,0.4873416577671897,0.33678756476683935
3679,295,1,1,0.9396534924068916,8,1104,100,1204,0.49292307692307685,0.34196891191709844
3680,307,1,0,0.013990971358027616,8,1105,100,1205,0.49292307692307685,0.34196891191709844
3681,393,1,0,0.057901392659648214,8,1106,100,1206,0.49292307692307685,0.34196891191709844
3682,402,1,1,0.9541592783578067,8,1106,100,1206,0.49292307692307685,0.34196891191709844
3683,450,1,1,0.9882855841903345,8,1106,100,1206,0.4984621957606329,0.3471502590673575
3684,459,1,1,0.7285600861737407,8,1106,100,1206,0.5039595087952207,0.35233160621761656
3685,497,1,0,0.00797597855655714,8,1107,100,1207,0.5039595087952207,0.35233160621761656
3686,528,1,1,0.9960642681995143,8,1107,100,1207,0.5094155033165886,0.35751295336787564
3687,529,1,0,0.2697749241835425,8,1108,100,1208,0.5094155033165886,0.35751295336787564
3688,532,1,0,0.1465265027632439,8,1109,100,1209,0.5039595087952207,0.35233160621761656
3689,582,1,1,0.5893358968463016,8,1109,100,1209,0.5094155033165886,0.35751295336787564
3690,588,1,1,0.716161097447745,8,1109,100,1209,0.514830659536542,0.3626943005181347
3691,623,1,1,0.9859729193656326,8,1109,100,1209,0.514830659536542,0.3626943005181347
3692,648,1,1,0.7106968834551992,8,1109,100,1209,0.514830659536542,0.3626943005181347
3693,667,1,1,0.9893469988308842,8,1109,100,1209,0.5202054507337526,0.36787564766839376
3694,694,1,0,0.0005296902234684721,8,1110,100,1210,0.5202054507337526,0.36787564766839376
3695,695,1,0,0.0019354007396260025,8,1111,100,1211,0.514830659536542,0.3626943005181347
3696,721,1,0,0.008119031859336927,8,1112,100,1212,0.5094155033165886,0.35751295336787564
3697,737,1,0,0.0015658075333543143,8,1113,100,1213,0.5039595087952207,0.35233160621761656
3698,759,1,0,0.3407497598739616,8,1114,100,1214,0.5039595087952207,0.35233160621761656
3699,764,1,0,0.0016146745771320747,8,1115,100,1215,0.4984621957606329,0.3471502590673575
3700,774,1,0,0.003641699834172451,8,1116,100,1216,0.4984621957606329,0.3471502590673575
3701,775,1,0,0.0018302801934180772,8,1117,100,1217,0.4984621957606329,0.3471502590673575
3702,857,1,1,0.9793846613462921,8,1117,100,1217,0.5039595087952207,0.35233160621761656
3703,858,1,0,0.008560187426596625,8,1118,100,1218,0.5039595087952207,0.35233160621761656
3704,866,1,1,0.6238594044375312,8,1118,100,1218,0.5094155033165886,0.35751295336787564
3705,881,1,0,0.4638604391161849,8,1119,100,1219,0.5094155033165886,0.35751295336787564
3706,891,1,1,0.9642729536656545,8,1119,100,1219,0.514830659536542,0.3626943005181347
3707,907,1,1,0.8905336657632708,8,1119,100,1219,0.5202054507337526,0.36787564766839376
3708,917,1,1,0.7911348344241217,8,1119,100,1219,0.5202054507337526,0.36787564766839376
3709,921,1,0,0.018076310739458163,8,1120,100,1220,0.514830659536542,0.3626943005181347
3710,951,1,1,0.515059866186528,8,1120,100,1220,0.514830659536542,0.3626943005181347
3711,993,1,0,0.08300946496461344,8,1121,100,1221,0.514830659536542,0.3626943005181347
3712,1125,1,0,0.0069445865482945955,8,1122,100,1222,0.514830659536542,0.3626943005181347
3713,1130,1,1,0.5706573639889099,8,1122,100,1222,0.514830659536542,0.3626943005181347
3714,1135,1,1,0.5125442652745271,8,1122,100,1222,0.5202054507337526,0.36787564766839376
3715,1158,1,0,0.2596400135703503,8,1123,100,1223,0.5202054507337526,0.36787564766839376
3716,1168,1,0,0.029205829830291227,8,1124,100,1224,0.5202054507337526,0.36787564766839376
3717,1177,1,1,0.8064255961627534,8,1124,100,1224,0.5255403433958029,0.37305699481865284
3718,1222,1,0,0.40891294255093924,8,1125,100,1225,0.5202054507337526,0.36787564766839376
3719,1284,1,0,0.06427100590236104,8,1126,100,1226,0.5202054507337526,0.36787564766839376
3720,1345,1,0,0.07587468540635753,8,1127,100,1227,0.5202054507337526,0.36787564766839376
3721,1396,1,1,0.9870471556561541,8,1127,100,1227,0.5202054507337526,0.36787564766839376
3722,1407,1,0,0.11084859376926673,8,1128,100,1228,0.5202054507337526,0.36787564766839376
3723,1441,1,1,0.6905922566076566,8,1128,100,1228,0.5255403433958029,0.37305699481865284
3724,1449,1,1,0.8839817831444516,8,1128,100,1228,0.530835797358565,0.37823834196891193
3725,1454,1,0,0.11101497426944203,8,1129,100,1229,0.530835797358565,0.37823834196891193
3726,1463,1,0,0.07227852809052308,8,1130,100,1230,0.530835797358565,0.37823834196891193
3727,1469,1,1,0.989429255695714,8,1130,100,1230,0.530835797358565,0.37823834196891193
3728,1473,1,0,0.003077431452208347,8,1131,100,1231,0.530835797358565,0.37823834196891193
3729,1489,1,0,0.002636116874196614,8,1132,100,1232,0.530835797358565,0.37823834196891193
3730,1508,1,1,0.9801207521381131,8,1132,100,1232,0.5360922659430123,0.38341968911917096
3731,1511,1,0,0.04984320554900785,8,1133,100,1233,0.5360922659430123,0.38341968911917096
3732,1513,1,0,0.136318860365643,8,1134,100,1234,0.5360922659430123,0.38341968911917096
3733,1544,1,1,0.7447074278635526,8,1134,100,1234,0.5413101960895599,0.38860103626943004
3734,1608,1,1,0.9859729193656326,8,1134,100,1234,0.5413101960895599,0.38860103626943004
3735,1713,1,0,0.011454951188663971,8,1135,100,1235,0.5413101960895599,0.38860103626943004
3736,1743,1,0,0.06669142408165514,8,1136,100,1236,0.5413101960895599,0.38860103626943004
3737,1747,1,0,0.0014207063940488171,8,1137,100,1237,0.5360922659430123,0.38341968911917096
3738,1752,1,1,0.8806768462916825,8,1137,100,1237,0.5360922659430123,0.38341968911917096
3739,1761,1,0,0.0021060316607021206,8,1138,100,1238,0.5360922659430123,0.38341968911917096
3740,1774,1,0,0.015138305190817295,8,1139,100,1239,0.5360922659430123,0.38341968911917096
3741,1796,1,0,0.0032384460408394146,8,1140,100,1240,0.5360922659430123,0.38341968911917096
3742,1851,1,0,0.02920583068414424,8,1141,100,1241,0.5360922659430123,0.38341968911917096
3743,1890,1,0,0.30065359692833793,8,1142,100,1242,0.530835797358565,0.37823834196891193
3744,1923,1,1,0.9859847900591251,8,1142,100,1242,0.530835797358565,0.37823834196891193
3745,1973,1,0,0.3592046954071838,8,1143,100,1243,0.5255403433958029,0.37305699481865284
3746,1974,1,0,0.007611142184346431,8,1144,100,1244,0.5202054507337526,0.36787564766839376
3747,2029,1,1,0.8631043765167479,8,1144,100,1244,0.5255403433958029,0.37305699481865284
3748,2045,1,1,0.9900975432211233,8,1144,100,1244,0.530835797358565,0.37823834196891193
3749,2063,1,0,0.10600249580375007,8,1145,100,1245,0.530835797358565,0.37823834196891193
3750,2077,1,0,0.23070842312533912,8,1146,100,1246,0.530835797358565,0.37823834196891193
3751,2095,1,0,0.0021060317722419973,8,1147,100,1247,0.5255403433958029,0.37305699481865284
3752,2100,1,0,0.0002450656272584636,8,1148,100,1248,0.5255403433958029,0.37305699481865284
3753,2145,1,0,0.004340343254980345,8,1149,100,1249,0.5255403433958029,0.37305699481865284
3754,2155,1,0,0.017747859028428986,8,1150,100,1250,0.5255403433958029,0.37305699481865284
3755,2179,1,1,0.9955587859863894,8,1150,100,1250,0.530835797358565,0.37823834196891193
3756,2217,1,0,0.0896714082216408,8,1151,100,1251,0.5255403433958029,0.37305699481865284
3757,2240,1,0,0.14276616401649367,8,1152,100,1252,0.5202054507337526,0.36787564766839376
3758,2247,1,0,0.05795834655658671,8,1153,100,1253,0.5202054507337526,0.36787564766839376
3759,2251,1,0,0.20123859502800243,8,1154,100,1254,0.514830659536542,0.3626943005181347
3760,2267,1,0,0.49464274342929465,8,1155,100,1255,0.514830659536542,0.3626943005181347
3761,2313,1,0,0.014027214310986039,8,1156,100,1256,0.514830659536542,0.3626943005181347
3762,2368,1,1,0.9056389902632028,8,1156,100,1256,0.514830659536542,0.3626943005181347
3763,2391,1,0,0.01497704197189084,8,1157,100,1257,0.514830659536542,0.3626943005181347
3764,2392,1,0,0.1189427283050761,8,1158,100,1258,0.514830659536542,0.3626943005181347
3765,2401,1,1,0.9822392493244767,8,1158,100,1258,0.5202054507337526,0.36787564766839376
3766,2419,1,0,0.0014403689156050586,8,1159,100,1259,0.514830659536542,0.3626943005181347
3767,2468,1,0,0.003596005244257131,8,1160,100,1260,0.5094155033165886,0.35751295336787564
3768,2474,1,0,0.31228936501355054,8,1161,100,1261,0.5094155033165886,0.35751295336787564
3769,2478,1,1,0.993039014240613,8,1161,100,1261,0.514830659536542,0.3626943005181347
3770,2503,0,0,0.00015885651133915537,8,1161,100,1261,0.5097068259763248,0.359375
3771,2590,0,0,0.06595578236378762,8,1161,100,1261,0.5101223848507401,0.3612565445026178
3772,2616,0,0,2.9060378632585744e-05,8,1161,100,1261,0.5106593406593407,0.3631578947368421
3773,2713,0,0,3.477409158750406e-05,8,1161,100,1261,0.5113149319532299,0.36507936507936506
3774,2748,0,1,0.9029474369900635,8,1161,101,1262,0.5093600591472933,0.3670212765957447
3775,2902,0,0,0.20794152370935626,8,1161,101,1262,0.5101867016049787,0.3689839572192513
3776,2915,0,0,5.838334761424353e-05,8,1161,101,1262,0.5111256836548665,0.3709677419354839
3777,2990,0,0,0.1144545437212103,8,1161,101,1262,0.5121744791666667,0.372972972972973
3778,3206,0,0,0.003204434562602712,8,1161,101,1262,0.5133306288032454,0.375
3779,3388,0,0,5.013236476285481e-05,8,1161,101,1262,0.514591737676626,0.3770491803278688
3780,3438,0,0,0.00015582149592638416,8,1161,101,1262,0.5159554730983302,0.3791208791208791
3781,3459,0,0,4.448388650010526e-05,8,1161,101,1262,0.512036418086045,0.3756906077348066
3782,3788,0,0,0.00012881730397208238,8,1161,101,1262,0.5136,0.37777777777777777
3783,3851,0,0,0.0020758772644252016,8,1161,101,1262,0.5152591824250645,0.37988826815642457
3784,3933,0,0,0.0006191420490118902,8,1161,101,1262,0.5115921780318066,0.37640449438202245
3785,4118,0,0,0.0003055922821935867,8,1161,101,1262,0.5134368070953436,0.3785310734463277
3786,4236,0,0,0.001508332819057182,8,1161,101,1262,0.5099117276166457,0.375
3787,4300,0,0,2.2423629524335955e-05,8,1161,101,1262,0.5064337273773407,0.37142857142857144
3788,4335,0,0,2.9341808269030467e-05,8,1161,101,1262,0.5085398888279965,0.3735632183908046
3789,4566,0,0,6.487044546153006e-05,8,1161,101,1262,0.5051890641648691,0.3699421965317919
3790,4577,0,0,1.6260659529397137e-06,8,1161,101,1262,0.5074592800082997,0.37209302325581395
3791,4651,0,0,0.0003010185737694025,8,1161,101,1262,0.509808961714685,0.3742690058479532
3792,4753,0,0,0.12035112786046281,8,1161,101,1262,0.5122364613476643,0.3764705882352941
3793,4870,0,0,0.0016996947529847172,8,1161,101,1262,0.5091566265060241,0.3727810650887574
3794,4964,0,0,0.0007428983835782433,8,1161,101,1262,0.5061083743842364,0.36904761904761907
3795,2624,0,0,0.030388941677221608,8,1161,101,1262,0.5087576526038065,0.3712574850299401
3796,2724,0,0,6.878392006589889e-06,8,1161,101,1262,0.5058091371076892,0.3674698795180723
3797,2901,0,0,7.048371482210447e-06,8,1161,101,1262,0.5085985312117502,0.3696969696969697
3798,3142,0,0,4.323992350300723e-05,8,1161,101,1262,0.5057430576747025,0.36585365853658536
3799,3327,0,0,1.041371218334398e-05,9,1161,101,1262,0.5086666666666667,0.36809815950920244
3800,3526,0,0,0.38766368311038807,9,1161,101,1262,0.5058980010640723,0.36419753086419754
3801,3530,0,0,0.032465389042403786,9,1161,101,1262,0.5031484617912485,0.36024844720496896
3802,3543,0,0,2.8696430700389102e-05,9,1161,101,1262,0.5062626262626262,0.3625
3803,3576,0,0,1.412223485268501e-05,9,1161,101,1262,0.5094384318474229,0.36477987421383645
3804,3799,0,0,0.01932747926818512,9,1161,101,1262,0.5126746647847565,0.3670886075949367
3805,3837,0,0,0.00011263670415353856,9,1161,101,1262,0.5159701342197376,0.36942675159235666
3806,3929,0,0,0.0011070491824035768,9,1161,101,1262,0.5193236714975845,0.3717948717948718
3807,3965,0,1,0.5000997487612789,9,1161,102,1263,0.5189210950080515,0.3741935483870968
3808,3998,0,0,1.7066168053195927e-05,9,1161,102,1263,0.5223607793840352,0.37662337662337664
3809,4067,0,0,0.0011167050314525634,9,1161,102,1263,0.5258556928951864,0.3790849673202614
3810,4110,0,0,1.1910100987695531e-05,9,1161,102,1263,0.5294047350053979,0.3815789473684211
3811,4239,0,0,6.612718555758302e-05,9,1161,102,1263,0.5330068245684464,0.3841059602649007
3812,4281,0,0,0.0005425581215473096,9,1161,102,1263,0.5308270676691729,0.38
3813,4839,0,0,0.00011772261156219637,9,1161,102,1263,0.5345311756306521,0.3825503355704698
3814,4853,0,0,0.00013781137981677382,9,1161,102,1263,0.5382852564102565,0.38513513513513514
3815,4860,0,0,0.14171855642433553,9,1161,102,1263,0.5420883081775174,0.3877551020408163
3816,4972,0,0,0.0005939074208532991,9,1161,102,1263,0.5400600375234521,0.3835616438356164
3817,2722,0,0,9.50130625698721e-05,9,1161,102,1263,0.5439575830332133,0.38620689655172413
3818,3767,0,0,0.00013688883432752048,9,1161,102,1263,0.541978197819782,0.3819444444444444
3819,4368,0,0,0.00015592587170331487,9,1161,102,1263,0.5459668991724793,0.38461538461538464
3820,4411,0,0,0.00048733864617872416,9,1161,102,1263,0.55,0.3873239436619718
