mode,sid,round,label_llm,gt,correct,weight
off,4924,1,0,0,1,1.0
off,2843,1,0,0,1,1.0
off,4011,1,0,0,1,1.0
off,3044,1,0,0,1,1.0
off,3082,1,0,0,1,1.0
off,4389,1,0,0,1,1.0
off,3126,1,0,0,1,1.0
off,4712,1,0,0,1,1.0
off,4107,1,0,0,1,1.0
off,2957,1,0,0,1,1.0
off,2733,1,0,0,1,1.0
off,4592,1,0,0,1,1.0
off,3815,1,0,0,1,1.0
off,2974,1,0,0,1,1.0
off,3372,1,0,0,1,1.0
off,4904,1,0,0,1,1.0
off,4547,1,0,0,1,1.0
off,4873,1,0,0,1,1.0
off,2595,1,0,0,1,1.0
off,3395,1,0,0,1,1.0
off,3281,1,0,0,1,1.0
off,4381,1,0,0,1,1.0
off,575,1,1,1,1,1.0
off,4160,1,0,0,1,1.0
off,2815,1,0,0,1,1.0
off,4446,1,0,0,1,1.0
off,4967,1,0,0,1,1.0
off,2710,1,0,0,1,1.0
off,4031,1,0,0,1,1.0
off,4337,1,0,0,1,1.0
off,3706,1,0,0,1,1.0
off,3208,1,0,0,1,1.0
off,3336,1,0,0,1,1.0
off,4318,1,0,0,1,1.0
off,4141,1,0,0,1,1.0
off,4306,1,0,0,1,1.0
off,2585,1,0,0,1,1.0
off,2792,1,0,0,1,1.0
off,3024,1,0,0,1,1.0
off,3113,1,0,0,1,1.0
off,3939,1,0,0,1,1.0
off,3080,1,0,0,1,1.0
off,3828,1,0,0,1,1.0
off,3540,1,0,0,1,1.0
off,3577,1,0,0,1,1.0
off,2886,1,0,0,1,1.0
off,3154,1,0,0,1,1.0
off,3821,1,0,0,1,1.0
off,2694,1,0,0,1,1.0
off,4884,1,0,0,1,1.0
off,2646,2,0,0,1,1.0
off,4676,2,0,0,1,1.0
off,2796,2,0,0,1,1.0
off,3401,2,0,0,1,1.0
off,3151,2,0,0,1,1.0
off,4229,2,0,0,1,1.0
off,4883,2,0,0,1,1.0
off,4989,2,0,0,1,1.0
off,3429,2,0,0,1,1.0
off,568,2,0,1,0,1.0
off,1520,2,0,1,0,1.0
off,1430,2,0,1,0,1.0
off,2932,2,0,0,1,1.0
off,2665,2,0,0,1,1.0
off,4807,2,0,0,1,1.0
off,4083,2,0,0,1,1.0
off,4219,2,0,0,1,1.0
off,2742,2,0,0,1,1.0
off,3093,2,0,0,1,1.0
off,3480,2,0,0,1,1.0
off,4942,2,0,0,1,1.0
off,1254,2,0,1,0,1.0
off,1038,2,1,1,1,1.0
off,1694,2,1,1,1,1.0
off,4589,2,0,0,1,1.0
off,2872,2,0,0,1,1.0
off,3509,2,0,0,1,1.0
off,2780,2,0,0,1,1.0
off,3686,2,0,0,1,1.0
off,4416,2,0,0,1,1.0
off,2627,2,0,0,1,1.0
off,4133,2,0,0,1,1.0
off,2758,2,0,0,1,1.0
off,2557,2,0,0,1,1.0
off,4881,2,0,0,1,1.0
off,3750,2,0,0,1,1.0
off,4697,2,0,0,1,1.0
off,3537,2,0,0,1,1.0
off,2955,2,0,0,1,1.0
off,4928,2,0,0,1,1.0
off,3220,2,0,0,1,1.0
off,3814,2,0,0,1,1.0
off,4122,2,0,0,1,1.0
off,4716,2,0,0,1,1.0
off,4251,2,0,0,1,1.0
off,3364,2,0,0,1,1.0
off,3525,2,0,0,1,1.0
off,4065,2,0,0,1,1.0
off,3773,2,0,0,1,1.0
off,4920,2,0,0,1,1.0
off,4759,3,0,0,1,1.0
off,4502,3,0,0,1,1.0
off,3245,3,0,0,1,1.0
off,2660,3,0,0,1,1.0
off,4587,3,0,0,1,1.0
off,4506,3,0,0,1,1.0
off,2933,3,0,0,1,1.0
off,2666,3,0,0,1,1.0
off,4508,3,0,0,1,1.0
off,3854,3,0,0,1,1.0
off,4097,3,0,0,1,1.0
off,3197,3,0,0,1,1.0
off,2635,3,0,0,1,1.0
off,2816,3,0,0,1,1.0
off,3651,3,0,0,1,1.0
off,3982,3,0,0,1,1.0
off,2604,3,0,0,1,1.0
off,4764,3,0,0,1,1.0
off,2883,3,0,0,1,1.0
off,4528,3,0,0,1,1.0
off,2896,3,0,0,1,1.0
off,3481,3,0,0,1,1.0
off,2547,3,0,0,1,1.0
off,4564,3,0,0,1,1.0
off,4457,3,0,0,1,1.0
off,4865,3,0,0,1,1.0
off,4527,3,0,0,1,1.0
off,4290,3,0,0,1,1.0
off,3466,3,0,0,1,1.0
off,2991,3,0,0,1,1.0
off,3873,3,0,0,1,1.0
off,3761,3,0,0,1,1.0
off,2760,3,0,0,1,1.0
off,4315,3,0,0,1,1.0
off,2586,3,0,0,1,1.0
off,4677,3,0,0,1,1.0
off,3053,3,0,0,1,1.0
off,3796,3,0,0,1,1.0
off,4814,3,0,0,1,1.0
off,3247,3,0,0,1,1.0
off,4955,3,0,0,1,1.0
off,4084,3,0,0,1,1.0
off,4171,3,0,0,1,1.0
off,3254,3,0,0,1,1.0
off,477,3,0,1,0,1.0
off,4327,3,0,0,1,1.0
off,3143,3,0,0,1,1.0
off,3954,3,0,0,1,1.0
off,2881,3,0,0,1,1.0
off,4768,4,0,0,1,1.0
off,4282,4,0,0,1,1.0
off,4499,4,0,0,1,1.0
off,2431,4,1,1,1,1.0
off,2976,4,0,0,1,1.0
off,4406,4,0,0,1,1.0
off,4383,4,0,0,1,1.0
off,4778,4,0,0,1,1.0
off,3733,4,0,0,1,1.0
off,4174,4,0,0,1,1.0
off,2740,4,0,0,1,1.0
off,4897,4,0,0,1,1.0
off,2762,4,0,0,1,1.0
off,3928,4,0,0,1,1.0
off,4783,4,0,0,1,1.0
off,3783,4,0,0,1,1.0
off,3966,4,0,0,1,1.0
off,2711,4,0,0,1,1.0
off,2912,4,0,0,1,1.0
off,4852,4,0,0,1,1.0
off,4366,4,0,0,1,1.0
off,2875,4,0,0,1,1.0
off,3646,4,0,0,1,1.0
off,2785,4,0,0,1,1.0
off,3590,4,0,0,1,1.0
off,3116,4,0,0,1,1.0
off,4256,4,0,0,1,1.0
off,4644,4,0,0,1,1.0
off,4037,4,0,0,1,1.0
off,3369,4,0,0,1,1.0
off,4863,4,0,0,1,1.0
off,3875,4,0,0,1,1.0
off,3207,4,0,0,1,1.0
off,2774,4,1,0,0,1.0
off,3729,4,0,0,1,1.0
off,3068,4,0,0,1,1.0
off,4803,4,0,0,1,1.0
off,563,4,0,1,0,1.0
off,3137,4,0,0,1,1.0
off,2509,4,0,0,1,1.0
off,4754,4,0,0,1,1.0
off,3849,4,0,0,1,1.0
off,1359,4,0,1,0,1.0
off,3765,4,0,0,1,1.0
off,2695,4,0,0,1,1.0
off,3004,4,0,0,1,1.0
off,2631,4,0,0,1,1.0
off,2847,4,0,0,1,1.0
off,2697,4,0,0,1,1.0
off,4959,4,0,0,1,1.0
off,3437,5,0,0,1,1.0
off,2667,5,0,0,1,1.0
off,4082,5,0,0,1,1.0
off,3251,5,0,0,1,1.0
off,3037,5,0,0,1,1.0
off,4237,5,0,0,1,1.0
off,3132,5,0,0,1,1.0
off,3641,5,0,0,1,1.0
off,3283,5,0,0,1,1.0
off,3025,5,0,0,1,1.0
off,4177,5,0,0,1,1.0
off,2609,5,0,0,1,1.0
off,2960,5,0,0,1,1.0
off,4866,5,0,0,1,1.0
off,3366,5,0,0,1,1.0
off,2807,5,0,0,1,1.0
off,4222,5,0,0,1,1.0
off,4919,5,0,0,1,1.0
off,3845,5,0,0,1,1.0
off,3827,5,0,0,1,1.0
off,3192,5,0,0,1,1.0
off,4077,5,0,0,1,1.0
off,3210,5,0,0,1,1.0
off,3103,5,0,0,1,1.0
off,4079,5,0,0,1,1.0
off,2947,5,0,0,1,1.0
off,3838,5,0,0,1,1.0
off,4201,5,0,0,1,1.0
off,3275,5,0,0,1,1.0
off,3699,5,0,0,1,1.0
off,3360,5,0,0,1,1.0
off,4889,5,0,0,1,1.0
off,4649,5,0,0,1,1.0
off,3448,5,0,0,1,1.0
off,4862,5,0,0,1,1.0
off,2565,5,0,0,1,1.0
off,4447,5,0,0,1,1.0
off,2643,5,0,0,1,1.0
off,3088,5,0,0,1,1.0
off,3457,5,0,0,1,1.0
off,4503,5,0,0,1,1.0
off,3347,5,0,0,1,1.0
off,4751,5,0,0,1,1.0
off,3504,5,0,0,1,1.0
off,3619,5,0,0,1,1.0
off,3880,5,0,0,1,1.0
off,3878,5,0,0,1,1.0
off,3227,5,0,0,1,1.0
off,3410,5,0,0,1,1.0
off,2743,5,0,0,1,1.0
off,2773,6,0,0,1,1.0
off,4053,6,0,0,1,1.0
off,3256,6,0,0,1,1.0
off,3408,6,0,0,1,1.0
off,2802,6,0,0,1,1.0
off,3464,6,0,0,1,1.0
off,3738,6,0,0,1,1.0
off,2580,6,0,0,1,1.0
off,3273,6,0,0,1,1.0
off,2720,6,0,0,1,1.0
off,3470,6,0,0,1,1.0
off,3926,6,0,0,1,1.0
off,3649,6,0,0,1,1.0
off,4254,6,0,0,1,1.0
off,3568,6,0,0,1,1.0
off,4063,6,0,0,1,1.0
off,3463,6,0,0,1,1.0
off,2874,6,0,0,1,1.0
off,3551,6,0,0,1,1.0
off,2644,6,0,0,1,1.0
off,2741,6,0,0,1,1.0
off,3657,6,0,0,1,1.0
off,3764,6,0,0,1,1.0
off,4255,6,0,0,1,1.0
off,3223,6,0,0,1,1.0
off,3817,6,0,0,1,1.0
off,2751,6,0,0,1,1.0
off,2753,6,0,0,1,1.0
off,4930,6,0,0,1,1.0
off,4294,6,0,0,1,1.0
off,4343,6,0,0,1,1.0
off,3290,6,0,0,1,1.0
off,3382,6,0,0,1,1.0
off,4126,6,0,0,1,1.0
off,2781,6,0,0,1,1.0
off,4906,6,0,0,1,1.0
off,4307,6,0,0,1,1.0
off,2514,6,0,0,1,1.0
off,4012,6,0,0,1,1.0
off,3312,6,0,0,1,1.0
off,3548,6,0,0,1,1.0
off,3899,6,0,0,1,1.0
off,3100,6,0,0,1,1.0
off,2779,6,0,0,1,1.0
off,3635,6,0,0,1,1.0
off,2768,6,0,0,1,1.0
off,3874,6,0,0,1,1.0
off,4732,6,0,0,1,1.0
off,3589,6,0,0,1,1.0
off,4486,6,0,0,1,1.0
off,3225,7,0,0,1,1.0
off,2906,7,0,0,1,1.0
off,3708,7,0,0,1,1.0
off,4055,7,0,0,1,1.0
off,4582,7,0,0,1,1.0
off,4146,7,0,0,1,1.0
off,3978,7,0,0,1,1.0
off,4792,7,0,0,1,1.0
off,3625,7,0,0,1,1.0
off,4706,7,0,0,1,1.0
off,4162,7,0,0,1,1.0
off,3444,7,0,0,1,1.0
off,2709,7,0,0,1,1.0
off,2844,7,0,0,1,1.0
off,3843,7,0,0,1,1.0
off,4270,7,0,0,1,1.0
off,3020,7,0,0,1,1.0
off,3588,7,0,0,1,1.0
off,3826,7,0,0,1,1.0
off,4419,7,0,0,1,1.0
off,2739,7,0,0,1,1.0
off,3411,7,0,0,1,1.0
off,4994,7,0,0,1,1.0
off,2789,7,0,0,1,1.0
off,4767,7,0,0,1,1.0
off,2639,7,0,0,1,1.0
off,3979,7,0,0,1,1.0
off,2659,7,0,0,1,1.0
off,4766,7,0,0,1,1.0
off,3595,7,0,0,1,1.0
off,4163,7,0,0,1,1.0
off,4913,7,0,0,1,1.0
off,4700,7,0,0,1,1.0
off,4367,7,0,0,1,1.0
off,4100,7,0,0,1,1.0
off,2948,7,0,0,1,1.0
off,4523,7,0,0,1,1.0
off,4682,7,0,0,1,1.0
off,4081,7,0,0,1,1.0
off,2893,7,0,0,1,1.0
off,4845,7,0,0,1,1.0
off,4225,7,0,0,1,1.0
off,4984,7,0,0,1,1.0
off,4152,7,0,0,1,1.0
off,4274,7,0,0,1,1.0
off,4173,7,0,0,1,1.0
off,90,7,1,1,1,1.0
off,2523,7,0,0,1,1.0
off,3572,7,0,0,1,1.0
off,4623,7,0,0,1,1.0
off,54,8,0,1,0,1.0
off,489,8,1,1,1,1.0
off,3505,8,0,0,1,1.0
off,4454,8,0,0,1,1.0
off,3430,8,0,0,1,1.0
off,3728,8,0,0,1,1.0
off,3096,8,0,0,1,1.0
off,3870,8,0,0,1,1.0
off,3182,8,0,0,1,1.0
off,4597,8,0,0,1,1.0
off,4059,8,0,0,1,1.0
off,1119,8,0,1,0,1.0
off,3042,8,0,0,1,1.0
off,2884,8,0,0,1,1.0
off,3356,8,0,0,1,1.0
off,4562,8,0,0,1,1.0
off,553,8,1,1,1,1.0
off,4519,8,0,0,1,1.0
off,4266,8,0,0,1,1.0
off,3284,8,0,0,1,1.0
off,4183,8,0,0,1,1.0
off,3445,8,0,0,1,1.0
off,2931,8,0,0,1,1.0
off,3134,8,0,0,1,1.0
off,2813,8,0,0,1,1.0
off,4331,8,0,0,1,1.0
off,3054,8,0,0,1,1.0
off,3212,8,0,0,1,1.0
off,2712,8,0,0,1,1.0
off,4436,8,0,0,1,1.0
off,4184,8,0,0,1,1.0
off,4917,8,0,0,1,1.0
off,3259,8,0,0,1,1.0
off,2495,8,0,1,0,1.0
off,3156,8,0,0,1,1.0
off,3373,8,0,0,1,1.0
off,2689,8,0,0,1,1.0
off,3377,8,0,0,1,1.0
off,2533,8,0,0,1,1.0
off,4694,8,0,0,1,1.0
off,3862,8,0,0,1,1.0
off,2850,8,0,0,1,1.0
off,2516,8,1,0,0,1.0
off,4392,8,0,0,1,1.0
off,4721,8,0,0,1,1.0
off,2777,8,0,0,1,1.0
off,3753,8,0,0,1,1.0
off,2950,8,0,0,1,1.0
off,3988,8,0,0,1,1.0
off,3059,8,1,0,0,1.0
off,3425,9,0,0,1,1.0
off,4330,9,0,0,1,1.0
off,3224,9,0,0,1,1.0
off,4427,9,0,0,1,1.0
off,2828,9,0,0,1,1.0
off,3740,9,0,0,1,1.0
off,3104,9,0,0,1,1.0
off,4761,9,0,0,1,1.0
off,3944,9,0,0,1,1.0
off,3322,9,0,0,1,1.0
off,2663,9,0,0,1,1.0
off,4220,9,0,0,1,1.0
off,3216,9,0,0,1,1.0
off,3975,9,0,0,1,1.0
off,2971,9,0,0,1,1.0
off,4667,9,0,0,1,1.0
off,3835,9,0,0,1,1.0
off,3906,9,0,0,1,1.0
off,3476,9,0,0,1,1.0
off,4386,9,0,0,1,1.0
off,2530,9,0,0,1,1.0
off,4654,9,0,0,1,1.0
off,4207,9,0,0,1,1.0
off,3959,9,0,0,1,1.0
off,3276,9,0,0,1,1.0
off,3391,9,0,0,1,1.0
off,4954,9,0,0,1,1.0
off,3418,9,0,0,1,1.0
off,4469,9,0,0,1,1.0
off,3125,9,0,0,1,1.0
off,3947,9,0,0,1,1.0
off,3808,9,0,0,1,1.0
off,2651,9,0,0,1,1.0
off,4607,9,0,0,1,1.0
off,4894,9,0,0,1,1.0
off,2252,9,0,1,0,1.0
off,3214,9,0,0,1,1.0
off,4218,9,0,0,1,1.0
off,3011,9,0,0,1,1.0
off,4433,9,0,0,1,1.0
off,3235,9,0,0,1,1.0
off,4216,9,0,0,1,1.0
off,3656,9,0,0,1,1.0
off,4314,9,0,0,1,1.0
off,3316,9,0,0,1,1.0
off,4348,9,0,0,1,1.0
off,4208,9,0,0,1,1.0
off,4858,9,0,0,1,1.0
off,2824,9,0,0,1,1.0
off,4832,9,0,0,1,1.0
off,1797,10,1,1,1,1.0
off,4610,10,0,0,1,1.0
off,1656,10,1,1,1,1.0
off,3310,10,0,0,1,1.0
off,4618,10,0,0,1,1.0
off,4426,10,0,0,1,1.0
off,2608,10,0,0,1,1.0
off,3335,10,0,0,1,1.0
off,4178,10,0,0,1,1.0
off,3938,10,0,0,1,1.0
off,4880,10,0,0,1,1.0
off,4478,10,0,0,1,1.0
off,4636,10,0,0,1,1.0
off,3691,10,0,0,1,1.0
off,3521,10,0,0,1,1.0
off,2539,10,0,0,1,1.0
off,4571,10,0,0,1,1.0
off,3755,10,0,0,1,1.0
off,3219,10,0,0,1,1.0
off,663,10,1,1,1,1.0
off,4992,10,0,0,1,1.0
off,4462,10,0,0,1,1.0
off,2674,10,0,0,1,1.0
off,4638,10,0,0,1,1.0
off,3074,10,0,0,1,1.0
off,2508,10,0,0,1,1.0
off,4200,10,0,0,1,1.0
off,4857,10,0,0,1,1.0
off,3000,10,0,0,1,1.0
off,2897,10,0,0,1,1.0
off,2526,10,0,0,1,1.0
off,3469,10,0,0,1,1.0
off,2840,10,0,0,1,1.0
off,2865,10,0,0,1,1.0
off,4370,10,0,0,1,1.0
off,4217,10,0,0,1,1.0
off,4148,10,0,0,1,1.0
off,23,10,1,1,1,1.0
off,4342,10,0,0,1,1.0
off,2790,10,0,0,1,1.0
off,4657,10,0,0,1,1.0
off,4485,10,0,0,1,1.0
off,4782,10,0,0,1,1.0
off,3692,10,0,0,1,1.0
off,4439,10,0,0,1,1.0
off,4085,10,0,0,1,1.0
off,3141,10,0,0,1,1.0
off,4513,10,0,0,1,1.0
off,1849,10,1,1,1,1.0
off,2065,10,1,1,1,1.0
off,2575,11,0,0,1,1.0
off,1317,11,1,1,1,1.0
off,967,11,1,1,1,1.0
off,1258,11,0,1,0,1.0
off,1918,11,0,1,0,1.0
off,1278,11,1,1,1,1.0
off,4492,11,0,0,1,1.0
off,1664,11,0,1,0,1.0
off,3105,11,0,0,1,1.0
off,2511,11,0,0,1,1.0
off,4410,11,0,0,1,1.0
off,3139,11,0,0,1,1.0
off,3176,11,0,0,1,1.0
off,4309,11,0,0,1,1.0
off,2966,11,0,0,1,1.0
off,4404,11,0,0,1,1.0
off,3173,11,0,0,1,1.0
off,3168,11,0,0,1,1.0
off,2836,11,0,0,1,1.0
off,4671,11,0,0,1,1.0
off,3892,11,0,0,1,1.0
off,1139,11,0,1,0,1.0
off,3714,11,0,0,1,1.0
off,3825,11,0,0,1,1.0
off,2043,11,0,1,0,1.0
off,3884,11,0,0,1,1.0
off,4625,11,0,0,1,1.0
off,3703,11,0,0,1,1.0
off,3908,11,0,0,1,1.0
off,3506,11,0,0,1,1.0
off,3723,11,0,0,1,1.0
off,4354,11,0,0,1,1.0
off,4888,11,0,0,1,1.0
off,3952,11,0,0,1,1.0
off,4641,11,0,0,1,1.0
off,2618,11,0,0,1,1.0
off,3414,11,0,0,1,1.0
off,4953,11,0,0,1,1.0
off,3348,11,0,0,1,1.0
off,3500,11,0,0,1,1.0
off,2683,11,0,0,1,1.0
off,4855,11,0,0,1,1.0
off,1944,11,1,1,1,1.0
off,1814,11,0,1,0,1.0
off,2630,11,0,0,1,1.0
off,3461,11,0,0,1,1.0
off,4093,11,0,0,1,1.0
off,3496,11,0,0,1,1.0
off,3407,11,0,0,1,1.0
off,583,11,1,1,1,1.0
off,2108,12,0,1,0,1.0
off,1229,12,1,1,1,1.0
off,3077,12,0,0,1,1.0
off,3532,12,0,0,1,1.0
off,3660,12,0,0,1,1.0
off,1510,12,0,1,0,1.0
off,929,12,0,1,0,1.0
off,2164,12,1,1,1,1.0
off,3661,12,0,0,1,1.0
off,4124,12,0,0,1,1.0
off,2517,12,0,0,1,1.0
off,4048,12,0,0,1,1.0
off,181,12,1,1,1,1.0
off,4123,12,0,0,1,1.0
off,1494,12,1,1,1,1.0
off,3659,12,0,0,1,1.0
off,4555,12,0,0,1,1.0
off,3673,12,0,0,1,1.0
off,4356,12,0,0,1,1.0
off,3751,12,0,0,1,1.0
off,4678,12,0,0,1,1.0
off,3523,12,0,0,1,1.0
off,4536,12,0,0,1,1.0
off,4042,12,0,0,1,1.0
off,2669,12,0,0,1,1.0
off,2934,12,0,0,1,1.0
off,3201,12,0,0,1,1.0
off,3288,12,0,0,1,1.0
off,3803,12,0,0,1,1.0
off,3489,12,0,0,1,1.0
off,2928,12,0,0,1,1.0
off,3248,12,0,0,1,1.0
off,4748,12,0,0,1,1.0
off,4714,12,0,0,1,1.0
off,2614,12,0,0,1,1.0
off,4175,12,0,0,1,1.0
off,2287,12,1,1,1,1.0
off,3030,12,0,0,1,1.0
off,3644,12,0,0,1,1.0
off,2691,12,0,0,1,1.0
off,4047,12,0,0,1,1.0
off,2778,12,0,0,1,1.0
off,700,12,1,1,1,1.0
off,2476,12,0,1,0,1.0
off,4182,12,0,0,1,1.0
off,1113,12,1,1,1,1.0
off,3389,12,0,0,1,1.0
off,3586,12,0,0,1,1.0
off,3977,12,0,0,1,1.0
off,1330,12,1,1,1,1.0
off,415,13,0,1,0,1.0
off,1097,13,1,1,1,1.0
off,397,13,1,1,1,1.0
off,3066,13,0,0,1,1.0
off,1365,13,0,1,0,1.0
off,3798,13,0,0,1,1.0
off,2409,13,1,1,1,1.0
off,4394,13,0,0,1,1.0
off,4441,13,0,0,1,1.0
off,2945,13,0,0,1,1.0
off,736,13,1,1,1,1.0
off,933,13,0,1,0,1.0
off,2866,13,0,0,1,1.0
off,2814,13,0,0,1,1.0
off,4292,13,0,0,1,1.0
off,2166,13,0,1,0,1.0
off,552,13,0,1,0,1.0
off,4795,13,0,0,1,1.0
off,2993,13,0,0,1,1.0
off,250,13,0,1,0,1.0
off,2699,13,0,0,1,1.0
off,4226,13,0,0,1,1.0
off,2750,13,0,0,1,1.0
off,2535,13,0,0,1,1.0
off,362,13,1,1,1,1.0
off,4987,13,0,0,1,1.0
off,3547,13,0,0,1,1.0
off,4985,13,0,0,1,1.0
off,860,13,0,1,0,1.0
off,4702,13,0,0,1,1.0
off,3591,13,0,0,1,1.0
off,3634,13,0,0,1,1.0
off,943,13,0,1,0,1.0
off,4739,13,0,0,1,1.0
off,3433,13,0,0,1,1.0
off,1832,13,0,1,0,1.0
off,1911,13,0,1,0,1.0
off,912,13,0,1,0,1.0
off,615,13,0,1,0,1.0
off,3234,13,0,0,1,1.0
off,4465,13,0,0,1,1.0
off,3620,13,0,0,1,1.0
off,1014,13,0,1,0,1.0
off,2797,13,0,0,1,1.0
off,4986,13,0,0,1,1.0
off,4374,13,0,0,1,1.0
off,4305,13,0,0,1,1.0
off,3748,13,0,0,1,1.0
off,3777,13,0,0,1,1.0
off,927,13,1,1,1,1.0
off,369,14,0,1,0,1.0
off,59,14,0,1,0,1.0
off,422,14,0,1,0,1.0
off,755,14,0,1,0,1.0
off,760,14,0,1,0,1.0
off,481,14,1,1,1,1.0
off,524,14,0,1,0,1.0
off,370,14,0,1,0,1.0
off,584,14,1,1,1,1.0
off,4121,14,0,0,1,1.0
off,826,14,0,1,0,1.0
off,183,14,0,1,0,1.0
off,745,14,0,1,0,1.0
off,518,14,0,1,0,1.0
off,156,14,0,1,0,1.0
off,66,14,1,1,1,1.0
off,86,14,0,1,0,1.0
off,2187,14,0,1,0,1.0
off,284,14,0,1,0,1.0
off,754,14,0,1,0,1.0
off,750,14,0,1,0,1.0
off,190,14,1,1,1,1.0
off,4127,14,0,0,1,1.0
off,4632,14,0,0,1,1.0
off,448,14,0,1,0,1.0
off,4010,14,0,0,1,1.0
off,4005,14,0,0,1,1.0
off,4248,14,0,0,1,1.0
off,763,14,0,1,0,1.0
off,916,14,0,1,0,1.0
off,4284,14,0,0,1,1.0
off,4078,14,0,0,1,1.0
off,305,14,1,1,1,1.0
off,816,14,0,1,0,1.0
off,4926,14,0,0,1,1.0
off,10,14,0,1,0,1.0
off,4680,14,0,0,1,1.0
off,118,14,0,1,0,1.0
off,3739,14,0,0,1,1.0
off,1446,14,0,1,0,1.0
off,2636,14,0,0,1,1.0
off,3058,14,0,0,1,1.0
off,3737,14,0,0,1,1.0
off,3685,14,0,0,1,1.0
off,4369,14,0,0,1,1.0
off,4186,14,0,0,1,1.0
off,3061,14,0,0,1,1.0
off,85,14,1,1,1,1.0
off,2690,14,0,0,1,1.0
off,2967,14,0,0,1,1.0
off,1093,15,1,1,1,1.0
off,1058,15,1,1,1,1.0
off,1266,15,1,1,1,1.0
off,1253,15,1,1,1,1.0
off,2025,15,0,1,0,1.0
off,1559,15,0,1,0,1.0
off,2334,15,1,1,1,1.0
off,1409,15,0,1,0,1.0
off,1153,15,0,1,0,1.0
off,612,15,1,1,1,1.0
off,1854,15,0,1,0,1.0
off,995,15,0,1,0,1.0
off,1523,15,0,1,0,1.0
off,1864,15,1,1,1,1.0
off,2661,15,0,0,1,1.0
off,2272,15,0,1,0,1.0
off,4941,15,0,0,1,1.0
off,2004,15,0,1,0,1.0
off,3048,15,0,0,1,1.0
off,2917,15,0,0,1,1.0
off,2938,15,0,0,1,1.0
off,2841,15,0,0,1,1.0
off,4007,15,0,0,1,1.0
off,1112,15,0,1,0,1.0
off,327,15,1,1,1,1.0
off,4052,15,0,0,1,1.0
off,4719,15,0,0,1,1.0
off,4413,15,0,0,1,1.0
off,2757,15,0,0,1,1.0
off,2864,15,0,0,1,1.0
off,4738,15,0,0,1,1.0
off,2583,15,0,0,1,1.0
off,4287,15,0,0,1,1.0
off,3937,15,0,0,1,1.0
off,3203,15,0,0,1,1.0
off,2986,15,0,0,1,1.0
off,4794,15,0,0,1,1.0
off,1770,15,1,1,1,1.0
off,3051,15,0,0,1,1.0
off,3883,15,0,0,1,1.0
off,3731,15,0,0,1,1.0
off,2995,15,0,0,1,1.0
off,2637,15,0,0,1,1.0
off,2703,15,0,0,1,1.0
off,4996,15,0,0,1,1.0
off,3343,15,0,0,1,1.0
off,3177,15,0,0,1,1.0
off,4298,15,0,0,1,1.0
off,4543,15,0,0,1,1.0
off,3333,16,0,0,1,1.0
off,1820,16,0,1,0,1.0
off,3913,16,0,0,1,1.0
off,2422,16,1,1,1,1.0
off,732,16,1,1,1,1.0
off,1699,16,0,1,0,1.0
off,1682,16,0,1,0,1.0
off,1781,16,0,1,0,1.0
off,703,16,1,1,1,1.0
off,1416,16,0,1,0,1.0
off,2594,16,0,0,1,1.0
off,2964,16,0,0,1,1.0
off,2878,16,0,0,1,1.0
off,408,16,0,1,0,1.0
off,3451,16,0,0,1,1.0
off,2842,16,0,0,1,1.0
off,2632,16,0,0,1,1.0
off,3111,16,0,0,1,1.0
off,2838,16,0,0,1,1.0
off,4776,16,0,0,1,1.0
off,3305,16,0,0,1,1.0
off,2823,16,0,0,1,1.0
off,4475,16,0,0,1,1.0
off,1971,16,1,1,1,1.0
off,3855,16,0,0,1,1.0
off,3839,16,0,0,1,1.0
off,2890,16,0,0,1,1.0
off,4818,16,0,0,1,1.0
off,3171,16,0,0,1,1.0
off,3881,16,0,0,1,1.0
off,3046,16,0,0,1,1.0
off,2829,16,0,0,1,1.0
off,2098,16,1,1,1,1.0
off,3081,16,0,0,1,1.0
off,4346,16,0,0,1,1.0
off,160,16,1,1,1,1.0
off,2979,16,0,0,1,1.0
off,3359,16,0,0,1,1.0
off,2854,16,0,0,1,1.0
off,4736,16,0,0,1,1.0
off,1140,16,1,1,1,1.0
off,3170,16,0,0,1,1.0
off,2868,16,0,0,1,1.0
off,4560,16,0,0,1,1.0
off,3897,16,0,0,1,1.0
off,12,16,0,1,0,1.0
off,3073,16,0,0,1,1.0
off,2910,16,0,0,1,1.0
off,621,16,1,1,1,1.0
off,573,16,0,1,0,1.0
off,68,17,0,1,0,1.0
off,3756,17,0,0,1,1.0
off,1461,17,1,1,1,1.0
off,2325,17,1,1,1,1.0
off,3416,17,0,0,1,1.0
off,550,17,1,1,1,1.0
off,795,17,1,1,1,1.0
off,220,17,0,1,0,1.0
off,1790,17,0,1,0,1.0
off,356,17,1,1,1,1.0
off,315,17,1,1,1,1.0
off,603,17,0,1,0,1.0
off,3458,17,0,0,1,1.0
off,333,17,1,1,1,1.0
off,4128,17,0,0,1,1.0
off,2070,17,1,1,1,1.0
off,4244,17,0,0,1,1.0
off,400,17,0,1,0,1.0
off,4617,17,0,0,1,1.0
off,4057,17,0,0,1,1.0
off,4051,17,0,0,1,1.0
off,4578,17,0,0,1,1.0
off,1392,17,1,1,1,1.0
off,2908,17,0,0,1,1.0
off,128,17,0,1,0,1.0
off,1940,17,1,1,1,1.0
off,4445,17,0,0,1,1.0
off,3008,17,0,0,1,1.0
off,1018,17,0,1,0,1.0
off,4464,17,0,0,1,1.0
off,3847,17,0,0,1,1.0
off,2245,17,1,1,1,1.0
off,4090,17,0,0,1,1.0
off,2500,17,0,0,1,1.0
off,3890,17,0,0,1,1.0
off,4247,17,0,0,1,1.0
off,4599,17,0,0,1,1.0
off,2708,17,0,0,1,1.0
off,4559,17,0,0,1,1.0
off,2591,17,0,0,1,1.0
off,2562,17,0,0,1,1.0
off,685,17,1,1,1,1.0
off,2793,17,0,0,1,1.0
off,60,17,0,1,0,1.0
off,4025,17,0,0,1,1.0
off,2941,17,0,0,1,1.0
off,1878,17,1,1,1,1.0
off,3267,17,0,0,1,1.0
off,3888,17,0,0,1,1.0
off,962,18,1,1,1,1.0
off,971,18,0,1,0,1.0
off,3655,18,0,0,1,1.0
off,323,18,0,1,0,1.0
off,631,18,0,1,0,1.0
off,414,18,1,1,1,1.0
off,1111,18,1,1,1,1.0
off,1951,18,1,1,1,1.0
off,137,18,1,1,1,1.0
off,1277,18,1,1,1,1.0
off,696,18,0,1,0,1.0
off,2299,18,0,1,0,1.0
off,2370,18,1,1,1,1.0
off,464,18,1,1,1,1.0
off,4484,18,0,0,1,1.0
off,297,18,1,1,1,1.0
off,796,18,1,1,1,1.0
off,155,18,1,1,1,1.0
off,1532,18,1,1,1,1.0
off,611,18,1,1,1,1.0
off,4645,18,0,0,1,1.0
off,1203,18,1,1,1,1.0
off,4724,18,0,0,1,1.0
off,4039,18,0,0,1,1.0
off,1321,18,1,1,1,1.0
off,2170,18,0,1,0,1.0
off,2989,18,0,0,1,1.0
off,3640,18,0,0,1,1.0
off,4733,18,0,0,1,1.0
off,3744,18,0,0,1,1.0
off,4809,18,0,0,1,1.0
off,738,18,0,1,0,1.0
off,540,18,1,1,1,1.0
off,3300,18,0,0,1,1.0
off,849,18,1,1,1,1.0
off,476,18,1,1,1,1.0
off,2765,18,0,0,1,1.0
off,3642,18,0,0,1,1.0
off,4278,18,0,0,1,1.0
off,4749,18,0,0,1,1.0
off,4652,18,0,0,1,1.0
off,4076,18,0,0,1,1.0
off,2996,18,0,0,1,1.0
off,1858,18,0,1,0,1.0
off,4969,18,0,0,1,1.0
off,1778,18,0,1,0,1.0
off,2172,18,1,1,1,1.0
off,3636,18,0,0,1,1.0
off,3925,18,0,0,1,1.0
off,1830,18,0,1,0,1.0
off,558,19,1,1,1,1.0
off,786,19,1,1,1,1.0
off,455,19,1,1,1,1.0
off,733,19,1,1,1,1.0
off,1702,19,0,1,0,1.0
off,607,19,1,1,1,1.0
off,96,19,1,1,1,1.0
off,468,19,1,1,1,1.0
off,1775,19,1,1,1,1.0
off,1029,19,0,1,0,1.0
off,2013,19,1,1,1,1.0
off,259,19,1,1,1,1.0
off,613,19,1,1,1,1.0
off,1066,19,1,1,1,1.0
off,1096,19,1,1,1,1.0
off,1514,19,1,1,1,1.0
off,56,19,1,1,1,1.0
off,979,19,1,1,1,1.0
off,1921,19,0,1,0,1.0
off,398,19,1,1,1,1.0
off,454,19,1,1,1,1.0
off,78,19,1,1,1,1.0
off,1006,19,1,1,1,1.0
off,1731,19,1,1,1,1.0
off,1428,19,0,1,0,1.0
off,949,19,1,1,1,1.0
off,1476,19,1,1,1,1.0
off,496,19,1,1,1,1.0
off,22,19,1,1,1,1.0
off,728,19,0,1,0,1.0
off,2066,19,1,1,1,1.0
off,1680,19,0,1,0,1.0
off,1616,19,1,1,1,1.0
off,2270,19,0,1,0,1.0
off,72,19,0,1,0,1.0
off,235,19,1,1,1,1.0
off,441,19,1,1,1,1.0
off,1957,19,1,1,1,1.0
off,2048,19,0,1,0,1.0
off,239,19,1,1,1,1.0
off,683,19,0,1,0,1.0
off,1412,19,0,1,0,1.0
off,1280,19,1,1,1,1.0
off,2242,19,0,1,0,1.0
off,1016,19,0,1,0,1.0
off,490,19,0,1,0,1.0
off,93,19,1,1,1,1.0
off,968,19,1,1,1,1.0
off,4371,19,0,0,1,1.0
off,1460,19,0,1,0,1.0
off,767,20,1,1,1,1.0
off,2490,20,1,1,1,1.0
off,483,20,1,1,1,1.0
off,2327,20,1,1,1,1.0
off,2246,20,1,1,1,1.0
off,2473,20,1,1,1,1.0
off,2206,20,1,1,1,1.0
off,699,20,1,1,1,1.0
off,2304,20,0,1,0,1.0
off,2424,20,1,1,1,1.0
off,164,20,1,1,1,1.0
off,2848,20,0,0,1,1.0
off,2088,20,0,1,0,1.0
off,221,20,1,1,1,1.0
off,1834,20,1,1,1,1.0
off,2411,20,1,1,1,1.0
off,4134,20,0,0,1,1.0
off,829,20,0,1,0,1.0
off,1194,20,1,1,1,1.0
off,2109,20,1,1,1,1.0
off,2365,20,1,1,1,1.0
off,4546,20,0,0,1,1.0
off,1436,20,1,1,1,1.0
off,2487,20,1,1,1,1.0
off,2427,20,1,1,1,1.0
off,1627,20,1,1,1,1.0
off,4224,20,0,0,1,1.0
off,1095,20,1,1,1,1.0
off,2744,20,0,0,1,1.0
off,986,20,1,1,1,1.0
off,3386,20,0,0,1,1.0
off,2640,20,0,0,1,1.0
off,3856,20,0,0,1,1.0
off,1027,20,1,1,1,1.0
off,2946,20,0,0,1,1.0
off,1794,20,1,1,1,1.0
off,4358,20,0,0,1,1.0
off,765,20,1,1,1,1.0
off,549,20,1,1,1,1.0
off,4966,20,0,0,1,1.0
off,4819,20,0,0,1,1.0
off,191,20,0,1,0,1.0
off,1236,20,0,1,0,1.0
off,1061,20,0,1,0,1.0
off,4835,20,0,0,1,1.0
off,1349,20,1,1,1,1.0
off,495,20,0,1,0,1.0
off,2414,20,1,1,1,1.0
off,2275,20,1,1,1,1.0
off,2314,20,1,1,1,1.0
off,1188,21,0,1,0,1.0
off,771,21,0,1,0,1.0
off,71,21,1,1,1,1.0
off,1946,21,0,1,0,1.0
off,1329,21,1,1,1,1.0
off,661,21,0,1,0,1.0
off,300,21,0,1,0,1.0
off,2,21,1,1,1,1.0
off,1250,21,1,1,1,1.0
off,1307,21,1,1,1,1.0
off,4429,21,0,0,1,1.0
off,19,21,1,1,1,1.0
off,17,21,0,1,0,1.0
off,4728,21,0,0,1,1.0
off,94,21,1,1,1,1.0
off,195,21,1,1,1,1.0
off,4896,21,0,0,1,1.0
off,4596,21,0,0,1,1.0
off,3076,21,0,0,1,1.0
off,1124,21,1,1,1,1.0
off,4418,21,0,0,1,1.0
off,2051,21,1,1,1,1.0
off,3277,21,0,0,1,1.0
off,1803,21,0,1,0,1.0
off,3563,21,0,0,1,1.0
off,1309,21,1,1,1,1.0
off,1861,21,1,1,1,1.0
off,2386,21,1,1,1,1.0
off,1576,21,1,1,1,1.0
off,3863,21,0,0,1,1.0
off,1438,21,1,1,1,1.0
off,1927,21,1,1,1,1.0
off,406,21,1,1,1,1.0
off,1888,21,1,1,1,1.0
off,522,21,1,1,1,1.0
off,1086,21,0,1,0,1.0
off,635,21,1,1,1,1.0
off,4026,21,0,0,1,1.0
off,4391,21,0,0,1,1.0
off,3806,21,0,0,1,1.0
off,2377,21,0,1,0,1.0
off,3428,21,0,0,1,1.0
off,1873,21,0,1,0,1.0
off,2596,21,0,0,1,1.0
off,924,21,0,1,0,1.0
off,2650,21,0,0,1,1.0
off,1876,21,0,1,0,1.0
off,3778,21,0,0,1,1.0
off,984,21,0,1,0,1.0
off,3791,21,0,0,1,1.0
off,894,22,1,1,1,1.0
off,2227,22,1,1,1,1.0
off,429,22,1,1,1,1.0
off,2315,22,0,1,0,1.0
off,257,22,1,1,1,1.0
off,2249,22,1,1,1,1.0
off,2276,22,1,1,1,1.0
off,581,22,0,1,0,1.0
off,2137,22,0,1,0,1.0
off,833,22,1,1,1,1.0
off,1972,22,1,1,1,1.0
off,1534,22,1,1,1,1.0
off,6,22,1,1,1,1.0
off,2356,22,0,1,0,1.0
off,1204,22,0,1,0,1.0
off,1283,22,0,1,0,1.0
off,30,22,0,1,0,1.0
off,2295,22,1,1,1,1.0
off,1757,22,1,1,1,1.0
off,1750,22,0,1,0,1.0
off,892,22,1,1,1,1.0
off,102,22,1,1,1,1.0
off,36,22,1,1,1,1.0
off,372,22,1,1,1,1.0
off,758,22,0,1,0,1.0
off,200,22,1,1,1,1.0
off,326,22,1,1,1,1.0
off,1867,22,0,1,0,1.0
off,494,22,1,1,1,1.0
off,922,22,0,1,0,1.0
off,939,22,1,1,1,1.0
off,45,22,0,1,0,1.0
off,1606,22,0,1,0,1.0
off,4713,22,0,0,1,1.0
off,18,22,1,1,1,1.0
off,3507,22,0,0,1,1.0
off,1999,22,0,1,0,1.0
off,1610,22,1,1,1,1.0
off,616,22,0,1,0,1.0
off,3531,22,0,0,1,1.0
off,1725,22,1,1,1,1.0
off,1468,22,0,1,0,1.0
off,735,22,0,1,0,1.0
off,331,22,0,1,0,1.0
off,3385,22,0,0,1,1.0
off,2426,22,0,1,0,1.0
off,3760,22,0,0,1,1.0
off,2763,22,0,0,1,1.0
off,1044,22,1,1,1,1.0
off,2136,22,0,1,0,1.0
off,1630,23,0,1,0,1.0
off,777,23,0,1,0,1.0
off,1574,23,0,1,0,1.0
off,594,23,1,1,1,1.0
off,1480,23,0,1,0,1.0
off,2485,23,1,1,1,1.0
off,2037,23,0,1,0,1.0
off,232,23,0,1,0,1.0
off,2353,23,0,1,0,1.0
off,1015,23,1,1,1,1.0
off,1960,23,0,1,0,1.0
off,874,23,0,1,0,1.0
off,2379,23,0,1,0,1.0
off,1954,23,1,1,1,1.0
off,705,23,0,1,0,1.0
off,729,23,0,1,0,1.0
off,709,23,0,1,0,1.0
off,1361,23,1,1,1,1.0
off,1211,23,0,1,0,1.0
off,722,23,1,1,1,1.0
off,1863,23,1,1,1,1.0
off,1197,23,0,1,0,1.0
off,1346,23,1,1,1,1.0
off,789,23,1,1,1,1.0
off,153,23,1,1,1,1.0
off,1953,23,0,1,0,1.0
off,491,23,1,1,1,1.0
off,1543,23,0,1,0,1.0
off,2054,23,1,1,1,1.0
off,2143,23,0,1,0,1.0
off,344,23,1,1,1,1.0
off,1624,23,1,1,1,1.0
off,841,23,0,1,0,1.0
off,1679,23,0,1,0,1.0
off,1069,23,1,1,1,1.0
off,1147,23,1,1,1,1.0
off,1121,23,0,1,0,1.0
off,1013,23,1,1,1,1.0
off,1220,23,1,1,1,1.0
off,1040,23,0,1,0,1.0
off,1071,23,0,1,0,1.0
off,3,23,1,1,1,1.0
off,1505,23,0,1,0,1.0
off,620,23,1,1,1,1.0
off,1883,23,1,1,1,1.0
off,1847,23,1,1,1,1.0
off,749,23,1,1,1,1.0
off,1491,23,1,1,1,1.0
off,1447,23,0,1,0,1.0
off,1411,23,0,1,0,1.0
off,492,24,1,1,1,1.0
off,514,24,1,1,1,1.0
off,1760,24,0,1,0,1.0
off,472,24,1,1,1,1.0
off,1902,24,0,1,0,1.0
off,80,24,1,1,1,1.0
off,1846,24,1,1,1,1.0
off,2294,24,0,1,0,1.0
off,1645,24,1,1,1,1.0
off,602,24,1,1,1,1.0
off,1398,24,1,1,1,1.0
off,2103,24,0,1,0,1.0
off,842,24,1,1,1,1.0
off,2277,24,1,1,1,1.0
off,216,24,1,1,1,1.0
off,1762,24,0,1,0,1.0
off,178,24,0,1,0,1.0
off,980,24,1,1,1,1.0
off,914,24,1,1,1,1.0
off,1021,24,1,1,1,1.0
off,2321,24,1,1,1,1.0
off,244,24,1,1,1,1.0
off,134,24,1,1,1,1.0
off,498,24,0,1,0,1.0
off,2328,24,1,1,1,1.0
off,822,24,1,1,1,1.0
off,782,24,1,1,1,1.0
off,652,24,1,1,1,1.0
off,976,24,0,1,0,1.0
off,2110,24,1,1,1,1.0
off,688,24,1,1,1,1.0
off,67,24,1,1,1,1.0
off,2153,24,1,1,1,1.0
off,1179,24,1,1,1,1.0
off,2132,24,1,1,1,1.0
off,2348,24,1,1,1,1.0
off,84,24,0,1,0,1.0
off,2483,24,0,1,0,1.0
off,2092,24,1,1,1,1.0
off,1320,24,0,1,0,1.0
off,1829,24,1,1,1,1.0
off,25,24,0,1,0,1.0
off,1934,24,1,1,1,1.0
off,1970,24,1,1,1,1.0
off,117,24,1,1,1,1.0
off,292,24,1,1,1,1.0
off,2376,24,1,1,1,1.0
off,457,24,1,1,1,1.0
off,964,24,0,1,0,1.0
off,1698,24,0,1,0,1.0
off,1743,25,0,1,0,1.0
off,1671,25,0,1,0,1.0
off,582,25,0,1,0,1.0
off,1485,25,1,1,1,1.0
off,459,25,1,1,1,1.0
off,4935,25,0,0,1,1.0
off,2464,25,0,1,0,1.0
off,1513,25,1,1,1,1.0
off,1345,25,1,1,1,1.0
off,171,25,1,1,1,1.0
off,1851,25,1,1,1,1.0
off,1168,25,1,1,1,1.0
off,1342,25,0,1,0,1.0
off,2183,25,1,1,1,1.0
off,2131,25,1,1,1,1.0
off,648,25,1,1,1,1.0
off,1747,25,1,1,1,1.0
off,1649,25,0,1,0,1.0
off,1734,25,0,1,0,1.0
off,764,25,1,1,1,1.0
off,393,25,0,1,0,1.0
off,1973,25,0,1,0,1.0
off,529,25,1,1,1,1.0
off,1265,25,1,1,1,1.0
off,1721,25,1,1,1,1.0
off,1890,25,0,1,0,1.0
off,1473,25,1,1,1,1.0
off,317,25,0,1,0,1.0
off,1407,25,0,1,0,1.0
off,2078,25,1,1,1,1.0
off,2418,25,1,1,1,1.0
off,3598,25,0,0,1,1.0
off,1969,25,1,1,1,1.0
off,2063,25,1,1,1,1.0
off,3350,25,0,0,1,1.0
off,186,25,0,1,0,1.0
off,4514,25,0,0,1,1.0
off,1533,25,0,1,0,1.0
off,1566,25,1,1,1,1.0
off,1904,25,0,1,0,1.0
off,1602,25,0,1,0,1.0
off,3573,25,0,0,1,1.0
off,3114,25,0,0,1,1.0
off,832,25,1,1,1,1.0
off,1463,25,0,1,0,1.0
off,1712,25,1,1,1,1.0
off,839,25,1,1,1,1.0
off,251,25,1,1,1,1.0
off,1134,25,0,1,0,1.0
off,907,25,0,1,0,1.0
t1_only,4924,1,0,0,1,0.99
t1_only,2843,1,0,0,1,0.99
t1_only,4011,1,0,0,1,0.99
t1_only,3044,1,0,0,1,0.99
t1_only,3082,1,0,0,1,0.99
t1_only,4389,1,0,0,1,0.98
t1_only,3126,1,0,0,1,0.99
t1_only,4712,1,0,0,1,0.99
t1_only,4107,1,0,0,1,0.99
t1_only,2957,1,0,0,1,0.99
t1_only,2733,1,0,0,1,0.99
t1_only,4592,1,0,0,1,0.99
t1_only,3815,1,0,0,1,0.99
t1_only,2974,1,0,0,1,0.99
t1_only,3372,1,0,0,1,0.99
t1_only,4904,1,0,0,1,0.99
t1_only,4547,1,0,0,1,0.98
t1_only,4873,1,0,0,1,0.98
t1_only,2595,1,0,0,1,0.99
t1_only,3395,1,0,0,1,0.99
t1_only,3281,1,0,0,1,0.99
t1_only,4381,1,0,0,1,0.99
t1_only,575,1,1,1,1,0.92
t1_only,4160,1,0,0,1,0.99
t1_only,2815,1,0,0,1,0.99
t1_only,4446,1,0,0,1,0.99
t1_only,4967,1,0,0,1,0.99
t1_only,2710,1,0,0,1,0.98
t1_only,4031,1,0,0,1,0.95
t1_only,4337,1,0,0,1,0.99
t1_only,3706,1,0,0,1,0.99
t1_only,3208,1,0,0,1,0.99
t1_only,3336,1,0,0,1,0.99
t1_only,4318,1,0,0,1,0.95
t1_only,4141,1,0,0,1,0.99
t1_only,4306,1,0,0,1,0.95
t1_only,2585,1,0,0,1,0.99
t1_only,2792,1,0,0,1,0.99
t1_only,3024,1,0,0,1,0.99
t1_only,3113,1,0,0,1,0.99
t1_only,3939,1,0,0,1,0.99
t1_only,3080,1,0,0,1,0.99
t1_only,3828,1,0,0,1,0.99
t1_only,3540,1,0,0,1,0.99
t1_only,3577,1,0,0,1,0.99
t1_only,2886,1,0,0,1,0.99
t1_only,3154,1,0,0,1,0.99
t1_only,3821,1,0,0,1,0.98
t1_only,2694,1,0,0,1,0.99
t1_only,4884,1,0,0,1,0.95
t1_only,2646,2,0,0,1,0.99
t1_only,4676,2,0,0,1,0.98
t1_only,2796,2,0,0,1,0.99
t1_only,3401,2,0,0,1,0.98
t1_only,3151,2,0,0,1,0.99
t1_only,4229,2,0,0,1,0.99
t1_only,4883,2,0,0,1,0.99
t1_only,4989,2,0,0,1,0.95
t1_only,3429,2,0,0,1,0.95
t1_only,568,2,0,1,0,0.99
t1_only,1520,2,0,1,0,0.98
t1_only,1430,2,0,1,0,0.98
t1_only,2932,2,0,0,1,0.95
t1_only,2665,2,0,0,1,0.99
t1_only,4807,2,0,0,1,0.99
t1_only,4083,2,0,0,1,0.99
t1_only,4219,2,0,0,1,0.99
t1_only,2742,2,0,0,1,0.95
t1_only,3093,2,0,0,1,0.99
t1_only,3480,2,0,0,1,0.99
t1_only,4942,2,0,0,1,0.99
t1_only,1254,2,0,1,0,0.95
t1_only,1038,2,1,1,1,0.92
t1_only,1694,2,1,1,1,0.85
t1_only,4589,2,0,0,1,0.98
t1_only,2872,2,0,0,1,0.99
t1_only,3509,2,0,0,1,0.99
t1_only,2780,2,0,0,1,0.97
t1_only,3686,2,0,0,1,0.99
t1_only,4416,2,0,0,1,0.99
t1_only,2627,2,0,0,1,0.99
t1_only,4133,2,0,0,1,0.99
t1_only,2758,2,0,0,1,0.99
t1_only,2557,2,0,0,1,0.99
t1_only,4881,2,0,0,1,0.99
t1_only,3750,2,0,0,1,0.95
t1_only,4697,2,0,0,1,0.99
t1_only,3537,2,0,0,1,0.99
t1_only,2955,2,0,0,1,0.99
t1_only,4928,2,0,0,1,0.99
t1_only,3220,2,0,0,1,0.98
t1_only,3814,2,0,0,1,0.99
t1_only,4122,2,0,0,1,0.98
t1_only,4716,2,0,0,1,0.99
t1_only,4251,2,0,0,1,0.99
t1_only,3364,2,0,0,1,0.98
t1_only,3525,2,0,0,1,0.99
t1_only,4065,2,0,0,1,0.98
t1_only,3773,2,0,0,1,0.98
t1_only,4920,2,0,0,1,0.99
t1_only,4759,3,0,0,1,0.99
t1_only,4502,3,0,0,1,0.99
t1_only,3245,3,0,0,1,0.98
t1_only,2660,3,0,0,1,0.99
t1_only,4587,3,0,0,1,0.99
t1_only,4506,3,0,0,1,0.99
t1_only,2933,3,0,0,1,0.98
t1_only,2666,3,0,0,1,0.99
t1_only,4508,3,0,0,1,0.99
t1_only,3854,3,0,0,1,0.99
t1_only,4097,3,0,0,1,0.99
t1_only,3197,3,0,0,1,0.99
t1_only,2635,3,0,0,1,0.99
t1_only,2816,3,0,0,1,0.95
t1_only,3651,3,0,0,1,0.98
t1_only,3982,3,0,0,1,0.99
t1_only,2604,3,0,0,1,0.99
t1_only,4764,3,0,0,1,0.99
t1_only,2883,3,0,0,1,0.99
t1_only,4528,3,0,0,1,0.95
t1_only,2896,3,0,0,1,0.99
t1_only,3481,3,0,0,1,0.99
t1_only,2547,3,0,0,1,0.99
t1_only,4564,3,0,0,1,0.99
t1_only,4457,3,0,0,1,0.98
t1_only,4865,3,0,0,1,0.99
t1_only,4527,3,0,0,1,0.98
t1_only,4290,3,0,0,1,0.99
t1_only,3466,3,0,0,1,0.99
t1_only,2991,3,0,0,1,0.99
t1_only,3873,3,0,0,1,0.99
t1_only,3761,3,0,0,1,0.99
t1_only,2760,3,0,0,1,0.99
t1_only,4315,3,0,0,1,0.98
t1_only,2586,3,0,0,1,0.99
t1_only,4677,3,0,0,1,0.99
t1_only,3053,3,0,0,1,0.99
t1_only,3796,3,0,0,1,0.99
t1_only,4814,3,0,0,1,0.99
t1_only,3247,3,0,0,1,0.98
t1_only,4955,3,0,0,1,0.99
t1_only,4084,3,0,0,1,0.95
t1_only,4171,3,0,0,1,0.99
t1_only,3254,3,0,0,1,0.95
t1_only,477,3,0,1,0,0.99
t1_only,4327,3,0,0,1,0.99
t1_only,3143,3,0,0,1,0.99
t1_only,3954,3,0,0,1,0.98
t1_only,2881,3,0,0,1,0.99
t1_only,4768,4,0,0,1,0.99
t1_only,4282,4,0,0,1,0.99
t1_only,4499,4,0,0,1,0.98
t1_only,2431,4,1,1,1,0.99
t1_only,2976,4,0,0,1,0.99
t1_only,4406,4,0,0,1,0.99
t1_only,4383,4,0,0,1,0.99
t1_only,4778,4,0,0,1,0.99
t1_only,3733,4,0,0,1,0.99
t1_only,4174,4,0,0,1,0.99
t1_only,2740,4,0,0,1,0.99
t1_only,4897,4,0,0,1,0.99
t1_only,2762,4,0,0,1,0.99
t1_only,3928,4,0,0,1,0.99
t1_only,4783,4,0,0,1,0.99
t1_only,3783,4,0,0,1,0.95
t1_only,3966,4,0,0,1,0.99
t1_only,2711,4,0,0,1,0.99
t1_only,2912,4,0,0,1,0.99
t1_only,4852,4,0,0,1,0.98
t1_only,4366,4,0,0,1,0.99
t1_only,2875,4,0,0,1,0.95
t1_only,3646,4,0,0,1,0.99
t1_only,2785,4,0,0,1,0.99
t1_only,3590,4,0,0,1,0.99
t1_only,3116,4,0,0,1,0.99
t1_only,4256,4,0,0,1,0.99
t1_only,4644,4,0,0,1,0.99
t1_only,4037,4,0,0,1,0.95
t1_only,3369,4,0,0,1,0.99
t1_only,4863,4,0,0,1,0.99
t1_only,3875,4,0,0,1,0.98
t1_only,3207,4,0,0,1,0.99
t1_only,2774,4,1,0,0,0.92
t1_only,3729,4,0,0,1,0.98
t1_only,3068,4,0,0,1,0.99
t1_only,4803,4,0,0,1,0.99
t1_only,563,4,0,1,0,0.95
t1_only,3137,4,0,0,1,0.99
t1_only,2509,4,0,0,1,0.99
t1_only,4754,4,0,0,1,0.95
t1_only,3849,4,0,0,1,0.99
t1_only,1359,4,0,1,0,0.99
t1_only,3765,4,0,0,1,0.99
t1_only,2695,4,0,0,1,0.95
t1_only,3004,4,0,0,1,0.98
t1_only,2631,4,0,0,1,0.99
t1_only,2847,4,0,0,1,0.98
t1_only,2697,4,0,0,1,0.99
t1_only,4959,4,0,0,1,0.98
t1_only,3437,5,0,0,1,0.85
t1_only,2667,5,0,0,1,0.95
t1_only,4082,5,0,0,1,0.99
t1_only,3251,5,0,0,1,0.95
t1_only,3037,5,0,0,1,0.99
t1_only,4237,5,0,0,1,0.98
t1_only,3132,5,0,0,1,0.95
t1_only,3641,5,0,0,1,0.98
t1_only,3283,5,0,0,1,0.98
t1_only,3025,5,0,0,1,0.98
t1_only,4177,5,0,0,1,0.99
t1_only,2609,5,0,0,1,0.98
t1_only,2960,5,0,0,1,0.99
t1_only,4866,5,0,0,1,0.98
t1_only,3366,5,0,0,1,0.99
t1_only,2807,5,0,0,1,0.99
t1_only,4222,5,0,0,1,0.99
t1_only,4919,5,0,0,1,0.95
t1_only,3845,5,0,0,1,0.99
t1_only,3827,5,0,0,1,0.99
t1_only,3192,5,0,0,1,0.99
t1_only,4077,5,0,0,1,0.99
t1_only,3210,5,0,0,1,0.99
t1_only,3103,5,0,0,1,0.99
t1_only,4079,5,0,0,1,0.99
t1_only,2947,5,0,0,1,0.99
t1_only,3838,5,0,0,1,0.99
t1_only,4201,5,0,0,1,0.99
t1_only,3275,5,0,0,1,0.95
t1_only,3699,5,0,0,1,0.99
t1_only,3360,5,0,0,1,0.99
t1_only,4889,5,0,0,1,0.99
t1_only,4649,5,0,0,1,0.99
t1_only,3448,5,0,0,1,0.99
t1_only,4862,5,0,0,1,0.99
t1_only,2565,5,0,0,1,0.99
t1_only,4447,5,0,0,1,0.99
t1_only,2643,5,0,0,1,0.99
t1_only,3088,5,0,0,1,0.99
t1_only,3457,5,0,0,1,0.99
t1_only,4503,5,0,0,1,0.99
t1_only,3347,5,0,0,1,0.95
t1_only,4751,5,0,0,1,0.98
t1_only,3504,5,0,0,1,0.99
t1_only,3619,5,0,0,1,0.98
t1_only,3880,5,0,0,1,0.98
t1_only,3878,5,0,0,1,0.99
t1_only,3227,5,0,0,1,0.99
t1_only,3410,5,0,0,1,0.95
t1_only,2743,5,0,0,1,0.99
t1_only,2773,6,0,0,1,0.98
t1_only,4053,6,0,0,1,0.99
t1_only,3256,6,0,0,1,0.99
t1_only,3408,6,0,0,1,0.99
t1_only,2802,6,0,0,1,0.99
t1_only,3464,6,0,0,1,0.99
t1_only,3738,6,0,0,1,0.99
t1_only,2580,6,0,0,1,0.99
t1_only,3273,6,0,0,1,0.99
t1_only,2720,6,0,0,1,0.99
t1_only,3470,6,0,0,1,0.98
t1_only,3926,6,0,0,1,0.95
t1_only,3649,6,0,0,1,0.99
t1_only,4254,6,0,0,1,0.99
t1_only,3568,6,0,0,1,0.99
t1_only,4063,6,0,0,1,0.99
t1_only,3463,6,0,0,1,0.99
t1_only,2874,6,0,0,1,0.99
t1_only,3551,6,0,0,1,0.99
t1_only,2644,6,0,0,1,0.98
t1_only,2741,6,0,0,1,0.99
t1_only,3657,6,0,0,1,0.99
t1_only,3764,6,0,0,1,0.99
t1_only,4255,6,0,0,1,0.99
t1_only,3223,6,0,0,1,0.99
t1_only,3817,6,0,0,1,0.95
t1_only,2751,6,0,0,1,0.99
t1_only,2753,6,0,0,1,0.99
t1_only,4930,6,0,0,1,0.99
t1_only,4294,6,0,0,1,0.99
t1_only,4343,6,0,0,1,0.99
t1_only,3290,6,0,0,1,0.99
t1_only,3382,6,0,0,1,0.95
t1_only,4126,6,0,0,1,0.99
t1_only,2781,6,0,0,1,0.99
t1_only,4906,6,0,0,1,0.99
t1_only,4307,6,0,0,1,0.95
t1_only,2514,6,0,0,1,0.95
t1_only,4012,6,0,0,1,0.99
t1_only,3312,6,0,0,1,0.99
t1_only,3548,6,0,0,1,0.95
t1_only,3899,6,0,0,1,0.98
t1_only,3100,6,0,0,1,0.99
t1_only,2779,6,0,0,1,0.99
t1_only,3635,6,0,0,1,0.99
t1_only,2768,6,0,0,1,0.98
t1_only,3874,6,0,0,1,0.98
t1_only,4732,6,0,0,1,0.99
t1_only,3589,6,0,0,1,0.95
t1_only,4486,6,0,0,1,0.99
t1_only,3225,7,0,0,1,0.99
t1_only,2906,7,0,0,1,0.98
t1_only,3708,7,0,0,1,0.99
t1_only,4055,7,0,0,1,0.99
t1_only,4582,7,0,0,1,0.99
t1_only,4146,7,0,0,1,0.99
t1_only,3978,7,0,0,1,0.99
t1_only,4792,7,0,0,1,0.99
t1_only,3625,7,0,0,1,0.99
t1_only,4706,7,0,0,1,0.99
t1_only,4162,7,0,0,1,0.99
t1_only,3444,7,0,0,1,0.99
t1_only,2709,7,0,0,1,0.99
t1_only,2844,7,0,0,1,0.98
t1_only,3843,7,0,0,1,0.99
t1_only,4270,7,0,0,1,0.99
t1_only,3020,7,0,0,1,0.99
t1_only,3588,7,0,0,1,0.99
t1_only,3826,7,0,0,1,0.99
t1_only,4419,7,0,0,1,0.99
t1_only,2739,7,0,0,1,0.98
t1_only,3411,7,0,0,1,0.99
t1_only,4994,7,0,0,1,0.99
t1_only,2789,7,0,0,1,0.98
t1_only,4767,7,0,0,1,0.99
t1_only,2639,7,0,0,1,0.99
t1_only,3979,7,0,0,1,0.98
t1_only,2659,7,0,0,1,0.99
t1_only,4766,7,0,0,1,0.98
t1_only,3595,7,0,0,1,0.95
t1_only,4163,7,0,0,1,0.95
t1_only,4913,7,0,0,1,0.99
t1_only,4700,7,0,0,1,0.99
t1_only,4367,7,0,0,1,0.95
t1_only,4100,7,0,0,1,0.99
t1_only,2948,7,0,0,1,0.95
t1_only,4523,7,0,0,1,0.99
t1_only,4682,7,0,0,1,0.95
t1_only,4081,7,0,0,1,0.99
t1_only,2893,7,0,0,1,0.99
t1_only,4845,7,0,0,1,0.99
t1_only,4225,7,0,0,1,0.99
t1_only,4984,7,0,0,1,0.95
t1_only,4152,7,0,0,1,0.99
t1_only,4274,7,0,0,1,0.99
t1_only,4173,7,0,0,1,0.99
t1_only,90,7,1,1,1,0.85
t1_only,2523,7,0,0,1,0.99
t1_only,3572,7,0,0,1,0.95
t1_only,4623,7,0,0,1,0.98
t1_only,54,8,0,1,0,0.95
t1_only,489,8,1,1,1,0.99
t1_only,3505,8,0,0,1,0.95
t1_only,4454,8,0,0,1,0.99
t1_only,3430,8,0,0,1,0.98
t1_only,3728,8,0,0,1,0.99
t1_only,3096,8,0,0,1,0.99
t1_only,3870,8,0,0,1,0.99
t1_only,3182,8,0,0,1,0.99
t1_only,4597,8,0,0,1,0.99
t1_only,4059,8,0,0,1,0.99
t1_only,1119,8,0,1,0,0.95
t1_only,3042,8,0,0,1,0.99
t1_only,2884,8,0,0,1,0.99
t1_only,3356,8,0,0,1,0.99
t1_only,4562,8,0,0,1,0.99
t1_only,553,8,1,1,1,0.94
t1_only,4519,8,0,0,1,0.99
t1_only,4266,8,0,0,1,0.98
t1_only,3284,8,0,0,1,0.99
t1_only,4183,8,0,0,1,0.95
t1_only,3445,8,0,0,1,0.99
t1_only,2931,8,0,0,1,0.95
t1_only,3134,8,0,0,1,0.95
t1_only,2813,8,0,0,1,0.95
t1_only,4331,8,0,0,1,0.99
t1_only,3054,8,0,0,1,0.99
t1_only,3212,8,0,0,1,0.99
t1_only,2712,8,0,0,1,0.99
t1_only,4436,8,0,0,1,0.99
t1_only,4184,8,0,0,1,0.98
t1_only,4917,8,0,0,1,0.99
t1_only,3259,8,0,0,1,0.99
t1_only,2495,8,0,1,0,0.95
t1_only,3156,8,0,0,1,0.95
t1_only,3373,8,0,0,1,0.99
t1_only,2689,8,0,0,1,0.99
t1_only,3377,8,0,0,1,0.98
t1_only,2533,8,0,0,1,0.95
t1_only,4694,8,0,0,1,0.99
t1_only,3862,8,0,0,1,0.99
t1_only,2850,8,0,0,1,0.99
t1_only,2516,8,1,0,0,0.92
t1_only,4392,8,0,0,1,0.95
t1_only,4721,8,0,0,1,0.98
t1_only,2777,8,0,0,1,0.99
t1_only,3753,8,0,0,1,0.99
t1_only,2950,8,0,0,1,0.98
t1_only,3988,8,0,0,1,0.98
t1_only,3059,8,1,0,0,0.85
t1_only,3425,9,0,0,1,0.95
t1_only,4330,9,0,0,1,0.95
t1_only,3224,9,0,0,1,0.95
t1_only,4427,9,0,0,1,0.99
t1_only,2828,9,0,0,1,0.99
t1_only,3740,9,0,0,1,0.99
t1_only,3104,9,0,0,1,0.98
t1_only,4761,9,0,0,1,0.99
t1_only,3944,9,0,0,1,0.99
t1_only,3322,9,0,0,1,0.99
t1_only,2663,9,0,0,1,0.99
t1_only,4220,9,0,0,1,0.99
t1_only,3216,9,0,0,1,0.99
t1_only,3975,9,0,0,1,0.99
t1_only,2971,9,0,0,1,0.95
t1_only,4667,9,0,0,1,0.99
t1_only,3835,9,0,0,1,0.99
t1_only,3906,9,0,0,1,0.95
t1_only,3476,9,0,0,1,0.98
t1_only,4386,9,0,0,1,0.99
t1_only,2530,9,0,0,1,0.99
t1_only,4654,9,0,0,1,0.99
t1_only,4207,9,0,0,1,0.99
t1_only,3959,9,0,0,1,0.95
t1_only,3276,9,0,0,1,0.99
t1_only,3391,9,0,0,1,0.98
t1_only,4954,9,0,0,1,0.99
t1_only,3418,9,0,0,1,0.98
t1_only,4469,9,0,0,1,0.99
t1_only,3125,9,0,0,1,0.95
t1_only,3947,9,0,0,1,0.99
t1_only,3808,9,0,0,1,0.99
t1_only,2651,9,0,0,1,0.99
t1_only,4607,9,0,0,1,0.98
t1_only,4894,9,0,0,1,0.98
t1_only,2252,9,0,1,0,0.95
t1_only,3214,9,0,0,1,0.98
t1_only,4218,9,0,0,1,0.99
t1_only,3011,9,0,0,1,0.99
t1_only,4433,9,0,0,1,0.99
t1_only,3235,9,0,0,1,0.99
t1_only,4216,9,0,0,1,0.99
t1_only,3656,9,0,0,1,0.99
t1_only,4314,9,0,0,1,0.99
t1_only,3316,9,0,0,1,0.99
t1_only,4348,9,0,0,1,0.95
t1_only,4208,9,0,0,1,0.99
t1_only,4858,9,0,0,1,0.99
t1_only,2824,9,0,0,1,0.98
t1_only,4832,9,0,0,1,0.99
t1_only,1797,10,1,1,1,0.92
t1_only,4610,10,0,0,1,0.99
t1_only,1656,10,1,1,1,0.85
t1_only,3310,10,0,0,1,0.98
t1_only,4618,10,0,0,1,0.99
t1_only,4426,10,0,0,1,0.99
t1_only,2608,10,0,0,1,0.99
t1_only,3335,10,0,0,1,0.99
t1_only,4178,10,0,0,1,0.99
t1_only,3938,10,0,0,1,0.99
t1_only,4880,10,0,0,1,0.99
t1_only,4478,10,0,0,1,0.99
t1_only,4636,10,0,0,1,0.98
t1_only,3691,10,0,0,1,0.99
t1_only,3521,10,0,0,1,0.99
t1_only,2539,10,0,0,1,0.99
t1_only,4571,10,0,0,1,0.99
t1_only,3755,10,0,0,1,0.99
t1_only,3219,10,0,0,1,0.99
t1_only,663,10,1,1,1,0.85
t1_only,4992,10,0,0,1,0.99
t1_only,4462,10,0,0,1,0.99
t1_only,2674,10,0,0,1,0.99
t1_only,4638,10,0,0,1,0.99
t1_only,3074,10,0,0,1,0.95
t1_only,2508,10,0,0,1,0.95
t1_only,4200,10,0,0,1,0.95
t1_only,4857,10,0,0,1,0.95
t1_only,3000,10,0,0,1,0.99
t1_only,2897,10,0,0,1,0.98
t1_only,2526,10,0,0,1,0.95
t1_only,3469,10,0,0,1,0.99
t1_only,2840,10,0,0,1,0.99
t1_only,2865,10,0,0,1,0.99
t1_only,4370,10,0,0,1,0.99
t1_only,4217,10,0,0,1,0.99
t1_only,4148,10,0,0,1,0.99
t1_only,23,10,1,1,1,0.92
t1_only,4342,10,0,0,1,0.98
t1_only,2790,10,0,0,1,0.99
t1_only,4657,10,0,0,1,0.99
t1_only,4485,10,0,0,1,0.99
t1_only,4782,10,0,0,1,0.99
t1_only,3692,10,0,0,1,0.98
t1_only,4439,10,0,0,1,0.99
t1_only,4085,10,0,0,1,0.99
t1_only,3141,10,0,0,1,0.99
t1_only,4513,10,0,0,1,0.99
t1_only,1849,10,1,1,1,0.95
t1_only,2065,10,1,1,1,0.85
t1_only,2575,11,0,0,1,0.99
t1_only,1317,11,1,1,1,0.92
t1_only,967,11,1,1,1,0.85
t1_only,1258,11,0,1,0,0.95
t1_only,1918,11,0,1,0,0.95
t1_only,1278,11,1,1,1,0.86
t1_only,4492,11,0,0,1,0.95
t1_only,1664,11,0,1,0,0.85
t1_only,3105,11,0,0,1,0.99
t1_only,2511,11,0,0,1,0.99
t1_only,4410,11,0,0,1,0.99
t1_only,3139,11,0,0,1,0.99
t1_only,3176,11,0,0,1,0.99
t1_only,4309,11,0,0,1,0.99
t1_only,2966,11,0,0,1,0.99
t1_only,4404,11,0,0,1,0.99
t1_only,3173,11,0,0,1,0.99
t1_only,3168,11,0,0,1,0.99
t1_only,2836,11,0,0,1,0.98
t1_only,4671,11,0,0,1,0.99
t1_only,3892,11,0,0,1,0.99
t1_only,1139,11,0,1,0,0.95
t1_only,3714,11,0,0,1,0.98
t1_only,3825,11,0,0,1,0.98
t1_only,2043,11,0,1,0,0.95
t1_only,3884,11,0,0,1,0.99
t1_only,4625,11,0,0,1,0.98
t1_only,3703,11,0,0,1,0.99
t1_only,3908,11,0,0,1,0.99
t1_only,3506,11,0,0,1,0.98
t1_only,3723,11,0,0,1,0.99
t1_only,4354,11,0,0,1,0.98
t1_only,4888,11,0,0,1,0.99
t1_only,3952,11,0,0,1,0.98
t1_only,4641,11,0,0,1,0.95
t1_only,2618,11,0,0,1,0.99
t1_only,3414,11,0,0,1,0.99
t1_only,4953,11,0,0,1,0.99
t1_only,3348,11,0,0,1,0.99
t1_only,3500,11,0,0,1,0.95
t1_only,2683,11,0,0,1,0.99
t1_only,4855,11,0,0,1,0.95
t1_only,1944,11,1,1,1,0.85
t1_only,1814,11,0,1,0,0.95
t1_only,2630,11,0,0,1,0.98
t1_only,3461,11,0,0,1,0.99
t1_only,4093,11,0,0,1,0.99
t1_only,3496,11,0,0,1,0.99
t1_only,3407,11,0,0,1,0.99
t1_only,583,11,1,1,1,0.92
t1_only,2108,12,0,1,0,0.85
t1_only,1229,12,1,1,1,0.92
t1_only,3077,12,0,0,1,0.95
t1_only,3532,12,0,0,1,0.99
t1_only,3660,12,0,0,1,0.99
t1_only,1510,12,0,1,0,0.92
t1_only,929,12,0,1,0,0.85
t1_only,2164,12,1,1,1,0.92
t1_only,3661,12,0,0,1,0.99
t1_only,4124,12,0,0,1,0.95
t1_only,2517,12,0,0,1,0.99
t1_only,4048,12,0,0,1,0.99
t1_only,181,12,1,1,1,0.99
t1_only,4123,12,0,0,1,0.99
t1_only,1494,12,1,1,1,0.95
t1_only,3659,12,0,0,1,0.99
t1_only,4555,12,0,0,1,0.99
t1_only,3673,12,0,0,1,0.99
t1_only,4356,12,0,0,1,0.99
t1_only,3751,12,0,0,1,0.99
t1_only,4678,12,0,0,1,0.99
t1_only,3523,12,0,0,1,0.99
t1_only,4536,12,0,0,1,0.98
t1_only,4042,12,0,0,1,0.99
t1_only,2669,12,0,0,1,0.99
t1_only,2934,12,0,0,1,0.99
t1_only,3201,12,0,0,1,0.99
t1_only,3288,12,0,0,1,0.98
t1_only,3803,12,0,0,1,0.95
t1_only,3489,12,0,0,1,0.98
t1_only,2928,12,0,0,1,0.95
t1_only,3248,12,0,0,1,0.99
t1_only,4748,12,0,0,1,0.98
t1_only,4714,12,0,0,1,0.95
t1_only,2614,12,0,0,1,0.99
t1_only,4175,12,0,0,1,0.99
t1_only,2287,12,1,1,1,0.92
t1_only,3030,12,0,0,1,0.99
t1_only,3644,12,0,0,1,0.98
t1_only,2691,12,0,0,1,0.98
t1_only,4047,12,0,0,1,0.98
t1_only,2778,12,0,0,1,0.98
t1_only,700,12,1,1,1,0.92
t1_only,2476,12,0,1,0,0.95
t1_only,4182,12,0,0,1,0.99
t1_only,1113,12,1,1,1,0.85
t1_only,3389,12,0,0,1,0.99
t1_only,3586,12,0,0,1,0.99
t1_only,3977,12,0,0,1,0.99
t1_only,1330,12,1,1,1,0.92
t1_only,415,13,0,1,0,0.98
t1_only,1097,13,1,1,1,0.95
t1_only,397,13,1,1,1,0.92
t1_only,3066,13,0,0,1,0.95
t1_only,1365,13,0,1,0,0.95
t1_only,3798,13,0,0,1,0.95
t1_only,2409,13,1,1,1,0.85
t1_only,4394,13,0,0,1,0.99
t1_only,4441,13,0,0,1,0.99
t1_only,2945,13,0,0,1,0.99
t1_only,736,13,1,1,1,0.92
t1_only,933,13,0,1,0,0.95
t1_only,2866,13,0,0,1,0.99
t1_only,2814,13,0,0,1,0.99
t1_only,4292,13,0,0,1,0.99
t1_only,2166,13,0,1,0,0.95
t1_only,552,13,0,1,0,0.95
t1_only,4795,13,0,0,1,0.99
t1_only,2993,13,0,0,1,0.99
t1_only,250,13,0,1,0,0.95
t1_only,2699,13,0,0,1,0.99
t1_only,4226,13,0,0,1,0.99
t1_only,2750,13,0,0,1,0.99
t1_only,2535,13,0,0,1,0.99
t1_only,362,13,1,1,1,0.92
t1_only,4987,13,0,0,1,0.95
t1_only,3547,13,0,0,1,0.99
t1_only,4985,13,0,0,1,0.99
t1_only,860,13,0,1,0,0.95
t1_only,4702,13,0,0,1,0.99
t1_only,3591,13,0,0,1,0.99
t1_only,3634,13,0,0,1,0.98
t1_only,943,13,0,1,0,0.95
t1_only,4739,13,0,0,1,0.95
t1_only,3433,13,0,0,1,0.99
t1_only,1832,13,0,1,0,0.85
t1_only,1911,13,0,1,0,0.85
t1_only,912,13,0,1,0,0.85
t1_only,615,13,0,1,0,0.95
t1_only,3234,13,0,0,1,0.98
t1_only,4465,13,0,0,1,0.98
t1_only,3620,13,0,0,1,0.98
t1_only,1014,13,0,1,0,0.95
t1_only,2797,13,0,0,1,0.98
t1_only,4986,13,0,0,1,0.99
t1_only,4374,13,0,0,1,0.99
t1_only,4305,13,0,0,1,0.98
t1_only,3748,13,0,0,1,0.95
t1_only,3777,13,0,0,1,0.99
t1_only,927,13,1,1,1,0.92
t1_only,369,14,0,1,0,0.99
t1_only,59,14,0,1,0,0.95
t1_only,422,14,0,1,0,0.95
t1_only,755,14,0,1,0,0.95
t1_only,760,14,0,1,0,0.98
t1_only,481,14,1,1,1,0.92
t1_only,524,14,0,1,0,0.98
t1_only,370,14,0,1,0,0.95
t1_only,584,14,1,1,1,0.97
t1_only,4121,14,0,0,1,0.95
t1_only,826,14,0,1,0,0.98
t1_only,183,14,0,1,0,0.98
t1_only,745,14,0,1,0,0.99
t1_only,518,14,0,1,0,0.95
t1_only,156,14,0,1,0,0.99
t1_only,66,14,1,1,1,0.88
t1_only,86,14,0,1,0,0.98
t1_only,2187,14,0,1,0,0.95
t1_only,284,14,0,1,0,0.85
t1_only,754,14,0,1,0,0.95
t1_only,750,14,0,1,0,0.95
t1_only,190,14,1,1,1,0.92
t1_only,4127,14,0,0,1,0.98
t1_only,4632,14,0,0,1,0.98
t1_only,448,14,0,1,0,0.95
t1_only,4010,14,0,0,1,0.99
t1_only,4005,14,0,0,1,0.99
t1_only,4248,14,0,0,1,0.99
t1_only,763,14,0,1,0,0.95
t1_only,916,14,0,1,0,0.95
t1_only,4284,14,0,0,1,0.98
t1_only,4078,14,0,0,1,0.99
t1_only,305,14,1,1,1,0.92
t1_only,816,14,0,1,0,0.99
t1_only,4926,14,0,0,1,0.99
t1_only,10,14,0,1,0,0.95
t1_only,4680,14,0,0,1,0.99
t1_only,118,14,0,1,0,0.95
t1_only,3739,14,0,0,1,0.99
t1_only,1446,14,0,1,0,0.98
t1_only,2636,14,0,0,1,0.99
t1_only,3058,14,0,0,1,0.99
t1_only,3737,14,0,0,1,0.99
t1_only,3685,14,0,0,1,0.98
t1_only,4369,14,0,0,1,0.99
t1_only,4186,14,0,0,1,0.99
t1_only,3061,14,0,0,1,0.99
t1_only,85,14,1,1,1,0.92
t1_only,2690,14,0,0,1,0.99
t1_only,2967,14,0,0,1,0.98
t1_only,1093,15,1,1,1,0.97
t1_only,1058,15,1,1,1,0.92
t1_only,1266,15,1,1,1,0.92
t1_only,1253,15,1,1,1,0.92
t1_only,2025,15,0,1,0,0.95
t1_only,1559,15,0,1,0,0.95
t1_only,2334,15,1,1,1,0.92
t1_only,1409,15,0,1,0,0.95
t1_only,1153,15,0,1,0,0.98
t1_only,612,15,1,1,1,0.85
t1_only,1854,15,0,1,0,0.98
t1_only,995,15,0,1,0,0.99
t1_only,1523,15,0,1,0,0.92
t1_only,1864,15,1,1,1,0.93
t1_only,2661,15,0,0,1,0.98
t1_only,2272,15,0,1,0,0.95
t1_only,4941,15,0,0,1,0.95
t1_only,2004,15,0,1,0,0.95
t1_only,3048,15,0,0,1,0.98
t1_only,2917,15,0,0,1,0.95
t1_only,2938,15,0,0,1,0.98
t1_only,2841,15,0,0,1,0.99
t1_only,4007,15,0,0,1,0.99
t1_only,1112,15,0,1,0,0.95
t1_only,327,15,1,1,1,0.85
t1_only,4052,15,0,0,1,0.99
t1_only,4719,15,0,0,1,0.99
t1_only,4413,15,0,0,1,0.99
t1_only,2757,15,0,0,1,0.95
t1_only,2864,15,0,0,1,0.99
t1_only,4738,15,0,0,1,0.99
t1_only,2583,15,0,0,1,0.98
t1_only,4287,15,0,0,1,0.99
t1_only,3937,15,0,0,1,0.98
t1_only,3203,15,0,0,1,0.99
t1_only,2986,15,0,0,1,0.99
t1_only,4794,15,0,0,1,0.95
t1_only,1770,15,1,1,1,0.92
t1_only,3051,15,0,0,1,0.99
t1_only,3883,15,0,0,1,0.98
t1_only,3731,15,0,0,1,0.99
t1_only,2995,15,0,0,1,0.98
t1_only,2637,15,0,0,1,0.99
t1_only,2703,15,0,0,1,0.99
t1_only,4996,15,0,0,1,0.95
t1_only,3343,15,0,0,1,0.95
t1_only,3177,15,0,0,1,0.99
t1_only,4298,15,0,0,1,0.99
t1_only,4543,15,0,0,1,0.99
t1_only,3333,16,0,0,1,0.97
t1_only,1820,16,0,1,0,0.95
t1_only,3913,16,0,0,1,0.95
t1_only,2422,16,1,1,1,0.92
t1_only,732,16,1,1,1,0.92
t1_only,1699,16,0,1,0,0.95
t1_only,1682,16,0,1,0,0.95
t1_only,1781,16,0,1,0,0.95
t1_only,703,16,1,1,1,0.92
t1_only,1416,16,0,1,0,0.95
t1_only,2594,16,0,0,1,0.99
t1_only,2964,16,0,0,1,0.99
t1_only,2878,16,0,0,1,0.95
t1_only,408,16,0,1,0,0.95
t1_only,3451,16,0,0,1,0.95
t1_only,2842,16,0,0,1,0.99
t1_only,2632,16,0,0,1,0.98
t1_only,3111,16,0,0,1,0.95
t1_only,2838,16,0,0,1,0.95
t1_only,4776,16,0,0,1,0.99
t1_only,3305,16,0,0,1,0.98
t1_only,2823,16,0,0,1,0.99
t1_only,4475,16,0,0,1,0.99
t1_only,1971,16,1,1,1,0.95
t1_only,3855,16,0,0,1,0.99
t1_only,3839,16,0,0,1,0.99
t1_only,2890,16,0,0,1,0.99
t1_only,4818,16,0,0,1,0.98
t1_only,3171,16,0,0,1,0.99
t1_only,3881,16,0,0,1,0.98
t1_only,3046,16,0,0,1,0.99
t1_only,2829,16,0,0,1,0.99
t1_only,2098,16,1,1,1,0.85
t1_only,3081,16,0,0,1,0.99
t1_only,4346,16,0,0,1,0.98
t1_only,160,16,1,1,1,0.85
t1_only,2979,16,0,0,1,0.98
t1_only,3359,16,0,0,1,0.99
t1_only,2854,16,0,0,1,0.98
t1_only,4736,16,0,0,1,0.99
t1_only,1140,16,1,1,1,0.85
t1_only,3170,16,0,0,1,0.98
t1_only,2868,16,0,0,1,0.99
t1_only,4560,16,0,0,1,0.99
t1_only,3897,16,0,0,1,0.98
t1_only,12,16,0,1,0,0.95
t1_only,3073,16,0,0,1,0.99
t1_only,2910,16,0,0,1,0.95
t1_only,621,16,1,1,1,0.92
t1_only,573,16,0,1,0,0.95
t1_only,68,17,0,1,0,0.95
t1_only,3756,17,0,0,1,0.98
t1_only,1461,17,1,1,1,0.99
t1_only,2325,17,1,1,1,0.95
t1_only,3416,17,0,0,1,0.99
t1_only,550,17,1,1,1,0.98
t1_only,795,17,1,1,1,0.92
t1_only,220,17,0,1,0,0.95
t1_only,1790,17,0,1,0,0.95
t1_only,356,17,1,1,1,0.92
t1_only,315,17,1,1,1,0.85
t1_only,603,17,0,1,0,0.95
t1_only,3458,17,0,0,1,0.95
t1_only,333,17,1,1,1,0.92
t1_only,4128,17,0,0,1,0.95
t1_only,2070,17,1,1,1,0.85
t1_only,4244,17,0,0,1,0.99
t1_only,400,17,0,1,0,0.85
t1_only,4617,17,0,0,1,0.99
t1_only,4057,17,0,0,1,0.99
t1_only,4051,17,0,0,1,0.95
t1_only,4578,17,0,0,1,0.99
t1_only,1392,17,1,1,1,0.92
t1_only,2908,17,0,0,1,0.99
t1_only,128,17,0,1,0,0.95
t1_only,1940,17,1,1,1,0.92
t1_only,4445,17,0,0,1,0.99
t1_only,3008,17,0,0,1,0.99
t1_only,1018,17,0,1,0,0.99
t1_only,4464,17,0,0,1,0.99
t1_only,3847,17,0,0,1,0.99
t1_only,2245,17,1,1,1,0.85
t1_only,4090,17,0,0,1,0.99
t1_only,2500,17,0,0,1,0.98
t1_only,3890,17,0,0,1,0.99
t1_only,4247,17,0,0,1,0.99
t1_only,4599,17,0,0,1,0.99
t1_only,2708,17,0,0,1,0.99
t1_only,4559,17,0,0,1,0.99
t1_only,2591,17,0,0,1,0.99
t1_only,2562,17,0,0,1,0.99
t1_only,685,17,1,1,1,0.92
t1_only,2793,17,0,0,1,0.99
t1_only,60,17,0,1,0,0.95
t1_only,4025,17,0,0,1,0.98
t1_only,2941,17,0,0,1,0.99
t1_only,1878,17,1,1,1,0.85
t1_only,3267,17,0,0,1,0.99
t1_only,3888,17,0,0,1,0.98
t1_only,962,18,1,1,1,0.99
t1_only,971,18,0,1,0,0.85
t1_only,3655,18,0,0,1,0.95
t1_only,323,18,0,1,0,0.95
t1_only,631,18,0,1,0,0.85
t1_only,414,18,1,1,1,0.92
t1_only,1111,18,1,1,1,0.97
t1_only,1951,18,1,1,1,0.88
t1_only,137,18,1,1,1,0.95
t1_only,1277,18,1,1,1,0.92
t1_only,696,18,0,1,0,0.95
t1_only,2299,18,0,1,0,0.98
t1_only,2370,18,1,1,1,0.92
t1_only,464,18,1,1,1,0.92
t1_only,4484,18,0,0,1,0.95
t1_only,297,18,1,1,1,0.85
t1_only,796,18,1,1,1,0.92
t1_only,155,18,1,1,1,0.92
t1_only,1532,18,1,1,1,0.92
t1_only,611,18,1,1,1,0.85
t1_only,4645,18,0,0,1,0.99
t1_only,1203,18,1,1,1,0.85
t1_only,4724,18,0,0,1,0.99
t1_only,4039,18,0,0,1,0.99
t1_only,1321,18,1,1,1,0.85
t1_only,2170,18,0,1,0,0.85
t1_only,2989,18,0,0,1,0.99
t1_only,3640,18,0,0,1,0.99
t1_only,4733,18,0,0,1,0.99
t1_only,3744,18,0,0,1,0.99
t1_only,4809,18,0,0,1,0.99
t1_only,738,18,0,1,0,0.99
t1_only,540,18,1,1,1,0.85
t1_only,3300,18,0,0,1,0.99
t1_only,849,18,1,1,1,0.85
t1_only,476,18,1,1,1,0.95
t1_only,2765,18,0,0,1,0.95
t1_only,3642,18,0,0,1,0.99
t1_only,4278,18,0,0,1,0.99
t1_only,4749,18,0,0,1,0.99
t1_only,4652,18,0,0,1,0.99
t1_only,4076,18,0,0,1,0.95
t1_only,2996,18,0,0,1,0.98
t1_only,1858,18,0,1,0,0.95
t1_only,4969,18,0,0,1,0.95
t1_only,1778,18,0,1,0,0.95
t1_only,2172,18,1,1,1,0.85
t1_only,3636,18,0,0,1,0.99
t1_only,3925,18,0,0,1,0.99
t1_only,1830,18,0,1,0,0.92
t1_only,558,19,1,1,1,0.95
t1_only,786,19,1,1,1,0.92
t1_only,455,19,1,1,1,0.92
t1_only,733,19,1,1,1,0.92
t1_only,1702,19,0,1,0,0.95
t1_only,607,19,1,1,1,0.92
t1_only,96,19,1,1,1,0.85
t1_only,468,19,1,1,1,0.95
t1_only,1775,19,1,1,1,0.92
t1_only,1029,19,0,1,0,0.98
t1_only,2013,19,1,1,1,0.99
t1_only,259,19,1,1,1,0.85
t1_only,613,19,1,1,1,0.92
t1_only,1066,19,1,1,1,0.95
t1_only,1096,19,1,1,1,0.95
t1_only,1514,19,1,1,1,0.98
t1_only,56,19,1,1,1,0.92
t1_only,979,19,1,1,1,0.95
t1_only,1921,19,0,1,0,0.95
t1_only,398,19,1,1,1,0.98
t1_only,454,19,1,1,1,0.92
t1_only,78,19,1,1,1,0.92
t1_only,1006,19,1,1,1,0.92
t1_only,1731,19,1,1,1,0.85
t1_only,1428,19,0,1,0,0.85
t1_only,949,19,1,1,1,0.85
t1_only,1476,19,1,1,1,0.85
t1_only,496,19,1,1,1,0.85
t1_only,22,19,1,1,1,0.92
t1_only,728,19,0,1,0,0.95
t1_only,2066,19,1,1,1,0.92
t1_only,1680,19,0,1,0,0.98
t1_only,1616,19,1,1,1,0.92
t1_only,2270,19,0,1,0,0.92
t1_only,72,19,0,1,0,0.95
t1_only,235,19,1,1,1,0.85
t1_only,441,19,1,1,1,0.85
t1_only,1957,19,1,1,1,0.85
t1_only,2048,19,0,1,0,0.95
t1_only,239,19,1,1,1,0.92
t1_only,683,19,0,1,0,0.85
t1_only,1412,19,0,1,0,0.95
t1_only,1280,19,1,1,1,0.92
t1_only,2242,19,0,1,0,0.95
t1_only,1016,19,0,1,0,0.95
t1_only,490,19,0,1,0,0.95
t1_only,93,19,1,1,1,0.85
t1_only,968,19,1,1,1,0.85
t1_only,4371,19,0,0,1,0.99
t1_only,1460,19,0,1,0,0.95
t1_only,767,20,1,1,1,0.95
t1_only,2490,20,1,1,1,0.92
t1_only,483,20,1,1,1,0.92
t1_only,2327,20,1,1,1,0.95
t1_only,2246,20,1,1,1,0.92
t1_only,2473,20,1,1,1,0.92
t1_only,2206,20,1,1,1,0.95
t1_only,699,20,1,1,1,0.95
t1_only,2304,20,0,1,0,0.95
t1_only,2424,20,1,1,1,0.92
t1_only,164,20,1,1,1,0.92
t1_only,2848,20,0,0,1,0.95
t1_only,2088,20,0,1,0,0.95
t1_only,221,20,1,1,1,0.95
t1_only,1834,20,1,1,1,0.95
t1_only,2411,20,1,1,1,0.92
t1_only,4134,20,0,0,1,0.95
t1_only,829,20,0,1,0,0.85
t1_only,1194,20,1,1,1,0.95
t1_only,2109,20,1,1,1,0.92
t1_only,2365,20,1,1,1,0.85
t1_only,4546,20,0,0,1,0.98
t1_only,1436,20,1,1,1,0.92
t1_only,2487,20,1,1,1,0.95
t1_only,2427,20,1,1,1,0.92
t1_only,1627,20,1,1,1,0.95
t1_only,4224,20,0,0,1,0.99
t1_only,1095,20,1,1,1,0.95
t1_only,2744,20,0,0,1,0.99
t1_only,986,20,1,1,1,0.95
t1_only,3386,20,0,0,1,0.99
t1_only,2640,20,0,0,1,0.95
t1_only,3856,20,0,0,1,0.99
t1_only,1027,20,1,1,1,0.92
t1_only,2946,20,0,0,1,0.99
t1_only,1794,20,1,1,1,0.92
t1_only,4358,20,0,0,1,0.99
t1_only,765,20,1,1,1,0.85
t1_only,549,20,1,1,1,0.92
t1_only,4966,20,0,0,1,0.95
t1_only,4819,20,0,0,1,0.99
t1_only,191,20,0,1,0,0.95
t1_only,1236,20,0,1,0,0.95
t1_only,1061,20,0,1,0,0.85
t1_only,4835,20,0,0,1,0.99
t1_only,1349,20,1,1,1,0.85
t1_only,495,20,0,1,0,0.95
t1_only,2414,20,1,1,1,0.95
t1_only,2275,20,1,1,1,0.85
t1_only,2314,20,1,1,1,0.95
t1_only,1188,21,0,1,0,0.85
t1_only,771,21,0,1,0,0.85
t1_only,71,21,1,1,1,0.95
t1_only,1946,21,0,1,0,0.85
t1_only,1329,21,1,1,1,0.95
t1_only,661,21,0,1,0,0.85
t1_only,300,21,0,1,0,0.85
t1_only,2,21,1,1,1,0.92
t1_only,1250,21,1,1,1,0.999
t1_only,1307,21,1,1,1,0.92
t1_only,4429,21,0,0,1,0.99
t1_only,19,21,1,1,1,0.95
t1_only,17,21,0,1,0,0.95
t1_only,4728,21,0,0,1,0.99
t1_only,94,21,1,1,1,0.95
t1_only,195,21,1,1,1,0.95
t1_only,4896,21,0,0,1,0.99
t1_only,4596,21,0,0,1,0.99
t1_only,3076,21,0,0,1,0.95
t1_only,1124,21,1,1,1,0.95
t1_only,4418,21,0,0,1,0.98
t1_only,2051,21,1,1,1,0.92
t1_only,3277,21,0,0,1,0.99
t1_only,1803,21,0,1,0,0.95
t1_only,3563,21,0,0,1,0.99
t1_only,1309,21,1,1,1,0.85
t1_only,1861,21,1,1,1,0.95
t1_only,2386,21,1,1,1,0.98
t1_only,1576,21,1,1,1,0.92
t1_only,3863,21,0,0,1,0.98
t1_only,1438,21,1,1,1,0.85
t1_only,1927,21,1,1,1,0.85
t1_only,406,21,1,1,1,0.95
t1_only,1888,21,1,1,1,0.92
t1_only,522,21,1,1,1,0.97
t1_only,1086,21,0,1,0,0.95
t1_only,635,21,1,1,1,0.92
t1_only,4026,21,0,0,1,0.98
t1_only,4391,21,0,0,1,0.98
t1_only,3806,21,0,0,1,0.98
t1_only,2377,21,0,1,0,0.99
t1_only,3428,21,0,0,1,0.95
t1_only,1873,21,0,1,0,0.85
t1_only,2596,21,0,0,1,0.95
t1_only,924,21,0,1,0,0.95
t1_only,2650,21,0,0,1,0.99
t1_only,1876,21,0,1,0,0.95
t1_only,3778,21,0,0,1,0.98
t1_only,984,21,0,1,0,0.95
t1_only,3791,21,0,0,1,0.98
t1_only,894,22,1,1,1,0.94
t1_only,2227,22,1,1,1,0.95
t1_only,429,22,1,1,1,0.85
t1_only,2315,22,0,1,0,0.85
t1_only,257,22,1,1,1,0.97
t1_only,2249,22,1,1,1,0.95
t1_only,2276,22,1,1,1,0.95
t1_only,581,22,0,1,0,0.95
t1_only,2137,22,0,1,0,0.95
t1_only,833,22,1,1,1,0.95
t1_only,1972,22,1,1,1,0.85
t1_only,1534,22,1,1,1,0.97
t1_only,6,22,1,1,1,0.92
t1_only,2356,22,0,1,0,0.85
t1_only,1204,22,0,1,0,0.95
t1_only,1283,22,0,1,0,0.95
t1_only,30,22,0,1,0,0.95
t1_only,2295,22,1,1,1,0.85
t1_only,1757,22,1,1,1,0.92
t1_only,1750,22,0,1,0,0.85
t1_only,892,22,1,1,1,0.85
t1_only,102,22,1,1,1,0.98
t1_only,36,22,1,1,1,0.95
t1_only,372,22,1,1,1,0.92
t1_only,758,22,0,1,0,0.95
t1_only,200,22,1,1,1,0.85
t1_only,326,22,1,1,1,0.92
t1_only,1867,22,0,1,0,0.95
t1_only,494,22,1,1,1,0.85
t1_only,922,22,0,1,0,0.95
t1_only,939,22,1,1,1,0.98
t1_only,45,22,0,1,0,0.95
t1_only,1606,22,0,1,0,0.95
t1_only,4713,22,0,0,1,0.99
t1_only,18,22,1,1,1,0.92
t1_only,3507,22,0,0,1,0.99
t1_only,1999,22,0,1,0,0.95
t1_only,1610,22,1,1,1,0.85
t1_only,616,22,0,1,0,0.95
t1_only,3531,22,0,0,1,0.98
t1_only,1725,22,1,1,1,0.85
t1_only,1468,22,0,1,0,0.95
t1_only,735,22,0,1,0,0.95
t1_only,331,22,0,1,0,0.95
t1_only,3385,22,0,0,1,0.95
t1_only,2426,22,0,1,0,0.85
t1_only,3760,22,0,0,1,0.99
t1_only,2763,22,0,0,1,0.95
t1_only,1044,22,1,1,1,0.92
t1_only,2136,22,0,1,0,0.85
t1_only,1630,23,0,1,0,0.95
t1_only,777,23,0,1,0,0.95
t1_only,1574,23,0,1,0,0.95
t1_only,594,23,1,1,1,0.85
t1_only,1480,23,0,1,0,0.95
t1_only,2485,23,1,1,1,0.85
t1_only,2037,23,0,1,0,0.92
t1_only,232,23,0,1,0,0.95
t1_only,2353,23,0,1,0,0.95
t1_only,1015,23,1,1,1,0.92
t1_only,1960,23,0,1,0,0.92
t1_only,874,23,0,1,0,0.85
t1_only,2379,23,0,1,0,0.95
t1_only,1954,23,1,1,1,0.85
t1_only,705,23,0,1,0,0.95
t1_only,729,23,0,1,0,0.95
t1_only,709,23,0,1,0,0.95
t1_only,1361,23,1,1,1,0.92
t1_only,1211,23,0,1,0,0.95
t1_only,722,23,1,1,1,0.85
t1_only,1863,23,1,1,1,0.92
t1_only,1197,23,0,1,0,0.95
t1_only,1346,23,1,1,1,0.85
t1_only,789,23,1,1,1,0.85
t1_only,153,23,1,1,1,0.85
t1_only,1953,23,0,1,0,0.95
t1_only,491,23,1,1,1,0.75
t1_only,1543,23,0,1,0,0.95
t1_only,2054,23,1,1,1,0.85
t1_only,2143,23,0,1,0,0.95
t1_only,344,23,1,1,1,0.94
t1_only,1624,23,1,1,1,0.92
t1_only,841,23,0,1,0,0.95
t1_only,1679,23,0,1,0,0.95
t1_only,1069,23,1,1,1,0.92
t1_only,1147,23,1,1,1,0.92
t1_only,1121,23,0,1,0,0.95
t1_only,1013,23,1,1,1,0.85
t1_only,1220,23,1,1,1,0.85
t1_only,1040,23,0,1,0,0.95
t1_only,1071,23,0,1,0,0.95
t1_only,3,23,1,1,1,0.92
t1_only,1505,23,0,1,0,0.85
t1_only,620,23,1,1,1,0.85
t1_only,1883,23,1,1,1,0.85
t1_only,1847,23,1,1,1,0.85
t1_only,749,23,1,1,1,0.92
t1_only,1491,23,1,1,1,0.92
t1_only,1447,23,0,1,0,0.85
t1_only,1411,23,0,1,0,0.95
t1_only,492,24,1,1,1,0.92
t1_only,514,24,1,1,1,0.95
t1_only,1760,24,0,1,0,0.95
t1_only,472,24,1,1,1,0.85
t1_only,1902,24,0,1,0,0.95
t1_only,80,24,1,1,1,0.92
t1_only,1846,24,1,1,1,0.85
t1_only,2294,24,0,1,0,0.95
t1_only,1645,24,1,1,1,0.92
t1_only,602,24,1,1,1,0.95
t1_only,1398,24,1,1,1,0.78
t1_only,2103,24,0,1,0,0.99
t1_only,842,24,1,1,1,0.85
t1_only,2277,24,1,1,1,0.85
t1_only,216,24,1,1,1,0.85
t1_only,1762,24,0,1,0,0.92
t1_only,178,24,0,1,0,0.95
t1_only,980,24,1,1,1,0.95
t1_only,914,24,1,1,1,0.85
t1_only,1021,24,1,1,1,0.92
t1_only,2321,24,1,1,1,0.94
t1_only,244,24,1,1,1,0.95
t1_only,134,24,1,1,1,0.95
t1_only,498,24,0,1,0,0.95
t1_only,2328,24,1,1,1,0.92
t1_only,822,24,1,1,1,0.85
t1_only,782,24,1,1,1,0.85
t1_only,652,24,1,1,1,0.85
t1_only,976,24,0,1,0,0.92
t1_only,2110,24,1,1,1,0.97
t1_only,688,24,1,1,1,0.92
t1_only,67,24,1,1,1,0.85
t1_only,2153,24,1,1,1,0.92
t1_only,1179,24,1,1,1,0.85
t1_only,2132,24,1,1,1,0.85
t1_only,2348,24,1,1,1,0.92
t1_only,84,24,0,1,0,0.95
t1_only,2483,24,0,1,0,0.95
t1_only,2092,24,1,1,1,0.78
t1_only,1320,24,0,1,0,0.99
t1_only,1829,24,1,1,1,0.85
t1_only,25,24,0,1,0,0.95
t1_only,1934,24,1,1,1,0.82
t1_only,1970,24,1,1,1,0.85
t1_only,117,24,1,1,1,0.92
t1_only,292,24,1,1,1,0.92
t1_only,2376,24,1,1,1,0.93
t1_only,457,24,1,1,1,0.88
t1_only,964,24,0,1,0,0.85
t1_only,1698,24,0,1,0,0.95
t1_only,1743,25,0,1,0,0.95
t1_only,1671,25,0,1,0,0.95
t1_only,582,25,0,1,0,0.95
t1_only,1485,25,1,1,1,0.95
t1_only,459,25,1,1,1,0.92
t1_only,4935,25,0,0,1,0.95
t1_only,2464,25,0,1,0,0.95
t1_only,1513,25,1,1,1,0.94
t1_only,1345,25,1,1,1,0.92
t1_only,171,25,1,1,1,0.92
t1_only,1851,25,1,1,1,0.92
t1_only,1168,25,1,1,1,0.92
t1_only,1342,25,0,1,0,0.95
t1_only,2183,25,1,1,1,0.92
t1_only,2131,25,1,1,1,0.92
t1_only,648,25,1,1,1,0.85
t1_only,1747,25,1,1,1,0.95
t1_only,1649,25,0,1,0,0.95
t1_only,1734,25,0,1,0,0.95
t1_only,764,25,1,1,1,0.92
t1_only,393,25,0,1,0,0.95
t1_only,1973,25,0,1,0,0.95
t1_only,529,25,1,1,1,0.92
t1_only,1265,25,1,1,1,0.92
t1_only,1721,25,1,1,1,0.92
t1_only,1890,25,0,1,0,0.95
t1_only,1473,25,1,1,1,0.94
t1_only,317,25,0,1,0,0.95
t1_only,1407,25,0,1,0,0.95
t1_only,2078,25,1,1,1,0.85
t1_only,2418,25,1,1,1,0.92
t1_only,3598,25,0,0,1,0.98
t1_only,1969,25,1,1,1,0.85
t1_only,2063,25,1,1,1,0.92
t1_only,3350,25,0,0,1,0.85
t1_only,186,25,0,1,0,0.95
t1_only,4514,25,0,0,1,0.95
t1_only,1533,25,0,1,0,0.95
t1_only,1566,25,1,1,1,0.95
t1_only,1904,25,0,1,0,0.98
t1_only,1602,25,0,1,0,0.85
t1_only,3573,25,0,0,1,0.99
t1_only,3114,25,0,0,1,0.98
t1_only,832,25,1,1,1,0.95
t1_only,1463,25,0,1,0,0.95
t1_only,1712,25,1,1,1,0.95
t1_only,839,25,1,1,1,0.85
t1_only,251,25,1,1,1,0.95
t1_only,1134,25,0,1,0,0.85
t1_only,907,25,0,1,0,0.98
t2_only,4924,1,0,0,1,0.3438
t2_only,2843,1,0,0,1,0.3333
t2_only,4011,1,0,0,1,0.2969
t2_only,3044,1,0,0,1,0.2667
t2_only,3082,1,0,0,1,0.2857
t2_only,4389,1,0,0,1,0.3571
t2_only,3126,1,0,0,1,0.25
t2_only,4712,1,0,0,1,0.3333
t2_only,4107,1,0,0,1,0.25
t2_only,2957,1,0,0,1,0.7308
t2_only,2733,1,0,0,1,0.3214
t2_only,4592,1,0,0,1,0.7333
t2_only,3815,1,0,0,1,0.8
t2_only,2974,1,0,0,1,0.3333
t2_only,3372,1,0,0,1,0.2955
t2_only,4904,1,0,0,1,0.375
t2_only,4547,1,0,0,1,0.2857
t2_only,4873,1,0,0,1,0.25
t2_only,2595,1,0,0,1,0.3056
t2_only,3395,1,0,0,1,0.2857
t2_only,3281,1,0,0,1,0.325
t2_only,4381,1,0,0,1,0.25
t2_only,575,1,1,1,1,0.375
t2_only,4160,1,0,0,1,0.2917
t2_only,2815,1,0,0,1,0.1786
t2_only,4446,1,0,0,1,0.3214
t2_only,4967,1,0,0,1,0.3333
t2_only,2710,1,0,0,1,0.3438
t2_only,4031,1,0,0,1,0.3281
t2_only,4337,1,0,0,1,0.325
t2_only,3706,1,0,0,1,0.7333
t2_only,3208,1,0,0,1,0.325
t2_only,3336,1,0,0,1,0.225
t2_only,4318,1,0,0,1,0.3333
t2_only,4141,1,0,0,1,0.75
t2_only,4306,1,0,0,1,0.7333
t2_only,2585,1,0,0,1,0.3077
t2_only,2792,1,0,0,1,0.2333
t2_only,3024,1,0,0,1,0.25
t2_only,3113,1,0,0,1,0.3077
t2_only,3939,1,0,0,1,0.3333
t2_only,3080,1,0,0,1,0.7857
t2_only,3828,1,0,0,1,0.1875
t2_only,3540,1,0,0,1,0.3409
t2_only,3577,1,0,0,1,0.3088
t2_only,2886,1,0,0,1,0.35
t2_only,3154,1,0,0,1,0.3214
t2_only,3821,1,0,0,1,0.3125
t2_only,2694,1,0,0,1,0.3333
t2_only,4884,1,0,0,1,0.2917
t2_only,2646,2,0,0,1,0.3088
t2_only,4676,2,0,0,1,0.3
t2_only,2796,2,0,0,1,0.3542
t2_only,3401,2,0,0,1,0.7143
t2_only,3151,2,0,0,1,0.3214
t2_only,4229,2,0,0,1,0.2778
t2_only,4883,2,0,0,1,0.6923
t2_only,4989,2,0,0,1,0.3571
t2_only,3429,2,0,0,1,0.2692
t2_only,568,2,0,1,0,0.3571
t2_only,1520,2,0,1,0,0.3409
t2_only,1430,2,0,1,0,0.3214
t2_only,2932,2,0,0,1,0.3182
t2_only,2665,2,0,0,1,0.3194
t2_only,4807,2,0,0,1,0.8333
t2_only,4083,2,0,0,1,0.25
t2_only,4219,2,0,0,1,0.35
t2_only,2742,2,0,0,1,0.3125
t2_only,3093,2,0,0,1,0.3214
t2_only,3480,2,0,0,1,0.3214
t2_only,4942,2,0,0,1,0.3333
t2_only,1254,2,0,1,0,0.2679
t2_only,1038,2,1,1,1,0.4167
t2_only,1694,2,1,1,1,0.5
t2_only,4589,2,0,0,1,0.8333
t2_only,2872,2,0,0,1,0.3333
t2_only,3509,2,0,0,1,0.325
t2_only,2780,2,0,0,1,0.3088
t2_only,3686,2,0,0,1,0.75
t2_only,4416,2,0,0,1,0.3214
t2_only,2627,2,0,0,1,0.2667
t2_only,4133,2,0,0,1,0.3438
t2_only,2758,2,0,0,1,0.3
t2_only,2557,2,0,0,1,0.375
t2_only,4881,2,0,0,1,0.75
t2_only,3750,2,0,0,1,0.3333
t2_only,4697,2,0,0,1,0.3056
t2_only,3537,2,0,0,1,0.325
t2_only,2955,2,0,0,1,0.3571
t2_only,4928,2,0,0,1,0.2857
t2_only,3220,2,0,0,1,0.8333
t2_only,3814,2,0,0,1,0.7333
t2_only,4122,2,0,0,1,0.325
t2_only,4716,2,0,0,1,0.7143
t2_only,4251,2,0,0,1,0.3438
t2_only,3364,2,0,0,1,0.2667
t2_only,3525,2,0,0,1,0.8
t2_only,4065,2,0,0,1,0.325
t2_only,3773,2,0,0,1,0.2812
t2_only,4920,2,0,0,1,0.3333
t2_only,4759,3,0,0,1,0.3214
t2_only,4502,3,0,0,1,0.3333
t2_only,3245,3,0,0,1,0.6667
t2_only,2660,3,0,0,1,0.3269
t2_only,4587,3,0,0,1,0.2292
t2_only,4506,3,0,0,1,0.325
t2_only,2933,3,0,0,1,0.3333
t2_only,2666,3,0,0,1,0.3214
t2_only,4508,3,0,0,1,0.3
t2_only,3854,3,0,0,1,0.3333
t2_only,4097,3,0,0,1,0.3
t2_only,3197,3,0,0,1,0.3214
t2_only,2635,3,0,0,1,0.3333
t2_only,2816,3,0,0,1,0.7857
t2_only,3651,3,0,0,1,0.3214
t2_only,3982,3,0,0,1,0.7333
t2_only,2604,3,0,0,1,0.3333
t2_only,4764,3,0,0,1,0.2344
t2_only,2883,3,0,0,1,0.2692
t2_only,4528,3,0,0,1,0.2692
t2_only,2896,3,0,0,1,0.3333
t2_only,3481,3,0,0,1,0.3333
t2_only,2547,3,0,0,1,0.3571
t2_only,4564,3,0,0,1,0.3
t2_only,4457,3,0,0,1,0.3542
t2_only,4865,3,0,0,1,0.3125
t2_only,4527,3,0,0,1,0.2692
t2_only,4290,3,0,0,1,0.3077
t2_only,3466,3,0,0,1,0.3214
t2_only,2991,3,0,0,1,0.3125
t2_only,3873,3,0,0,1,0.3333
t2_only,3761,3,0,0,1,0.3214
t2_only,2760,3,0,0,1,0.7188
t2_only,4315,3,0,0,1,0.2188
t2_only,2586,3,0,0,1,0.6923
t2_only,4677,3,0,0,1,0.35
t2_only,3053,3,0,0,1,0.3182
t2_only,3796,3,0,0,1,0.3438
t2_only,4814,3,0,0,1,0.7308
t2_only,3247,3,0,0,1,0.7857
t2_only,4955,3,0,0,1,0.2857
t2_only,4084,3,0,0,1,0.275
t2_only,4171,3,0,0,1,0.3269
t2_only,3254,3,0,0,1,0.325
t2_only,477,3,0,1,0,0.6579
t2_only,4327,3,0,0,1,0.3
t2_only,3143,3,0,0,1,0.7333
t2_only,3954,3,0,0,1,0.6923
t2_only,2881,3,0,0,1,0.3182
t2_only,4768,4,0,0,1,0.25
t2_only,4282,4,0,0,1,0.3333
t2_only,4499,4,0,0,1,0.3438
t2_only,2431,4,1,1,1,0.6111
t2_only,2976,4,0,0,1,0.3
t2_only,4406,4,0,0,1,0.2308
t2_only,4383,4,0,0,1,0.3214
t2_only,4778,4,0,0,1,0.25
t2_only,3733,4,0,0,1,0.25
t2_only,4174,4,0,0,1,0.25
t2_only,2740,4,0,0,1,0.1875
t2_only,4897,4,0,0,1,0.2656
t2_only,2762,4,0,0,1,0.3214
t2_only,3928,4,0,0,1,0.3056
t2_only,4783,4,0,0,1,0.3333
t2_only,3783,4,0,0,1,0.2955
t2_only,3966,4,0,0,1,0.325
t2_only,2711,4,0,0,1,0.3333
t2_only,2912,4,0,0,1,0.3214
t2_only,4852,4,0,0,1,0.6667
t2_only,4366,4,0,0,1,0.8333
t2_only,2875,4,0,0,1,0.3333
t2_only,3646,4,0,0,1,0.3409
t2_only,2785,4,0,0,1,0.75
t2_only,3590,4,0,0,1,0.3077
t2_only,3116,4,0,0,1,0.3214
t2_only,4256,4,0,0,1,0.7727
t2_only,4644,4,0,0,1,0.3214
t2_only,4037,4,0,0,1,0.325
t2_only,3369,4,0,0,1,0.3
t2_only,4863,4,0,0,1,0.3214
t2_only,3875,4,0,0,1,0.2708
t2_only,3207,4,0,0,1,0.3214
t2_only,2774,4,1,0,0,0.7143
t2_only,3729,4,0,0,1,0.3125
t2_only,3068,4,0,0,1,0.7778
t2_only,4803,4,0,0,1,0.2778
t2_only,563,4,0,1,0,0.7778
t2_only,3137,4,0,0,1,0.3214
t2_only,2509,4,0,0,1,0.2857
t2_only,4754,4,0,0,1,0.625
t2_only,3849,4,0,0,1,0.25
t2_only,1359,4,0,1,0,0.3281
t2_only,3765,4,0,0,1,0.2857
t2_only,2695,4,0,0,1,0.375
t2_only,3004,4,0,0,1,0.8125
t2_only,2631,4,0,0,1,0.8333
t2_only,2847,4,0,0,1,0.3438
t2_only,2697,4,0,0,1,0.7273
t2_only,4959,4,0,0,1,0.3611
t2_only,3437,5,0,0,1,0.2692
t2_only,2667,5,0,0,1,0.2917
t2_only,4082,5,0,0,1,0.7333
t2_only,3251,5,0,0,1,0.2273
t2_only,3037,5,0,0,1,0.375
t2_only,4237,5,0,0,1,0.325
t2_only,3132,5,0,0,1,0.3125
t2_only,3641,5,0,0,1,0.2083
t2_only,3283,5,0,0,1,0.3438
t2_only,3025,5,0,0,1,0.2857
t2_only,4177,5,0,0,1,0.3
t2_only,2609,5,0,0,1,0.3333
t2_only,2960,5,0,0,1,0.3125
t2_only,4866,5,0,0,1,0.3333
t2_only,3366,5,0,0,1,0.3125
t2_only,2807,5,0,0,1,0.7143
t2_only,4222,5,0,0,1,0.3333
t2_only,4919,5,0,0,1,0.75
t2_only,3845,5,0,0,1,0.2857
t2_only,3827,5,0,0,1,0.2333
t2_only,3192,5,0,0,1,0.2188
t2_only,4077,5,0,0,1,0.3333
t2_only,3210,5,0,0,1,0.3333
t2_only,3103,5,0,0,1,0.3214
t2_only,4079,5,0,0,1,0.3214
t2_only,2947,5,0,0,1,0.7333
t2_only,3838,5,0,0,1,0.375
t2_only,4201,5,0,0,1,0.2333
t2_only,3275,5,0,0,1,0.375
t2_only,3699,5,0,0,1,0.3333
t2_only,3360,5,0,0,1,0.3409
t2_only,4889,5,0,0,1,0.3214
t2_only,4649,5,0,0,1,0.3077
t2_only,3448,5,0,0,1,0.75
t2_only,4862,5,0,0,1,0.3333
t2_only,2565,5,0,0,1,0.3571
t2_only,4447,5,0,0,1,0.3438
t2_only,2643,5,0,0,1,0.2857
t2_only,3088,5,0,0,1,0.2857
t2_only,3457,5,0,0,1,0.3333
t2_only,4503,5,0,0,1,0.3333
t2_only,3347,5,0,0,1,0.3333
t2_only,4751,5,0,0,1,0.3611
t2_only,3504,5,0,0,1,0.3571
t2_only,3619,5,0,0,1,0.3214
t2_only,3880,5,0,0,1,0.3409
t2_only,3878,5,0,0,1,0.7059
t2_only,3227,5,0,0,1,0.2812
t2_only,3410,5,0,0,1,0.2917
t2_only,2743,5,0,0,1,0.3333
t2_only,2773,6,0,0,1,0.75
t2_only,4053,6,0,0,1,0.3542
t2_only,3256,6,0,0,1,0.75
t2_only,3408,6,0,0,1,0.3214
t2_only,2802,6,0,0,1,0.2667
t2_only,3464,6,0,0,1,0.25
t2_only,3738,6,0,0,1,0.3214
t2_only,2580,6,0,0,1,0.3333
t2_only,3273,6,0,0,1,0.25
t2_only,2720,6,0,0,1,0.3214
t2_only,3470,6,0,0,1,0.275
t2_only,3926,6,0,0,1,0.3333
t2_only,3649,6,0,0,1,0.3333
t2_only,4254,6,0,0,1,0.3333
t2_only,3568,6,0,0,1,0.3333
t2_only,4063,6,0,0,1,0.2222
t2_only,3463,6,0,0,1,0.3333
t2_only,2874,6,0,0,1,0.325
t2_only,3551,6,0,0,1,0.3333
t2_only,2644,6,0,0,1,0.3214
t2_only,2741,6,0,0,1,0.3571
t2_only,3657,6,0,0,1,0.1875
t2_only,3764,6,0,0,1,0.3409
t2_only,4255,6,0,0,1,0.3333
t2_only,3223,6,0,0,1,0.2917
t2_only,3817,6,0,0,1,0.2292
t2_only,2751,6,0,0,1,0.2812
t2_only,2753,6,0,0,1,0.3333
t2_only,4930,6,0,0,1,0.2857
t2_only,4294,6,0,0,1,0.3333
t2_only,4343,6,0,0,1,0.3333
t2_only,3290,6,0,0,1,0.3125
t2_only,3382,6,0,0,1,0.7143
t2_only,4126,6,0,0,1,0.2778
t2_only,2781,6,0,0,1,0.3214
t2_only,4906,6,0,0,1,0.325
t2_only,4307,6,0,0,1,0.3269
t2_only,2514,6,0,0,1,0.3125
t2_only,4012,6,0,0,1,0.3125
t2_only,3312,6,0,0,1,0.2857
t2_only,3548,6,0,0,1,0.2727
t2_only,3899,6,0,0,1,0.3
t2_only,3100,6,0,0,1,0.6875
t2_only,2779,6,0,0,1,0.3333
t2_only,3635,6,0,0,1,0.3438
t2_only,2768,6,0,0,1,0.3333
t2_only,3874,6,0,0,1,0.8571
t2_only,4732,6,0,0,1,0.3333
t2_only,3589,6,0,0,1,0.8571
t2_only,4486,6,0,0,1,0.3077
t2_only,3225,7,0,0,1,0.3281
t2_only,2906,7,0,0,1,0.3
t2_only,3708,7,0,0,1,0.8125
t2_only,4055,7,0,0,1,0.3333
t2_only,4582,7,0,0,1,0.2083
t2_only,4146,7,0,0,1,0.7857
t2_only,3978,7,0,0,1,0.8125
t2_only,4792,7,0,0,1,0.2917
t2_only,3625,7,0,0,1,0.9286
t2_only,4706,7,0,0,1,0.3088
t2_only,4162,7,0,0,1,0.3409
t2_only,3444,7,0,0,1,0.75
t2_only,2709,7,0,0,1,0.3409
t2_only,2844,7,0,0,1,0.7727
t2_only,3843,7,0,0,1,0.3333
t2_only,4270,7,0,0,1,0.3214
t2_only,3020,7,0,0,1,0.3077
t2_only,3588,7,0,0,1,0.3056
t2_only,3826,7,0,0,1,0.3409
t2_only,4419,7,0,0,1,0.2083
t2_only,2739,7,0,0,1,0.3214
t2_only,3411,7,0,0,1,0.3438
t2_only,4994,7,0,0,1,0.3333
t2_only,2789,7,0,0,1,0.3333
t2_only,4767,7,0,0,1,0.3056
t2_only,2639,7,0,0,1,0.7857
t2_only,3979,7,0,0,1,0.7222
t2_only,2659,7,0,0,1,0.3214
t2_only,4766,7,0,0,1,0.3269
t2_only,3595,7,0,0,1,0.2333
t2_only,4163,7,0,0,1,0.2727
t2_only,4913,7,0,0,1,0.6111
t2_only,4700,7,0,0,1,0.3214
t2_only,4367,7,0,0,1,0.275
t2_only,4100,7,0,0,1,0.6786
t2_only,2948,7,0,0,1,0.7308
t2_only,4523,7,0,0,1,0.6786
t2_only,4682,7,0,0,1,0.325
t2_only,4081,7,0,0,1,0.3333
t2_only,2893,7,0,0,1,0.3
t2_only,4845,7,0,0,1,0.3409
t2_only,4225,7,0,0,1,0.3158
t2_only,4984,7,0,0,1,0.25
t2_only,4152,7,0,0,1,0.2917
t2_only,4274,7,0,0,1,0.3214
t2_only,4173,7,0,0,1,0.3281
t2_only,90,7,1,1,1,0.4375
t2_only,2523,7,0,0,1,0.6
t2_only,3572,7,0,0,1,0.2941
t2_only,4623,7,0,0,1,0.3333
t2_only,54,8,0,1,0,0.375
t2_only,489,8,1,1,1,0.75
t2_only,3505,8,0,0,1,0.275
t2_only,4454,8,0,0,1,0.2955
t2_only,3430,8,0,0,1,0.3571
t2_only,3728,8,0,0,1,0.8125
t2_only,3096,8,0,0,1,0.3
t2_only,3870,8,0,0,1,0.7857
t2_only,3182,8,0,0,1,0.3125
t2_only,4597,8,0,0,1,0.2857
t2_only,4059,8,0,0,1,0.75
t2_only,1119,8,0,1,0,0.7778
t2_only,3042,8,0,0,1,0.7143
t2_only,2884,8,0,0,1,0.325
t2_only,3356,8,0,0,1,0.3214
t2_only,4562,8,0,0,1,0.2857
t2_only,553,8,1,1,1,0.5
t2_only,4519,8,0,0,1,0.2812
t2_only,4266,8,0,0,1,0.2143
t2_only,3284,8,0,0,1,0.3125
t2_only,4183,8,0,0,1,0.6923
t2_only,3445,8,0,0,1,0.3333
t2_only,2931,8,0,0,1,0.3333
t2_only,3134,8,0,0,1,0.3333
t2_only,2813,8,0,0,1,0.25
t2_only,4331,8,0,0,1,0.7333
t2_only,3054,8,0,0,1,0.3214
t2_only,3212,8,0,0,1,0.3333
t2_only,2712,8,0,0,1,0.7333
t2_only,4436,8,0,0,1,0.3333
t2_only,4184,8,0,0,1,0.25
t2_only,4917,8,0,0,1,0.275
t2_only,3259,8,0,0,1,0.3214
t2_only,2495,8,0,1,0,0.7333
t2_only,3156,8,0,0,1,0.325
t2_only,3373,8,0,0,1,0.2857
t2_only,2689,8,0,0,1,0.2353
t2_only,3377,8,0,0,1,0.2778
t2_only,2533,8,0,0,1,0.3333
t2_only,4694,8,0,0,1,0.3409
t2_only,3862,8,0,0,1,0.3125
t2_only,2850,8,0,0,1,0.2333
t2_only,2516,8,1,0,0,0.4
t2_only,4392,8,0,0,1,0.7083
t2_only,4721,8,0,0,1,0.3214
t2_only,2777,8,0,0,1,0.2857
t2_only,3753,8,0,0,1,0.3333
t2_only,2950,8,0,0,1,0.3269
t2_only,3988,8,0,0,1,0.7143
t2_only,3059,8,1,0,0,0.5
t2_only,3425,9,0,0,1,0.3333
t2_only,4330,9,0,0,1,0.3125
t2_only,3224,9,0,0,1,0.3333
t2_only,4427,9,0,0,1,0.3333
t2_only,2828,9,0,0,1,0.3125
t2_only,3740,9,0,0,1,0.3333
t2_only,3104,9,0,0,1,0.3333
t2_only,4761,9,0,0,1,0.325
t2_only,3944,9,0,0,1,0.2812
t2_only,3322,9,0,0,1,0.3438
t2_only,2663,9,0,0,1,0.7917
t2_only,4220,9,0,0,1,0.25
t2_only,3216,9,0,0,1,0.2143
t2_only,3975,9,0,0,1,0.2333
t2_only,2971,9,0,0,1,0.325
t2_only,4667,9,0,0,1,0.2917
t2_only,3835,9,0,0,1,0.3333
t2_only,3906,9,0,0,1,0.275
t2_only,3476,9,0,0,1,0.3333
t2_only,4386,9,0,0,1,0.3214
t2_only,2530,9,0,0,1,0.3125
t2_only,4654,9,0,0,1,0.7143
t2_only,4207,9,0,0,1,0.2955
t2_only,3959,9,0,0,1,0.3333
t2_only,3276,9,0,0,1,0.2727
t2_only,3391,9,0,0,1,0.7143
t2_only,4954,9,0,0,1,0.3182
t2_only,3418,9,0,0,1,0.3333
t2_only,4469,9,0,0,1,0.3214
t2_only,3125,9,0,0,1,0.325
t2_only,3947,9,0,0,1,0.3
t2_only,3808,9,0,0,1,0.2857
t2_only,2651,9,0,0,1,0.7143
t2_only,4607,9,0,0,1,0.2857
t2_only,4894,9,0,0,1,0.7333
t2_only,2252,9,0,1,0,0.3333
t2_only,3214,9,0,0,1,0.7143
t2_only,4218,9,0,0,1,0.2333
t2_only,3011,9,0,0,1,0.2917
t2_only,4433,9,0,0,1,0.7857
t2_only,3235,9,0,0,1,0.3214
t2_only,4216,9,0,0,1,0.75
t2_only,3656,9,0,0,1,0.3077
t2_only,4314,9,0,0,1,0.3125
t2_only,3316,9,0,0,1,0.3333
t2_only,4348,9,0,0,1,0.3333
t2_only,4208,9,0,0,1,0.2917
t2_only,4858,9,0,0,1,0.2812
t2_only,2824,9,0,0,1,0.3438
t2_only,4832,9,0,0,1,0.325
t2_only,1797,10,1,1,1,0.4167
t2_only,4610,10,0,0,1,0.3333
t2_only,1656,10,1,1,1,0.5
t2_only,3310,10,0,0,1,0.25
t2_only,4618,10,0,0,1,0.3214
t2_only,4426,10,0,0,1,0.2917
t2_only,2608,10,0,0,1,0.2857
t2_only,3335,10,0,0,1,0.2308
t2_only,4178,10,0,0,1,0.3333
t2_only,3938,10,0,0,1,0.3333
t2_only,4880,10,0,0,1,0.3269
t2_only,4478,10,0,0,1,0.3214
t2_only,4636,10,0,0,1,0.7692
t2_only,3691,10,0,0,1,0.7143
t2_only,3521,10,0,0,1,0.3214
t2_only,2539,10,0,0,1,0.3333
t2_only,4571,10,0,0,1,0.3333
t2_only,3755,10,0,0,1,0.3333
t2_only,3219,10,0,0,1,0.3333
t2_only,663,10,1,1,1,0.5
t2_only,4992,10,0,0,1,0.3214
t2_only,4462,10,0,0,1,0.3333
t2_only,2674,10,0,0,1,0.3333
t2_only,4638,10,0,0,1,0.3333
t2_only,3074,10,0,0,1,0.25
t2_only,2508,10,0,0,1,0.275
t2_only,4200,10,0,0,1,0.3333
t2_only,4857,10,0,0,1,0.8571
t2_only,3000,10,0,0,1,0.3333
t2_only,2897,10,0,0,1,0.3182
t2_only,2526,10,0,0,1,0.325
t2_only,3469,10,0,0,1,0.3571
t2_only,2840,10,0,0,1,0.1786
t2_only,2865,10,0,0,1,0.3611
t2_only,4370,10,0,0,1,0.6429
t2_only,4217,10,0,0,1,0.75
t2_only,4148,10,0,0,1,0.2917
t2_only,23,10,1,1,1,0.5833
t2_only,4342,10,0,0,1,0.25
t2_only,2790,10,0,0,1,0.3333
t2_only,4657,10,0,0,1,0.75
t2_only,4485,10,0,0,1,0.7143
t2_only,4782,10,0,0,1,0.3333
t2_only,3692,10,0,0,1,0.25
t2_only,4439,10,0,0,1,0.75
t2_only,4085,10,0,0,1,0.275
t2_only,3141,10,0,0,1,0.7857
t2_only,4513,10,0,0,1,0.2885
t2_only,1849,10,1,1,1,0.5
t2_only,2065,10,1,1,1,0.4375
t2_only,2575,11,0,0,1,0.2917
t2_only,1317,11,1,1,1,0.625
t2_only,967,11,1,1,1,0.5
t2_only,1258,11,0,1,0,0.375
t2_only,1918,11,0,1,0,0.3214
t2_only,1278,11,1,1,1,0.5
t2_only,4492,11,0,0,1,0.275
t2_only,1664,11,0,1,0,0.7778
t2_only,3105,11,0,0,1,0.25
t2_only,2511,11,0,0,1,0.225
t2_only,4410,11,0,0,1,0.2727
t2_only,3139,11,0,0,1,0.25
t2_only,3176,11,0,0,1,0.275
t2_only,4309,11,0,0,1,0.3333
t2_only,2966,11,0,0,1,0.2333
t2_only,4404,11,0,0,1,0.3077
t2_only,3173,11,0,0,1,0.25
t2_only,3168,11,0,0,1,0.3
t2_only,2836,11,0,0,1,0.1875
t2_only,4671,11,0,0,1,0.3214
t2_only,3892,11,0,0,1,0.3
t2_only,1139,11,0,1,0,0.7727
t2_only,3714,11,0,0,1,0.8333
t2_only,3825,11,0,0,1,0.3077
t2_only,2043,11,0,1,0,0.7692
t2_only,3884,11,0,0,1,0.3333
t2_only,4625,11,0,0,1,0.3077
t2_only,3703,11,0,0,1,0.325
t2_only,3908,11,0,0,1,0.3333
t2_only,3506,11,0,0,1,0.2
t2_only,3723,11,0,0,1,0.3438
t2_only,4354,11,0,0,1,0.3281
t2_only,4888,11,0,0,1,0.7857
t2_only,3952,11,0,0,1,0.2857
t2_only,4641,11,0,0,1,0.7222
t2_only,2618,11,0,0,1,0.3333
t2_only,3414,11,0,0,1,0.3158
t2_only,4953,11,0,0,1,0.6
t2_only,3348,11,0,0,1,0.3333
t2_only,3500,11,0,0,1,0.2812
t2_only,2683,11,0,0,1,0.3214
t2_only,4855,11,0,0,1,0.75
t2_only,1944,11,1,1,1,0.3571
t2_only,1814,11,0,1,0,0.7222
t2_only,2630,11,0,0,1,0.2857
t2_only,3461,11,0,0,1,0.3281
t2_only,4093,11,0,0,1,0.7333
t2_only,3496,11,0,0,1,0.7333
t2_only,3407,11,0,0,1,0.3333
t2_only,583,11,1,1,1,0.5625
t2_only,2108,12,0,1,0,0.3125
t2_only,1229,12,1,1,1,0.5
t2_only,3077,12,0,0,1,0.8571
t2_only,3532,12,0,0,1,0.3
t2_only,3660,12,0,0,1,0.2656
t2_only,1510,12,0,1,0,0.325
t2_only,929,12,0,1,0,0.75
t2_only,2164,12,1,1,1,0.6
t2_only,3661,12,0,0,1,0.275
t2_only,4124,12,0,0,1,0.7333
t2_only,2517,12,0,0,1,0.2857
t2_only,4048,12,0,0,1,0.2812
t2_only,181,12,1,1,1,0.5833
t2_only,4123,12,0,0,1,0.3571
t2_only,1494,12,1,1,1,0.5
t2_only,3659,12,0,0,1,0.3438
t2_only,4555,12,0,0,1,0.3333
t2_only,3673,12,0,0,1,0.3077
t2_only,4356,12,0,0,1,0.7857
t2_only,3751,12,0,0,1,0.3125
t2_only,4678,12,0,0,1,0.3125
t2_only,3523,12,0,0,1,0.3125
t2_only,4536,12,0,0,1,0.2857
t2_only,4042,12,0,0,1,0.3269
t2_only,2669,12,0,0,1,0.3
t2_only,2934,12,0,0,1,0.3333
t2_only,3201,12,0,0,1,0.3333
t2_only,3288,12,0,0,1,0.7857
t2_only,3803,12,0,0,1,0.9167
t2_only,3489,12,0,0,1,0.3409
t2_only,2928,12,0,0,1,0.7333
t2_only,3248,12,0,0,1,0.2857
t2_only,4748,12,0,0,1,0.75
t2_only,4714,12,0,0,1,0.6667
t2_only,2614,12,0,0,1,0.8571
t2_only,4175,12,0,0,1,0.3214
t2_only,2287,12,1,1,1,0.5833
t2_only,3030,12,0,0,1,0.3333
t2_only,3644,12,0,0,1,0.75
t2_only,2691,12,0,0,1,0.3214
t2_only,4047,12,0,0,1,0.3214
t2_only,2778,12,0,0,1,0.3333
t2_only,700,12,1,1,1,0.6429
t2_only,2476,12,0,1,0,0.325
t2_only,4182,12,0,0,1,0.3214
t2_only,1113,12,1,1,1,0.5625
t2_only,3389,12,0,0,1,0.2857
t2_only,3586,12,0,0,1,0.3056
t2_only,3977,12,0,0,1,0.3214
t2_only,1330,12,1,1,1,0.5455
t2_only,415,13,0,1,0,0.7333
t2_only,1097,13,1,1,1,0.5
t2_only,397,13,1,1,1,0.4286
t2_only,3066,13,0,0,1,0.2188
t2_only,1365,13,0,1,0,0.375
t2_only,3798,13,0,0,1,0.3125
t2_only,2409,13,1,1,1,0.5556
t2_only,4394,13,0,0,1,0.3182
t2_only,4441,13,0,0,1,0.25
t2_only,2945,13,0,0,1,0.2857
t2_only,736,13,1,1,1,0.5
t2_only,933,13,0,1,0,0.75
t2_only,2866,13,0,0,1,0.3214
t2_only,2814,13,0,0,1,0.3333
t2_only,4292,13,0,0,1,0.3333
t2_only,2166,13,0,1,0,0.3409
t2_only,552,13,0,1,0,0.3333
t2_only,4795,13,0,0,1,0.3056
t2_only,2993,13,0,0,1,0.35
t2_only,250,13,0,1,0,0.7333
t2_only,2699,13,0,0,1,0.7333
t2_only,4226,13,0,0,1,0.7857
t2_only,2750,13,0,0,1,0.2857
t2_only,2535,13,0,0,1,0.3077
t2_only,362,13,1,1,1,0.5
t2_only,4987,13,0,0,1,0.3333
t2_only,3547,13,0,0,1,0.3182
t2_only,4985,13,0,0,1,0.3333
t2_only,860,13,0,1,0,0.3214
t2_only,4702,13,0,0,1,0.3056
t2_only,3591,13,0,0,1,0.75
t2_only,3634,13,0,0,1,0.3333
t2_only,943,13,0,1,0,0.3409
t2_only,4739,13,0,0,1,0.3333
t2_only,3433,13,0,0,1,0.2857
t2_only,1832,13,0,1,0,0.7727
t2_only,1911,13,0,1,0,0.3409
t2_only,912,13,0,1,0,0.3409
t2_only,615,13,0,1,0,0.3409
t2_only,3234,13,0,0,1,0.3333
t2_only,4465,13,0,0,1,0.3409
t2_only,3620,13,0,0,1,0.3125
t2_only,1014,13,0,1,0,0.7727
t2_only,2797,13,0,0,1,0.875
t2_only,4986,13,0,0,1,0.325
t2_only,4374,13,0,0,1,0.6923
t2_only,4305,13,0,0,1,0.3333
t2_only,3748,13,0,0,1,0.225
t2_only,3777,13,0,0,1,0.325
t2_only,927,13,1,1,1,0.5714
t2_only,369,14,0,1,0,0.75
t2_only,59,14,0,1,0,0.3333
t2_only,422,14,0,1,0,0.7188
t2_only,755,14,0,1,0,0.2333
t2_only,760,14,0,1,0,0.8333
t2_only,481,14,1,1,1,0.5833
t2_only,524,14,0,1,0,0.75
t2_only,370,14,0,1,0,0.7857
t2_only,584,14,1,1,1,0.6429
t2_only,4121,14,0,0,1,0.3333
t2_only,826,14,0,1,0,0.75
t2_only,183,14,0,1,0,0.7143
t2_only,745,14,0,1,0,0.7308
t2_only,518,14,0,1,0,0.3281
t2_only,156,14,0,1,0,0.7727
t2_only,66,14,1,1,1,0.4286
t2_only,86,14,0,1,0,0.3125
t2_only,2187,14,0,1,0,0.3333
t2_only,284,14,0,1,0,0.8333
t2_only,754,14,0,1,0,0.2857
t2_only,750,14,0,1,0,0.75
t2_only,190,14,1,1,1,0.4
t2_only,4127,14,0,0,1,0.2692
t2_only,4632,14,0,0,1,0.25
t2_only,448,14,0,1,0,0.6
t2_only,4010,14,0,0,1,0.3333
t2_only,4005,14,0,0,1,0.2222
t2_only,4248,14,0,0,1,0.2917
t2_only,763,14,0,1,0,0.2955
t2_only,916,14,0,1,0,0.3214
t2_only,4284,14,0,0,1,0.3182
t2_only,4078,14,0,0,1,0.2917
t2_only,305,14,1,1,1,0.5625
t2_only,816,14,0,1,0,0.7333
t2_only,4926,14,0,0,1,0.1875
t2_only,10,14,0,1,0,0.75
t2_only,4680,14,0,0,1,0.2857
t2_only,118,14,0,1,0,0.75
t2_only,3739,14,0,0,1,0.75
t2_only,1446,14,0,1,0,0.3214
t2_only,2636,14,0,0,1,0.3214
t2_only,3058,14,0,0,1,0.7727
t2_only,3737,14,0,0,1,0.3125
t2_only,3685,14,0,0,1,0.75
t2_only,4369,14,0,0,1,0.75
t2_only,4186,14,0,0,1,0.7143
t2_only,3061,14,0,0,1,0.9286
t2_only,85,14,1,1,1,0.4444
t2_only,2690,14,0,0,1,0.3333
t2_only,2967,14,0,0,1,0.3167
t2_only,1093,15,1,1,1,0.5
t2_only,1058,15,1,1,1,0.5833
t2_only,1266,15,1,1,1,0.5
t2_only,1253,15,1,1,1,0.5714
t2_only,2025,15,0,1,0,0.8
t2_only,1559,15,0,1,0,0.2
t2_only,2334,15,1,1,1,0.3333
t2_only,1409,15,0,1,0,0.75
t2_only,1153,15,0,1,0,0.7188
t2_only,612,15,1,1,1,0.5
t2_only,1854,15,0,1,0,0.75
t2_only,995,15,0,1,0,0.7333
t2_only,1523,15,0,1,0,0.7333
t2_only,1864,15,1,1,1,0.5
t2_only,2661,15,0,0,1,0.8333
t2_only,2272,15,0,1,0,0.7143
t2_only,4941,15,0,0,1,0.9286
t2_only,2004,15,0,1,0,0.7143
t2_only,3048,15,0,0,1,0.325
t2_only,2917,15,0,0,1,0.3214
t2_only,2938,15,0,0,1,0.7727
t2_only,2841,15,0,0,1,0.75
t2_only,4007,15,0,0,1,0.7333
t2_only,1112,15,0,1,0,0.3
t2_only,327,15,1,1,1,0.5714
t2_only,4052,15,0,0,1,0.2917
t2_only,4719,15,0,0,1,0.3333
t2_only,4413,15,0,0,1,0.2812
t2_only,2757,15,0,0,1,0.2667
t2_only,2864,15,0,0,1,0.8571
t2_only,4738,15,0,0,1,0.3281
t2_only,2583,15,0,0,1,0.75
t2_only,4287,15,0,0,1,0.7143
t2_only,3937,15,0,0,1,0.8
t2_only,3203,15,0,0,1,0.75
t2_only,2986,15,0,0,1,0.3214
t2_only,4794,15,0,0,1,0.3214
t2_only,1770,15,1,1,1,0.5
t2_only,3051,15,0,0,1,0.7333
t2_only,3883,15,0,0,1,0.675
t2_only,3731,15,0,0,1,0.325
t2_only,2995,15,0,0,1,0.75
t2_only,2637,15,0,0,1,0.7
t2_only,2703,15,0,0,1,0.7143
t2_only,4996,15,0,0,1,0.6923
t2_only,3343,15,0,0,1,0.7143
t2_only,3177,15,0,0,1,0.75
t2_only,4298,15,0,0,1,0.7727
t2_only,4543,15,0,0,1,0.3333
t2_only,3333,16,0,0,1,0.8571
t2_only,1820,16,0,1,0,0.3333
t2_only,3913,16,0,0,1,0.2647
t2_only,2422,16,1,1,1,0.5
t2_only,732,16,1,1,1,0.5769
t2_only,1699,16,0,1,0,0.3409
t2_only,1682,16,0,1,0,0.25
t2_only,1781,16,0,1,0,0.3333
t2_only,703,16,1,1,1,0.5833
t2_only,1416,16,0,1,0,0.7857
t2_only,2594,16,0,0,1,0.2917
t2_only,2964,16,0,0,1,0.3214
t2_only,2878,16,0,0,1,0.3333
t2_only,408,16,0,1,0,0.8333
t2_only,3451,16,0,0,1,0.25
t2_only,2842,16,0,0,1,0.25
t2_only,2632,16,0,0,1,0.25
t2_only,3111,16,0,0,1,0.3214
t2_only,2838,16,0,0,1,0.75
t2_only,4776,16,0,0,1,0.325
t2_only,3305,16,0,0,1,0.3214
t2_only,2823,16,0,0,1,0.3056
t2_only,4475,16,0,0,1,0.2812
t2_only,1971,16,1,1,1,0.6875
t2_only,3855,16,0,0,1,0.3409
t2_only,3839,16,0,0,1,0.2917
t2_only,2890,16,0,0,1,0.3214
t2_only,4818,16,0,0,1,0.2917
t2_only,3171,16,0,0,1,0.3125
t2_only,3881,16,0,0,1,0.7222
t2_only,3046,16,0,0,1,0.3409
t2_only,2829,16,0,0,1,0.3333
t2_only,2098,16,1,1,1,0.5
t2_only,3081,16,0,0,1,0.3125
t2_only,4346,16,0,0,1,0.65
t2_only,160,16,1,1,1,0.4286
t2_only,2979,16,0,0,1,0.2727
t2_only,3359,16,0,0,1,0.3333
t2_only,2854,16,0,0,1,0.3571
t2_only,4736,16,0,0,1,0.3333
t2_only,1140,16,1,1,1,0.5556
t2_only,3170,16,0,0,1,0.25
t2_only,2868,16,0,0,1,0.3438
t2_only,4560,16,0,0,1,0.2778
t2_only,3897,16,0,0,1,0.75
t2_only,12,16,0,1,0,0.7727
t2_only,3073,16,0,0,1,0.3409
t2_only,2910,16,0,0,1,0.25
t2_only,621,16,1,1,1,0.5
t2_only,573,16,0,1,0,0.2857
t2_only,68,17,0,1,0,0.75
t2_only,3756,17,0,0,1,0.7727
t2_only,1461,17,1,1,1,0.5833
t2_only,2325,17,1,1,1,0.2143
t2_only,3416,17,0,0,1,0.3214
t2_only,550,17,1,1,1,0.625
t2_only,795,17,1,1,1,0.4
t2_only,220,17,0,1,0,0.75
t2_only,1790,17,0,1,0,0.7778
t2_only,356,17,1,1,1,0.5833
t2_only,315,17,1,1,1,0.5625
t2_only,603,17,0,1,0,0.3462
t2_only,3458,17,0,0,1,0.75
t2_only,333,17,1,1,1,0.4286
t2_only,4128,17,0,0,1,0.7857
t2_only,2070,17,1,1,1,0.4
t2_only,4244,17,0,0,1,0.7333
t2_only,400,17,0,1,0,0.7778
t2_only,4617,17,0,0,1,0.25
t2_only,4057,17,0,0,1,0.8333
t2_only,4051,17,0,0,1,0.3214
t2_only,4578,17,0,0,1,0.7143
t2_only,1392,17,1,1,1,0.6667
t2_only,2908,17,0,0,1,0.3214
t2_only,128,17,0,1,0,0.7222
t2_only,1940,17,1,1,1,0.5
t2_only,4445,17,0,0,1,0.3333
t2_only,3008,17,0,0,1,0.7143
t2_only,1018,17,0,1,0,0.75
t2_only,4464,17,0,0,1,0.2917
t2_only,3847,17,0,0,1,0.3214
t2_only,2245,17,1,1,1,0.5
t2_only,4090,17,0,0,1,0.3333
t2_only,2500,17,0,0,1,0.3409
t2_only,3890,17,0,0,1,0.325
t2_only,4247,17,0,0,1,0.3438
t2_only,4599,17,0,0,1,0.375
t2_only,2708,17,0,0,1,0.2955
t2_only,4559,17,0,0,1,0.2857
t2_only,2591,17,0,0,1,0.3333
t2_only,2562,17,0,0,1,0.3438
t2_only,685,17,1,1,1,0.5
t2_only,2793,17,0,0,1,0.3333
t2_only,60,17,0,1,0,0.3462
t2_only,4025,17,0,0,1,0.6923
t2_only,2941,17,0,0,1,0.3438
t2_only,1878,17,1,1,1,0.4286
t2_only,3267,17,0,0,1,0.2812
t2_only,3888,17,0,0,1,0.35
t2_only,962,18,1,1,1,0.5714
t2_only,971,18,0,1,0,0.3333
t2_only,3655,18,0,0,1,0.7857
t2_only,323,18,0,1,0,0.75
t2_only,631,18,0,1,0,0.3214
t2_only,414,18,1,1,1,0.3333
t2_only,1111,18,1,1,1,0.7
t2_only,1951,18,1,1,1,0.625
t2_only,137,18,1,1,1,0.5625
t2_only,1277,18,1,1,1,0.5
t2_only,696,18,0,1,0,0.8
t2_only,2299,18,0,1,0,0.3929
t2_only,2370,18,1,1,1,0.5
t2_only,464,18,1,1,1,0.5
t2_only,4484,18,0,0,1,0.3333
t2_only,297,18,1,1,1,0.5
t2_only,796,18,1,1,1,0.5
t2_only,155,18,1,1,1,0.5
t2_only,1532,18,1,1,1,0.5833
t2_only,611,18,1,1,1,0.375
t2_only,4645,18,0,0,1,0.7308
t2_only,1203,18,1,1,1,0.5
t2_only,4724,18,0,0,1,0.325
t2_only,4039,18,0,0,1,0.3214
t2_only,1321,18,1,1,1,0.375
t2_only,2170,18,0,1,0,0.3438
t2_only,2989,18,0,0,1,0.3333
t2_only,3640,18,0,0,1,0.3333
t2_only,4733,18,0,0,1,0.3333
t2_only,3744,18,0,0,1,0.2955
t2_only,4809,18,0,0,1,0.3214
t2_only,738,18,0,1,0,0.3214
t2_only,540,18,1,1,1,0.625
t2_only,3300,18,0,0,1,0.3214
t2_only,849,18,1,1,1,0.5714
t2_only,476,18,1,1,1,0.5
t2_only,2765,18,0,0,1,0.3333
t2_only,3642,18,0,0,1,0.3214
t2_only,4278,18,0,0,1,0.3438
t2_only,4749,18,0,0,1,0.3269
t2_only,4652,18,0,0,1,0.3571
t2_only,4076,18,0,0,1,0.6923
t2_only,2996,18,0,0,1,0.3269
t2_only,1858,18,0,1,0,0.325
t2_only,4969,18,0,0,1,0.3125
t2_only,1778,18,0,1,0,0.3438
t2_only,2172,18,1,1,1,0.4444
t2_only,3636,18,0,0,1,0.3333
t2_only,3925,18,0,0,1,0.3125
t2_only,1830,18,0,1,0,0.6667
t2_only,558,19,1,1,1,0.625
t2_only,786,19,1,1,1,0.4
t2_only,455,19,1,1,1,0.5833
t2_only,733,19,1,1,1,0.5833
t2_only,1702,19,0,1,0,0.3125
t2_only,607,19,1,1,1,0.8333
t2_only,96,19,1,1,1,0.6
t2_only,468,19,1,1,1,0.5
t2_only,1775,19,1,1,1,0.5833
t2_only,1029,19,0,1,0,0.6875
t2_only,2013,19,1,1,1,0.75
t2_only,259,19,1,1,1,0.6429
t2_only,613,19,1,1,1,0.5714
t2_only,1066,19,1,1,1,0.375
t2_only,1096,19,1,1,1,0.5714
t2_only,1514,19,1,1,1,0.5833
t2_only,56,19,1,1,1,0.5714
t2_only,979,19,1,1,1,0.5
t2_only,1921,19,0,1,0,0.7308
t2_only,398,19,1,1,1,0.5
t2_only,454,19,1,1,1,0.5556
t2_only,78,19,1,1,1,0.5
t2_only,1006,19,1,1,1,0.5
t2_only,1731,19,1,1,1,0.5
t2_only,1428,19,0,1,0,0.7727
t2_only,949,19,1,1,1,0.375
t2_only,1476,19,1,1,1,0.625
t2_only,496,19,1,1,1,0.5
t2_only,22,19,1,1,1,0.4375
t2_only,728,19,0,1,0,0.8333
t2_only,2066,19,1,1,1,0.4375
t2_only,1680,19,0,1,0,0.7857
t2_only,1616,19,1,1,1,0.4167
t2_only,2270,19,0,1,0,0.7333
t2_only,72,19,0,1,0,0.375
t2_only,235,19,1,1,1,0.3571
t2_only,441,19,1,1,1,0.3571
t2_only,1957,19,1,1,1,0.45
t2_only,2048,19,0,1,0,0.375
t2_only,239,19,1,1,1,0.5
t2_only,683,19,0,1,0,0.3542
t2_only,1412,19,0,1,0,0.75
t2_only,1280,19,1,1,1,0.4375
t2_only,2242,19,0,1,0,0.8
t2_only,1016,19,0,1,0,0.3333
t2_only,490,19,0,1,0,0.3036
t2_only,93,19,1,1,1,0.4
t2_only,968,19,1,1,1,0.5833
t2_only,4371,19,0,0,1,0.3571
t2_only,1460,19,0,1,0,0.7692
t2_only,767,20,1,1,1,0.4375
t2_only,2490,20,1,1,1,0.5
t2_only,483,20,1,1,1,0.4286
t2_only,2327,20,1,1,1,0.6
t2_only,2246,20,1,1,1,0.65
t2_only,2473,20,1,1,1,0.5714
t2_only,2206,20,1,1,1,0.5625
t2_only,699,20,1,1,1,0.5625
t2_only,2304,20,0,1,0,0.3333
t2_only,2424,20,1,1,1,0.8
t2_only,164,20,1,1,1,0.5833
t2_only,2848,20,0,0,1,0.7273
t2_only,2088,20,0,1,0,0.2917
t2_only,221,20,1,1,1,0.5
t2_only,1834,20,1,1,1,0.5
t2_only,2411,20,1,1,1,0.5833
t2_only,4134,20,0,0,1,0.3214
t2_only,829,20,0,1,0,0.75
t2_only,1194,20,1,1,1,0.5625
t2_only,2109,20,1,1,1,0.4375
t2_only,2365,20,1,1,1,0.5
t2_only,4546,20,0,0,1,0.225
t2_only,1436,20,1,1,1,0.6429
t2_only,2487,20,1,1,1,0.5714
t2_only,2427,20,1,1,1,0.4444
t2_only,1627,20,1,1,1,0.6429
t2_only,4224,20,0,0,1,0.3214
t2_only,1095,20,1,1,1,0.4286
t2_only,2744,20,0,0,1,0.75
t2_only,986,20,1,1,1,0.3333
t2_only,3386,20,0,0,1,0.2692
t2_only,2640,20,0,0,1,0.7143
t2_only,3856,20,0,0,1,0.3
t2_only,1027,20,1,1,1,0.4167
t2_only,2946,20,0,0,1,0.275
t2_only,1794,20,1,1,1,0.5
t2_only,4358,20,0,0,1,0.3281
t2_only,765,20,1,1,1,0.375
t2_only,549,20,1,1,1,0.625
t2_only,4966,20,0,0,1,0.3182
t2_only,4819,20,0,0,1,0.3214
t2_only,191,20,0,1,0,0.9167
t2_only,1236,20,0,1,0,0.25
t2_only,1061,20,0,1,0,0.7727
t2_only,4835,20,0,0,1,0.25
t2_only,1349,20,1,1,1,0.4286
t2_only,495,20,0,1,0,0.7917
t2_only,2414,20,1,1,1,0.6364
t2_only,2275,20,1,1,1,0.4286
t2_only,2314,20,1,1,1,0.5833
t2_only,1188,21,0,1,0,0.3214
t2_only,771,21,0,1,0,0.75
t2_only,71,21,1,1,1,0.5
t2_only,1946,21,0,1,0,0.8125
t2_only,1329,21,1,1,1,0.5
t2_only,661,21,0,1,0,0.7857
t2_only,300,21,0,1,0,0.7857
t2_only,2,21,1,1,1,0.6111
t2_only,1250,21,1,1,1,0.75
t2_only,1307,21,1,1,1,0.5833
t2_only,4429,21,0,0,1,0.8333
t2_only,19,21,1,1,1,0.5
t2_only,17,21,0,1,0,0.8
t2_only,4728,21,0,0,1,0.7333
t2_only,94,21,1,1,1,0.5
t2_only,195,21,1,1,1,0.5
t2_only,4896,21,0,0,1,0.3333
t2_only,4596,21,0,0,1,0.3056
t2_only,3076,21,0,0,1,0.7083
t2_only,1124,21,1,1,1,0.5833
t2_only,4418,21,0,0,1,0.2188
t2_only,2051,21,1,1,1,0.4286
t2_only,3277,21,0,0,1,0.25
t2_only,1803,21,0,1,0,0.7857
t2_only,3563,21,0,0,1,0.3214
t2_only,1309,21,1,1,1,0.4286
t2_only,1861,21,1,1,1,0.7143
t2_only,2386,21,1,1,1,0.4286
t2_only,1576,21,1,1,1,0.4167
t2_only,3863,21,0,0,1,0.3281
t2_only,1438,21,1,1,1,0.4375
t2_only,1927,21,1,1,1,0.5
t2_only,406,21,1,1,1,0.75
t2_only,1888,21,1,1,1,0.4286
t2_only,522,21,1,1,1,0.3
t2_only,1086,21,0,1,0,0.325
t2_only,635,21,1,1,1,0.5
t2_only,4026,21,0,0,1,0.3
t2_only,4391,21,0,0,1,0.7222
t2_only,3806,21,0,0,1,0.7857
t2_only,2377,21,0,1,0,0.8571
t2_only,3428,21,0,0,1,0.25
t2_only,1873,21,0,1,0,0.2656
t2_only,2596,21,0,0,1,0.35
t2_only,924,21,0,1,0,0.3409
t2_only,2650,21,0,0,1,0.6875
t2_only,1876,21,0,1,0,0.9167
t2_only,3778,21,0,0,1,0.3077
t2_only,984,21,0,1,0,0.3333
t2_only,3791,21,0,0,1,0.7143
t2_only,894,22,1,1,1,0.6
t2_only,2227,22,1,1,1,0.5
t2_only,429,22,1,1,1,0.5
t2_only,2315,22,0,1,0,0.7308
t2_only,257,22,1,1,1,0.5
t2_only,2249,22,1,1,1,0.4444
t2_only,2276,22,1,1,1,0.4375
t2_only,581,22,0,1,0,0.3409
t2_only,2137,22,0,1,0,0.7727
t2_only,833,22,1,1,1,0.5
t2_only,1972,22,1,1,1,0.375
t2_only,1534,22,1,1,1,0.5
t2_only,6,22,1,1,1,0.45
t2_only,2356,22,0,1,0,0.8125
t2_only,1204,22,0,1,0,0.6818
t2_only,1283,22,0,1,0,0.5714
t2_only,30,22,0,1,0,0.7692
t2_only,2295,22,1,1,1,0.4444
t2_only,1757,22,1,1,1,0.5833
t2_only,1750,22,0,1,0,0.8182
t2_only,892,22,1,1,1,0.625
t2_only,102,22,1,1,1,0.4375
t2_only,36,22,1,1,1,0.3571
t2_only,372,22,1,1,1,0.5
t2_only,758,22,0,1,0,0.25
t2_only,200,22,1,1,1,0.4444
t2_only,326,22,1,1,1,0.4375
t2_only,1867,22,0,1,0,0.3393
t2_only,494,22,1,1,1,0.5833
t2_only,922,22,0,1,0,0.75
t2_only,939,22,1,1,1,0.4375
t2_only,45,22,0,1,0,0.7333
t2_only,1606,22,0,1,0,0.3269
t2_only,4713,22,0,0,1,0.3333
t2_only,18,22,1,1,1,0.5714
t2_only,3507,22,0,0,1,0.3611
t2_only,1999,22,0,1,0,0.3333
t2_only,1610,22,1,1,1,0.375
t2_only,616,22,0,1,0,0.75
t2_only,3531,22,0,0,1,0.75
t2_only,1725,22,1,1,1,0.5
t2_only,1468,22,0,1,0,0.2812
t2_only,735,22,0,1,0,0.3333
t2_only,331,22,0,1,0,0.3438
t2_only,3385,22,0,0,1,0.6667
t2_only,2426,22,0,1,0,0.7143
t2_only,3760,22,0,0,1,0.2188
t2_only,2763,22,0,0,1,0.75
t2_only,1044,22,1,1,1,0.5
t2_only,2136,22,0,1,0,0.8
t2_only,1630,23,0,1,0,0.8333
t2_only,777,23,0,1,0,0.7333
t2_only,1574,23,0,1,0,0.3333
t2_only,594,23,1,1,1,0.3571
t2_only,1480,23,0,1,0,0.3409
t2_only,2485,23,1,1,1,0.4286
t2_only,2037,23,0,1,0,0.35
t2_only,232,23,0,1,0,0.25
t2_only,2353,23,0,1,0,0.3409
t2_only,1015,23,1,1,1,0.5
t2_only,1960,23,0,1,0,0.3333
t2_only,874,23,0,1,0,0.7778
t2_only,2379,23,0,1,0,0.7727
t2_only,1954,23,1,1,1,0.4444
t2_only,705,23,0,1,0,0.7333
t2_only,729,23,0,1,0,0.7917
t2_only,709,23,0,1,0,0.3214
t2_only,1361,23,1,1,1,0.5
t2_only,1211,23,0,1,0,0.7333
t2_only,722,23,1,1,1,0.4375
t2_only,1863,23,1,1,1,0.4375
t2_only,1197,23,0,1,0,0.3
t2_only,1346,23,1,1,1,0.5833
t2_only,789,23,1,1,1,0.2857
t2_only,153,23,1,1,1,0.5
t2_only,1953,23,0,1,0,0.2857
t2_only,491,23,1,1,1,0.5
t2_only,1543,23,0,1,0,0.75
t2_only,2054,23,1,1,1,0.5
t2_only,2143,23,0,1,0,0.75
t2_only,344,23,1,1,1,0.7
t2_only,1624,23,1,1,1,0.3571
t2_only,841,23,0,1,0,0.7857
t2_only,1679,23,0,1,0,0.75
t2_only,1069,23,1,1,1,0.4167
t2_only,1147,23,1,1,1,0.375
t2_only,1121,23,0,1,0,0.3077
t2_only,1013,23,1,1,1,0.3571
t2_only,1220,23,1,1,1,0.4167
t2_only,1040,23,0,1,0,0.7143
t2_only,1071,23,0,1,0,0.7273
t2_only,3,23,1,1,1,0.4444
t2_only,1505,23,0,1,0,0.75
t2_only,620,23,1,1,1,0.4444
t2_only,1883,23,1,1,1,0.4375
t2_only,1847,23,1,1,1,0.55
t2_only,749,23,1,1,1,0.4286
t2_only,1491,23,1,1,1,0.4286
t2_only,1447,23,0,1,0,0.75
t2_only,1411,23,0,1,0,0.7143
t2_only,492,24,1,1,1,0.5
t2_only,514,24,1,1,1,0.5
t2_only,1760,24,0,1,0,0.3409
t2_only,472,24,1,1,1,0.5714
t2_only,1902,24,0,1,0,0.3542
t2_only,80,24,1,1,1,0.4286
t2_only,1846,24,1,1,1,0.3333
t2_only,2294,24,0,1,0,0.7
t2_only,1645,24,1,1,1,0.625
t2_only,602,24,1,1,1,0.4375
t2_only,1398,24,1,1,1,0.625
t2_only,2103,24,0,1,0,0.8333
t2_only,842,24,1,1,1,0.4375
t2_only,2277,24,1,1,1,0.5714
t2_only,216,24,1,1,1,0.5
t2_only,1762,24,0,1,0,0.75
t2_only,178,24,0,1,0,0.7333
t2_only,980,24,1,1,1,0.6429
t2_only,914,24,1,1,1,0.4286
t2_only,1021,24,1,1,1,0.5833
t2_only,2321,24,1,1,1,0.7
t2_only,244,24,1,1,1,0.5
t2_only,134,24,1,1,1,0.4375
t2_only,498,24,0,1,0,0.3333
t2_only,2328,24,1,1,1,0.5714
t2_only,822,24,1,1,1,0.4167
t2_only,782,24,1,1,1,0.5
t2_only,652,24,1,1,1,0.6
t2_only,976,24,0,1,0,0.7857
t2_only,2110,24,1,1,1,0.4444
t2_only,688,24,1,1,1,0.5
t2_only,67,24,1,1,1,0.375
t2_only,2153,24,1,1,1,0.4167
t2_only,1179,24,1,1,1,0.4286
t2_only,2132,24,1,1,1,0.5
t2_only,2348,24,1,1,1,0.3333
t2_only,84,24,0,1,0,0.3611
t2_only,2483,24,0,1,0,0.3
t2_only,2092,24,1,1,1,0.6
t2_only,1320,24,0,1,0,0.3269
t2_only,1829,24,1,1,1,0.4286
t2_only,25,24,0,1,0,0.2188
t2_only,1934,24,1,1,1,0.4375
t2_only,1970,24,1,1,1,0.625
t2_only,117,24,1,1,1,0.4375
t2_only,292,24,1,1,1,0.5833
t2_only,2376,24,1,1,1,0.5833
t2_only,457,24,1,1,1,0.4
t2_only,964,24,0,1,0,0.7143
t2_only,1698,24,0,1,0,0.3333
t2_only,1743,25,0,1,0,0.7143
t2_only,1671,25,0,1,0,0.3333
t2_only,582,25,0,1,0,0.7727
t2_only,1485,25,1,1,1,0.5625
t2_only,459,25,1,1,1,0.6
t2_only,4935,25,0,0,1,0.3409
t2_only,2464,25,0,1,0,0.75
t2_only,1513,25,1,1,1,0.5
t2_only,1345,25,1,1,1,0.7
t2_only,171,25,1,1,1,0.3
t2_only,1851,25,1,1,1,0.5714
t2_only,1168,25,1,1,1,0.625
t2_only,1342,25,0,1,0,0.7333
t2_only,2183,25,1,1,1,0.5
t2_only,2131,25,1,1,1,0.4286
t2_only,648,25,1,1,1,0.5
t2_only,1747,25,1,1,1,0.4444
t2_only,1649,25,0,1,0,0.3
t2_only,1734,25,0,1,0,0.7143
t2_only,764,25,1,1,1,0.3125
t2_only,393,25,0,1,0,0.2917
t2_only,1973,25,0,1,0,0.3393
t2_only,529,25,1,1,1,0.5833
t2_only,1265,25,1,1,1,0.5
t2_only,1721,25,1,1,1,0.4286
t2_only,1890,25,0,1,0,0.7143
t2_only,1473,25,1,1,1,0.5
t2_only,317,25,0,1,0,0.7778
t2_only,1407,25,0,1,0,0.3214
t2_only,2078,25,1,1,1,0.4375
t2_only,2418,25,1,1,1,0.5
t2_only,3598,25,0,0,1,0.2045
t2_only,1969,25,1,1,1,0.4286
t2_only,2063,25,1,1,1,0.4
t2_only,3350,25,0,0,1,0.3269
t2_only,186,25,0,1,0,0.3333
t2_only,4514,25,0,0,1,0.75
t2_only,1533,25,0,1,0,0.3571
t2_only,1566,25,1,1,1,0.5833
t2_only,1904,25,0,1,0,0.75
t2_only,1602,25,0,1,0,0.875
t2_only,3573,25,0,0,1,0.3571
t2_only,3114,25,0,0,1,0.2778
t2_only,832,25,1,1,1,0.4
t2_only,1463,25,0,1,0,0.3056
t2_only,1712,25,1,1,1,0.6429
t2_only,839,25,1,1,1,0.5625
t2_only,251,25,1,1,1,0.5
t2_only,1134,25,0,1,0,0.75
t2_only,907,25,0,1,0,0.7727
t3_only,4924,1,0,0,1,1.0
t3_only,2843,1,0,0,1,1.0
t3_only,4011,1,0,0,1,0.45
t3_only,3044,1,0,0,1,1.0
t3_only,3082,1,0,0,1,1.0
t3_only,4389,1,0,0,1,1.0
t3_only,3126,1,0,0,1,1.0
t3_only,4712,1,0,0,1,1.0
t3_only,4107,1,0,0,1,1.0
t3_only,2957,1,0,0,1,1.0
t3_only,2733,1,0,0,1,1.0
t3_only,4592,1,0,0,1,1.0
t3_only,3815,1,0,0,1,1.0
t3_only,2974,1,0,0,1,1.0
t3_only,3372,1,0,0,1,1.0
t3_only,4904,1,0,0,1,1.0
t3_only,4547,1,0,0,1,1.0
t3_only,4873,1,0,0,1,1.0
t3_only,2595,1,0,0,1,1.0
t3_only,3395,1,0,0,1,1.0
t3_only,3281,1,0,0,1,1.0
t3_only,4381,1,0,0,1,1.0
t3_only,575,1,1,1,1,0.15
t3_only,4160,1,0,0,1,1.0
t3_only,2815,1,0,0,1,1.0
t3_only,4446,1,0,0,1,1.0
t3_only,4967,1,0,0,1,1.0
t3_only,2710,1,0,0,1,1.0
t3_only,4031,1,0,0,1,1.0
t3_only,4337,1,0,0,1,1.0
t3_only,3706,1,0,0,1,1.0
t3_only,3208,1,0,0,1,1.0
t3_only,3336,1,0,0,1,1.0
t3_only,4318,1,0,0,1,1.0
t3_only,4141,1,0,0,1,1.0
t3_only,4306,1,0,0,1,1.0
t3_only,2585,1,0,0,1,1.0
t3_only,2792,1,0,0,1,1.0
t3_only,3024,1,0,0,1,1.0
t3_only,3113,1,0,0,1,1.0
t3_only,3939,1,0,0,1,1.0
t3_only,3080,1,0,0,1,1.0
t3_only,3828,1,0,0,1,1.0
t3_only,3540,1,0,0,1,1.0
t3_only,3577,1,0,0,1,1.0
t3_only,2886,1,0,0,1,1.0
t3_only,3154,1,0,0,1,1.0
t3_only,3821,1,0,0,1,1.0
t3_only,2694,1,0,0,1,1.0
t3_only,4884,1,0,0,1,1.0
t3_only,2646,2,0,0,1,0.45
t3_only,4676,2,0,0,1,1.0
t3_only,2796,2,0,0,1,1.0
t3_only,3401,2,0,0,1,1.0
t3_only,3151,2,0,0,1,1.0
t3_only,4229,2,0,0,1,1.0
t3_only,4883,2,0,0,1,1.0
t3_only,4989,2,0,0,1,1.0
t3_only,3429,2,0,0,1,1.0
t3_only,568,2,0,1,0,1.0
t3_only,1520,2,0,1,0,1.0
t3_only,1430,2,0,1,0,1.0
t3_only,2932,2,0,0,1,1.0
t3_only,2665,2,0,0,1,1.0
t3_only,4807,2,0,0,1,1.0
t3_only,4083,2,0,0,1,1.0
t3_only,4219,2,0,0,1,1.0
t3_only,2742,2,0,0,1,1.0
t3_only,3093,2,0,0,1,1.0
t3_only,3480,2,0,0,1,1.0
t3_only,4942,2,0,0,1,1.0
t3_only,1254,2,0,1,0,1.0
t3_only,1038,2,1,1,1,0.15
t3_only,1694,2,1,1,1,0.15
t3_only,4589,2,0,0,1,1.0
t3_only,2872,2,0,0,1,1.0
t3_only,3509,2,0,0,1,1.0
t3_only,2780,2,0,0,1,1.0
t3_only,3686,2,0,0,1,1.0
t3_only,4416,2,0,0,1,1.0
t3_only,2627,2,0,0,1,1.0
t3_only,4133,2,0,0,1,1.0
t3_only,2758,2,0,0,1,1.0
t3_only,2557,2,0,0,1,1.0
t3_only,4881,2,0,0,1,1.0
t3_only,3750,2,0,0,1,1.0
t3_only,4697,2,0,0,1,1.0
t3_only,3537,2,0,0,1,1.0
t3_only,2955,2,0,0,1,1.0
t3_only,4928,2,0,0,1,1.0
t3_only,3220,2,0,0,1,1.0
t3_only,3814,2,0,0,1,1.0
t3_only,4122,2,0,0,1,1.0
t3_only,4716,2,0,0,1,1.0
t3_only,4251,2,0,0,1,1.0
t3_only,3364,2,0,0,1,1.0
t3_only,3525,2,0,0,1,1.0
t3_only,4065,2,0,0,1,1.0
t3_only,3773,2,0,0,1,1.0
t3_only,4920,2,0,0,1,1.0
t3_only,4759,3,0,0,1,1.0
t3_only,4502,3,0,0,1,1.0
t3_only,3245,3,0,0,1,1.0
t3_only,2660,3,0,0,1,1.0
t3_only,4587,3,0,0,1,1.0
t3_only,4506,3,0,0,1,1.0
t3_only,2933,3,0,0,1,0.45
t3_only,2666,3,0,0,1,1.0
t3_only,4508,3,0,0,1,1.0
t3_only,3854,3,0,0,1,1.0
t3_only,4097,3,0,0,1,1.0
t3_only,3197,3,0,0,1,1.0
t3_only,2635,3,0,0,1,1.0
t3_only,2816,3,0,0,1,1.0
t3_only,3651,3,0,0,1,1.0
t3_only,3982,3,0,0,1,1.0
t3_only,2604,3,0,0,1,1.0
t3_only,4764,3,0,0,1,1.0
t3_only,2883,3,0,0,1,1.0
t3_only,4528,3,0,0,1,1.0
t3_only,2896,3,0,0,1,1.0
t3_only,3481,3,0,0,1,1.0
t3_only,2547,3,0,0,1,1.0
t3_only,4564,3,0,0,1,1.0
t3_only,4457,3,0,0,1,1.0
t3_only,4865,3,0,0,1,1.0
t3_only,4527,3,0,0,1,1.0
t3_only,4290,3,0,0,1,1.0
t3_only,3466,3,0,0,1,1.0
t3_only,2991,3,0,0,1,1.0
t3_only,3873,3,0,0,1,1.0
t3_only,3761,3,0,0,1,1.0
t3_only,2760,3,0,0,1,1.0
t3_only,4315,3,0,0,1,1.0
t3_only,2586,3,0,0,1,1.0
t3_only,4677,3,0,0,1,1.0
t3_only,3053,3,0,0,1,1.0
t3_only,3796,3,0,0,1,1.0
t3_only,4814,3,0,0,1,1.0
t3_only,3247,3,0,0,1,1.0
t3_only,4955,3,0,0,1,1.0
t3_only,4084,3,0,0,1,1.0
t3_only,4171,3,0,0,1,0.45
t3_only,3254,3,0,0,1,1.0
t3_only,477,3,0,1,0,1.0
t3_only,4327,3,0,0,1,1.0
t3_only,3143,3,0,0,1,1.0
t3_only,3954,3,0,0,1,1.0
t3_only,2881,3,0,0,1,1.0
t3_only,4768,4,0,0,1,1.0
t3_only,4282,4,0,0,1,1.0
t3_only,4499,4,0,0,1,0.45
t3_only,2431,4,1,1,1,0.15
t3_only,2976,4,0,0,1,1.0
t3_only,4406,4,0,0,1,1.0
t3_only,4383,4,0,0,1,0.25
t3_only,4778,4,0,0,1,1.0
t3_only,3733,4,0,0,1,1.0
t3_only,4174,4,0,0,1,1.0
t3_only,2740,4,0,0,1,0.45
t3_only,4897,4,0,0,1,1.0
t3_only,2762,4,0,0,1,1.0
t3_only,3928,4,0,0,1,1.0
t3_only,4783,4,0,0,1,1.0
t3_only,3783,4,0,0,1,1.0
t3_only,3966,4,0,0,1,1.0
t3_only,2711,4,0,0,1,1.0
t3_only,2912,4,0,0,1,1.0
t3_only,4852,4,0,0,1,1.0
t3_only,4366,4,0,0,1,1.0
t3_only,2875,4,0,0,1,0.25
t3_only,3646,4,0,0,1,1.0
t3_only,2785,4,0,0,1,1.0
t3_only,3590,4,0,0,1,1.0
t3_only,3116,4,0,0,1,1.0
t3_only,4256,4,0,0,1,1.0
t3_only,4644,4,0,0,1,1.0
t3_only,4037,4,0,0,1,0.25
t3_only,3369,4,0,0,1,1.0
t3_only,4863,4,0,0,1,1.0
t3_only,3875,4,0,0,1,1.0
t3_only,3207,4,0,0,1,1.0
t3_only,2774,4,1,0,0,0.15
t3_only,3729,4,0,0,1,0.45
t3_only,3068,4,0,0,1,1.0
t3_only,4803,4,0,0,1,1.0
t3_only,563,4,0,1,0,1.0
t3_only,3137,4,0,0,1,1.0
t3_only,2509,4,0,0,1,1.0
t3_only,4754,4,0,0,1,1.0
t3_only,3849,4,0,0,1,1.0
t3_only,1359,4,0,1,0,1.0
t3_only,3765,4,0,0,1,1.0
t3_only,2695,4,0,0,1,1.0
t3_only,3004,4,0,0,1,1.0
t3_only,2631,4,0,0,1,1.0
t3_only,2847,4,0,0,1,1.0
t3_only,2697,4,0,0,1,1.0
t3_only,4959,4,0,0,1,0.25
t3_only,3437,5,0,0,1,1.0
t3_only,2667,5,0,0,1,1.0
t3_only,4082,5,0,0,1,0.25
t3_only,3251,5,0,0,1,0.45
t3_only,3037,5,0,0,1,1.0
t3_only,4237,5,0,0,1,0.25
t3_only,3132,5,0,0,1,0.25
t3_only,3641,5,0,0,1,1.0
t3_only,3283,5,0,0,1,1.0
t3_only,3025,5,0,0,1,1.0
t3_only,4177,5,0,0,1,1.0
t3_only,2609,5,0,0,1,1.0
t3_only,2960,5,0,0,1,1.0
t3_only,4866,5,0,0,1,1.0
t3_only,3366,5,0,0,1,1.0
t3_only,2807,5,0,0,1,1.0
t3_only,4222,5,0,0,1,1.0
t3_only,4919,5,0,0,1,1.0
t3_only,3845,5,0,0,1,1.0
t3_only,3827,5,0,0,1,1.0
t3_only,3192,5,0,0,1,1.0
t3_only,4077,5,0,0,1,1.0
t3_only,3210,5,0,0,1,1.0
t3_only,3103,5,0,0,1,1.0
t3_only,4079,5,0,0,1,1.0
t3_only,2947,5,0,0,1,1.0
t3_only,3838,5,0,0,1,1.0
t3_only,4201,5,0,0,1,1.0
t3_only,3275,5,0,0,1,1.0
t3_only,3699,5,0,0,1,1.0
t3_only,3360,5,0,0,1,1.0
t3_only,4889,5,0,0,1,1.0
t3_only,4649,5,0,0,1,1.0
t3_only,3448,5,0,0,1,1.0
t3_only,4862,5,0,0,1,1.0
t3_only,2565,5,0,0,1,1.0
t3_only,4447,5,0,0,1,1.0
t3_only,2643,5,0,0,1,1.0
t3_only,3088,5,0,0,1,1.0
t3_only,3457,5,0,0,1,1.0
t3_only,4503,5,0,0,1,1.0
t3_only,3347,5,0,0,1,1.0
t3_only,4751,5,0,0,1,1.0
t3_only,3504,5,0,0,1,1.0
t3_only,3619,5,0,0,1,1.0
t3_only,3880,5,0,0,1,1.0
t3_only,3878,5,0,0,1,1.0
t3_only,3227,5,0,0,1,1.0
t3_only,3410,5,0,0,1,1.0
t3_only,2743,5,0,0,1,1.0
t3_only,2773,6,0,0,1,1.0
t3_only,4053,6,0,0,1,1.0
t3_only,3256,6,0,0,1,1.0
t3_only,3408,6,0,0,1,1.0
t3_only,2802,6,0,0,1,1.0
t3_only,3464,6,0,0,1,1.0
t3_only,3738,6,0,0,1,1.0
t3_only,2580,6,0,0,1,1.0
t3_only,3273,6,0,0,1,1.0
t3_only,2720,6,0,0,1,1.0
t3_only,3470,6,0,0,1,1.0
t3_only,3926,6,0,0,1,0.25
t3_only,3649,6,0,0,1,0.45
t3_only,4254,6,0,0,1,1.0
t3_only,3568,6,0,0,1,1.0
t3_only,4063,6,0,0,1,1.0
t3_only,3463,6,0,0,1,0.45
t3_only,2874,6,0,0,1,1.0
t3_only,3551,6,0,0,1,1.0
t3_only,2644,6,0,0,1,1.0
t3_only,2741,6,0,0,1,1.0
t3_only,3657,6,0,0,1,1.0
t3_only,3764,6,0,0,1,1.0
t3_only,4255,6,0,0,1,1.0
t3_only,3223,6,0,0,1,1.0
t3_only,3817,6,0,0,1,1.0
t3_only,2751,6,0,0,1,1.0
t3_only,2753,6,0,0,1,1.0
t3_only,4930,6,0,0,1,1.0
t3_only,4294,6,0,0,1,1.0
t3_only,4343,6,0,0,1,1.0
t3_only,3290,6,0,0,1,1.0
t3_only,3382,6,0,0,1,1.0
t3_only,4126,6,0,0,1,1.0
t3_only,2781,6,0,0,1,1.0
t3_only,4906,6,0,0,1,1.0
t3_only,4307,6,0,0,1,1.0
t3_only,2514,6,0,0,1,1.0
t3_only,4012,6,0,0,1,1.0
t3_only,3312,6,0,0,1,1.0
t3_only,3548,6,0,0,1,1.0
t3_only,3899,6,0,0,1,1.0
t3_only,3100,6,0,0,1,1.0
t3_only,2779,6,0,0,1,1.0
t3_only,3635,6,0,0,1,1.0
t3_only,2768,6,0,0,1,1.0
t3_only,3874,6,0,0,1,1.0
t3_only,4732,6,0,0,1,1.0
t3_only,3589,6,0,0,1,1.0
t3_only,4486,6,0,0,1,1.0
t3_only,3225,7,0,0,1,0.45
t3_only,2906,7,0,0,1,0.45
t3_only,3708,7,0,0,1,1.0
t3_only,4055,7,0,0,1,1.0
t3_only,4582,7,0,0,1,1.0
t3_only,4146,7,0,0,1,1.0
t3_only,3978,7,0,0,1,1.0
t3_only,4792,7,0,0,1,1.0
t3_only,3625,7,0,0,1,1.0
t3_only,4706,7,0,0,1,1.0
t3_only,4162,7,0,0,1,1.0
t3_only,3444,7,0,0,1,0.25
t3_only,2709,7,0,0,1,1.0
t3_only,2844,7,0,0,1,0.25
t3_only,3843,7,0,0,1,1.0
t3_only,4270,7,0,0,1,1.0
t3_only,3020,7,0,0,1,1.0
t3_only,3588,7,0,0,1,1.0
t3_only,3826,7,0,0,1,1.0
t3_only,4419,7,0,0,1,1.0
t3_only,2739,7,0,0,1,1.0
t3_only,3411,7,0,0,1,1.0
t3_only,4994,7,0,0,1,1.0
t3_only,2789,7,0,0,1,1.0
t3_only,4767,7,0,0,1,1.0
t3_only,2639,7,0,0,1,1.0
t3_only,3979,7,0,0,1,0.25
t3_only,2659,7,0,0,1,1.0
t3_only,4766,7,0,0,1,1.0
t3_only,3595,7,0,0,1,1.0
t3_only,4163,7,0,0,1,1.0
t3_only,4913,7,0,0,1,1.0
t3_only,4700,7,0,0,1,1.0
t3_only,4367,7,0,0,1,1.0
t3_only,4100,7,0,0,1,1.0
t3_only,2948,7,0,0,1,1.0
t3_only,4523,7,0,0,1,1.0
t3_only,4682,7,0,0,1,1.0
t3_only,4081,7,0,0,1,1.0
t3_only,2893,7,0,0,1,1.0
t3_only,4845,7,0,0,1,1.0
t3_only,4225,7,0,0,1,1.0
t3_only,4984,7,0,0,1,1.0
t3_only,4152,7,0,0,1,1.0
t3_only,4274,7,0,0,1,1.0
t3_only,4173,7,0,0,1,1.0
t3_only,90,7,1,1,1,1.0
t3_only,2523,7,0,0,1,1.0
t3_only,3572,7,0,0,1,1.0
t3_only,4623,7,0,0,1,1.0
t3_only,54,8,0,1,0,0.3
t3_only,489,8,1,1,1,0.15
t3_only,3505,8,0,0,1,1.0
t3_only,4454,8,0,0,1,1.0
t3_only,3430,8,0,0,1,1.0
t3_only,3728,8,0,0,1,1.0
t3_only,3096,8,0,0,1,1.0
t3_only,3870,8,0,0,1,1.0
t3_only,3182,8,0,0,1,1.0
t3_only,4597,8,0,0,1,1.0
t3_only,4059,8,0,0,1,1.0
t3_only,1119,8,0,1,0,1.0
t3_only,3042,8,0,0,1,1.0
t3_only,2884,8,0,0,1,1.0
t3_only,3356,8,0,0,1,1.0
t3_only,4562,8,0,0,1,1.0
t3_only,553,8,1,1,1,0.15
t3_only,4519,8,0,0,1,1.0
t3_only,4266,8,0,0,1,1.0
t3_only,3284,8,0,0,1,1.0
t3_only,4183,8,0,0,1,1.0
t3_only,3445,8,0,0,1,1.0
t3_only,2931,8,0,0,1,0.25
t3_only,3134,8,0,0,1,1.0
t3_only,2813,8,0,0,1,1.0
t3_only,4331,8,0,0,1,0.45
t3_only,3054,8,0,0,1,1.0
t3_only,3212,8,0,0,1,1.0
t3_only,2712,8,0,0,1,1.0
t3_only,4436,8,0,0,1,1.0
t3_only,4184,8,0,0,1,1.0
t3_only,4917,8,0,0,1,1.0
t3_only,3259,8,0,0,1,1.0
t3_only,2495,8,0,1,0,1.0
t3_only,3156,8,0,0,1,1.0
t3_only,3373,8,0,0,1,1.0
t3_only,2689,8,0,0,1,1.0
t3_only,3377,8,0,0,1,1.0
t3_only,2533,8,0,0,1,1.0
t3_only,4694,8,0,0,1,1.0
t3_only,3862,8,0,0,1,1.0
t3_only,2850,8,0,0,1,1.0
t3_only,2516,8,1,0,0,0.15
t3_only,4392,8,0,0,1,0.45
t3_only,4721,8,0,0,1,1.0
t3_only,2777,8,0,0,1,1.0
t3_only,3753,8,0,0,1,1.0
t3_only,2950,8,0,0,1,1.0
t3_only,3988,8,0,0,1,1.0
t3_only,3059,8,1,0,0,0.15
t3_only,3425,9,0,0,1,0.25
t3_only,4330,9,0,0,1,1.0
t3_only,3224,9,0,0,1,0.45
t3_only,4427,9,0,0,1,1.0
t3_only,2828,9,0,0,1,1.0
t3_only,3740,9,0,0,1,1.0
t3_only,3104,9,0,0,1,1.0
t3_only,4761,9,0,0,1,1.0
t3_only,3944,9,0,0,1,1.0
t3_only,3322,9,0,0,1,1.0
t3_only,2663,9,0,0,1,1.0
t3_only,4220,9,0,0,1,1.0
t3_only,3216,9,0,0,1,1.0
t3_only,3975,9,0,0,1,1.0
t3_only,2971,9,0,0,1,1.0
t3_only,4667,9,0,0,1,1.0
t3_only,3835,9,0,0,1,1.0
t3_only,3906,9,0,0,1,1.0
t3_only,3476,9,0,0,1,1.0
t3_only,4386,9,0,0,1,1.0
t3_only,2530,9,0,0,1,1.0
t3_only,4654,9,0,0,1,1.0
t3_only,4207,9,0,0,1,1.0
t3_only,3959,9,0,0,1,1.0
t3_only,3276,9,0,0,1,1.0
t3_only,3391,9,0,0,1,1.0
t3_only,4954,9,0,0,1,1.0
t3_only,3418,9,0,0,1,1.0
t3_only,4469,9,0,0,1,1.0
t3_only,3125,9,0,0,1,1.0
t3_only,3947,9,0,0,1,1.0
t3_only,3808,9,0,0,1,1.0
t3_only,2651,9,0,0,1,1.0
t3_only,4607,9,0,0,1,1.0
t3_only,4894,9,0,0,1,1.0
t3_only,2252,9,0,1,0,0.25
t3_only,3214,9,0,0,1,1.0
t3_only,4218,9,0,0,1,1.0
t3_only,3011,9,0,0,1,1.0
t3_only,4433,9,0,0,1,1.0
t3_only,3235,9,0,0,1,1.0
t3_only,4216,9,0,0,1,1.0
t3_only,3656,9,0,0,1,1.0
t3_only,4314,9,0,0,1,1.0
t3_only,3316,9,0,0,1,1.0
t3_only,4348,9,0,0,1,1.0
t3_only,4208,9,0,0,1,1.0
t3_only,4858,9,0,0,1,1.0
t3_only,2824,9,0,0,1,1.0
t3_only,4832,9,0,0,1,1.0
t3_only,1797,10,1,1,1,0.15
t3_only,4610,10,0,0,1,1.0
t3_only,1656,10,1,1,1,0.15
t3_only,3310,10,0,0,1,1.0
t3_only,4618,10,0,0,1,1.0
t3_only,4426,10,0,0,1,1.0
t3_only,2608,10,0,0,1,1.0
t3_only,3335,10,0,0,1,1.0
t3_only,4178,10,0,0,1,1.0
t3_only,3938,10,0,0,1,1.0
t3_only,4880,10,0,0,1,1.0
t3_only,4478,10,0,0,1,1.0
t3_only,4636,10,0,0,1,1.0
t3_only,3691,10,0,0,1,1.0
t3_only,3521,10,0,0,1,1.0
t3_only,2539,10,0,0,1,1.0
t3_only,4571,10,0,0,1,1.0
t3_only,3755,10,0,0,1,1.0
t3_only,3219,10,0,0,1,1.0
t3_only,663,10,1,1,1,0.65
t3_only,4992,10,0,0,1,1.0
t3_only,4462,10,0,0,1,1.0
t3_only,2674,10,0,0,1,1.0
t3_only,4638,10,0,0,1,1.0
t3_only,3074,10,0,0,1,1.0
t3_only,2508,10,0,0,1,1.0
t3_only,4200,10,0,0,1,1.0
t3_only,4857,10,0,0,1,1.0
t3_only,3000,10,0,0,1,1.0
t3_only,2897,10,0,0,1,1.0
t3_only,2526,10,0,0,1,1.0
t3_only,3469,10,0,0,1,1.0
t3_only,2840,10,0,0,1,1.0
t3_only,2865,10,0,0,1,1.0
t3_only,4370,10,0,0,1,1.0
t3_only,4217,10,0,0,1,1.0
t3_only,4148,10,0,0,1,1.0
t3_only,23,10,1,1,1,0.65
t3_only,4342,10,0,0,1,1.0
t3_only,2790,10,0,0,1,1.0
t3_only,4657,10,0,0,1,1.0
t3_only,4485,10,0,0,1,1.0
t3_only,4782,10,0,0,1,1.0
t3_only,3692,10,0,0,1,1.0
t3_only,4439,10,0,0,1,1.0
t3_only,4085,10,0,0,1,1.0
t3_only,3141,10,0,0,1,1.0
t3_only,4513,10,0,0,1,1.0
t3_only,1849,10,1,1,1,0.65
t3_only,2065,10,1,1,1,0.65
t3_only,2575,11,0,0,1,1.0
t3_only,1317,11,1,1,1,0.65
t3_only,967,11,1,1,1,0.15
t3_only,1258,11,0,1,0,1.0
t3_only,1918,11,0,1,0,0.25
t3_only,1278,11,1,1,1,0.65
t3_only,4492,11,0,0,1,1.0
t3_only,1664,11,0,1,0,0.25
t3_only,3105,11,0,0,1,1.0
t3_only,2511,11,0,0,1,1.0
t3_only,4410,11,0,0,1,1.0
t3_only,3139,11,0,0,1,1.0
t3_only,3176,11,0,0,1,1.0
t3_only,4309,11,0,0,1,1.0
t3_only,2966,11,0,0,1,1.0
t3_only,4404,11,0,0,1,1.0
t3_only,3173,11,0,0,1,1.0
t3_only,3168,11,0,0,1,1.0
t3_only,2836,11,0,0,1,0.25
t3_only,4671,11,0,0,1,1.0
t3_only,3892,11,0,0,1,1.0
t3_only,1139,11,0,1,0,1.0
t3_only,3714,11,0,0,1,1.0
t3_only,3825,11,0,0,1,1.0
t3_only,2043,11,0,1,0,1.0
t3_only,3884,11,0,0,1,1.0
t3_only,4625,11,0,0,1,1.0
t3_only,3703,11,0,0,1,1.0
t3_only,3908,11,0,0,1,1.0
t3_only,3506,11,0,0,1,1.0
t3_only,3723,11,0,0,1,1.0
t3_only,4354,11,0,0,1,1.0
t3_only,4888,11,0,0,1,1.0
t3_only,3952,11,0,0,1,1.0
t3_only,4641,11,0,0,1,1.0
t3_only,2618,11,0,0,1,1.0
t3_only,3414,11,0,0,1,1.0
t3_only,4953,11,0,0,1,1.0
t3_only,3348,11,0,0,1,1.0
t3_only,3500,11,0,0,1,0.25
t3_only,2683,11,0,0,1,1.0
t3_only,4855,11,0,0,1,1.0
t3_only,1944,11,1,1,1,0.65
t3_only,1814,11,0,1,0,0.3
t3_only,2630,11,0,0,1,1.0
t3_only,3461,11,0,0,1,1.0
t3_only,4093,11,0,0,1,1.0
t3_only,3496,11,0,0,1,1.0
t3_only,3407,11,0,0,1,1.0
t3_only,583,11,1,1,1,0.65
t3_only,2108,12,0,1,0,0.25
t3_only,1229,12,1,1,1,0.65
t3_only,3077,12,0,0,1,0.45
t3_only,3532,12,0,0,1,1.0
t3_only,3660,12,0,0,1,1.0
t3_only,1510,12,0,1,0,0.25
t3_only,929,12,0,1,0,0.3
t3_only,2164,12,1,1,1,0.15
t3_only,3661,12,0,0,1,1.0
t3_only,4124,12,0,0,1,0.25
t3_only,2517,12,0,0,1,1.0
t3_only,4048,12,0,0,1,1.0
t3_only,181,12,1,1,1,0.15
t3_only,4123,12,0,0,1,1.0
t3_only,1494,12,1,1,1,0.65
t3_only,3659,12,0,0,1,1.0
t3_only,4555,12,0,0,1,1.0
t3_only,3673,12,0,0,1,1.0
t3_only,4356,12,0,0,1,1.0
t3_only,3751,12,0,0,1,1.0
t3_only,4678,12,0,0,1,1.0
t3_only,3523,12,0,0,1,1.0
t3_only,4536,12,0,0,1,1.0
t3_only,4042,12,0,0,1,1.0
t3_only,2669,12,0,0,1,1.0
t3_only,2934,12,0,0,1,1.0
t3_only,3201,12,0,0,1,1.0
t3_only,3288,12,0,0,1,1.0
t3_only,3803,12,0,0,1,1.0
t3_only,3489,12,0,0,1,1.0
t3_only,2928,12,0,0,1,1.0
t3_only,3248,12,0,0,1,1.0
t3_only,4748,12,0,0,1,1.0
t3_only,4714,12,0,0,1,1.0
t3_only,2614,12,0,0,1,1.0
t3_only,4175,12,0,0,1,1.0
t3_only,2287,12,1,1,1,0.15
t3_only,3030,12,0,0,1,1.0
t3_only,3644,12,0,0,1,1.0
t3_only,2691,12,0,0,1,1.0
t3_only,4047,12,0,0,1,0.45
t3_only,2778,12,0,0,1,1.0
t3_only,700,12,1,1,1,0.15
t3_only,2476,12,0,1,0,0.25
t3_only,4182,12,0,0,1,1.0
t3_only,1113,12,1,1,1,0.65
t3_only,3389,12,0,0,1,1.0
t3_only,3586,12,0,0,1,1.0
t3_only,3977,12,0,0,1,1.0
t3_only,1330,12,1,1,1,1.0
t3_only,415,13,0,1,0,1.0
t3_only,1097,13,1,1,1,0.15
t3_only,397,13,1,1,1,0.65
t3_only,3066,13,0,0,1,1.0
t3_only,1365,13,0,1,0,0.25
t3_only,3798,13,0,0,1,0.45
t3_only,2409,13,1,1,1,0.65
t3_only,4394,13,0,0,1,0.25
t3_only,4441,13,0,0,1,1.0
t3_only,2945,13,0,0,1,1.0
t3_only,736,13,1,1,1,0.65
t3_only,933,13,0,1,0,1.0
t3_only,2866,13,0,0,1,1.0
t3_only,2814,13,0,0,1,1.0
t3_only,4292,13,0,0,1,1.0
t3_only,2166,13,0,1,0,0.25
t3_only,552,13,0,1,0,1.0
t3_only,4795,13,0,0,1,1.0
t3_only,2993,13,0,0,1,1.0
t3_only,250,13,0,1,0,1.0
t3_only,2699,13,0,0,1,1.0
t3_only,4226,13,0,0,1,1.0
t3_only,2750,13,0,0,1,1.0
t3_only,2535,13,0,0,1,1.0
t3_only,362,13,1,1,1,0.65
t3_only,4987,13,0,0,1,1.0
t3_only,3547,13,0,0,1,1.0
t3_only,4985,13,0,0,1,1.0
t3_only,860,13,0,1,0,1.0
t3_only,4702,13,0,0,1,1.0
t3_only,3591,13,0,0,1,1.0
t3_only,3634,13,0,0,1,1.0
t3_only,943,13,0,1,0,0.25
t3_only,4739,13,0,0,1,0.25
t3_only,3433,13,0,0,1,1.0
t3_only,1832,13,0,1,0,0.25
t3_only,1911,13,0,1,0,0.25
t3_only,912,13,0,1,0,0.25
t3_only,615,13,0,1,0,0.25
t3_only,3234,13,0,0,1,1.0
t3_only,4465,13,0,0,1,0.25
t3_only,3620,13,0,0,1,1.0
t3_only,1014,13,0,1,0,1.0
t3_only,2797,13,0,0,1,1.0
t3_only,4986,13,0,0,1,1.0
t3_only,4374,13,0,0,1,1.0
t3_only,4305,13,0,0,1,1.0
t3_only,3748,13,0,0,1,1.0
t3_only,3777,13,0,0,1,1.0
t3_only,927,13,1,1,1,0.65
t3_only,369,14,0,1,0,1.0
t3_only,59,14,0,1,0,1.0
t3_only,422,14,0,1,0,1.0
t3_only,755,14,0,1,0,1.0
t3_only,760,14,0,1,0,1.0
t3_only,481,14,1,1,1,0.65
t3_only,524,14,0,1,0,1.0
t3_only,370,14,0,1,0,1.0
t3_only,584,14,1,1,1,1.0
t3_only,4121,14,0,0,1,1.0
t3_only,826,14,0,1,0,1.0
t3_only,183,14,0,1,0,0.3
t3_only,745,14,0,1,0,1.0
t3_only,518,14,0,1,0,1.0
t3_only,156,14,0,1,0,0.05
t3_only,66,14,1,1,1,0.65
t3_only,86,14,0,1,0,1.0
t3_only,2187,14,0,1,0,0.25
t3_only,284,14,0,1,0,0.25
t3_only,754,14,0,1,0,1.0
t3_only,750,14,0,1,0,1.0
t3_only,190,14,1,1,1,0.15
t3_only,4127,14,0,0,1,1.0
t3_only,4632,14,0,0,1,1.0
t3_only,448,14,0,1,0,0.45
t3_only,4010,14,0,0,1,1.0
t3_only,4005,14,0,0,1,1.0
t3_only,4248,14,0,0,1,1.0
t3_only,763,14,0,1,0,0.45
t3_only,916,14,0,1,0,1.0
t3_only,4284,14,0,0,1,1.0
t3_only,4078,14,0,0,1,1.0
t3_only,305,14,1,1,1,0.65
t3_only,816,14,0,1,0,1.0
t3_only,4926,14,0,0,1,1.0
t3_only,10,14,0,1,0,0.25
t3_only,4680,14,0,0,1,1.0
t3_only,118,14,0,1,0,0.25
t3_only,3739,14,0,0,1,1.0
t3_only,1446,14,0,1,0,0.25
t3_only,2636,14,0,0,1,1.0
t3_only,3058,14,0,0,1,1.0
t3_only,3737,14,0,0,1,1.0
t3_only,3685,14,0,0,1,1.0
t3_only,4369,14,0,0,1,1.0
t3_only,4186,14,0,0,1,1.0
t3_only,3061,14,0,0,1,1.0
t3_only,85,14,1,1,1,0.65
t3_only,2690,14,0,0,1,1.0
t3_only,2967,14,0,0,1,1.0
t3_only,1093,15,1,1,1,0.15
t3_only,1058,15,1,1,1,0.65
t3_only,1266,15,1,1,1,0.65
t3_only,1253,15,1,1,1,0.65
t3_only,2025,15,0,1,0,1.0
t3_only,1559,15,0,1,0,1.0
t3_only,2334,15,1,1,1,0.15
t3_only,1409,15,0,1,0,1.0
t3_only,1153,15,0,1,0,1.0
t3_only,612,15,1,1,1,0.15
t3_only,1854,15,0,1,0,0.3
t3_only,995,15,0,1,0,1.0
t3_only,1523,15,0,1,0,1.0
t3_only,1864,15,1,1,1,0.65
t3_only,2661,15,0,0,1,1.0
t3_only,2272,15,0,1,0,1.0
t3_only,4941,15,0,0,1,0.05
t3_only,2004,15,0,1,0,0.25
t3_only,3048,15,0,0,1,1.0
t3_only,2917,15,0,0,1,1.0
t3_only,2938,15,0,0,1,1.0
t3_only,2841,15,0,0,1,1.0
t3_only,4007,15,0,0,1,1.0
t3_only,1112,15,0,1,0,0.25
t3_only,327,15,1,1,1,0.65
t3_only,4052,15,0,0,1,1.0
t3_only,4719,15,0,0,1,1.0
t3_only,4413,15,0,0,1,1.0
t3_only,2757,15,0,0,1,1.0
t3_only,2864,15,0,0,1,1.0
t3_only,4738,15,0,0,1,1.0
t3_only,2583,15,0,0,1,1.0
t3_only,4287,15,0,0,1,1.0
t3_only,3937,15,0,0,1,1.0
t3_only,3203,15,0,0,1,1.0
t3_only,2986,15,0,0,1,1.0
t3_only,4794,15,0,0,1,1.0
t3_only,1770,15,1,1,1,0.65
t3_only,3051,15,0,0,1,1.0
t3_only,3883,15,0,0,1,0.45
t3_only,3731,15,0,0,1,1.0
t3_only,2995,15,0,0,1,1.0
t3_only,2637,15,0,0,1,1.0
t3_only,2703,15,0,0,1,1.0
t3_only,4996,15,0,0,1,1.0
t3_only,3343,15,0,0,1,1.0
t3_only,3177,15,0,0,1,1.0
t3_only,4298,15,0,0,1,1.0
t3_only,4543,15,0,0,1,1.0
t3_only,3333,16,0,0,1,0.45
t3_only,1820,16,0,1,0,0.25
t3_only,3913,16,0,0,1,1.0
t3_only,2422,16,1,1,1,0.65
t3_only,732,16,1,1,1,0.65
t3_only,1699,16,0,1,0,0.25
t3_only,1682,16,0,1,0,1.0
t3_only,1781,16,0,1,0,1.0
t3_only,703,16,1,1,1,0.15
t3_only,1416,16,0,1,0,0.25
t3_only,2594,16,0,0,1,1.0
t3_only,2964,16,0,0,1,1.0
t3_only,2878,16,0,0,1,1.0
t3_only,408,16,0,1,0,1.0
t3_only,3451,16,0,0,1,0.25
t3_only,2842,16,0,0,1,1.0
t3_only,2632,16,0,0,1,1.0
t3_only,3111,16,0,0,1,1.0
t3_only,2838,16,0,0,1,1.0
t3_only,4776,16,0,0,1,1.0
t3_only,3305,16,0,0,1,1.0
t3_only,2823,16,0,0,1,1.0
t3_only,4475,16,0,0,1,1.0
t3_only,1971,16,1,1,1,0.15
t3_only,3855,16,0,0,1,1.0
t3_only,3839,16,0,0,1,1.0
t3_only,2890,16,0,0,1,1.0
t3_only,4818,16,0,0,1,1.0
t3_only,3171,16,0,0,1,1.0
t3_only,3881,16,0,0,1,1.0
t3_only,3046,16,0,0,1,1.0
t3_only,2829,16,0,0,1,1.0
t3_only,2098,16,1,1,1,0.65
t3_only,3081,16,0,0,1,1.0
t3_only,4346,16,0,0,1,1.0
t3_only,160,16,1,1,1,0.65
t3_only,2979,16,0,0,1,1.0
t3_only,3359,16,0,0,1,1.0
t3_only,2854,16,0,0,1,1.0
t3_only,4736,16,0,0,1,1.0
t3_only,1140,16,1,1,1,1.0
t3_only,3170,16,0,0,1,1.0
t3_only,2868,16,0,0,1,1.0
t3_only,4560,16,0,0,1,1.0
t3_only,3897,16,0,0,1,1.0
t3_only,12,16,0,1,0,1.0
t3_only,3073,16,0,0,1,1.0
t3_only,2910,16,0,0,1,1.0
t3_only,621,16,1,1,1,0.65
t3_only,573,16,0,1,0,1.0
t3_only,68,17,0,1,0,1.0
t3_only,3756,17,0,0,1,1.0
t3_only,1461,17,1,1,1,1.0
t3_only,2325,17,1,1,1,0.65
t3_only,3416,17,0,0,1,1.0
t3_only,550,17,1,1,1,0.15
t3_only,795,17,1,1,1,0.15
t3_only,220,17,0,1,0,1.0
t3_only,1790,17,0,1,0,1.0
t3_only,356,17,1,1,1,0.65
t3_only,315,17,1,1,1,0.65
t3_only,603,17,0,1,0,1.0
t3_only,3458,17,0,0,1,0.25
t3_only,333,17,1,1,1,0.65
t3_only,4128,17,0,0,1,1.0
t3_only,2070,17,1,1,1,0.65
t3_only,4244,17,0,0,1,0.25
t3_only,400,17,0,1,0,0.25
t3_only,4617,17,0,0,1,1.0
t3_only,4057,17,0,0,1,1.0
t3_only,4051,17,0,0,1,1.0
t3_only,4578,17,0,0,1,1.0
t3_only,1392,17,1,1,1,1.0
t3_only,2908,17,0,0,1,1.0
t3_only,128,17,0,1,0,0.05
t3_only,1940,17,1,1,1,0.65
t3_only,4445,17,0,0,1,1.0
t3_only,3008,17,0,0,1,1.0
t3_only,1018,17,0,1,0,0.25
t3_only,4464,17,0,0,1,1.0
t3_only,3847,17,0,0,1,1.0
t3_only,2245,17,1,1,1,0.65
t3_only,4090,17,0,0,1,1.0
t3_only,2500,17,0,0,1,1.0
t3_only,3890,17,0,0,1,1.0
t3_only,4247,17,0,0,1,1.0
t3_only,4599,17,0,0,1,1.0
t3_only,2708,17,0,0,1,1.0
t3_only,4559,17,0,0,1,1.0
t3_only,2591,17,0,0,1,1.0
t3_only,2562,17,0,0,1,1.0
t3_only,685,17,1,1,1,0.15
t3_only,2793,17,0,0,1,1.0
t3_only,60,17,0,1,0,1.0
t3_only,4025,17,0,0,1,1.0
t3_only,2941,17,0,0,1,1.0
t3_only,1878,17,1,1,1,0.65
t3_only,3267,17,0,0,1,1.0
t3_only,3888,17,0,0,1,1.0
t3_only,962,18,1,1,1,0.15
t3_only,971,18,0,1,0,0.25
t3_only,3655,18,0,0,1,0.45
t3_only,323,18,0,1,0,1.0
t3_only,631,18,0,1,0,0.25
t3_only,414,18,1,1,1,0.15
t3_only,1111,18,1,1,1,0.15
t3_only,1951,18,1,1,1,0.65
t3_only,137,18,1,1,1,0.15
t3_only,1277,18,1,1,1,0.15
t3_only,696,18,0,1,0,0.25
t3_only,2299,18,0,1,0,1.0
t3_only,2370,18,1,1,1,0.65
t3_only,464,18,1,1,1,0.65
t3_only,4484,18,0,0,1,0.45
t3_only,297,18,1,1,1,0.65
t3_only,796,18,1,1,1,0.65
t3_only,155,18,1,1,1,0.15
t3_only,1532,18,1,1,1,0.65
t3_only,611,18,1,1,1,0.65
t3_only,4645,18,0,0,1,1.0
t3_only,1203,18,1,1,1,0.65
t3_only,4724,18,0,0,1,1.0
t3_only,4039,18,0,0,1,1.0
t3_only,1321,18,1,1,1,0.65
t3_only,2170,18,0,1,0,0.05
t3_only,2989,18,0,0,1,1.0
t3_only,3640,18,0,0,1,1.0
t3_only,4733,18,0,0,1,1.0
t3_only,3744,18,0,0,1,1.0
t3_only,4809,18,0,0,1,1.0
t3_only,738,18,0,1,0,0.45
t3_only,540,18,1,1,1,0.65
t3_only,3300,18,0,0,1,1.0
t3_only,849,18,1,1,1,0.65
t3_only,476,18,1,1,1,1.0
t3_only,2765,18,0,0,1,1.0
t3_only,3642,18,0,0,1,1.0
t3_only,4278,18,0,0,1,1.0
t3_only,4749,18,0,0,1,1.0
t3_only,4652,18,0,0,1,1.0
t3_only,4076,18,0,0,1,1.0
t3_only,2996,18,0,0,1,1.0
t3_only,1858,18,0,1,0,1.0
t3_only,4969,18,0,0,1,0.25
t3_only,1778,18,0,1,0,0.45
t3_only,2172,18,1,1,1,0.65
t3_only,3636,18,0,0,1,1.0
t3_only,3925,18,0,0,1,1.0
t3_only,1830,18,0,1,0,0.3
t3_only,558,19,1,1,1,0.15
t3_only,786,19,1,1,1,0.65
t3_only,455,19,1,1,1,0.65
t3_only,733,19,1,1,1,0.65
t3_only,1702,19,0,1,0,1.0
t3_only,607,19,1,1,1,0.15
t3_only,96,19,1,1,1,0.65
t3_only,468,19,1,1,1,0.65
t3_only,1775,19,1,1,1,0.65
t3_only,1029,19,0,1,0,1.0
t3_only,2013,19,1,1,1,0.15
t3_only,259,19,1,1,1,0.65
t3_only,613,19,1,1,1,0.15
t3_only,1066,19,1,1,1,0.65
t3_only,1096,19,1,1,1,1.0
t3_only,1514,19,1,1,1,0.15
t3_only,56,19,1,1,1,0.65
t3_only,979,19,1,1,1,0.15
t3_only,1921,19,0,1,0,0.65
t3_only,398,19,1,1,1,0.15
t3_only,454,19,1,1,1,0.65
t3_only,78,19,1,1,1,0.65
t3_only,1006,19,1,1,1,0.65
t3_only,1731,19,1,1,1,0.65
t3_only,1428,19,0,1,0,0.25
t3_only,949,19,1,1,1,0.65
t3_only,1476,19,1,1,1,0.65
t3_only,496,19,1,1,1,0.65
t3_only,22,19,1,1,1,0.15
t3_only,728,19,0,1,0,0.25
t3_only,2066,19,1,1,1,0.65
t3_only,1680,19,0,1,0,1.0
t3_only,1616,19,1,1,1,0.15
t3_only,2270,19,0,1,0,0.25
t3_only,72,19,0,1,0,0.25
t3_only,235,19,1,1,1,0.65
t3_only,441,19,1,1,1,0.65
t3_only,1957,19,1,1,1,0.65
t3_only,2048,19,0,1,0,1.0
t3_only,239,19,1,1,1,0.65
t3_only,683,19,0,1,0,1.0
t3_only,1412,19,0,1,0,0.25
t3_only,1280,19,1,1,1,0.65
t3_only,2242,19,0,1,0,1.0
t3_only,1016,19,0,1,0,1.0
t3_only,490,19,0,1,0,1.0
t3_only,93,19,1,1,1,0.65
t3_only,968,19,1,1,1,0.65
t3_only,4371,19,0,0,1,1.0
t3_only,1460,19,0,1,0,0.25
t3_only,767,20,1,1,1,0.65
t3_only,2490,20,1,1,1,0.65
t3_only,483,20,1,1,1,0.65
t3_only,2327,20,1,1,1,0.15
t3_only,2246,20,1,1,1,1.0
t3_only,2473,20,1,1,1,0.65
t3_only,2206,20,1,1,1,0.65
t3_only,699,20,1,1,1,0.65
t3_only,2304,20,0,1,0,0.3
t3_only,2424,20,1,1,1,0.15
t3_only,164,20,1,1,1,0.15
t3_only,2848,20,0,0,1,1.0
t3_only,2088,20,0,1,0,1.0
t3_only,221,20,1,1,1,0.65
t3_only,1834,20,1,1,1,0.65
t3_only,2411,20,1,1,1,0.15
t3_only,4134,20,0,0,1,1.0
t3_only,829,20,0,1,0,0.25
t3_only,1194,20,1,1,1,0.65
t3_only,2109,20,1,1,1,0.65
t3_only,2365,20,1,1,1,0.65
t3_only,4546,20,0,0,1,0.45
t3_only,1436,20,1,1,1,0.65
t3_only,2487,20,1,1,1,1.0
t3_only,2427,20,1,1,1,0.65
t3_only,1627,20,1,1,1,0.65
t3_only,4224,20,0,0,1,1.0
t3_only,1095,20,1,1,1,0.65
t3_only,2744,20,0,0,1,1.0
t3_only,986,20,1,1,1,0.65
t3_only,3386,20,0,0,1,1.0
t3_only,2640,20,0,0,1,1.0
t3_only,3856,20,0,0,1,1.0
t3_only,1027,20,1,1,1,0.65
t3_only,2946,20,0,0,1,1.0
t3_only,1794,20,1,1,1,0.65
t3_only,4358,20,0,0,1,1.0
t3_only,765,20,1,1,1,0.65
t3_only,549,20,1,1,1,0.15
t3_only,4966,20,0,0,1,1.0
t3_only,4819,20,0,0,1,1.0
t3_only,191,20,0,1,0,0.25
t3_only,1236,20,0,1,0,1.0
t3_only,1061,20,0,1,0,0.25
t3_only,4835,20,0,0,1,1.0
t3_only,1349,20,1,1,1,0.65
t3_only,495,20,0,1,0,1.0
t3_only,2414,20,1,1,1,0.15
t3_only,2275,20,1,1,1,0.65
t3_only,2314,20,1,1,1,0.15
t3_only,1188,21,0,1,0,0.25
t3_only,771,21,0,1,0,0.25
t3_only,71,21,1,1,1,0.65
t3_only,1946,21,0,1,0,0.25
t3_only,1329,21,1,1,1,0.65
t3_only,661,21,0,1,0,0.25
t3_only,300,21,0,1,0,0.25
t3_only,2,21,1,1,1,0.65
t3_only,1250,21,1,1,1,0.15
t3_only,1307,21,1,1,1,0.65
t3_only,4429,21,0,0,1,1.0
t3_only,19,21,1,1,1,0.65
t3_only,17,21,0,1,0,0.3
t3_only,4728,21,0,0,1,1.0
t3_only,94,21,1,1,1,0.65
t3_only,195,21,1,1,1,0.65
t3_only,4896,21,0,0,1,1.0
t3_only,4596,21,0,0,1,1.0
t3_only,3076,21,0,0,1,1.0
t3_only,1124,21,1,1,1,0.65
t3_only,4418,21,0,0,1,1.0
t3_only,2051,21,1,1,1,0.65
t3_only,3277,21,0,0,1,1.0
t3_only,1803,21,0,1,0,0.25
t3_only,3563,21,0,0,1,1.0
t3_only,1309,21,1,1,1,0.65
t3_only,1861,21,1,1,1,0.15
t3_only,2386,21,1,1,1,0.15
t3_only,1576,21,1,1,1,0.65
t3_only,3863,21,0,0,1,1.0
t3_only,1438,21,1,1,1,0.65
t3_only,1927,21,1,1,1,0.65
t3_only,406,21,1,1,1,0.15
t3_only,1888,21,1,1,1,0.65
t3_only,522,21,1,1,1,0.15
t3_only,1086,21,0,1,0,1.0
t3_only,635,21,1,1,1,0.15
t3_only,4026,21,0,0,1,1.0
t3_only,4391,21,0,0,1,1.0
t3_only,3806,21,0,0,1,1.0
t3_only,2377,21,0,1,0,1.0
t3_only,3428,21,0,0,1,1.0
t3_only,1873,21,0,1,0,0.3
t3_only,2596,21,0,0,1,1.0
t3_only,924,21,0,1,0,1.0
t3_only,2650,21,0,0,1,1.0
t3_only,1876,21,0,1,0,1.0
t3_only,3778,21,0,0,1,1.0
t3_only,984,21,0,1,0,0.25
t3_only,3791,21,0,0,1,1.0
t3_only,894,22,1,1,1,0.15
t3_only,2227,22,1,1,1,0.65
t3_only,429,22,1,1,1,0.65
t3_only,2315,22,0,1,0,0.25
t3_only,257,22,1,1,1,0.15
t3_only,2249,22,1,1,1,0.65
t3_only,2276,22,1,1,1,0.65
t3_only,581,22,0,1,0,1.0
t3_only,2137,22,0,1,0,1.0
t3_only,833,22,1,1,1,0.65
t3_only,1972,22,1,1,1,0.15
t3_only,1534,22,1,1,1,0.65
t3_only,6,22,1,1,1,0.65
t3_only,2356,22,0,1,0,0.25
t3_only,1204,22,0,1,0,1.0
t3_only,1283,22,0,1,0,0.25
t3_only,30,22,0,1,0,0.25
t3_only,2295,22,1,1,1,0.65
t3_only,1757,22,1,1,1,0.15
t3_only,1750,22,0,1,0,0.25
t3_only,892,22,1,1,1,0.15
t3_only,102,22,1,1,1,0.65
t3_only,36,22,1,1,1,0.65
t3_only,372,22,1,1,1,0.65
t3_only,758,22,0,1,0,0.25
t3_only,200,22,1,1,1,0.65
t3_only,326,22,1,1,1,0.65
t3_only,1867,22,0,1,0,1.0
t3_only,494,22,1,1,1,0.65
t3_only,922,22,0,1,0,0.25
t3_only,939,22,1,1,1,0.65
t3_only,45,22,0,1,0,1.0
t3_only,1606,22,0,1,0,1.0
t3_only,4713,22,0,0,1,1.0
t3_only,18,22,1,1,1,0.65
t3_only,3507,22,0,0,1,1.0
t3_only,1999,22,0,1,0,1.0
t3_only,1610,22,1,1,1,0.65
t3_only,616,22,0,1,0,1.0
t3_only,3531,22,0,0,1,0.45
t3_only,1725,22,1,1,1,0.65
t3_only,1468,22,0,1,0,1.0
t3_only,735,22,0,1,0,1.0
t3_only,331,22,0,1,0,1.0
t3_only,3385,22,0,0,1,1.0
t3_only,2426,22,0,1,0,0.3
t3_only,3760,22,0,0,1,1.0
t3_only,2763,22,0,0,1,1.0
t3_only,1044,22,1,1,1,0.15
t3_only,2136,22,0,1,0,0.3
t3_only,1630,23,0,1,0,0.25
t3_only,777,23,0,1,0,0.25
t3_only,1574,23,0,1,0,0.25
t3_only,594,23,1,1,1,0.65
t3_only,1480,23,0,1,0,0.25
t3_only,2485,23,1,1,1,0.65
t3_only,2037,23,0,1,0,0.25
t3_only,232,23,0,1,0,0.25
t3_only,2353,23,0,1,0,0.05
t3_only,1015,23,1,1,1,0.65
t3_only,1960,23,0,1,0,0.25
t3_only,874,23,0,1,0,0.25
t3_only,2379,23,0,1,0,1.0
t3_only,1954,23,1,1,1,0.65
t3_only,705,23,0,1,0,0.25
t3_only,729,23,0,1,0,0.25
t3_only,709,23,0,1,0,0.25
t3_only,1361,23,1,1,1,0.65
t3_only,1211,23,0,1,0,1.0
t3_only,722,23,1,1,1,0.65
t3_only,1863,23,1,1,1,0.65
t3_only,1197,23,0,1,0,0.25
t3_only,1346,23,1,1,1,0.65
t3_only,789,23,1,1,1,0.65
t3_only,153,23,1,1,1,0.15
t3_only,1953,23,0,1,0,1.0
t3_only,491,23,1,1,1,0.15
t3_only,1543,23,0,1,0,0.25
t3_only,2054,23,1,1,1,0.65
t3_only,2143,23,0,1,0,0.25
t3_only,344,23,1,1,1,0.15
t3_only,1624,23,1,1,1,0.65
t3_only,841,23,0,1,0,1.0
t3_only,1679,23,0,1,0,1.0
t3_only,1069,23,1,1,1,0.65
t3_only,1147,23,1,1,1,0.65
t3_only,1121,23,0,1,0,0.25
t3_only,1013,23,1,1,1,0.65
t3_only,1220,23,1,1,1,0.65
t3_only,1040,23,0,1,0,0.25
t3_only,1071,23,0,1,0,0.25
t3_only,3,23,1,1,1,0.65
t3_only,1505,23,0,1,0,1.0
t3_only,620,23,1,1,1,0.65
t3_only,1883,23,1,1,1,0.65
t3_only,1847,23,1,1,1,0.65
t3_only,749,23,1,1,1,0.65
t3_only,1491,23,1,1,1,0.65
t3_only,1447,23,0,1,0,0.25
t3_only,1411,23,0,1,0,0.3
t3_only,492,24,1,1,1,0.15
t3_only,514,24,1,1,1,0.65
t3_only,1760,24,0,1,0,1.0
t3_only,472,24,1,1,1,0.65
t3_only,1902,24,0,1,0,1.0
t3_only,80,24,1,1,1,0.65
t3_only,1846,24,1,1,1,0.65
t3_only,2294,24,0,1,0,1.0
t3_only,1645,24,1,1,1,1.0
t3_only,602,24,1,1,1,0.65
t3_only,1398,24,1,1,1,0.65
t3_only,2103,24,0,1,0,1.0
t3_only,842,24,1,1,1,0.65
t3_only,2277,24,1,1,1,0.65
t3_only,216,24,1,1,1,0.15
t3_only,1762,24,0,1,0,0.25
t3_only,178,24,0,1,0,0.25
t3_only,980,24,1,1,1,0.15
t3_only,914,24,1,1,1,0.65
t3_only,1021,24,1,1,1,0.15
t3_only,2321,24,1,1,1,0.15
t3_only,244,24,1,1,1,0.65
t3_only,134,24,1,1,1,0.65
t3_only,498,24,0,1,0,1.0
t3_only,2328,24,1,1,1,0.65
t3_only,822,24,1,1,1,0.55
t3_only,782,24,1,1,1,0.65
t3_only,652,24,1,1,1,0.15
t3_only,976,24,0,1,0,0.25
t3_only,2110,24,1,1,1,0.15
t3_only,688,24,1,1,1,0.65
t3_only,67,24,1,1,1,0.65
t3_only,2153,24,1,1,1,0.15
t3_only,1179,24,1,1,1,0.65
t3_only,2132,24,1,1,1,0.65
t3_only,2348,24,1,1,1,0.65
t3_only,84,24,0,1,0,0.25
t3_only,2483,24,0,1,0,1.0
t3_only,2092,24,1,1,1,0.15
t3_only,1320,24,0,1,0,1.0
t3_only,1829,24,1,1,1,0.65
t3_only,25,24,0,1,0,1.0
t3_only,1934,24,1,1,1,0.65
t3_only,1970,24,1,1,1,0.15
t3_only,117,24,1,1,1,0.65
t3_only,292,24,1,1,1,0.65
t3_only,2376,24,1,1,1,0.15
t3_only,457,24,1,1,1,0.15
t3_only,964,24,0,1,0,0.25
t3_only,1698,24,0,1,0,1.0
t3_only,1743,25,0,1,0,1.0
t3_only,1671,25,0,1,0,0.05
t3_only,582,25,0,1,0,1.0
t3_only,1485,25,1,1,1,0.65
t3_only,459,25,1,1,1,0.15
t3_only,4935,25,0,0,1,0.25
t3_only,2464,25,0,1,0,0.45
t3_only,1513,25,1,1,1,0.65
t3_only,1345,25,1,1,1,0.15
t3_only,171,25,1,1,1,0.15
t3_only,1851,25,1,1,1,0.65
t3_only,1168,25,1,1,1,0.65
t3_only,1342,25,0,1,0,1.0
t3_only,2183,25,1,1,1,0.65
t3_only,2131,25,1,1,1,0.15
t3_only,648,25,1,1,1,0.65
t3_only,1747,25,1,1,1,1.0
t3_only,1649,25,0,1,0,1.0
t3_only,1734,25,0,1,0,1.0
t3_only,764,25,1,1,1,0.65
t3_only,393,25,0,1,0,1.0
t3_only,1973,25,0,1,0,1.0
t3_only,529,25,1,1,1,0.65
t3_only,1265,25,1,1,1,0.15
t3_only,1721,25,1,1,1,0.65
t3_only,1890,25,0,1,0,1.0
t3_only,1473,25,1,1,1,0.65
t3_only,317,25,0,1,0,1.0
t3_only,1407,25,0,1,0,1.0
t3_only,2078,25,1,1,1,0.65
t3_only,2418,25,1,1,1,0.65
t3_only,3598,25,0,0,1,1.0
t3_only,1969,25,1,1,1,0.65
t3_only,2063,25,1,1,1,0.15
t3_only,3350,25,0,0,1,1.0
t3_only,186,25,0,1,0,1.0
t3_only,4514,25,0,0,1,0.45
t3_only,1533,25,0,1,0,0.25
t3_only,1566,25,1,1,1,0.65
t3_only,1904,25,0,1,0,1.0
t3_only,1602,25,0,1,0,1.0
t3_only,3573,25,0,0,1,1.0
t3_only,3114,25,0,0,1,1.0
t3_only,832,25,1,1,1,0.15
t3_only,1463,25,0,1,0,1.0
t3_only,1712,25,1,1,1,0.65
t3_only,839,25,1,1,1,1.0
t3_only,251,25,1,1,1,0.15
t3_only,1134,25,0,1,0,0.3
t3_only,907,25,0,1,0,0.45
full,4924,1,0,0,1,0.8668
full,2843,1,0,0,1,0.8647
full,4011,1,0,0,1,0.5274
full,3044,1,0,0,1,0.8513
full,3082,1,0,0,1,0.8551
full,4389,1,0,0,1,0.8674
full,3126,1,0,0,1,0.848
full,4712,1,0,0,1,0.8647
full,4107,1,0,0,1,0.848
full,2957,1,0,0,1,0.9442
full,2733,1,0,0,1,0.8623
full,4592,1,0,0,1,0.9447
full,3815,1,0,0,1,0.958
full,2974,1,0,0,1,0.8647
full,3372,1,0,0,1,0.8571
full,4904,1,0,0,1,0.873
full,4547,1,0,0,1,0.8531
full,4873,1,0,0,1,0.846
full,2595,1,0,0,1,0.8591
full,3395,1,0,0,1,0.8551
full,3281,1,0,0,1,0.863
full,4381,1,0,0,1,0.848
full,575,1,1,1,1,0.4935
full,4160,1,0,0,1,0.8563
full,2815,1,0,0,1,0.8337
full,4446,1,0,0,1,0.8623
full,4967,1,0,0,1,0.8647
full,2710,1,0,0,1,0.8648
full,4031,1,0,0,1,0.8556
full,4337,1,0,0,1,0.863
full,3706,1,0,0,1,0.9447
full,3208,1,0,0,1,0.863
full,3336,1,0,0,1,0.843
full,4318,1,0,0,1,0.8567
full,4141,1,0,0,1,0.948
full,4306,1,0,0,1,0.9367
full,2585,1,0,0,1,0.8595
full,2792,1,0,0,1,0.8447
full,3024,1,0,0,1,0.848
full,3113,1,0,0,1,0.8595
full,3939,1,0,0,1,0.8647
full,3080,1,0,0,1,0.9551
full,3828,1,0,0,1,0.8355
full,3540,1,0,0,1,0.8662
full,3577,1,0,0,1,0.8598
full,2886,1,0,0,1,0.868
full,3154,1,0,0,1,0.8623
full,3821,1,0,0,1,0.8585
full,2694,1,0,0,1,0.8647
full,4884,1,0,0,1,0.8483
full,2646,2,0,0,1,0.5298
full,4676,2,0,0,1,0.856
full,2796,2,0,0,1,0.8688
full,3401,2,0,0,1,0.9389
full,3151,2,0,0,1,0.8623
full,4229,2,0,0,1,0.8536
full,4883,2,0,0,1,0.9365
full,4989,2,0,0,1,0.8614
full,3429,2,0,0,1,0.8438
full,568,2,0,1,0,0.8694
full,1520,2,0,1,0,0.8642
full,1430,2,0,1,0,0.8603
full,2932,2,0,0,1,0.8536
full,2665,2,0,0,1,0.8619
full,4807,2,0,0,1,0.9647
full,4083,2,0,0,1,0.848
full,4219,2,0,0,1,0.868
full,2742,2,0,0,1,0.8525
full,3093,2,0,0,1,0.8623
full,3480,2,0,0,1,0.8623
full,4942,2,0,0,1,0.8647
full,1254,2,0,1,0,0.8436
full,1038,2,1,1,1,0.5143
full,1694,2,1,1,1,0.535
full,4589,2,0,0,1,0.9627
full,2872,2,0,0,1,0.8647
full,3509,2,0,0,1,0.863
full,2780,2,0,0,1,0.8558
full,3686,2,0,0,1,0.948
full,4416,2,0,0,1,0.8623
full,2627,2,0,0,1,0.8513
full,4133,2,0,0,1,0.8668
full,2758,2,0,0,1,0.858
full,2557,2,0,0,1,0.873
full,4881,2,0,0,1,0.948
full,3750,2,0,0,1,0.8567
full,4697,2,0,0,1,0.8591
full,3537,2,0,0,1,0.863
full,2955,2,0,0,1,0.8694
full,4928,2,0,0,1,0.8551
full,3220,2,0,0,1,0.9627
full,3814,2,0,0,1,0.9447
full,4122,2,0,0,1,0.861
full,4716,2,0,0,1,0.9409
full,4251,2,0,0,1,0.8668
full,3364,2,0,0,1,0.8493
full,3525,2,0,0,1,0.958
full,4065,2,0,0,1,0.861
full,3773,2,0,0,1,0.8523
full,4920,2,0,0,1,0.8647
full,4759,3,0,0,1,0.8623
full,4502,3,0,0,1,0.8647
full,3245,3,0,0,1,0.9293
full,2660,3,0,0,1,0.8634
full,4587,3,0,0,1,0.8438
full,4506,3,0,0,1,0.863
full,2933,3,0,0,1,0.5327
full,2666,3,0,0,1,0.8623
full,4508,3,0,0,1,0.858
full,3854,3,0,0,1,0.8647
full,4097,3,0,0,1,0.858
full,3197,3,0,0,1,0.8623
full,2635,3,0,0,1,0.8647
full,2816,3,0,0,1,0.9471
full,3651,3,0,0,1,0.8603
full,3982,3,0,0,1,0.9447
full,2604,3,0,0,1,0.8647
full,4764,3,0,0,1,0.8449
full,2883,3,0,0,1,0.8518
full,4528,3,0,0,1,0.8438
full,2896,3,0,0,1,0.8647
full,3481,3,0,0,1,0.8647
full,2547,3,0,0,1,0.8694
full,4564,3,0,0,1,0.858
full,4457,3,0,0,1,0.8668
full,4865,3,0,0,1,0.8605
full,4527,3,0,0,1,0.8498
full,4290,3,0,0,1,0.8595
full,3466,3,0,0,1,0.8623
full,2991,3,0,0,1,0.8605
full,3873,3,0,0,1,0.8647
full,3761,3,0,0,1,0.8623
full,2760,3,0,0,1,0.9418
full,4315,3,0,0,1,0.8397
full,2586,3,0,0,1,0.9365
full,4677,3,0,0,1,0.868
full,3053,3,0,0,1,0.8616
full,3796,3,0,0,1,0.8668
full,4814,3,0,0,1,0.9442
full,3247,3,0,0,1,0.9531
full,4955,3,0,0,1,0.8551
full,4084,3,0,0,1,0.845
full,4171,3,0,0,1,0.5334
full,3254,3,0,0,1,0.855
full,477,3,0,1,0,0.9296
full,4327,3,0,0,1,0.858
full,3143,3,0,0,1,0.9447
full,3954,3,0,0,1,0.9345
full,2881,3,0,0,1,0.8616
full,4768,4,0,0,1,0.848
full,4282,4,0,0,1,0.8647
full,4499,4,0,0,1,0.5348
full,2431,4,1,1,1,0.6326
full,2976,4,0,0,1,0.858
full,4406,4,0,0,1,0.8442
full,4383,4,0,0,1,0.4123
full,4778,4,0,0,1,0.848
full,3733,4,0,0,1,0.848
full,4174,4,0,0,1,0.848
full,2740,4,0,0,1,0.5055
full,4897,4,0,0,1,0.8511
full,2762,4,0,0,1,0.8623
full,3928,4,0,0,1,0.8591
full,4783,4,0,0,1,0.8647
full,3783,4,0,0,1,0.8491
full,3966,4,0,0,1,0.863
full,2711,4,0,0,1,0.8647
full,2912,4,0,0,1,0.8623
full,4852,4,0,0,1,0.9293
full,4366,4,0,0,1,0.9647
full,2875,4,0,0,1,0.4067
full,3646,4,0,0,1,0.8662
full,2785,4,0,0,1,0.948
full,3590,4,0,0,1,0.8595
full,3116,4,0,0,1,0.8623
full,4256,4,0,0,1,0.9525
full,4644,4,0,0,1,0.8623
full,4037,4,0,0,1,0.405
full,3369,4,0,0,1,0.858
full,4863,4,0,0,1,0.8623
full,3875,4,0,0,1,0.8502
full,3207,4,0,0,1,0.8623
full,2774,4,1,0,0,0.6631
full,3729,4,0,0,1,0.5285
full,3068,4,0,0,1,0.9536
full,4803,4,0,0,1,0.8536
full,563,4,0,1,0,0.9456
full,3137,4,0,0,1,0.8623
full,2509,4,0,0,1,0.8551
full,4754,4,0,0,1,0.915
full,3849,4,0,0,1,0.848
full,1359,4,0,1,0,0.8636
full,3765,4,0,0,1,0.8551
full,2695,4,0,0,1,0.865
full,3004,4,0,0,1,0.9585
full,2631,4,0,0,1,0.9647
full,2847,4,0,0,1,0.8648
full,2697,4,0,0,1,0.9435
full,4959,4,0,0,1,0.4182
full,3437,5,0,0,1,0.8238
full,2667,5,0,0,1,0.8483
full,4082,5,0,0,1,0.4947
full,3251,5,0,0,1,0.5055
full,3037,5,0,0,1,0.873
full,4237,5,0,0,1,0.411
full,3132,5,0,0,1,0.4025
full,3641,5,0,0,1,0.8377
full,3283,5,0,0,1,0.8648
full,3025,5,0,0,1,0.8531
full,4177,5,0,0,1,0.858
full,2609,5,0,0,1,0.8627
full,2960,5,0,0,1,0.8605
full,4866,5,0,0,1,0.8627
full,3366,5,0,0,1,0.8605
full,2807,5,0,0,1,0.9409
full,4222,5,0,0,1,0.8647
full,4919,5,0,0,1,0.94
full,3845,5,0,0,1,0.8551
full,3827,5,0,0,1,0.8447
full,3192,5,0,0,1,0.8417
full,4077,5,0,0,1,0.8647
full,3210,5,0,0,1,0.8647
full,3103,5,0,0,1,0.8623
full,4079,5,0,0,1,0.8623
full,2947,5,0,0,1,0.9447
full,3838,5,0,0,1,0.873
full,4201,5,0,0,1,0.8447
full,3275,5,0,0,1,0.865
full,3699,5,0,0,1,0.8647
full,3360,5,0,0,1,0.8662
full,4889,5,0,0,1,0.8623
full,4649,5,0,0,1,0.8595
full,3448,5,0,0,1,0.948
full,4862,5,0,0,1,0.8647
full,2565,5,0,0,1,0.8694
full,4447,5,0,0,1,0.8668
full,2643,5,0,0,1,0.8551
full,3088,5,0,0,1,0.8551
full,3457,5,0,0,1,0.8647
full,4503,5,0,0,1,0.8647
full,3347,5,0,0,1,0.8567
full,4751,5,0,0,1,0.8682
full,3504,5,0,0,1,0.8694
full,3619,5,0,0,1,0.8603
full,3880,5,0,0,1,0.8642
full,3878,5,0,0,1,0.9392
full,3227,5,0,0,1,0.8543
full,3410,5,0,0,1,0.8483
full,2743,5,0,0,1,0.8647
full,2773,6,0,0,1,0.946
full,4053,6,0,0,1,0.8688
full,3256,6,0,0,1,0.948
full,3408,6,0,0,1,0.8623
full,2802,6,0,0,1,0.8513
full,3464,6,0,0,1,0.848
full,3738,6,0,0,1,0.8623
full,2580,6,0,0,1,0.8647
full,3273,6,0,0,1,0.848
full,2720,6,0,0,1,0.8623
full,3470,6,0,0,1,0.851
full,3926,6,0,0,1,0.4067
full,3649,6,0,0,1,0.5347
full,4254,6,0,0,1,0.8647
full,3568,6,0,0,1,0.8647
full,4063,6,0,0,1,0.8424
full,3463,6,0,0,1,0.5347
full,2874,6,0,0,1,0.863
full,3551,6,0,0,1,0.8647
full,2644,6,0,0,1,0.8603
full,2741,6,0,0,1,0.8694
full,3657,6,0,0,1,0.8355
full,3764,6,0,0,1,0.8662
full,4255,6,0,0,1,0.8647
full,3223,6,0,0,1,0.8563
full,3817,6,0,0,1,0.8358
full,2751,6,0,0,1,0.8543
full,2753,6,0,0,1,0.8647
full,4930,6,0,0,1,0.8551
full,4294,6,0,0,1,0.8647
full,4343,6,0,0,1,0.8647
full,3290,6,0,0,1,0.8605
full,3382,6,0,0,1,0.9329
full,4126,6,0,0,1,0.8536
full,2781,6,0,0,1,0.8623
full,4906,6,0,0,1,0.863
full,4307,6,0,0,1,0.8554
full,2514,6,0,0,1,0.8525
full,4012,6,0,0,1,0.8605
full,3312,6,0,0,1,0.8551
full,3548,6,0,0,1,0.8445
full,3899,6,0,0,1,0.856
full,3100,6,0,0,1,0.9355
full,2779,6,0,0,1,0.8647
full,3635,6,0,0,1,0.8668
full,2768,6,0,0,1,0.8627
full,3874,6,0,0,1,0.9674
full,4732,6,0,0,1,0.8647
full,3589,6,0,0,1,0.9614
full,4486,6,0,0,1,0.8595
full,3225,7,0,0,1,0.5336
full,2906,7,0,0,1,0.526
full,3708,7,0,0,1,0.9605
full,4055,7,0,0,1,0.8647
full,4582,7,0,0,1,0.8397
full,4146,7,0,0,1,0.9551
full,3978,7,0,0,1,0.9605
full,4792,7,0,0,1,0.8563
full,3625,7,0,0,1,0.9837
full,4706,7,0,0,1,0.8598
full,4162,7,0,0,1,0.8662
full,3444,7,0,0,1,0.498
full,2709,7,0,0,1,0.8662
full,2844,7,0,0,1,0.5005
full,3843,7,0,0,1,0.8647
full,4270,7,0,0,1,0.8623
full,3020,7,0,0,1,0.8595
full,3588,7,0,0,1,0.8591
full,3826,7,0,0,1,0.8662
full,4419,7,0,0,1,0.8397
full,2739,7,0,0,1,0.8603
full,3411,7,0,0,1,0.8668
full,4994,7,0,0,1,0.8647
full,2789,7,0,0,1,0.8627
full,4767,7,0,0,1,0.8591
full,2639,7,0,0,1,0.9551
full,3979,7,0,0,1,0.4904
full,2659,7,0,0,1,0.8623
full,4766,7,0,0,1,0.8614
full,3595,7,0,0,1,0.8367
full,4163,7,0,0,1,0.8445
full,4913,7,0,0,1,0.9202
full,4700,7,0,0,1,0.8623
full,4367,7,0,0,1,0.845
full,4100,7,0,0,1,0.9337
full,2948,7,0,0,1,0.9362
full,4523,7,0,0,1,0.9337
full,4682,7,0,0,1,0.855
full,4081,7,0,0,1,0.8647
full,2893,7,0,0,1,0.858
full,4845,7,0,0,1,0.8662
full,4225,7,0,0,1,0.8612
full,4984,7,0,0,1,0.84
full,4152,7,0,0,1,0.8563
full,4274,7,0,0,1,0.8623
full,4173,7,0,0,1,0.8636
full,90,7,1,1,1,0.6738
full,2523,7,0,0,1,0.918
full,3572,7,0,0,1,0.8488
full,4623,7,0,0,1,0.8627
full,54,8,0,1,0,0.445
full,489,8,1,1,1,0.702
full,3505,8,0,0,1,0.845
full,4454,8,0,0,1,0.8571
full,3430,8,0,0,1,0.8674
full,3728,8,0,0,1,0.9605
full,3096,8,0,0,1,0.858
full,3870,8,0,0,1,0.9551
full,3182,8,0,0,1,0.8605
full,4597,8,0,0,1,0.8551
full,4059,8,0,0,1,0.948
full,1119,8,0,1,0,0.9456
full,3042,8,0,0,1,0.9409
full,2884,8,0,0,1,0.863
full,3356,8,0,0,1,0.8623
full,4562,8,0,0,1,0.8551
full,553,8,1,1,1,0.562
full,4519,8,0,0,1,0.8543
full,4266,8,0,0,1,0.8389
full,3284,8,0,0,1,0.8605
full,4183,8,0,0,1,0.9285
full,3445,8,0,0,1,0.8647
full,2931,8,0,0,1,0.4067
full,3134,8,0,0,1,0.8567
full,2813,8,0,0,1,0.84
full,4331,8,0,0,1,0.6147
full,3054,8,0,0,1,0.8623
full,3212,8,0,0,1,0.8647
full,2712,8,0,0,1,0.9447
full,4436,8,0,0,1,0.8647
full,4184,8,0,0,1,0.846
full,4917,8,0,0,1,0.853
full,3259,8,0,0,1,0.8623
full,2495,8,0,1,0,0.9367
full,3156,8,0,0,1,0.855
full,3373,8,0,0,1,0.8551
full,2689,8,0,0,1,0.8451
full,3377,8,0,0,1,0.8516
full,2533,8,0,0,1,0.8567
full,4694,8,0,0,1,0.8662
full,3862,8,0,0,1,0.8605
full,2850,8,0,0,1,0.8447
full,2516,8,1,0,0,0.506
full,4392,8,0,0,1,0.6017
full,4721,8,0,0,1,0.8603
full,2777,8,0,0,1,0.8551
full,3753,8,0,0,1,0.8647
full,2950,8,0,0,1,0.8614
full,3988,8,0,0,1,0.9389
full,3059,8,1,0,0,0.535
full,3425,9,0,0,1,0.4067
full,4330,9,0,0,1,0.8525
full,3224,9,0,0,1,0.5267
full,4427,9,0,0,1,0.8647
full,2828,9,0,0,1,0.8605
full,3740,9,0,0,1,0.8647
full,3104,9,0,0,1,0.8627
full,4761,9,0,0,1,0.863
full,3944,9,0,0,1,0.8543
full,3322,9,0,0,1,0.8668
full,2663,9,0,0,1,0.9563
full,4220,9,0,0,1,0.848
full,3216,9,0,0,1,0.8409
full,3975,9,0,0,1,0.8447
full,2971,9,0,0,1,0.855
full,4667,9,0,0,1,0.8563
full,3835,9,0,0,1,0.8647
full,3906,9,0,0,1,0.845
full,3476,9,0,0,1,0.8627
full,4386,9,0,0,1,0.8623
full,2530,9,0,0,1,0.8605
full,4654,9,0,0,1,0.9409
full,4207,9,0,0,1,0.8571
full,3959,9,0,0,1,0.8567
full,3276,9,0,0,1,0.8525
full,3391,9,0,0,1,0.9389
full,4954,9,0,0,1,0.8616
full,3418,9,0,0,1,0.8627
full,4469,9,0,0,1,0.8623
full,3125,9,0,0,1,0.855
full,3947,9,0,0,1,0.858
full,3808,9,0,0,1,0.8551
full,2651,9,0,0,1,0.9409
full,4607,9,0,0,1,0.8531
full,4894,9,0,0,1,0.9427
full,2252,9,0,1,0,0.4067
full,3214,9,0,0,1,0.9389
full,4218,9,0,0,1,0.8447
full,3011,9,0,0,1,0.8563
full,4433,9,0,0,1,0.9551
full,3235,9,0,0,1,0.8623
full,4216,9,0,0,1,0.948
full,3656,9,0,0,1,0.8595
full,4314,9,0,0,1,0.8605
full,3316,9,0,0,1,0.8647
full,4348,9,0,0,1,0.8567
full,4208,9,0,0,1,0.8563
full,4858,9,0,0,1,0.8543
full,2824,9,0,0,1,0.8648
full,4832,9,0,0,1,0.863
full,1797,10,1,1,1,0.5143
full,4610,10,0,0,1,0.8647
full,1656,10,1,1,1,0.535
full,3310,10,0,0,1,0.846
full,4618,10,0,0,1,0.8623
full,4426,10,0,0,1,0.8563
full,2608,10,0,0,1,0.8551
full,3335,10,0,0,1,0.8442
full,4178,10,0,0,1,0.8647
full,3938,10,0,0,1,0.8647
full,4880,10,0,0,1,0.8634
full,4478,10,0,0,1,0.8623
full,4636,10,0,0,1,0.9498
full,3691,10,0,0,1,0.9409
full,3521,10,0,0,1,0.8623
full,2539,10,0,0,1,0.8647
full,4571,10,0,0,1,0.8647
full,3755,10,0,0,1,0.8647
full,3219,10,0,0,1,0.8647
full,663,10,1,1,1,0.635
full,4992,10,0,0,1,0.8623
full,4462,10,0,0,1,0.8647
full,2674,10,0,0,1,0.8647
full,4638,10,0,0,1,0.8647
full,3074,10,0,0,1,0.84
full,2508,10,0,0,1,0.845
full,4200,10,0,0,1,0.8567
full,4857,10,0,0,1,0.9614
full,3000,10,0,0,1,0.8647
full,2897,10,0,0,1,0.8596
full,2526,10,0,0,1,0.855
full,3469,10,0,0,1,0.8694
full,2840,10,0,0,1,0.8337
full,2865,10,0,0,1,0.8702
full,4370,10,0,0,1,0.9266
full,4217,10,0,0,1,0.948
full,4148,10,0,0,1,0.8563
full,23,10,1,1,1,0.6977
full,4342,10,0,0,1,0.846
full,2790,10,0,0,1,0.8647
full,4657,10,0,0,1,0.948
full,4485,10,0,0,1,0.9409
full,4782,10,0,0,1,0.8647
full,3692,10,0,0,1,0.846
full,4439,10,0,0,1,0.948
full,4085,10,0,0,1,0.853
full,3141,10,0,0,1,0.9551
full,4513,10,0,0,1,0.8557
full,1849,10,1,1,1,0.665
full,2065,10,1,1,1,0.6038
full,2575,11,0,0,1,0.8563
full,1317,11,1,1,1,0.7185
full,967,11,1,1,1,0.535
full,1258,11,0,1,0,0.865
full,1918,11,0,1,0,0.4043
full,1278,11,1,1,1,0.638
full,4492,11,0,0,1,0.845
full,1664,11,0,1,0,0.4756
full,3105,11,0,0,1,0.848
full,2511,11,0,0,1,0.843
full,4410,11,0,0,1,0.8525
full,3139,11,0,0,1,0.848
full,3176,11,0,0,1,0.853
full,4309,11,0,0,1,0.8647
full,2966,11,0,0,1,0.8447
full,4404,11,0,0,1,0.8595
full,3173,11,0,0,1,0.848
full,3168,11,0,0,1,0.858
full,2836,11,0,0,1,0.3835
full,4671,11,0,0,1,0.8623
full,3892,11,0,0,1,0.858
full,1139,11,0,1,0,0.9445
full,3714,11,0,0,1,0.9627
full,3825,11,0,0,1,0.8575
full,2043,11,0,1,0,0.9438
full,3884,11,0,0,1,0.8647
full,4625,11,0,0,1,0.8575
full,3703,11,0,0,1,0.863
full,3908,11,0,0,1,0.8647
full,3506,11,0,0,1,0.836
full,3723,11,0,0,1,0.8668
full,4354,11,0,0,1,0.8616
full,4888,11,0,0,1,0.9551
full,3952,11,0,0,1,0.8531
full,4641,11,0,0,1,0.9344
full,2618,11,0,0,1,0.8647
full,3414,11,0,0,1,0.8612
full,4953,11,0,0,1,0.918
full,3348,11,0,0,1,0.8647
full,3500,11,0,0,1,0.3962
full,2683,11,0,0,1,0.8623
full,4855,11,0,0,1,0.94
full,1944,11,1,1,1,0.5636
full,1814,11,0,1,0,0.5144
full,2630,11,0,0,1,0.8531
full,3461,11,0,0,1,0.8636
full,4093,11,0,0,1,0.9447
full,3496,11,0,0,1,0.9447
full,3407,11,0,0,1,0.8647
full,583,11,1,1,1,0.6873
full,2108,12,0,1,0,0.3825
full,1229,12,1,1,1,0.656
full,3077,12,0,0,1,0.6314
full,3532,12,0,0,1,0.858
full,3660,12,0,0,1,0.8511
full,1510,12,0,1,0,0.399
full,929,12,0,1,0,0.5
full,2164,12,1,1,1,0.606
full,3661,12,0,0,1,0.853
full,4124,12,0,0,1,0.4867
full,2517,12,0,0,1,0.8551
full,4048,12,0,0,1,0.8543
full,181,12,1,1,1,0.6187
full,4123,12,0,0,1,0.8694
full,1494,12,1,1,1,0.665
full,3659,12,0,0,1,0.8668
full,4555,12,0,0,1,0.8647
full,3673,12,0,0,1,0.8595
full,4356,12,0,0,1,0.9551
full,3751,12,0,0,1,0.8605
full,4678,12,0,0,1,0.8605
full,3523,12,0,0,1,0.8605
full,4536,12,0,0,1,0.8531
full,4042,12,0,0,1,0.8634
full,2669,12,0,0,1,0.858
full,2934,12,0,0,1,0.8647
full,3201,12,0,0,1,0.8647
full,3288,12,0,0,1,0.9531
full,3803,12,0,0,1,0.9733
full,3489,12,0,0,1,0.8642
full,2928,12,0,0,1,0.9367
full,3248,12,0,0,1,0.8551
full,4748,12,0,0,1,0.946
full,4714,12,0,0,1,0.9233
full,2614,12,0,0,1,0.9694
full,4175,12,0,0,1,0.8623
full,2287,12,1,1,1,0.5977
full,3030,12,0,0,1,0.8647
full,3644,12,0,0,1,0.946
full,2691,12,0,0,1,0.8603
full,4047,12,0,0,1,0.5303
full,2778,12,0,0,1,0.8627
full,700,12,1,1,1,0.6274
full,2476,12,0,1,0,0.405
full,4182,12,0,0,1,0.8623
full,1113,12,1,1,1,0.6663
full,3389,12,0,0,1,0.8551
full,3586,12,0,0,1,0.8591
full,3977,12,0,0,1,0.8623
full,1330,12,1,1,1,0.7487
full,415,13,0,1,0,0.9427
full,1097,13,1,1,1,0.565
full,397,13,1,1,1,0.6203
full,3066,13,0,0,1,0.8337
full,1365,13,0,1,0,0.415
full,3798,13,0,0,1,0.5225
full,2409,13,1,1,1,0.6628
full,4394,13,0,0,1,0.4116
full,4441,13,0,0,1,0.848
full,2945,13,0,0,1,0.8551
full,736,13,1,1,1,0.656
full,933,13,0,1,0,0.94
full,2866,13,0,0,1,0.8623
full,2814,13,0,0,1,0.8647
full,4292,13,0,0,1,0.8647
full,2166,13,0,1,0,0.4082
full,552,13,0,1,0,0.8567
full,4795,13,0,0,1,0.8591
full,2993,13,0,0,1,0.868
full,250,13,0,1,0,0.9367
full,2699,13,0,0,1,0.9447
full,4226,13,0,0,1,0.9551
full,2750,13,0,0,1,0.8551
full,2535,13,0,0,1,0.8595
full,362,13,1,1,1,0.656
full,4987,13,0,0,1,0.8567
full,3547,13,0,0,1,0.8616
full,4985,13,0,0,1,0.8647
full,860,13,0,1,0,0.8543
full,4702,13,0,0,1,0.8591
full,3591,13,0,0,1,0.948
full,3634,13,0,0,1,0.8627
full,943,13,0,1,0,0.4082
full,4739,13,0,0,1,0.4067
full,3433,13,0,0,1,0.8551
full,1832,13,0,1,0,0.4745
full,1911,13,0,1,0,0.3882
full,912,13,0,1,0,0.3882
full,615,13,0,1,0,0.4082
full,3234,13,0,0,1,0.8627
full,4465,13,0,0,1,0.4142
full,3620,13,0,0,1,0.8585
full,1014,13,0,1,0,0.9445
full,2797,13,0,0,1,0.971
full,4986,13,0,0,1,0.863
full,4374,13,0,0,1,0.9365
full,4305,13,0,0,1,0.8627
full,3748,13,0,0,1,0.835
full,3777,13,0,0,1,0.863
full,927,13,1,1,1,0.6917
full,369,14,0,1,0,0.948
full,59,14,0,1,0,0.8567
full,422,14,0,1,0,0.9338
full,755,14,0,1,0,0.8367
full,760,14,0,1,0,0.9627
full,481,14,1,1,1,0.6977
full,524,14,0,1,0,0.946
full,370,14,0,1,0,0.9471
full,584,14,1,1,1,0.8124
full,4121,14,0,0,1,0.8567
full,826,14,0,1,0,0.946
full,183,14,0,1,0,0.5189
full,745,14,0,1,0,0.9442
full,518,14,0,1,0,0.8556
full,156,14,0,1,0,0.3825
full,66,14,1,1,1,0.6083
full,86,14,0,1,0,0.8585
full,2187,14,0,1,0,0.4067
full,284,14,0,1,0,0.4867
full,754,14,0,1,0,0.8471
full,750,14,0,1,0,0.94
full,190,14,1,1,1,0.506
full,4127,14,0,0,1,0.8498
full,4632,14,0,0,1,0.846
full,448,14,0,1,0,0.58
full,4010,14,0,0,1,0.8647
full,4005,14,0,0,1,0.8424
full,4248,14,0,0,1,0.8563
full,763,14,0,1,0,0.5191
full,916,14,0,1,0,0.8543
full,4284,14,0,0,1,0.8596
full,4078,14,0,0,1,0.8563
full,305,14,1,1,1,0.6873
full,816,14,0,1,0,0.9447
full,4926,14,0,0,1,0.8355
full,10,14,0,1,0,0.49
full,4680,14,0,0,1,0.8551
full,118,14,0,1,0,0.49
full,3739,14,0,0,1,0.948
full,1446,14,0,1,0,0.4103
full,2636,14,0,0,1,0.8623
full,3058,14,0,0,1,0.9525
full,3737,14,0,0,1,0.8605
full,3685,14,0,0,1,0.946
full,4369,14,0,0,1,0.948
full,4186,14,0,0,1,0.9409
full,3061,14,0,0,1,0.9837
full,85,14,1,1,1,0.6282
full,2690,14,0,0,1,0.8647
full,2967,14,0,0,1,0.8593
full,1093,15,1,1,1,0.571
full,1058,15,1,1,1,0.6977
full,1266,15,1,1,1,0.656
full,1253,15,1,1,1,0.6917
full,2025,15,0,1,0,0.95
full,1559,15,0,1,0,0.83
full,2334,15,1,1,1,0.4727
full,1409,15,0,1,0,0.94
full,1153,15,0,1,0,0.9398
full,612,15,1,1,1,0.535
full,1854,15,0,1,0,0.526
full,995,15,0,1,0,0.9447
full,1523,15,0,1,0,0.9307
full,1864,15,1,1,1,0.659
full,2661,15,0,0,1,0.9627
full,2272,15,0,1,0,0.9329
full,4941,15,0,0,1,0.4057
full,2004,15,0,1,0,0.4829
full,3048,15,0,0,1,0.861
full,2917,15,0,0,1,0.8543
full,2938,15,0,0,1,0.9505
full,2841,15,0,0,1,0.948
full,4007,15,0,0,1,0.9447
full,1112,15,0,1,0,0.4
full,327,15,1,1,1,0.6707
full,4052,15,0,0,1,0.8563
full,4719,15,0,0,1,0.8647
full,4413,15,0,0,1,0.8543
full,2757,15,0,0,1,0.8433
full,2864,15,0,0,1,0.9694
full,4738,15,0,0,1,0.8636
full,2583,15,0,0,1,0.946
full,4287,15,0,0,1,0.9409
full,3937,15,0,0,1,0.956
full,3203,15,0,0,1,0.948
full,2986,15,0,0,1,0.8623
full,4794,15,0,0,1,0.8543
full,1770,15,1,1,1,0.656
full,3051,15,0,0,1,0.9447
full,3883,15,0,0,1,0.601
full,3731,15,0,0,1,0.863
full,2995,15,0,0,1,0.946
full,2637,15,0,0,1,0.938
full,2703,15,0,0,1,0.9409
full,4996,15,0,0,1,0.9285
full,3343,15,0,0,1,0.9329
full,3177,15,0,0,1,0.948
full,4298,15,0,0,1,0.9525
full,4543,15,0,0,1,0.8647
full,3333,16,0,0,1,0.6354
full,1820,16,0,1,0,0.4067
full,3913,16,0,0,1,0.8429
full,2422,16,1,1,1,0.656
full,732,16,1,1,1,0.6945
full,1699,16,0,1,0,0.4082
full,1682,16,0,1,0,0.84
full,1781,16,0,1,0,0.8567
full,703,16,1,1,1,0.5977
full,1416,16,0,1,0,0.4971
full,2594,16,0,0,1,0.8563
full,2964,16,0,0,1,0.8623
full,2878,16,0,0,1,0.8567
full,408,16,0,1,0,0.9567
full,3451,16,0,0,1,0.39
full,2842,16,0,0,1,0.848
full,2632,16,0,0,1,0.846
full,3111,16,0,0,1,0.8543
full,2838,16,0,0,1,0.94
full,4776,16,0,0,1,0.863
full,3305,16,0,0,1,0.8603
full,2823,16,0,0,1,0.8591
full,4475,16,0,0,1,0.8543
full,1971,16,1,1,1,0.6587
full,3855,16,0,0,1,0.8662
full,3839,16,0,0,1,0.8563
full,2890,16,0,0,1,0.8623
full,4818,16,0,0,1,0.8543
full,3171,16,0,0,1,0.8605
full,3881,16,0,0,1,0.9404
full,3046,16,0,0,1,0.8662
full,2829,16,0,0,1,0.8647
full,2098,16,1,1,1,0.635
full,3081,16,0,0,1,0.8605
full,4346,16,0,0,1,0.926
full,160,16,1,1,1,0.5993
full,2979,16,0,0,1,0.8505
full,3359,16,0,0,1,0.8647
full,2854,16,0,0,1,0.8674
full,4736,16,0,0,1,0.8647
full,1140,16,1,1,1,0.7328
full,3170,16,0,0,1,0.846
full,2868,16,0,0,1,0.8668
full,4560,16,0,0,1,0.8536
full,3897,16,0,0,1,0.946
full,12,16,0,1,0,0.9445
full,3073,16,0,0,1,0.8662
full,2910,16,0,0,1,0.84
full,621,16,1,1,1,0.656
full,573,16,0,1,0,0.8471
full,68,17,0,1,0,0.94
full,3756,17,0,0,1,0.9505
full,1461,17,1,1,1,0.7887
full,2325,17,1,1,1,0.55
full,3416,17,0,0,1,0.8623
full,550,17,1,1,1,0.6365
full,795,17,1,1,1,0.506
full,220,17,0,1,0,0.94
full,1790,17,0,1,0,0.9456
full,356,17,1,1,1,0.6977
full,315,17,1,1,1,0.6663
full,603,17,0,1,0,0.8592
full,3458,17,0,0,1,0.49
full,333,17,1,1,1,0.6203
full,4128,17,0,0,1,0.9471
full,2070,17,1,1,1,0.585
full,4244,17,0,0,1,0.4947
full,400,17,0,1,0,0.4756
full,4617,17,0,0,1,0.848
full,4057,17,0,0,1,0.9647
full,4051,17,0,0,1,0.8543
full,4578,17,0,0,1,0.9409
full,1392,17,1,1,1,0.8093
full,2908,17,0,0,1,0.8623
full,128,17,0,1,0,0.3644
full,1940,17,1,1,1,0.656
full,4445,17,0,0,1,0.8647
full,3008,17,0,0,1,0.9409
full,1018,17,0,1,0,0.498
full,4464,17,0,0,1,0.8563
full,3847,17,0,0,1,0.8623
full,2245,17,1,1,1,0.635
full,4090,17,0,0,1,0.8647
full,2500,17,0,0,1,0.8642
full,3890,17,0,0,1,0.863
full,4247,17,0,0,1,0.8668
full,4599,17,0,0,1,0.873
full,2708,17,0,0,1,0.8571
full,4559,17,0,0,1,0.8551
full,2591,17,0,0,1,0.8647
full,2562,17,0,0,1,0.8668
full,685,17,1,1,1,0.556
full,2793,17,0,0,1,0.8647
full,60,17,0,1,0,0.8592
full,4025,17,0,0,1,0.9345
full,2941,17,0,0,1,0.8668
full,1878,17,1,1,1,0.5993
full,3267,17,0,0,1,0.8543
full,3888,17,0,0,1,0.866
full,962,18,1,1,1,0.6127
full,971,18,0,1,0,0.3867
full,3655,18,0,0,1,0.6171
full,323,18,0,1,0,0.94
full,631,18,0,1,0,0.3843
full,414,18,1,1,1,0.4727
full,1111,18,1,1,1,0.671
full,1951,18,1,1,1,0.7065
full,137,18,1,1,1,0.5962
full,1277,18,1,1,1,0.556
full,696,18,0,1,0,0.5
full,2299,18,0,1,0,0.8746
full,2370,18,1,1,1,0.656
full,464,18,1,1,1,0.656
full,4484,18,0,0,1,0.5267
full,297,18,1,1,1,0.635
full,796,18,1,1,1,0.656
full,155,18,1,1,1,0.556
full,1532,18,1,1,1,0.6977
full,611,18,1,1,1,0.5725
full,4645,18,0,0,1,0.9442
full,1203,18,1,1,1,0.635
full,4724,18,0,0,1,0.863
full,4039,18,0,0,1,0.8623
full,1321,18,1,1,1,0.5725
full,2170,18,0,1,0,0.2688
full,2989,18,0,0,1,0.8647
full,3640,18,0,0,1,0.8647
full,4733,18,0,0,1,0.8647
full,3744,18,0,0,1,0.8571
full,4809,18,0,0,1,0.8623
full,738,18,0,1,0,0.5323
full,540,18,1,1,1,0.6975
full,3300,18,0,0,1,0.8623
full,849,18,1,1,1,0.6707
full,476,18,1,1,1,0.735
full,2765,18,0,0,1,0.8567
full,3642,18,0,0,1,0.8623
full,4278,18,0,0,1,0.8668
full,4749,18,0,0,1,0.8634
full,4652,18,0,0,1,0.8694
full,4076,18,0,0,1,0.9285
full,2996,18,0,0,1,0.8614
full,1858,18,0,1,0,0.855
full,4969,18,0,0,1,0.4025
full,1778,18,0,1,0,0.5288
full,2172,18,1,1,1,0.6072
full,3636,18,0,0,1,0.8647
full,3925,18,0,0,1,0.8605
full,1830,18,0,1,0,0.4973
full,558,19,1,1,1,0.6275
full,786,19,1,1,1,0.606
full,455,19,1,1,1,0.6977
full,733,19,1,1,1,0.6977
full,1702,19,0,1,0,0.8525
full,607,19,1,1,1,0.7227
full,96,19,1,1,1,0.685
full,468,19,1,1,1,0.665
full,1775,19,1,1,1,0.6977
full,1029,19,0,1,0,0.9335
full,2013,19,1,1,1,0.702
full,259,19,1,1,1,0.7064
full,613,19,1,1,1,0.5917
full,1066,19,1,1,1,0.6025
full,1096,19,1,1,1,0.7707
full,1514,19,1,1,1,0.6157
full,56,19,1,1,1,0.6917
full,979,19,1,1,1,0.565
full,1921,19,0,1,0,0.7262
full,398,19,1,1,1,0.574
full,454,19,1,1,1,0.6838
full,78,19,1,1,1,0.656
full,1006,19,1,1,1,0.656
full,1731,19,1,1,1,0.635
full,1428,19,0,1,0,0.4745
full,949,19,1,1,1,0.5725
full,1476,19,1,1,1,0.6975
full,496,19,1,1,1,0.635
full,22,19,1,1,1,0.5248
full,728,19,0,1,0,0.5067
full,2066,19,1,1,1,0.6248
full,1680,19,0,1,0,0.9531
full,1616,19,1,1,1,0.5143
full,2270,19,0,1,0,0.4807
full,72,19,0,1,0,0.415
full,235,19,1,1,1,0.5636
full,441,19,1,1,1,0.5636
full,1957,19,1,1,1,0.61
full,2048,19,0,1,0,0.865
full,239,19,1,1,1,0.656
full,683,19,0,1,0,0.8408
full,1412,19,0,1,0,0.49
full,1280,19,1,1,1,0.6248
full,2242,19,0,1,0,0.95
full,1016,19,0,1,0,0.8567
full,490,19,0,1,0,0.8507
full,93,19,1,1,1,0.585
full,968,19,1,1,1,0.6767
full,4371,19,0,0,1,0.8694
full,1460,19,0,1,0,0.4938
full,767,20,1,1,1,0.6337
full,2490,20,1,1,1,0.656
full,483,20,1,1,1,0.6203
full,2327,20,1,1,1,0.615
full,2246,20,1,1,1,0.801
full,2473,20,1,1,1,0.6917
full,2206,20,1,1,1,0.6962
full,699,20,1,1,1,0.6962
full,2304,20,0,1,0,0.4367
full,2424,20,1,1,1,0.706
full,164,20,1,1,1,0.5977
full,2848,20,0,0,1,0.9355
full,2088,20,0,1,0,0.8483
full,221,20,1,1,1,0.665
full,1834,20,1,1,1,0.665
full,2411,20,1,1,1,0.5977
full,4134,20,0,0,1,0.8543
full,829,20,0,1,0,0.47
full,1194,20,1,1,1,0.6962
full,2109,20,1,1,1,0.6248
full,2365,20,1,1,1,0.635
full,4546,20,0,0,1,0.511
full,1436,20,1,1,1,0.7274
full,2487,20,1,1,1,0.7707
full,2427,20,1,1,1,0.6282
full,1627,20,1,1,1,0.7364
full,4224,20,0,0,1,0.8623
full,1095,20,1,1,1,0.6293
full,2744,20,0,0,1,0.948
full,986,20,1,1,1,0.5817
full,3386,20,0,0,1,0.8518
full,2640,20,0,0,1,0.9329
full,3856,20,0,0,1,0.858
full,1027,20,1,1,1,0.6143
full,2946,20,0,0,1,0.853
full,1794,20,1,1,1,0.656
full,4358,20,0,0,1,0.8636
full,765,20,1,1,1,0.5725
full,549,20,1,1,1,0.6185
full,4966,20,0,0,1,0.8536
full,4819,20,0,0,1,0.8623
full,191,20,0,1,0,0.5233
full,1236,20,0,1,0,0.84
full,1061,20,0,1,0,0.4745
full,4835,20,0,0,1,0.848
full,1349,20,1,1,1,0.5993
full,495,20,0,1,0,0.9483
full,2414,20,1,1,1,0.6332
full,2275,20,1,1,1,0.5993
full,2314,20,1,1,1,0.6067
full,1188,21,0,1,0,0.3843
full,771,21,0,1,0,0.47
full,71,21,1,1,1,0.665
full,1946,21,0,1,0,0.4825
full,1329,21,1,1,1,0.665
full,661,21,0,1,0,0.4771
full,300,21,0,1,0,0.4771
full,2,21,1,1,1,0.7116
full,1250,21,1,1,1,0.7047
full,1307,21,1,1,1,0.6977
full,4429,21,0,0,1,0.9647
full,19,21,1,1,1,0.665
full,17,21,0,1,0,0.53
full,4728,21,0,0,1,0.9447
full,94,21,1,1,1,0.665
full,195,21,1,1,1,0.665
full,4896,21,0,0,1,0.8647
full,4596,21,0,0,1,0.8591
full,3076,21,0,0,1,0.9317
full,1124,21,1,1,1,0.7067
full,4418,21,0,0,1,0.8397
full,2051,21,1,1,1,0.6203
full,3277,21,0,0,1,0.848
full,1803,21,0,1,0,0.4971
full,3563,21,0,0,1,0.8623
full,1309,21,1,1,1,0.5993
full,1861,21,1,1,1,0.6721
full,2386,21,1,1,1,0.5383
full,1576,21,1,1,1,0.6143
full,3863,21,0,0,1,0.8616
full,1438,21,1,1,1,0.6038
full,1927,21,1,1,1,0.635
full,406,21,1,1,1,0.69
full,1888,21,1,1,1,0.6203
full,522,21,1,1,1,0.471
full,1086,21,0,1,0,0.855
full,635,21,1,1,1,0.556
full,4026,21,0,0,1,0.856
full,4391,21,0,0,1,0.9404
full,3806,21,0,0,1,0.9531
full,2377,21,0,1,0,0.9694
full,3428,21,0,0,1,0.84
full,1873,21,0,1,0,0.4031
full,2596,21,0,0,1,0.86
full,924,21,0,1,0,0.8582
full,2650,21,0,0,1,0.9355
full,1876,21,0,1,0,0.9733
full,3778,21,0,0,1,0.8575
full,984,21,0,1,0,0.4067
full,3791,21,0,0,1,0.9389
full,894,22,1,1,1,0.612
full,2227,22,1,1,1,0.665
full,429,22,1,1,1,0.635
full,2315,22,0,1,0,0.4662
full,257,22,1,1,1,0.571
full,2249,22,1,1,1,0.6372
full,2276,22,1,1,1,0.6337
full,581,22,0,1,0,0.8582
full,2137,22,0,1,0,0.9445
full,833,22,1,1,1,0.665
full,1972,22,1,1,1,0.4725
full,1534,22,1,1,1,0.671
full,6,22,1,1,1,0.631
full,2356,22,0,1,0,0.4825
full,1204,22,0,1,0,0.9264
full,1283,22,0,1,0,0.4543
full,30,22,0,1,0,0.4938
full,2295,22,1,1,1,0.6072
full,1757,22,1,1,1,0.5977
full,1750,22,0,1,0,0.4836
full,892,22,1,1,1,0.5975
full,102,22,1,1,1,0.6428
full,36,22,1,1,1,0.5936
full,372,22,1,1,1,0.656
full,758,22,0,1,0,0.39
full,200,22,1,1,1,0.6072
full,326,22,1,1,1,0.6248
full,1867,22,0,1,0,0.8579
full,494,22,1,1,1,0.6767
full,922,22,0,1,0,0.49
full,939,22,1,1,1,0.6428
full,45,22,0,1,0,0.9367
full,1606,22,0,1,0,0.8554
full,4713,22,0,0,1,0.8647
full,18,22,1,1,1,0.6917
full,3507,22,0,0,1,0.8702
full,1999,22,0,1,0,0.8567
full,1610,22,1,1,1,0.5725
full,616,22,0,1,0,0.94
full,3531,22,0,0,1,0.616
full,1725,22,1,1,1,0.635
full,1468,22,0,1,0,0.8463
full,735,22,0,1,0,0.8567
full,331,22,0,1,0,0.8588
full,3385,22,0,0,1,0.9233
full,2426,22,0,1,0,0.4929
full,3760,22,0,0,1,0.8417
full,2763,22,0,0,1,0.94
full,1044,22,1,1,1,0.556
full,2136,22,0,1,0,0.51
full,1630,23,0,1,0,0.5067
full,777,23,0,1,0,0.4867
full,1574,23,0,1,0,0.4067
full,594,23,1,1,1,0.5636
full,1480,23,0,1,0,0.4082
full,2485,23,1,1,1,0.5993
full,2037,23,0,1,0,0.404
full,232,23,0,1,0,0.39
full,2353,23,0,1,0,0.2882
full,1015,23,1,1,1,0.656
full,1960,23,0,1,0,0.4007
full,874,23,0,1,0,0.4756
full,2379,23,0,1,0,0.9445
full,1954,23,1,1,1,0.6072
full,705,23,0,1,0,0.4867
full,729,23,0,1,0,0.4983
full,709,23,0,1,0,0.4043
full,1361,23,1,1,1,0.656
full,1211,23,0,1,0,0.9367
full,722,23,1,1,1,0.6038
full,1863,23,1,1,1,0.6248
full,1197,23,0,1,0,0.4
full,1346,23,1,1,1,0.6767
full,789,23,1,1,1,0.55
full,153,23,1,1,1,0.535
full,1953,23,0,1,0,0.8471
full,491,23,1,1,1,0.505
full,1543,23,0,1,0,0.49
full,2054,23,1,1,1,0.635
full,2143,23,0,1,0,0.49
full,344,23,1,1,1,0.662
full,1624,23,1,1,1,0.5846
full,841,23,0,1,0,0.9471
full,1679,23,0,1,0,0.94
full,1069,23,1,1,1,0.6143
full,1147,23,1,1,1,0.5935
full,1121,23,0,1,0,0.4015
full,1013,23,1,1,1,0.5636
full,1220,23,1,1,1,0.5933
full,1040,23,0,1,0,0.4829
full,1071,23,0,1,0,0.4855
full,3,23,1,1,1,0.6282
full,1505,23,0,1,0,0.92
full,620,23,1,1,1,0.6072
full,1883,23,1,1,1,0.6038
full,1847,23,1,1,1,0.66
full,749,23,1,1,1,0.6203
full,1491,23,1,1,1,0.6203
full,1447,23,0,1,0,0.47
full,1411,23,0,1,0,0.5129
full,492,24,1,1,1,0.556
full,514,24,1,1,1,0.665
full,1760,24,0,1,0,0.8582
full,472,24,1,1,1,0.6707
full,1902,24,0,1,0,0.8608
full,80,24,1,1,1,0.6203
full,1846,24,1,1,1,0.5517
full,2294,24,0,1,0,0.93
full,1645,24,1,1,1,0.7885
full,602,24,1,1,1,0.6337
full,1398,24,1,1,1,0.6765
full,2103,24,0,1,0,0.9647
full,842,24,1,1,1,0.6038
full,2277,24,1,1,1,0.6707
full,216,24,1,1,1,0.535
full,1762,24,0,1,0,0.484
full,178,24,0,1,0,0.4867
full,980,24,1,1,1,0.6364
full,914,24,1,1,1,0.5993
full,1021,24,1,1,1,0.5977
full,2321,24,1,1,1,0.662
full,244,24,1,1,1,0.665
full,134,24,1,1,1,0.6337
full,498,24,0,1,0,0.8567
full,2328,24,1,1,1,0.6917
full,822,24,1,1,1,0.5733
full,782,24,1,1,1,0.635
full,652,24,1,1,1,0.585
full,976,24,0,1,0,0.4911
full,2110,24,1,1,1,0.5432
full,688,24,1,1,1,0.656
full,67,24,1,1,1,0.5725
full,2153,24,1,1,1,0.5143
full,1179,24,1,1,1,0.5993
full,2132,24,1,1,1,0.635
full,2348,24,1,1,1,0.5727
full,84,24,0,1,0,0.4122
full,2483,24,0,1,0,0.85
full,2092,24,1,1,1,0.564
full,1320,24,0,1,0,0.8634
full,1829,24,1,1,1,0.5993
full,25,24,0,1,0,0.8337
full,1934,24,1,1,1,0.5948
full,1970,24,1,1,1,0.5975
full,117,24,1,1,1,0.6248
full,292,24,1,1,1,0.6977
full,2376,24,1,1,1,0.6007
full,457,24,1,1,1,0.494
full,964,24,0,1,0,0.4629
full,1698,24,0,1,0,0.8567
full,1743,25,0,1,0,0.9329
full,1671,25,0,1,0,0.2867
full,582,25,0,1,0,0.9445
full,1485,25,1,1,1,0.6962
full,459,25,1,1,1,0.606
full,4935,25,0,0,1,0.4082
full,2464,25,0,1,0,0.61
full,1513,25,1,1,1,0.662
full,1345,25,1,1,1,0.656
full,171,25,1,1,1,0.456
full,1851,25,1,1,1,0.6917
full,1168,25,1,1,1,0.7185
full,1342,25,0,1,0,0.9367
full,2183,25,1,1,1,0.656
full,2131,25,1,1,1,0.5203
full,648,25,1,1,1,0.635
full,1747,25,1,1,1,0.7072
full,1649,25,0,1,0,0.85
full,1734,25,0,1,0,0.9329
full,764,25,1,1,1,0.5623
full,393,25,0,1,0,0.8483
full,1973,25,0,1,0,0.8579
full,529,25,1,1,1,0.6977
full,1265,25,1,1,1,0.556
full,1721,25,1,1,1,0.6203
full,1890,25,0,1,0,0.9329
full,1473,25,1,1,1,0.662
full,317,25,0,1,0,0.9456
full,1407,25,0,1,0,0.8543
full,2078,25,1,1,1,0.6038
full,2418,25,1,1,1,0.656
full,3598,25,0,0,1,0.8369
full,1969,25,1,1,1,0.5993
full,2063,25,1,1,1,0.506
full,3350,25,0,0,1,0.8354
full,186,25,0,1,0,0.8567
full,4514,25,0,0,1,0.61
full,1533,25,0,1,0,0.4114
full,1566,25,1,1,1,0.7067
full,1904,25,0,1,0,0.946
full,1602,25,0,1,0,0.945
full,3573,25,0,0,1,0.8694
full,3114,25,0,0,1,0.8516
full,832,25,1,1,1,0.515
full,1463,25,0,1,0,0.8511
full,1712,25,1,1,1,0.7364
full,839,25,1,1,1,0.7363
full,251,25,1,1,1,0.565
full,1134,25,0,1,0,0.5
full,907,25,0,1,0,0.6205
hard_filter,4924,1,0,0,1,0.8668
hard_filter,2843,1,0,0,1,0.8647
hard_filter,4011,1,0,0,1,0.5274
hard_filter,3044,1,0,0,1,0.8513
hard_filter,3082,1,0,0,1,0.8551
hard_filter,4389,1,0,0,1,0.8674
hard_filter,3126,1,0,0,1,0.848
hard_filter,4712,1,0,0,1,0.8647
hard_filter,4107,1,0,0,1,0.848
hard_filter,2957,1,0,0,1,0.9442
hard_filter,2733,1,0,0,1,0.8623
hard_filter,4592,1,0,0,1,0.9447
hard_filter,3815,1,0,0,1,0.958
hard_filter,2974,1,0,0,1,0.8647
hard_filter,3372,1,0,0,1,0.8571
hard_filter,4904,1,0,0,1,0.873
hard_filter,4547,1,0,0,1,0.8531
hard_filter,4873,1,0,0,1,0.846
hard_filter,2595,1,0,0,1,0.8591
hard_filter,3395,1,0,0,1,0.8551
hard_filter,3281,1,0,0,1,0.863
hard_filter,4381,1,0,0,1,0.848
hard_filter,575,1,1,1,1,0.0
hard_filter,4160,1,0,0,1,0.8563
hard_filter,2815,1,0,0,1,0.8337
hard_filter,4446,1,0,0,1,0.8623
hard_filter,4967,1,0,0,1,0.8647
hard_filter,2710,1,0,0,1,0.8648
hard_filter,4031,1,0,0,1,0.8556
hard_filter,4337,1,0,0,1,0.863
hard_filter,3706,1,0,0,1,0.9447
hard_filter,3208,1,0,0,1,0.863
hard_filter,3336,1,0,0,1,0.843
hard_filter,4318,1,0,0,1,0.8567
hard_filter,4141,1,0,0,1,0.948
hard_filter,4306,1,0,0,1,0.9367
hard_filter,2585,1,0,0,1,0.8595
hard_filter,2792,1,0,0,1,0.8447
hard_filter,3024,1,0,0,1,0.848
hard_filter,3113,1,0,0,1,0.8595
hard_filter,3939,1,0,0,1,0.8647
hard_filter,3080,1,0,0,1,0.9551
hard_filter,3828,1,0,0,1,0.8355
hard_filter,3540,1,0,0,1,0.8662
hard_filter,3577,1,0,0,1,0.8598
hard_filter,2886,1,0,0,1,0.868
hard_filter,3154,1,0,0,1,0.8623
hard_filter,3821,1,0,0,1,0.8585
hard_filter,2694,1,0,0,1,0.8647
hard_filter,4884,1,0,0,1,0.8483
hard_filter,2646,2,0,0,1,0.5298
hard_filter,4676,2,0,0,1,0.856
hard_filter,2796,2,0,0,1,0.8688
hard_filter,3401,2,0,0,1,0.9389
hard_filter,3151,2,0,0,1,0.8623
hard_filter,4229,2,0,0,1,0.8536
hard_filter,4883,2,0,0,1,0.9365
hard_filter,4989,2,0,0,1,0.8614
hard_filter,3429,2,0,0,1,0.8438
hard_filter,568,2,0,1,0,0.8694
hard_filter,1520,2,0,1,0,0.8642
hard_filter,1430,2,0,1,0,0.8603
hard_filter,2932,2,0,0,1,0.8536
hard_filter,2665,2,0,0,1,0.8619
hard_filter,4807,2,0,0,1,0.9647
hard_filter,4083,2,0,0,1,0.848
hard_filter,4219,2,0,0,1,0.868
hard_filter,2742,2,0,0,1,0.8525
hard_filter,3093,2,0,0,1,0.8623
hard_filter,3480,2,0,0,1,0.8623
hard_filter,4942,2,0,0,1,0.8647
hard_filter,1254,2,0,1,0,0.8436
hard_filter,1038,2,1,1,1,0.5143
hard_filter,1694,2,1,1,1,0.535
hard_filter,4589,2,0,0,1,0.9627
hard_filter,2872,2,0,0,1,0.8647
hard_filter,3509,2,0,0,1,0.863
hard_filter,2780,2,0,0,1,0.8558
hard_filter,3686,2,0,0,1,0.948
hard_filter,4416,2,0,0,1,0.8623
hard_filter,2627,2,0,0,1,0.8513
hard_filter,4133,2,0,0,1,0.8668
hard_filter,2758,2,0,0,1,0.858
hard_filter,2557,2,0,0,1,0.873
hard_filter,4881,2,0,0,1,0.948
hard_filter,3750,2,0,0,1,0.8567
hard_filter,4697,2,0,0,1,0.8591
hard_filter,3537,2,0,0,1,0.863
hard_filter,2955,2,0,0,1,0.8694
hard_filter,4928,2,0,0,1,0.8551
hard_filter,3220,2,0,0,1,0.9627
hard_filter,3814,2,0,0,1,0.9447
hard_filter,4122,2,0,0,1,0.861
hard_filter,4716,2,0,0,1,0.9409
hard_filter,4251,2,0,0,1,0.8668
hard_filter,3364,2,0,0,1,0.8493
hard_filter,3525,2,0,0,1,0.958
hard_filter,4065,2,0,0,1,0.861
hard_filter,3773,2,0,0,1,0.8523
hard_filter,4920,2,0,0,1,0.8647
hard_filter,4759,3,0,0,1,0.8623
hard_filter,4502,3,0,0,1,0.8647
hard_filter,3245,3,0,0,1,0.9293
hard_filter,2660,3,0,0,1,0.8634
hard_filter,4587,3,0,0,1,0.8438
hard_filter,4506,3,0,0,1,0.863
hard_filter,2933,3,0,0,1,0.5327
hard_filter,2666,3,0,0,1,0.8623
hard_filter,4508,3,0,0,1,0.858
hard_filter,3854,3,0,0,1,0.8647
hard_filter,4097,3,0,0,1,0.858
hard_filter,3197,3,0,0,1,0.8623
hard_filter,2635,3,0,0,1,0.8647
hard_filter,2816,3,0,0,1,0.9471
hard_filter,3651,3,0,0,1,0.8603
hard_filter,3982,3,0,0,1,0.9447
hard_filter,2604,3,0,0,1,0.8647
hard_filter,4764,3,0,0,1,0.8449
hard_filter,2883,3,0,0,1,0.8518
hard_filter,4528,3,0,0,1,0.8438
hard_filter,2896,3,0,0,1,0.8647
hard_filter,3481,3,0,0,1,0.8647
hard_filter,2547,3,0,0,1,0.8694
hard_filter,4564,3,0,0,1,0.858
hard_filter,4457,3,0,0,1,0.8668
hard_filter,4865,3,0,0,1,0.8605
hard_filter,4527,3,0,0,1,0.8498
hard_filter,4290,3,0,0,1,0.8595
hard_filter,3466,3,0,0,1,0.8623
hard_filter,2991,3,0,0,1,0.8605
hard_filter,3873,3,0,0,1,0.8647
hard_filter,3761,3,0,0,1,0.8623
hard_filter,2760,3,0,0,1,0.9418
hard_filter,4315,3,0,0,1,0.8397
hard_filter,2586,3,0,0,1,0.9365
hard_filter,4677,3,0,0,1,0.868
hard_filter,3053,3,0,0,1,0.8616
hard_filter,3796,3,0,0,1,0.8668
hard_filter,4814,3,0,0,1,0.9442
hard_filter,3247,3,0,0,1,0.9531
hard_filter,4955,3,0,0,1,0.8551
hard_filter,4084,3,0,0,1,0.845
hard_filter,4171,3,0,0,1,0.5334
hard_filter,3254,3,0,0,1,0.855
hard_filter,477,3,0,1,0,0.9296
hard_filter,4327,3,0,0,1,0.858
hard_filter,3143,3,0,0,1,0.9447
hard_filter,3954,3,0,0,1,0.9345
hard_filter,2881,3,0,0,1,0.8616
hard_filter,4768,4,0,0,1,0.848
hard_filter,4282,4,0,0,1,0.8647
hard_filter,4499,4,0,0,1,0.5348
hard_filter,2431,4,1,1,1,0.6326
hard_filter,2976,4,0,0,1,0.858
hard_filter,4406,4,0,0,1,0.8442
hard_filter,4383,4,0,0,1,0.0
hard_filter,4778,4,0,0,1,0.848
hard_filter,3733,4,0,0,1,0.848
hard_filter,4174,4,0,0,1,0.848
hard_filter,2740,4,0,0,1,0.5055
hard_filter,4897,4,0,0,1,0.8511
hard_filter,2762,4,0,0,1,0.8623
hard_filter,3928,4,0,0,1,0.8591
hard_filter,4783,4,0,0,1,0.8647
hard_filter,3783,4,0,0,1,0.8491
hard_filter,3966,4,0,0,1,0.863
hard_filter,2711,4,0,0,1,0.8647
hard_filter,2912,4,0,0,1,0.8623
hard_filter,4852,4,0,0,1,0.9293
hard_filter,4366,4,0,0,1,0.9647
hard_filter,2875,4,0,0,1,0.0
hard_filter,3646,4,0,0,1,0.8662
hard_filter,2785,4,0,0,1,0.948
hard_filter,3590,4,0,0,1,0.8595
hard_filter,3116,4,0,0,1,0.8623
hard_filter,4256,4,0,0,1,0.9525
hard_filter,4644,4,0,0,1,0.8623
hard_filter,4037,4,0,0,1,0.0
hard_filter,3369,4,0,0,1,0.858
hard_filter,4863,4,0,0,1,0.8623
hard_filter,3875,4,0,0,1,0.8502
hard_filter,3207,4,0,0,1,0.8623
hard_filter,2774,4,1,0,0,0.6631
hard_filter,3729,4,0,0,1,0.5285
hard_filter,3068,4,0,0,1,0.9536
hard_filter,4803,4,0,0,1,0.8536
hard_filter,563,4,0,1,0,0.9456
hard_filter,3137,4,0,0,1,0.8623
hard_filter,2509,4,0,0,1,0.8551
hard_filter,4754,4,0,0,1,0.915
hard_filter,3849,4,0,0,1,0.848
hard_filter,1359,4,0,1,0,0.8636
hard_filter,3765,4,0,0,1,0.8551
hard_filter,2695,4,0,0,1,0.865
hard_filter,3004,4,0,0,1,0.9585
hard_filter,2631,4,0,0,1,0.9647
hard_filter,2847,4,0,0,1,0.8648
hard_filter,2697,4,0,0,1,0.9435
hard_filter,4959,4,0,0,1,0.0
hard_filter,3437,5,0,0,1,0.8238
hard_filter,2667,5,0,0,1,0.8483
hard_filter,4082,5,0,0,1,0.0
hard_filter,3251,5,0,0,1,0.5055
hard_filter,3037,5,0,0,1,0.873
hard_filter,4237,5,0,0,1,0.0
hard_filter,3132,5,0,0,1,0.0
hard_filter,3641,5,0,0,1,0.8377
hard_filter,3283,5,0,0,1,0.8648
hard_filter,3025,5,0,0,1,0.8531
hard_filter,4177,5,0,0,1,0.858
hard_filter,2609,5,0,0,1,0.8627
hard_filter,2960,5,0,0,1,0.8605
hard_filter,4866,5,0,0,1,0.8627
hard_filter,3366,5,0,0,1,0.8605
hard_filter,2807,5,0,0,1,0.9409
hard_filter,4222,5,0,0,1,0.8647
hard_filter,4919,5,0,0,1,0.94
hard_filter,3845,5,0,0,1,0.8551
hard_filter,3827,5,0,0,1,0.8447
hard_filter,3192,5,0,0,1,0.8417
hard_filter,4077,5,0,0,1,0.8647
hard_filter,3210,5,0,0,1,0.8647
hard_filter,3103,5,0,0,1,0.8623
hard_filter,4079,5,0,0,1,0.8623
hard_filter,2947,5,0,0,1,0.9447
hard_filter,3838,5,0,0,1,0.873
hard_filter,4201,5,0,0,1,0.8447
hard_filter,3275,5,0,0,1,0.865
hard_filter,3699,5,0,0,1,0.8647
hard_filter,3360,5,0,0,1,0.8662
hard_filter,4889,5,0,0,1,0.8623
hard_filter,4649,5,0,0,1,0.8595
hard_filter,3448,5,0,0,1,0.948
hard_filter,4862,5,0,0,1,0.8647
hard_filter,2565,5,0,0,1,0.8694
hard_filter,4447,5,0,0,1,0.8668
hard_filter,2643,5,0,0,1,0.8551
hard_filter,3088,5,0,0,1,0.8551
hard_filter,3457,5,0,0,1,0.8647
hard_filter,4503,5,0,0,1,0.8647
hard_filter,3347,5,0,0,1,0.8567
hard_filter,4751,5,0,0,1,0.8682
hard_filter,3504,5,0,0,1,0.8694
hard_filter,3619,5,0,0,1,0.8603
hard_filter,3880,5,0,0,1,0.8642
hard_filter,3878,5,0,0,1,0.9392
hard_filter,3227,5,0,0,1,0.8543
hard_filter,3410,5,0,0,1,0.8483
hard_filter,2743,5,0,0,1,0.8647
hard_filter,2773,6,0,0,1,0.946
hard_filter,4053,6,0,0,1,0.8688
hard_filter,3256,6,0,0,1,0.948
hard_filter,3408,6,0,0,1,0.8623
hard_filter,2802,6,0,0,1,0.8513
hard_filter,3464,6,0,0,1,0.848
hard_filter,3738,6,0,0,1,0.8623
hard_filter,2580,6,0,0,1,0.8647
hard_filter,3273,6,0,0,1,0.848
hard_filter,2720,6,0,0,1,0.8623
hard_filter,3470,6,0,0,1,0.851
hard_filter,3926,6,0,0,1,0.0
hard_filter,3649,6,0,0,1,0.5347
hard_filter,4254,6,0,0,1,0.8647
hard_filter,3568,6,0,0,1,0.8647
hard_filter,4063,6,0,0,1,0.8424
hard_filter,3463,6,0,0,1,0.5347
hard_filter,2874,6,0,0,1,0.863
hard_filter,3551,6,0,0,1,0.8647
hard_filter,2644,6,0,0,1,0.8603
hard_filter,2741,6,0,0,1,0.8694
hard_filter,3657,6,0,0,1,0.8355
hard_filter,3764,6,0,0,1,0.8662
hard_filter,4255,6,0,0,1,0.8647
hard_filter,3223,6,0,0,1,0.8563
hard_filter,3817,6,0,0,1,0.8358
hard_filter,2751,6,0,0,1,0.8543
hard_filter,2753,6,0,0,1,0.8647
hard_filter,4930,6,0,0,1,0.8551
hard_filter,4294,6,0,0,1,0.8647
hard_filter,4343,6,0,0,1,0.8647
hard_filter,3290,6,0,0,1,0.8605
hard_filter,3382,6,0,0,1,0.9329
hard_filter,4126,6,0,0,1,0.8536
hard_filter,2781,6,0,0,1,0.8623
hard_filter,4906,6,0,0,1,0.863
hard_filter,4307,6,0,0,1,0.8554
hard_filter,2514,6,0,0,1,0.8525
hard_filter,4012,6,0,0,1,0.8605
hard_filter,3312,6,0,0,1,0.8551
hard_filter,3548,6,0,0,1,0.8445
hard_filter,3899,6,0,0,1,0.856
hard_filter,3100,6,0,0,1,0.9355
hard_filter,2779,6,0,0,1,0.8647
hard_filter,3635,6,0,0,1,0.8668
hard_filter,2768,6,0,0,1,0.8627
hard_filter,3874,6,0,0,1,0.9674
hard_filter,4732,6,0,0,1,0.8647
hard_filter,3589,6,0,0,1,0.9614
hard_filter,4486,6,0,0,1,0.8595
hard_filter,3225,7,0,0,1,0.5336
hard_filter,2906,7,0,0,1,0.526
hard_filter,3708,7,0,0,1,0.9605
hard_filter,4055,7,0,0,1,0.8647
hard_filter,4582,7,0,0,1,0.8397
hard_filter,4146,7,0,0,1,0.9551
hard_filter,3978,7,0,0,1,0.9605
hard_filter,4792,7,0,0,1,0.8563
hard_filter,3625,7,0,0,1,0.9837
hard_filter,4706,7,0,0,1,0.8598
hard_filter,4162,7,0,0,1,0.8662
hard_filter,3444,7,0,0,1,0.0
hard_filter,2709,7,0,0,1,0.8662
hard_filter,2844,7,0,0,1,0.5005
hard_filter,3843,7,0,0,1,0.8647
hard_filter,4270,7,0,0,1,0.8623
hard_filter,3020,7,0,0,1,0.8595
hard_filter,3588,7,0,0,1,0.8591
hard_filter,3826,7,0,0,1,0.8662
hard_filter,4419,7,0,0,1,0.8397
hard_filter,2739,7,0,0,1,0.8603
hard_filter,3411,7,0,0,1,0.8668
hard_filter,4994,7,0,0,1,0.8647
hard_filter,2789,7,0,0,1,0.8627
hard_filter,4767,7,0,0,1,0.8591
hard_filter,2639,7,0,0,1,0.9551
hard_filter,3979,7,0,0,1,0.0
hard_filter,2659,7,0,0,1,0.8623
hard_filter,4766,7,0,0,1,0.8614
hard_filter,3595,7,0,0,1,0.8367
hard_filter,4163,7,0,0,1,0.8445
hard_filter,4913,7,0,0,1,0.9202
hard_filter,4700,7,0,0,1,0.8623
hard_filter,4367,7,0,0,1,0.845
hard_filter,4100,7,0,0,1,0.9337
hard_filter,2948,7,0,0,1,0.9362
hard_filter,4523,7,0,0,1,0.9337
hard_filter,4682,7,0,0,1,0.855
hard_filter,4081,7,0,0,1,0.8647
hard_filter,2893,7,0,0,1,0.858
hard_filter,4845,7,0,0,1,0.8662
hard_filter,4225,7,0,0,1,0.8612
hard_filter,4984,7,0,0,1,0.84
hard_filter,4152,7,0,0,1,0.8563
hard_filter,4274,7,0,0,1,0.8623
hard_filter,4173,7,0,0,1,0.8636
hard_filter,90,7,1,1,1,0.6738
hard_filter,2523,7,0,0,1,0.918
hard_filter,3572,7,0,0,1,0.8488
hard_filter,4623,7,0,0,1,0.8627
hard_filter,54,8,0,1,0,0.0
hard_filter,489,8,1,1,1,0.702
hard_filter,3505,8,0,0,1,0.845
hard_filter,4454,8,0,0,1,0.8571
hard_filter,3430,8,0,0,1,0.8674
hard_filter,3728,8,0,0,1,0.9605
hard_filter,3096,8,0,0,1,0.858
hard_filter,3870,8,0,0,1,0.9551
hard_filter,3182,8,0,0,1,0.8605
hard_filter,4597,8,0,0,1,0.8551
hard_filter,4059,8,0,0,1,0.948
hard_filter,1119,8,0,1,0,0.9456
hard_filter,3042,8,0,0,1,0.9409
hard_filter,2884,8,0,0,1,0.863
hard_filter,3356,8,0,0,1,0.8623
hard_filter,4562,8,0,0,1,0.8551
hard_filter,553,8,1,1,1,0.562
hard_filter,4519,8,0,0,1,0.8543
hard_filter,4266,8,0,0,1,0.8389
hard_filter,3284,8,0,0,1,0.8605
hard_filter,4183,8,0,0,1,0.9285
hard_filter,3445,8,0,0,1,0.8647
hard_filter,2931,8,0,0,1,0.0
hard_filter,3134,8,0,0,1,0.8567
hard_filter,2813,8,0,0,1,0.84
hard_filter,4331,8,0,0,1,0.6147
hard_filter,3054,8,0,0,1,0.8623
hard_filter,3212,8,0,0,1,0.8647
hard_filter,2712,8,0,0,1,0.9447
hard_filter,4436,8,0,0,1,0.8647
hard_filter,4184,8,0,0,1,0.846
hard_filter,4917,8,0,0,1,0.853
hard_filter,3259,8,0,0,1,0.8623
hard_filter,2495,8,0,1,0,0.9367
hard_filter,3156,8,0,0,1,0.855
hard_filter,3373,8,0,0,1,0.8551
hard_filter,2689,8,0,0,1,0.8451
hard_filter,3377,8,0,0,1,0.8516
hard_filter,2533,8,0,0,1,0.8567
hard_filter,4694,8,0,0,1,0.8662
hard_filter,3862,8,0,0,1,0.8605
hard_filter,2850,8,0,0,1,0.8447
hard_filter,2516,8,1,0,0,0.506
hard_filter,4392,8,0,0,1,0.6017
hard_filter,4721,8,0,0,1,0.8603
hard_filter,2777,8,0,0,1,0.8551
hard_filter,3753,8,0,0,1,0.8647
hard_filter,2950,8,0,0,1,0.8614
hard_filter,3988,8,0,0,1,0.9389
hard_filter,3059,8,1,0,0,0.535
hard_filter,3425,9,0,0,1,0.0
hard_filter,4330,9,0,0,1,0.8525
hard_filter,3224,9,0,0,1,0.5267
hard_filter,4427,9,0,0,1,0.8647
hard_filter,2828,9,0,0,1,0.8605
hard_filter,3740,9,0,0,1,0.8647
hard_filter,3104,9,0,0,1,0.8627
hard_filter,4761,9,0,0,1,0.863
hard_filter,3944,9,0,0,1,0.8543
hard_filter,3322,9,0,0,1,0.8668
hard_filter,2663,9,0,0,1,0.9563
hard_filter,4220,9,0,0,1,0.848
hard_filter,3216,9,0,0,1,0.8409
hard_filter,3975,9,0,0,1,0.8447
hard_filter,2971,9,0,0,1,0.855
hard_filter,4667,9,0,0,1,0.8563
hard_filter,3835,9,0,0,1,0.8647
hard_filter,3906,9,0,0,1,0.845
hard_filter,3476,9,0,0,1,0.8627
hard_filter,4386,9,0,0,1,0.8623
hard_filter,2530,9,0,0,1,0.8605
hard_filter,4654,9,0,0,1,0.9409
hard_filter,4207,9,0,0,1,0.8571
hard_filter,3959,9,0,0,1,0.8567
hard_filter,3276,9,0,0,1,0.8525
hard_filter,3391,9,0,0,1,0.9389
hard_filter,4954,9,0,0,1,0.8616
hard_filter,3418,9,0,0,1,0.8627
hard_filter,4469,9,0,0,1,0.8623
hard_filter,3125,9,0,0,1,0.855
hard_filter,3947,9,0,0,1,0.858
hard_filter,3808,9,0,0,1,0.8551
hard_filter,2651,9,0,0,1,0.9409
hard_filter,4607,9,0,0,1,0.8531
hard_filter,4894,9,0,0,1,0.9427
hard_filter,2252,9,0,1,0,0.0
hard_filter,3214,9,0,0,1,0.9389
hard_filter,4218,9,0,0,1,0.8447
hard_filter,3011,9,0,0,1,0.8563
hard_filter,4433,9,0,0,1,0.9551
hard_filter,3235,9,0,0,1,0.8623
hard_filter,4216,9,0,0,1,0.948
hard_filter,3656,9,0,0,1,0.8595
hard_filter,4314,9,0,0,1,0.8605
hard_filter,3316,9,0,0,1,0.8647
hard_filter,4348,9,0,0,1,0.8567
hard_filter,4208,9,0,0,1,0.8563
hard_filter,4858,9,0,0,1,0.8543
hard_filter,2824,9,0,0,1,0.8648
hard_filter,4832,9,0,0,1,0.863
hard_filter,1797,10,1,1,1,0.5143
hard_filter,4610,10,0,0,1,0.8647
hard_filter,1656,10,1,1,1,0.535
hard_filter,3310,10,0,0,1,0.846
hard_filter,4618,10,0,0,1,0.8623
hard_filter,4426,10,0,0,1,0.8563
hard_filter,2608,10,0,0,1,0.8551
hard_filter,3335,10,0,0,1,0.8442
hard_filter,4178,10,0,0,1,0.8647
hard_filter,3938,10,0,0,1,0.8647
hard_filter,4880,10,0,0,1,0.8634
hard_filter,4478,10,0,0,1,0.8623
hard_filter,4636,10,0,0,1,0.9498
hard_filter,3691,10,0,0,1,0.9409
hard_filter,3521,10,0,0,1,0.8623
hard_filter,2539,10,0,0,1,0.8647
hard_filter,4571,10,0,0,1,0.8647
hard_filter,3755,10,0,0,1,0.8647
hard_filter,3219,10,0,0,1,0.8647
hard_filter,663,10,1,1,1,0.635
hard_filter,4992,10,0,0,1,0.8623
hard_filter,4462,10,0,0,1,0.8647
hard_filter,2674,10,0,0,1,0.8647
hard_filter,4638,10,0,0,1,0.8647
hard_filter,3074,10,0,0,1,0.84
hard_filter,2508,10,0,0,1,0.845
hard_filter,4200,10,0,0,1,0.8567
hard_filter,4857,10,0,0,1,0.9614
hard_filter,3000,10,0,0,1,0.8647
hard_filter,2897,10,0,0,1,0.8596
hard_filter,2526,10,0,0,1,0.855
hard_filter,3469,10,0,0,1,0.8694
hard_filter,2840,10,0,0,1,0.8337
hard_filter,2865,10,0,0,1,0.8702
hard_filter,4370,10,0,0,1,0.9266
hard_filter,4217,10,0,0,1,0.948
hard_filter,4148,10,0,0,1,0.8563
hard_filter,23,10,1,1,1,0.6977
hard_filter,4342,10,0,0,1,0.846
hard_filter,2790,10,0,0,1,0.8647
hard_filter,4657,10,0,0,1,0.948
hard_filter,4485,10,0,0,1,0.9409
hard_filter,4782,10,0,0,1,0.8647
hard_filter,3692,10,0,0,1,0.846
hard_filter,4439,10,0,0,1,0.948
hard_filter,4085,10,0,0,1,0.853
hard_filter,3141,10,0,0,1,0.9551
hard_filter,4513,10,0,0,1,0.8557
hard_filter,1849,10,1,1,1,0.665
hard_filter,2065,10,1,1,1,0.6038
hard_filter,2575,11,0,0,1,0.8563
hard_filter,1317,11,1,1,1,0.7185
hard_filter,967,11,1,1,1,0.535
hard_filter,1258,11,0,1,0,0.865
hard_filter,1918,11,0,1,0,0.0
hard_filter,1278,11,1,1,1,0.638
hard_filter,4492,11,0,0,1,0.845
hard_filter,1664,11,0,1,0,0.0
hard_filter,3105,11,0,0,1,0.848
hard_filter,2511,11,0,0,1,0.843
hard_filter,4410,11,0,0,1,0.8525
hard_filter,3139,11,0,0,1,0.848
hard_filter,3176,11,0,0,1,0.853
hard_filter,4309,11,0,0,1,0.8647
hard_filter,2966,11,0,0,1,0.8447
hard_filter,4404,11,0,0,1,0.8595
hard_filter,3173,11,0,0,1,0.848
hard_filter,3168,11,0,0,1,0.858
hard_filter,2836,11,0,0,1,0.0
hard_filter,4671,11,0,0,1,0.8623
hard_filter,3892,11,0,0,1,0.858
hard_filter,1139,11,0,1,0,0.9445
hard_filter,3714,11,0,0,1,0.9627
hard_filter,3825,11,0,0,1,0.8575
hard_filter,2043,11,0,1,0,0.9438
hard_filter,3884,11,0,0,1,0.8647
hard_filter,4625,11,0,0,1,0.8575
hard_filter,3703,11,0,0,1,0.863
hard_filter,3908,11,0,0,1,0.8647
hard_filter,3506,11,0,0,1,0.836
hard_filter,3723,11,0,0,1,0.8668
hard_filter,4354,11,0,0,1,0.8616
hard_filter,4888,11,0,0,1,0.9551
hard_filter,3952,11,0,0,1,0.8531
hard_filter,4641,11,0,0,1,0.9344
hard_filter,2618,11,0,0,1,0.8647
hard_filter,3414,11,0,0,1,0.8612
hard_filter,4953,11,0,0,1,0.918
hard_filter,3348,11,0,0,1,0.8647
hard_filter,3500,11,0,0,1,0.0
hard_filter,2683,11,0,0,1,0.8623
hard_filter,4855,11,0,0,1,0.94
hard_filter,1944,11,1,1,1,0.5636
hard_filter,1814,11,0,1,0,0.5144
hard_filter,2630,11,0,0,1,0.8531
hard_filter,3461,11,0,0,1,0.8636
hard_filter,4093,11,0,0,1,0.9447
hard_filter,3496,11,0,0,1,0.9447
hard_filter,3407,11,0,0,1,0.8647
hard_filter,583,11,1,1,1,0.6873
hard_filter,2108,12,0,1,0,0.0
hard_filter,1229,12,1,1,1,0.656
hard_filter,3077,12,0,0,1,0.6314
hard_filter,3532,12,0,0,1,0.858
hard_filter,3660,12,0,0,1,0.8511
hard_filter,1510,12,0,1,0,0.0
hard_filter,929,12,0,1,0,0.5
hard_filter,2164,12,1,1,1,0.606
hard_filter,3661,12,0,0,1,0.853
hard_filter,4124,12,0,0,1,0.0
hard_filter,2517,12,0,0,1,0.8551
hard_filter,4048,12,0,0,1,0.8543
hard_filter,181,12,1,1,1,0.6187
hard_filter,4123,12,0,0,1,0.8694
hard_filter,1494,12,1,1,1,0.665
hard_filter,3659,12,0,0,1,0.8668
hard_filter,4555,12,0,0,1,0.8647
hard_filter,3673,12,0,0,1,0.8595
hard_filter,4356,12,0,0,1,0.9551
hard_filter,3751,12,0,0,1,0.8605
hard_filter,4678,12,0,0,1,0.8605
hard_filter,3523,12,0,0,1,0.8605
hard_filter,4536,12,0,0,1,0.8531
hard_filter,4042,12,0,0,1,0.8634
hard_filter,2669,12,0,0,1,0.858
hard_filter,2934,12,0,0,1,0.8647
hard_filter,3201,12,0,0,1,0.8647
hard_filter,3288,12,0,0,1,0.9531
hard_filter,3803,12,0,0,1,0.9733
hard_filter,3489,12,0,0,1,0.8642
hard_filter,2928,12,0,0,1,0.9367
hard_filter,3248,12,0,0,1,0.8551
hard_filter,4748,12,0,0,1,0.946
hard_filter,4714,12,0,0,1,0.9233
hard_filter,2614,12,0,0,1,0.9694
hard_filter,4175,12,0,0,1,0.8623
hard_filter,2287,12,1,1,1,0.5977
hard_filter,3030,12,0,0,1,0.8647
hard_filter,3644,12,0,0,1,0.946
hard_filter,2691,12,0,0,1,0.8603
hard_filter,4047,12,0,0,1,0.5303
hard_filter,2778,12,0,0,1,0.8627
hard_filter,700,12,1,1,1,0.6274
hard_filter,2476,12,0,1,0,0.0
hard_filter,4182,12,0,0,1,0.8623
hard_filter,1113,12,1,1,1,0.6663
hard_filter,3389,12,0,0,1,0.8551
hard_filter,3586,12,0,0,1,0.8591
hard_filter,3977,12,0,0,1,0.8623
hard_filter,1330,12,1,1,1,0.7487
hard_filter,415,13,0,1,0,0.9427
hard_filter,1097,13,1,1,1,0.565
hard_filter,397,13,1,1,1,0.6203
hard_filter,3066,13,0,0,1,0.8337
hard_filter,1365,13,0,1,0,0.0
hard_filter,3798,13,0,0,1,0.5225
hard_filter,2409,13,1,1,1,0.6628
hard_filter,4394,13,0,0,1,0.0
hard_filter,4441,13,0,0,1,0.848
hard_filter,2945,13,0,0,1,0.8551
hard_filter,736,13,1,1,1,0.656
hard_filter,933,13,0,1,0,0.94
hard_filter,2866,13,0,0,1,0.8623
hard_filter,2814,13,0,0,1,0.8647
hard_filter,4292,13,0,0,1,0.8647
hard_filter,2166,13,0,1,0,0.0
hard_filter,552,13,0,1,0,0.8567
hard_filter,4795,13,0,0,1,0.8591
hard_filter,2993,13,0,0,1,0.868
hard_filter,250,13,0,1,0,0.9367
hard_filter,2699,13,0,0,1,0.9447
hard_filter,4226,13,0,0,1,0.9551
hard_filter,2750,13,0,0,1,0.8551
hard_filter,2535,13,0,0,1,0.8595
hard_filter,362,13,1,1,1,0.656
hard_filter,4987,13,0,0,1,0.8567
hard_filter,3547,13,0,0,1,0.8616
hard_filter,4985,13,0,0,1,0.8647
hard_filter,860,13,0,1,0,0.8543
hard_filter,4702,13,0,0,1,0.8591
hard_filter,3591,13,0,0,1,0.948
hard_filter,3634,13,0,0,1,0.8627
hard_filter,943,13,0,1,0,0.0
hard_filter,4739,13,0,0,1,0.0
hard_filter,3433,13,0,0,1,0.8551
hard_filter,1832,13,0,1,0,0.0
hard_filter,1911,13,0,1,0,0.0
hard_filter,912,13,0,1,0,0.0
hard_filter,615,13,0,1,0,0.0
hard_filter,3234,13,0,0,1,0.8627
hard_filter,4465,13,0,0,1,0.0
hard_filter,3620,13,0,0,1,0.8585
hard_filter,1014,13,0,1,0,0.9445
hard_filter,2797,13,0,0,1,0.971
hard_filter,4986,13,0,0,1,0.863
hard_filter,4374,13,0,0,1,0.9365
hard_filter,4305,13,0,0,1,0.8627
hard_filter,3748,13,0,0,1,0.835
hard_filter,3777,13,0,0,1,0.863
hard_filter,927,13,1,1,1,0.6917
hard_filter,369,14,0,1,0,0.948
hard_filter,59,14,0,1,0,0.8567
hard_filter,422,14,0,1,0,0.9338
hard_filter,755,14,0,1,0,0.8367
hard_filter,760,14,0,1,0,0.9627
hard_filter,481,14,1,1,1,0.6977
hard_filter,524,14,0,1,0,0.946
hard_filter,370,14,0,1,0,0.9471
hard_filter,584,14,1,1,1,0.8124
hard_filter,4121,14,0,0,1,0.8567
hard_filter,826,14,0,1,0,0.946
hard_filter,183,14,0,1,0,0.5189
hard_filter,745,14,0,1,0,0.9442
hard_filter,518,14,0,1,0,0.8556
hard_filter,156,14,0,1,0,0.0
hard_filter,66,14,1,1,1,0.6083
hard_filter,86,14,0,1,0,0.8585
hard_filter,2187,14,0,1,0,0.0
hard_filter,284,14,0,1,0,0.0
hard_filter,754,14,0,1,0,0.8471
hard_filter,750,14,0,1,0,0.94
hard_filter,190,14,1,1,1,0.506
hard_filter,4127,14,0,0,1,0.8498
hard_filter,4632,14,0,0,1,0.846
hard_filter,448,14,0,1,0,0.58
hard_filter,4010,14,0,0,1,0.8647
hard_filter,4005,14,0,0,1,0.8424
hard_filter,4248,14,0,0,1,0.8563
hard_filter,763,14,0,1,0,0.5191
hard_filter,916,14,0,1,0,0.8543
hard_filter,4284,14,0,0,1,0.8596
hard_filter,4078,14,0,0,1,0.8563
hard_filter,305,14,1,1,1,0.6873
hard_filter,816,14,0,1,0,0.9447
hard_filter,4926,14,0,0,1,0.8355
hard_filter,10,14,0,1,0,0.0
hard_filter,4680,14,0,0,1,0.8551
hard_filter,118,14,0,1,0,0.0
hard_filter,3739,14,0,0,1,0.948
hard_filter,1446,14,0,1,0,0.0
hard_filter,2636,14,0,0,1,0.8623
hard_filter,3058,14,0,0,1,0.9525
hard_filter,3737,14,0,0,1,0.8605
hard_filter,3685,14,0,0,1,0.946
hard_filter,4369,14,0,0,1,0.948
hard_filter,4186,14,0,0,1,0.9409
hard_filter,3061,14,0,0,1,0.9837
hard_filter,85,14,1,1,1,0.6282
hard_filter,2690,14,0,0,1,0.8647
hard_filter,2967,14,0,0,1,0.8593
hard_filter,1093,15,1,1,1,0.571
hard_filter,1058,15,1,1,1,0.6977
hard_filter,1266,15,1,1,1,0.656
hard_filter,1253,15,1,1,1,0.6917
hard_filter,2025,15,0,1,0,0.95
hard_filter,1559,15,0,1,0,0.83
hard_filter,2334,15,1,1,1,0.0
hard_filter,1409,15,0,1,0,0.94
hard_filter,1153,15,0,1,0,0.9398
hard_filter,612,15,1,1,1,0.535
hard_filter,1854,15,0,1,0,0.526
hard_filter,995,15,0,1,0,0.9447
hard_filter,1523,15,0,1,0,0.9307
hard_filter,1864,15,1,1,1,0.659
hard_filter,2661,15,0,0,1,0.9627
hard_filter,2272,15,0,1,0,0.9329
hard_filter,4941,15,0,0,1,0.0
hard_filter,2004,15,0,1,0,0.0
hard_filter,3048,15,0,0,1,0.861
hard_filter,2917,15,0,0,1,0.8543
hard_filter,2938,15,0,0,1,0.9505
hard_filter,2841,15,0,0,1,0.948
hard_filter,4007,15,0,0,1,0.9447
hard_filter,1112,15,0,1,0,0.0
hard_filter,327,15,1,1,1,0.6707
hard_filter,4052,15,0,0,1,0.8563
hard_filter,4719,15,0,0,1,0.8647
hard_filter,4413,15,0,0,1,0.8543
hard_filter,2757,15,0,0,1,0.8433
hard_filter,2864,15,0,0,1,0.9694
hard_filter,4738,15,0,0,1,0.8636
hard_filter,2583,15,0,0,1,0.946
hard_filter,4287,15,0,0,1,0.9409
hard_filter,3937,15,0,0,1,0.956
hard_filter,3203,15,0,0,1,0.948
hard_filter,2986,15,0,0,1,0.8623
hard_filter,4794,15,0,0,1,0.8543
hard_filter,1770,15,1,1,1,0.656
hard_filter,3051,15,0,0,1,0.9447
hard_filter,3883,15,0,0,1,0.601
hard_filter,3731,15,0,0,1,0.863
hard_filter,2995,15,0,0,1,0.946
hard_filter,2637,15,0,0,1,0.938
hard_filter,2703,15,0,0,1,0.9409
hard_filter,4996,15,0,0,1,0.9285
hard_filter,3343,15,0,0,1,0.9329
hard_filter,3177,15,0,0,1,0.948
hard_filter,4298,15,0,0,1,0.9525
hard_filter,4543,15,0,0,1,0.8647
hard_filter,3333,16,0,0,1,0.6354
hard_filter,1820,16,0,1,0,0.0
hard_filter,3913,16,0,0,1,0.8429
hard_filter,2422,16,1,1,1,0.656
hard_filter,732,16,1,1,1,0.6945
hard_filter,1699,16,0,1,0,0.0
hard_filter,1682,16,0,1,0,0.84
hard_filter,1781,16,0,1,0,0.8567
hard_filter,703,16,1,1,1,0.5977
hard_filter,1416,16,0,1,0,0.0
hard_filter,2594,16,0,0,1,0.8563
hard_filter,2964,16,0,0,1,0.8623
hard_filter,2878,16,0,0,1,0.8567
hard_filter,408,16,0,1,0,0.9567
hard_filter,3451,16,0,0,1,0.0
hard_filter,2842,16,0,0,1,0.848
hard_filter,2632,16,0,0,1,0.846
hard_filter,3111,16,0,0,1,0.8543
hard_filter,2838,16,0,0,1,0.94
hard_filter,4776,16,0,0,1,0.863
hard_filter,3305,16,0,0,1,0.8603
hard_filter,2823,16,0,0,1,0.8591
hard_filter,4475,16,0,0,1,0.8543
hard_filter,1971,16,1,1,1,0.6587
hard_filter,3855,16,0,0,1,0.8662
hard_filter,3839,16,0,0,1,0.8563
hard_filter,2890,16,0,0,1,0.8623
hard_filter,4818,16,0,0,1,0.8543
hard_filter,3171,16,0,0,1,0.8605
hard_filter,3881,16,0,0,1,0.9404
hard_filter,3046,16,0,0,1,0.8662
hard_filter,2829,16,0,0,1,0.8647
hard_filter,2098,16,1,1,1,0.635
hard_filter,3081,16,0,0,1,0.8605
hard_filter,4346,16,0,0,1,0.926
hard_filter,160,16,1,1,1,0.5993
hard_filter,2979,16,0,0,1,0.8505
hard_filter,3359,16,0,0,1,0.8647
hard_filter,2854,16,0,0,1,0.8674
hard_filter,4736,16,0,0,1,0.8647
hard_filter,1140,16,1,1,1,0.7328
hard_filter,3170,16,0,0,1,0.846
hard_filter,2868,16,0,0,1,0.8668
hard_filter,4560,16,0,0,1,0.8536
hard_filter,3897,16,0,0,1,0.946
hard_filter,12,16,0,1,0,0.9445
hard_filter,3073,16,0,0,1,0.8662
hard_filter,2910,16,0,0,1,0.84
hard_filter,621,16,1,1,1,0.656
hard_filter,573,16,0,1,0,0.8471
hard_filter,68,17,0,1,0,0.94
hard_filter,3756,17,0,0,1,0.9505
hard_filter,1461,17,1,1,1,0.7887
hard_filter,2325,17,1,1,1,0.55
hard_filter,3416,17,0,0,1,0.8623
hard_filter,550,17,1,1,1,0.6365
hard_filter,795,17,1,1,1,0.506
hard_filter,220,17,0,1,0,0.94
hard_filter,1790,17,0,1,0,0.9456
hard_filter,356,17,1,1,1,0.6977
hard_filter,315,17,1,1,1,0.6663
hard_filter,603,17,0,1,0,0.8592
hard_filter,3458,17,0,0,1,0.0
hard_filter,333,17,1,1,1,0.6203
hard_filter,4128,17,0,0,1,0.9471
hard_filter,2070,17,1,1,1,0.585
hard_filter,4244,17,0,0,1,0.0
hard_filter,400,17,0,1,0,0.0
hard_filter,4617,17,0,0,1,0.848
hard_filter,4057,17,0,0,1,0.9647
hard_filter,4051,17,0,0,1,0.8543
hard_filter,4578,17,0,0,1,0.9409
hard_filter,1392,17,1,1,1,0.8093
hard_filter,2908,17,0,0,1,0.8623
hard_filter,128,17,0,1,0,0.0
hard_filter,1940,17,1,1,1,0.656
hard_filter,4445,17,0,0,1,0.8647
hard_filter,3008,17,0,0,1,0.9409
hard_filter,1018,17,0,1,0,0.0
hard_filter,4464,17,0,0,1,0.8563
hard_filter,3847,17,0,0,1,0.8623
hard_filter,2245,17,1,1,1,0.635
hard_filter,4090,17,0,0,1,0.8647
hard_filter,2500,17,0,0,1,0.8642
hard_filter,3890,17,0,0,1,0.863
hard_filter,4247,17,0,0,1,0.8668
hard_filter,4599,17,0,0,1,0.873
hard_filter,2708,17,0,0,1,0.8571
hard_filter,4559,17,0,0,1,0.8551
hard_filter,2591,17,0,0,1,0.8647
hard_filter,2562,17,0,0,1,0.8668
hard_filter,685,17,1,1,1,0.556
hard_filter,2793,17,0,0,1,0.8647
hard_filter,60,17,0,1,0,0.8592
hard_filter,4025,17,0,0,1,0.9345
hard_filter,2941,17,0,0,1,0.8668
hard_filter,1878,17,1,1,1,0.5993
hard_filter,3267,17,0,0,1,0.8543
hard_filter,3888,17,0,0,1,0.866
hard_filter,962,18,1,1,1,0.6127
hard_filter,971,18,0,1,0,0.0
hard_filter,3655,18,0,0,1,0.6171
hard_filter,323,18,0,1,0,0.94
hard_filter,631,18,0,1,0,0.0
hard_filter,414,18,1,1,1,0.0
hard_filter,1111,18,1,1,1,0.671
hard_filter,1951,18,1,1,1,0.7065
hard_filter,137,18,1,1,1,0.5962
hard_filter,1277,18,1,1,1,0.556
hard_filter,696,18,0,1,0,0.5
hard_filter,2299,18,0,1,0,0.8746
hard_filter,2370,18,1,1,1,0.656
hard_filter,464,18,1,1,1,0.656
hard_filter,4484,18,0,0,1,0.5267
hard_filter,297,18,1,1,1,0.635
hard_filter,796,18,1,1,1,0.656
hard_filter,155,18,1,1,1,0.556
hard_filter,1532,18,1,1,1,0.6977
hard_filter,611,18,1,1,1,0.5725
hard_filter,4645,18,0,0,1,0.9442
hard_filter,1203,18,1,1,1,0.635
hard_filter,4724,18,0,0,1,0.863
hard_filter,4039,18,0,0,1,0.8623
hard_filter,1321,18,1,1,1,0.5725
hard_filter,2170,18,0,1,0,0.0
hard_filter,2989,18,0,0,1,0.8647
hard_filter,3640,18,0,0,1,0.8647
hard_filter,4733,18,0,0,1,0.8647
hard_filter,3744,18,0,0,1,0.8571
hard_filter,4809,18,0,0,1,0.8623
hard_filter,738,18,0,1,0,0.5323
hard_filter,540,18,1,1,1,0.6975
hard_filter,3300,18,0,0,1,0.8623
hard_filter,849,18,1,1,1,0.6707
hard_filter,476,18,1,1,1,0.735
hard_filter,2765,18,0,0,1,0.8567
hard_filter,3642,18,0,0,1,0.8623
hard_filter,4278,18,0,0,1,0.8668
hard_filter,4749,18,0,0,1,0.8634
hard_filter,4652,18,0,0,1,0.8694
hard_filter,4076,18,0,0,1,0.9285
hard_filter,2996,18,0,0,1,0.8614
hard_filter,1858,18,0,1,0,0.855
hard_filter,4969,18,0,0,1,0.0
hard_filter,1778,18,0,1,0,0.5288
hard_filter,2172,18,1,1,1,0.6072
hard_filter,3636,18,0,0,1,0.8647
hard_filter,3925,18,0,0,1,0.8605
hard_filter,1830,18,0,1,0,0.0
hard_filter,558,19,1,1,1,0.6275
hard_filter,786,19,1,1,1,0.606
hard_filter,455,19,1,1,1,0.6977
hard_filter,733,19,1,1,1,0.6977
hard_filter,1702,19,0,1,0,0.8525
hard_filter,607,19,1,1,1,0.7227
hard_filter,96,19,1,1,1,0.685
hard_filter,468,19,1,1,1,0.665
hard_filter,1775,19,1,1,1,0.6977
hard_filter,1029,19,0,1,0,0.9335
hard_filter,2013,19,1,1,1,0.702
hard_filter,259,19,1,1,1,0.7064
hard_filter,613,19,1,1,1,0.5917
hard_filter,1066,19,1,1,1,0.6025
hard_filter,1096,19,1,1,1,0.7707
hard_filter,1514,19,1,1,1,0.6157
hard_filter,56,19,1,1,1,0.6917
hard_filter,979,19,1,1,1,0.565
hard_filter,1921,19,0,1,0,0.7262
hard_filter,398,19,1,1,1,0.574
hard_filter,454,19,1,1,1,0.6838
hard_filter,78,19,1,1,1,0.656
hard_filter,1006,19,1,1,1,0.656
hard_filter,1731,19,1,1,1,0.635
hard_filter,1428,19,0,1,0,0.0
hard_filter,949,19,1,1,1,0.5725
hard_filter,1476,19,1,1,1,0.6975
hard_filter,496,19,1,1,1,0.635
hard_filter,22,19,1,1,1,0.5248
hard_filter,728,19,0,1,0,0.5067
hard_filter,2066,19,1,1,1,0.6248
hard_filter,1680,19,0,1,0,0.9531
hard_filter,1616,19,1,1,1,0.5143
hard_filter,2270,19,0,1,0,0.0
hard_filter,72,19,0,1,0,0.0
hard_filter,235,19,1,1,1,0.5636
hard_filter,441,19,1,1,1,0.5636
hard_filter,1957,19,1,1,1,0.61
hard_filter,2048,19,0,1,0,0.865
hard_filter,239,19,1,1,1,0.656
hard_filter,683,19,0,1,0,0.8408
hard_filter,1412,19,0,1,0,0.0
hard_filter,1280,19,1,1,1,0.6248
hard_filter,2242,19,0,1,0,0.95
hard_filter,1016,19,0,1,0,0.8567
hard_filter,490,19,0,1,0,0.8507
hard_filter,93,19,1,1,1,0.585
hard_filter,968,19,1,1,1,0.6767
hard_filter,4371,19,0,0,1,0.8694
hard_filter,1460,19,0,1,0,0.0
hard_filter,767,20,1,1,1,0.6337
hard_filter,2490,20,1,1,1,0.656
hard_filter,483,20,1,1,1,0.6203
hard_filter,2327,20,1,1,1,0.615
hard_filter,2246,20,1,1,1,0.801
hard_filter,2473,20,1,1,1,0.6917
hard_filter,2206,20,1,1,1,0.6962
hard_filter,699,20,1,1,1,0.6962
hard_filter,2304,20,0,1,0,0.0
hard_filter,2424,20,1,1,1,0.706
hard_filter,164,20,1,1,1,0.5977
hard_filter,2848,20,0,0,1,0.9355
hard_filter,2088,20,0,1,0,0.8483
hard_filter,221,20,1,1,1,0.665
hard_filter,1834,20,1,1,1,0.665
hard_filter,2411,20,1,1,1,0.5977
hard_filter,4134,20,0,0,1,0.8543
hard_filter,829,20,0,1,0,0.0
hard_filter,1194,20,1,1,1,0.6962
hard_filter,2109,20,1,1,1,0.6248
hard_filter,2365,20,1,1,1,0.635
hard_filter,4546,20,0,0,1,0.511
hard_filter,1436,20,1,1,1,0.7274
hard_filter,2487,20,1,1,1,0.7707
hard_filter,2427,20,1,1,1,0.6282
hard_filter,1627,20,1,1,1,0.7364
hard_filter,4224,20,0,0,1,0.8623
hard_filter,1095,20,1,1,1,0.6293
hard_filter,2744,20,0,0,1,0.948
hard_filter,986,20,1,1,1,0.5817
hard_filter,3386,20,0,0,1,0.8518
hard_filter,2640,20,0,0,1,0.9329
hard_filter,3856,20,0,0,1,0.858
hard_filter,1027,20,1,1,1,0.6143
hard_filter,2946,20,0,0,1,0.853
hard_filter,1794,20,1,1,1,0.656
hard_filter,4358,20,0,0,1,0.8636
hard_filter,765,20,1,1,1,0.5725
hard_filter,549,20,1,1,1,0.6185
hard_filter,4966,20,0,0,1,0.8536
hard_filter,4819,20,0,0,1,0.8623
hard_filter,191,20,0,1,0,0.5233
hard_filter,1236,20,0,1,0,0.84
hard_filter,1061,20,0,1,0,0.0
hard_filter,4835,20,0,0,1,0.848
hard_filter,1349,20,1,1,1,0.5993
hard_filter,495,20,0,1,0,0.9483
hard_filter,2414,20,1,1,1,0.6332
hard_filter,2275,20,1,1,1,0.5993
hard_filter,2314,20,1,1,1,0.6067
hard_filter,1188,21,0,1,0,0.0
hard_filter,771,21,0,1,0,0.0
hard_filter,71,21,1,1,1,0.665
hard_filter,1946,21,0,1,0,0.0
hard_filter,1329,21,1,1,1,0.665
hard_filter,661,21,0,1,0,0.0
hard_filter,300,21,0,1,0,0.0
hard_filter,2,21,1,1,1,0.7116
hard_filter,1250,21,1,1,1,0.7047
hard_filter,1307,21,1,1,1,0.6977
hard_filter,4429,21,0,0,1,0.9647
hard_filter,19,21,1,1,1,0.665
hard_filter,17,21,0,1,0,0.53
hard_filter,4728,21,0,0,1,0.9447
hard_filter,94,21,1,1,1,0.665
hard_filter,195,21,1,1,1,0.665
hard_filter,4896,21,0,0,1,0.8647
hard_filter,4596,21,0,0,1,0.8591
hard_filter,3076,21,0,0,1,0.9317
hard_filter,1124,21,1,1,1,0.7067
hard_filter,4418,21,0,0,1,0.8397
hard_filter,2051,21,1,1,1,0.6203
hard_filter,3277,21,0,0,1,0.848
hard_filter,1803,21,0,1,0,0.0
hard_filter,3563,21,0,0,1,0.8623
hard_filter,1309,21,1,1,1,0.5993
hard_filter,1861,21,1,1,1,0.6721
hard_filter,2386,21,1,1,1,0.5383
hard_filter,1576,21,1,1,1,0.6143
hard_filter,3863,21,0,0,1,0.8616
hard_filter,1438,21,1,1,1,0.6038
hard_filter,1927,21,1,1,1,0.635
hard_filter,406,21,1,1,1,0.69
hard_filter,1888,21,1,1,1,0.6203
hard_filter,522,21,1,1,1,0.0
hard_filter,1086,21,0,1,0,0.855
hard_filter,635,21,1,1,1,0.556
hard_filter,4026,21,0,0,1,0.856
hard_filter,4391,21,0,0,1,0.9404
hard_filter,3806,21,0,0,1,0.9531
hard_filter,2377,21,0,1,0,0.9694
hard_filter,3428,21,0,0,1,0.84
hard_filter,1873,21,0,1,0,0.0
hard_filter,2596,21,0,0,1,0.86
hard_filter,924,21,0,1,0,0.8582
hard_filter,2650,21,0,0,1,0.9355
hard_filter,1876,21,0,1,0,0.9733
hard_filter,3778,21,0,0,1,0.8575
hard_filter,984,21,0,1,0,0.0
hard_filter,3791,21,0,0,1,0.9389
hard_filter,894,22,1,1,1,0.612
hard_filter,2227,22,1,1,1,0.665
hard_filter,429,22,1,1,1,0.635
hard_filter,2315,22,0,1,0,0.0
hard_filter,257,22,1,1,1,0.571
hard_filter,2249,22,1,1,1,0.6372
hard_filter,2276,22,1,1,1,0.6337
hard_filter,581,22,0,1,0,0.8582
hard_filter,2137,22,0,1,0,0.9445
hard_filter,833,22,1,1,1,0.665
hard_filter,1972,22,1,1,1,0.0
hard_filter,1534,22,1,1,1,0.671
hard_filter,6,22,1,1,1,0.631
hard_filter,2356,22,0,1,0,0.0
hard_filter,1204,22,0,1,0,0.9264
hard_filter,1283,22,0,1,0,0.0
hard_filter,30,22,0,1,0,0.0
hard_filter,2295,22,1,1,1,0.6072
hard_filter,1757,22,1,1,1,0.5977
hard_filter,1750,22,0,1,0,0.0
hard_filter,892,22,1,1,1,0.5975
hard_filter,102,22,1,1,1,0.6428
hard_filter,36,22,1,1,1,0.5936
hard_filter,372,22,1,1,1,0.656
hard_filter,758,22,0,1,0,0.0
hard_filter,200,22,1,1,1,0.6072
hard_filter,326,22,1,1,1,0.6248
hard_filter,1867,22,0,1,0,0.8579
hard_filter,494,22,1,1,1,0.6767
hard_filter,922,22,0,1,0,0.0
hard_filter,939,22,1,1,1,0.6428
hard_filter,45,22,0,1,0,0.9367
hard_filter,1606,22,0,1,0,0.8554
hard_filter,4713,22,0,0,1,0.8647
hard_filter,18,22,1,1,1,0.6917
hard_filter,3507,22,0,0,1,0.8702
hard_filter,1999,22,0,1,0,0.8567
hard_filter,1610,22,1,1,1,0.5725
hard_filter,616,22,0,1,0,0.94
hard_filter,3531,22,0,0,1,0.616
hard_filter,1725,22,1,1,1,0.635
hard_filter,1468,22,0,1,0,0.8463
hard_filter,735,22,0,1,0,0.8567
hard_filter,331,22,0,1,0,0.8588
hard_filter,3385,22,0,0,1,0.9233
hard_filter,2426,22,0,1,0,0.0
hard_filter,3760,22,0,0,1,0.8417
hard_filter,2763,22,0,0,1,0.94
hard_filter,1044,22,1,1,1,0.556
hard_filter,2136,22,0,1,0,0.51
hard_filter,1630,23,0,1,0,0.5067
hard_filter,777,23,0,1,0,0.0
hard_filter,1574,23,0,1,0,0.0
hard_filter,594,23,1,1,1,0.5636
hard_filter,1480,23,0,1,0,0.0
hard_filter,2485,23,1,1,1,0.5993
hard_filter,2037,23,0,1,0,0.0
hard_filter,232,23,0,1,0,0.0
hard_filter,2353,23,0,1,0,0.0
hard_filter,1015,23,1,1,1,0.656
hard_filter,1960,23,0,1,0,0.0
hard_filter,874,23,0,1,0,0.0
hard_filter,2379,23,0,1,0,0.9445
hard_filter,1954,23,1,1,1,0.6072
hard_filter,705,23,0,1,0,0.0
hard_filter,729,23,0,1,0,0.0
hard_filter,709,23,0,1,0,0.0
hard_filter,1361,23,1,1,1,0.656
hard_filter,1211,23,0,1,0,0.9367
hard_filter,722,23,1,1,1,0.6038
hard_filter,1863,23,1,1,1,0.6248
hard_filter,1197,23,0,1,0,0.0
hard_filter,1346,23,1,1,1,0.6767
hard_filter,789,23,1,1,1,0.55
hard_filter,153,23,1,1,1,0.535
hard_filter,1953,23,0,1,0,0.8471
hard_filter,491,23,1,1,1,0.505
hard_filter,1543,23,0,1,0,0.0
hard_filter,2054,23,1,1,1,0.635
hard_filter,2143,23,0,1,0,0.0
hard_filter,344,23,1,1,1,0.662
hard_filter,1624,23,1,1,1,0.5846
hard_filter,841,23,0,1,0,0.9471
hard_filter,1679,23,0,1,0,0.94
hard_filter,1069,23,1,1,1,0.6143
hard_filter,1147,23,1,1,1,0.5935
hard_filter,1121,23,0,1,0,0.0
hard_filter,1013,23,1,1,1,0.5636
hard_filter,1220,23,1,1,1,0.5933
hard_filter,1040,23,0,1,0,0.0
hard_filter,1071,23,0,1,0,0.0
hard_filter,3,23,1,1,1,0.6282
hard_filter,1505,23,0,1,0,0.92
hard_filter,620,23,1,1,1,0.6072
hard_filter,1883,23,1,1,1,0.6038
hard_filter,1847,23,1,1,1,0.66
hard_filter,749,23,1,1,1,0.6203
hard_filter,1491,23,1,1,1,0.6203
hard_filter,1447,23,0,1,0,0.0
hard_filter,1411,23,0,1,0,0.5129
hard_filter,492,24,1,1,1,0.556
hard_filter,514,24,1,1,1,0.665
hard_filter,1760,24,0,1,0,0.8582
hard_filter,472,24,1,1,1,0.6707
hard_filter,1902,24,0,1,0,0.8608
hard_filter,80,24,1,1,1,0.6203
hard_filter,1846,24,1,1,1,0.5517
hard_filter,2294,24,0,1,0,0.93
hard_filter,1645,24,1,1,1,0.7885
hard_filter,602,24,1,1,1,0.6337
hard_filter,1398,24,1,1,1,0.6765
hard_filter,2103,24,0,1,0,0.9647
hard_filter,842,24,1,1,1,0.6038
hard_filter,2277,24,1,1,1,0.6707
hard_filter,216,24,1,1,1,0.535
hard_filter,1762,24,0,1,0,0.0
hard_filter,178,24,0,1,0,0.0
hard_filter,980,24,1,1,1,0.6364
hard_filter,914,24,1,1,1,0.5993
hard_filter,1021,24,1,1,1,0.5977
hard_filter,2321,24,1,1,1,0.662
hard_filter,244,24,1,1,1,0.665
hard_filter,134,24,1,1,1,0.6337
hard_filter,498,24,0,1,0,0.8567
hard_filter,2328,24,1,1,1,0.6917
hard_filter,822,24,1,1,1,0.5733
hard_filter,782,24,1,1,1,0.635
hard_filter,652,24,1,1,1,0.585
hard_filter,976,24,0,1,0,0.0
hard_filter,2110,24,1,1,1,0.5432
hard_filter,688,24,1,1,1,0.656
hard_filter,67,24,1,1,1,0.5725
hard_filter,2153,24,1,1,1,0.5143
hard_filter,1179,24,1,1,1,0.5993
hard_filter,2132,24,1,1,1,0.635
hard_filter,2348,24,1,1,1,0.5727
hard_filter,84,24,0,1,0,0.0
hard_filter,2483,24,0,1,0,0.85
hard_filter,2092,24,1,1,1,0.564
hard_filter,1320,24,0,1,0,0.8634
hard_filter,1829,24,1,1,1,0.5993
hard_filter,25,24,0,1,0,0.8337
hard_filter,1934,24,1,1,1,0.5948
hard_filter,1970,24,1,1,1,0.5975
hard_filter,117,24,1,1,1,0.6248
hard_filter,292,24,1,1,1,0.6977
hard_filter,2376,24,1,1,1,0.6007
hard_filter,457,24,1,1,1,0.0
hard_filter,964,24,0,1,0,0.0
hard_filter,1698,24,0,1,0,0.8567
hard_filter,1743,25,0,1,0,0.9329
hard_filter,1671,25,0,1,0,0.0
hard_filter,582,25,0,1,0,0.9445
hard_filter,1485,25,1,1,1,0.6962
hard_filter,459,25,1,1,1,0.606
hard_filter,4935,25,0,0,1,0.0
hard_filter,2464,25,0,1,0,0.61
hard_filter,1513,25,1,1,1,0.662
hard_filter,1345,25,1,1,1,0.656
hard_filter,171,25,1,1,1,0.0
hard_filter,1851,25,1,1,1,0.6917
hard_filter,1168,25,1,1,1,0.7185
hard_filter,1342,25,0,1,0,0.9367
hard_filter,2183,25,1,1,1,0.656
hard_filter,2131,25,1,1,1,0.5203
hard_filter,648,25,1,1,1,0.635
hard_filter,1747,25,1,1,1,0.7072
hard_filter,1649,25,0,1,0,0.85
hard_filter,1734,25,0,1,0,0.9329
hard_filter,764,25,1,1,1,0.5623
hard_filter,393,25,0,1,0,0.8483
hard_filter,1973,25,0,1,0,0.8579
hard_filter,529,25,1,1,1,0.6977
hard_filter,1265,25,1,1,1,0.556
hard_filter,1721,25,1,1,1,0.6203
hard_filter,1890,25,0,1,0,0.9329
hard_filter,1473,25,1,1,1,0.662
hard_filter,317,25,0,1,0,0.9456
hard_filter,1407,25,0,1,0,0.8543
hard_filter,2078,25,1,1,1,0.6038
hard_filter,2418,25,1,1,1,0.656
hard_filter,3598,25,0,0,1,0.8369
hard_filter,1969,25,1,1,1,0.5993
hard_filter,2063,25,1,1,1,0.506
hard_filter,3350,25,0,0,1,0.8354
hard_filter,186,25,0,1,0,0.8567
hard_filter,4514,25,0,0,1,0.61
hard_filter,1533,25,0,1,0,0.0
hard_filter,1566,25,1,1,1,0.7067
hard_filter,1904,25,0,1,0,0.946
hard_filter,1602,25,0,1,0,0.945
hard_filter,3573,25,0,0,1,0.8694
hard_filter,3114,25,0,0,1,0.8516
hard_filter,832,25,1,1,1,0.515
hard_filter,1463,25,0,1,0,0.8511
hard_filter,1712,25,1,1,1,0.7364
hard_filter,839,25,1,1,1,0.7363
hard_filter,251,25,1,1,1,0.565
hard_filter,1134,25,0,1,0,0.5
hard_filter,907,25,0,1,0,0.6205
