row_idx,sample_id,gt,pred,prob_phish,live_round,cum_FN,cum_FP,cum_errors,rolling_f1w_w200,rolling_recall_phish_w200
0,2571,0,0,0.03043404686659911,0,0,0,0,,
1,2685,0,0,0.000489246858778382,0,0,0,0,,
2,2697,0,0,0.001228971786608914,0,0,0,0,,
3,2886,0,0,4.021877140360176e-05,0,0,0,0,,
4,2891,0,0,0.003957782991507663,0,0,0,0,,
5,3121,0,0,5.329237843894164e-06,0,0,0,0,,
6,3319,0,0,0.00010621025189605297,0,0,0,0,,
7,3362,0,0,3.3011081115911635e-05,0,0,0,0,,
8,3379,0,0,0.0011864650116200405,0,0,0,0,,
9,3596,0,0,0.0068516400674112484,0,0,0,0,,
10,3706,0,0,0.0008238078929102242,0,0,0,0,,
11,4031,0,0,5.513010375533409e-05,0,0,0,0,,
12,4131,0,0,1.7190943893151888e-05,0,0,0,0,,
13,4318,0,0,0.0005363109147823538,0,0,0,0,,
14,4547,0,0,1.204377995164882e-05,0,0,0,0,,
15,4750,0,0,0.001018123766972649,0,0,0,0,,
16,4754,0,0,0.014493084373192366,0,0,0,0,,
17,4884,0,0,0.0006158227369854503,0,0,0,0,,
18,4980,0,0,2.1511910140116075e-05,0,0,0,0,,
19,241,1,0,0.005238064767293257,0,1,0,1,,
20,575,1,0,0.0003499345802523118,0,2,0,2,,
21,1468,1,0,0.0022550381685480804,0,3,0,3,,
22,2585,0,0,0.003018898399581602,0,3,0,3,,
23,2655,0,0,0.00023953029565359655,0,3,0,3,,
24,2682,0,0,0.004289862765626352,0,3,0,3,,
25,2843,0,0,0.4488238684208146,0,3,0,3,,
26,2982,0,0,2.3111932647188394e-05,0,3,0,3,,
27,3044,0,0,0.0002773830286692281,0,3,0,3,,
28,3126,0,0,0.00016830853540023135,0,3,0,3,,
29,3208,0,0,0.0008943009802058829,0,3,0,3,,
30,3498,0,0,0.002076041932473076,0,3,0,3,,
31,3559,0,0,0.0016876233368862963,0,3,0,3,,
32,3577,0,0,0.0017181230238690086,0,3,0,3,,
33,3696,0,0,1.7657057396303914e-05,0,3,0,3,,
34,3774,0,0,0.000869387329968629,0,3,0,3,,
35,3782,0,0,0.005071830698438188,0,3,0,3,,
36,3814,0,0,8.563381728839351e-05,0,3,0,3,,
37,3821,0,0,0.0007406738544500236,0,3,0,3,,
38,3866,0,0,0.0023237944376081274,0,3,0,3,,
39,3923,0,0,1.5088370864064297e-05,0,3,0,3,,
40,4022,0,0,0.001956033098789777,0,3,0,3,,
41,4160,0,0,6.736988350884596e-05,0,3,0,3,,
42,4235,0,0,7.3896240725928574e-06,0,3,0,3,,
43,4306,0,0,0.0021675182877582714,0,3,0,3,,
44,4497,0,0,0.00010218068844360967,0,3,0,3,,
45,4697,0,0,0.00010377184237776405,0,3,0,3,,
46,4710,0,0,0.0011657768913222876,0,3,0,3,,
47,4797,0,0,0.004107708726738636,0,3,0,3,,
48,4887,0,0,0.017886604364000032,0,3,0,3,,
49,4920,0,0,0.0009612271381141676,0,3,0,3,,
50,154,1,0,0.0013156287529156364,0,4,0,4,,
51,2437,1,1,0.9994133416442795,0,4,0,4,,
52,2720,0,1,0.9236913197002707,0,4,1,5,,
53,2863,0,0,0.0002201358005555837,0,4,1,5,,
54,2957,0,0,4.631271017271324e-05,0,4,1,5,,
55,3080,0,0,0.0072297029529940745,0,4,1,5,,
56,3108,0,0,0.01834411203890144,0,4,1,5,,
57,3132,0,1,0.7798863948498381,0,4,2,6,,
58,3195,0,0,4.330621573329757e-06,0,4,2,6,,
59,3220,0,0,0.0052761317150192,0,4,2,6,,
60,3274,0,0,0.0008014037154407698,0,4,2,6,,
61,3372,0,0,0.00030365709499065535,0,4,2,6,,
62,3395,0,0,9.171010554246518e-05,0,4,2,6,,
63,3818,0,0,0.05725707045033576,0,4,2,6,,
64,4033,0,0,0.00025897829732301857,0,4,2,6,,
65,4389,0,0,0.00020408505039740097,0,4,2,6,,
66,4415,0,0,0.0002875527308449808,0,4,2,6,,
67,4446,0,0,5.609948887955047e-05,0,4,2,6,,
68,4712,0,0,0.0002760933430872024,0,4,2,6,,
69,4725,0,0,0.00027371302507774893,0,4,2,6,,
70,4876,0,0,2.375710831521055e-05,0,4,2,6,,
71,4946,0,0,0.0002675886958725197,0,4,2,6,,
72,4967,0,0,0.00035814049567210217,0,4,2,6,,
73,31,1,1,0.785755118264194,0,4,2,6,,
74,81,1,1,0.9017454502291762,0,4,2,6,,
75,443,1,0,0.029854148147762338,0,5,2,7,,
76,1164,1,0,0.00032929331702361887,0,6,2,8,,
77,1180,1,0,2.692071359525293e-06,0,7,2,9,,
78,2270,1,0,2.4962846784067584e-05,0,8,2,10,,
79,3633,0,0,0.0003287921186172122,0,8,2,10,,
80,4592,0,0,6.78115561720388e-05,0,8,2,10,,
81,2458,1,0,5.928511746550187e-07,0,9,2,11,,
82,2710,0,0,0.0006638097900795657,0,9,2,11,,
83,2733,0,0,0.0004096596422882296,0,9,2,11,,
84,2888,0,0,1.3066326554541966e-05,0,9,2,11,,
85,2974,0,0,0.0002931214025200264,0,9,2,11,,
86,3024,0,0,0.0018601966677788343,0,9,2,11,,
87,3037,0,1,0.8332078236687807,0,9,3,12,,
88,3082,0,0,0.0002733238231296161,0,9,3,12,,
89,3113,0,0,0.00014637343479549417,0,9,3,12,,
90,3154,0,0,0.000473989723289777,0,9,3,12,,
91,3183,0,0,0.0013322307013419127,0,9,3,12,,
92,3658,0,0,0.0001475370822014846,0,9,3,12,,
93,3815,0,0,6.824605505770186e-05,0,9,3,12,,
94,3980,0,0,2.853536923658539e-06,0,9,3,12,,
95,4114,0,0,0.12510079496829563,0,9,3,12,,
96,4141,0,0,0.000964950773835279,0,9,3,12,,
97,4188,0,0,0.000935678334365008,0,9,3,12,,
98,4198,0,0,2.670479618174721e-06,0,9,3,12,,
99,4337,0,0,6.627097809740724e-05,0,9,3,12,,
100,4381,0,0,0.0003360183004507859,0,9,3,12,,
101,4568,0,0,0.005079686994932791,0,9,3,12,,
102,4647,0,0,0.0031182653428029517,0,9,3,12,,
103,4693,0,0,0.08472695602220777,0,9,3,12,,
104,4716,0,0,0.00010463444835135321,0,9,3,12,,
105,4802,0,0,8.232023336430768e-06,0,9,3,12,,
106,4873,0,0,0.0007383824586693975,0,9,3,12,,
107,4902,0,1,0.9990049207674543,0,9,4,13,,
108,4924,0,0,0.4700633958597466,0,9,4,13,,
109,4993,0,0,6.630852211862344e-05,0,9,4,13,,
110,2595,0,0,0.0001156637133796982,0,9,4,13,,
111,2603,0,0,6.33616900036283e-07,0,9,4,13,,
112,2694,0,0,0.0003862247847526959,0,9,4,13,,
113,2759,0,0,0.0003430837991835811,0,9,4,13,,
114,3179,0,0,8.027760010640106e-05,0,9,4,13,,
115,3364,0,0,0.002438520725380749,0,9,4,13,,
116,3579,0,0,0.029271953369564424,0,9,4,13,,
117,3626,0,0,0.00015717550103587353,0,9,4,13,,
118,3698,0,0,0.002366671518497699,0,9,4,13,,
119,3928,0,0,0.0007331343593912752,0,9,4,13,,
120,4068,0,0,0.001096179507598979,0,9,4,13,,
121,4179,0,0,1.8736870800926943e-05,0,9,4,13,,
122,4238,0,0,0.0022503659681362446,0,9,4,13,,
123,4251,0,0,5.185042658520006e-05,0,9,4,13,,
124,4259,0,0,0.00023722753168621994,0,9,4,13,,
125,4382,0,0,0.00038861307531068304,0,9,4,13,,
126,4480,0,0,0.003727287421951968,0,9,4,13,,
127,4778,0,0,0.00032594265464256923,0,9,4,13,,
128,4852,0,0,0.0003856672036030225,0,9,4,13,,
129,4904,0,0,0.00029809430467717785,0,9,4,13,,
130,282,1,0,0.0001270166046928838,0,10,4,14,,
131,2792,0,0,0.000743172171682732,0,10,4,14,,
132,2815,0,0,3.605151052485613e-05,0,10,4,14,,
133,2955,0,0,0.001397601333824094,0,10,4,14,,
134,3040,0,0,0.019550537880870068,0,10,4,14,,
135,3266,0,0,0.00018804031347580564,0,10,4,14,,
136,3281,0,0,0.00042606430402924506,0,10,4,14,,
137,3295,0,0,0.0014990243232781578,0,10,4,14,,
138,3302,0,0,0.002245608930186956,0,10,4,14,,
139,3336,0,0,0.0008776438152507882,0,10,4,14,,
140,3415,0,0,0.0006563611470037293,0,10,4,14,,
141,3540,0,0,0.0014726397267839464,0,10,4,14,,
142,3606,0,0,1.0532180658457712e-05,0,10,4,14,,
143,3828,0,0,0.0020212822667841058,0,10,4,14,,
144,3900,0,1,0.9494638902821391,0,10,5,15,,
145,3939,0,0,0.00020309734353981772,0,10,5,15,,
146,3974,0,0,2.9923044891769197e-05,0,10,5,15,,
147,4011,0,1,0.6407322433150222,0,10,6,16,,
148,4065,0,0,0.0010332780017928704,0,10,6,16,,
149,4107,0,0,0.0009420687109239772,1,10,6,16,,
150,4122,0,0,0.00039694538436868386,1,10,6,16,,
151,4130,0,0,0.00044189011184568133,1,10,6,16,,
152,4137,0,0,6.300236826391354e-06,1,10,6,16,,
153,4229,0,0,0.0004066695203555404,1,10,6,16,,
154,4264,0,0,0.005128985300066681,1,10,6,16,,
155,4416,0,0,0.00024769327579689514,1,10,6,16,,
156,4763,0,0,0.0006961080249546196,1,10,6,16,,
157,4780,0,0,7.516084403753787e-06,1,10,6,16,,
158,4807,0,0,6.465542059048094e-05,1,10,6,16,,
159,4999,0,0,0.00044511072875487635,1,10,6,16,,
160,776,1,1,0.9908038602731243,1,10,6,16,,
161,846,1,0,0.007455692509303656,1,11,6,17,,
162,1065,1,0,0.026070230418899627,1,12,6,18,,
163,2758,0,0,0.0024278532252353844,1,12,6,18,,
164,2794,0,0,0.00019933711782335226,1,12,6,18,,
165,2912,0,0,0.00012724826015252317,1,12,6,18,,
166,3116,0,0,0.00040646451904362724,1,12,6,18,,
167,3209,0,0,3.935146401017928e-06,1,12,6,18,,
168,3299,0,0,7.583777585713226e-05,1,12,6,18,,
169,3370,0,0,0.007575455737160802,1,12,6,18,,
170,3646,0,0,0.003176193208199697,1,12,6,18,,
171,3664,0,0,0.007759199924286891,1,12,6,18,,
172,4494,0,0,5.907217464267812e-07,1,12,6,18,,
173,4563,0,1,0.9630386808794674,1,12,7,19,,
174,4803,0,0,0.0007226833250275606,1,12,7,19,,
175,4942,0,0,1.5962320377999152e-05,1,12,7,19,,
176,69,1,0,0.003269674211583038,1,13,7,20,,
177,1419,1,1,0.9988172332479531,1,13,7,20,,
178,1558,1,0,0.11419693382059036,1,14,7,21,,
179,2557,0,0,0.0014334999777722076,1,14,7,21,,
180,2627,0,0,0.0004784514425840656,1,14,7,21,,
181,2665,0,0,0.00042263798745978436,1,14,7,21,,
182,2885,0,0,0.00026916457540070545,1,14,7,21,,
183,2932,0,0,0.0003416909475808588,1,14,7,21,,
184,2959,0,0,4.278966246054326e-05,1,14,7,21,,
185,2987,0,0,0.0005188046696203627,1,14,7,21,,
186,3045,0,0,0.002033696103785294,1,14,7,21,,
187,3093,0,0,0.0010006491559952056,1,14,7,21,,
188,3151,0,0,0.0004681661850879154,1,14,7,21,,
189,3287,0,0,0.003027232950631665,1,14,7,21,,
190,3421,0,0,0.0008121978743420848,1,14,7,21,,
191,3643,0,0,0.0016149632614170643,1,14,7,21,,
192,3686,0,0,0.0005798779933426082,1,14,7,21,,
193,3701,0,0,0.007244173245161581,1,14,7,21,,
194,3750,0,0,0.0004957004897176299,1,14,7,21,,
195,3819,0,0,0.014800344439143768,1,14,7,21,,
196,4133,0,0,0.00010870801711436085,1,14,7,21,,
197,4136,0,0,4.062714764382193e-06,1,14,7,21,,
198,4192,0,0,2.8602998555077633e-05,1,14,7,21,,
199,4231,0,0,0.0007518170649809537,1,14,7,21,0.8841410962496723,0.2631578947368421
200,4322,0,0,0.0007178065265659305,1,14,7,21,0.8841410962496723,0.2631578947368421
201,4676,0,0,0.0061753226322139535,1,14,7,21,0.8841410962496723,0.2631578947368421
202,4881,0,0,3.945924597439936e-05,1,14,7,21,0.8841410962496723,0.2631578947368421
203,39,1,0,0.04304727749139154,1,15,7,22,0.877445652173913,0.25
204,174,1,1,0.973065513203552,1,15,7,22,0.8782610093217614,0.2857142857142857
205,473,1,0,0.0012189429459299765,1,16,7,23,0.8716320939334637,0.2727272727272727
206,568,1,0,0.0002746750310184745,1,17,7,24,0.8649816849816849,0.2608695652173913
207,622,1,0,0.018727502540852193,1,18,7,25,0.8583128583128583,0.25
208,650,1,0,0.05737064809439985,1,19,7,26,0.851628380343123,0.24
209,772,1,0,8.140836304558667e-07,1,20,7,27,0.8449307479224377,0.23076923076923078
210,1038,1,0,0.0015287005179008448,1,21,7,28,0.8382222222222222,0.2222222222222222
211,1041,1,1,0.9993589215174431,1,21,7,28,0.8394040968342645,0.25
212,1080,1,0,2.0409000188390464e-06,1,22,7,29,0.8327555208129763,0.2413793103448276
213,1359,1,0,0.0006139124084036028,1,23,7,30,0.8260980592441265,0.23333333333333334
214,1694,1,0,0.0015287023732261922,1,24,7,31,0.8194334898278561,0.22580645161290322
215,1727,1,0,0.0012221833573855426,1,25,7,32,0.8127634487840826,0.21875
216,2445,1,0,7.651260821283118e-05,1,26,7,33,0.8060894460852269,0.21212121212121213
217,2452,1,0,1.1571030521181014e-05,1,27,7,34,0.7994128787878787,0.20588235294117646
218,2564,0,0,0.0007475178993476113,1,27,7,34,0.7994128787878787,0.20588235294117646
219,2629,0,0,0.005301826239799039,1,27,7,34,0.8060894460852269,0.21212121212121213
220,2639,0,1,0.8958213104912097,1,27,8,35,0.8091326622867822,0.21875
221,2796,0,0,7.871583462520949e-05,1,27,8,35,0.8157897322525177,0.22580645161290322
222,2909,0,0,0.00023953045550273113,1,27,8,35,0.8157897322525177,0.22580645161290322
223,2968,0,0,2.7364211136788728e-05,1,27,8,35,0.8157897322525177,0.22580645161290322
224,2972,0,0,0.0001613794343737016,1,27,8,35,0.8157897322525177,0.22580645161290322
225,3004,0,0,0.0007448653414549438,1,27,8,35,0.8157897322525177,0.22580645161290322
226,3057,0,0,0.0015787844317638588,1,27,8,35,0.8157897322525177,0.22580645161290322
227,3198,0,0,0.0036407059701691505,1,27,8,35,0.8157897322525177,0.22580645161290322
228,3242,0,0,0.002228186451384464,1,27,8,35,0.8157897322525177,0.22580645161290322
229,3275,0,1,0.805241651434236,1,27,9,36,0.8121758784883372,0.22580645161290322
230,3369,0,0,0.004535908549461933,1,27,9,36,0.8121758784883372,0.22580645161290322
231,3429,0,0,0.007145199711917442,1,27,9,36,0.8121758784883372,0.22580645161290322
232,3480,0,0,0.0024448721280221166,1,27,9,36,0.8121758784883372,0.22580645161290322
233,3509,0,0,0.0020802814317980537,1,27,9,36,0.8121758784883372,0.22580645161290322
234,3773,0,0,0.000261163377128523,1,27,9,36,0.8121758784883372,0.22580645161290322
235,3830,0,0,0.032202789124112625,1,27,9,36,0.8121758784883372,0.22580645161290322
236,3879,0,0,0.0001034331779042388,1,27,9,36,0.8121758784883372,0.22580645161290322
237,4112,0,0,0.004466168777319806,1,27,9,36,0.8121758784883372,0.22580645161290322
238,4256,0,0,0.0003902225266920643,1,27,9,36,0.8121758784883372,0.22580645161290322
239,4363,0,0,0.00011953102952345428,1,27,9,36,0.8121758784883372,0.22580645161290322
240,4366,0,0,0.0003843362697424747,1,27,9,36,0.8121758784883372,0.22580645161290322
241,4500,0,0,0.00012767771476008036,1,27,9,36,0.8121758784883372,0.22580645161290322
242,4509,0,0,0.0009971814449915007,1,27,9,36,0.8121758784883372,0.22580645161290322
243,4537,0,0,0.00045518493778438153,1,27,9,36,0.8121758784883372,0.22580645161290322
244,4635,0,0,0.0022946755811529993,1,27,9,36,0.8121758784883372,0.22580645161290322
245,4680,0,1,0.9731743981828306,1,27,10,37,0.8085890151515152,0.22580645161290322
246,4737,0,0,0.0009117268469398381,1,27,10,37,0.8085890151515152,0.22580645161290322
247,4883,0,0,0.0005900570438031445,1,27,10,37,0.8085890151515152,0.22580645161290322
248,4905,0,0,0.006063981388529075,1,27,10,37,0.8085890151515152,0.22580645161290322
249,193,1,0,0.000558599127647968,1,28,10,38,0.801953601953602,0.21875
250,469,1,0,0.0005588373349925596,1,29,10,39,0.801953601953602,0.21875
251,1081,1,0,0.0005603970919701924,1,30,10,40,0.7940909090909091,0.1875
252,1254,1,0,0.004843208407029904,1,31,10,41,0.7908522727272727,0.18181818181818182
253,1430,1,0,0.0002622495274040227,1,32,10,42,0.7841397755683471,0.17647058823529413
254,1517,1,0,0.0005596459656510476,1,33,10,43,0.7774285714285715,0.17142857142857143
255,1520,1,0,0.0002622499633324687,1,34,10,44,0.770719703354121,0.16666666666666666
256,1600,1,0,0.0018000906593773772,1,35,10,45,0.7640141467727675,0.16216216216216217
257,2102,1,0,0.0005562066389155967,1,36,10,46,0.7607427055702918,0.15789473684210525
258,2274,1,0,1.5284928808874523e-05,1,37,10,47,0.7540356696210102,0.15384615384615385
259,2293,1,0,0.0005562188739447787,1,38,10,48,0.747334617854849,0.15
260,2547,0,0,0.2723740082268262,1,38,10,48,0.747334617854849,0.15
261,2570,0,0,0.0008121578370308063,1,38,10,48,0.747334617854849,0.15
262,2646,0,0,0.42743865381983265,1,38,10,48,0.747334617854849,0.15
263,2726,0,0,7.499983211961883e-05,1,38,10,48,0.747334617854849,0.15
264,2784,0,0,0.003370593439197877,1,38,10,48,0.747334617854849,0.15
265,2872,0,0,0.00018805052783795573,1,38,10,48,0.747334617854849,0.15
266,2892,0,0,0.00552149468547301,1,38,10,48,0.747334617854849,0.15
267,2944,0,0,1.2900741584176366e-05,1,38,10,48,0.747334617854849,0.15
268,2975,0,0,1.6973584409701403e-05,1,38,10,48,0.747334617854849,0.15
269,2988,0,0,0.003638554164641056,1,38,10,48,0.747334617854849,0.15
270,3180,0,0,0.0005091944706186825,1,38,10,48,0.747334617854849,0.15
271,3246,0,0,0.06156982787266466,1,38,10,48,0.747334617854849,0.15
272,3495,0,0,2.7045504724766958e-05,1,38,10,48,0.747334617854849,0.15
273,3525,0,0,9.390483202961124e-05,1,38,10,48,0.7453448275862068,0.1282051282051282
274,3805,0,0,0.00016111019665174993,1,38,10,48,0.7432000000000001,0.10526315789473684
275,3877,0,0,0.04617783437973201,1,38,10,48,0.7500046514332229,0.10810810810810811
276,4083,0,0,0.0016560596628517961,1,38,10,48,0.7568181818181818,0.1111111111111111
277,4219,0,0,0.0042307649740674245,1,38,10,48,0.7636399252606836,0.11428571428571428
278,4461,0,0,2.0104674868808446e-05,1,38,10,48,0.7704691721935643,0.11764705882352941
279,4589,0,0,0.002759258085415021,1,38,10,48,0.7704691721935643,0.11764705882352941
280,4679,0,0,0.0017961551546263868,1,38,10,48,0.7704691721935643,0.11764705882352941
281,4703,0,0,0.0035395629315771635,1,38,10,48,0.7773051643192488,0.12121212121212122
282,4928,0,0,0.00043942090793949056,1,38,10,48,0.7773051643192488,0.12121212121212122
283,4989,0,0,0.009763789741036,1,38,10,48,0.7773051643192488,0.12121212121212122
284,1136,1,0,3.2634107812461615e-05,1,39,10,49,0.7704691721935643,0.11764705882352941
285,2554,0,0,0.002572727441138206,1,39,10,49,0.7704691721935643,0.11764705882352941
286,2622,0,0,0.0765896757136076,1,39,10,49,0.7704691721935643,0.11764705882352941
287,2742,0,0,0.0001968416336567321,1,39,10,49,0.7737151799687011,0.11764705882352941
288,2780,0,0,0.0006241675496282675,1,39,10,49,0.7737151799687011,0.11764705882352941
289,2847,0,0,0.0006242132689057158,1,39,10,49,0.7737151799687011,0.11764705882352941
290,3002,0,0,0.0001241002774410256,1,39,10,49,0.7737151799687011,0.11764705882352941
291,3064,0,0,1.141674784368352e-06,1,39,10,49,0.7737151799687011,0.11764705882352941
292,3202,0,0,9.417823311136751e-05,1,39,10,49,0.7737151799687011,0.11764705882352941
293,3207,0,0,0.002383981367602782,1,39,10,49,0.7737151799687011,0.11764705882352941
294,3243,0,0,0.00017002034961052705,1,39,10,49,0.7737151799687011,0.11764705882352941
295,3401,0,0,0.007100907711267534,1,39,10,49,0.7737151799687011,0.11764705882352941
296,3471,0,0,9.08193001470145e-05,1,39,10,49,0.7737151799687011,0.11764705882352941
297,3533,0,0,2.4742146822700143e-06,1,39,10,49,0.7737151799687011,0.11764705882352941
298,3537,0,0,0.00032545586534916786,1,39,10,49,0.7737151799687011,0.11764705882352941
299,3599,0,0,0.0001334813440319581,2,39,10,49,0.7737151799687011,0.11764705882352941
300,3729,0,1,0.9318442941562244,2,39,11,50,0.7704691721935643,0.11764705882352941
301,3754,0,0,3.7101557629462875e-07,2,39,11,50,0.7704691721935643,0.11764705882352941
302,3945,0,0,0.0010384993513431393,2,39,11,50,0.7704691721935643,0.11764705882352941
303,3982,0,0,0.0006800326685822037,2,39,11,50,0.7704691721935643,0.11764705882352941
304,4150,0,0,5.229315570512117e-07,2,39,11,50,0.7704691721935643,0.11764705882352941
305,4211,0,0,0.0004261306773926145,2,39,11,50,0.7704691721935643,0.11764705882352941
306,4315,0,0,0.005006826789775881,2,39,11,50,0.7704691721935643,0.11764705882352941
307,4417,0,0,4.085842129966664e-05,2,39,11,50,0.7737151799687011,0.11764705882352941
308,4468,0,0,9.322466872764393e-07,2,39,11,50,0.7737151799687011,0.11764705882352941
309,4528,0,0,0.0002001916070740602,2,39,11,50,0.7737151799687011,0.11764705882352941
310,4540,0,0,0.017052835870833147,2,39,11,50,0.7737151799687011,0.11764705882352941
311,4548,0,0,0.008711270447098247,2,39,11,50,0.7737151799687011,0.11764705882352941
312,4564,0,0,0.0017849573988735481,2,39,11,50,0.7737151799687011,0.11764705882352941
313,4587,0,0,0.00014512937262761518,2,39,11,50,0.7737151799687011,0.11764705882352941
314,4606,0,0,0.000595032104861476,2,39,11,50,0.7737151799687011,0.11764705882352941
315,4639,0,0,0.0001352665221235169,2,39,11,50,0.7737151799687011,0.11764705882352941
316,4688,0,0,0.00019181888282630822,2,39,11,50,0.7737151799687011,0.11764705882352941
317,4729,0,0,2.8324178190621304e-05,2,39,11,50,0.7737151799687011,0.11764705882352941
318,4760,0,0,0.0035787032896503297,2,39,11,50,0.7737151799687011,0.11764705882352941
319,4779,0,0,3.691854448592131e-06,2,39,11,50,0.7737151799687011,0.11764705882352941
320,4927,0,0,0.004551496616674116,2,39,11,50,0.7737151799687011,0.11764705882352941
321,4939,0,0,0.1675626797119822,2,39,11,50,0.7737151799687011,0.11764705882352941
322,4955,0,0,0.00345749519322382,2,39,11,50,0.7737151799687011,0.11764705882352941
323,51,1,0,1.7400596618620043e-07,2,40,11,51,0.7668754605747974,0.11428571428571428
324,231,1,0,7.977415970243875e-07,2,41,11,52,0.7600433970224821,0.1111111111111111
325,621,1,0,1.9076490709371928e-05,2,42,11,53,0.7532196969696969,0.10810810810810811
326,720,1,0,8.135459019646376e-07,2,43,11,54,0.7464050235478809,0.10526315789473684
327,1298,1,0,0.28422536757356937,2,44,11,55,0.7396,0.10256410256410256
328,1426,1,0,5.8659720625657646e-06,2,45,11,56,0.732805213776055,0.1
329,1821,1,0,8.813019388677183e-07,2,46,11,57,0.7260212201591513,0.0975609756097561
330,1828,1,0,8.436757049178441e-07,2,47,11,58,0.7260212201591513,0.0975609756097561
331,1955,1,0,9.508142353718886e-07,2,48,11,59,0.7192485454842041,0.09523809523809523
332,2586,0,0,0.0001751795482070578,2,48,11,59,0.7192485454842041,0.09523809523809523
333,2604,0,0,0.0007405902016129673,2,48,11,59,0.7192485454842041,0.09523809523809523
334,2695,0,0,0.0010296536050870592,2,48,11,59,0.7192485454842041,0.09523809523809523
335,2711,0,0,0.00019614373272633183,2,48,11,59,0.7192485454842041,0.09523809523809523
336,2816,0,0,0.0011512982727655155,2,48,11,59,0.7192485454842041,0.09523809523809523
337,2830,0,0,1.875803032507043e-05,2,48,11,59,0.7192485454842041,0.09523809523809523
338,2883,0,0,0.00045749514066497287,2,48,11,59,0.7192485454842041,0.09523809523809523
339,2925,0,0,0.00020106402769281382,2,48,11,59,0.7192485454842041,0.09523809523809523
340,2962,0,0,0.00307625657982606,2,48,11,59,0.7192485454842041,0.09523809523809523
341,3157,0,0,1.1856166110838807e-05,2,48,11,59,0.7192485454842041,0.09523809523809523
342,3197,0,0,0.0002743645020030991,2,48,11,59,0.7192485454842041,0.09523809523809523
343,3230,0,0,7.034748497247687e-06,2,48,11,59,0.7192485454842041,0.09523809523809523
344,3245,0,0,0.05098647187248722,2,48,11,59,0.7224226348364279,0.09523809523809523
345,3247,0,0,3.841763571497379e-05,2,48,11,59,0.7224226348364279,0.09523809523809523
346,3431,0,0,0.0010883000303734528,2,48,11,59,0.7224226348364279,0.09523809523809523
347,3497,0,0,3.814490830072039e-06,2,48,11,59,0.7256059329175797,0.09523809523809523
348,3522,0,0,0.0017222468991810347,2,48,11,59,0.7256059329175797,0.09523809523809523
349,3783,0,0,0.0017212160449649864,2,48,11,59,0.7256059329175797,0.09523809523809523
350,3829,0,0,1.549555545281842e-05,2,48,11,59,0.7256059329175797,0.09523809523809523
351,3954,0,0,0.0002736881308335573,2,48,11,59,0.7256059329175797,0.09523809523809523
352,4097,0,0,0.00027499292486339133,2,48,11,59,0.7256059329175797,0.09523809523809523
353,4165,0,0,2.287754056454343e-05,2,48,11,59,0.7256059329175797,0.09523809523809523
354,4327,0,0,0.000229915737673565,2,48,11,59,0.7256059329175797,0.09523809523809523
355,4408,0,0,2.2801546710264547e-05,2,48,11,59,0.7256059329175797,0.09523809523809523
356,4431,0,0,0.012683581130961828,2,48,11,59,0.7256059329175797,0.09523809523809523
357,4482,0,0,0.007069645869192071,2,48,11,59,0.7256059329175797,0.09523809523809523
358,4508,0,0,0.0038640327472247316,2,48,11,59,0.7256059329175797,0.09523809523809523
359,4527,0,0,0.0007914547404702333,2,48,11,59,0.7256059329175797,0.09523809523809523
360,4594,0,0,7.670919292319302e-06,2,48,11,59,0.7227088784231641,0.07317073170731707
361,4677,0,0,0.0010849130407029567,2,48,11,59,0.7295454545454545,0.075
362,614,1,0,4.943500812511085e-06,2,49,11,60,0.7295454545454545,0.075
363,1223,1,0,1.5741716481182008e-05,2,50,11,61,0.7227088784231641,0.07317073170731707
364,1384,1,0,1.0265645004003448e-07,2,51,11,62,0.7158857142857142,0.07142857142857142
365,1665,1,0,3.986586293626e-06,2,52,11,63,0.7090763526040789,0.06976744186046512
366,1815,1,0,0.19355773101906565,2,53,11,64,0.7022811671087532,0.06818181818181818
367,2635,0,0,0.0008410955598950297,2,53,11,64,0.7022811671087532,0.06818181818181818
368,2786,0,0,0.0005141681149489717,2,53,11,64,0.7022811671087532,0.06818181818181818
369,2995,0,0,0.003038289259273363,2,53,11,64,0.7022811671087532,0.06818181818181818
370,3285,0,0,0.001355598386151471,2,53,11,64,0.7022811671087532,0.06818181818181818
371,3466,0,0,1.9899265848841168e-05,2,53,11,64,0.7022811671087532,0.06818181818181818
372,3478,0,0,0.0001828999828778891,2,53,11,64,0.7022811671087532,0.06818181818181818
373,3739,0,1,0.9662140950461535,2,53,12,65,0.7022811671087532,0.06818181818181818
374,3809,0,0,0.0008430554632151639,2,53,12,65,0.7022811671087532,0.06818181818181818
375,4098,0,0,0.0019800845673573985,2,53,12,65,0.7022811671087532,0.06818181818181818
376,4176,0,0,0.0009919442780010974,2,53,12,65,0.7090763526040789,0.06976744186046512
377,4181,0,0,0.00042658043703728584,2,53,12,65,0.7058608058608058,0.047619047619047616
378,4290,0,0,0.0005757825181692323,2,53,12,65,0.7127083333333333,0.04878048780487805
379,4457,0,0,8.737967488151717e-05,2,53,12,65,0.7127083333333333,0.04878048780487805
380,4506,0,0,0.0019229665821317978,2,53,12,65,0.7127083333333333,0.04878048780487805
381,4616,0,0,0.000986889689735022,2,53,12,65,0.7127083333333333,0.04878048780487805
382,4659,0,0,0.0010161455138836541,2,53,12,65,0.7127083333333333,0.04878048780487805
383,4727,0,0,3.63552022163858e-05,2,53,12,65,0.7127083333333333,0.04878048780487805
384,4759,0,0,0.0014625952451099537,2,53,12,65,0.7127083333333333,0.04878048780487805
385,4814,0,0,3.858483698855286e-05,2,53,12,65,0.7127083333333333,0.04878048780487805
386,4865,0,0,0.0005378482458998407,2,53,12,65,0.7127083333333333,0.04878048780487805
387,4936,0,0,5.36252499751742e-06,2,53,12,65,0.7127083333333333,0.04878048780487805
388,4959,0,1,0.7091639093289592,2,53,13,66,0.7098116169544741,0.04878048780487805
389,4963,0,0,5.205428132504598e-06,2,53,13,66,0.7098116169544741,0.04878048780487805
390,4977,0,0,0.0024196657505483857,2,53,13,66,0.7098116169544741,0.04878048780487805
391,2242,1,0,0.07801952799900387,2,54,13,67,0.7029714285714286,0.047619047619047616
392,2578,0,1,0.7851985868473826,2,54,14,68,0.7000809034215405,0.047619047619047616
393,2623,0,0,0.0001257630660102499,2,54,14,68,0.7000809034215405,0.047619047619047616
394,2660,0,0,0.0062600277180858265,2,54,14,68,0.7000809034215405,0.047619047619047616
395,2760,0,0,0.015901466428997754,2,54,14,68,0.7000809034215405,0.047619047619047616
396,2788,0,0,0.0004442384346169645,2,54,14,68,0.7000809034215405,0.047619047619047616
397,2933,0,1,0.5822849855613381,2,54,15,69,0.6971883289124667,0.047619047619047616
398,2940,0,0,0.00038743097523100004,2,54,15,69,0.6971883289124667,0.047619047619047616
399,2961,0,0,5.499750738303212e-06,2,54,15,69,0.6971883289124667,0.047619047619047616
400,3053,0,0,0.0005842331416409254,2,54,15,69,0.6971883289124667,0.047619047619047616
401,3087,0,0,0.0039963141230264215,2,54,15,69,0.6971883289124667,0.047619047619047616
402,3143,0,0,0.0001135935693023089,2,54,15,69,0.6971883289124667,0.047619047619047616
403,3254,0,0,0.0006287384563504478,2,54,15,69,0.7040153941232654,0.04878048780487805
404,3452,0,0,0.011777918401031514,2,54,15,69,0.7010407581836153,0.025
405,3528,0,0,5.529233313263027e-07,2,54,15,69,0.7079261363636362,0.02564102564102564
406,3759,0,0,0.01021931029852683,2,54,15,69,0.7148273160147067,0.02631578947368421
407,3794,0,0,0.13375505647106298,2,54,15,69,0.721744043232621,0.02702702702702703
408,3796,0,0,7.193102509057214e-05,2,54,15,69,0.7286760563380282,0.027777777777777776
409,3854,0,0,0.000290393566235626,2,54,15,69,0.7356230847803882,0.02857142857142857
410,3873,0,0,0.0009331986510646592,2,54,15,69,0.7425848478926454,0.029411764705882353
411,4084,0,0,0.0003206132003192554,2,54,15,69,0.7396378830083564,0.0
412,4171,0,1,0.749418746012394,2,54,16,70,0.744066852367688,0.0
413,4252,0,0,0.0009665175667565613,2,54,16,70,0.751111111111111,0.0
414,4262,0,0,0.022003683130690073,2,54,16,70,0.7581717451523546,0.0
415,4339,0,0,0.00034661718986801445,2,54,16,70,0.7652486187845304,0.0
416,4502,0,0,0.0001013980461207156,2,54,16,70,0.7723415977961432,0.0
417,4556,0,0,4.657270195583625e-06,2,54,16,70,0.7794505494505495,0.0
418,4630,0,0,1.2629560759095986e-05,2,54,16,70,0.7794505494505495,0.0
419,4764,0,0,0.0005736326281425632,2,54,16,70,0.7794505494505495,0.0
420,313,1,0,0.00012566592734490108,2,55,16,71,0.774945054945055,0.0
421,432,1,0,0.00012478141478956988,2,56,16,72,0.7678512396694215,0.0
422,477,1,0,0.0011646837437023442,2,57,16,73,0.7607734806629834,0.0
423,547,1,0,6.278684593486766e-06,2,58,16,74,0.7537119113573408,0.0
424,563,1,0,0.026152993927454057,2,59,16,75,0.7466666666666666,0.0
425,589,1,0,6.284917767742002e-06,2,60,16,76,0.7396378830083564,0.0
426,778,1,0,0.029961528882575902,2,61,16,77,0.7326256983240224,0.0
427,956,1,0,0.002424473007992912,2,62,16,78,0.7256302521008403,0.0
428,1026,1,0,1.0294963437889665e-06,2,63,16,79,0.7186516853932585,0.0
429,1525,1,0,6.2852242194402075e-06,2,64,16,80,0.7142696629213483,0.0
430,1651,1,0,6.284911160619579e-06,2,65,16,81,0.7073239436619718,0.0
431,2079,1,0,0.0005923714945852095,2,66,16,82,0.7003954802259886,0.0
432,2528,0,0,0.0019753670064911986,2,66,16,82,0.7003954802259886,0.0
433,2666,0,0,0.00029025837899812845,2,66,16,82,0.7003954802259886,0.0
434,2721,0,0,7.549829002623148e-05,2,66,16,82,0.7003954802259886,0.0
435,2771,0,0,0.00952436346539339,2,66,16,82,0.7003954802259886,0.0
436,2881,0,0,0.00327939535861475,2,66,16,82,0.7003954802259886,0.0
437,2896,0,0,0.0013552962546993302,2,66,16,82,0.7003954802259886,0.0
438,2939,0,0,0.00021725804689990173,2,66,16,82,0.7003954802259886,0.0
439,2991,0,0,0.0007701547771051045,2,66,16,82,0.7003954802259886,0.0
440,3041,0,0,0.0004570015154136924,2,66,16,82,0.7003954802259886,0.0
441,3127,0,0,0.00028426679289486156,2,66,16,82,0.7003954802259886,0.0
442,3233,0,0,7.1731017113435895e-06,2,66,16,82,0.7003954802259886,0.0
443,3355,0,0,0.07569727951524625,2,66,16,82,0.7003954802259886,0.0
444,3474,0,0,0.005733849191137055,2,66,16,82,0.7003954802259886,0.0
445,3481,0,0,0.00010556975637313419,2,66,16,82,0.7029577464788731,0.0
446,3529,0,0,0.00018258102826418656,2,66,16,82,0.7029577464788731,0.0
447,3622,0,0,0.009571786280310536,2,66,16,82,0.7029577464788731,0.0
448,3651,0,0,0.004977103554007073,2,66,16,82,0.7029577464788731,0.0
449,3761,0,0,0.0001650204985322777,3,66,16,82,0.7098876404494382,0.0
450,3765,0,0,0.00020973616124033063,3,66,16,82,0.7168347338935575,0.0
451,3812,0,0,0.22148779909714483,3,66,16,82,0.7237988826815642,0.0
452,4012,0,0,0.001914824614787476,3,66,16,82,0.7307799442896936,0.0
453,4091,0,0,0.00044229558310876564,3,66,16,82,0.7377777777777778,0.0
454,4094,0,0,0.01052717968322772,3,66,16,82,0.7447922437673131,0.0
455,4149,0,0,0.2534265938740205,3,66,16,82,0.7518232044198895,0.0
456,4232,0,0,0.004637892953729482,3,66,16,82,0.7588705234159779,0.0
457,4297,0,0,0.02000886128486453,3,66,16,82,0.765934065934066,0.0
458,4409,0,0,1.0888884330479267e-05,3,66,16,82,0.7730136986301369,0.0
459,4447,0,0,0.00031362141668934794,3,66,16,82,0.7801092896174864,0.0
460,4495,0,0,6.566676282578884e-05,3,66,16,82,0.7801092896174864,0.0
461,4633,0,0,0.0005122143592836404,3,66,16,82,0.7801092896174864,0.0
462,4783,0,0,0.00022216742753377268,3,66,16,82,0.7801092896174864,0.0
463,58,1,0,0.0002746769214813152,3,67,16,83,0.7730136986301369,0.0
464,1323,1,0,0.0022816383689277164,3,68,16,84,0.765934065934066,0.0
465,2509,0,0,0.0006044777259363054,3,68,16,84,0.765934065934066,0.0
466,2643,0,0,0.0006684755504083859,3,68,16,84,0.765934065934066,0.0
467,2740,0,0,0.49064058195879745,3,68,16,84,0.765934065934066,0.0
468,2807,0,0,0.00011076606435696738,3,68,16,84,0.765934065934066,0.0
469,3210,0,0,4.6009040699160655e-05,3,68,16,84,0.765934065934066,0.0
470,3215,0,0,0.002190094217619146,3,68,16,84,0.765934065934066,0.0
471,3227,0,0,0.00025341508037611093,3,68,16,84,0.765934065934066,0.0
472,3290,0,0,0.0003325705226679767,3,68,16,84,0.765934065934066,0.0
473,3403,0,0,1.3377354608171629e-05,3,68,16,84,0.765934065934066,0.0
474,3450,0,0,7.876641673477642e-06,3,68,16,84,0.765934065934066,0.0
475,3490,0,0,4.334075417141827e-07,3,68,16,84,0.765934065934066,0.0
476,3504,0,0,0.00016359605532699189,3,68,16,84,0.765934065934066,0.0
477,3566,0,0,0.0005253109774912059,3,68,16,84,0.765934065934066,0.0
478,3624,0,0,0.00022156313454542412,3,68,16,84,0.765934065934066,0.0
479,3650,0,0,0.003912071221635945,3,68,16,84,0.765934065934066,0.0
480,3699,0,0,6.248985551446606e-05,3,68,16,84,0.765934065934066,0.0
481,3733,0,0,0.00029351771387060545,3,68,16,84,0.765934065934066,0.0
482,3988,0,0,0.0011595594557974923,3,68,16,84,0.765934065934066,0.0
483,4077,0,0,4.160032695971851e-05,3,68,16,84,0.765934065934066,0.0
484,4174,0,0,0.0002963012007731367,3,68,16,84,0.7730136986301369,0.0
485,4282,0,0,0.00017194551133385276,3,68,16,84,0.7730136986301369,0.0
486,4326,0,0,0.0001177865224358808,3,68,16,84,0.7730136986301369,0.0
487,4349,0,0,0.26655583545691247,3,68,16,84,0.7730136986301369,0.0
488,4406,0,0,0.0002924999727039975,3,68,16,84,0.7730136986301369,0.0
489,4660,0,0,0.00025504157792912216,3,68,16,84,0.7730136986301369,0.0
490,4808,0,0,6.968845593550392e-06,3,68,16,84,0.7730136986301369,0.0
491,4919,0,0,0.001839638309589711,3,68,16,84,0.7730136986301369,0.0
492,1664,1,0,0.021954598299942212,3,69,16,85,0.765934065934066,0.0
493,2431,1,0,0.4531841643596595,3,70,16,86,0.7588705234159779,0.0
494,2587,0,0,1.6083344369630395e-05,3,70,16,86,0.7588705234159779,0.0
495,2599,0,0,2.668130166512901e-06,3,70,16,86,0.7588705234159779,0.0
496,2698,0,0,0.004131378956573471,3,70,16,86,0.7588705234159779,0.0
497,2785,0,0,0.0003823842330688202,3,70,16,86,0.7588705234159779,0.0
498,2801,0,0,0.0036965665928282996,3,70,16,86,0.7588705234159779,0.0
499,3019,0,0,1.0805625008116784e-06,3,70,16,86,0.7588705234159779,0.0
500,3137,0,0,0.00031159104236286214,3,70,16,86,0.7614285714285713,0.0
501,3228,0,0,7.315867119512436e-06,3,70,16,86,0.7614285714285713,0.0
502,3590,0,0,0.00044696480166162245,3,70,16,86,0.7614285714285713,0.0
503,3880,0,0,0.0025451979616751942,3,70,16,86,0.7614285714285713,0.0
504,3899,0,0,0.003413286213128682,3,70,16,86,0.7614285714285713,0.0
505,3971,0,0,1.1844275011343202e-05,3,70,16,86,0.7614285714285713,0.0
506,4768,0,0,0.0016153624949524635,3,70,16,86,0.7614285714285713,0.0
507,4889,0,0,0.0003743086568491751,3,70,16,86,0.7614285714285713,0.0
508,4897,0,0,0.00029479287787569677,3,70,16,86,0.7614285714285713,0.0
509,551,1,0,0.07230742610526751,3,71,16,87,0.7543801652892561,0.0
510,653,1,0,9.941157172864694e-07,3,72,16,88,0.7473480662983425,0.0
511,2753,0,0,9.517955372615989e-05,3,72,16,88,0.7473480662983425,0.0
512,2762,0,0,6.631633279338394e-05,3,72,16,88,0.7473480662983425,0.0
513,2795,0,0,0.000201263557537006,3,72,16,88,0.7473480662983425,0.0
514,2841,0,0,5.38833470886103e-05,3,72,16,88,0.7473480662983425,0.0
515,2869,0,0,4.020892568124215e-06,3,72,16,88,0.7473480662983425,0.0
516,2931,0,1,0.9091852505511856,3,72,17,89,0.7447922437673131,0.0
517,2976,0,0,0.0003921276028439294,3,72,17,89,0.7447922437673131,0.0
518,3048,0,0,0.00020459932397877927,3,72,17,89,0.7447922437673131,0.0
519,3146,0,0,2.1001804757599116e-05,3,72,17,89,0.7447922437673131,0.0
520,3235,0,0,0.00011891440626018576,3,72,17,89,0.7447922437673131,0.0
521,3393,0,0,0.0011254140188697612,3,72,17,89,0.7447922437673131,0.0
522,3455,0,0,0.006419815773177753,3,72,17,89,0.7447922437673131,0.0
523,3665,0,0,0.0010150404067404807,3,72,17,89,0.7518232044198895,0.0
524,3886,0,0,0.0007294586296279199,3,72,17,89,0.7588705234159779,0.0
525,3966,0,0,3.128317352261135e-05,3,72,17,89,0.765934065934066,0.0
526,3999,0,0,0.011503533869599623,3,72,17,89,0.7730136986301369,0.0
527,4037,0,0,0.3343070666026636,3,72,17,89,0.7801092896174864,0.0
528,4085,0,0,0.00011576676965650338,3,72,17,89,0.7872207084468665,0.0
529,4101,0,0,2.74796346005349e-06,3,72,17,89,0.7943478260869564,0.0
530,4222,0,1,0.8022709456660747,3,72,18,90,0.7989130434782608,0.0
531,4227,0,0,0.00030365229125950524,3,72,18,90,0.806070460704607,0.0
532,4317,0,0,0.002040631731064388,3,72,18,90,0.806070460704607,0.0
533,4367,0,0,0.0019824938608195746,3,72,18,90,0.806070460704607,0.0
534,4467,0,0,0.002107841455853348,3,72,18,90,0.806070460704607,0.0
535,4486,0,0,0.0010609831096748336,3,72,18,90,0.806070460704607,0.0
536,4644,0,1,0.8754083877088082,3,72,19,91,0.8034782608695652,0.0
537,4682,0,0,0.0075564126599029086,3,72,19,91,0.8034782608695652,0.0
538,4863,0,0,0.4724894600143901,3,72,19,91,0.8034782608695652,0.0
539,2524,0,0,0.04032006192348126,3,72,19,91,0.8034782608695652,0.0
540,2534,0,0,0.00017426194548346638,3,72,19,91,0.8034782608695652,0.0
541,2560,0,0,8.103581371373535e-06,3,72,19,91,0.8034782608695652,0.0
542,2565,0,0,9.510302206730908e-05,3,72,19,91,0.8034782608695652,0.0
543,2600,0,0,4.3679191388317816e-07,3,72,19,91,0.8034782608695652,0.0
544,2631,0,0,4.069062000539957e-05,3,72,19,91,0.8034782608695652,0.0
545,2661,0,1,0.9941093569960765,3,72,20,92,0.8008719346049047,0.0
546,2672,0,0,0.0007189208783632613,3,72,20,92,0.8008719346049047,0.0
547,2751,0,0,0.0008020459220023975,3,72,20,92,0.8008719346049047,0.0
548,2774,0,0,0.33373031398290853,3,72,20,92,0.8008719346049047,0.0
549,2781,0,0,0.0018675374948062622,3,72,20,92,0.8008719346049047,0.0
550,2797,0,1,0.9790298424980803,3,72,21,93,0.7982513661202186,0.0
551,2875,0,0,0.3345438512690115,3,72,21,93,0.7982513661202186,0.0
552,2950,0,0,0.0005282733562053232,3,72,21,93,0.7982513661202186,0.0
553,3085,0,0,0.003038921574484555,3,72,21,93,0.7982513661202186,0.0
554,3094,0,0,0.0038038250126068117,3,72,21,93,0.7982513661202186,0.0
555,3100,0,0,0.00418987954961871,3,72,21,93,0.7982513661202186,0.0
556,3118,0,0,8.185972961466669e-06,3,72,21,93,0.7982513661202186,0.0
557,3423,0,0,0.004477880338464935,3,72,21,93,0.7982513661202186,0.0
558,3457,0,0,0.0003223751691015701,3,72,21,93,0.7982513661202186,0.0
559,3475,0,0,0.003262167997695329,3,72,21,93,0.7982513661202186,0.0
560,3569,0,0,0.02383677707166526,3,72,21,93,0.7982513661202186,0.0
561,3687,0,0,0.00010530390840546124,3,72,21,93,0.7982513661202186,0.0
562,3700,0,0,0.00030463781592319843,3,72,21,93,0.8054223433242507,0.0
563,3849,0,0,0.00029754153959196976,3,72,21,93,0.8126086956521739,0.0
564,3878,0,0,0.000638297607103812,3,72,21,93,0.819810298102981,0.0
565,3962,0,0,0.00011592458614225294,3,72,21,93,0.8270270270270271,0.0
566,4106,0,0,2.9195455117078076e-06,3,72,21,93,0.8342587601078166,0.0
567,4196,0,0,8.970715991944634e-06,3,72,21,93,0.8342587601078166,0.0
568,4284,0,1,0.9586847733100282,3,72,22,94,0.8316216216216216,0.0
569,4383,0,1,0.9167355974968557,3,72,23,95,0.8289701897018971,0.0
570,4399,0,0,5.633060287414594e-07,3,72,23,95,0.8289701897018971,0.0
571,4412,0,0,0.0002355765338107614,3,72,23,95,0.8289701897018971,0.0
572,4471,0,0,2.5059702488928636e-05,3,72,23,95,0.8289701897018971,0.0
573,4777,0,0,7.187699925507732e-05,3,72,23,95,0.8316216216216216,0.0
574,4990,0,0,0.0006899917902874369,3,72,23,95,0.8316216216216216,0.0
575,586,1,0,2.1892601896777604e-05,3,73,23,96,0.824390243902439,0.0
576,856,1,0,1.223549866386727e-05,3,74,23,97,0.8171739130434783,0.0
577,898,1,1,0.9990845806036134,3,74,23,97,0.8186563805850209,0.045454545454545456
578,1032,1,0,1.1801166180213785e-05,3,75,23,98,0.8115577299412916,0.043478260869565216
579,1186,1,0,0.003214007582986433,3,76,23,99,0.8044688644688646,0.041666666666666664
580,1767,1,1,0.9990285863531712,3,76,23,99,0.8059755742948531,0.08
581,2020,1,1,0.9994067873604783,3,76,23,99,0.8073333333333333,0.11538461538461539
582,2546,0,0,0.008385905836414012,3,76,23,99,0.8073333333333333,0.11538461538461539
583,2820,0,0,0.00011730812375454158,3,76,23,99,0.8073333333333333,0.11538461538461539
584,3068,0,0,3.6648734473691995e-05,3,76,23,99,0.8073333333333333,0.11538461538461539
585,3192,0,0,0.006088152495241758,3,76,23,99,0.8073333333333333,0.11538461538461539
586,3366,0,1,0.7781861174248536,3,76,24,100,0.8042054487397242,0.11538461538461539
587,3374,0,1,0.9990169746165256,3,76,25,101,0.8010853950518755,0.11538461538461539
588,3398,0,0,9.652101628943078e-06,3,76,25,101,0.8042054487397242,0.11538461538461539
589,3534,0,0,0.0012522473808500043,3,76,25,101,0.8042054487397242,0.11538461538461539
590,3875,0,0,1.6945096786643283e-05,3,76,25,101,0.8042054487397242,0.11538461538461539
591,4023,0,0,0.00521214273632084,3,76,25,101,0.8111111111111111,0.12
592,4081,0,0,0.00012646494513203276,3,76,25,101,0.8142446196462817,0.12
593,4166,0,0,1.7950815840111508e-05,3,76,25,101,0.8142446196462817,0.12
594,4301,0,0,0.00010684806761254365,3,76,25,101,0.8142446196462817,0.12
595,4499,0,1,0.6821602870051291,3,76,26,102,0.8111111111111111,0.12
596,4557,0,0,0.0006321230661329727,3,76,26,102,0.8111111111111111,0.12
597,4731,0,0,0.00035827581250473767,3,76,26,102,0.8142446196462817,0.12
598,4901,0,0,0.02119175956571999,3,76,26,102,0.8142446196462817,0.12
599,4949,0,0,0.00015457356021455262,4,76,26,102,0.8142446196462817,0.12
600,405,1,0,0.14076159487888773,4,77,26,103,0.8073333333333333,0.11538461538461539
601,1085,1,0,0.001498840032948497,4,78,26,104,0.8004246212378558,0.1111111111111111
602,1725,1,0,0.0017012117733548571,4,79,26,105,0.7935195530726257,0.10714285714285714
603,2514,0,0,0.003413524529007872,4,79,26,105,0.7935195530726257,0.10714285714285714
604,2609,0,0,0.00010726237859159958,4,79,26,105,0.7935195530726257,0.10714285714285714
605,2743,0,0,0.00016520801726859955,4,79,26,105,0.7935195530726257,0.10714285714285714
606,2790,0,0,0.0013908230994498468,4,79,26,105,0.7935195530726257,0.10714285714285714
607,2818,0,0,0.0076383850953165395,4,79,26,105,0.7935195530726257,0.10714285714285714
608,2844,0,1,0.8786540145272411,4,79,27,106,0.7904032310598658,0.10714285714285714
609,2900,0,0,0.00023953418810285403,4,79,27,106,0.7904032310598658,0.10714285714285714
610,2907,0,0,6.6279017152526005e-06,4,79,27,106,0.7904032310598658,0.10714285714285714
611,3103,0,0,0.002078919180331151,4,79,27,106,0.7904032310598658,0.10714285714285714
612,3150,0,0,0.001212363200988283,4,79,27,106,0.7935195530726257,0.10714285714285714
613,3251,0,1,0.6593829770282774,4,79,28,107,0.7904032310598658,0.10714285714285714
614,3268,0,0,8.994049441599662e-05,4,79,28,107,0.7904032310598658,0.10714285714285714
615,3283,0,0,5.714951650625546e-05,4,79,28,107,0.7904032310598658,0.10714285714285714
616,3313,0,0,0.0004329394301191852,4,79,28,107,0.7904032310598658,0.10714285714285714
617,3371,0,0,5.175345819597197e-06,4,79,28,107,0.7904032310598658,0.10714285714285714
618,3384,0,0,0.003515830103747658,4,79,28,107,0.7904032310598658,0.10714285714285714
619,3407,0,0,0.0005367180628910325,4,79,28,107,0.7904032310598658,0.10714285714285714
620,3437,0,0,0.06275742454085748,4,79,28,107,0.7973024740622506,0.1111111111111111
621,3548,0,0,0.01124014447683845,4,79,28,107,0.8042054487397242,0.11538461538461539
622,3562,0,0,0.019127658590740657,4,79,28,107,0.8111111111111111,0.12
623,3641,0,0,0.004523678692552257,4,79,28,107,0.8180183251651395,0.125
624,3712,0,0,0.006717496602221079,4,79,28,107,0.824925850537947,0.13043478260869565
625,3986,0,0,0.00023663230855057197,4,79,28,107,0.8318323281959646,0.13636363636363635
626,4079,0,0,0.0023009834616680167,4,79,28,107,0.8387362637362636,0.14285714285714285
627,4143,0,0,0.0035315047877785112,4,79,28,107,0.8456360078277886,0.15
628,4193,0,0,1.355652317542201e-06,4,79,28,107,0.8525297332047573,0.15789473684210525
629,4215,0,0,0.0011375189850803419,4,79,28,107,0.8594154074808026,0.16666666666666666
630,4267,0,0,3.127753056650421e-06,4,79,28,107,0.8662907608695654,0.17647058823529413
631,4280,0,0,0.0014715461708294114,4,79,28,107,0.8731532476615088,0.1875
632,4351,0,0,2.0993361966859542e-05,4,79,28,107,0.8731532476615088,0.1875
633,4485,0,0,0.00025949960151779744,4,79,28,107,0.8731532476615088,0.1875
634,4623,0,0,0.000491350377805604,4,79,28,107,0.8731532476615088,0.1875
635,4858,0,0,0.0010672797832116299,4,79,28,107,0.8731532476615088,0.1875
636,4984,0,0,0.0036687232594247534,4,79,28,107,0.8731532476615088,0.1875
637,4996,0,0,0.005963772936474332,4,79,28,107,0.8731532476615088,0.1875
638,192,1,0,0.014948460747567985,4,80,28,108,0.8662907608695654,0.17647058823529413
639,319,1,0,0.02188260669921265,4,81,28,109,0.8594154074808026,0.16666666666666666
640,717,1,0,0.015296187001294839,4,82,28,110,0.8525297332047573,0.15789473684210525
641,1255,1,1,0.9815738839497268,4,82,28,110,0.8529914529914531,0.2
642,1425,1,0,0.0002979043703749258,4,83,28,111,0.8462013252922344,0.19047619047619047
643,1770,1,0,1.0584071894489096e-05,4,84,28,112,0.839400988659494,0.18181818181818182
644,1777,1,0,0.19352728745403316,4,85,28,113,0.8325925136728461,0.17391304347826086
645,1869,1,0,0.001230060808893864,4,86,28,114,0.8257777777777778,0.16666666666666666
646,2220,1,0,2.1892591827888878e-05,4,87,28,115,0.8189584890277871,0.16
647,2400,1,0,0.022106440970176583,4,88,28,116,0.8121362064378824,0.15384615384615385
648,2614,0,0,0.00037734854753608196,4,88,28,116,0.8121362064378824,0.15384615384615385
649,2669,0,0,0.0012837976782443857,4,88,28,116,0.8121362064378824,0.15384615384615385
650,2691,0,0,0.001620117190094468,4,88,28,116,0.8121362064378824,0.15384615384615385
651,2766,0,0,0.0031173855896467835,4,88,28,116,0.8121362064378824,0.15384615384615385
652,2867,0,0,0.0017027270027419599,4,88,28,116,0.8121362064378824,0.15384615384615385
653,2947,0,0,4.107295130785349e-05,4,88,28,116,0.8121362064378824,0.15384615384615385
654,2965,0,0,0.0003664306528724066,4,88,28,116,0.8121362064378824,0.15384615384615385
655,3350,0,0,0.020733269174074705,4,88,28,116,0.8121362064378824,0.15384615384615385
656,3410,0,0,0.0005264857330895628,4,88,28,116,0.8121362064378824,0.15384615384615385
657,3635,0,0,6.872093473348962e-05,4,88,28,116,0.8121362064378824,0.15384615384615385
658,3746,0,0,0.13374544729143673,4,88,28,116,0.8121362064378824,0.15384615384615385
659,3785,0,0,0.0007787387537057632,4,88,28,116,0.8121362064378824,0.15384615384615385
660,3845,0,0,0.0007770850672316285,4,88,28,116,0.8121362064378824,0.15384615384615385
661,3927,0,0,0.04689055497181753,4,88,28,116,0.8121362064378824,0.15384615384615385
662,3964,0,0,7.755308277662082e-05,4,88,28,116,0.8121362064378824,0.15384615384615385
663,4082,0,1,0.7666140195071588,4,88,29,117,0.815708965150306,0.16
664,4201,0,1,0.7929415651443462,4,88,30,118,0.8192817238627295,0.16666666666666666
665,4361,0,0,0.002215944361286531,4,88,30,118,0.8192817238627295,0.16666666666666666
666,4503,0,0,4.6049462309421145e-05,4,88,30,118,0.8192817238627295,0.16666666666666666
667,4573,0,0,0.014351007008111571,4,88,30,118,0.8192817238627295,0.16666666666666666
668,4650,0,0,0.0030907466398376366,4,88,30,118,0.8192817238627295,0.16666666666666666
669,4862,0,0,0.00012719906148445253,4,88,30,118,0.8192817238627295,0.16666666666666666
670,4864,0,0,0.003588357485417819,4,88,30,118,0.8192817238627295,0.16666666666666666
671,4866,0,0,0.0001820430535370453,4,88,30,118,0.8192817238627295,0.16666666666666666
672,83,1,0,0.0005544663194860642,4,89,30,119,0.8124715002279982,0.16
673,2406,1,0,0.04450218819912791,4,90,30,120,0.805658835546476,0.15384615384615385
674,2592,0,0,2.6959218846784445e-05,4,90,30,120,0.805658835546476,0.15384615384615385
675,2633,0,0,0.0022921455222749266,4,90,30,120,0.805658835546476,0.15384615384615385
676,2717,0,0,9.049580886132921e-07,4,90,30,120,0.805658835546476,0.15384615384615385
677,2926,0,0,0.2819850021621271,4,90,30,120,0.805658835546476,0.15384615384615385
678,2960,0,0,0.00028970401707398237,4,90,30,120,0.805658835546476,0.15384615384615385
679,3058,0,1,0.9668672107014382,4,90,31,121,0.8024350547730831,0.15384615384615385
680,3092,0,0,1.7136893343380126e-05,4,90,31,121,0.8024350547730831,0.15384615384615385
681,3417,0,0,2.7757945192003566e-06,4,90,31,121,0.8024350547730831,0.15384615384615385
682,3564,0,0,1.092629491802686e-05,4,90,31,121,0.8024350547730831,0.15384615384615385
683,3611,0,0,0.0027294119309937614,4,90,31,121,0.8024350547730831,0.15384615384615385
684,3753,0,0,0.0009639965681700366,4,90,31,121,0.8024350547730831,0.15384615384615385
685,3827,0,0,0.002299241232859695,4,90,31,121,0.8024350547730831,0.15384615384615385
686,3831,0,0,0.00011618374760314086,4,90,31,121,0.8024350547730831,0.15384615384615385
687,4034,0,0,0.0020214558810177103,4,90,31,121,0.8024350547730831,0.15384615384615385
688,4314,0,0,0.005133912158056019,4,90,31,121,0.8024350547730831,0.15384615384615385
689,4414,0,0,0.00016091979685683988,4,90,31,121,0.8024350547730831,0.15384615384615385
690,4649,0,0,0.00023791719572596875,4,90,31,121,0.8024350547730831,0.15384615384615385
691,4674,0,0,1.9748692786335157e-05,4,90,31,121,0.8024350547730831,0.15384615384615385
692,4758,0,0,0.00011576990634772237,4,90,31,121,0.8092441266598569,0.16
693,4829,0,1,0.997751357750692,4,90,32,122,0.812829417773238,0.16666666666666666
694,1849,1,0,1.1352467683366327e-05,4,91,32,123,0.8060250391236308,0.16
695,2602,0,0,0.0035101103096353103,4,91,32,123,0.8060250391236308,0.16
696,2680,0,0,3.504839319131351e-05,4,91,32,123,0.8060250391236308,0.16
697,2749,0,0,0.00011893729782004429,4,91,32,123,0.8060250391236308,0.16
698,2879,0,0,0.002240628868617616,4,91,32,123,0.8060250391236308,0.16
699,2954,0,0,0.15635296552211972,4,91,32,123,0.8060250391236308,0.16
700,3013,0,0,0.001145423446928379,4,91,32,123,0.8060250391236308,0.16
701,3067,0,0,0.004421286595858257,4,91,32,123,0.8060250391236308,0.16
702,3312,0,0,0.0001417264791362006,4,91,32,123,0.8060250391236308,0.16
703,3347,0,0,0.000310065963683766,4,91,32,123,0.8060250391236308,0.16
704,3360,0,0,0.0001105887347733531,4,91,32,123,0.8060250391236308,0.16
705,3390,0,0,0.0041920772731899375,4,91,32,123,0.8060250391236308,0.16
706,3593,0,0,0.009210689292450468,4,91,32,123,0.8060250391236308,0.16
707,3619,0,0,6.586079420797096e-05,4,91,32,123,0.8060250391236308,0.16
708,3838,0,0,0.0002723106031662794,4,91,32,123,0.8060250391236308,0.16
709,4060,0,0,0.0014038605349581473,4,91,32,123,0.812829417773238,0.16666666666666666
710,4113,0,0,2.2071311658622323e-05,4,91,32,123,0.8196306429548563,0.17391304347826086
711,4287,0,0,0.00011953820092551056,4,91,32,123,0.8196306429548563,0.17391304347826086
712,4304,0,0,0.00538179281262454,4,91,32,123,0.8196306429548563,0.17391304347826086
713,4523,0,0,6.309418188458998e-05,4,91,32,123,0.8196306429548563,0.17391304347826086
714,4550,0,0,0.003818643870680434,4,91,32,123,0.8196306429548563,0.17391304347826086
715,4608,0,0,0.000255592587014586,4,91,32,123,0.8196306429548563,0.17391304347826086
716,4719,0,0,0.00013903855578289016,4,91,32,123,0.822854482575153,0.17391304347826086
717,4771,0,1,0.9921667760751716,4,91,33,124,0.8196306429548563,0.17391304347826086
718,4906,0,0,0.00015806758506301723,4,91,33,124,0.8196306429548563,0.17391304347826086
719,4912,0,0,0.0060180237495444785,4,91,33,124,0.8196306429548563,0.17391304347826086
720,4957,0,0,0.031996574635782864,4,91,33,124,0.8196306429548563,0.17391304347826086
721,2667,0,1,0.6892140357966262,4,91,34,125,0.816414708886619,0.17391304347826086
722,2670,0,0,1.2277512429619768e-05,4,91,34,125,0.816414708886619,0.17391304347826086
723,3025,0,0,7.442097894708675e-05,4,91,34,125,0.816414708886619,0.17391304347826086
724,3088,0,0,0.001552182567893948,4,91,34,125,0.816414708886619,0.17391304347826086
725,3115,0,0,0.18434779744710772,4,91,34,125,0.816414708886619,0.17391304347826086
726,3158,0,0,1.2581323605163837e-05,4,91,34,125,0.816414708886619,0.17391304347826086
727,3189,0,0,3.9654234861264815e-06,4,91,34,125,0.816414708886619,0.17391304347826086
728,3343,0,0,0.00015036837244069694,4,91,34,125,0.816414708886619,0.17391304347826086
729,3493,0,0,1.9174507317007253e-06,4,91,34,125,0.816414708886619,0.17391304347826086
730,3618,0,0,0.0002787090177876913,4,91,34,125,0.8196306429548563,0.17391304347826086
731,4043,0,0,0.0009372888467443512,4,91,34,125,0.8196306429548563,0.17391304347826086
732,4145,0,0,0.002602894140664475,4,91,34,125,0.8196306429548563,0.17391304347826086
733,4177,0,0,0.004790044401498948,4,91,34,125,0.8196306429548563,0.17391304347826086
734,4237,0,1,0.5290994907243647,4,91,35,126,0.816414708886619,0.17391304347826086
735,4690,0,0,4.564679170935598e-06,4,91,35,126,0.816414708886619,0.17391304347826086
736,4722,0,0,5.804073953904306e-06,4,91,35,126,0.8196306429548563,0.17391304347826086
737,4751,0,0,0.00011553456255601773,4,91,35,126,0.8196306429548563,0.17391304347826086
738,4907,0,0,5.526740122956978e-06,4,91,35,126,0.8196306429548563,0.17391304347826086
739,804,1,0,0.13559356003094955,4,92,35,127,0.812829417773238,0.16666666666666666
740,2121,1,0,0.0003857695038495533,4,93,35,128,0.8060250391236308,0.16
741,2597,0,0,1.1359222232191321e-06,4,93,35,128,0.8060250391236308,0.16
742,2779,0,0,0.0025282017289925372,4,93,35,128,0.8060250391236308,0.16
743,3035,0,0,0.0003161370083812379,4,93,35,128,0.8060250391236308,0.16
744,3155,0,0,0.0001539659953585308,4,93,35,128,0.8060250391236308,0.16
745,3226,0,0,0.0005036108584414058,4,93,35,128,0.8092441266598569,0.16
746,3323,0,0,1.227867399551071e-06,4,93,35,128,0.8092441266598569,0.16
747,3448,0,0,0.001963307815299255,4,93,35,128,0.8092441266598569,0.16
748,3942,0,0,7.624139379757423e-06,4,93,35,128,0.8092441266598569,0.16
749,4163,0,0,0.014154872996804914,5,93,35,128,0.8092441266598569,0.16
750,4268,0,0,0.013381685377034344,5,93,35,128,0.8124715002279982,0.16
751,4294,0,0,5.8575212056123184e-05,5,93,35,128,0.8124715002279982,0.16
752,4307,0,0,0.0008553520919179607,5,93,35,128,0.8124715002279982,0.16
753,4343,0,0,0.005003921182172409,5,93,35,128,0.8124715002279982,0.16
754,4443,0,0,0.033862452523485166,5,93,35,128,0.8124715002279982,0.16
755,4473,0,0,0.0007326994306760414,5,93,35,128,0.8124715002279982,0.16
756,4685,0,0,0.0021930675021374878,5,93,35,128,0.8124715002279982,0.16
757,4805,0,0,0.0003336593724379205,5,93,35,128,0.8124715002279982,0.16
758,310,1,0,0.2284721658752131,5,94,35,129,0.805658835546476,0.15384615384615385
759,1720,1,0,1.0958444006429663e-05,5,95,35,130,0.7988450704225353,0.14814814814814814
760,2601,0,0,1.1636446903465374e-05,5,95,35,130,0.7988450704225353,0.14814814814814814
761,2621,0,0,0.0005164274996163602,5,95,35,130,0.7988450704225353,0.14814814814814814
762,2644,0,0,0.0013060430375620557,5,95,35,130,0.7988450704225353,0.14814814814814814
763,2857,0,0,0.12900998628787969,5,95,35,130,0.7988450704225353,0.14814814814814814
764,2905,0,0,0.0668790327182262,5,95,35,130,0.7988450704225353,0.14814814814814814
765,3069,0,0,0.032426794736305865,5,95,35,130,0.7988450704225353,0.14814814814814814
766,3075,0,0,0.002401162306977935,5,95,35,130,0.7988450704225353,0.14814814814814814
767,3408,0,0,0.0009488874426224404,5,95,35,130,0.7988450704225353,0.14814814814814814
768,3542,0,0,0.01854111224617084,5,95,35,130,0.802073544433095,0.14814814814814814
769,3551,0,0,0.002266363489229802,5,95,35,130,0.8053123575011399,0.14814814814814814
770,3617,0,0,0.000673222781895543,5,95,35,130,0.8053123575011399,0.14814814814814814
771,4104,0,0,1.605582361542565e-05,5,95,35,130,0.8053123575011399,0.14814814814814814
772,4260,0,0,2.6493133353986675e-05,5,95,35,130,0.8053123575011399,0.14814814814814814
773,4340,0,0,0.0003525056822004932,5,95,35,130,0.8053123575011399,0.14814814814814814
774,4444,0,0,0.0011549794889746405,5,95,35,130,0.8053123575011399,0.14814814814814814
775,4732,0,0,0.004740155129756116,5,95,35,130,0.8121362064378824,0.15384615384615385
776,4816,0,0,5.8603158535493274e-05,5,95,35,130,0.8189584890277871,0.16
777,418,1,0,0.00088713074025495,5,96,35,131,0.8111111111111111,0.12
778,1007,1,1,0.9986806124745148,5,96,35,131,0.8189584890277871,0.16
779,1668,1,0,2.4362192530740602e-05,5,97,35,132,0.8189584890277871,0.16
780,1683,1,0,0.11129891627614383,5,98,35,133,0.8111111111111111,0.12
781,1716,1,0,0.010079476748890703,5,99,35,134,0.8029867178066624,0.08
782,1944,1,0,3.0030063557047712e-05,5,100,35,135,0.7959999999999999,0.07692307692307693
783,2141,1,0,0.0008536436191408958,5,101,35,136,0.789020313880019,0.07407407407407407
784,2874,0,0,0.0016302026268619461,5,101,35,136,0.789020313880019,0.07407407407407407
785,2980,0,0,0.00043064612435067095,5,101,35,136,0.789020313880019,0.07407407407407407
786,3032,0,0,0.1890783316833725,5,101,35,136,0.792,0.07407407407407407
787,3117,0,0,0.0015836034254353144,5,101,35,136,0.7949818879181761,0.07407407407407407
788,3223,0,0,0.00031682870418970547,5,101,35,136,0.7949818879181761,0.07407407407407407
789,3279,0,0,2.00355500006411e-05,5,101,35,136,0.7949818879181761,0.07407407407407407
790,3463,0,1,0.7225110976594717,5,101,36,137,0.792,0.07407407407407407
791,3572,0,0,0.00389091946090841,5,101,36,137,0.792,0.07407407407407407
792,3595,0,0,0.033280580200665204,5,101,36,137,0.792,0.07407407407407407
793,3649,0,0,0.34644084605484704,5,101,36,137,0.792,0.07407407407407407
794,3734,0,0,1.6774407051601104e-05,5,101,36,137,0.792,0.07407407407407407
795,3764,0,0,0.0006019027087099532,5,101,36,137,0.7949818879181761,0.07407407407407407
796,3772,0,0,0.0001274473000884144,5,101,36,137,0.7949818879181761,0.07407407407407407
797,4063,0,0,0.0023342508077120023,5,101,36,137,0.7949818879181761,0.07407407407407407
798,4080,0,0,1.7250100825692727e-05,5,101,36,137,0.7949818879181761,0.07407407407407407
799,4087,0,0,0.040556442188499416,5,101,36,137,0.7949818879181761,0.07407407407407407
800,4126,0,0,0.0020181502843504523,5,101,36,137,0.8019715033439954,0.07692307692307693
801,4249,0,0,0.00301416759870177,5,101,36,137,0.808968058968059,0.08
802,4254,0,0,0.0005280883976733944,5,101,36,137,0.8159706959706959,0.08333333333333333
803,4255,0,0,4.089347632545362e-05,5,101,36,137,0.8159706959706959,0.08333333333333333
804,4362,0,0,0.015072250442867079,5,101,36,137,0.8159706959706959,0.08333333333333333
805,4588,0,0,0.0003000224279520616,5,101,36,137,0.8159706959706959,0.08333333333333333
806,4601,0,1,0.962476475787337,5,101,37,138,0.8129729729729729,0.08333333333333333
807,4661,0,0,0.060430816639580526,5,101,37,138,0.8129729729729729,0.08333333333333333
808,4740,0,0,0.0003267714814058685,5,101,37,138,0.8159706959706959,0.08333333333333333
809,4845,0,0,0.0029008762926268183,5,101,37,138,0.8159706959706959,0.08333333333333333
810,191,1,0,4.023209015750383e-05,5,102,37,139,0.808968058968059,0.08
811,329,1,0,0.022668015004518094,5,103,37,140,0.8019715033439954,0.07692307692307693
812,471,1,0,0.0013747593285308225,5,104,37,141,0.7949818879181761,0.07407407407407407
813,852,1,0,0.02266801473062362,5,105,37,142,0.7909794729739328,0.07142857142857142
814,1397,1,0,0.022668015763722266,5,106,37,143,0.784,0.06896551724137931
815,1722,1,1,0.9606715361941547,5,106,37,143,0.7859537110933759,0.1
816,2360,1,0,0.0018531813185556844,5,107,37,144,0.7790508761644194,0.0967741935483871
817,2489,1,0,0.02266801526083983,5,108,37,145,0.7721552604698673,0.09375
818,2507,0,0,0.0019142472981326679,5,108,37,145,0.7721552604698673,0.09375
819,2583,0,0,0.001912103745618955,5,108,37,145,0.7721552604698673,0.09375
820,2593,0,0,0.0003203518141778052,5,108,37,145,0.7721552604698673,0.09375
821,2596,0,0,0.007851863484539133,5,108,37,145,0.7721552604698673,0.09375
822,2687,0,0,1.2143128292140053e-05,5,108,37,145,0.7721552604698673,0.09375
823,2741,0,0,0.001096578264349865,5,108,37,145,0.7721552604698673,0.09375
824,2754,0,0,1.3225144979983349e-05,5,108,37,145,0.7721552604698673,0.09375
825,2800,0,0,0.00042057704265180363,5,108,37,145,0.7721552604698673,0.09375
826,2930,0,0,0.0003394056231623597,5,108,37,145,0.7721552604698673,0.09375
827,2948,0,0,0.0008599158135266222,5,108,37,145,0.7721552604698673,0.09375
828,3166,0,0,0.0006724474918626217,5,108,37,145,0.7721552604698673,0.09375
829,3178,0,0,0.002015020503014326,5,108,37,145,0.7721552604698673,0.09375
830,3273,0,0,0.0010878377329825615,5,108,37,145,0.7721552604698673,0.09375
831,3324,0,0,0.0011101009049218785,5,108,37,145,0.7721552604698673,0.09375
832,3439,0,0,0.0007476372438526979,5,108,37,145,0.7721552604698673,0.09375
833,3492,0,0,0.05539242071859343,5,108,37,145,0.7721552604698673,0.09375
834,3568,0,0,0.0004425475475270016,5,108,37,145,0.7721552604698673,0.09375
835,3657,0,0,0.01656018535395362,5,108,37,145,0.7721552604698673,0.09375
836,3692,0,0,0.011853193988670633,5,108,37,145,0.7721552604698673,0.09375
837,3738,0,0,0.00044608958538353883,5,108,37,145,0.7721552604698673,0.09375
838,3926,0,1,0.630873867080956,5,108,38,146,0.7759397344228804,0.0967741935483871
839,4049,0,0,0.0017266815692823347,5,108,38,146,0.7828349944629014,0.1
840,4053,0,0,0.007754225421741794,5,108,38,146,0.7897366320830008,0.10344827586206896
841,4064,0,0,0.1500860161963418,5,108,38,146,0.7880000000000001,0.07142857142857142
842,4173,0,0,0.006523292098960887,5,108,38,146,0.7949818879181761,0.07407407407407407
843,4313,0,0,0.00011840401604027375,5,108,38,146,0.8019715033439954,0.07692307692307693
844,4438,0,0,0.00026868507240689407,5,108,38,146,0.808968058968059,0.08
845,4476,0,0,2.5560111219155382e-05,5,108,38,146,0.8159706959706959,0.08333333333333333
846,4621,0,0,0.0002708431395793257,5,108,38,146,0.8229784735812133,0.08695652173913043
847,4626,0,0,0.2609272661473457,5,108,38,146,0.8299903567984572,0.09090909090909091
848,4655,0,0,0.0001834181101821865,5,108,38,146,0.8299903567984572,0.09090909090909091
849,4698,0,0,0.006332549374727016,5,108,38,146,0.8299903567984572,0.09090909090909091
850,4714,0,0,0.0009718379418135831,5,108,38,146,0.8299903567984572,0.09090909090909091
851,4930,0,0,0.002942466055513787,5,108,38,146,0.8299903567984572,0.09090909090909091
852,4998,0,0,0.0018039591693580434,5,108,38,146,0.8299903567984572,0.09090909090909091
853,18,1,0,0.0005846851768565649,5,109,38,147,0.8229784735812133,0.08695652173913043
854,409,1,0,1.3251062571496829e-07,5,110,38,148,0.8159706959706959,0.08333333333333333
855,2580,0,0,0.0017038811576511844,5,110,38,148,0.8159706959706959,0.08333333333333333
856,2773,0,0,0.4043504598278622,5,110,38,148,0.8159706959706959,0.08333333333333333
857,2802,0,0,0.0006301950191329071,5,110,38,148,0.8159706959706959,0.08333333333333333
858,2824,0,0,0.001837084600913408,5,110,38,148,0.8159706959706959,0.08333333333333333
859,3005,0,0,0.0021810755412922217,5,110,38,148,0.8159706959706959,0.08333333333333333
860,3011,0,1,0.8250232394177437,5,110,39,149,0.8129729729729729,0.08333333333333333
861,3021,0,0,0.04229973333996589,5,110,39,149,0.8129729729729729,0.08333333333333333
862,3464,0,0,0.0011134492773985114,5,110,39,149,0.8129729729729729,0.08333333333333333
863,3502,0,0,0.01291572349037476,5,110,39,149,0.8159706959706959,0.08333333333333333
864,3589,0,0,0.00022558941677976036,5,110,39,149,0.8189745596868885,0.08333333333333333
865,3659,0,0,0.0003733759709756854,5,110,39,149,0.8189745596868885,0.08333333333333333
866,3817,0,0,0.0009441657170723023,5,110,39,149,0.8189745596868885,0.08333333333333333
867,3842,0,0,0.0003443254543968491,5,110,39,149,0.8189745596868885,0.08333333333333333
868,3874,0,0,0.0008805711871358961,5,110,39,149,0.8189745596868885,0.08333333333333333
869,3883,0,1,0.8901554875524762,5,110,40,150,0.8159706959706959,0.08333333333333333
870,3930,0,0,0.12090385680854122,5,110,40,150,0.8159706959706959,0.08333333333333333
871,3956,0,0,0.00023940580216440715,5,110,40,150,0.8159706959706959,0.08333333333333333
872,4030,0,0,7.649200727100715e-05,5,110,40,150,0.8229784735812133,0.08695652173913043
873,4047,0,0,0.17212386808040295,5,110,40,150,0.8299903567984572,0.09090909090909091
874,4152,0,0,0.0029009760953743074,5,110,40,150,0.8299903567984572,0.09090909090909091
875,4341,0,0,5.1490371324658125e-05,5,110,40,150,0.8299903567984572,0.09090909090909091
876,4348,0,0,0.027899202643823073,5,110,40,150,0.8299903567984572,0.09090909090909091
877,4466,0,0,0.09727408924562833,5,110,40,150,0.8299903567984572,0.09090909090909091
878,4487,0,0,0.0005396850717128925,5,110,40,150,0.8299903567984572,0.09090909090909091
879,4521,0,0,0.002370212979801251,5,110,40,150,0.833006357856494,0.09090909090909091
880,4695,0,0,0.0010060040086233865,5,110,40,150,0.833006357856494,0.09090909090909091
881,4841,0,0,0.005370561261246465,5,110,40,150,0.833006357856494,0.09090909090909091
882,739,1,0,0.0030959584557373266,5,111,40,151,0.8259884281581487,0.08695652173913043
883,1434,1,0,0.07914340403170837,5,112,40,152,0.8189745596868885,0.08333333333333333
884,1657,1,1,0.9193012825320562,5,112,40,152,0.8205457523639342,0.12
885,2523,0,0,0.00027266741638591797,5,112,40,152,0.8205457523639342,0.12
886,2725,0,0,0.0001460230093016276,5,112,40,152,0.8205457523639342,0.12
887,2768,0,0,0.0005828132337961558,5,112,40,152,0.8205457523639342,0.12
888,2893,0,0,0.000621458194111781,5,112,40,152,0.8205457523639342,0.12
889,3256,0,0,0.0017281929172808363,5,112,40,152,0.8205457523639342,0.12
890,3288,0,0,0.0006403195495087444,5,112,40,152,0.8205457523639342,0.12
891,3342,0,0,0.17041734818389925,5,112,40,152,0.8205457523639342,0.12
892,3382,0,0,0.03582223339969432,5,112,40,152,0.8205457523639342,0.12
893,3449,0,0,0.00011117017620576616,5,112,40,152,0.8237179487179486,0.12
894,3470,0,0,0.001925616245522021,5,112,40,152,0.8306536203522503,0.125
895,3645,0,0,0.006727900921241472,5,112,40,152,0.8306536203522503,0.125
896,3670,0,0,0.0003147392400157471,5,112,40,152,0.8306536203522503,0.125
897,3763,0,0,1.7223109243905203e-05,5,112,40,152,0.8306536203522503,0.125
898,3993,0,0,0.2762243268704055,5,112,40,152,0.8306536203522503,0.125
899,4073,0,0,0.04477646965709446,6,112,40,152,0.8306536203522503,0.125
900,4186,0,0,0.002649341322105575,6,112,40,152,0.8306536203522503,0.125
901,4274,0,0,0.0010668246901314347,6,112,40,152,0.8306536203522503,0.125
902,4419,0,0,0.0009883256000109508,6,112,40,152,0.8306536203522503,0.125
903,4439,0,0,0.00023394354620334738,6,112,40,152,0.8306536203522503,0.125
904,4489,0,0,6.697351954926652e-05,6,112,40,152,0.8306536203522503,0.125
905,4524,0,0,0.005317668989212485,6,112,40,152,0.8306536203522503,0.125
906,4555,0,0,0.0003636283094165388,6,112,40,152,0.8306536203522503,0.125
907,4582,0,0,0.0006627711214692324,6,112,40,152,0.8306536203522503,0.125
908,4774,0,0,0.04206066448061816,6,112,40,152,0.8306536203522503,0.125
909,4792,0,0,0.0005648752661032754,6,112,40,152,0.8306536203522503,0.125
910,4855,0,0,0.07677494854208072,6,112,40,152,0.8306536203522503,0.125
911,544,1,0,0.0010207463451201765,6,113,40,153,0.8237179487179486,0.12
912,876,1,1,0.9199136203591787,6,113,40,153,0.8252689735388193,0.15384615384615385
913,2522,0,0,0.0011767698143417447,6,113,40,153,0.8252689735388193,0.15384615384615385
914,2551,0,0,0.00029449882039664013,6,113,40,153,0.8252689735388193,0.15384615384615385
915,2637,0,0,0.00032033875964285175,6,113,40,153,0.8252689735388193,0.15384615384615385
916,2688,0,0,0.0001034692351868643,6,113,40,153,0.8252689735388193,0.15384615384615385
917,2739,0,0,0.002241818431903074,6,113,40,153,0.8286039758767031,0.15384615384615385
918,2817,0,0,0.0006673710485011875,6,113,40,153,0.8286039758767031,0.15384615384615385
919,2952,0,0,3.418674014250619e-05,6,113,40,153,0.8286039758767031,0.15384615384615385
920,3015,0,0,0.0012405633381100667,6,113,40,153,0.8286039758767031,0.15384615384615385
921,3020,0,0,0.00032464207329134563,6,113,40,153,0.8319658119658119,0.15384615384615385
922,3056,0,0,0.0035216812209566757,6,113,40,153,0.8319658119658119,0.15384615384615385
923,3141,0,0,0.0002457338889853385,6,113,40,153,0.8319658119658119,0.15384615384615385
924,3225,0,1,0.5725485200503757,6,113,41,154,0.8286039758767031,0.15384615384615385
925,3248,0,0,0.0012840064075429574,6,113,41,154,0.8286039758767031,0.15384615384615385
926,3317,0,0,0.00036521465912270226,6,113,41,154,0.8286039758767031,0.15384615384615385
927,3444,0,1,0.7221106440304318,6,113,42,155,0.8252689735388193,0.15384615384615385
928,3453,0,0,0.0003395301016720216,6,113,42,155,0.8252689735388193,0.15384615384615385
929,3456,0,0,0.00029354080024020316,6,113,42,155,0.8252689735388193,0.15384615384615385
930,3482,0,0,0.004725431056642295,6,113,42,155,0.8252689735388193,0.15384615384615385
931,3510,0,0,0.00033756212880459494,6,113,42,155,0.8252689735388193,0.15384615384615385
932,3683,0,1,0.9714908574347825,6,113,43,156,0.8219575253924285,0.15384615384615385
933,3684,0,0,2.8709892897080447e-05,6,113,43,156,0.8219575253924285,0.15384615384615385
934,3786,0,0,0.00028452712900388247,6,113,43,156,0.8252689735388193,0.15384615384615385
935,3843,0,0,0.00023590937395604806,6,113,43,156,0.8252689735388193,0.15384615384615385
936,3983,0,0,0.0028561895534584014,6,113,43,156,0.8252689735388193,0.15384615384615385
937,3991,0,0,0.0003980392298725671,6,113,43,156,0.8252689735388193,0.15384615384615385
938,4135,0,0,1.6388054879538562e-05,6,113,43,156,0.8252689735388193,0.15384615384615385
939,4197,0,0,3.093514732131006e-05,6,113,43,156,0.8321234457598095,0.16
940,4233,0,1,0.9144427161789557,6,113,44,157,0.8356429156429157,0.16666666666666666
941,4356,0,0,0.0006826173492860522,6,113,44,157,0.8356429156429157,0.16666666666666666
942,4387,0,0,0.0009322418588204749,6,113,44,157,0.8356429156429157,0.16666666666666666
943,4518,0,0,0.0023097065513051776,6,113,44,157,0.8356429156429157,0.16666666666666666
944,4543,0,0,0.010708314077735188,6,113,44,157,0.8356429156429157,0.16666666666666666
945,4561,0,0,0.005990119153723652,6,113,44,157,0.8356429156429157,0.16666666666666666
946,4643,0,0,4.656688055721916e-06,6,113,44,157,0.8356429156429157,0.16666666666666666
947,4706,0,0,0.0065535172406929985,6,113,44,157,0.8356429156429157,0.16666666666666666
948,4715,0,0,0.024476123795924908,6,113,44,157,0.8356429156429157,0.16666666666666666
949,4772,0,0,0.0014211700038872439,6,113,44,157,0.8356429156429157,0.16666666666666666
950,4821,0,0,0.010789843571548538,6,113,44,157,0.8356429156429157,0.16666666666666666
951,4824,0,0,4.686494448229428e-05,6,113,44,157,0.8356429156429157,0.16666666666666666
952,4890,0,0,2.1735168261376154e-05,6,113,44,157,0.8356429156429157,0.16666666666666666
953,4913,0,0,0.00011647463645766489,6,113,44,157,0.8356429156429157,0.16666666666666666
954,90,1,0,0.004670173627426331,6,114,44,158,0.8288019773189881,0.16
955,1977,1,0,5.633498357451548e-05,6,115,44,159,0.8219575253924285,0.15384615384615385
956,2563,0,0,0.0003365965794439517,6,115,44,159,0.8219575253924285,0.15384615384615385
957,2569,0,0,0.0010457090893888387,6,115,44,159,0.8219575253924285,0.15384615384615385
958,2642,0,0,0.0033293168626006312,6,115,44,159,0.8288019773189881,0.16
959,2659,0,0,0.0010332233573404207,6,115,44,159,0.8356429156429157,0.16666666666666666
960,2693,0,0,0.0003254849138276405,6,115,44,159,0.8356429156429157,0.16666666666666666
961,2709,0,0,0.003646378663275239,6,115,44,159,0.8356429156429157,0.16666666666666666
962,2729,0,0,0.0024590118071105872,6,115,44,159,0.8356429156429157,0.16666666666666666
963,2738,0,0,0.00021842104558534632,6,115,44,159,0.8356429156429157,0.16666666666666666
964,2756,0,0,0.02819220677049559,6,115,44,159,0.8356429156429157,0.16666666666666666
965,2928,0,0,0.3315681374027762,6,115,44,159,0.8356429156429157,0.16666666666666666
966,3001,0,0,0.001297307473250592,6,115,44,159,0.8356429156429157,0.16666666666666666
967,3023,0,0,0.00013706807916208583,6,115,44,159,0.8356429156429157,0.16666666666666666
968,3029,0,0,1.1590100589207542e-05,6,115,44,159,0.8356429156429157,0.16666666666666666
969,3036,0,0,4.425236560819407e-06,6,115,44,159,0.8356429156429157,0.16666666666666666
970,3059,0,0,0.034685950226822505,6,115,44,159,0.8356429156429157,0.16666666666666666
971,3184,0,0,0.0034703878489294308,6,115,44,159,0.8356429156429157,0.16666666666666666
972,3296,0,0,0.0001360331581294657,6,115,44,159,0.8356429156429157,0.16666666666666666
973,3307,0,0,0.0003481139348711562,6,115,44,159,0.8356429156429157,0.16666666666666666
974,3315,0,0,0.0002621344958575518,6,115,44,159,0.8356429156429157,0.16666666666666666
975,3331,0,0,0.004005087447273826,6,115,44,159,0.8356429156429157,0.16666666666666666
976,3367,0,0,0.0033485373180116166,6,115,44,159,0.8356429156429157,0.16666666666666666
977,3381,0,0,0.02098994828758407,6,115,44,159,0.8424786324786325,0.17391304347826086
978,3389,0,0,0.002752720391314038,6,115,44,159,0.8413243330118932,0.13636363636363635
979,3411,0,0,0.002510235427603799,6,115,44,159,0.8482462224424077,0.14285714285714285
980,3440,0,0,0.0012381580129266518,6,115,44,159,0.8551630434782609,0.15
981,3447,0,0,0.0010316235128518874,6,115,44,159,0.8620727336305621,0.15789473684210525
982,3489,0,0,0.00016601319766282557,6,115,44,159,0.868972972972973,0.16666666666666666
983,3556,0,0,7.633656491813154e-05,6,115,44,159,0.875861139511107,0.17647058823529413
984,3588,0,0,0.0021306726301441223,6,115,44,159,0.875861139511107,0.17647058823529413
985,3625,0,0,0.0003493074995522292,6,115,44,159,0.875861139511107,0.17647058823529413
986,3630,0,0,6.145358543664724e-05,6,115,44,159,0.875861139511107,0.17647058823529413
987,3697,0,0,0.0003082782603117418,6,115,44,159,0.875861139511107,0.17647058823529413
988,3803,0,0,0.0035187308291176034,6,115,44,159,0.875861139511107,0.17647058823529413
989,3823,0,0,0.014051172534895325,6,115,44,159,0.875861139511107,0.17647058823529413
990,3826,0,0,0.0006297097298334243,6,115,44,159,0.8791013824884792,0.17647058823529413
991,3872,0,0,0.0006383126407866161,6,115,44,159,0.8791013824884792,0.17647058823529413
992,3901,0,0,0.00021210277407234402,6,115,44,159,0.8791013824884792,0.17647058823529413
993,3920,0,0,0.0017190961576594934,6,115,44,159,0.8791013824884792,0.17647058823529413
994,3979,0,0,0.3770378323075698,6,115,44,159,0.8791013824884792,0.17647058823529413
995,3990,0,0,0.0007373452360047259,6,115,44,159,0.8791013824884792,0.17647058823529413
996,4055,0,0,0.44225662643999314,6,115,44,159,0.8791013824884792,0.17647058823529413
997,4100,0,0,9.64060378090609e-05,6,115,44,159,0.8791013824884792,0.17647058823529413
998,4168,0,0,0.0004218787403863018,6,115,44,159,0.8791013824884792,0.17647058823529413
999,4169,0,0,0.2946319381461486,6,115,44,159,0.8791013824884792,0.17647058823529413
1000,4175,0,0,0.0003632691310293416,6,115,44,159,0.8791013824884792,0.17647058823529413
1001,4182,0,0,0.0015186698988131713,6,115,44,159,0.8791013824884792,0.17647058823529413
1002,4226,0,1,0.8997158977703963,6,115,45,160,0.875861139511107,0.17647058823529413
1003,4263,0,0,0.0004034038387840582,6,115,45,160,0.875861139511107,0.17647058823529413
1004,4275,0,0,0.0011645138015406707,6,115,45,160,0.875861139511107,0.17647058823529413
1005,4393,0,0,0.00019143313626756282,6,115,45,160,0.875861139511107,0.17647058823529413
1006,4434,0,0,1.2669860180443935e-05,6,115,45,160,0.8791013824884792,0.17647058823529413
1007,4600,0,0,0.0017936220899974925,6,115,45,160,0.8791013824884792,0.17647058823529413
1008,4611,0,0,2.266640473930088e-05,6,115,45,160,0.8791013824884792,0.17647058823529413
1009,4707,0,0,0.0007341283968153634,6,115,45,160,0.8791013824884792,0.17647058823529413
1010,4766,0,0,0.00042223105496265624,6,115,45,160,0.8859815311289841,0.1875
1011,4767,0,0,0.0006093147180313627,6,115,45,160,0.892842451665981,0.2
1012,4806,0,1,0.8120788154873247,6,115,46,161,0.8964212258329906,0.21428571428571427
1013,4850,0,1,0.9289743671274896,6,115,47,162,0.9,0.23076923076923078
1014,4965,0,0,0.23796589883394073,6,115,47,162,0.9067733333333333,0.25
1015,4994,0,0,0.0001582004538242239,6,115,47,162,0.9069392226963441,0.18181818181818182
1016,4995,0,0,0.0002467661736158269,6,115,47,162,0.9138528138528137,0.2
1017,62,1,1,0.9995411268502029,6,115,47,162,0.9202052819743973,0.3
1018,2645,0,0,0.00165680261623176,6,115,47,162,0.9202052819743973,0.3
1019,2723,0,0,0.09231010577470905,6,115,47,162,0.9202052819743973,0.3
1020,2789,0,0,0.0005578747605785604,6,115,47,162,0.9202052819743973,0.3
1021,2859,0,0,0.00021426371625090065,6,115,47,162,0.9202052819743973,0.3
1022,2906,0,1,0.500120593144508,6,115,48,163,0.9170212765957447,0.3
1023,2956,0,0,6.726071694649786e-05,6,115,48,163,0.9170212765957447,0.3
1024,3018,0,0,0.006305528863758009,6,115,48,163,0.9170212765957447,0.3
1025,3316,0,0,0.0040920789521736185,6,115,48,163,0.9170212765957447,0.3
1026,3378,0,0,4.368338276215955e-05,6,115,48,163,0.9170212765957447,0.3
1027,3400,0,0,0.0005815989435175813,6,115,48,163,0.9170212765957447,0.3
1028,3708,0,0,0.43845666505612907,6,115,48,163,0.9170212765957447,0.3
1029,3792,0,0,0.00317127984446689,6,115,48,163,0.9170212765957447,0.3
1030,3887,0,0,0.0002611386397706154,6,115,48,163,0.9170212765957447,0.3
1031,3916,0,0,0.008504050248867502,6,115,48,163,0.9170212765957447,0.3
1032,3924,0,0,0.007906718314461667,6,115,48,163,0.9170212765957447,0.3
1033,3948,0,0,0.1072618780124117,6,115,48,163,0.9170212765957447,0.3
1034,3949,0,0,0.23221702485480816,6,115,48,163,0.9170212765957447,0.3
1035,3978,0,0,0.005246736145146966,6,115,48,163,0.9170212765957447,0.3
1036,4070,0,0,0.0003537738231212341,6,115,48,163,0.9170212765957447,0.3
1037,4146,0,0,0.003874648305372493,6,115,48,163,0.9170212765957447,0.3
1038,4162,0,0,0.00020675044477683457,6,115,48,163,0.9202052819743973,0.3
1039,4225,0,0,0.0007502464694521747,6,115,48,163,0.9202052819743973,0.3
1040,4261,0,0,2.4375300754677635e-05,6,115,48,163,0.9202052819743973,0.3
1041,4270,0,0,0.001094224125645598,6,115,48,163,0.9202052819743973,0.3
1042,4530,0,0,0.002620247496347031,6,115,48,163,0.9202052819743973,0.3
1043,4615,0,0,0.0035761599774708774,6,115,48,163,0.9202052819743973,0.3
1044,4670,0,0,7.334479035364875e-05,6,115,48,163,0.9202052819743973,0.3
1045,4700,0,0,9.323421864883158e-05,6,115,48,163,0.9202052819743973,0.3
1046,4735,0,0,1.3300685859595166e-05,6,115,48,163,0.9202052819743973,0.3
1047,4742,0,0,0.004859040542230539,6,115,48,163,0.9202052819743973,0.3
1048,4748,0,0,0.0006519501010335323,6,115,48,163,0.9202052819743973,0.3
1049,4811,0,0,2.877384733948918e-05,7,115,48,163,0.9202052819743973,0.3
1050,4917,0,0,0.0025004436033203934,7,115,48,163,0.9202052819743973,0.3
1051,4945,0,0,0.00036736408754551095,7,115,48,163,0.9202052819743973,0.3
1052,537,1,0,0.0001467050964665977,7,116,48,164,0.9135106382978724,0.2727272727272727
1053,883,1,0,9.208046899421587e-05,7,117,48,165,0.9135106382978724,0.2727272727272727
1054,2134,1,0,0.00041655776487016695,7,118,48,166,0.9135106382978724,0.2727272727272727
1055,2324,1,0,0.00030577656097018714,7,119,48,167,0.9067733333333333,0.25
1056,2335,1,1,0.9992322583166363,7,119,48,167,0.9066319134147552,0.3076923076923077
1057,2495,1,1,0.6409578309216277,7,119,48,167,0.9065098986894692,0.35714285714285715
1058,2581,0,0,0.001809547002437674,7,119,48,167,0.9065098986894692,0.35714285714285715
1059,2615,0,0,0.001179083584449095,7,119,48,167,0.9065098986894692,0.35714285714285715
1060,2776,0,0,0.13010301084079853,7,119,48,167,0.91,0.35714285714285715
1061,2811,0,0,0.007945186789625617,7,119,48,167,0.91,0.35714285714285715
1062,2861,0,0,0.0006570148643589162,7,119,48,167,0.91,0.35714285714285715
1063,2884,0,0,0.0011248973071843519,7,119,48,167,0.91,0.35714285714285715
1064,2938,0,0,0.0026211161285064483,7,119,48,167,0.91,0.35714285714285715
1065,2942,0,0,0.0010932746869554298,7,119,48,167,0.91,0.35714285714285715
1066,3042,0,0,0.057976201125478626,7,119,48,167,0.91,0.35714285714285715
1067,3054,0,0,0.000722979242464743,7,119,48,167,0.91,0.35714285714285715
1068,3182,0,0,0.0001396582935572939,7,119,48,167,0.91,0.35714285714285715
1069,3259,0,0,0.000167170233048888,7,119,48,167,0.9135398669446927,0.35714285714285715
1070,3269,0,0,0.0009360334296038676,7,119,48,167,0.9135398669446927,0.35714285714285715
1071,3321,0,0,0.0008366317314835273,7,119,48,167,0.9135398669446927,0.35714285714285715
1072,3334,0,0,1.4634501672225353e-05,7,119,48,167,0.9135398669446927,0.35714285714285715
1073,3356,0,0,0.0006936245244501418,7,119,48,167,0.9135398669446927,0.35714285714285715
1074,3376,0,0,0.0007351191934341192,7,119,48,167,0.9135398669446927,0.35714285714285715
1075,3505,0,1,0.5289952193247808,7,119,49,168,0.91,0.35714285714285715
1076,3632,0,0,0.0002607062019323173,7,119,49,168,0.91,0.35714285714285715
1077,3728,0,0,0.0022062606075923317,7,119,49,168,0.91,0.35714285714285715
1078,3853,0,0,0.12991726504345882,7,119,49,168,0.91,0.35714285714285715
1079,4038,0,0,0.0005751662070988594,7,119,49,168,0.91,0.35714285714285715
1080,4184,0,0,0.009071483346086326,7,119,49,168,0.91,0.35714285714285715
1081,4266,0,0,0.0004366116328422672,7,119,49,168,0.91,0.35714285714285715
1082,4331,0,1,0.7538157903218802,7,119,50,169,0.9129723502304148,0.38461538461538464
1083,4350,0,0,5.601090445106184e-05,7,119,50,169,0.9193803991659221,0.4166666666666667
1084,4425,0,0,9.699717921518533e-05,7,119,50,169,0.91976,0.36363636363636365
1085,4453,0,0,4.2878831509229376e-05,7,119,50,169,0.91976,0.36363636363636365
1086,4454,0,0,0.0014814258018145125,7,119,50,169,0.91976,0.36363636363636365
1087,4531,0,0,0.00016897028903768566,7,119,50,169,0.91976,0.36363636363636365
1088,4538,0,0,0.004827560971059786,7,119,50,169,0.91976,0.36363636363636365
1089,4562,0,0,0.0010817940789791972,7,119,50,169,0.91976,0.36363636363636365
1090,4597,0,0,0.4430821598064202,7,119,50,169,0.91976,0.36363636363636365
1091,4709,0,0,0.0007880587767834436,7,119,50,169,0.91976,0.36363636363636365
1092,4746,0,0,5.448964694945405e-05,7,119,50,169,0.91976,0.36363636363636365
1093,4786,0,0,1.3111961834278524e-05,7,119,50,169,0.91976,0.36363636363636365
1094,217,1,0,2.4433997077516403e-07,7,120,50,170,0.9132208967503085,0.3333333333333333
1095,489,1,0,0.4955107225879619,7,121,50,171,0.9066319134147552,0.3076923076923077
1096,553,1,0,0.25511123038603056,7,122,50,172,0.9,0.2857142857142857
1097,583,1,0,0.0034107954828257784,7,123,50,173,0.8933311646063761,0.26666666666666666
1098,714,1,1,0.9916251738798034,7,123,50,173,0.8934487280356674,0.3125
1099,1119,1,0,0.2694827935568435,7,124,50,174,0.8868614130434783,0.29411764705882354
1100,1440,1,1,0.9967737476570573,7,124,50,174,0.8870652523304403,0.3333333333333333
1101,1844,1,0,0.001430554955246016,7,125,50,175,0.8805440313111547,0.3157894736842105
1102,1881,1,0,0.07397242255687354,7,126,50,176,0.873992673992674,0.3
1103,2064,1,1,0.9990742071442967,7,126,50,176,0.87434719395173,0.3333333333333333
1104,2715,0,0,0.0003207501059868474,7,126,50,176,0.87434719395173,0.3333333333333333
1105,2783,0,0,0.0026470935576790476,7,126,50,176,0.87434719395173,0.3333333333333333
1106,2834,0,0,0.0016035142824546301,7,126,50,176,0.87434719395173,0.3333333333333333
1107,2850,0,0,0.006584471843655176,7,126,50,176,0.87434719395173,0.3333333333333333
1108,2858,0,0,0.16404165873161852,7,126,50,176,0.87434719395173,0.3333333333333333
1109,2969,0,0,0.004033024751519204,7,126,50,176,0.87434719395173,0.3333333333333333
1110,2985,0,0,0.12270142803939549,7,126,50,176,0.87434719395173,0.3333333333333333
1111,3119,0,0,0.00011365426882424924,7,126,50,176,0.8808130444494081,0.35
1112,3123,0,0,0.0003650236086635515,7,126,50,176,0.8805440313111547,0.3157894736842105
1113,3134,0,0,7.647764734616229e-05,7,126,50,176,0.8805440313111547,0.3157894736842105
1114,3212,0,0,0.0003081790181883809,7,126,50,176,0.8805440313111547,0.3157894736842105
1115,3284,0,0,0.00021590902318935348,7,126,50,176,0.8805440313111547,0.3157894736842105
1116,3373,0,0,0.0020085441688825903,7,126,50,176,0.8805440313111547,0.3157894736842105
1117,3445,0,0,0.00020290768649315245,7,126,50,176,0.8805440313111547,0.3157894736842105
1118,3512,0,0,0.11962495302213727,7,126,50,176,0.8805440313111547,0.3157894736842105
1119,3937,0,0,0.00021023893138817843,7,126,50,176,0.8805440313111547,0.3157894736842105
1120,4017,0,0,0.00396241443283611,7,126,50,176,0.8805440313111547,0.3157894736842105
1121,4183,0,0,0.00017540761193711525,7,126,50,176,0.8805440313111547,0.3157894736842105
1122,4214,0,0,0.027888881729986034,7,126,50,176,0.8805440313111547,0.3157894736842105
1123,4311,0,0,0.004730084277562106,7,126,50,176,0.8805440313111547,0.3157894736842105
1124,4372,0,0,1.8162820613499174e-05,7,126,50,176,0.8841305046608808,0.3157894736842105
1125,4436,0,0,0.005033483206961247,7,126,50,176,0.8841305046608808,0.3157894736842105
1126,4519,0,0,0.0011546450716252053,7,126,50,176,0.8841305046608808,0.3157894736842105
1127,4554,0,0,0.044056149362781176,7,126,50,176,0.8877607134010403,0.3157894736842105
1128,4691,0,0,0.007954542586193101,7,126,50,176,0.8877607134010403,0.3157894736842105
1129,4694,0,0,0.0013353186276101946,7,126,50,176,0.8877607134010403,0.3157894736842105
1130,4721,0,0,0.21396907232771326,7,126,50,176,0.8877607134010403,0.3157894736842105
1131,4931,0,0,4.4547095680798915e-05,7,126,50,176,0.8877607134010403,0.3157894736842105
1132,4976,0,0,1.4852572099563328e-05,7,126,50,176,0.8914402173913044,0.3157894736842105
1133,157,1,0,0.02609994993165174,7,127,50,177,0.8848649987614565,0.3
1134,2533,0,0,0.005469303552761495,7,127,50,177,0.8848649987614565,0.3
1135,2689,0,0,0.00042896537442070517,7,127,50,177,0.8848649987614565,0.3
1136,2813,0,0,0.0005180800236096971,7,127,50,177,0.8848649987614565,0.3
1137,2899,0,0,8.371103722093933e-06,7,127,50,177,0.8848649987614565,0.3
1138,2994,0,0,0.0008866699913907166,7,127,50,177,0.8848649987614565,0.3
1139,3096,0,0,0.0006399255426056823,7,127,50,177,0.8848649987614565,0.3
1140,3156,0,0,0.20317068897558838,7,127,50,177,0.888586956521739,0.3
1141,3177,0,0,0.0001507370217613533,7,127,50,177,0.888586956521739,0.3
1142,3181,0,0,0.006152445954929835,7,127,50,177,0.888586956521739,0.3
1143,3186,0,0,2.091214229237042e-05,7,127,50,177,0.888586956521739,0.3
1144,3353,0,0,0.0002998764847068229,7,127,50,177,0.888586956521739,0.3
1145,3430,0,1,0.6908195884316106,7,127,51,178,0.8848649987614565,0.3
1146,3499,0,0,0.0009210307874414345,7,127,51,178,0.8848649987614565,0.3
1147,3586,0,0,0.000306872163575699,7,127,51,178,0.8848649987614565,0.3
1148,3604,0,0,8.891461969323872e-06,7,127,51,178,0.8848649987614565,0.3
1149,3623,0,0,0.07401926592119637,7,127,51,178,0.8848649987614565,0.3
1150,3644,0,0,0.003430618995238576,7,127,51,178,0.8848649987614565,0.3
1151,3766,0,1,0.9942302183502633,7,127,52,179,0.8811957569913211,0.3
1152,3816,0,0,0.04040027450517016,7,127,52,179,0.8811957569913211,0.3
1153,3832,0,0,0.03781406538292256,7,127,52,179,0.8811957569913211,0.3
1154,3870,0,0,0.0006126401211244088,7,127,52,179,0.8877607134010403,0.3157894736842105
1155,3969,0,0,0.0012121984659698407,7,127,52,179,0.8942934782608696,0.3333333333333333
1156,3984,0,0,0.003520279820991009,7,127,52,179,0.8942934782608696,0.3333333333333333
1157,4066,0,0,9.968264412645325e-05,7,127,52,179,0.8942934782608696,0.3333333333333333
1158,4093,0,0,0.00038557244974556413,7,127,52,179,0.8942934782608696,0.3333333333333333
1159,4109,0,1,0.7784171976311522,7,127,53,180,0.8906564280406242,0.3333333333333333
1160,4195,0,1,0.9358318650189145,7,127,54,181,0.8870652523304403,0.3333333333333333
1161,4208,0,0,0.00030997561992910565,7,127,54,181,0.8870652523304403,0.3333333333333333
1162,4392,0,0,0.2991816954038306,7,127,54,181,0.8870652523304403,0.3333333333333333
1163,4413,0,0,0.00015281124694428833,7,127,54,181,0.8870652523304403,0.3333333333333333
1164,4442,0,0,0.0025158315758315787,7,127,54,181,0.8870652523304403,0.3333333333333333
1165,4470,0,0,0.0009087412386529642,7,127,54,181,0.8870652523304403,0.3333333333333333
1166,4658,0,0,0.023215934227896938,7,127,54,181,0.8870652523304403,0.3333333333333333
1167,4662,0,0,0.0211889768489938,7,127,54,181,0.8870652523304403,0.3333333333333333
1168,4799,0,0,4.76143921834101e-05,7,127,54,181,0.8870652523304403,0.3333333333333333
1169,4899,0,0,0.00010326506341609084,7,127,54,181,0.8870652523304403,0.3333333333333333
1170,4923,0,0,0.013427932916949957,7,127,54,181,0.8870652523304403,0.3333333333333333
1171,54,1,0,0.2694858892047652,7,128,54,182,0.8805440313111547,0.3157894736842105
1172,85,1,0,0.000384716278807982,7,129,54,183,0.873992673992674,0.3
1173,1629,1,0,0.05821568491647805,7,130,54,184,0.8674149355967538,0.2857142857142857
1174,2516,0,0,0.0037789622208139707,7,130,54,184,0.8674149355967538,0.2857142857142857
1175,2589,0,0,0.0003875685610887678,7,130,54,184,0.8674149355967538,0.2857142857142857
1176,2681,0,0,2.0368911889504756e-05,7,130,54,184,0.8674149355967538,0.2857142857142857
1177,2712,0,0,0.0004927030301733178,7,130,54,184,0.8674149355967538,0.2857142857142857
1178,2777,0,0,0.0002649020079844984,7,130,54,184,0.8674149355967538,0.2857142857142857
1179,2870,0,0,0.0003896530917779631,7,130,54,184,0.8674149355967538,0.2857142857142857
1180,2924,0,0,3.1424062653082505e-06,7,130,54,184,0.8674149355967538,0.2857142857142857
1181,2986,0,0,0.0012374003269265358,7,130,54,184,0.8674149355967538,0.2857142857142857
1182,3014,0,0,2.5512164107403047e-05,7,130,54,184,0.8674149355967538,0.2857142857142857
1183,3377,0,0,0.0010435672353978909,7,130,54,184,0.8674149355967538,0.2857142857142857
1184,3420,0,0,0.05111017819197225,7,130,54,184,0.8674149355967538,0.2857142857142857
1185,3472,0,0,0.0015212027067445922,7,130,54,184,0.8674149355967538,0.2857142857142857
1186,3491,0,0,0.0001430598766286815,7,130,54,184,0.8674149355967538,0.2857142857142857
1187,3517,0,0,0.008253659556398497,7,130,54,184,0.8674149355967538,0.2857142857142857
1188,3662,0,0,0.0021675988421351613,7,130,54,184,0.8674149355967538,0.2857142857142857
1189,3674,0,0,0.0008469456410208743,7,130,54,184,0.8674149355967538,0.2857142857142857
1190,3731,0,0,0.0021617761658834418,7,130,54,184,0.8674149355967538,0.2857142857142857
1191,3807,0,0,7.650398003483541e-05,7,130,54,184,0.8674149355967538,0.2857142857142857
1192,3813,0,0,0.011866779477995533,7,130,54,184,0.8674149355967538,0.2857142857142857
1193,3862,0,0,0.0036567114368182036,7,130,54,184,0.8674149355967538,0.2857142857142857
1194,4028,0,0,0.0051440633986218854,7,130,54,184,0.8674149355967538,0.2857142857142857
1195,4059,0,0,0.0005981147574989385,7,130,54,184,0.8674149355967538,0.2857142857142857
1196,4213,0,0,1.9973253660798822e-06,7,130,54,184,0.8674149355967538,0.2857142857142857
1197,4272,0,0,0.07200963677678274,7,130,54,184,0.8674149355967538,0.2857142857142857
1198,4298,0,0,0.00029760919808219204,7,130,54,184,0.8674149355967538,0.2857142857142857
1199,4378,0,0,0.14910067353651985,8,130,54,184,0.8674149355967538,0.2857142857142857
1200,4595,0,0,0.002388470981764299,8,130,54,184,0.8674149355967538,0.2857142857142857
1201,4654,0,0,0.04755911456828354,8,130,54,184,0.8674149355967538,0.2857142857142857
1202,4664,0,0,1.5694880033012604e-05,8,130,54,184,0.8709890109890109,0.2857142857142857
1203,4761,0,0,0.004107386575786286,8,130,54,184,0.8709890109890109,0.2857142857142857
1204,4782,0,0,0.0014311457256489604,8,130,54,184,0.8709890109890109,0.2857142857142857
1205,4832,0,0,0.0014028697834005666,8,130,54,184,0.8709890109890109,0.2857142857142857
1206,2014,1,0,5.6969923968431255e-05,8,131,54,185,0.8643809098354552,0.2727272727272727
1207,2244,1,1,0.9972440678471142,8,131,54,185,0.8649939626393919,0.30434782608695654
1208,2611,0,0,0.18819392864923573,8,131,54,185,0.8649939626393919,0.30434782608695654
1209,2671,0,0,0.008808526776062097,8,131,54,185,0.8649939626393919,0.30434782608695654
1210,2828,0,0,0.0019084554395494737,8,131,54,185,0.8649939626393919,0.30434782608695654
1211,2971,0,0,0.000614690977854554,8,131,54,185,0.8649939626393919,0.30434782608695654
1212,3009,0,0,0.0019338891082241998,8,131,54,185,0.8686943879034604,0.30434782608695654
1213,3203,0,0,0.00027574270874668075,8,131,54,185,0.8724391333482244,0.30434782608695654
1214,3272,0,0,9.020046582819159e-06,8,131,54,185,0.8724391333482244,0.30434782608695654
1215,3358,0,0,0.0015460399368351439,8,131,54,185,0.8724391333482244,0.30434782608695654
1216,3391,0,0,0.011204947040317057,8,131,54,185,0.8724391333482244,0.30434782608695654
1217,3476,0,0,0.005351109156319127,8,131,54,185,0.8716320939334637,0.2727272727272727
1218,3585,0,0,0.0013267144602516448,8,131,54,185,0.8716320939334637,0.2727272727272727
1219,3693,0,0,0.004484665494342136,8,131,54,185,0.8716320939334637,0.2727272727272727
1220,3741,0,0,3.04428554862292e-06,8,131,54,185,0.8716320939334637,0.2727272727272727
1221,3910,0,0,0.00010679176788081974,8,131,54,185,0.8716320939334637,0.2727272727272727
1222,4132,0,0,0.0016589927709494158,8,131,54,185,0.875326261652202,0.2727272727272727
1223,4257,0,1,0.9974974978952076,8,131,55,186,0.8716320939334637,0.2727272727272727
1224,4269,0,0,0.06167451648187134,8,131,55,186,0.8716320939334637,0.2727272727272727
1225,4386,0,0,0.00026967505567413613,8,131,55,186,0.8716320939334637,0.2727272727272727
1226,4395,0,0,0.0017660092490305729,8,131,55,186,0.8716320939334637,0.2727272727272727
1227,4465,0,0,0.15999042478398906,8,131,55,186,0.8716320939334637,0.2727272727272727
1228,4469,0,0,0.0078466902320612,8,131,55,186,0.8716320939334637,0.2727272727272727
1229,4609,0,0,0.005164213794496109,8,131,55,186,0.8716320939334637,0.2727272727272727
1230,4663,0,0,0.0006168950220461845,8,131,55,186,0.8716320939334637,0.2727272727272727
1231,4678,0,0,0.0011035045664952764,8,131,55,186,0.8716320939334637,0.2727272727272727
1232,4929,0,0,6.470697081609641e-07,8,131,55,186,0.8716320939334637,0.2727272727272727
1233,4934,0,0,3.9709490764837645e-05,8,131,55,186,0.8716320939334637,0.2727272727272727
1234,4941,0,0,2.448802535133463e-06,8,131,55,186,0.8716320939334637,0.2727272727272727
1235,4952,0,0,3.127152599723936e-05,8,131,55,186,0.8716320939334637,0.2727272727272727
1236,4954,0,0,0.0029332029869788188,8,131,55,186,0.8716320939334637,0.2727272727272727
1237,4979,0,0,0.213228955593872,8,131,55,186,0.8716320939334637,0.2727272727272727
1238,1088,1,0,0.09508979813204411,8,132,55,187,0.8649816849816849,0.2608695652173913
1239,2252,1,0,0.012193204973095876,8,133,55,188,0.8583128583128583,0.25
1240,2513,0,0,2.0002151229133192e-05,8,133,55,188,0.8583128583128583,0.25
1241,2620,0,0,0.00420166005636287,8,133,55,188,0.8583128583128583,0.25
1242,2651,0,0,0.000899778715126395,8,133,55,188,0.8583128583128583,0.25
1243,2654,0,0,0.014243432596545692,8,133,55,188,0.8583128583128583,0.25
1244,2684,0,0,0.0027469806664046467,8,133,55,188,0.8583128583128583,0.25
1245,2696,0,0,0.0012367411662121608,8,133,55,188,0.8583128583128583,0.25
1246,2703,0,0,0.0002949519774843716,8,133,55,188,0.8583128583128583,0.25
1247,2871,0,0,0.0008852293078382108,8,133,55,188,0.8583128583128583,0.25
1248,2895,0,0,0.0013467824205291143,8,133,55,188,0.8583128583128583,0.25
1249,2918,0,0,0.0011583645800843493,8,133,55,188,0.8583128583128583,0.25
1250,2921,0,0,0.00023386284134833032,8,133,55,188,0.8583128583128583,0.25
1251,2929,0,0,0.0074002675234380024,8,133,55,188,0.8583128583128583,0.25
1252,3072,0,0,0.14909191888512155,8,133,55,188,0.8649816849816849,0.2608695652173913
1253,3084,0,0,0.0021902962696859047,8,133,55,188,0.8716320939334637,0.2727272727272727
1254,3104,0,0,0.0019703767054508633,8,133,55,188,0.8782610093217614,0.2857142857142857
1255,3172,0,0,1.5153976575214254e-05,8,133,55,188,0.8848649987614565,0.3
1256,3211,0,0,0.005414379726269275,8,133,55,188,0.8841410962496723,0.2631578947368421
1257,3214,0,0,0.0006007377143150189,8,133,55,188,0.8833181522446324,0.2222222222222222
1258,3224,0,1,0.5883808061220378,8,133,56,189,0.8798918918918921,0.2222222222222222
1259,3276,0,0,0.0005776279516718187,8,133,56,189,0.8798918918918921,0.2222222222222222
1260,3322,0,0,0.0012638994634941395,8,133,56,189,0.8798918918918921,0.2222222222222222
1261,3337,0,0,0.06957462220910468,8,133,56,189,0.8798918918918921,0.2222222222222222
1262,3402,0,0,0.00402045769402984,8,133,56,189,0.8798918918918921,0.2222222222222222
1263,3406,0,0,0.0005612538247105026,8,133,56,189,0.8798918918918921,0.2222222222222222
1264,3460,0,0,0.00025397342316776385,8,133,56,189,0.8798918918918921,0.2222222222222222
1265,3479,0,1,0.9960424644756607,8,133,57,190,0.8765049392429408,0.2222222222222222
1266,3496,0,0,0.00028967778228736896,8,133,57,190,0.8765049392429408,0.2222222222222222
1267,3736,0,0,0.0004854715320172693,8,133,57,190,0.8765049392429408,0.2222222222222222
1268,3804,0,0,0.40443211206987595,8,133,57,190,0.8765049392429408,0.2222222222222222
1269,3811,0,0,0.018398032967129038,8,133,57,190,0.8765049392429408,0.2222222222222222
1270,3835,0,0,0.0013761357234365332,8,133,57,190,0.8765049392429408,0.2222222222222222
1271,3906,0,0,0.0032879181794579024,8,133,57,190,0.8765049392429408,0.2222222222222222
1272,3932,0,0,0.0005799616891346363,8,133,57,190,0.8765049392429408,0.2222222222222222
1273,3944,0,0,0.0018493100273264836,8,133,57,190,0.8765049392429408,0.2222222222222222
1274,3975,0,0,0.0004225725731178788,8,133,57,190,0.8765049392429408,0.2222222222222222
1275,4041,0,0,0.03982794010875877,8,133,57,190,0.8798918918918921,0.2222222222222222
1276,4096,0,0,0.003017279876428813,8,133,57,190,0.8798918918918921,0.2222222222222222
1277,4154,0,0,0.0018181245976952823,8,133,57,190,0.8798918918918921,0.2222222222222222
1278,4207,0,0,0.0006931756062477167,8,133,57,190,0.8798918918918921,0.2222222222222222
1279,4218,0,0,0.007100386144686182,8,133,57,190,0.8798918918918921,0.2222222222222222
1280,4258,0,0,0.0006608539058842792,8,133,57,190,0.8798918918918921,0.2222222222222222
1281,4316,0,0,0.07783734324178915,8,133,57,190,0.8798918918918921,0.2222222222222222
1282,4338,0,0,0.004898494122005934,8,133,57,190,0.8833181522446324,0.2222222222222222
1283,4360,0,0,0.0011619650035577006,8,133,57,190,0.8833181522446324,0.2222222222222222
1284,4427,0,0,0.0017914773519740923,8,133,57,190,0.8833181522446324,0.2222222222222222
1285,4483,0,0,0.02561422645649237,8,133,57,190,0.8833181522446324,0.2222222222222222
1286,4542,0,0,0.0003453585789049044,8,133,57,190,0.8833181522446324,0.2222222222222222
1287,4553,0,0,0.0045825724150747255,8,133,57,190,0.8833181522446324,0.2222222222222222
1288,4607,0,0,0.005137181729841601,8,133,57,190,0.8833181522446324,0.2222222222222222
1289,4628,0,0,0.0037067528369827433,8,133,57,190,0.8833181522446324,0.2222222222222222
1290,4667,0,0,0.0016747109986451703,8,133,57,190,0.8833181522446324,0.2222222222222222
1291,4789,0,0,0.2352520290108925,8,133,57,190,0.8833181522446324,0.2222222222222222
1292,4794,0,0,0.009349366830886588,8,133,57,190,0.8833181522446324,0.2222222222222222
1293,4822,0,0,0.006471648891912517,8,133,57,190,0.8833181522446324,0.2222222222222222
1294,4837,0,0,0.000629943489993328,8,133,57,190,0.8900921658986175,0.23529411764705882
1295,4894,0,0,0.0015441258960670137,8,133,57,190,0.8968404329262237,0.25
1296,130,1,0,0.004835989060578266,8,134,57,191,0.8968404329262237,0.25
1297,347,1,0,0.002641573955314507,8,135,57,192,0.8968404329262237,0.25
1298,2486,1,1,0.9974177990258657,8,135,57,192,0.8968404329262237,0.25
1299,2530,0,0,0.0009280081853278939,8,135,57,192,0.9035582064993829,0.26666666666666666
1300,2531,0,0,0.001467311540125036,8,135,57,192,0.9029787234042552,0.21428571428571427
1301,2572,0,0,5.077150936875514e-05,8,135,57,192,0.9097947180256025,0.23076923076923078
1302,2641,0,0,0.00036454565420073766,8,135,57,192,0.9165752765752767,0.25
1303,2663,0,0,0.1532885719537714,8,135,57,192,0.9162105263157894,0.18181818181818182
1304,2714,0,0,3.653967186294151e-05,8,135,57,192,0.9162105263157894,0.18181818181818182
1305,2747,0,0,4.902930231799401e-06,8,135,57,192,0.9162105263157894,0.18181818181818182
1306,2852,0,0,3.7613740210575865e-05,8,135,57,192,0.9162105263157894,0.18181818181818182
1307,2862,0,0,0.0006298391200763316,8,135,57,192,0.9162105263157894,0.18181818181818182
1308,2916,0,0,0.000658505820209014,8,135,57,192,0.9162105263157894,0.18181818181818182
1309,2937,0,0,0.0003262986237391651,8,135,57,192,0.9162105263157894,0.18181818181818182
1310,3017,0,0,5.000640788064114e-05,8,135,57,192,0.9162105263157894,0.18181818181818182
1311,3125,0,0,0.0032317012638644676,8,135,57,192,0.9162105263157894,0.18181818181818182
1312,3138,0,0,3.6043582726043804e-05,8,135,57,192,0.9162105263157894,0.18181818181818182
1313,3201,0,0,0.00016295052092022634,8,135,57,192,0.9162105263157894,0.18181818181818182
1314,3216,0,0,0.002801351711636507,8,135,57,192,0.9162105263157894,0.18181818181818182
1315,3412,0,0,5.111967423253267e-05,8,135,57,192,0.9162105263157894,0.18181818181818182
1316,3418,0,0,0.0005393252559202939,8,135,57,192,0.9162105263157894,0.18181818181818182
1317,3424,0,0,0.009492680911751034,8,135,57,192,0.9162105263157894,0.18181818181818182
1318,3425,0,1,0.606228771797253,8,135,58,193,0.9130883276793569,0.18181818181818182
1319,3535,0,1,0.948678643981896,8,135,59,194,0.91,0.18181818181818182
1320,3549,0,0,0.0027351048853955263,8,135,59,194,0.91,0.18181818181818182
1321,3561,0,0,9.891040377697018e-06,8,135,59,194,0.91,0.18181818181818182
1322,3638,0,0,0.03272580668731169,8,135,59,194,0.91,0.18181818181818182
1323,3656,0,0,0.002471435645191407,8,135,59,194,0.91,0.18181818181818182
1324,3721,0,0,0.0010187473886645888,8,135,59,194,0.91,0.18181818181818182
1325,3740,0,0,0.0010301193335374836,8,135,59,194,0.91,0.18181818181818182
1326,3802,0,0,0.0036381999816580265,8,135,59,194,0.91,0.18181818181818182
1327,3808,0,0,0.0009585729646226363,8,135,59,194,0.91,0.18181818181818182
1328,3885,0,0,2.1878695178619703e-05,8,135,59,194,0.91,0.18181818181818182
1329,3891,0,0,0.0012411718407938461,8,135,59,194,0.91,0.18181818181818182
1330,3947,0,0,0.0005999207472237718,8,135,59,194,0.91,0.18181818181818182
1331,3959,0,0,0.0012874789899021354,8,135,59,194,0.91,0.18181818181818182
1332,3985,0,0,0.022926002555372613,8,135,59,194,0.91,0.18181818181818182
1333,3987,0,1,0.770854721879148,8,135,60,195,0.9138528138528137,0.2
1334,4000,0,0,0.0009303018162602663,8,135,60,195,0.9138528138528137,0.2
1335,4018,0,0,0.0005502820783026739,8,135,60,195,0.9138528138528137,0.2
1336,4042,0,0,0.0006669957925313551,8,135,60,195,0.9138528138528137,0.2
1337,4054,0,0,0.03328336485108881,8,135,60,195,0.9138528138528137,0.2
1338,4105,0,0,0.0044752285115326985,8,135,60,195,0.9138528138528137,0.2
1339,4216,0,0,0.00014150394079058358,8,135,60,195,0.9138528138528137,0.2
1340,4220,0,0,0.005459115311201055,8,135,60,195,0.9138528138528137,0.2
1341,4286,0,0,1.782465078402768e-05,8,135,60,195,0.9138528138528137,0.2
1342,4330,0,1,0.6199383512632267,8,135,61,196,0.9108176680890323,0.2
1343,4332,0,0,0.00010239339079689732,8,135,61,196,0.9108176680890323,0.2
1344,4342,0,0,0.01772242043150719,8,135,61,196,0.9108176680890323,0.2
1345,4357,0,0,4.856985469051295e-06,8,135,61,196,0.9138528138528137,0.2
1346,4398,0,0,0.0010060729448811976,8,135,61,196,0.9138528138528137,0.2
1347,4433,0,0,0.0007541720188066498,8,135,61,196,0.9138528138528137,0.2
1348,4435,0,0,0.0009577083657587429,8,135,61,196,0.9138528138528137,0.2
1349,4463,0,0,1.7099001813606292e-05,9,135,61,196,0.9138528138528137,0.2
1350,4545,0,0,0.00012343354532382908,9,135,61,196,0.9138528138528137,0.2
1351,4565,0,0,0.0003115942763131519,9,135,61,196,0.9169116723206433,0.2
1352,4571,0,0,0.0011362786789041852,9,135,61,196,0.9169116723206433,0.2
1353,4593,0,0,8.857935607042534e-05,9,135,61,196,0.9169116723206433,0.2
1354,4610,0,0,0.007774416634079554,9,135,61,196,0.9169116723206433,0.2
1355,4618,0,0,0.00027914692632316306,9,135,61,196,0.9169116723206433,0.2
1356,4638,0,0,0.00048381133586923694,9,135,61,196,0.9169116723206433,0.2
1357,4646,0,0,0.006418275814206313,9,135,61,196,0.9169116723206433,0.2
1358,4826,0,0,0.003888835861247246,9,135,61,196,0.9169116723206433,0.2
1359,4857,0,0,0.0004542663834400222,9,135,61,196,0.92,0.2
1360,4933,0,0,0.007619868393976351,9,135,61,196,0.923124740986324,0.2
1361,4992,0,0,0.0033165334297409355,9,135,61,196,0.923124740986324,0.2
1362,10,1,0,0.00015329804961830215,9,136,61,197,0.9162105263157894,0.18181818181818182
1363,23,1,0,0.0006551359436008259,9,137,61,198,0.9092649830380701,0.16666666666666666
1364,182,1,1,0.9926728163720934,9,137,61,198,0.9097947180256025,0.23076923076923078
1365,211,1,0,0.0028681813876529415,9,138,61,199,0.9029787234042552,0.21428571428571427
1366,238,1,0,0.0014670237882998926,9,139,61,200,0.8961333333333333,0.2
1367,251,1,0,0.0034491277804621022,9,140,61,201,0.8892636774989715,0.1875
1368,283,1,1,0.9847827251529261,9,140,61,201,0.8900921658986175,0.23529411764705882
1369,289,1,1,0.9748873762331697,9,140,61,201,0.8908108108108108,0.2777777777777778
1370,349,1,1,0.9574828888493773,9,140,61,201,0.8914402173913044,0.3157894736842105
1371,394,1,1,0.77465207118681,9,140,61,201,0.8984501692676079,0.3684210526315789
1372,427,1,1,0.9995050491784799,9,140,61,201,0.9051976856316297,0.42105263157894735
1373,460,1,1,0.9875390357373911,9,140,61,201,0.9117064579256361,0.47368421052631576
1374,463,1,0,0.3206305487289524,9,141,61,202,0.9054945054945054,0.45
1375,570,1,0,0.0006829244134444329,9,142,61,203,0.8992353510535329,0.42857142857142855
1376,596,1,0,0.09780021986194398,9,143,61,204,0.8929339924396628,0.4090909090909091
1377,626,1,0,1.6817800769031994e-05,9,144,61,205,0.8865949286170892,0.391304347826087
1378,628,1,0,0.07589007896551596,9,145,61,206,0.8802222222222222,0.375
1379,663,1,1,0.7287963145926388,9,145,61,206,0.8807528598031391,0.4
1380,861,1,1,0.7782577399898999,9,145,61,206,0.8812359550561797,0.4230769230769231
1381,924,1,0,0.05662375236185653,9,146,61,207,0.8749577464788731,0.4074074074074074
1382,963,1,1,0.9962383078397421,9,146,61,207,0.87545536736785,0.42857142857142855
1383,977,1,0,0.0009511869567949644,9,147,61,208,0.8692045454545455,0.41379310344827586
1384,1075,1,0,0.17430771842873902,9,148,61,209,0.8629280772137915,0.4
1385,1113,1,0,1.6655663075343373e-05,9,149,61,210,0.8566285714285713,0.3870967741935484
1386,1198,1,0,0.0019369814074419115,9,150,61,211,0.8503084442946234,0.375
1387,1237,1,0,5.0303173337745114e-05,9,151,61,212,0.8439699381078691,0.36363636363636365
1388,1281,1,1,0.9999259548151508,9,151,61,212,0.8446842217940486,0.38235294117647056
1389,1293,1,0,0.0047561346082589375,9,152,61,213,0.8383794466403163,0.37142857142857144
1390,1642,1,1,0.9952280000082058,9,152,61,213,0.839091606567439,0.3888888888888889
1391,1656,1,0,0.1736283369780209,9,153,61,214,0.8328191167574107,0.3783783783783784
1392,1797,1,0,0.4850201905354392,9,154,61,215,0.8265331278890602,0.3684210526315789
1393,1861,1,0,0.001401561154357857,9,155,61,216,0.820235294117647,0.358974358974359
1394,1874,1,1,0.9987302700124541,9,155,61,216,0.8210345485779728,0.375
1395,1882,1,0,4.594534606556743e-07,9,156,61,217,0.8147703829306202,0.36585365853658536
1396,1966,1,0,0.08645175281126899,9,157,61,218,0.8084970238095238,0.35714285714285715
1397,1989,1,0,0.03238996814224742,9,158,61,219,0.8022158438576349,0.3488372093023256
1398,2065,1,0,7.2432439015528705e-06,9,159,61,220,0.7959281437125749,0.3409090909090909
1399,2071,1,1,0.9874244474954575,9,159,61,220,0.7968462083628632,0.35555555555555557
1400,2225,1,0,0.00041840310317917183,9,160,61,221,0.7905941591137966,0.34782608695652173
1401,2231,1,1,0.9998341336730716,9,160,61,221,0.7915017766171496,0.3617021276595745
1402,2387,1,0,0.0020082056956478066,9,161,61,222,0.7852845528455284,0.3541666666666667
1403,2504,0,0,0.00047213011731321705,9,161,61,222,0.7852845528455284,0.3541666666666667
1404,2505,0,0,0.002214183093077497,9,161,61,222,0.7852845528455284,0.3541666666666667
1405,2508,0,0,0.003580360821861948,9,161,61,222,0.7852845528455284,0.3541666666666667
1406,2521,0,0,6.0351462749406665e-06,9,161,61,222,0.7915017766171496,0.3617021276595745
1407,2526,0,0,0.0011572473252363352,9,161,61,222,0.7905941591137966,0.34782608695652173
1408,2539,0,0,0.0009186941701292929,9,161,61,222,0.7905941591137966,0.34782608695652173
1409,2555,0,0,0.0004377095405008448,9,161,61,222,0.7905941591137966,0.34782608695652173
1410,2561,0,0,0.0001292306834616071,9,161,61,222,0.7905941591137966,0.34782608695652173
1411,2567,0,0,0.00011928132797256181,9,161,61,222,0.7905941591137966,0.34782608695652173
1412,2584,0,0,0.3982631144427658,9,161,61,222,0.7905941591137966,0.34782608695652173
1413,2608,0,0,0.001177870810479008,9,161,61,222,0.7905941591137966,0.34782608695652173
1414,2647,0,0,0.0003709886072989673,9,161,61,222,0.7905941591137966,0.34782608695652173
1415,2652,0,0,0.050542789901521466,9,161,61,222,0.7905941591137966,0.34782608695652173
1416,2653,0,0,1.831541297021521e-05,9,161,61,222,0.7905941591137966,0.34782608695652173
1417,2674,0,0,0.00046434693348041577,9,161,61,222,0.7905941591137966,0.34782608695652173
1418,2727,0,0,2.4934052083069488e-05,9,161,61,222,0.7905941591137966,0.34782608695652173
1419,2798,0,0,0.000740867161998433,9,161,61,222,0.7905941591137966,0.34782608695652173
1420,2840,0,0,0.0018471519322953212,9,161,61,222,0.7905941591137966,0.34782608695652173
1421,2865,0,0,0.0004318319370811914,9,161,61,222,0.7905941591137966,0.34782608695652173
1422,2897,0,0,0.0006393825582275253,9,161,61,222,0.7905941591137966,0.34782608695652173
1423,3000,0,0,0.0061118122157211114,9,161,61,222,0.7947413182140326,0.34782608695652173
1424,3038,0,0,0.0013814972173076814,9,161,61,222,0.7947413182140326,0.34782608695652173
1425,3074,0,0,0.001217415731512302,9,161,61,222,0.7947413182140326,0.34782608695652173
1426,3083,0,0,0.0026189076128546062,9,161,61,222,0.7947413182140326,0.34782608695652173
1427,3089,0,0,0.03334520429445106,9,161,61,222,0.7947413182140326,0.34782608695652173
1428,3091,0,0,0.00018940689384351256,9,161,61,222,0.7947413182140326,0.34782608695652173
1429,3131,0,0,0.0003910568388105551,9,161,61,222,0.7947413182140326,0.34782608695652173
1430,3164,0,0,0.16125967194718502,9,161,61,222,0.7947413182140326,0.34782608695652173
1431,3219,0,0,0.001393541533021442,9,161,61,222,0.7947413182140326,0.34782608695652173
1432,3249,0,0,0.0002887952148446301,9,161,61,222,0.7947413182140326,0.34782608695652173
1433,3310,0,0,0.0006185146209482928,9,161,61,222,0.7947413182140326,0.34782608695652173
1434,3318,0,0,4.8516695586159145e-06,9,161,61,222,0.7947413182140326,0.34782608695652173
1435,3335,0,0,0.0012909327324428098,9,161,61,222,0.7947413182140326,0.34782608695652173
1436,3354,0,0,0.0008073696484969257,9,161,61,222,0.7947413182140326,0.34782608695652173
1437,3409,0,0,0.0023045177986345563,9,161,61,222,0.7947413182140326,0.34782608695652173
1438,3469,0,0,0.2991391199333578,9,161,61,222,0.8010062301107078,0.35555555555555557
1439,3501,0,0,2.791040329271651e-05,9,161,61,222,0.8072654690618762,0.36363636363636365
1440,3508,0,0,1.5711027633473518e-05,9,161,61,222,0.8072654690618762,0.36363636363636365
1441,3521,0,0,0.0011915696067324633,9,161,61,222,0.8072654690618762,0.36363636363636365
1442,3523,0,0,0.00012132313448464689,9,161,61,222,0.8072654690618762,0.36363636363636365
1443,3538,0,0,0.3445698992264175,9,161,61,222,0.8072654690618762,0.36363636363636365
1444,3546,0,0,0.001582732064133618,9,161,61,222,0.8072654690618762,0.36363636363636365
1445,3567,0,0,0.012752462184887394,9,161,61,222,0.8072654690618762,0.36363636363636365
1446,3575,0,0,0.058599681621323695,9,161,61,222,0.8072654690618762,0.36363636363636365
1447,3610,0,0,1.863444966185162e-05,9,161,61,222,0.8072654690618762,0.36363636363636365
1448,3689,0,0,0.030504831500697945,9,161,61,222,0.8072654690618762,0.36363636363636365
1449,3691,0,0,0.0012085526753748256,9,161,61,222,0.8072654690618762,0.36363636363636365
1450,3727,0,0,0.04644555007400479,9,161,61,222,0.8072654690618762,0.36363636363636365
1451,3751,0,0,0.0003744337324424973,9,161,61,222,0.8072654690618762,0.36363636363636365
1452,3755,0,0,0.003900563779494,9,161,61,222,0.8072654690618762,0.36363636363636365
1453,3784,0,0,2.1035022627268942e-05,9,161,61,222,0.8072654690618762,0.36363636363636365
1454,3907,0,0,0.20997512359380516,9,161,61,222,0.8072654690618762,0.36363636363636365
1455,3931,0,0,0.008956070381721864,9,161,61,222,0.8072654690618762,0.36363636363636365
1456,3935,0,0,0.15594009355396896,9,161,61,222,0.8072654690618762,0.36363636363636365
1457,3938,0,1,0.527727249674592,9,161,62,223,0.8030926448836897,0.36363636363636365
1458,3953,0,0,0.0038217984121988588,9,161,62,223,0.8072654690618762,0.36363636363636365
1459,3992,0,0,0.0003456558380928656,9,161,62,223,0.8072654690618762,0.36363636363636365
1460,4044,0,0,3.449376961352911e-05,9,161,62,223,0.8072654690618762,0.36363636363636365
1461,4123,0,0,0.0005946687345332409,9,161,62,223,0.8072654690618762,0.36363636363636365
1462,4142,0,0,0.002018295246911522,9,161,62,223,0.8072654690618762,0.36363636363636365
1463,4148,0,0,0.004568974735226674,9,161,62,223,0.8072654690618762,0.36363636363636365
1464,4159,0,0,0.0007735206288618337,9,161,62,223,0.8072654690618762,0.36363636363636365
1465,4167,0,0,0.0009214168836766981,9,161,62,223,0.8114718714121699,0.36363636363636365
1466,4178,0,0,0.001522074507748995,9,161,62,223,0.8114718714121699,0.36363636363636365
1467,4199,0,0,0.00016424362133868743,9,161,62,223,0.8114718714121699,0.36363636363636365
1468,4200,0,0,0.0005179034747939272,9,161,62,223,0.8114718714121699,0.36363636363636365
1469,4217,0,0,0.003447763758763003,9,161,62,223,0.8114718714121699,0.36363636363636365
1470,4355,0,0,0.06325110431041542,9,161,62,223,0.8114718714121699,0.36363636363636365
1471,4370,0,0,0.004177174550199049,9,161,62,223,0.8114718714121699,0.36363636363636365
1472,4396,0,0,0.025460375198897767,9,161,62,223,0.8114718714121699,0.36363636363636365
1473,4426,0,0,0.0010735333528742793,9,161,62,223,0.8114718714121699,0.36363636363636365
1474,4428,0,0,0.0022660522193448853,9,161,62,223,0.8114718714121699,0.36363636363636365
1475,4455,0,0,0.15098107081733403,9,161,62,223,0.8114718714121699,0.36363636363636365
1476,4462,0,0,0.003386385136940682,9,161,62,223,0.8114718714121699,0.36363636363636365
1477,4478,0,0,0.0012834461376928458,9,161,62,223,0.8114718714121699,0.36363636363636365
1478,4505,0,0,0.0003932056061580448,9,161,62,223,0.8114718714121699,0.36363636363636365
1479,4513,0,0,0.00024859863814136326,9,161,62,223,0.8114718714121699,0.36363636363636365
1480,4533,0,1,0.971359055452396,9,161,63,224,0.8072654690618762,0.36363636363636365
1481,4567,0,0,0.002172491000251882,9,161,63,224,0.8072654690618762,0.36363636363636365
1482,4636,0,0,0.010412412141587914,9,161,63,224,0.8072654690618762,0.36363636363636365
1483,4657,0,0,0.00020195797745177607,9,161,63,224,0.8072654690618762,0.36363636363636365
1484,4692,0,0,0.09172125324055089,9,161,63,224,0.8072654690618762,0.36363636363636365
1485,4705,0,0,0.00021218372859782878,9,161,63,224,0.8072654690618762,0.36363636363636365
1486,4781,0,0,0.002598989532207856,9,161,63,224,0.8072654690618762,0.36363636363636365
1487,4820,0,0,0.005520364035402332,9,161,63,224,0.8072654690618762,0.36363636363636365
1488,4856,0,0,0.0470669730254586,9,161,63,224,0.8072654690618762,0.36363636363636365
1489,4875,0,0,0.31498659313980365,9,161,63,224,0.8072654690618762,0.36363636363636365
1490,4880,0,0,0.00027828816547334435,9,161,63,224,0.8072654690618762,0.36363636363636365
1491,4908,0,0,4.5273280858035334e-05,9,161,63,224,0.8072654690618762,0.36363636363636365
1492,4921,0,0,6.511109736458151e-06,9,161,63,224,0.8072654690618762,0.36363636363636365
1493,48,1,0,0.0005824880378492061,9,162,63,225,0.8010062301107078,0.35555555555555557
1494,181,1,0,0.31824863422798844,9,163,63,226,0.7947413182140326,0.34782608695652173
1495,242,1,0,7.721136612293524e-05,9,164,63,227,0.7884719120802137,0.3404255319148936
1496,285,1,1,0.9996836964508339,9,164,63,227,0.7956883116883117,0.3617021276595745
1497,386,1,1,0.9967549849569227,9,164,63,227,0.8027719508540605,0.3829787234042553
1498,475,1,0,0.08346862935650966,9,165,63,228,0.7956883116883117,0.3617021276595745
1499,523,1,1,0.9920131231008528,10,165,63,228,0.7965853658536585,0.375
1500,534,1,1,0.9686512594926431,10,165,63,228,0.7974365776819764,0.3877551020408163
1501,536,1,0,0.037570229931175536,10,166,63,229,0.7912820512820514,0.38
1502,542,1,1,0.9930360968958372,10,166,63,229,0.7921269751919907,0.39215686274509803
1503,559,1,1,0.810501315990921,10,166,63,229,0.7929318979455026,0.40384615384615385
1504,560,1,1,0.9986343502428047,10,166,63,229,0.793699833584891,0.41509433962264153
1505,580,1,0,0.18315961963677393,10,167,63,230,0.7876453443779721,0.4074074074074074
1506,598,1,1,0.9997155749932286,10,167,63,230,0.7884116937914406,0.41818181818181815
1507,625,1,1,0.9944305692886123,10,167,63,230,0.7891453118056585,0.42857142857142855
1508,742,1,0,0.10881793169618784,10,168,63,231,0.7831519224413352,0.42105263157894735
1509,798,1,1,0.886488615965114,10,168,63,231,0.7838859785396872,0.43103448275862066
1510,821,1,0,0.14341326750294855,10,169,63,232,0.777921146953405,0.423728813559322
1511,830,1,1,0.979630602663479,10,169,63,232,0.7786561264822134,0.43333333333333335
1512,843,1,1,0.9942031729790097,10,169,63,232,0.7793630927548325,0.4426229508196721
1513,860,1,0,0.1604432420583993,10,170,63,233,0.7734564279551338,0.43548387096774194
1514,905,1,1,0.993343546525076,10,170,63,233,0.774165901126195,0.4444444444444444
1515,967,1,0,0.3686589246860751,10,171,63,234,0.7682876064333019,0.4375
1516,1000,1,1,0.9723287125153526,10,171,63,234,0.7689999999999999,0.4461538461538462
1517,1114,1,0,0.0842673011647848,10,172,63,235,0.7631504354448821,0.4393939393939394
1518,1139,1,0,0.2658689896013958,10,173,63,236,0.7617407861187456,0.43283582089552236
1519,1178,1,0,0.07945002072304606,10,174,63,237,0.7603311367926091,0.4264705882352941
1520,1219,1,0,0.12560400939647307,10,175,63,238,0.7544650611922621,0.42028985507246375
1521,1258,1,0,0.36447717742435515,10,176,63,239,0.7486025301559284,0.4142857142857143
1522,1275,1,0,3.500170440156969e-05,10,177,63,240,0.7427442827442827,0.4084507042253521
1523,1278,1,1,0.7354604799552915,10,177,63,240,0.7436375304838917,0.4166666666666667
1524,1317,1,0,0.029296021482971325,10,178,63,241,0.737812828936876,0.410958904109589
1525,1335,1,1,0.924783041249837,10,178,63,241,0.7387061382767428,0.4189189189189189
1526,1338,1,0,0.22755319585429576,10,179,63,242,0.7329153605015674,0.41333333333333333
1527,1339,1,1,0.9875585126052991,10,179,63,242,0.7338095238095238,0.42105263157894735
1528,1343,1,1,0.9766965943941341,10,179,63,242,0.734677953625322,0.42857142857142855
1529,1351,1,0,0.14016282238039215,10,180,63,243,0.7289488939740656,0.4230769230769231
1530,1367,1,1,0.9918665563322929,10,180,63,243,0.7298199993959712,0.43037974683544306
1531,1388,1,0,0.14299834168689307,10,181,63,244,0.7241254958528668,0.425
1532,1424,1,0,0.06964888438366314,10,182,63,245,0.7184392475851551,0.41975308641975306
1533,1427,1,1,0.9859978657055163,10,182,63,245,0.7238095238095238,0.4268292682926829
1534,1439,1,0,0.005808922901338282,10,183,63,246,0.7181471607571315,0.42168674698795183
1535,1446,1,0,0.010381755388391345,10,184,63,247,0.7124943979242835,0.4166666666666667
1536,1462,1,1,0.9979998258759951,10,184,63,247,0.7134408602150537,0.4235294117647059
1537,1488,1,1,0.9709494010945762,10,184,63,247,0.7143645000579307,0.43023255813953487
1538,1501,1,0,0.0953798706724697,10,185,63,248,0.7087759222404892,0.42528735632183906
1539,1586,1,0,0.1270060420063619,10,186,63,249,0.7031985294117646,0.42045454545454547
1540,1603,1,0,0.0016666844561548607,10,187,63,250,0.6976329414456935,0.4157303370786517
1541,1654,1,1,0.9977490777390359,10,187,63,250,0.6986151706915633,0.4222222222222222
1542,1705,1,0,0.22022186409378225,10,188,63,251,0.6975382388830557,0.4175824175824176
1543,1749,1,0,0.02703436324631619,10,189,63,252,0.6920126639529625,0.41304347826086957
1544,1779,1,1,0.9218563048710529,10,189,63,252,0.6930400628436764,0.41935483870967744
1545,1814,1,0,0.07618937201927063,10,190,63,253,0.6875555555555556,0.4148936170212766
1546,1858,1,0,0.03218200287454066,10,191,63,254,0.6820855614973261,0.4105263157894737
1547,1905,1,0,0.0953798702675566,10,192,63,255,0.6766306791374095,0.40625
1548,1908,1,1,0.9874715733562873,10,192,63,255,0.6777190661264092,0.41237113402061853
1549,1918,1,0,0.36195516618743334,10,193,63,256,0.6723076923076923,0.40816326530612246
1550,1982,1,1,0.983298078619638,10,193,63,256,0.6734032099574189,0.41414141414141414
1551,1991,1,1,0.96462070143725,10,193,63,256,0.6744791666666667,0.42
1552,1995,1,1,0.9867343623396597,10,193,63,256,0.6755366195663899,0.42574257425742573
1553,2001,1,1,0.9372784348050894,10,193,63,256,0.6765765765765765,0.43137254901960786
1554,2015,1,1,0.9504121704458197,10,193,63,256,0.6775999999999999,0.4368932038834951
1555,2031,1,1,0.897328113537013,10,193,63,256,0.6786078098471987,0.4423076923076923
1556,2035,1,1,0.9794673257755531,10,193,63,256,0.6796008869179602,0.44761904761904764
1557,2043,1,0,0.1724815727333951,10,194,63,257,0.6743989466754443,0.44339622641509435
1558,2050,1,1,0.9761908766861813,10,194,63,257,0.675405362900055,0.4485981308411215
1559,2057,1,0,0.0953798706724697,10,195,63,258,0.6702500261533634,0.4444444444444444
1560,2090,1,0,0.004047717962532949,10,196,63,259,0.665114695059892,0.44036697247706424
1561,2128,1,1,0.9751589210308389,10,196,63,259,0.6661633618337275,0.44545454545454544
1562,2139,1,1,0.9892007182637305,10,196,63,259,0.6722792820832036,0.45454545454545453
1563,2171,1,0,0.0011275765692409245,10,197,63,260,0.6722792820832036,0.45454545454545453
1564,2193,1,0,0.04259026628920747,10,198,63,261,0.6661633618337275,0.44545454545454544
1565,2196,1,0,0.1072847994655737,10,199,63,262,0.6661633618337275,0.44545454545454544
1566,2234,1,1,0.9864732043476976,10,199,63,262,0.6722792820832036,0.45454545454545453
1567,2259,1,0,9.950438833152061e-05,10,200,63,263,0.6722792820832036,0.45454545454545453
1568,2383,1,1,0.9857744168772911,10,200,63,263,0.6722792820832036,0.45454545454545453
1569,2415,1,0,0.010821988999847576,10,201,63,264,0.6661633618337275,0.44545454545454544
1570,2511,0,0,0.0013686519446783356,10,201,63,264,0.665114695059892,0.44036697247706424
1571,2544,0,0,0.01441107483258615,10,201,63,264,0.6640528426515686,0.4351851851851852
1572,2575,0,1,0.5502964228418025,10,201,64,265,0.6585456073980664,0.42990654205607476
1573,2618,0,0,0.005761937088151933,10,201,64,265,0.6574638369760321,0.42452830188679247
1574,2630,0,0,0.001550364676694803,10,201,64,265,0.6626696832579185,0.42857142857142855
1575,2683,0,0,0.003693587828176643,10,201,64,265,0.6678947368421052,0.4326923076923077
1576,2737,0,0,0.22839156858108825,10,201,64,265,0.6731383813399293,0.4368932038834951
1577,2772,0,0,0.0012510826302438796,10,201,64,265,0.6784,0.4411764705882353
1578,2822,0,0,0.0003819030451014623,10,201,64,265,0.6836789753736732,0.44554455445544555
1579,2836,0,0,0.34588473292599675,10,201,64,265,0.6827189373773226,0.44
1580,2864,0,0,0.00025278260560773936,10,201,64,265,0.6817430696416499,0.43434343434343436
1581,2903,0,0,0.001746426316194898,10,201,64,265,0.6870920138888889,0.4387755102040816
1582,2917,0,0,0.0009405964746687798,10,201,64,265,0.6861262146522545,0.4329896907216495
1583,2966,0,0,0.0008281778445196697,10,201,64,265,0.6915172923683562,0.4375
1584,3051,0,0,0.00027300207629320775,10,201,64,265,0.696923076923077,0.4421052631578947
1585,3105,0,0,0.000365792672923169,10,201,64,265,0.7023429532236279,0.44680851063829785
1586,3139,0,0,0.00380985954051319,10,201,64,265,0.7077763026883506,0.45161290322580644
1587,3168,0,0,0.0008540096117375162,10,201,64,265,0.7132225028447726,0.45652173913043476
1588,3173,0,0,0.0010617882348664233,10,201,64,265,0.7123703703703704,0.45054945054945056
1589,3176,0,0,0.0017458342655213897,10,201,64,265,0.717854337335877,0.45555555555555555
1590,3237,0,0,0.050237393735191344,10,201,64,265,0.7170104025327906,0.449438202247191
1591,3241,0,0,0.00012092628693196271,10,201,64,265,0.7225312863588639,0.45454545454545453
1592,3255,0,0,0.008011256307092918,10,201,64,265,0.728062678062678,0.45977011494252873
1593,3293,0,0,0.0001308609014507872,10,201,64,265,0.7336039360393605,0.46511627906976744
1594,3304,0,0,0.0004475028405689489,10,201,64,265,0.7328184938421158,0.4588235294117647
1595,3348,0,0,0.0063603664957695835,10,201,64,265,0.7383941605839417,0.4642857142857143
1596,3414,0,0,0.0021919201589846366,10,201,64,265,0.7439781818181818,0.46987951807228917
1597,3461,0,0,0.00506615770747838,10,201,64,265,0.7495698924731183,0.47560975609756095
1598,3483,0,0,0.006289007037333162,10,201,64,265,0.7551686184731884,0.48148148148148145
1599,3500,0,0,0.320745569568348,10,201,64,265,0.7544654758731005,0.475
1600,3506,0,0,0.0010927102034222968,10,201,64,265,0.7600952380952382,0.4810126582278481
1601,3654,0,0,0.0013915756189422043,10,201,64,265,0.7593989662219016,0.47435897435897434
1602,3666,0,0,0.00041800058676824355,10,201,64,265,0.7650590438222947,0.4805194805194805
1603,3703,0,0,0.004358876854329836,10,201,64,265,0.7650590438222947,0.4805194805194805
1604,3714,0,0,0.011393640158999359,10,201,64,265,0.7650590438222947,0.4805194805194805
1605,3723,0,0,0.0003635072759202592,10,201,64,265,0.7650590438222947,0.4805194805194805
1606,3790,0,0,0.002969552617882114,10,201,64,265,0.7650590438222947,0.4805194805194805
1607,3825,0,0,0.0012377297108249277,10,201,64,265,0.7650590438222947,0.4805194805194805
1608,3836,0,0,0.017266189562420025,10,201,64,265,0.7650590438222947,0.4805194805194805
1609,3840,0,0,0.07305680283185204,10,201,64,265,0.7650590438222947,0.4805194805194805
1610,3884,0,0,0.000921870590252258,10,201,64,265,0.7650590438222947,0.4805194805194805
1611,3892,0,0,0.00035607815734782337,10,201,64,265,0.7650590438222947,0.4805194805194805
1612,3894,0,0,0.006343082032241434,10,201,64,265,0.7650590438222947,0.4805194805194805
1613,3908,0,0,0.0006467481542193169,10,201,64,265,0.7650590438222947,0.4805194805194805
1614,3952,0,0,0.0010445960641386472,10,201,64,265,0.7650590438222947,0.4805194805194805
1615,3963,0,0,0.0250291253053631,10,201,64,265,0.7650590438222947,0.4805194805194805
1616,4052,0,0,0.005527263188065228,10,201,64,265,0.7650590438222947,0.4805194805194805
1617,4092,0,0,0.0005106751429284611,10,201,64,265,0.7650590438222947,0.4805194805194805
1618,4151,0,0,0.0001918099362076402,10,201,64,265,0.7650590438222947,0.4805194805194805
1619,4221,0,0,0.0016956947183251311,10,201,64,265,0.7650590438222947,0.4805194805194805
1620,4308,0,0,3.905299615562331e-05,10,201,64,265,0.7650590438222947,0.4805194805194805
1621,4309,0,0,0.0019347301916077153,10,201,64,265,0.7650590438222947,0.4805194805194805
1622,4320,0,0,0.188337401402961,10,201,64,265,0.7650590438222947,0.4805194805194805
1623,4354,0,0,0.000785080248284316,10,201,64,265,0.7650590438222947,0.4805194805194805
1624,4404,0,0,0.00039141653114642026,10,201,64,265,0.7650590438222947,0.4805194805194805
1625,4410,0,0,0.004558533006760043,10,201,64,265,0.7650590438222947,0.4805194805194805
1626,4422,0,0,0.00010362503046534292,10,201,64,265,0.7650590438222947,0.4805194805194805
1627,4450,0,0,0.0025293214265088198,10,201,64,265,0.7650590438222947,0.4805194805194805
1628,4458,0,0,0.0021571904630418885,10,201,64,265,0.7650590438222947,0.4805194805194805
1629,4492,0,0,0.43706792276866535,10,201,64,265,0.7650590438222947,0.4805194805194805
1630,4536,0,0,0.0015863294261081189,10,201,64,265,0.7650590438222947,0.4805194805194805
1631,4558,0,0,6.223721890299783e-05,10,201,64,265,0.7650590438222947,0.4805194805194805
1632,4579,0,0,0.01309362241697938,10,201,64,265,0.7650590438222947,0.4805194805194805
1633,4586,0,0,0.00013671752752589104,10,201,64,265,0.7650590438222947,0.4805194805194805
1634,4625,0,0,0.0007923656346704064,10,201,64,265,0.7650590438222947,0.4805194805194805
1635,4641,0,0,0.0006422909204551029,10,201,64,265,0.7650590438222947,0.4805194805194805
1636,4671,0,0,0.0005020352241571806,10,201,64,265,0.7650590438222947,0.4805194805194805
1637,4681,0,0,0.03581123858714446,10,201,64,265,0.7650590438222947,0.4805194805194805
1638,4689,0,0,0.0024881551213125266,10,201,64,265,0.7650590438222947,0.4805194805194805
1639,4739,0,0,0.15577622972694583,10,201,64,265,0.7650590438222947,0.4805194805194805
1640,4741,0,0,0.13018291163435233,10,201,64,265,0.7650590438222947,0.4805194805194805
1641,4790,0,0,0.0015401179185740269,10,201,64,265,0.7650590438222947,0.4805194805194805
1642,4854,0,0,0.0002633828662538894,10,201,64,265,0.7650590438222947,0.4805194805194805
1643,4888,0,0,0.000729144166788635,10,201,64,265,0.7650590438222947,0.4805194805194805
1644,4944,0,0,0.00034513488241787974,10,201,64,265,0.7650590438222947,0.4805194805194805
1645,4953,0,0,0.0003567732974185696,10,201,64,265,0.7650590438222947,0.4805194805194805
1646,4958,0,0,0.1434738474207128,10,201,64,265,0.7650590438222947,0.4805194805194805
1647,1,1,0,0.0313788473635333,10,202,64,266,0.7593989662219016,0.47435897435897434
1648,87,1,0,0.20195095373931965,10,203,64,267,0.7537441311043991,0.46835443037974683
1649,101,1,0,0.006476508687761793,11,204,64,268,0.7480952380952381,0.4625
1650,113,1,0,0.03958598786658574,11,205,64,269,0.7424529755028288,0.4567901234567901
1651,140,1,1,0.9981860057364715,11,205,64,269,0.7432250300842358,0.4634146341463415
1652,149,1,0,0.07861952119151305,11,206,64,270,0.737615708274895,0.4578313253012048
1653,150,1,0,0.018787753236073054,11,207,64,271,0.7320145454545454,0.4523809523809524
1654,209,1,0,0.0005830082278520263,11,208,64,272,0.7264221990499362,0.4470588235294118
1655,212,1,0,6.944437759479093e-05,11,209,64,273,0.7208393181621529,0.4418604651162791
1656,222,1,0,0.057046187760238634,11,210,64,274,0.7152665441176471,0.4367816091954023
1657,236,1,0,0.0306298283905846,11,211,64,275,0.7141911764705883,0.4318181818181818
1658,249,1,0,0.1865272494492212,11,212,64,276,0.7086281072113048,0.42696629213483145
1659,250,1,0,0.023171610674998018,11,213,64,277,0.703076923076923,0.4222222222222222
1660,265,1,0,0.0029098500235794746,11,214,64,278,0.6975382388830557,0.4175824175824176
1661,267,1,1,0.9864119790785355,11,214,64,278,0.6985384810340457,0.42391304347826086
1662,327,1,0,0.00053528552140216,11,215,64,279,0.6930400628436764,0.41935483870967744
1663,362,1,0,0.0709966142633093,11,216,64,280,0.6875555555555556,0.4148936170212766
1664,445,1,1,0.9989376319400138,11,216,64,280,0.6885889928117455,0.42105263157894735
1665,458,1,0,0.003791928394955473,11,217,64,281,0.6831463657484236,0.4166666666666667
1666,510,1,0,0.06596996658476793,11,218,64,282,0.6777190661264092,0.41237113402061853
1667,525,1,1,0.9316496598968871,11,218,64,282,0.678786932829486,0.41836734693877553
1668,612,1,1,0.9132799082607912,11,218,64,282,0.679835378629153,0.42424242424242425
1669,689,1,0,0.22129885737123478,11,219,64,283,0.6744791666666667,0.42
1670,700,1,0,0.0004170657220104864,11,220,64,284,0.6691399594320486,0.4158415841584158
1671,704,1,1,0.9985869860303075,11,220,64,284,0.6702250544486569,0.4215686274509804
1672,736,1,1,0.6576876267930076,11,220,64,284,0.6712925479290891,0.42718446601941745
1673,868,1,0,7.438464309383895e-05,11,221,64,285,0.6660266666666667,0.4230769230769231
1674,870,1,0,0.019574547984955264,11,222,64,286,0.660779542009096,0.41904761904761906
1675,884,1,0,0.03811272123068854,11,223,64,287,0.6555517826825128,0.41509433962264153
1676,927,1,0,0.021608584937229322,11,224,64,288,0.6503439972480219,0.411214953271028
1677,929,1,0,0.35264883226643956,11,225,64,289,0.6451567944250871,0.4074074074074074
1678,940,1,1,0.9713898588934317,11,225,64,289,0.6463493064312736,0.41284403669724773
1679,984,1,0,0.00037042664461035146,11,226,64,290,0.6412125501297475,0.4090909090909091
1680,1009,1,1,0.995748820335705,11,226,64,290,0.646800920598389,0.4144144144144144
1681,1036,1,0,0.04041889968920428,11,227,64,291,0.6417015057804223,0.4107142857142857
1682,1079,1,1,0.99989075961437,11,227,64,291,0.6429301697029548,0.415929203539823
1683,1170,1,0,0.00011034076203854604,11,228,64,292,0.6378835978835979,0.41228070175438597
1684,1191,1,1,0.9971145840628121,11,228,64,292,0.6391277387350144,0.41739130434782606
1685,1218,1,0,0.022738842362081513,11,229,64,293,0.6341353965183752,0.41379310344827586
1686,1229,1,0,0.3952077682576579,11,230,64,294,0.6291679538667491,0.41025641025641024
1687,1230,1,0,0.1424511877683537,11,231,64,295,0.6242260543291099,0.4067796610169492
1688,1294,1,0,0.15365082473962127,11,232,64,296,0.6193103448275862,0.40336134453781514
1689,1306,1,1,0.9998854951130053,11,232,64,296,0.6206649616368286,0.4083333333333333
1690,1330,1,0,0.1341826604872609,11,233,64,297,0.6158081156311448,0.4049586776859504
1691,1365,1,1,0.6399739154461553,11,233,64,297,0.617182653866721,0.4098360655737705
1692,1376,1,1,0.972051475928213,11,233,64,297,0.6185460317460317,0.4146341463414634
1693,1494,1,0,0.45481638851876055,11,234,64,298,0.6185460317460317,0.4146341463414634
1694,1510,1,0,0.38689544572383444,11,235,64,299,0.6185460317460317,0.4146341463414634
1695,1524,1,0,0.018787753140972464,11,236,64,300,0.6185460317460317,0.4146341463414634
1696,1529,1,1,0.9989699860989332,11,236,64,300,0.6185460317460317,0.4146341463414634
1697,1538,1,0,0.00018995719480986104,11,237,64,301,0.612386328959414,0.4065040650406504
1698,1569,1,0,0.008164454155154578,11,238,64,302,0.612386328959414,0.4065040650406504
1699,1572,1,1,0.9309049662630761,11,238,64,302,0.612386328959414,0.4065040650406504
1700,1588,1,1,0.9933588830419833,11,238,64,302,0.612386328959414,0.4065040650406504
1701,1628,1,0,0.015419559053387065,11,239,64,303,0.612386328959414,0.4065040650406504
1702,1637,1,1,0.9882279796762642,11,239,64,303,0.612386328959414,0.4065040650406504
1703,1653,1,0,0.0004987161947547675,11,240,64,304,0.6061788597183673,0.3983739837398374
1704,1684,1,1,0.9994718960104908,11,240,64,304,0.6061788597183673,0.3983739837398374
1705,1687,1,0,0.04520416108704508,11,241,64,305,0.6061788597183673,0.3983739837398374
1706,1692,1,0,0.003879746568066286,11,242,64,306,0.599922480620155,0.3902439024390244
1707,1744,1,0,0.00484516917450042,11,243,64,307,0.5936160269669808,0.3821138211382114
1708,1812,1,1,0.9766028655443069,11,243,64,307,0.599922480620155,0.3902439024390244
1709,1817,1,1,0.6645766369037088,11,243,64,307,0.599922480620155,0.3902439024390244
1710,1878,1,1,0.8569492827103254,11,243,64,307,0.6061788597183673,0.3983739837398374
1711,1888,1,0,0.0006732398463958603,11,244,64,308,0.599922480620155,0.3902439024390244
1712,1904,1,0,0.013420510584586064,11,245,64,309,0.5936160269669808,0.3821138211382114
1713,1927,1,0,0.002177451101524827,11,246,64,310,0.5936160269669808,0.3821138211382114
1714,1958,1,1,0.9991171871295572,11,246,64,310,0.5936160269669808,0.3821138211382114
1715,2007,1,0,0.022526385511723635,11,247,64,311,0.5936160269669808,0.3821138211382114
1716,2016,1,1,0.9962131141915498,11,247,64,311,0.5936160269669808,0.3821138211382114
1717,2108,1,0,0.008962318111694435,11,248,64,312,0.5936160269669808,0.3821138211382114
1718,2150,1,0,0.12490284630307989,11,249,64,313,0.5936160269669808,0.3821138211382114
1719,2164,1,1,0.5091531581334601,11,249,64,313,0.599922480620155,0.3902439024390244
1720,2166,1,1,0.6756361724008335,11,249,64,313,0.6061788597183673,0.3983739837398374
1721,2185,1,0,0.00015623569027760505,11,250,64,314,0.6061788597183673,0.3983739837398374
1722,2224,1,1,0.9827265265119759,11,250,64,314,0.612386328959414,0.4065040650406504
1723,2237,1,1,0.9943541003973496,11,250,64,314,0.612386328959414,0.4065040650406504
1724,2239,1,0,0.000628569178084996,11,251,64,315,0.612386328959414,0.4065040650406504
1725,2287,1,0,0.25047226792225497,11,252,64,316,0.6061788597183673,0.3983739837398374
1726,2305,1,0,0.0414890766648385,11,253,64,317,0.6061788597183673,0.3983739837398374
1727,2309,1,0,0.004778746735501726,11,254,64,318,0.599922480620155,0.3902439024390244
1728,2369,1,0,0.1360680207984148,11,255,64,319,0.5936160269669808,0.3821138211382114
1729,2384,1,0,0.00030492509527287276,11,256,64,320,0.5936160269669808,0.3821138211382114
1730,2409,1,1,0.6258871433197745,11,256,64,320,0.5936160269669808,0.3821138211382114
1731,2446,1,1,0.990746541147835,11,256,64,320,0.599922480620155,0.3902439024390244
1732,2448,1,0,0.006221503428664374,11,257,64,321,0.599922480620155,0.3902439024390244
1733,2456,1,1,0.9995547909480639,11,257,64,321,0.599922480620155,0.3902439024390244
1734,2467,1,0,0.0001099926118270043,11,258,64,322,0.599922480620155,0.3902439024390244
1735,2471,1,0,0.022888051335054237,11,259,64,323,0.599922480620155,0.3902439024390244
1736,2476,1,0,0.0021102118568452595,11,260,64,324,0.5936160269669808,0.3821138211382114
1737,2480,1,1,0.9998461660153605,11,260,64,324,0.5936160269669808,0.3821138211382114
1738,2506,0,0,0.00034643549475477185,11,260,64,324,0.5984245524296675,0.38524590163934425
1739,2517,0,0,0.001545890757392689,11,260,64,324,0.6032621224928917,0.3884297520661157
1740,2549,0,0,0.0002793262320079206,11,260,64,324,0.6081280788177339,0.39166666666666666
1741,2552,0,0,0.0005609089860647392,11,260,64,324,0.6066821130676553,0.3865546218487395
1742,2559,0,0,0.0005260941992366996,11,260,64,324,0.6116079948420373,0.3898305084745763
1743,2598,0,0,0.0006935403642153389,11,260,64,324,0.6165605622157917,0.39316239316239315
1744,2636,0,0,0.00047963017204043007,11,260,64,324,0.6151633986928104,0.3879310344827586
1745,2675,0,0,0.07592476565740269,11,260,64,324,0.6201733413030484,0.391304347826087
1746,2718,0,0,2.792520814974118e-05,11,260,64,324,0.6252083333333334,0.39473684210526316
1747,2750,0,0,0.0009008042533510357,11,260,64,324,0.6302677522899868,0.39823008849557523
1748,2778,0,0,0.0028284479520868998,11,260,64,324,0.6289470787135331,0.39285714285714285
1749,2787,0,0,0.01878228883338938,11,260,64,324,0.6340605296343002,0.3963963963963964
1750,2821,0,0,0.017357096733174694,11,260,64,324,0.6327526132404181,0.39090909090909093
1751,2826,0,0,0.0012933364823031557,11,260,64,324,0.6314261460101868,0.3853211009174312
1752,2860,0,0,0.0005554234725964376,11,260,64,324,0.63008,0.37962962962962965
1753,2882,0,0,0.0004702305705633415,11,260,64,324,0.6287129987129987,0.37383177570093457
1754,2934,0,0,0.0003588923503344828,11,260,64,324,0.6273239132779637,0.36792452830188677
1755,2935,0,1,0.9604161307093697,11,260,65,325,0.6216430020283976,0.3619047619047619
1756,2967,0,0,0.006509152952545409,11,260,65,325,0.6202193137601698,0.3557692307692308
1757,2993,0,0,0.0021833676676965338,11,260,65,325,0.6255508243257998,0.3592233009708738
1758,3030,0,0,0.00040316793064212013,11,260,65,325,0.6241318681318682,0.35294117647058826
1759,3039,0,0,0.2708203380929164,11,260,65,325,0.6295137682957084,0.3564356435643564
1760,3061,0,0,0.007163994924965704,11,260,65,325,0.6349153667441088,0.36
1761,3077,0,0,0.3200357976068009,11,260,65,325,0.6335294117647059,0.35353535353535354
1762,3159,0,0,0.006568706197787396,11,260,65,325,0.6321153630344518,0.3469387755102041
1763,3222,0,0,0.0016958341864465086,11,260,65,325,0.637595392976824,0.35051546391752575
1764,3234,0,0,0.0021641721950596557,11,260,65,325,0.6430936227951153,0.3541666666666667
1765,3250,0,0,0.027799271010373983,11,260,65,325,0.6486094951616107,0.35789473684210527
1766,3257,0,0,8.613757335488293e-05,11,260,65,325,0.6472547841757488,0.35106382978723405
1767,3261,0,0,0.10314081336501046,11,260,65,325,0.6528170955882353,0.3548387096774194
1768,3292,0,0,0.01825877797356588,11,260,65,325,0.6514610126288959,0.34782608695652173
1769,3427,0,0,8.50082910069186e-05,11,260,65,325,0.6570690909090909,0.3516483516483517
1770,3433,0,0,0.0006182268421222651,11,260,65,325,0.6570690909090909,0.3516483516483517
1771,3532,0,0,0.00028618888446098627,11,260,65,325,0.6570690909090909,0.3516483516483517
1772,3591,0,0,0.0011683993085223803,11,260,65,325,0.6613604488078542,0.3516483516483517
1773,3608,0,0,0.0007223290178219825,11,260,65,325,0.6613604488078542,0.3516483516483517
1774,3609,0,0,0.00033788718078218863,11,260,65,325,0.6613604488078542,0.3516483516483517
1775,3612,0,0,0.17607410592497338,11,260,65,325,0.6613604488078542,0.3516483516483517
1776,3634,0,0,0.003260669776994706,11,260,65,325,0.6613604488078542,0.3516483516483517
1777,3637,0,0,3.406347911914354e-05,11,260,65,325,0.6613604488078542,0.3516483516483517
1778,3660,0,0,0.000337706513277677,11,260,65,325,0.6613604488078542,0.3516483516483517
1779,3661,0,0,0.00045313547646452215,11,260,65,325,0.6613604488078542,0.3516483516483517
1780,3668,0,0,0.006514545997616597,11,260,65,325,0.6613604488078542,0.3516483516483517
1781,3673,0,0,0.006125406017661655,11,260,65,325,0.6613604488078542,0.3516483516483517
1782,3685,0,0,0.010471229371169791,11,260,65,325,0.6613604488078542,0.3516483516483517
1783,3743,0,0,0.0027308139353326264,11,260,65,325,0.6613604488078542,0.3516483516483517
1784,3745,0,0,0.0003424440403058306,11,260,65,325,0.6613604488078542,0.3516483516483517
1785,3748,0,0,0.0031188381206608694,11,260,65,325,0.6613604488078542,0.3516483516483517
1786,3777,0,0,0.0004639188318005234,11,260,65,325,0.6613604488078542,0.3516483516483517
1787,3798,0,1,0.6439011604611613,11,260,66,326,0.6570690909090909,0.3516483516483517
1788,3889,0,0,9.999302932860404e-05,11,260,66,326,0.6570690909090909,0.3516483516483517
1789,3972,0,0,0.04517883004643968,11,260,66,326,0.6570690909090909,0.3516483516483517
1790,3977,0,0,0.0005974075793342413,11,260,66,326,0.6570690909090909,0.3516483516483517
1791,4003,0,0,0.00040484290633679764,11,260,66,326,0.6570690909090909,0.3516483516483517
1792,4007,0,0,0.0002683730203462337,11,260,66,326,0.6570690909090909,0.3516483516483517
1793,4048,0,0,0.004973462211399333,11,260,66,326,0.6570690909090909,0.3516483516483517
1794,4124,0,0,0.34625785739745024,11,260,66,326,0.6570690909090909,0.3516483516483517
1795,4185,0,0,0.0070232963483835035,11,260,66,326,0.6570690909090909,0.3516483516483517
1796,4204,0,0,0.05720781547271397,11,260,66,326,0.6570690909090909,0.3516483516483517
1797,4205,0,0,0.0006553512297247606,11,260,66,326,0.6570690909090909,0.3516483516483517
1798,4250,0,0,0.00037331679468746113,11,260,66,326,0.6570690909090909,0.3516483516483517
1799,4253,0,0,0.03826939716975837,12,260,66,326,0.6570690909090909,0.3516483516483517
1800,4265,0,0,0.0005482118307720333,12,260,66,326,0.6570690909090909,0.3516483516483517
1801,4271,0,0,0.0384155863048924,12,260,66,326,0.6570690909090909,0.3516483516483517
1802,4292,0,0,0.0012973925182254854,12,260,66,326,0.6570690909090909,0.3516483516483517
1803,4305,0,0,0.0026509556298312718,12,260,66,326,0.6570690909090909,0.3516483516483517
1804,4310,0,0,0.037902196220391135,12,260,66,326,0.6570690909090909,0.3516483516483517
1805,4345,0,0,0.06650258764397189,12,260,66,326,0.6570690909090909,0.3516483516483517
1806,4374,0,0,0.0020539711249754917,12,260,66,326,0.6570690909090909,0.3516483516483517
1807,4385,0,0,0.1459385989793014,12,260,66,326,0.6570690909090909,0.3516483516483517
1808,4390,0,0,0.0009478562947927942,12,260,66,326,0.6570690909090909,0.3516483516483517
1809,4394,0,1,0.6595368477742345,12,260,67,327,0.6527899432278994,0.3516483516483517
1810,4402,0,0,0.00424311719500299,12,260,67,327,0.6527899432278994,0.3516483516483517
1811,4441,0,0,0.001022688911681515,12,260,67,327,0.6527899432278994,0.3516483516483517
1812,4477,0,0,0.00027855797331053245,12,260,67,327,0.6527899432278994,0.3516483516483517
1813,4569,0,0,0.009240508334168649,12,260,67,327,0.6527899432278994,0.3516483516483517
1814,4570,0,0,4.95121806343123e-05,12,260,67,327,0.6527899432278994,0.3516483516483517
1815,4575,0,0,0.03131781398750571,12,260,67,327,0.6527899432278994,0.3516483516483517
1816,4603,0,0,0.0005393789146783028,12,260,67,327,0.6527899432278994,0.3516483516483517
1817,4605,0,0,9.782263153701074e-05,12,260,67,327,0.6527899432278994,0.3516483516483517
1818,4612,0,0,9.506966793659119e-06,12,260,67,327,0.6527899432278994,0.3516483516483517
1819,4668,0,0,0.10434151231810584,12,260,67,327,0.6527899432278994,0.3516483516483517
1820,4702,0,0,0.000344267679359109,12,260,67,327,0.6527899432278994,0.3516483516483517
1821,4704,0,0,0.0019317795788045152,12,260,67,327,0.6527899432278994,0.3516483516483517
1822,4738,0,0,0.0027739511186420022,12,260,67,327,0.6527899432278994,0.3516483516483517
1823,4795,0,0,0.0003577189652892749,12,260,67,327,0.6527899432278994,0.3516483516483517
1824,4915,0,0,0.0018538416219544545,12,260,67,327,0.6527899432278994,0.3516483516483517
1825,4971,0,0,0.00015643919947332102,12,260,67,327,0.6527899432278994,0.3516483516483517
1826,4985,0,0,0.0003273425302575945,12,260,67,327,0.6527899432278994,0.3516483516483517
1827,4986,0,0,0.009204051367006506,12,260,67,327,0.6527899432278994,0.3516483516483517
1828,4987,0,0,0.00040796285077970195,12,260,67,327,0.6527899432278994,0.3516483516483517
1829,4997,0,0,0.0003880331043189148,12,260,67,327,0.6527899432278994,0.3516483516483517
1830,20,1,1,0.9768314933338629,12,260,67,327,0.6540992647058823,0.358695652173913
1831,24,1,1,0.9676877415579461,12,260,67,327,0.6553789173789174,0.3655913978494624
1832,53,1,0,0.006450723225953086,12,261,67,328,0.6498430715968104,0.3617021276595745
1833,89,1,0,0.041295405893156036,12,262,67,329,0.6443238353686115,0.35789473684210527
1834,104,1,1,0.9608508718095479,12,262,67,329,0.6456334867018292,0.3645833333333333
1835,136,1,1,0.9996237666342266,12,262,67,329,0.646916221033868,0.3711340206185567
1836,166,1,1,0.9703948999974179,12,262,67,329,0.6481734705166501,0.37755102040816324
1837,168,1,1,0.9999681849551544,12,262,67,329,0.6494065934065933,0.3838383838383838
1838,199,1,0,0.0025250953194008653,12,263,67,330,0.6440209206166654,0.38
1839,206,1,1,0.9853986243473825,12,263,67,330,0.6452599929253625,0.38613861386138615
1840,240,1,1,0.9899503048956656,12,263,67,330,0.6464773495605138,0.39215686274509803
1841,260,1,0,0.021421715775177534,12,264,67,331,0.6411681587746737,0.3883495145631068
1842,273,1,1,0.9977597254200418,12,264,67,331,0.6423938223938224,0.3942307692307692
1843,278,1,1,0.877284950256835,12,264,67,331,0.6436,0.4
1844,284,1,1,0.7730055571471645,12,264,67,331,0.6447877758913413,0.4056603773584906
1845,395,1,0,0.23351890342648793,12,265,67,332,0.6395853510094995,0.40186915887850466
1846,397,1,0,0.2878826120148313,12,266,67,333,0.6344039700137262,0.39814814814814814
1847,415,1,0,0.4922510827134065,12,267,67,334,0.6344039700137262,0.39814814814814814
1848,428,1,0,0.07900626667991079,12,268,67,335,0.6344039700137262,0.39814814814814814
1849,431,1,1,0.9639493023139929,12,268,67,335,0.6407847267939434,0.4074074074074074
1850,500,1,1,0.9990528276563196,12,268,67,335,0.6471122320302648,0.4166666666666667
1851,552,1,1,0.730483903177172,12,268,67,335,0.6471122320302648,0.4166666666666667
1852,615,1,1,0.7143115434268452,12,268,67,335,0.6533878535293964,0.42592592592592593
1853,645,1,1,0.9983772327479673,12,268,67,335,0.6596129302228266,0.4351851851851852
1854,656,1,0,0.08176404161048552,12,269,67,336,0.6596129302228266,0.4351851851851852
1855,716,1,1,0.9979992332911458,12,269,67,336,0.665788773193455,0.4444444444444444
1856,744,1,1,0.9990483081967081,12,269,67,336,0.6719166666666666,0.4537037037037037
1857,851,1,1,0.9762690093077502,12,269,67,336,0.6779978689674887,0.46296296296296297
1858,871,1,1,0.9978715128145598,12,269,67,336,0.6840336134453782,0.4722222222222222
1859,908,1,1,0.9948627201551147,12,269,67,336,0.690025109368124,0.48148148148148145
1860,910,1,1,0.9900685562756929,12,269,67,336,0.6959735427862753,0.49074074074074076
1861,912,1,1,0.7141597166654439,12,269,67,336,0.6959735427862753,0.49074074074074076
1862,933,1,1,0.7199923234536232,12,269,67,336,0.701880077369439,0.5
1863,943,1,1,0.7103198125468039,12,269,67,336,0.7077458552157347,0.5092592592592593
1864,957,1,1,0.9985351007560274,12,269,67,336,0.7077458552157347,0.5092592592592593
1865,1014,1,1,0.9400472360213084,12,269,67,336,0.7135719976356301,0.5185185185185185
1866,1016,1,1,0.8809421572077873,12,269,67,336,0.7193596059113301,0.5277777777777778
1867,1019,1,0,0.005245356633854062,12,270,67,337,0.7135719976356301,0.5185185185185185
1868,1097,1,1,0.5117857965855916,12,270,67,337,0.7135719976356301,0.5185185185185185
1869,1112,1,1,0.8537800611849867,12,270,67,337,0.7193596059113301,0.5277777777777778
1870,1117,1,1,0.9846179566078012,12,270,67,337,0.7251097620328388,0.5370370370370371
1871,1131,1,0,0.02681184717904042,12,271,67,338,0.7193596059113301,0.5277777777777778
1872,1195,1,0,0.07816003506126692,12,272,67,339,0.7135719976356301,0.5185185185185185
1873,1202,1,1,0.945270426528663,12,272,67,339,0.7193596059113301,0.5277777777777778
1874,1238,1,1,0.9976102417123189,12,272,67,339,0.7251097620328388,0.5370370370370371
1875,1249,1,0,0.022209246812301305,12,273,67,340,0.7251097620328388,0.5370370370370371
1876,1271,1,0,0.02399625637759656,12,274,67,341,0.7251097620328388,0.5370370370370371
1877,1326,1,1,0.9957179782346373,12,274,67,341,0.7308235294117648,0.5462962962962963
1878,1380,1,0,0.0005455321893816295,12,275,67,342,0.7251097620328388,0.5370370370370371
1879,1438,1,0,0.0009066877322959923,12,276,67,343,0.7251097620328388,0.5370370370370371
1880,1472,1,1,0.7143080668124133,12,276,67,343,0.7251097620328388,0.5370370370370371
1881,1497,1,1,0.9503775381808769,12,276,67,343,0.7308235294117648,0.5462962962962963
1882,1509,1,1,0.6200206433646203,12,276,67,343,0.7308235294117648,0.5462962962962963
1883,1535,1,1,0.9799809101656826,12,276,67,343,0.7365019535738909,0.5555555555555556
1884,1553,1,1,0.6748402015477402,12,276,67,343,0.7365019535738909,0.5555555555555556
1885,1579,1,1,0.9995899840913313,12,276,67,343,0.7421460628314973,0.5648148148148148
1886,1589,1,1,0.9328897198673756,12,276,67,343,0.7477568689363652,0.5740740740740741
1887,1610,1,0,0.0006158379522777938,12,277,67,344,0.7477568689363652,0.5740740740740741
1888,1754,1,0,0.009685820322472593,12,278,67,345,0.7477568689363652,0.5740740740740741
1889,1786,1,0,0.11058452362171692,12,279,67,346,0.7421460628314973,0.5648148148148148
1890,1802,1,1,0.9878792675022735,12,279,67,346,0.7477568689363652,0.5740740740740741
1891,1824,1,1,0.9972582992953121,12,279,67,346,0.7477568689363652,0.5740740740740741
1892,1832,1,1,0.7138422750801833,12,279,67,346,0.7477568689363652,0.5740740740740741
1893,1842,1,0,0.11135534623877084,12,280,67,347,0.7477568689363652,0.5740740740740741
1894,1850,1,0,0.021421715775177534,12,281,67,348,0.7477568689363652,0.5740740740740741
1895,1870,1,1,0.9985983341248065,12,281,67,348,0.7533353677143729,0.5833333333333334
1896,1892,1,0,0.00180204906772158,12,282,67,349,0.7477568689363652,0.5740740740740741
1897,1911,1,1,0.7140802351301179,12,282,67,349,0.7533353677143729,0.5833333333333334
1898,1917,1,0,0.04100174508240331,12,283,67,350,0.7533353677143729,0.5833333333333334
1899,1931,1,1,0.9999284452613895,12,283,67,350,0.7533353677143729,0.5833333333333334
1900,2027,1,0,0.04100174508240331,12,284,67,351,0.7477568689363652,0.5740740740740741
1901,2040,1,0,0.050069454479470026,12,285,67,352,0.7477568689363652,0.5740740740740741
1902,2122,1,1,0.9933648800991732,12,285,67,352,0.7477568689363652,0.5740740740740741
1903,2146,1,0,0.03077925509596292,12,286,67,353,0.7477568689363652,0.5740740740740741
1904,2167,1,1,0.9975458937583639,12,286,67,353,0.7477568689363652,0.5740740740740741
1905,2187,1,1,0.7729020146789776,12,286,67,353,0.7533353677143729,0.5833333333333334
1906,2197,1,1,0.9716582290380297,12,286,67,353,0.7588825396825396,0.5925925925925926
1907,2203,1,0,0.1075194468995476,12,287,67,354,0.7588825396825396,0.5925925925925926
1908,2275,1,0,0.0011472515087858463,12,288,67,355,0.7533353677143729,0.5833333333333334
1909,2302,1,0,0.10438723440887812,12,289,67,356,0.7477568689363652,0.5740740740740741
1910,2355,1,1,0.9922645976807981,12,289,67,356,0.7477568689363652,0.5740740740740741
1911,2357,1,1,0.937156543914538,12,289,67,356,0.7533353677143729,0.5833333333333334
1912,2364,1,0,0.017694415016233898,12,290,67,357,0.7533353677143729,0.5833333333333334
1913,2373,1,1,0.952930584214229,12,290,67,357,0.7588825396825396,0.5925925925925926
1914,2404,1,1,0.9421386093033831,12,290,67,357,0.7588825396825396,0.5925925925925926
1915,2425,1,1,0.9971682079556048,12,290,67,357,0.7643993506493507,0.6018518518518519
1916,2429,1,0,0.018354598882620202,12,291,67,358,0.7588825396825396,0.5925925925925926
1917,2535,0,0,0.0004724471294116795,12,291,67,358,0.7639172006916896,0.5981308411214953
1918,2550,0,1,0.997645749868404,12,291,68,359,0.7642213406571051,0.6037735849056604
1919,2619,0,0,0.0002376513517273421,12,291,68,359,0.7637596899224807,0.6
1920,2690,0,0,0.0006472929529407046,12,291,68,359,0.7632941176470589,0.5961538461538461
1921,2699,0,0,0.14099887074406028,12,291,68,359,0.7683893030046876,0.6019417475728155
1922,2752,0,0,0.0009619961408921713,12,291,68,359,0.7679396571663539,0.5980392156862745
1923,2757,0,0,0.00234505837432716,12,291,68,359,0.7674854932301741,0.594059405940594
1924,2814,0,0,0.0011128658441461735,12,291,68,359,0.7726333195535346,0.6
1925,2839,0,0,0.0008665963070234237,12,291,68,359,0.7777927053402708,0.6060606060606061
1926,2866,0,0,0.001308973334051547,12,291,68,359,0.7829629629629631,0.6122448979591837
1927,2945,0,0,0.0010539994809924424,12,291,68,359,0.7881434028950857,0.6185567010309279
1928,3052,0,1,0.9972912098006671,12,291,69,360,0.7885589542347773,0.625
1929,3066,0,0,0.36029358687870616,12,291,69,360,0.79375,0.631578947368421
1930,3097,0,0,0.0003963492508154094,12,291,69,360,0.7934093524427241,0.6276595744680851
1931,3163,0,0,4.6285546958849294e-05,12,291,69,360,0.793064312736444,0.6236559139784946
1932,3175,0,0,1.2830208634711855e-08,12,291,69,360,0.7982988808426598,0.6304347826086957
1933,3193,0,0,0.10932839027238202,12,291,69,360,0.7979669762641899,0.6263736263736264
1934,3238,0,0,2.4398878459373822e-05,12,291,69,360,0.8032258064516128,0.6333333333333333
1935,3264,0,0,0.0004060097962490521,12,291,69,360,0.80849038538259,0.6404494382022472
1936,3344,0,0,0.00011753392554109743,12,291,69,360,0.81376,0.6477272727272727
1937,3385,0,0,0.04520053243137008,12,291,69,360,0.8134749034749035,0.6436781609195402
1938,3392,0,0,0.010381384921740922,12,291,69,360,0.8134749034749035,0.6436781609195402
1939,3487,0,0,9.735499759728962e-05,12,291,69,360,0.8134749034749035,0.6436781609195402
1940,3511,0,0,0.00022593590236562758,12,291,69,360,0.8134749034749035,0.6436781609195402
1941,3527,0,0,6.546824438616974e-05,12,291,69,360,0.8134749034749035,0.6436781609195402
1942,3536,0,0,0.0017459795558524027,12,291,69,360,0.8134749034749035,0.6436781609195402
1943,3547,0,0,0.0021155691170696793,12,291,69,360,0.8134749034749035,0.6436781609195402
1944,3580,0,0,0.004689568512348894,12,291,69,360,0.8134749034749035,0.6436781609195402
1945,3620,0,0,0.0021631981029125048,12,291,69,360,0.8134749034749035,0.6436781609195402
1946,3676,0,0,0.004402154718375967,12,291,69,360,0.8134749034749035,0.6436781609195402
1947,3682,0,1,0.8792517864777989,12,291,70,361,0.8086930131821707,0.6436781609195402
1948,3737,0,0,0.00047183140958975033,12,291,70,361,0.8086930131821707,0.6436781609195402
1949,3810,0,0,0.0001660314102981962,13,291,70,361,0.8086930131821707,0.6436781609195402
1950,3846,0,0,0.0010177765762027712,13,291,70,361,0.8086930131821707,0.6436781609195402
1951,3848,0,0,0.00593244294543028,13,291,70,361,0.8086930131821707,0.6436781609195402
1952,3850,0,0,0.027375476274617457,13,291,70,361,0.8086930131821707,0.6436781609195402
1953,3909,0,0,0.006348639123510386,13,291,70,361,0.8086930131821707,0.6436781609195402
1954,3940,0,0,0.00011475341750247354,13,291,70,361,0.8086930131821707,0.6436781609195402
1955,4005,0,0,0.004915790184446536,13,291,70,361,0.8134749034749035,0.6436781609195402
1956,4010,0,0,0.007812438191445067,13,291,70,361,0.8134749034749035,0.6436781609195402
1957,4032,0,0,0.005412359917084296,13,291,70,361,0.8134749034749035,0.6436781609195402
1958,4078,0,0,0.004647450173396451,13,291,70,361,0.8134749034749035,0.6436781609195402
1959,4111,0,0,0.0024294991523130896,13,291,70,361,0.8134749034749035,0.6436781609195402
1960,4121,0,0,0.4261224195195939,13,291,70,361,0.8134749034749035,0.6436781609195402
1961,4125,0,0,0.0002579355265743734,13,291,70,361,0.8134749034749035,0.6436781609195402
1962,4127,0,0,0.00308878720607805,13,291,70,361,0.8134749034749035,0.6436781609195402
1963,4230,0,0,5.122967212772398e-05,13,291,70,361,0.8134749034749035,0.6436781609195402
1964,4248,0,0,0.009880037416281084,13,291,70,361,0.8134749034749035,0.6436781609195402
1965,4369,0,0,0.011013879093821127,13,291,70,361,0.8134749034749035,0.6436781609195402
1966,4377,0,0,0.00012428732277543805,13,291,70,361,0.8134749034749035,0.6436781609195402
1967,4380,0,0,0.0007460225299022964,13,291,70,361,0.8134749034749035,0.6436781609195402
1968,4460,0,0,0.0007065935790814538,13,291,70,361,0.8134749034749035,0.6436781609195402
1969,4490,0,0,5.5694525000889244e-05,13,291,70,361,0.8134749034749035,0.6436781609195402
1970,4590,0,0,0.11975325632771783,13,291,70,361,0.8134749034749035,0.6436781609195402
1971,4624,0,0,0.0006217718172705807,13,291,70,361,0.8134749034749035,0.6436781609195402
1972,4632,0,0,0.00036118515414831855,13,291,70,361,0.8134749034749035,0.6436781609195402
1973,4642,0,0,0.00048408626552792983,13,291,70,361,0.8134749034749035,0.6436781609195402
1974,4666,0,0,0.0034942946066297193,13,291,70,361,0.8134749034749035,0.6436781609195402
1975,4669,0,0,0.020635045769862588,13,291,70,361,0.8134749034749035,0.6436781609195402
1976,4686,0,0,0.0035217032207354765,13,291,70,361,0.8134749034749035,0.6436781609195402
1977,4788,0,0,0.002374942501463593,13,291,70,361,0.8134749034749035,0.6436781609195402
1978,4801,0,0,0.2891886649235367,13,291,70,361,0.8134749034749035,0.6436781609195402
1979,4815,0,0,0.2407288797786356,13,291,70,361,0.8134749034749035,0.6436781609195402
1980,4825,0,0,0.12228746906583836,13,291,70,361,0.8134749034749035,0.6436781609195402
1981,4872,0,0,0.0057305399322145146,13,291,70,361,0.8134749034749035,0.6436781609195402
1982,4882,0,0,0.001415158042196862,13,291,70,361,0.8134749034749035,0.6436781609195402
1983,4926,0,0,0.0020177558326674853,13,291,70,361,0.8134749034749035,0.6436781609195402
1984,4981,0,0,0.0003564718001963628,13,291,70,361,0.8134749034749035,0.6436781609195402
1985,9,1,1,0.9921680982697847,13,291,70,361,0.81376,0.6477272727272727
1986,11,1,1,0.9996778219856535,13,291,70,361,0.8140407470288625,0.651685393258427
1987,13,1,0,0.22601676913992086,13,292,70,362,0.8135823429541597,0.6444444444444445
1988,21,1,1,0.99417741105467,13,292,70,362,0.8138802660753881,0.6483516483516484
1989,26,1,1,0.9922730831990242,13,292,70,362,0.8141740226986128,0.6521739130434783
1990,34,1,1,0.9901433867908114,13,292,70,362,0.8144638560518882,0.6559139784946236
1991,37,1,0,0.005744085794017157,13,293,70,363,0.809259636211801,0.648936170212766
1992,43,1,1,0.9999554260401716,13,293,70,363,0.8095623586891552,0.6526315789473685
1993,55,1,1,0.9974639807412141,13,293,70,363,0.80986151018612,0.65625
1994,59,1,0,0.48901481852657347,13,294,70,364,0.8046982224059529,0.6494845360824743
1995,66,1,0,0.058831320586124045,13,295,70,365,0.7995435203094777,0.6428571428571429
1996,86,1,0,0.4226319229843979,13,296,70,366,0.7943981052414787,0.6363636363636364
1997,93,1,0,0.0014628503909379972,13,297,70,367,0.78926267636401,0.63
1998,97,1,1,0.9905464036158624,13,297,70,367,0.7896280642434488,0.6336633663366337
1999,100,1,1,0.9788022723575006,13,297,70,367,0.7899900406036926,0.6372549019607843
2000,114,1,1,0.9875457999198112,13,297,70,367,0.7903488579358815,0.6407766990291263
2001,115,1,0,0.09844704562019162,13,298,70,368,0.7852792187976809,0.6346153846153846
2002,118,1,0,0.3814677464587674,13,299,70,369,0.7802222222222223,0.6285714285714286
2003,121,1,1,0.9850951656235893,13,299,70,369,0.7806151351625243,0.6320754716981132
2004,127,1,1,0.9998564017349765,13,299,70,369,0.7810053338052023,0.6355140186915887
2005,133,1,1,0.9995697559686374,13,299,70,369,0.781393072479124,0.6388888888888888
2006,151,1,0,0.1295147073912333,13,300,70,370,0.7764068958564372,0.6330275229357798
2007,156,1,0,0.2912073076138412,13,301,70,371,0.7714361260104253,0.6272727272727273
2008,183,1,0,0.433110937125395,13,302,70,372,0.7664814814814815,0.6216216216216216
2009,187,1,1,0.9749518234567727,13,302,70,372,0.7716907605279698,0.625
2010,190,1,1,0.7502373317355755,13,302,70,372,0.7721360247043759,0.6283185840707964
2011,224,1,1,0.9677468619026374,13,302,70,372,0.7725795531482734,0.631578947368421
2012,234,1,1,0.998936188170743,13,302,70,372,0.7730216187780254,0.6347826086956522
2013,256,1,1,0.991687855991523,13,302,70,372,0.7734624915521513,0.6379310344827587
2014,296,1,1,0.9890616344602239,13,302,70,372,0.7739024390243903,0.6410256410256411
2015,298,1,1,0.9985484142953599,13,302,70,372,0.77434172688855,0.6440677966101694
2016,299,1,1,0.9949494487160628,13,302,70,372,0.7747806195154879,0.6470588235294118
2017,305,1,0,0.01534562904887905,13,303,70,373,0.77,0.6416666666666667
2018,309,1,0,0.1360680207984148,13,304,70,374,0.7652408810220256,0.6363636363636364
2019,314,1,0,0.10345108949935779,13,305,70,375,0.7605040504050404,0.6311475409836066
2020,317,1,0,0.40354961552672913,13,306,70,376,0.755790302818134,0.6260162601626016
2021,320,1,1,0.9979297884700183,13,306,70,376,0.756317698561601,0.6290322580645161
2022,321,1,1,0.9975436389298342,13,306,70,376,0.756845886210608,0.632
2023,338,1,1,0.998180629863026,13,306,70,376,0.7573751847491169,0.6349206349206349
2024,355,1,1,0.997672170939019,13,306,70,376,0.757905915394067,0.6377952755905512
2025,369,1,0,0.31826617134343255,13,307,70,377,0.7533119229225211,0.6328125
2026,370,1,0,0.4305656254874946,13,308,70,378,0.7487451984635084,0.627906976744186
2027,373,1,1,0.9554143759751607,13,308,70,378,0.7493274670018857,0.6307692307692307
2028,380,1,1,0.9983211981797784,13,308,70,378,0.7499123668504949,0.6335877862595419
2029,413,1,0,0.06830647597881535,13,309,70,379,0.7454259501965924,0.6287878787878788
2030,422,1,1,0.6688102324507439,13,309,70,379,0.7454259501965924,0.6287878787878788
2031,433,1,1,0.9992529997250336,13,309,70,379,0.7454259501965924,0.6287878787878788
2032,436,1,1,0.999986724935807,13,309,70,379,0.7505002648906379,0.6363636363636364
2033,438,1,1,0.9944175230407741,13,309,70,379,0.7555555555555555,0.6439393939393939
2034,439,1,1,0.8479167849481565,13,309,70,379,0.7555555555555555,0.6439393939393939
2035,442,1,1,0.9995874165133971,13,309,70,379,0.7555555555555555,0.6439393939393939
2036,446,1,0,0.06797350455621577,13,310,70,380,0.7505002648906379,0.6363636363636364
2037,448,1,0,0.4158742759118179,13,311,70,381,0.7454259501965924,0.6287878787878788
2038,479,1,1,0.9836503500225046,13,311,70,381,0.7505002648906379,0.6363636363636364
2039,481,1,0,0.16205789461780667,13,312,70,382,0.7454259501965924,0.6287878787878788
2040,486,1,1,0.9953640671589655,13,312,70,382,0.7454259501965924,0.6287878787878788
2041,501,1,1,0.997706127729011,13,312,70,382,0.7505002648906379,0.6363636363636364
2042,502,1,1,0.9999705907967208,13,312,70,382,0.7505002648906379,0.6363636363636364
2043,508,1,1,0.9397495638714108,13,312,70,382,0.7505002648906379,0.6363636363636364
2044,511,1,1,0.9922431655323021,13,312,70,382,0.7505002648906379,0.6363636363636364
2045,513,1,0,0.005744086778796084,13,313,70,383,0.7505002648906379,0.6363636363636364
2046,517,1,1,0.9922606251061382,13,313,70,383,0.7555555555555555,0.6439393939393939
2047,518,1,1,0.5565740546780612,13,313,70,383,0.7605925326727168,0.6515151515151515
2048,524,1,0,0.4964414816512814,13,314,70,384,0.7605925326727168,0.6515151515151515
2049,535,1,1,0.9946778821086426,13,314,70,384,0.7605925326727168,0.6515151515151515
2050,538,1,1,0.9964596412140339,13,314,70,384,0.7605925326727168,0.6515151515151515
2051,573,1,1,0.8525987100367168,13,314,70,384,0.7605925326727168,0.6515151515151515
2052,584,1,0,0.1148057854420285,13,315,70,385,0.7555555555555555,0.6439393939393939
2053,592,1,1,0.9651432046206527,13,315,70,385,0.7555555555555555,0.6439393939393939
2054,595,1,1,0.9983288309869228,13,315,70,385,0.7605925326727168,0.6515151515151515
2055,600,1,1,0.9979118313421212,13,315,70,385,0.7605925326727168,0.6515151515151515
2056,610,1,1,0.9559407577056249,13,315,70,385,0.7605925326727168,0.6515151515151515
2057,617,1,0,0.06712440441657588,13,316,70,386,0.7555555555555555,0.6439393939393939
2058,627,1,0,0.18107193672006364,13,317,70,387,0.7505002648906379,0.6363636363636364
2059,629,1,0,0.002444673317951366,13,318,70,388,0.7454259501965924,0.6287878787878788
2060,640,1,1,0.9993131212887626,13,318,70,388,0.7454259501965924,0.6287878787878788
2061,668,1,0,0.1360680207984148,13,319,70,389,0.7403318979627811,0.6212121212121212
2062,670,1,1,0.9782474823389635,13,319,70,389,0.7403318979627811,0.6212121212121212
2063,684,1,1,0.9973852916178042,13,319,70,389,0.7403318979627811,0.6212121212121212
2064,693,1,1,0.9936044318579208,13,319,70,389,0.7403318979627811,0.6212121212121212
2065,710,1,1,0.9968774129955187,13,319,70,389,0.7403318979627811,0.6212121212121212
2066,713,1,0,0.11937518055600468,13,320,70,390,0.7352173913043478,0.6136363636363636
2067,723,1,1,0.9994235675151799,13,320,70,390,0.7403318979627811,0.6212121212121212
2068,728,1,0,0.0028567734293702554,13,321,70,391,0.7352173913043478,0.6136363636363636
2069,743,1,1,0.9819859693627735,13,321,70,391,0.7352173913043478,0.6136363636363636
2070,745,1,1,0.6184123780737355,13,321,70,391,0.7352173913043478,0.6136363636363636
2071,748,1,1,0.9975992157351725,13,321,70,391,0.7403318979627811,0.6212121212121212
2072,750,1,1,0.62051801243419,13,321,70,391,0.7454259501965924,0.6287878787878788
2073,754,1,1,0.7589120386343368,13,321,70,391,0.7454259501965924,0.6287878787878788
2074,755,1,1,0.517637780806387,13,321,70,391,0.7454259501965924,0.6287878787878788
2075,757,1,0,0.034226228455491815,13,322,70,392,0.7454259501965924,0.6287878787878788
2076,760,1,0,0.4439898721217001,13,323,70,393,0.7454259501965924,0.6287878787878788
2077,763,1,1,0.774461673650341,13,323,70,393,0.7454259501965924,0.6287878787878788
2078,783,1,1,0.9988464894518104,13,323,70,393,0.7505002648906379,0.6363636363636364
2079,800,1,1,0.996424081142974,13,323,70,393,0.7555555555555555,0.6439393939393939
2080,816,1,1,0.6008289900832807,13,323,70,393,0.7555555555555555,0.6439393939393939
2081,817,1,1,0.9903989850347821,13,323,70,393,0.7555555555555555,0.6439393939393939
2082,824,1,1,0.9933789259851998,13,323,70,393,0.7555555555555555,0.6439393939393939
2083,825,1,1,0.9977835203386588,13,323,70,393,0.7555555555555555,0.6439393939393939
2084,826,1,1,0.503523927405596,13,323,70,393,0.7555555555555555,0.6439393939393939
2085,838,1,1,0.9994084029038336,13,323,70,393,0.7555555555555555,0.6439393939393939
2086,847,1,0,0.13412710587201543,13,324,70,394,0.7505002648906379,0.6363636363636364
2087,848,1,1,0.9394827359179316,13,324,70,394,0.7555555555555555,0.6439393939393939
2088,872,1,1,0.9990174759701405,13,324,70,394,0.7605925326727168,0.6515151515151515
2089,873,1,1,0.9948037017241875,13,324,70,394,0.7656119040388703,0.6590909090909091
2090,877,1,1,0.9979848073615449,13,324,70,394,0.7656119040388703,0.6590909090909091
2091,882,1,1,0.9945792673020353,13,324,70,394,0.7656119040388703,0.6590909090909091
2092,885,1,1,0.9999106245468224,13,324,70,394,0.7656119040388703,0.6590909090909091
2093,901,1,0,0.14590111333935035,13,325,70,395,0.7656119040388703,0.6590909090909091
2094,902,1,1,0.9970288282231922,13,325,70,395,0.7706143751108407,0.6666666666666666
2095,903,1,0,0.005382055122316616,13,326,70,396,0.7656119040388703,0.6590909090909091
2096,904,1,1,0.9999873962494927,13,326,70,396,0.7706143751108407,0.6666666666666666
2097,911,1,1,0.9912428399927239,13,326,70,396,0.7706143751108407,0.6666666666666666
2098,913,1,1,0.9908408495529775,13,326,70,396,0.7756006493506493,0.6742424242424242
2099,916,1,0,0.2420590605097225,14,327,70,397,0.7706143751108407,0.6666666666666666
2100,920,1,1,0.944288667878111,14,327,70,397,0.7756006493506493,0.6742424242424242
2101,923,1,1,0.9958082042126803,14,327,70,397,0.7805714285714287,0.6818181818181818
2102,950,1,1,0.9977628799270051,14,327,70,397,0.7805714285714287,0.6818181818181818
2103,995,1,1,0.5653429025416153,14,327,70,397,0.7855274132845083,0.6893939393939394
2104,1004,1,1,0.9645687221059243,14,327,70,397,0.7855274132845083,0.6893939393939394
2105,1022,1,1,0.9969149197790435,14,327,70,397,0.7855274132845083,0.6893939393939394
2106,1023,1,1,0.9990369366883342,14,327,70,397,0.7855274132845083,0.6893939393939394
2107,1025,1,1,0.9992514598028093,14,327,70,397,0.7904693030480507,0.696969696969697
2108,1037,1,1,0.9999808963479084,14,327,70,397,0.7953977968176253,0.7045454545454546
2109,1054,1,1,0.9966752395607301,14,327,70,397,0.8003135932991138,0.7121212121212122
2110,1058,1,0,0.08652543463809954,14,328,70,398,0.7953977968176253,0.7045454545454546
2111,1087,1,1,0.9818275159923525,14,328,70,398,0.7953977968176253,0.7045454545454546
2112,1093,1,1,0.8618835808445516,14,328,70,398,0.8003135932991138,0.7121212121212122
2113,1107,1,0,0.0016213327366166254,14,329,70,399,0.7953977968176253,0.7045454545454546
2114,1108,1,1,0.9993084501389629,14,329,70,399,0.7953977968176253,0.7045454545454546
2115,1109,1,1,0.9887746333371117,14,329,70,399,0.7953977968176253,0.7045454545454546
2116,1115,1,1,0.9973563783087551,14,329,70,399,0.8003135932991138,0.7121212121212122
2117,1120,1,0,0.056406574741104686,14,330,70,400,0.7958005115089515,0.706766917293233
2118,1127,1,0,0.12870275375303772,14,331,70,401,0.7961227621483377,0.7014925373134329
2119,1128,1,1,0.9990869212189774,14,331,70,401,0.7965517241379311,0.7037037037037037
2120,1129,1,1,0.986850910002562,14,331,70,401,0.7969848625270312,0.7058823529411765
2121,1137,1,1,0.9986184714284054,14,331,70,401,0.797422488631666,0.708029197080292
2122,1144,1,0,0.40273184620413854,14,332,70,402,0.793030985477984,0.7028985507246377
2123,1153,1,1,0.7724531890451843,14,332,70,402,0.7934985316666234,0.7050359712230215
2124,1155,1,1,0.6154909725060808,14,332,70,402,0.7939716589681359,0.7071428571428572
2125,1182,1,1,0.997418238432522,14,332,70,402,0.7944507352362978,0.7092198581560284
2126,1185,1,1,0.9880389820440124,14,332,70,402,0.7949361421988149,0.7112676056338029
2127,1190,1,0,0.224060528724429,14,333,70,403,0.7906852497096399,0.7062937062937062
2128,1209,1,1,0.9998423349853809,14,333,70,403,0.7959630599878278,0.7083333333333334
2129,1213,1,1,0.9749652074627426,14,333,70,403,0.7964879385090029,0.7103448275862069
2130,1221,1,1,0.9961131794323953,14,333,70,403,0.7970207759565764,0.7123287671232876
2131,1231,1,1,0.9969925514061047,14,333,70,403,0.7975620445806781,0.7142857142857143
2132,1235,1,1,0.9983863593349878,14,333,70,403,0.7981122379986477,0.7162162162162162
2133,1246,1,1,0.9877579745900953,14,333,70,403,0.7986718728742075,0.7181208053691275
2134,1253,1,0,0.09740023059415934,14,334,70,404,0.7946282345234197,0.7133333333333334
2135,1257,1,1,0.9990365507665294,14,334,70,404,0.7952307692307693,0.7152317880794702
2136,1266,1,0,0.08781780570877831,14,335,70,405,0.7912676755147606,0.7105263157894737
2137,1291,1,1,0.9992237262138378,14,335,70,405,0.7919166828564292,0.7124183006535948
2138,1297,1,1,0.9991197428412227,14,335,70,405,0.7925786163522013,0.7142857142857143
2139,1299,1,1,0.9952367719695939,14,335,70,405,0.7932542029230379,0.7161290322580646
2140,1301,1,1,0.995514840603087,14,335,70,405,0.7939442095405659,0.717948717948718
2141,1315,1,0,0.33905150817414453,14,336,70,406,0.7901823361823362,0.7133757961783439
2142,1318,1,0,0.1878303717692909,14,337,70,407,0.7864773019823222,0.7088607594936709
2143,1328,1,0,0.1451693413676302,14,338,70,408,0.7828308823529412,0.7044025157232704
2144,1336,1,1,0.9932514526416406,14,338,70,408,0.783663538408064,0.70625
2145,1337,1,1,0.9996254046672719,14,338,70,408,0.7845161290322581,0.7080745341614907
2146,1340,1,0,0.11937518055600453,14,339,70,409,0.7810237445334743,0.7037037037037037
2147,1352,1,1,0.9982944029925235,14,339,70,409,0.7864936902936667,0.7055214723926381
2148,1368,1,0,0.16697946855119686,14,340,70,410,0.7830931010989662,0.7012195121951219
2149,1378,1,1,0.9625244596081333,14,340,70,410,0.7840799665061755,0.703030303030303
2150,1387,1,0,0.2517381247302184,14,341,70,411,0.7808029811275393,0.6987951807228916
2151,1403,1,1,0.9965286092827917,14,341,70,411,0.7818722680913065,0.7005988023952096
2152,1408,1,1,0.9792566684513814,14,341,70,411,0.782971414550362,0.7023809523809523
2153,1409,1,0,0.35576018985940205,14,342,70,412,0.7798874533625235,0.6982248520710059
2154,1417,1,1,0.9928386971033147,14,342,70,412,0.7810810810810811,0.7
2155,1450,1,1,0.9943951369310916,14,342,70,412,0.78231060247801,0.7017543859649122
2156,1470,1,0,0.014953356417094549,14,343,70,413,0.7794419076610857,0.6976744186046512
2157,1496,1,1,0.9950418383008127,14,343,70,413,0.7807803876267488,0.6994219653179191
2158,1502,1,1,0.9941550467040734,14,343,70,413,0.7821621621621623,0.7011494252873564
2159,1512,1,0,0.2455679677347297,14,344,70,414,0.7795348305057043,0.6971428571428572
2160,1515,1,1,0.9997115568267647,14,344,70,414,0.7810430808967185,0.6988636363636364
2161,1518,1,1,0.9984044153493337,14,344,70,414,0.7826037786502902,0.7005649717514124
2162,1523,1,1,0.8019160384423271,14,344,70,414,0.784220339559729,0.702247191011236
2163,1528,1,0,0.00042822713540658627,14,345,70,415,0.7819572368421052,0.6983240223463687
2164,1540,1,1,0.9958612825005128,14,345,70,415,0.7837296620775969,0.7
2165,1559,1,1,0.5363795756122229,14,345,70,415,0.7855702992659515,0.7016574585635359
2166,1592,1,1,0.9856997750758109,14,345,70,415,0.7874838709677419,0.7032967032967034
2167,1599,1,1,0.9939973136855494,14,345,70,415,0.7894755244755244,0.7049180327868853
2168,1604,1,1,0.9991940216434035,14,345,70,415,0.791550881350911,0.7065217391304348
2169,1605,1,1,0.9963667373645053,14,345,70,415,0.7937160940325498,0.7081081081081081
2170,1631,1,0,0.21456570211671186,14,346,70,416,0.7922579909543537,0.7043010752688172
2171,1655,1,1,0.9962457962193597,14,346,70,416,0.79465730097914,0.7058823529411765
2172,1658,1,1,0.9991540853892042,14,346,70,416,0.7971686580701132,0.7074468085106383
2173,1660,1,1,0.9892271597987642,14,346,70,416,0.7998009730207873,0.708994708994709
2174,1670,1,1,0.9937548623699366,14,346,70,416,0.8025641025641026,0.7105263157894737
2175,1673,1,1,0.9965658596031064,14,346,70,416,0.8054689790959741,0.7120418848167539
2176,1674,1,1,0.971166673493557,14,346,70,416,0.8085277623185924,0.7135416666666666
2177,1688,1,1,0.9977515933762523,14,346,70,416,0.8117540172511931,0.7150259067357513
2178,1689,1,1,0.9807142916833926,14,346,70,416,0.8151629241181478,0.7164948453608248
2179,1709,1,1,0.9132108939304752,14,346,70,416,0.8187715269804822,0.717948717948718
2180,1715,1,1,0.9941136339912344,14,346,70,416,0.8225990297206914,0.7193877551020408
2181,1730,1,1,0.9900821978930966,14,346,70,416,0.826667150249045,0.7208121827411168
2182,1736,1,1,0.9991852929087042,14,346,70,416,0.8310005467468562,0.7222222222222222
2183,1758,1,1,0.9881701522032846,14,346,70,416,0.8356273336402231,0.7236180904522613
2184,1771,1,1,0.9988896884000498,14,346,70,416,0.8405797101449275,0.725
2185,1800,1,1,0.8671292449721697,14,346,70,416,0.8405797101449275,0.725
2186,1801,1,1,0.9958093929275534,14,346,70,416,0.8405797101449275,0.725
2187,1829,1,0,0.00027888599612210883,14,347,70,417,0.8405797101449275,0.725
2188,1831,1,1,0.9981141853707299,14,347,70,417,0.8405797101449275,0.725
2189,1836,1,1,0.9957649921096543,14,347,70,417,0.8405797101449275,0.725
2190,1840,1,1,0.9803985592667899,14,347,70,417,0.8405797101449275,0.725
2191,1843,1,1,0.9935747787983559,14,347,70,417,0.8439306358381503,0.73
2192,1845,1,1,0.9649109896726156,14,347,70,417,0.8439306358381503,0.73
2193,1852,1,0,0.01051109741597652,14,348,70,418,0.8405797101449275,0.725
2194,1854,1,1,0.6235508982358393,14,348,70,418,0.8439306358381503,0.73
2195,1855,1,1,0.9364725278236017,14,348,70,418,0.8472622478386167,0.735
2196,1864,1,0,0.011771090621762136,14,349,70,419,0.8472622478386167,0.735
2197,1872,1,1,0.9155037123141759,14,349,70,419,0.850574712643678,0.74
2198,1879,1,1,0.975719249906166,14,349,70,419,0.850574712643678,0.74
2199,1903,1,0,0.2870836050519715,14,350,70,420,0.8472622478386167,0.735
2200,1909,1,1,0.9936165888902868,14,350,70,420,0.8472622478386167,0.735
2201,1914,1,0,0.12672498372292743,14,351,70,421,0.8472622478386167,0.735
2202,1915,1,0,0.24707116911204943,14,352,70,422,0.8472622478386167,0.735
2203,1928,1,1,0.8049666943280402,14,352,70,422,0.8472622478386167,0.735
2204,1929,1,1,0.9992342159608208,14,352,70,422,0.8472622478386167,0.735
2205,1937,1,1,0.9644294575083735,14,352,70,422,0.8472622478386167,0.735
2206,1942,1,1,0.9605089155768113,14,352,70,422,0.850574712643678,0.74
2207,1947,1,1,0.9723453611178717,14,352,70,422,0.853868194842407,0.745
2208,1948,1,1,0.9999868844826036,14,352,70,422,0.8571428571428571,0.75
2209,1959,1,1,0.9637250892090373,14,352,70,422,0.8571428571428571,0.75
2210,1996,1,1,0.967669789849806,14,352,70,422,0.8571428571428571,0.75
2211,2004,1,1,0.72517910687817,14,352,70,422,0.8571428571428571,0.75
2212,2009,1,1,0.981455951898097,14,352,70,422,0.8571428571428571,0.75
2213,2025,1,1,0.629481520305206,14,352,70,422,0.8571428571428571,0.75
2214,2041,1,1,0.9993463620236156,14,352,70,422,0.8571428571428571,0.75
2215,2042,1,1,0.996925651953848,14,352,70,422,0.8571428571428571,0.75
2216,2046,1,0,0.21508296656983594,14,353,70,423,0.853868194842407,0.745
2217,2056,1,1,0.9979639531713825,14,353,70,423,0.8571428571428571,0.75
2218,2087,1,1,0.996274105390984,14,353,70,423,0.8603988603988604,0.755
2219,2113,1,1,0.9983482801104947,14,353,70,423,0.8636363636363636,0.76
2220,2115,1,1,0.9973993707479485,14,353,70,423,0.8668555240793201,0.765
2221,2135,1,0,0.061114928116245415,14,354,70,424,0.8636363636363636,0.76
2222,2151,1,1,0.99490277102212,14,354,70,424,0.8636363636363636,0.76
2223,2160,1,1,0.9994687061333195,14,354,70,424,0.8636363636363636,0.76
2224,2172,1,0,0.004673248841444106,14,355,70,425,0.8603988603988604,0.755
2225,2214,1,1,0.9951232129571732,14,355,70,425,0.8636363636363636,0.76
2226,2216,1,0,0.00035754974477192076,14,356,70,426,0.8636363636363636,0.76
2227,2228,1,1,0.9950343422986434,14,356,70,426,0.8636363636363636,0.76
2228,2229,1,0,1.6588856878402073e-05,14,357,70,427,0.8603988603988604,0.755
2229,2238,1,1,0.998809347091016,14,357,70,427,0.8636363636363636,0.76
2230,2248,1,1,0.9999852678231457,14,357,70,427,0.8636363636363636,0.76
2231,2254,1,1,0.9941457917948296,14,357,70,427,0.8636363636363636,0.76
2232,2262,1,1,0.9997621306965556,14,357,70,427,0.8636363636363636,0.76
2233,2272,1,0,0.0631894045342485,14,358,70,428,0.8603988603988604,0.755
2234,2278,1,1,0.9996213724403972,14,358,70,428,0.8603988603988604,0.755
2235,2281,1,1,0.9989243101756095,14,358,70,428,0.8603988603988604,0.755
2236,2282,1,1,0.9987787863837518,14,358,70,428,0.8636363636363636,0.76
2237,2290,1,1,0.9282344767988001,14,358,70,428,0.8668555240793201,0.765
2238,2298,1,0,0.19337102045861315,14,359,70,429,0.8636363636363636,0.76
2239,2300,1,1,0.9687642570609828,14,359,70,429,0.8668555240793201,0.765
2240,2303,1,1,0.9811097868439946,14,359,70,429,0.8668555240793201,0.765
2241,2310,1,1,0.9997166070495158,14,359,70,429,0.8668555240793201,0.765
2242,2316,1,1,0.9703131063111686,14,359,70,429,0.8668555240793201,0.765
2243,2320,1,1,0.9722797321193798,14,359,70,429,0.8668555240793201,0.765
2244,2322,1,1,0.9972552092056604,14,359,70,429,0.8668555240793201,0.765
2245,2323,1,0,0.005744086085568758,14,360,70,430,0.8668555240793201,0.765
2246,2334,1,1,0.6358025071879125,14,360,70,430,0.8668555240793201,0.765
2247,2341,1,0,0.024144058501325432,14,361,70,431,0.8636363636363636,0.76
2248,2344,1,0,0.4550654717843202,14,362,70,432,0.8636363636363636,0.76
2249,2363,1,1,0.9970680587068455,15,362,70,432,0.8636363636363636,0.76
2250,2371,1,1,0.9895129028463613,15,362,70,432,0.8636363636363636,0.76
2251,2390,1,1,0.978762601936809,15,362,70,432,0.8636363636363636,0.76
2252,2402,1,1,0.8545223980941995,15,362,70,432,0.8668555240793201,0.765
2253,2413,1,1,0.9966078821106918,15,362,70,432,0.8668555240793201,0.765
2254,2428,1,0,0.17826649467757585,15,363,70,433,0.8636363636363636,0.76
2255,2433,1,1,0.9937871764621806,15,363,70,433,0.8636363636363636,0.76
2256,2439,1,1,0.9663077343932304,15,363,70,433,0.8636363636363636,0.76
2257,2440,1,1,0.9836578877069824,15,363,70,433,0.8668555240793201,0.765
2258,2449,1,1,0.977327916306537,15,363,70,433,0.8700564971751412,0.77
2259,2460,1,1,0.9966397890431653,15,363,70,433,0.8732394366197183,0.775
2260,2462,1,0,0.06580611631231442,15,364,70,434,0.8700564971751412,0.77
2261,2481,1,0,0.002550934619689628,15,365,70,435,0.8700564971751412,0.77
2262,2499,1,1,0.9936929065609734,15,365,70,435,0.8700564971751412,0.77
2263,2538,0,0,0.0009689004377612265,15,365,70,435,0.8651799242424241,0.7688442211055276
2264,2558,0,0,0.0004028215145867028,15,365,70,435,0.8606857142857143,0.7676767676767676
2265,2594,0,0,0.0004049913862524469,15,365,70,435,0.8565296198054818,0.766497461928934
2266,2632,0,0,0.0012507063869354347,15,365,70,435,0.8559295307487358,0.7704081632653061
2267,2829,0,0,0.007196467729045198,15,365,70,435,0.8523715415019762,0.7692307692307693
2268,2838,0,0,0.0038794150910222737,15,365,70,435,0.8523588039867108,0.7731958762886598
2269,2842,0,0,0.0005750213587065766,15,365,70,435,0.8492962290784432,0.772020725388601
2270,2854,0,0,0.00014452762759556813,15,365,70,435,0.8464313725490196,0.7708333333333334
2271,2878,0,0,0.0011060102906116052,15,365,70,435,0.8437449895018133,0.7696335078534031
2272,2880,0,0,0.00016152915444754532,15,365,70,435,0.841220238095238,0.7684210526315789
2273,2943,0,0,0.004362945369982469,15,365,70,435,0.8388423153692613,0.7671957671957672
2274,2977,0,0,0.00038649651474939486,15,365,70,435,0.8365981573352234,0.7659574468085106
2275,2979,0,0,0.008452805044008284,15,365,70,435,0.8380274968256053,0.7700534759358288
2276,3027,0,0,0.08722961261314907,15,365,70,435,0.8396363636363635,0.7741935483870968
2277,3065,0,0,0.0033915712699356102,15,365,70,435,0.8378048780487805,0.772972972972973
2278,3079,0,0,0.005965067262308571,15,365,70,435,0.8360669872326315,0.7717391304347826
2279,3109,0,0,0.00027407281476774523,15,365,70,435,0.8344152046783626,0.7704918032786885
2280,3111,0,0,0.2937945872519434,15,365,70,435,0.8328428093645485,0.7692307692307693
2281,3171,0,0,0.0010801975887106139,15,365,70,435,0.83134375,0.7679558011049724
2282,3204,0,0,0.01083303354227494,15,365,70,435,0.8299125632765761,0.7666666666666667
2283,3218,0,0,0.0008677902634443391,15,365,70,435,0.8285443037974684,0.7653631284916201
2284,3221,0,0,0.0015466533399417857,15,365,70,435,0.8272344837801807,0.7640449438202247
2285,3252,0,0,0.09144030537128595,15,365,70,435,0.8259790209790211,0.7627118644067796
2286,3305,0,0,0.0003460444808838288,15,365,70,435,0.8287062393872611,0.7670454545454546
2287,3333,0,1,0.5271409425664995,15,365,71,436,0.8231182795698925,0.7657142857142857
2288,3349,0,0,0.001357557730420898,15,365,71,436,0.8220158102766798,0.764367816091954
2289,3352,0,0,0.0022476191610677956,15,365,71,436,0.8209553608677512,0.7630057803468208
2290,3357,0,0,0.02918841416100706,15,365,71,436,0.8199342105263158,0.7616279069767442
2291,3359,0,0,0.0009962244822864098,15,365,71,436,0.818949858088931,0.7602339181286549
2292,3368,0,1,0.9852458561268614,15,365,72,437,0.8134199134199133,0.7588235294117647
2293,3426,0,0,0.0001973850510910662,15,365,72,437,0.8166,0.7633136094674556
2294,3477,0,0,0.00014219071051173063,15,365,72,437,0.8157283853138569,0.7619047619047619
2295,3488,0,0,0.022936967467675342,15,365,72,437,0.8190510280801543,0.7664670658682635
2296,3503,0,0,9.819941563243518e-05,15,365,72,437,0.8182631154156579,0.7650602409638554
2297,3709,0,0,0.0971683084390689,15,365,72,437,0.8175002392268189,0.7636363636363637
2298,3724,0,0,0.00024281851712342641,15,365,72,437,0.8167609319335414,0.7621951219512195
2299,3787,0,0,0.0009110713991501996,15,365,72,437,0.8203134796238245,0.7668711656441718
2300,3839,0,0,0.00016388433098812053,15,365,72,437,0.8196428571428572,0.7654320987654321
2301,3852,0,0,0.00040633917378246333,15,365,72,437,0.8189915347810084,0.7639751552795031
2302,3855,0,0,0.0005771440385060253,15,365,72,437,0.8183584264205925,0.7625
2303,3881,0,0,0.0004057663641589463,15,365,72,437,0.8177425171294627,0.7610062893081762
2304,3897,0,0,0.0010304789302490371,15,365,72,437,0.8171428571428571,0.759493670886076
2305,3911,0,0,0.0007150469483116076,15,365,72,437,0.8165585564335417,0.7579617834394905
2306,3913,0,0,0.43423897133048023,15,365,72,437,0.8159887798036466,0.7564102564102564
2307,3921,0,0,0.0017514988243338197,15,365,72,437,0.8154327424400417,0.7548387096774194
2308,4058,0,0,0.00026727146400795713,15,365,72,437,0.8148897058823529,0.7532467532467533
2309,4283,0,0,0.07871483026991344,15,365,72,437,0.8143589743589744,0.7516339869281046
2310,4346,0,0,0.026658729679564633,15,365,72,437,0.8183637447146627,0.756578947368421
2311,4397,0,0,0.00042848615131744615,15,365,72,437,0.8178769958604376,0.7549668874172185
2312,4420,0,0,0.0010949341553513332,15,365,72,437,0.8174004192872119,0.7533333333333333
2313,4423,0,0,0.013494946803353721,15,365,72,437,0.8215151515151515,0.7583892617449665
2314,4475,0,0,0.00012741146350703428,15,365,72,437,0.82107755282664,0.7567567567567568
2315,4560,0,0,0.000665738059106766,15,365,72,437,0.8206483516483516,0.7551020408163265
2316,4699,0,0,0.0014194452995784177,15,365,72,437,0.8202270990282782,0.7534246575342466
2317,4736,0,0,0.0012318028751494054,15,365,72,437,0.8244687219395391,0.7586206896551724
2318,4747,0,0,0.0001905773091822518,15,365,72,437,0.82875,0.7638888888888888
2319,4776,0,0,0.00022871928706482217,15,365,72,437,0.828387444720095,0.7622377622377622
2320,4818,0,0,0.0006468202368870814,15,365,72,437,0.828030888030888,0.7605633802816901
2321,4834,0,0,0.0017032642985211623,15,365,72,437,0.82768,0.7588652482269503
2322,4842,0,0,0.0002704536281726866,15,365,72,437,0.8320700018617516,0.7642857142857142
2323,4918,0,0,0.01361055468338401,15,365,72,437,0.8317469767934165,0.762589928057554
2324,4943,0,0,0.0010015859771033606,15,365,72,437,0.8314285714285714,0.7608695652173914
2325,4961,0,0,0.0016255655745544514,15,365,72,437,0.831114518623365,0.7591240875912408
2326,4983,0,1,0.7916404874735653,15,365,73,438,0.8259315828015484,0.7573529411764706
2327,12,1,0,0.2019052094769725,15,366,73,439,0.8259315828015484,0.7573529411764706
2328,160,1,0,0.10499789222680062,15,367,73,440,0.821136250946006,0.75
2329,165,1,0,0.008223084741429187,15,368,73,441,0.8163333333333332,0.7426470588235294
2330,207,1,0,0.2469667339318664,15,369,73,442,0.8115221289534551,0.7352941176470589
2331,253,1,0,0.00595027620080337,15,370,73,443,0.8067019400352734,0.7279411764705882
2332,383,1,1,0.9090928530253921,15,370,73,443,0.8067019400352734,0.7279411764705882
2333,399,1,1,0.9142209159261853,15,370,73,443,0.8067019400352734,0.7279411764705882
2334,406,1,0,0.04075868162361112,15,371,73,444,0.8067019400352734,0.7279411764705882
2335,408,1,0,0.0009736325631028006,15,372,73,445,0.8018720716522999,0.7205882352941176
2336,616,1,0,0.11048709516664929,15,373,73,446,0.8018720716522999,0.7205882352941176
2337,703,1,0,0.3350736659912126,15,374,73,447,0.7970318313352626,0.7132352941176471
2338,732,1,0,0.37575597344106215,15,375,73,448,0.792180528691167,0.7058823529411765
2339,811,1,0,0.20531270925959108,15,376,73,449,0.7873174750283184,0.6985294117647058
2340,968,1,0,0.028647733851330036,15,377,73,450,0.782441982986816,0.6911764705882353
2341,982,1,0,0.2189097811864432,15,378,73,451,0.782441982986816,0.6911764705882353
2342,1049,1,1,0.9971906313667237,15,378,73,451,0.7873174750283184,0.6985294117647058
2343,1051,1,0,0.016801748252498246,15,379,73,452,0.7873174750283184,0.6985294117647058
2344,1073,1,1,0.7361289158451644,15,379,73,452,0.7873174750283184,0.6985294117647058
2345,1092,1,1,0.989064000723693,15,379,73,452,0.7873174750283184,0.6985294117647058
2346,1140,1,0,0.019835517982857587,15,380,73,453,0.7873174750283184,0.6985294117647058
2347,1151,1,0,0.02358845144697767,15,381,73,454,0.782441982986816,0.6911764705882353
2348,1161,1,1,0.7817280310561762,15,381,73,454,0.7873174750283184,0.6985294117647058
2349,1166,1,0,0.032742069926668824,15,382,73,455,0.782441982986816,0.6911764705882353
2350,1199,1,0,0.016840081229258744,15,383,73,456,0.782441982986816,0.6911764705882353
2351,1245,1,1,0.9063732901154166,15,383,73,456,0.782441982986816,0.6911764705882353
2352,1252,1,0,0.09532006389902138,15,384,73,457,0.7775533661740558,0.6838235294117647
2353,1354,1,0,0.008711039294600433,15,385,73,458,0.7775533661740558,0.6838235294117647
2354,1402,1,0,0.2518158580313622,15,386,73,459,0.7726509388047851,0.6764705882352942
2355,1416,1,1,0.683148533283192,15,386,73,459,0.7726509388047851,0.6764705882352942
2356,1620,1,0,0.05389045639641764,15,387,73,460,0.7726509388047851,0.6764705882352942
2357,1650,1,0,0.0010959363164653802,15,388,73,461,0.7677340153452685,0.6691176470588235
2358,1682,1,1,0.6225775668467761,15,388,73,461,0.7677340153452685,0.6691176470588235
2359,1686,1,0,0.20757674430080797,15,389,73,462,0.7677340153452685,0.6691176470588235
2360,1699,1,0,0.3194602562309623,15,390,73,463,0.7628019101611379,0.6617647058823529
2361,1781,1,0,0.342140084449792,15,391,73,464,0.7578539371685027,0.6544117647058824
2362,1783,1,0,0.027087000937566875,15,392,73,465,0.7528894094879174,0.6470588235294118
2363,1820,1,0,0.42787735960073664,15,393,73,466,0.7528894094879174,0.6470588235294118
2364,1891,1,0,0.0002577401448120895,15,394,73,467,0.7479076391008036,0.6397058823529411
2365,1932,1,1,0.989011490726855,15,394,73,467,0.7479076391008036,0.6397058823529411
2366,1971,1,0,0.16755646452149658,15,395,73,468,0.7429079365079366,0.6323529411764706
2367,1999,1,0,0.04679818334672761,15,396,73,469,0.7378896103896103,0.625
2368,2019,1,0,0.06313447982533854,15,397,73,470,0.7328519672671076,0.6176470588235294
2369,2058,1,1,0.9698385994005616,15,397,73,470,0.7328519672671076,0.6176470588235294
2370,2066,1,0,0.06025999998217869,15,398,73,471,0.7328519672671076,0.6176470588235294
2371,2067,1,1,0.9024543264044005,15,398,73,471,0.7328519672671076,0.6176470588235294
2372,2098,1,0,0.11644301008999881,15,399,73,472,0.7277943111650977,0.6102941176470589
2373,2208,1,0,0.05539223376293102,15,400,73,473,0.7227159432746025,0.6029411764705882
2374,2222,1,1,0.9865501987839125,15,400,73,473,0.7227159432746025,0.6029411764705882
2375,2296,1,0,0.02621894944209176,15,401,73,474,0.7176161616161616,0.5955882352941176
2376,2311,1,1,0.8544362743446412,15,401,73,474,0.7176161616161616,0.5955882352941176
2377,2319,1,1,0.986578271701486,15,401,73,474,0.7176161616161616,0.5955882352941176
2378,2367,1,0,0.19428746594180316,15,402,73,475,0.7124942607028432,0.5882352941176471
2379,2378,1,0,0.0002577401448120895,15,403,73,476,0.7073495312027421,0.5808823529411765
2380,2422,1,1,0.6497448377377297,15,403,73,476,0.7073495312027421,0.5808823529411765
2381,2566,0,0,0.046445977311851995,15,403,73,476,0.7065217391304347,0.5777777777777777
2382,2577,0,0,0.00012202872943977129,15,403,73,476,0.7056979198070544,0.5746268656716418
2383,2700,0,0,0.0015754587170582503,15,403,73,476,0.7048775592131673,0.5714285714285714
2384,2823,0,0,0.003605293108422226,15,403,73,476,0.7040601503759398,0.5681818181818182
2385,2868,0,0,0.00017864340149343293,15,403,73,476,0.7032451923076922,0.5648854961832062
2386,2876,0,0,0.0006980958810009528,15,403,73,476,0.7024321889700731,0.5615384615384615
2387,2890,0,0,0.0005486318721299299,15,403,73,476,0.7069555972482802,0.5658914728682171
2388,2910,0,0,0.001863758144862633,15,403,73,476,0.7061728889000025,0.5625
2389,2964,0,0,4.778041040384857e-05,15,403,73,476,0.7053908847721193,0.5590551181102362
2390,3022,0,0,0.002206722927126714,15,403,73,476,0.7046091152278806,0.5555555555555556
2391,3046,0,0,0.00033496496000013,15,403,73,476,0.7038271110999975,0.552
2392,3073,0,0,0.01590928214884117,15,403,73,476,0.7030444027517198,0.5483870967741935
2393,3081,0,0,0.00033490790082052615,15,403,73,476,0.7077359623661295,0.5528455284552846
2394,3133,0,0,0.00027291656573090364,15,403,73,476,0.7069791666666666,0.5491803278688525
2395,3144,0,0,0.00025923966662233836,15,403,73,476,0.7062205513784461,0.5454545454545454
2396,3170,0,0,0.00023589624467123242,15,403,73,476,0.7109907470097043,0.55
2397,3194,0,0,0.1135413438009032,15,403,73,476,0.7102560819462228,0.5462184873949579
2398,3301,0,0,0.25972160856992593,15,403,73,476,0.7095185417976115,0.5423728813559322
2399,3451,0,0,0.36438903005541085,16,403,73,476,0.7143639291465378,0.5470085470085471
2400,3519,0,0,0.0004772549440230903,16,403,73,476,0.7136485532815808,0.5431034482758621
2401,3539,0,0,9.939811366043878e-05,16,403,73,476,0.7185410832765711,0.5478260869565217
2402,3584,0,0,0.0017289299474687171,16,403,73,476,0.7234545454545455,0.5526315789473685
2403,3680,0,0,0.17637352723792235,16,403,73,476,0.7227846948071667,0.5486725663716814
2404,3768,0,0,0.00597498987307113,16,403,73,476,0.7221103896103895,0.5446428571428571
2405,3776,0,0,0.00032215050565937515,16,403,73,476,0.7214311870613366,0.5405405405405406
2406,3789,0,1,0.9900581982179191,16,403,74,477,0.7161136716661151,0.5363636363636364
2407,3797,0,0,0.0002111513490671369,16,403,74,477,0.7154281263566485,0.5321100917431193
2408,3865,0,0,0.00010364695311547382,16,403,74,477,0.7147365455057763,0.5277777777777778
2409,3890,0,0,0.0002639939496638029,16,403,74,477,0.7140384467117268,0.5233644859813084
2410,3941,0,0,0.0013975028923310258,16,403,74,477,0.7133333333333333,0.5188679245283019
2411,3951,0,0,0.002556571203051858,16,403,74,477,0.7126206932256477,0.5142857142857142
2412,4051,0,0,0.00014705502109064924,16,403,74,477,0.7118999974011799,0.5096153846153846
2413,4057,0,0,0.00033805523345667226,16,403,74,477,0.711170698609045,0.5048543689320388
2414,4090,0,0,8.554107592172138e-05,16,403,74,477,0.7104322298235957,0.5
2415,4128,0,0,0.37856684521574313,16,403,74,477,0.7096840026333113,0.49504950495049505
2416,4129,0,0,0.005463012295780354,16,403,74,477,0.7149192271143491,0.5
2417,4379,0,0,0.0022233792950430158,16,403,74,477,0.7141850594227503,0.494949494949495
2418,4432,0,0,0.00040281652403300846,16,403,74,477,0.71344,0.4897959183673469
2419,4496,0,0,0.016863511434773566,16,403,74,477,0.7126833976833977,0.4845360824742268
2420,4522,0,0,0.04127665899200109,16,403,74,477,0.7119145723222954,0.4791666666666667
2421,4559,0,0,0.00030739434840741105,16,403,74,477,0.7172616632860042,0.4842105263157895
2422,4578,0,0,0.0006169927807347325,16,403,74,477,0.7165045849092542,0.4787234042553192
2423,4720,0,0,0.00029540460377373503,16,403,74,477,0.7157340014786823,0.4731182795698925
2424,4800,0,0,0.0596158482966272,16,403,74,477,0.7211428571428571,0.4782608695652174
2425,4847,0,0,0.0005762526393693165,16,403,74,477,0.7203827857063834,0.4725274725274725
2426,4868,0,0,0.0003638976931559531,16,403,74,477,0.7258277594293803,0.4777777777777778
2427,4968,0,0,0.0008104701259466207,16,403,74,477,0.7250775681341719,0.47191011235955055
2428,4969,0,0,0.24205206487389988,16,403,74,477,0.7305577376276511,0.4772727272727273
2429,60,1,0,0.002594933819047672,16,404,74,478,0.7243119033538903,0.4659090909090909
2430,68,1,0,0.4569483046183396,16,405,74,479,0.7180099502487561,0.45454545454545453
2431,128,1,0,0.23556083794741337,16,406,74,480,0.7116501603337213,0.4431818181818182
2432,169,1,0,0.2194159649486961,16,407,74,481,0.7052307692307693,0.4318181818181818
2433,213,1,0,0.01288575408296064,16,408,74,482,0.7052307692307693,0.4318181818181818
2434,220,1,0,0.41649250850207326,16,409,74,483,0.6987499642438286,0.42045454545454547
2435,312,1,0,0.05953654610922925,16,410,74,484,0.6922058823529411,0.4090909090909091
2436,315,1,1,0.540700733054353,16,410,74,484,0.6922058823529411,0.4090909090909091
2437,333,1,0,0.25491045156535325,16,411,74,485,0.6855966081162932,0.3977272727272727
2438,356,1,1,0.525804602634919,16,411,74,485,0.6922058823529411,0.4090909090909091
2439,357,1,0,0.07444982376708063,16,412,74,486,0.6855966081162932,0.3977272727272727
2440,388,1,1,0.957852538335686,16,412,74,486,0.6855966081162932,0.3977272727272727
2441,400,1,0,0.4066257561916054,16,413,74,487,0.678920171474916,0.38636363636363635
2442,416,1,1,0.8376586378889561,16,413,74,487,0.678920171474916,0.38636363636363635
2443,488,1,1,0.991318891267509,16,413,74,487,0.678920171474916,0.38636363636363635
2444,550,1,0,0.487297729410485,16,414,74,488,0.6721745454545455,0.375
2445,578,1,0,0.014525345823240624,16,415,74,489,0.6721745454545455,0.375
2446,591,1,1,0.7070057295243426,16,415,74,489,0.6721745454545455,0.375
2447,603,1,1,0.5578609533105516,16,415,74,489,0.678920171474916,0.38636363636363635
2448,635,1,0,0.03167291611100554,16,416,74,490,0.678920171474916,0.38636363636363635
2449,654,1,1,0.9641254915173153,16,416,74,490,0.678920171474916,0.38636363636363635
2450,659,1,0,0.008986713898810814,16,417,74,491,0.6721745454545455,0.375
2451,674,1,1,0.9887018921009639,16,417,74,491,0.6721745454545455,0.375
2452,685,1,0,0.03946255668452322,16,418,74,492,0.6653576437587658,0.36363636363636365
2453,712,1,0,0.09128869888357911,16,419,74,493,0.6584673182471896,0.3522727272727273
2454,795,1,1,0.52856627101761,16,419,74,493,0.6653576437587658,0.36363636363636365
2455,998,1,0,0.005960165663963993,16,420,74,494,0.6584673182471896,0.3522727272727273
2456,1011,1,1,0.7072093209182422,16,420,74,494,0.6584673182471896,0.3522727272727273
2457,1018,1,0,0.03600216278144831,16,421,74,495,0.6515013562920156,0.3409090909090909
2458,1090,1,1,0.7106561779101096,16,421,74,495,0.6515013562920156,0.3409090909090909
2459,1236,1,0,0.18002366065374428,16,422,74,496,0.6444574780058651,0.32954545454545453
2460,1274,1,0,0.014124203228494964,16,423,74,497,0.6444574780058651,0.32954545454545453
2461,1279,1,0,0.0023752898148181275,16,424,74,498,0.6444574780058651,0.32954545454545453
2462,1292,1,1,0.999565558271742,16,424,74,498,0.6444574780058651,0.32954545454545453
2463,1381,1,0,0.22581287894998628,16,425,74,499,0.6387875928765184,0.3258426966292135
2464,1386,1,0,0.0002450193043357003,16,426,74,500,0.6331337501100642,0.32222222222222224
2465,1392,1,0,0.00022945994424263452,16,427,74,501,0.6274964936886396,0.31868131868131866
2466,1415,1,1,0.8782474802028928,16,427,74,501,0.6289746263468892,0.32608695652173914
2467,1461,1,0,0.3905115376985231,16,428,74,502,0.6233846730697125,0.3225806451612903
2468,1504,1,0,0.0899832717376038,16,429,74,503,0.6178125,0.3191489361702128
2469,1539,1,0,0.02782573315890595,16,430,74,504,0.6122586458422724,0.3157894736842105
2470,1552,1,0,0.00163824451193942,16,431,74,505,0.6067236467236468,0.3125
2471,1593,1,1,0.9550333114628426,16,431,74,505,0.6082881049298959,0.31958762886597936
2472,1685,1,1,0.9585161030557472,16,431,74,505,0.6098193244304791,0.32653061224489793
2473,1690,1,0,0.008422166532855503,16,432,74,506,0.6043647798742139,0.32323232323232326
2474,1697,1,0,0.023688800292797674,16,433,74,507,0.5989304812834224,0.32
2475,1740,1,0,0.2226068673798881,16,434,74,508,0.5935169714967666,0.31683168316831684
2476,1790,1,1,0.5302401178846792,16,434,74,508,0.5951084649521762,0.3235294117647059
2477,1940,1,1,0.6929873017899616,16,434,74,508,0.5966699526273994,0.3300970873786408
2478,1975,1,1,0.9653414566511546,16,434,74,508,0.5982030420940927,0.33653846153846156
2479,1978,1,0,0.02926609446514285,16,435,74,509,0.5929036458333333,0.3333333333333333
2480,2030,1,0,0.00219390100943266,16,436,74,510,0.5876267748478702,0.330188679245283
2481,2069,1,1,0.8710809871744024,16,436,74,510,0.5891949665241591,0.3364485981308411
2482,2070,1,1,0.665889019178723,16,436,74,510,0.5907377202599,0.3425925925925926
2483,2072,1,1,0.9951993933933725,16,436,74,510,0.5922564429905052,0.3486238532110092
2484,2157,1,0,0.15857297111171514,16,437,74,511,0.5870967741935484,0.34545454545454546
2485,2233,1,1,0.9783460123906261,16,437,74,511,0.5886242213071481,0.35135135135135137
2486,2245,1,0,0.04850944110965053,16,438,74,512,0.5835207373271889,0.3482142857142857
2487,2250,1,1,0.9991828278998893,16,438,74,512,0.5892517864649012,0.35398230088495575
2488,2264,1,0,0.18555083065096,16,439,74,513,0.5841907158396896,0.3508771929824561
2489,2325,1,0,0.3560653841745376,16,440,74,514,0.5791557694319489,0.34782608695652173
2490,2426,1,0,0.038797081611832596,16,441,74,515,0.5741475508233513,0.3448275862068966
2491,2475,1,0,0.10851234389927467,16,442,74,516,0.5691666666666666,0.3418803418803419
2492,2500,0,0,0.0003139384529061933,16,442,74,516,0.5733022782431693,0.3418803418803419
2493,2501,0,0,0.008554900573104955,16,442,74,516,0.5733022782431693,0.3418803418803419
2494,2536,0,0,0.0014643044580823347,16,442,74,516,0.5733022782431693,0.3418803418803419
2495,2562,0,0,6.75763193922912e-05,16,442,74,516,0.5733022782431693,0.3418803418803419
2496,2573,0,0,0.003472980324795338,16,442,74,516,0.5733022782431693,0.3418803418803419
2497,2591,0,0,0.0007605226419800034,16,442,74,516,0.5733022782431693,0.3418803418803419
2498,2664,0,0,0.0016096614066653343,16,442,74,516,0.5733022782431693,0.3418803418803419
2499,2708,0,0,0.0020060227246644527,16,442,74,516,0.5733022782431693,0.3418803418803419
2500,2735,0,0,0.0002089203814443905,16,442,74,516,0.5733022782431693,0.3418803418803419
2501,2746,0,0,0.000990811171200281,16,442,74,516,0.5733022782431693,0.3418803418803419
2502,2793,0,0,0.00041943848569899074,16,442,74,516,0.5733022782431693,0.3418803418803419
2503,2808,0,0,0.05488746712835529,16,442,74,516,0.5733022782431693,0.3418803418803419
2504,2889,0,0,0.0038954164868120205,16,442,74,516,0.5733022782431693,0.3418803418803419
2505,2908,0,0,0.0008624902915984335,16,442,74,516,0.5733022782431693,0.3418803418803419
2506,2941,0,0,0.0006788491841733009,16,442,74,516,0.5733022782431693,0.3418803418803419
2507,2949,0,0,0.002675646527803089,16,442,74,516,0.5733022782431693,0.3418803418803419
2508,2984,0,0,0.0008065257837095311,16,442,74,516,0.5733022782431693,0.3418803418803419
2509,2992,0,0,0.0001890500948100172,16,442,74,516,0.5733022782431693,0.3418803418803419
2510,3008,0,0,0.0008765961251316878,16,442,74,516,0.5733022782431693,0.3418803418803419
2511,3016,0,0,0.0001889777423382789,16,442,74,516,0.5733022782431693,0.3418803418803419
2512,3095,0,0,0.0004819918794108827,16,442,74,516,0.5733022782431693,0.3418803418803419
2513,3267,0,0,0.00027242207882050397,16,442,74,516,0.5733022782431693,0.3418803418803419
2514,3338,0,0,0.00019635348041641408,16,442,74,516,0.5733022782431693,0.3418803418803419
2515,3339,0,0,0.002821732303672811,16,442,74,516,0.5733022782431693,0.3418803418803419
2516,3399,0,0,4.187243293184342e-05,16,442,74,516,0.5733022782431693,0.3418803418803419
2517,3416,0,0,0.48790692801641083,16,442,74,516,0.5733022782431693,0.3418803418803419
2518,3442,0,0,4.527720107229025e-05,16,442,74,516,0.5733022782431693,0.3418803418803419
2519,3458,0,1,0.5980350760134779,16,442,75,517,0.5691666666666666,0.3418803418803419
2520,3574,0,0,0.00014573979097626046,16,442,75,517,0.5691666666666666,0.3418803418803419
2521,3600,0,0,8.813161689538033e-05,16,442,75,517,0.5691666666666666,0.3418803418803419
2522,3627,0,0,0.0009889516216648035,16,442,75,517,0.5691666666666666,0.3418803418803419
2523,3716,0,0,0.013641987363414387,16,442,75,517,0.5691666666666666,0.3418803418803419
2524,3718,0,0,0.001404525223673945,16,442,75,517,0.5691666666666666,0.3418803418803419
2525,3756,0,0,0.46964950407546147,16,442,75,517,0.5691666666666666,0.3418803418803419
2526,3847,0,0,0.0003631697850656511,16,442,75,517,0.5733022782431693,0.3418803418803419
2527,3888,0,0,0.0008603580007953034,16,442,75,517,0.5782989852495031,0.3448275862068966
2528,3912,0,0,0.000536281691485727,16,442,75,517,0.5833228486802443,0.34782608695652173
2529,3918,0,0,0.0001299305805497384,16,442,75,517,0.5883732660781841,0.3508771929824561
2530,4016,0,0,0.0016599786371478736,16,442,75,517,0.593449637919684,0.35398230088495575
2531,4025,0,0,0.0026965573485222753,16,442,75,517,0.5985513673318551,0.35714285714285715
2532,4099,0,0,0.014703794496758097,16,442,75,517,0.5970203735144313,0.35135135135135137
2533,4117,0,0,0.0015080077365771155,16,442,75,517,0.5954666666666667,0.34545454545454546
2534,4138,0,0,0.0001781473706105132,16,442,75,517,0.6006558998903714,0.3486238532110092
2535,4153,0,0,0.00015186909682805104,16,442,75,517,0.6058687258687259,0.35185185185185186
2536,4189,0,0,0.0013237261864710028,16,442,75,517,0.6111045683095372,0.35514018691588783
2537,4244,0,0,0.38746458771123204,16,442,75,517,0.616362851903786,0.3584905660377358
2538,4247,0,0,0.001074702966215049,16,442,75,517,0.6216430020283976,0.3619047619047619
2539,4276,0,0,0.00039182947164068045,16,442,75,517,0.6269444444444444,0.36538461538461536
2540,4299,0,0,7.898193412264373e-05,16,442,75,517,0.6322666049903404,0.36893203883495146
2541,4375,0,0,0.006870874439319003,16,442,75,517,0.6376089092695709,0.37254901960784315
2542,4445,0,0,0.0003741123511492288,16,442,75,517,0.6362747252747253,0.36633663366336633
2543,4448,0,0,0.0008634330467152298,16,442,75,517,0.6416659775627774,0.37
2544,4464,0,0,0.0002656373132213186,16,442,75,517,0.640336099469901,0.36363636363636365
2545,4580,0,0,0.00016445980270768487,16,442,75,517,0.6389797344514325,0.35714285714285715
2546,4599,0,0,0.000388203244621674,16,442,75,517,0.6444484345191336,0.36082474226804123
2547,4617,0,0,0.0005535746631634341,16,442,75,517,0.6499349497338852,0.3645833333333333
2548,4619,0,0,0.23633817613578437,16,442,75,517,0.6486094951616107,0.35789473684210527
2549,4683,0,0,0.016966399677215964,17,442,75,517,0.6541424501424501,0.3617021276595745
2550,4724,0,0,0.0011342247019261048,17,442,75,517,0.6596919248262251,0.3655913978494624
2551,4733,0,0,0.0008221724005975719,17,442,75,517,0.6583957774508956,0.358695652173913
2552,4769,0,0,0.0019013976072077944,17,442,75,517,0.6639902676399027,0.3626373626373626
2553,4809,0,0,0.0002078624519511282,17,442,75,517,0.6696,0.36666666666666664
2554,4840,0,1,0.9937708275269379,17,442,76,518,0.6708872727272727,0.3707865168539326
2555,4874,0,0,0.02194907589782284,17,442,76,518,0.6696651110915443,0.36363636363636365
2556,22,1,0,0.2860612396614518,17,443,76,519,0.6696651110915443,0.36363636363636365
2557,49,1,1,0.9208950241608981,17,443,76,519,0.676512388966807,0.375
2558,61,1,1,0.9919983928566498,17,443,76,519,0.676512388966807,0.375
2559,72,1,0,0.29054093370144257,17,444,76,520,0.676512388966807,0.375
2560,124,1,1,0.9705278186349733,17,444,76,520,0.6832872727272726,0.38636363636363635
2561,126,1,1,0.9940888589702023,17,444,76,520,0.6899918896999189,0.3977272727272727
2562,137,1,1,0.5308651700709385,17,444,76,520,0.6966283060771249,0.4090909090909091
2563,155,1,0,0.33741778979528597,17,445,76,521,0.6966283060771249,0.4090909090909091
2564,196,1,1,0.887561404440869,17,445,76,521,0.7031985294117646,0.42045454545454547
2565,292,1,1,0.7319447065152695,17,445,76,521,0.7031985294117646,0.42045454545454547
2566,297,1,0,0.4744224820690144,17,446,76,522,0.7031985294117646,0.42045454545454547
2567,323,1,1,0.531154029627793,17,446,76,522,0.7097045109985984,0.4318181818181818
2568,324,1,0,0.05927151289499915,17,447,76,523,0.7097045109985984,0.4318181818181818
2569,341,1,1,0.9855310342699661,17,447,76,523,0.7097045109985984,0.4318181818181818
2570,414,1,0,0.49065202706478467,17,448,76,524,0.7097045109985984,0.4318181818181818
2571,441,1,0,0.036853441327341974,17,449,76,525,0.7031985294117646,0.42045454545454547
2572,452,1,1,0.9958034790912718,17,449,76,525,0.7097045109985984,0.4318181818181818
2573,464,1,1,0.5930842420914495,17,449,76,525,0.7161481481481482,0.4431818181818182
2574,465,1,1,0.9754645572308559,17,449,76,525,0.7161481481481482,0.4431818181818182
2575,476,1,1,0.8867524423993858,17,449,76,525,0.7225312863588639,0.45454545454545453
2576,509,1,1,0.9872743007746373,17,449,76,525,0.7225312863588639,0.45454545454545453
2577,531,1,1,0.9874045950381839,17,449,76,525,0.7225312863588639,0.45454545454545453
2578,540,1,0,0.008157461208730215,17,450,76,526,0.7225312863588639,0.45454545454545453
2579,557,1,1,0.9997592873332241,17,450,76,526,0.7288557213930348,0.4659090909090909
2580,567,1,0,0.025552504015576984,17,451,76,527,0.7225312863588639,0.45454545454545453
2581,611,1,1,0.6553279643733283,17,451,76,527,0.723349666300583,0.4606741573033708
2582,631,1,1,0.5581126078604561,17,451,76,527,0.7241509433962264,0.4666666666666667
2583,690,1,1,0.9722164774083941,17,451,76,527,0.7249360273098165,0.4725274725274725
2584,696,1,0,0.2346625181835077,17,452,76,528,0.7194910941475827,0.4673913043478261
2585,738,1,1,0.7739096936894663,17,452,76,528,0.7202857142857144,0.4731182795698925
2586,796,1,0,0.196078461893248,17,453,76,529,0.714877734877735,0.46808510638297873
2587,827,1,1,0.9837268573219153,17,453,76,529,0.7156825664607765,0.47368421052631576
2588,849,1,0,0.06779604746571925,17,454,76,530,0.7103125,0.46875
2589,875,1,1,0.9924680184652207,17,454,76,530,0.7111282493797865,0.4742268041237113
2590,934,1,1,0.9942537981815014,17,454,76,530,0.711930501930502,0.47959183673469385
2591,962,1,0,0.43685278606720357,17,455,76,531,0.7066245086767026,0.47474747474747475
2592,971,1,1,0.5325106658187237,17,455,76,531,0.7074390276337137,0.48
2593,985,1,1,0.9999867430946294,17,455,76,531,0.7082413802228044,0.48514851485148514
2594,1008,1,1,0.9802030132909101,17,455,76,531,0.7090322580645162,0.49019607843137253
2595,1020,1,1,0.7795839684492953,17,455,76,531,0.7098123247097061,0.49514563106796117
2596,1070,1,1,0.948225646129375,17,455,76,531,0.7105822176987917,0.5
2597,1111,1,0,0.49847931054138545,17,456,76,532,0.7054166666666667,0.49523809523809526
2598,1145,1,0,0.10422555566637697,17,457,76,533,0.700268198238,0.49056603773584906
2599,1203,1,0,0.16727571242039954,17,458,76,534,0.6951374623923644,0.48598130841121495
2600,1205,1,1,0.8993671029385701,17,458,76,534,0.6959735427862753,0.49074074074074076
2601,1215,1,0,0.0008744135616977511,17,459,76,535,0.6908871695680208,0.48623853211009177
2602,1277,1,0,0.37641519709359084,17,460,76,536,0.685820203892493,0.4818181818181818
2603,1300,1,0,0.24561026751153123,17,461,76,537,0.6807733031790497,0.4774774774774775
2604,1320,1,1,0.8244304832804182,17,461,76,537,0.6816793462947309,0.48214285714285715
2605,1321,1,0,0.14515622890542684,17,462,76,538,0.6766803069053708,0.4778761061946903
2606,1349,1,0,0.028584482964869224,17,463,76,539,0.6762046035805627,0.47368421052631576
2607,1357,1,1,0.9859488120158478,17,463,76,539,0.6771623827009384,0.4782608695652174
2608,1363,1,1,0.9527506098110378,17,463,76,539,0.6781120943952803,0.4827586206896552
2609,1382,1,0,0.00482176002008149,17,464,76,540,0.6731999999999999,0.47863247863247865
2610,1404,1,1,0.9876709291324482,17,464,76,540,0.6741704035874441,0.4830508474576271
2611,1420,1,1,0.9913620445294176,17,464,76,540,0.6751341034909882,0.48739495798319327
2612,1521,1,0,0.048649751671845334,17,465,76,541,0.6703030303030303,0.48333333333333334
2613,1526,1,0,8.17877106540447e-05,17,466,76,542,0.6654973637074597,0.4793388429752066
2614,1532,1,1,0.5084856447246976,17,466,76,542,0.6665130568356374,0.48360655737704916
2615,1545,1,1,0.9561925476593239,17,466,76,542,0.6675235700817096,0.4878048780487805
2616,1606,1,0,0.2404075569001291,17,467,76,543,0.6628037383177571,0.4838709677419355
2617,1617,1,0,0.06804659300936867,17,468,76,544,0.6581117722377043,0.48
2618,1693,1,1,0.7909686150929363,17,468,76,544,0.6591785150078989,0.48412698412698413
2619,1735,1,0,0.10105795099106925,17,469,76,545,0.654546365914787,0.48031496062992124
2620,1769,1,1,0.97439967022706,17,469,76,545,0.6556410256410257,0.484375
2621,1778,1,1,0.8035946010926232,17,469,76,545,0.6567330597537784,0.4883720930232558
2622,1782,1,0,0.07465113645139473,17,470,76,546,0.6521951219512195,0.4846153846153846
2623,1807,1,1,0.9319195562714884,17,470,76,546,0.6533177464929609,0.48854961832061067
2624,1830,1,0,0.002223450449029948,17,471,76,547,0.6488448844884489,0.48484848484848486
2625,1877,1,0,0.0022555525978917943,17,472,76,548,0.6444053601340033,0.48120300751879697
2626,1886,1,1,0.8075914233739986,17,472,76,548,0.6455946398659966,0.48507462686567165
2627,1906,1,1,0.9815708661361241,17,472,76,548,0.646784276462204,0.4888888888888889
2628,1951,1,0,0.17826851692349388,17,473,76,549,0.6424489795918368,0.4852941176470588
2629,1964,1,1,0.9317114191754229,17,473,76,549,0.6479749843652283,0.49264705882352944
2630,1987,1,0,0.0886673698034426,17,474,76,550,0.6479749843652283,0.49264705882352944
2631,2018,1,1,0.9998637352597795,17,474,76,550,0.6534681213091783,0.5
2632,2170,1,0,0.06394658409401563,17,475,76,551,0.6534681213091783,0.5
2633,2173,1,1,0.99782351814796,17,475,76,551,0.6589291882556131,0.5073529411764706
2634,2189,1,1,0.9978793852213145,17,475,76,551,0.6643589743589744,0.5147058823529411
2635,2195,1,1,0.762318261019018,17,475,76,551,0.6697582604774669,0.5220588235294118
2636,2199,1,0,0.0004478795947208578,17,476,76,552,0.6643589743589744,0.5147058823529411
2637,2257,1,0,0.0009430455415157965,17,477,76,553,0.6643589743589744,0.5147058823529411
2638,2271,1,1,0.941461750855459,17,477,76,553,0.6643589743589744,0.5147058823529411
2639,2299,1,1,0.5929756902875399,17,477,76,553,0.6697582604774669,0.5220588235294118
2640,2331,1,0,0.10672943671147243,17,478,76,554,0.6643589743589744,0.5147058823529411
2641,2352,1,1,0.939553177431224,17,478,76,554,0.6697582604774669,0.5220588235294118
2642,2362,1,0,0.11047757294833302,17,479,76,555,0.6643589743589744,0.5147058823529411
2643,2370,1,0,0.23836480340716887,17,480,76,556,0.6589291882556131,0.5073529411764706
2644,2403,1,1,0.9893896202194393,17,480,76,556,0.6643589743589744,0.5147058823529411
2645,2484,1,1,0.9522224618106936,17,480,76,556,0.6697582604774669,0.5220588235294118
2646,2502,0,0,0.10696560917460564,17,480,76,556,0.6686979049335435,0.5185185185185185
2647,2668,0,0,0.14012198974767698,17,480,76,556,0.667639774859287,0.5149253731343284
2648,2765,0,0,0.001667048748556926,17,480,76,556,0.672046818727491,0.518796992481203
2649,2914,0,0,0.0010657987963459477,17,480,76,556,0.671023102310231,0.5151515151515151
2650,2989,0,0,7.076590773468442e-05,17,480,76,556,0.6754956373909348,0.5190839694656488
2651,2996,0,0,0.001212761522922241,17,480,76,556,0.6745043626090653,0.5153846153846153
2652,3063,0,0,0.013463006278430114,17,480,76,556,0.6790399039903992,0.5193798449612403
2653,3086,0,0,0.008027438201372373,17,480,76,556,0.6836058113075443,0.5234375
2654,3107,0,0,0.006965031736697231,17,480,76,556,0.6826754221388367,0.5196850393700787
2655,3153,0,0,0.0002686963520818497,17,480,76,556,0.6873005705134623,0.5238095238095238
2656,3231,0,0,5.238076754924407e-05,17,480,76,556,0.6863982371794871,0.52
2657,3300,0,0,0.000341175204106581,17,480,76,556,0.6910804378867206,0.5241935483870968
2658,3387,0,0,0.08762971286176582,17,480,76,556,0.6902046189723915,0.5203252032520326
2659,3434,0,0,0.12392009295723802,17,480,76,556,0.6949417904456041,0.5245901639344263
2660,3616,0,0,0.00036719129075780726,17,480,76,556,0.6997045015189174,0.5289256198347108
2661,3636,0,0,0.0009713885480230881,17,480,76,556,0.7044920108531807,0.5333333333333333
2662,3640,0,0,0.0007461342828587502,17,480,76,556,0.7036956521739132,0.5294117647058824
2663,3642,0,0,0.006398012572067387,17,480,76,556,0.708533655662159,0.5338983050847458
2664,3652,0,0,0.00045266231996915425,17,480,76,556,0.713394495412844,0.5384615384615384
2665,3655,0,1,0.52264859845346,17,480,77,557,0.7136485532815808,0.5431034482758621
2666,3681,0,0,8.836236261264963e-06,17,480,77,557,0.712929292929293,0.5391304347826087
2667,3715,0,0,0.001032763673436524,17,480,77,557,0.7178467605348974,0.543859649122807
2668,3744,0,0,0.00010036660186046905,17,480,77,557,0.7227846948071667,0.5486725663716814
2669,3820,0,0,0.000712334976348617,17,480,77,557,0.7277423931494007,0.5535714285714286
2670,3833,0,0,0.19045825232081048,17,480,77,557,0.7327191558441558,0.5585585585585585
2671,3882,0,0,0.00011233806639168266,17,480,77,557,0.7320923608991964,0.5545454545454546
2672,3904,0,0,0.0007181730939697101,17,480,77,557,0.7314606283149735,0.5504587155963303
2673,3925,0,0,0.0013799017224613824,17,480,77,557,0.7365019535738909,0.5555555555555556
2674,3970,0,0,0.00014454234711150672,17,480,77,557,0.7415601023017903,0.5607476635514018
2675,3976,0,0,0.0019180685031390152,17,480,77,557,0.7466343912497758,0.5660377358490566
2676,4013,0,0,0.0013578383397665607,17,480,77,557,0.7460653799696744,0.5619047619047619
2677,4039,0,0,0.00048232091279144394,17,480,77,557,0.7454906511927788,0.5576923076923077
2678,4045,0,0,0.23065651287740296,17,480,77,557,0.7449097874763791,0.5533980582524272
2679,4046,0,0,0.24128167563970968,17,480,77,557,0.7500653594771243,0.5588235294117647
2680,4069,0,0,0.04979511675720008,17,480,77,557,0.7552345435172433,0.5643564356435643
2681,4076,0,0,0.0042258468789304945,17,480,77,557,0.7546908844176518,0.56
2682,4108,0,0,0.001361286129335605,17,480,77,557,0.7541403895048623,0.5555555555555556
2683,4139,0,0,0.0007554974774939931,17,480,77,557,0.7535826201448321,0.5510204081632653
2684,4164,0,0,0.07451274761390825,17,480,77,557,0.75882905712174,0.5567010309278351
2685,4228,0,0,0.016507581492290428,17,480,77,557,0.7582852292020373,0.5520833333333334
2686,4278,0,0,0.00029217151269674447,17,480,77,557,0.7635641905369823,0.5578947368421052
2687,4303,0,0,0.002118166979066211,17,480,77,557,0.7630337709564426,0.5531914893617021
2688,4324,0,0,0.001917473468603776,17,480,77,557,0.7683440583440583,0.5591397849462365
2689,4325,0,0,0.00707442758146172,17,480,77,557,0.773663520744266,0.5652173913043478
2690,4371,0,0,0.00013832161750741373,17,480,77,557,0.7789914788048753,0.5714285714285714
2691,4459,0,0,0.07963559423086387,17,480,77,557,0.7843272481406356,0.5777777777777777
2692,4479,0,0,0.032956359848459474,17,480,77,557,0.7843272481406356,0.5777777777777777
2693,4484,0,1,0.606425615727789,17,480,78,558,0.7796030633157156,0.5777777777777777
2694,4517,0,0,0.0009047727448477738,17,480,78,558,0.7796030633157156,0.5777777777777777
2695,4574,0,0,7.0271812936852e-05,17,480,78,558,0.7796030633157156,0.5777777777777777
2696,4613,0,0,0.006497307914323207,17,480,78,558,0.7796030633157156,0.5777777777777777
2697,4645,0,0,0.4065110399579147,17,480,78,558,0.7796030633157156,0.5777777777777777
2698,4652,0,0,0.0005873265977229025,17,480,78,558,0.7796030633157156,0.5777777777777777
2699,4749,0,0,0.0034848173971913786,18,480,78,558,0.7796030633157156,0.5777777777777777
2700,4757,0,0,0.0010611943951250521,18,480,78,558,0.7796030633157156,0.5777777777777777
2701,4827,0,0,0.0013441229696376205,18,480,78,558,0.7796030633157156,0.5777777777777777
2702,4910,0,0,0.00025342352220516194,18,480,78,558,0.7796030633157156,0.5777777777777777
2703,0,1,0,0.4649467783349623,18,481,78,559,0.7742763034067381,0.5714285714285714
2704,56,1,0,0.1766190619400452,18,482,78,560,0.7689575289575289,0.5652173913043478
2705,70,1,1,0.813353980185834,18,482,78,560,0.7694399999999999,0.5698924731182796
2706,78,1,0,0.16290197268453593,18,483,78,561,0.7641506423043165,0.5638297872340425
2707,82,1,1,0.9829396556853142,18,483,78,561,0.7646463443677066,0.5684210526315789
2708,96,1,0,0.23935695818212632,18,484,78,562,0.759387604265653,0.5625
2709,125,1,0,0.2151064677916593,18,485,78,563,0.7541395655036208,0.5567010309278351
2710,142,1,1,0.662938169571279,18,485,78,563,0.7546701266021861,0.5612244897959183
2711,143,1,1,0.7764130531731626,18,485,78,563,0.7551937681045956,0.5656565656565656
2712,161,1,1,0.7445568811364907,18,485,78,563,0.7557109072481094,0.57
2713,179,1,1,0.99527453579278,18,485,78,563,0.7562219461054593,0.5742574257425742
2714,194,1,1,0.9107676341842134,18,485,78,563,0.7567272727272729,0.5784313725490197
2715,205,1,0,0.004246926414632626,18,486,78,564,0.7515971578622181,0.5728155339805825
2716,235,1,0,0.038711883099859186,18,487,78,565,0.7464809436920151,0.5673076923076923
2717,239,1,0,0.03411299081520232,18,488,78,566,0.7413793103448276,0.5619047619047619
2718,243,1,1,0.9991494690258844,18,488,78,566,0.7419437340153453,0.5660377358490566
2719,246,1,0,0.12387628316556118,18,489,78,567,0.7415601023017903,0.5607476635514018
2720,259,1,0,0.21427812591842185,18,490,78,568,0.7365019535738909,0.5555555555555556
2721,262,1,0,0.11561687492348492,18,491,78,569,0.7314606283149735,0.5504587155963303
2722,277,1,0,0.2101416699304496,18,492,78,570,0.7264368108782563,0.5454545454545454
2723,301,1,1,0.8116222721334911,18,492,78,570,0.7270920634920636,0.5495495495495496
2724,302,1,0,0.053015115469688186,18,493,78,571,0.7221103896103895,0.5446428571428571
2725,340,1,0,0.00025286361637204366,18,494,78,572,0.7171480327328925,0.5398230088495575
2726,359,1,0,0.04394707678595275,18,495,78,573,0.7122056888349024,0.5350877192982456
2727,364,1,0,0.001618258820125131,18,496,78,574,0.7072840567253975,0.5304347826086957
2728,365,1,1,0.9813916360965887,18,496,78,574,0.7080329978051918,0.5344827586206896
2729,382,1,1,0.8116873590500328,18,496,78,574,0.7087776686560399,0.5384615384615384
2730,398,1,1,0.5631646724017906,18,496,78,574,0.7095185417976115,0.5423728813559322
2731,407,1,0,0.06807854116548072,18,497,78,575,0.704696010451211,0.5378151260504201
2732,424,1,1,0.5271032396675963,18,497,78,575,0.7054596547571257,0.5416666666666666
2733,426,1,1,0.9426101488624871,18,497,78,575,0.7062205513784461,0.5454545454545454
2734,430,1,1,0.5018970245312415,18,497,78,575,0.7069791666666666,0.5491803278688525
2735,451,1,1,0.9308645380484644,18,497,78,575,0.7077359623661295,0.5528455284552846
2736,453,1,0,0.0029614979721925717,18,498,78,576,0.7030444027517198,0.5483870967741935
2737,454,1,1,0.603140363897965,18,498,78,576,0.7038271110999975,0.552
2738,455,1,0,0.18975342419046207,18,499,78,577,0.6991899189918992,0.5476190476190477
2739,468,1,0,0.27165810958714914,18,500,78,578,0.6945806145153629,0.5433070866141733
2740,482,1,0,0.14603793478433394,18,501,78,579,0.69,0.5390625
2741,490,1,0,0.05864702331877975,18,502,78,580,0.6854488862221555,0.5348837209302325
2742,495,1,0,0.1589725868065353,18,503,78,581,0.6809280928092809,0.5307692307692308
2743,496,1,0,0.04872968661573375,18,504,78,582,0.6764384486509465,0.5267175572519084
2744,504,1,1,0.9954703046540602,18,504,78,582,0.6773983739837399,0.5303030303030303
2745,519,1,0,0.0006300451637997278,18,505,78,583,0.6729726754078672,0.5263157894736842
2746,520,1,0,0.02781627848420145,18,506,78,584,0.6685805111261294,0.5223880597014925
2747,522,1,0,0.13580181496341845,18,507,78,585,0.6642227564102565,0.5185185185185185
2748,541,1,1,0.996914647326781,18,507,78,585,0.6652832080200501,0.5220588235294118
2749,549,1,0,0.15155046578688663,18,508,78,586,0.660995260663507,0.5182481751824818
2750,558,1,0,0.29669909822142665,18,509,78,587,0.656744279405861,0.5144927536231884
2751,572,1,0,0.011310721505791009,18,510,78,588,0.6525311942959001,0.5107913669064749
2752,607,1,0,0.26416582822906365,18,511,78,589,0.6483569490503467,0.5071428571428571
2753,608,1,0,0.03132572819871444,18,512,78,590,0.6442225015713389,0.5035460992907801
2754,613,1,0,0.44737122188770084,18,513,78,591,0.6444978001257071,0.5
2755,649,1,0,0.1022800570647185,18,514,78,592,0.6404267310789051,0.4965034965034965
2756,657,1,0,0.09095237675479297,18,515,78,593,0.6404267310789051,0.4965034965034965
2757,676,1,1,0.9689472788990426,18,515,78,593,0.6404267310789051,0.4965034965034965
2758,683,1,0,0.05151987694581812,18,516,78,594,0.6350408548082968,0.48951048951048953
2759,730,1,1,0.6628877207631562,18,516,78,594,0.6404267310789051,0.4965034965034965
2760,733,1,0,0.2163508747734355,18,517,78,595,0.6350408548082968,0.48951048951048953
2761,765,1,0,0.031110833595686366,18,518,78,596,0.6296231534519144,0.4825174825174825
2762,784,1,0,0.005875338003857617,18,519,78,597,0.6241728804197736,0.4755244755244755
2763,786,1,0,0.3158732544143329,18,520,78,598,0.6241728804197736,0.4755244755244755
2764,790,1,1,0.9937367830415528,18,520,78,598,0.6241728804197736,0.4755244755244755
2765,797,1,1,0.8033367543583624,18,520,78,598,0.6241728804197736,0.4755244755244755
2766,823,1,0,0.07500550488535544,18,521,78,599,0.6241728804197736,0.4755244755244755
2767,832,1,0,0.03389330625053496,18,522,78,600,0.6186892814130871,0.46853146853146854
2768,837,1,1,0.7683153293184753,18,522,78,600,0.6241728804197736,0.4755244755244755
2769,855,1,1,0.8583620956044579,18,522,78,600,0.6241728804197736,0.4755244755244755
2770,859,1,0,0.03674510278623968,18,523,78,601,0.6241728804197736,0.4755244755244755
2771,880,1,0,0.1480161720351522,18,524,78,602,0.6241728804197736,0.4755244755244755
2772,897,1,0,0.013059080018251174,18,525,78,603,0.6186892814130871,0.46853146853146854
2773,900,1,0,0.003214646766365741,18,526,78,604,0.613171594072068,0.46153846153846156
2774,915,1,0,0.07360318761739468,18,527,78,605,0.6076190476190476,0.45454545454545453
2775,919,1,1,0.9134927772434372,18,527,78,605,0.6076190476190476,0.45454545454545453
2776,932,1,0,0.025286520249824102,18,528,78,606,0.6020308624965556,0.44755244755244755
2777,949,1,0,0.04845417496931995,18,529,78,607,0.59640625,0.4405594405594406
2778,960,1,0,0.1384650375498333,18,530,78,608,0.59640625,0.4405594405594406
2779,979,1,0,0.20055300720346025,18,531,78,609,0.5907444119045832,0.43356643356643354
2780,999,1,1,0.6951214163721162,18,531,78,609,0.59640625,0.4405594405594406
2781,1006,1,0,0.16488060967086188,18,532,78,610,0.5907444119045832,0.43356643356643354
2782,1028,1,1,0.9956191801403345,18,532,78,610,0.5907444119045832,0.43356643356643354
2783,1029,1,0,0.40679827204833796,18,533,78,611,0.5850445400860775,0.42657342657342656
2784,1030,1,1,0.8285827056926665,18,533,78,611,0.5907444119045832,0.43356643356643354
2785,1044,1,0,0.09430510743312075,18,534,78,612,0.5850445400860775,0.42657342657342656
2786,1052,1,1,0.9438746834853089,18,534,78,612,0.5907444119045832,0.43356643356643354
2787,1066,1,0,0.21615899313861175,18,535,78,613,0.5850445400860775,0.42657342657342656
2788,1067,1,0,0.0002640816377322488,18,536,78,614,0.5850445400860775,0.42657342657342656
2789,1086,1,0,0.04481624399316503,18,537,78,615,0.5793058161350844,0.4195804195804196
2790,1096,1,0,0.31035015223655654,18,538,78,616,0.5735274109643858,0.4125874125874126
2791,1102,1,0,0.08222774606236449,18,539,78,617,0.5735274109643858,0.4125874125874126
2792,1116,1,1,0.9049323951013173,18,539,78,617,0.5735274109643858,0.4125874125874126
2793,1122,1,0,0.09964647071281102,18,540,78,618,0.567708484408992,0.40559440559440557
2794,1134,1,0,0.026091021590957036,18,541,78,619,0.5618481848184819,0.3986013986013986
2795,1143,1,0,0.0004295490400424286,18,542,78,620,0.5559456486412161,0.3916083916083916
2796,1149,1,0,0.0890398472398106,18,543,78,621,0.55,0.38461538461538464
2797,1159,1,0,0.030868583418095268,18,544,78,622,0.55,0.38461538461538464
2798,1217,1,0,0.04590579379041315,18,545,78,623,0.55,0.38461538461538464
2799,1232,1,1,0.9922458508354082,18,545,78,623,0.5559456486412161,0.3916083916083916
2800,1260,1,0,0.003790128337102818,18,546,78,624,0.55,0.38461538461538464
2801,1280,1,0,0.03760634457723327,18,547,78,625,0.55,0.38461538461538464
2802,1282,1,0,0.07164526078104362,18,548,78,626,0.55,0.38461538461538464
2803,1309,1,0,0.017596172313913992,18,549,78,627,0.55,0.38461538461538464
2804,1364,1,0,0.1371273342377478,18,550,78,628,0.5440103502587564,0.3776223776223776
2805,1373,1,1,0.9457925964965371,18,550,78,628,0.55,0.38461538461538464
2806,1389,1,0,0.04176881301812831,18,551,78,629,0.55,0.38461538461538464
2807,1405,1,1,0.9889928425875838,18,551,78,629,0.55,0.38461538461538464
2808,1412,1,0,0.03827366653537815,18,552,78,630,0.5440103502587564,0.3776223776223776
2809,1421,1,0,0.0029388080322689304,18,553,78,631,0.5440103502587564,0.3776223776223776
2810,1422,1,1,0.9736778320817124,18,553,78,631,0.5440103502587564,0.3776223776223776
2811,1428,1,0,0.05856294352660232,18,554,78,632,0.537975797579758,0.3706293706293706
2812,1460,1,0,0.019105606247620255,18,555,78,633,0.537975797579758,0.3706293706293706
2813,1466,1,0,0.024129746421968322,18,556,78,634,0.537975797579758,0.3706293706293706
2814,1476,1,0,0.006578098291312709,18,557,78,635,0.531895426470956,0.36363636363636365
2815,1514,1,0,0.45181722511741407,18,558,78,636,0.5257683073229292,0.35664335664335667
2816,1530,1,0,0.4467547763274985,18,559,78,637,0.5257683073229292,0.35664335664335667
2817,1591,1,0,2.8087732355762484e-05,18,560,78,638,0.5257683073229292,0.35664335664335667
2818,1594,1,0,0.13213155696600556,18,561,78,639,0.5195934959349593,0.34965034965034963
2819,1602,1,0,0.08370851446122624,18,562,78,640,0.5195934959349593,0.34965034965034963
2820,1615,1,1,0.9774386120602865,18,562,78,640,0.5195934959349593,0.34965034965034963
2821,1616,1,0,0.1842093050722835,18,563,78,641,0.5133700330297267,0.34265734265734266
2822,1621,1,0,0.04523831537326598,18,564,78,642,0.5133700330297267,0.34265734265734266
2823,1647,1,1,0.7331454203401016,18,564,78,642,0.5133700330297267,0.34265734265734266
2824,1652,1,1,0.8130299338156195,18,564,78,642,0.5195934959349593,0.34965034965034963
2825,1680,1,0,0.000987041724674893,18,565,78,643,0.5195934959349593,0.34965034965034963
2826,1695,1,0,0.051173587925851645,18,566,78,644,0.5133700330297267,0.34265734265734266
2827,1702,1,0,0.33121866047524934,18,567,78,645,0.5070969437561011,0.3356643356643357
2828,1707,1,0,0.023968383001914492,18,568,78,646,0.5070969437561011,0.3356643356643357
2829,1731,1,1,0.641585458157482,18,568,78,646,0.5070969437561011,0.3356643356643357
2830,1751,1,1,0.9625931700801847,18,568,78,646,0.5133700330297267,0.34265734265734266
2831,1775,1,0,0.2167754992605672,18,569,78,647,0.5070969437561011,0.3356643356643357
2832,1789,1,0,0.07290015818206726,18,570,78,648,0.5070969437561011,0.3356643356643357
2833,1806,1,1,0.5260343790129559,18,570,78,648,0.5070969437561011,0.3356643356643357
2834,1833,1,1,0.9937265264291605,18,570,78,648,0.5070969437561011,0.3356643356643357
2835,1857,1,0,0.0005068040558338634,18,571,78,649,0.5007732371794872,0.32867132867132864
2836,1859,1,1,0.7518313957830751,18,571,78,649,0.5070969437561011,0.3356643356643357
2837,1862,1,1,0.8875610127322274,18,571,78,649,0.5133700330297267,0.34265734265734266
2838,1873,1,0,0.05384673212228194,18,572,78,650,0.5070969437561011,0.3356643356643357
2839,1885,1,0,0.0007044332541808558,18,573,78,651,0.5007732371794872,0.32867132867132864
2840,1897,1,0,0.10697848854262693,18,574,78,652,0.5007732371794872,0.32867132867132864
2841,1921,1,0,0.2374188271471086,18,575,78,653,0.4943979057591623,0.32167832167832167
2842,1922,1,1,0.8750530123225738,18,575,78,653,0.5007732371794872,0.32867132867132864
2843,1933,1,1,0.5959113198614664,18,575,78,653,0.5070969437561011,0.3356643356643357
2844,1957,1,0,0.007871437744053094,18,576,78,654,0.5007732371794872,0.32867132867132864
2845,1986,1,1,0.9943573564864517,18,576,78,654,0.5007732371794872,0.32867132867132864
2846,1988,1,1,0.597976073968015,18,576,78,654,0.5030847762986689,0.3333333333333333
2847,2006,1,1,0.9743994460898494,18,576,78,654,0.5053921568627451,0.33793103448275863
2848,2013,1,0,0.42252684664462803,18,577,78,655,0.5014723312745368,0.3356164383561644
2849,2048,1,0,0.07829955470586239,19,578,78,656,0.49759975997599765,0.3333333333333333
2850,2051,1,0,0.017619846506607036,19,579,78,657,0.4937753443836096,0.3310810810810811
2851,2083,1,0,0.41772588188808546,19,580,78,658,0.49,0.3288590604026846
2852,2085,1,0,0.30440522728070635,19,581,78,659,0.4862746568664217,0.32666666666666666
2853,2088,1,0,0.37063390607374025,19,582,78,660,0.48260026002600254,0.32450331125827814
2854,2109,1,0,0.06406251429188933,19,583,78,661,0.47897776999824965,0.3223684210526316
2855,2119,1,0,0.4351829989468837,19,584,78,662,0.4754081632653061,0.3202614379084967
2856,2127,1,0,0.12696528743564495,19,585,78,663,0.4718924327704815,0.3181818181818182
2857,2129,1,1,0.9307642899796339,19,585,78,663,0.4746552026232135,0.3225806451612903
2858,2136,1,0,0.028506217916318927,19,586,78,664,0.47125,0.32051282051282054
2859,2138,1,1,0.9559497384532029,19,586,78,664,0.47407518796992476,0.3248407643312102
2860,2149,1,1,0.9756792073437189,19,586,78,664,0.47690887193898035,0.3291139240506329
2861,2154,1,0,0.27986680682659076,19,587,78,665,0.4736770354748813,0.3270440251572327
2862,2174,1,1,0.915118643628345,19,587,78,665,0.47658076681332495,0.33125
2863,2175,1,0,7.162108107594156e-05,19,588,78,666,0.47347020933977463,0.32919254658385094
2864,2182,1,0,0.003461656995122543,19,589,78,667,0.47042230112563266,0.3271604938271605
2865,2213,1,1,0.5985268700232553,19,589,78,667,0.4769482810767215,0.3312883435582822
2866,2246,1,0,0.08555106494152076,19,590,78,668,0.47399682131234383,0.32926829268292684
2867,2289,1,0,0.003777208782036632,19,591,78,669,0.47111111111111115,0.32727272727272727
2868,2304,1,0,0.1425260293480486,19,592,78,670,0.46829242397431686,0.3253012048192771
2869,2314,1,0,0.0013361463430495283,19,593,78,671,0.4655420589128454,0.32335329341317365
2870,2326,1,1,0.9711886898203003,19,593,78,671,0.4688636363636364,0.3273809523809524
2871,2327,1,0,0.2899850125897499,19,594,78,672,0.46625396825396825,0.3254437869822485
2872,2358,1,0,0.001225708032123824,19,595,78,673,0.463716814159292,0.3235294117647059
2873,2359,1,0,0.024374780423087106,19,596,78,674,0.46125359680171113,0.3216374269005848
2874,2365,1,0,0.09489269661455364,19,597,78,675,0.4588657690738474,0.31976744186046513
2875,2377,1,0,0.0020681048282126823,19,598,78,676,0.4565548149850609,0.3179190751445087
2876,2386,1,0,0.3184926247507177,19,599,78,677,0.4543222506393862,0.3160919540229885
2877,2411,1,0,0.32065652414387547,19,600,78,678,0.4521696252465483,0.3142857142857143
2878,2424,1,0,0.2606250230865854,19,601,78,679,0.4500985221674877,0.3125
2879,2427,1,0,0.056688131923814666,19,602,78,680,0.4481105599958881,0.3107344632768362
2880,2450,1,1,0.8788711187121976,19,602,78,680,0.4521702127659574,0.3146067415730337
2881,2453,1,0,0.16948236754658527,19,603,78,681,0.4503555188094254,0.3128491620111732
2882,2455,1,1,0.8882142657455332,19,603,78,681,0.45454922709824674,0.31666666666666665
2883,2490,1,0,0.18464619706330204,19,604,78,682,0.45291587619220874,0.3149171270718232
2884,2496,1,1,0.9888353703215088,19,604,78,682,0.4572535817740547,0.31868131868131866
2885,2542,0,0,0.00016318034977268016,19,604,78,682,0.4572535817740547,0.31868131868131866
2886,2605,0,0,0.00544439679753178,19,604,78,682,0.4572535817740547,0.31868131868131866
2887,2617,0,0,0.10067218621800783,19,604,78,682,0.4572535817740547,0.31868131868131866
2888,2634,0,0,0.0005553210595465178,19,604,78,682,0.4572535817740547,0.31868131868131866
2889,2640,0,0,0.001668628658534946,19,604,78,682,0.4572535817740547,0.31868131868131866
2890,2657,0,0,7.278591956641759e-05,19,604,78,682,0.4572535817740547,0.31868131868131866
2891,2728,0,0,0.00014497106673988188,19,604,78,682,0.4572535817740547,0.31868131868131866
2892,2731,0,0,0.00024178041025855348,19,604,78,682,0.4572535817740547,0.31868131868131866
2893,2744,0,0,0.00035276122410156754,19,604,78,682,0.46008333333333334,0.31868131868131866
2894,2848,0,0,0.2823218273548353,19,604,78,682,0.46008333333333334,0.31868131868131866
2895,2853,0,0,0.0035447372097153437,19,604,78,682,0.46008333333333334,0.31868131868131866
2896,2855,0,0,0.0021200362548465797,19,604,78,682,0.46008333333333334,0.31868131868131866
2897,2946,0,0,0.0001273520870603236,19,604,78,682,0.46008333333333334,0.31868131868131866
2898,2999,0,0,0.0002769923012887741,19,604,78,682,0.46008333333333334,0.31868131868131866
2899,3167,0,0,0.0013923896197553596,19,604,78,682,0.46008333333333334,0.31868131868131866
2900,3263,0,0,0.0011362214122311223,19,604,78,682,0.46008333333333334,0.31868131868131866
2901,3278,0,0,0.0001889132853032066,19,604,78,682,0.46008333333333334,0.31868131868131866
2902,3330,0,0,0.000194561048391022,19,604,78,682,0.46008333333333334,0.31868131868131866
2903,3386,0,0,0.0004433187883808502,19,604,78,682,0.46166922217313344,0.32044198895027626
2904,3428,0,0,0.0001811852504806359,19,604,78,682,0.4633468202095653,0.32222222222222224
2905,3531,0,0,0.1919124946350763,19,604,78,682,0.45922075237701526,0.31843575418994413
2906,3592,0,0,0.0012402095828791923,19,604,78,682,0.46107801418439714,0.3202247191011236
2907,3760,0,0,0.0016509183230289228,19,604,78,682,0.4570843720284752,0.3163841807909605
2908,3778,0,0,0.2057885954370617,19,604,78,682,0.4591133004926109,0.3181818181818182
2909,3841,0,0,9.146710798158042e-05,19,604,78,682,0.4612246727631343,0.32
2910,3856,0,0,0.0002521449016161704,19,604,78,682,0.4574360938736944,0.3160919540229885
2911,3860,0,0,0.0011593046952105886,19,604,78,682,0.45368057854396376,0.31213872832369943
2912,3936,0,0,0.00017607354745650638,19,604,78,682,0.44995555555555555,0.3081395348837209
2913,4019,0,0,0.0002182306869195747,19,604,78,682,0.4462585189126195,0.30409356725146197
2914,4088,0,0,2.451551283449794e-05,19,604,78,682,0.4425870219166309,0.3
2915,4134,0,0,0.24094290989340325,19,604,78,682,0.4451616161616162,0.30177514792899407
2916,4194,0,0,0.0005683998410222962,19,604,78,682,0.44780746234768787,0.30357142857142855
2917,4224,0,0,0.0001868797167584429,19,604,78,682,0.45052323822966023,0.30538922155688625
2918,4246,0,0,7.162858749336677e-05,19,604,78,682,0.44708534621578094,0.30120481927710846
2919,4295,0,0,0.0005444827655309627,19,604,78,682,0.44993714644877436,0.30303030303030304
2920,4296,0,0,0.022168129905086792,19,604,78,682,0.4528549894482967,0.3048780487804878
2921,4358,0,0,0.000975326934780266,19,604,78,682,0.4558376641309533,0.3067484662576687
2922,4391,0,0,0.002428435254811471,19,604,78,682,0.45888398233641103,0.30864197530864196
2923,4488,0,0,0.00015547120490544685,19,604,78,682,0.4557192982456141,0.30434782608695654
2924,4546,0,0,0.43337136300146795,19,604,78,682,0.4588892507327338,0.30625
2925,4604,0,0,0.002257182503973018,19,604,78,682,0.46211939102564104,0.3081761006289308
2926,4622,0,0,0.0001833283410681941,19,604,78,682,0.4654086255663188,0.310126582278481
2927,4627,0,0,0.020379268597393464,19,604,78,682,0.46875588029226306,0.31210191082802546
2928,4687,0,1,0.5155361809459623,19,604,79,683,0.4622939337085679,0.3076923076923077
2929,4708,0,0,0.000237606112454421,19,604,79,683,0.45937460928708956,0.3032258064516129
2930,4730,0,0,0.0025626180378025914,19,604,79,683,0.4564579114477862,0.2987012987012987
2931,4744,0,0,0.005193379763491281,19,604,79,683,0.4600000000000001,0.3006535947712418
2932,4762,0,0,0.001196073517728748,19,604,79,683,0.4571377137713772,0.29605263157894735
2933,4791,0,0,0.13541112320788465,19,604,79,683,0.45427370948379353,0.2913907284768212
2934,4819,0,0,0.000911053685982604,19,604,79,683,0.45140626563907515,0.2866666666666667
2935,4835,0,0,0.00035965762428951054,19,604,79,683,0.44853365384615385,0.28187919463087246
2936,4836,0,0,0.00019067230359075298,19,604,79,683,0.4523349783311205,0.28378378378378377
2937,4966,0,0,0.007729519243036267,19,604,79,683,0.44950500263296467,0.2789115646258503
2938,4991,0,0,0.0019325457313480404,19,604,79,683,0.45340425531914896,0.2808219178082192
2939,92,1,1,0.9990158984760101,19,604,79,683,0.4600842548709847,0.2876712328767123
2940,116,1,0,0.003940169920168876,19,605,79,684,0.4600842548709847,0.2876712328767123
2941,164,1,0,0.16440165749367755,19,606,79,685,0.4600842548709847,0.2876712328767123
2942,221,1,0,0.3607063615905034,19,607,79,686,0.4600842548709847,0.2876712328767123
2943,350,1,1,0.9797037989226506,19,607,79,686,0.4667067669172932,0.2945205479452055
2944,483,1,0,0.07421689272231297,19,608,79,687,0.4600842548709847,0.2876712328767123
2945,493,1,0,0.0005046194148095581,19,609,79,688,0.4600842548709847,0.2876712328767123
2946,571,1,1,0.5797076676897099,19,609,79,688,0.4667067669172932,0.2945205479452055
2947,601,1,0,0.01892075138693901,19,610,79,689,0.4667067669172932,0.2945205479452055
2948,699,1,0,0.2541286089281711,19,611,79,690,0.4600842548709847,0.2876712328767123
2949,706,1,1,0.8039567051187742,19,611,79,690,0.4667067669172932,0.2945205479452055
2950,767,1,0,0.07264394545553948,19,612,79,691,0.4667067669172932,0.2945205479452055
2951,810,1,0,0.04375717497564597,19,613,79,692,0.4667067669172932,0.2945205479452055
2952,814,1,0,0.016036722042441314,19,614,79,693,0.4667067669172932,0.2945205479452055
2953,818,1,0,0.0006870404247624921,19,615,79,694,0.4667067669172932,0.2945205479452055
2954,829,1,0,0.08958496073579224,19,616,79,695,0.4667067669172932,0.2945205479452055
2955,834,1,1,0.9898580599735038,19,616,79,695,0.4732728775770936,0.3013698630136986
2956,986,1,0,0.294571523192724,19,617,79,696,0.4732728775770936,0.3013698630136986
2957,1024,1,1,0.8118413497512442,19,617,79,696,0.4732728775770936,0.3013698630136986
2958,1027,1,0,0.2951586177000134,19,618,79,697,0.4732728775770936,0.3013698630136986
2959,1060,1,1,0.8910757544537089,19,618,79,697,0.4732728775770936,0.3013698630136986
2960,1061,1,0,0.49997467380163735,19,619,79,698,0.4732728775770936,0.3013698630136986
2961,1095,1,0,0.24873591687674468,19,620,79,699,0.4732728775770936,0.3013698630136986
2962,1148,1,0,0.0008861969501671031,19,621,79,700,0.4732728775770936,0.3013698630136986
2963,1157,1,1,0.6792874786621979,19,621,79,700,0.47978365384615385,0.3082191780821918
2964,1194,1,0,0.348632262712609,19,622,79,701,0.4732728775770936,0.3013698630136986
2965,1201,1,0,0.002726961779782723,19,623,79,702,0.4667067669172932,0.2945205479452055
2966,1225,1,1,0.9558234666474498,19,623,79,702,0.4732728775770936,0.3013698630136986
2967,1241,1,0,0.00039804267961544783,19,624,79,703,0.4732728775770936,0.3013698630136986
2968,1242,1,0,0.0174941762431631,19,625,79,704,0.4667067669172932,0.2945205479452055
2969,1360,1,1,0.5842353369285206,19,625,79,704,0.4667067669172932,0.2945205479452055
2970,1418,1,0,0.0003069603914541586,19,626,79,705,0.4667067669172932,0.2945205479452055
2971,1436,1,0,0.17913324044738319,19,627,79,706,0.4667067669172932,0.2945205479452055
2972,1448,1,1,0.9944459672753125,19,627,79,706,0.4732728775770936,0.3013698630136986
2973,1522,1,0,0.0007512086187146954,19,628,79,707,0.4732728775770936,0.3013698630136986
2974,1555,1,0,0.06797000790634616,19,629,79,708,0.4732728775770936,0.3013698630136986
2975,1557,1,1,0.9607456806120336,19,629,79,708,0.4732728775770936,0.3013698630136986
2976,1582,1,1,0.8929840950944153,19,629,79,708,0.47978365384615385,0.3082191780821918
2977,1583,1,1,0.987024389858079,19,629,79,708,0.4862401441766163,0.3150684931506849
2978,1627,1,0,0.20118124637779375,19,630,79,709,0.4862401441766163,0.3150684931506849
2979,1717,1,0,0.003903610832963744,19,631,79,710,0.4862401441766163,0.3150684931506849
2980,1776,1,1,0.9339128635061321,19,631,79,710,0.4862401441766163,0.3150684931506849
2981,1794,1,0,0.3698195691097922,19,632,79,711,0.4862401441766163,0.3150684931506849
2982,1834,1,0,0.37283854632058466,19,633,79,712,0.47978365384615385,0.3082191780821918
2983,1838,1,0,0.0036393820042117594,19,634,79,713,0.47978365384615385,0.3082191780821918
2984,1884,1,1,0.9999028354695588,19,634,79,713,0.47978365384615385,0.3082191780821918
2985,1945,1,0,0.01504228900173099,19,635,79,714,0.47978365384615385,0.3082191780821918
2986,2005,1,0,0.0011506150926052388,19,636,79,715,0.4732728775770936,0.3013698630136986
2987,2206,1,0,0.1772112426742388,19,637,79,716,0.4732728775770936,0.3013698630136986
2988,2236,1,0,0.000545184316881452,19,638,79,717,0.4732728775770936,0.3013698630136986
2989,2255,1,0,0.04424515208805553,19,639,79,718,0.4732728775770936,0.3013698630136986
2990,2258,1,1,0.9431236225740007,19,639,79,718,0.47978365384615385,0.3082191780821918
2991,2268,1,0,0.001342440423730524,19,640,79,719,0.47978365384615385,0.3082191780821918
2992,2336,1,0,0.18854729573248252,19,641,79,720,0.4732728775770936,0.3013698630136986
2993,2396,1,1,0.6800825793726044,19,641,79,720,0.47978365384615385,0.3082191780821918
2994,2405,1,1,0.890293316747914,19,641,79,720,0.4862401441766163,0.3150684931506849
2995,2414,1,0,0.1666225225559764,19,642,79,721,0.4862401441766163,0.3150684931506849
2996,2447,1,0,0.4440648326956919,19,643,79,722,0.4862401441766163,0.3150684931506849
2997,2465,1,1,0.9191446750357692,19,643,79,722,0.49264337904113703,0.3219178082191781
2998,2473,1,0,0.2577688685879253,19,644,79,723,0.49264337904113703,0.3219178082191781
2999,2487,1,0,0.340226275409053,20,645,79,724,0.4862401441766163,0.3150684931506849
3000,2519,0,0,0.00021132321221190356,20,645,79,724,0.4901842948717949,0.31724137931034485
3001,2532,0,0,0.00034564818179497653,20,645,79,724,0.4941747037751447,0.3194444444444444
3002,2556,0,0,0.027473421018632257,20,645,79,724,0.4982105263157895,0.32167832167832167
3003,2606,0,0,0.12947348556136187,20,645,79,724,0.5022909300634418,0.323943661971831
3004,2610,0,0,0.000871902528795507,20,645,79,724,0.5064150943396226,0.3262411347517731
3005,2626,0,0,0.08224333599643384,20,645,79,724,0.5041302381670184,0.32142857142857145
3006,2650,0,0,0.0008650582115215461,20,645,79,724,0.5083406662476431,0.3237410071942446
3007,2656,0,0,0.17426488149281202,20,645,79,724,0.5060889929742389,0.3188405797101449
3008,2658,0,0,3.4425874603291486e-05,20,645,79,724,0.5103831031353967,0.32116788321167883
3009,2769,0,0,0.00661300386267266,20,645,79,724,0.5147173238477256,0.3235294117647059
3010,2831,0,0,0.00030865163012019816,20,645,79,724,0.5125369700953007,0.31851851851851853
3011,2877,0,0,0.00116190922037575,20,645,79,724,0.5169511084117826,0.3208955223880597
3012,2920,0,0,0.0019325617149535536,20,645,79,724,0.5214033087583289,0.3233082706766917
3013,2970,0,0,0.06395034887397927,20,645,79,724,0.5258928571428572,0.32575757575757575
3014,2978,0,0,0.12989691497300568,20,645,79,724,0.5304190476190476,0.3282442748091603
3015,3026,0,1,0.9239243315649476,20,645,80,725,0.530984126984127,0.33076923076923076
3016,3076,0,0,8.601786823336387e-05,20,645,80,725,0.5355630149527006,0.3333333333333333
3017,3099,0,0,0.00020758381799058256,20,645,80,725,0.5401767207354027,0.3359375
3018,3265,0,0,0.003493003004079759,20,645,80,725,0.5448245614035088,0.33858267716535434
3019,3270,0,0,0.001680836824174084,20,645,80,725,0.5495058607216731,0.3412698412698413
3020,3277,0,0,0.0013563557752264896,20,645,80,725,0.5476638745869515,0.336
3021,3282,0,0,0.00854482468327695,20,645,80,725,0.5524137931034483,0.3387096774193548
3022,3326,0,1,0.9320878371735027,20,645,81,726,0.5531034482758621,0.34146341463414637
3023,3397,0,0,0.03537651825777972,20,645,81,726,0.5513253012048193,0.3360655737704918
3024,3563,0,0,0.0003172307509534221,20,645,81,726,0.5495287308805291,0.3305785123966942
3025,3597,0,0,0.0025214916302739496,20,645,81,726,0.5543941394217079,0.3333333333333333
3026,3717,0,0,0.0011461597846183199,20,645,81,726,0.5592893453677767,0.33613445378151263
3027,3775,0,0,0.02308508387581894,20,645,81,726,0.5642137269679566,0.3389830508474576
3028,3791,0,0,0.02141513193722378,20,645,81,726,0.5691666666666666,0.3418803418803419
3029,3806,0,0,0.0019915418660991333,20,645,81,726,0.567486138717439,0.33620689655172414
3030,3863,0,0,0.0010696485473459497,20,645,81,726,0.5657839428331232,0.33043478260869563
3031,4006,0,0,0.18689374885653642,20,645,81,726,0.5708308097432522,0.3333333333333333
3032,4008,0,0,0.004677069553891562,20,645,81,726,0.5759043395628762,0.336283185840708
3033,4026,0,0,0.000515178056904341,20,645,81,726,0.5742444821731749,0.33035714285714285
3034,4029,0,0,0.27815785700542756,20,645,81,726,0.57256,0.32432432432432434
3035,4102,0,0,0.003996851354125459,20,645,81,726,0.5777240033155967,0.32727272727272727
3036,4155,0,0,0.0008811343064526613,20,645,81,726,0.5760455486542443,0.3211009174311927
3037,4172,0,0,0.014333770312039447,20,645,81,726,0.5743394185260311,0.3148148148148148
3038,4334,0,0,0.014619503190446848,20,645,81,726,0.5795920138888888,0.3177570093457944
3039,4388,0,0,0.00948950907637548,20,645,81,726,0.5848684389540421,0.32075471698113206
3040,4418,0,0,0.00027859438594844953,20,645,81,726,0.5901681406267059,0.3238095238095238
3041,4429,0,1,0.5380329699787023,20,645,82,727,0.5913396659023911,0.3269230769230769
3042,4456,0,0,0.008299597534982198,20,645,82,727,0.5897472527472527,0.32038834951456313
3043,4472,0,1,0.6816650152906871,20,645,83,728,0.5840155461837426,0.3137254901960784
3044,4498,0,0,0.0006489538228047357,20,645,83,728,0.5893937382453811,0.31683168316831684
3045,4504,0,0,2.1082891645418123e-05,20,645,83,728,0.5877896613190731,0.31
3046,4596,0,0,0.0005226260157648241,20,645,83,728,0.5861530692402649,0.30303030303030304
3047,4640,0,0,0.02744113165531385,20,645,83,728,0.5844821347806423,0.29591836734693877
3048,4684,0,0,0.0006284947818135507,20,645,83,728,0.5899744601152133,0.29896907216494845
3049,4728,0,0,0.39544262788495416,20,645,83,728,0.5954871794871796,0.3020833333333333
3050,4796,0,0,0.1935744906547522,20,645,83,728,0.6010197660116136,0.30526315789473685
3051,4831,0,0,0.037207286026763334,20,645,83,728,0.6065716911764706,0.30851063829787234
3052,4896,0,0,0.0007290282635478288,20,645,83,728,0.6121424245046292,0.3118279569892473
3053,4950,0,0,0.002347219923095426,20,645,83,728,0.6177314332058857,0.31521739130434784
3054,4970,0,0,0.035858427498642785,20,645,83,728,0.6233381818181818,0.31868131868131866
3055,2,1,0,0.3860899465255949,20,646,83,729,0.6233381818181818,0.31868131868131866
3056,17,1,0,0.3147988485120779,20,647,83,730,0.6233381818181818,0.31868131868131866
3057,19,1,1,0.6461065896453991,20,647,83,730,0.6233381818181818,0.31868131868131866
3058,32,1,1,0.9755017240529459,20,647,83,730,0.6303892944038929,0.32967032967032966
3059,64,1,1,0.9995870401160252,20,647,83,730,0.6303892944038929,0.32967032967032966
3060,71,1,0,0.43515101277055346,20,648,83,731,0.6233381818181818,0.31868131868131866
3061,94,1,1,0.7160865280625982,20,648,83,731,0.6303892944038929,0.32967032967032966
3062,99,1,1,0.9991377502867336,20,648,83,731,0.6303892944038929,0.32967032967032966
3063,148,1,0,0.034911758745110155,20,649,83,732,0.6303892944038929,0.32967032967032966
3064,159,1,1,0.9817857055458866,20,649,83,732,0.6373640794900637,0.34065934065934067
3065,184,1,1,0.9976731770672858,20,649,83,732,0.6373640794900637,0.34065934065934067
3066,195,1,0,0.27488376900386047,20,650,83,733,0.6373640794900637,0.34065934065934067
3067,228,1,1,0.9747517811483742,20,650,83,733,0.6442647058823529,0.3516483516483517
3068,247,1,0,0.08398989180313982,20,651,83,734,0.6442647058823529,0.3516483516483517
3069,300,1,0,0.43364652642391194,20,652,83,735,0.6442647058823529,0.3516483516483517
3070,325,1,1,0.799230857212217,20,652,83,735,0.6442647058823529,0.3516483516483517
3071,376,1,1,0.9886925029291791,20,652,83,735,0.6510932807002489,0.3626373626373626
3072,389,1,0,0.0011384409422306539,20,653,83,736,0.6510932807002489,0.3626373626373626
3073,391,1,1,0.8587465035145734,20,653,83,736,0.6578518518518518,0.37362637362637363
3074,411,1,1,0.9714209073369461,20,653,83,736,0.6645424103975708,0.38461538461538464
3075,444,1,1,0.9625448106734531,20,653,83,736,0.6711668928086838,0.3956043956043956
3076,478,1,1,0.9282102423657522,20,653,83,736,0.6777271831263552,0.4065934065934066
3077,485,1,1,0.9760705413529661,20,653,83,736,0.6842251150263717,0.4175824175824176
3078,527,1,1,0.9629724382239718,20,653,83,736,0.6906624737945493,0.42857142857142855
3079,546,1,1,0.9993962767289786,20,653,83,736,0.6970409982174688,0.43956043956043955
3080,599,1,1,0.9960272056498983,20,653,83,736,0.6970409982174688,0.43956043956043955
3081,619,1,1,0.9802993976636946,20,653,83,736,0.7033623823929395,0.45054945054945056
3082,632,1,1,0.9961880987903914,20,653,83,736,0.7033623823929395,0.45054945054945056
3083,651,1,1,0.9967939683050897,20,653,83,736,0.7096282774643214,0.46153846153846156
3084,661,1,0,0.41534885652107595,20,654,83,737,0.7033623823929395,0.45054945054945056
3085,665,1,1,0.9861898293366262,20,654,83,737,0.7041925080625155,0.45652173913043476
3086,697,1,1,0.9965565474622635,20,654,83,737,0.7050069826665571,0.46236559139784944
3087,698,1,1,0.9925997751430903,20,654,83,737,0.7058066447171505,0.46808510638297873
3088,771,1,0,0.4822409334605646,20,655,83,738,0.7004340277777777,0.4631578947368421
3089,799,1,1,0.9677132679791745,20,655,83,738,0.7012447416675656,0.46875
3090,808,1,0,0.08511321007680639,20,656,83,739,0.6959111075260144,0.4639175257731959
3091,831,1,0,0.23500958114046377,20,657,83,740,0.6905920205920206,0.45918367346938777
3092,862,1,1,0.9838979905699484,20,657,83,740,0.69144,0.46464646464646464
3093,878,1,1,0.9776139124329032,20,657,83,740,0.6922750424448217,0.47
3094,887,1,1,0.9897552449157693,20,657,83,740,0.693097877732024,0.4752475247524752
3095,930,1,1,0.8182586029797666,20,657,83,740,0.6939092055485497,0.4803921568627451
3096,931,1,1,0.9416259765002073,20,657,83,740,0.69470969766712,0.4854368932038835
3097,964,1,1,0.7238329119322467,20,657,83,740,0.6955,0.49038461538461536
3098,969,1,1,0.9990221621227758,20,657,83,740,0.6962807345160286,0.49523809523809526
3099,974,1,1,0.9200792283453681,20,657,83,740,0.6970525010334849,0.5
3100,981,1,1,0.9842300207662711,20,657,83,740,0.6978158789002162,0.5046728971962616
3101,990,1,1,0.9992430629328136,20,657,83,740,0.6985714285714286,0.5092592592592593
3102,1031,1,1,0.9978194970606236,20,657,83,740,0.6993196930946292,0.5137614678899083
3103,1048,1,1,0.9949819163113041,20,657,83,740,0.7000611995104039,0.5181818181818182
3104,1091,1,1,0.9746480457888905,20,657,83,740,0.7007964601769912,0.5225225225225225
3105,1094,1,1,0.9949170722126149,20,657,83,740,0.701525974025974,0.5267857142857143
3106,1124,1,1,0.658476068256534,20,657,83,740,0.7022502277558458,0.5309734513274337
3107,1152,1,0,0.002605162905229419,20,658,83,741,0.6973265249374352,0.5263157894736842
3108,1187,1,1,0.9718866375274618,20,658,83,741,0.6980713438785036,0.5304347826086957
3109,1188,1,0,0.4917011150651816,20,659,83,742,0.6931948785159794,0.5258620689655172
3110,1196,1,1,0.9996916164028423,20,659,83,742,0.6939613526570048,0.5299145299145299
3111,1208,1,1,0.9359462658028707,20,659,83,742,0.6947241483268013,0.5338983050847458
3112,1244,1,1,0.984276199307917,20,659,83,742,0.6954837414692895,0.5378151260504201
3113,1250,1,1,0.6106377106396207,20,659,83,742,0.6962406015037594,0.5416666666666666
3114,1272,1,1,0.9993121973050297,20,659,83,742,0.6969951923076922,0.5454545454545454
3115,1295,1,1,0.9903791208678284,20,659,83,742,0.6977479731758582,0.5491803278688525
3116,1307,1,1,0.6163826107824295,20,659,83,742,0.6984993997599039,0.5528455284552846
3117,1311,1,1,0.9671849307452411,20,659,83,742,0.6992499249924993,0.5564516129032258
3118,1314,1,1,0.9987214404344382,20,659,83,742,0.7,0.56
3119,1329,1,1,0.5881281495013078,20,659,83,742,0.7007500750075008,0.5634920634920635
3120,1333,1,1,0.9895840477652851,20,659,83,742,0.7015006002400961,0.5669291338582677
3121,1374,1,1,0.9971578840002954,20,659,83,742,0.7022520268241418,0.5703125
3122,1375,1,1,0.999290957339973,20,659,83,742,0.7030048076923078,0.5736434108527132
3123,1452,1,1,0.9315811246136033,20,659,83,742,0.7037593984962406,0.5769230769230769
3124,1464,1,1,0.9205722464958322,20,659,83,742,0.7045162585307105,0.5801526717557252
3125,1484,1,1,0.9969608744903888,20,659,83,742,0.7052758516731987,0.5833333333333334
3126,1537,1,1,0.8955224690989367,20,659,83,742,0.7060386473429952,0.5864661654135338
3127,1541,1,1,0.8481069960603269,20,659,83,742,0.7068051214840206,0.5895522388059702
3128,1549,1,1,0.9433838024334081,20,659,83,742,0.7122114584121698,0.5925925925925926
3129,1576,1,1,0.8225939770106002,20,659,83,742,0.7129866781263428,0.5955882352941176
3130,1607,1,1,0.9987512920030869,20,659,83,742,0.7137668161434978,0.5985401459854015
3131,1612,1,1,0.99523958900768,20,659,83,742,0.7145523809523808,0.6014492753623188
3132,1635,1,1,0.9165361222215069,20,659,83,742,0.7153438924397137,0.60431654676259
3133,1666,1,1,0.9603417676412382,20,659,83,742,0.7161418830920094,0.6071428571428571
3134,1704,1,1,0.9971820977172722,20,659,83,742,0.7169468992545915,0.6099290780141844
3135,1733,1,1,0.9852098733616932,20,659,83,742,0.7177595024543189,0.6126760563380281
3136,1746,1,1,0.9995243687185955,20,659,83,742,0.7185802707930367,0.6153846153846154
3137,1803,1,1,0.8849892325351638,20,659,83,742,0.7194098004193523,0.6180555555555556
3138,1837,1,1,0.956394584764176,20,659,83,742,0.7202487070869824,0.6206896551724138
3139,1866,1,1,0.9985360833012688,20,659,83,742,0.7202487070869824,0.6206896551724138
3140,1875,1,1,0.973416853995635,20,659,83,742,0.7251041666666665,0.6275862068965518
3141,1876,1,0,0.007678271715474743,20,660,83,743,0.7251041666666665,0.6275862068965518
3142,1930,1,1,0.970909087622811,20,660,83,743,0.7299420652939794,0.6344827586206897
3143,1946,1,1,0.5865813017420952,20,660,83,743,0.7299420652939794,0.6344827586206897
3144,1952,1,1,0.9956662402315443,20,660,83,743,0.7347630505282978,0.6413793103448275
3145,1965,1,1,0.9794351720283944,20,660,83,743,0.7395677701764043,0.6482758620689655
3146,1967,1,1,0.9991526274612388,20,660,83,743,0.7395677701764043,0.6482758620689655
3147,1980,1,0,0.03440034597456007,20,661,83,744,0.7395677701764043,0.6482758620689655
3148,1992,1,0,0.25049416652587,20,662,83,745,0.7395677701764043,0.6482758620689655
3149,2055,1,1,0.9969474177137955,21,662,83,745,0.7395677701764043,0.6482758620689655
3150,2120,1,1,0.9758845511934015,21,662,83,745,0.7443568726355612,0.6551724137931034
3151,2165,1,1,0.883848714665115,21,662,83,745,0.7491310072416063,0.6620689655172414
3152,2169,1,0,0.2539049517528551,21,663,83,746,0.7491310072416063,0.6620689655172414
3153,2181,1,1,0.8862386055225021,21,663,83,746,0.7538908246225319,0.6689655172413793
3154,2227,1,0,0.43137899719163847,21,664,83,747,0.7538908246225319,0.6689655172413793
3155,2276,1,0,0.36618148615826296,21,665,83,748,0.7491310072416063,0.6620689655172414
3156,2279,1,1,0.9857027173214633,21,665,83,748,0.7538908246225319,0.6689655172413793
3157,2312,1,1,0.9992899508409638,21,665,83,748,0.7538908246225319,0.6689655172413793
3158,2315,1,1,0.5073673379651618,21,665,83,748,0.7586369770580298,0.6758620689655173
3159,2356,1,0,0.35361492209657214,21,666,83,749,0.7538908246225319,0.6689655172413793
3160,2374,1,1,0.9348942846269088,21,666,83,749,0.7586369770580298,0.6758620689655173
3161,2410,1,1,0.9718232064291112,21,666,83,749,0.7633701188455008,0.6827586206896552
3162,2512,0,0,0.008759229379806536,21,666,83,749,0.767492789288455,0.6875
3163,2518,0,0,0.07383114115379341,21,666,83,749,0.7669032258064515,0.6853146853146853
3164,2628,0,0,0.00374953932620129,21,666,83,749,0.7710970996216898,0.6901408450704225
3165,2763,0,0,0.00032914197320974773,21,666,83,749,0.7753298733978139,0.6950354609929078
3166,2804,0,0,0.035794709610169916,21,666,83,749,0.7748062318954044,0.6928571428571428
3167,2812,0,0,0.01645140094648297,21,666,83,749,0.7791041666666666,0.697841726618705
3168,2845,0,0,0.0004813881938722976,21,666,83,749,0.7834377192754489,0.7028985507246377
3169,2887,0,0,4.149213576546962e-05,21,666,83,749,0.7829735186767104,0.7007299270072993
3170,3351,0,0,0.00025066781989308186,21,666,83,749,0.7873666804464655,0.7058823529411765
3171,3396,0,0,0.0004247235824259721,21,666,83,749,0.7917923920051579,0.7111111111111111
3172,3404,0,0,0.00015736112908614356,21,666,83,749,0.7913818714502325,0.7089552238805971
3173,3507,0,0,0.00011115493389364032,21,666,83,749,0.7958620689655171,0.7142857142857143
3174,3594,0,0,0.00163589478582782,21,666,83,749,0.8003719357565511,0.7196969696969697
3175,3695,0,0,0.032962262764757534,21,666,83,749,0.8000099593963074,0.7175572519083969
3176,3917,0,0,0.0005254831567952505,21,666,83,749,0.7996511420641186,0.7153846153846154
3177,3960,0,0,0.0013421462599543822,21,666,83,749,0.7992952380952382,0.7131782945736435
3178,4002,0,0,0.0009894092388247882,21,666,83,749,0.8038961038961038,0.71875
3179,4015,0,0,0.16201221326246767,21,666,83,749,0.8085224595272479,0.7244094488188977
3180,4437,0,0,0.0008735320919630883,21,666,83,749,0.8082090042721,0.7222222222222222
3181,4598,0,0,0.0004411930083924941,21,666,83,749,0.8128787878787879,0.728
3182,4713,0,0,0.0007990668352156701,21,666,83,749,0.8175715835414615,0.7338709677419355
3183,4773,0,0,0.00043273010578001353,21,666,83,749,0.8222865208186309,0.7398373983739838
3184,4851,0,0,0.232814036823859,21,666,83,749,0.8220289855072465,0.7377049180327869
3185,4948,0,0,0.0005424212544154937,21,666,83,749,0.826781898177247,0.743801652892562
3186,4978,0,0,0.0014562666760970329,21,666,83,749,0.8315546176263692,0.75
3187,6,1,1,0.6408774033447122,21,666,83,749,0.8365556253928347,0.7583333333333333
3188,36,1,0,0.24302151832355756,21,667,83,750,0.8365556253928347,0.7583333333333333
3189,45,1,0,0.20691806234034651,21,668,83,751,0.8365556253928347,0.7583333333333333
3190,52,1,1,0.9994159076936533,21,668,83,751,0.8365556253928347,0.7583333333333333
3191,102,1,1,0.6853438360176156,21,668,83,751,0.8415458937198068,0.7666666666666667
3192,163,1,1,0.9819522557615774,21,668,83,751,0.8465261514441842,0.775
3193,175,1,0,0.17786593293963182,21,669,83,752,0.8415458937198068,0.7666666666666667
3194,197,1,1,0.854526348407121,21,669,83,752,0.8415458937198068,0.7666666666666667
3195,200,1,0,0.2116540959419427,21,670,83,753,0.8415458937198068,0.7666666666666667
3196,254,1,0,0.022828767900690043,21,671,83,754,0.8415458937198068,0.7666666666666667
3197,257,1,0,0.4783228672459776,21,672,83,755,0.8365556253928347,0.7583333333333333
3198,274,1,0,0.05077745774909798,21,673,83,756,0.8365556253928347,0.7583333333333333
3199,276,1,0,0.00785907165646455,21,674,83,757,0.8365556253928347,0.7583333333333333
3200,326,1,1,0.6995922671070881,21,674,83,757,0.8367658835083478,0.7603305785123967
3201,337,1,1,0.8647620101636913,21,674,83,757,0.8369772194051314,0.7622950819672131
3202,348,1,0,0.047524691076137514,21,675,83,758,0.8322323232323232,0.7560975609756098
3203,363,1,1,0.9499489010090666,21,675,83,758,0.8324607753821237,0.7580645161290323
3204,466,1,1,0.8883474853362624,21,675,83,758,0.8326907467532467,0.76
3205,556,1,1,0.8631368996285249,21,675,83,758,0.8329223883633403,0.7619047619047619
3206,569,1,1,0.9838486827469517,21,675,83,758,0.833155854753162,0.7637795275590551
3207,581,1,0,0.4440485208456084,21,676,83,759,0.8284991955872212,0.7578125
3208,605,1,0,0.005338628734684835,21,677,83,760,0.8238670076726342,0.751937984496124
3209,641,1,1,0.9846814248309257,21,677,83,760,0.8241379310344829,0.7538461538461538
3210,686,1,0,0.008123649926349069,21,678,83,761,0.8195499987150163,0.7480916030534351
3211,718,1,1,0.9960338130496516,21,678,83,761,0.8198426821405544,0.75
3212,735,1,0,0.14433572688295018,21,679,83,762,0.8153017775940471,0.7443609022556391
3213,758,1,0,0.3812060011363509,21,680,83,763,0.810789780228314,0.7388059701492538
3214,785,1,1,0.9822728325217513,21,680,83,763,0.8111268484108214,0.7407407407407407
3215,792,1,1,0.9767450354860073,21,680,83,763,0.8163333333333332,0.7426470588235294
3216,793,1,1,0.9256116961922808,21,680,83,763,0.8166785228580394,0.7445255474452555
3217,833,1,1,0.5097943744351313,21,680,83,763,0.8170281630937368,0.7463768115942029
3218,869,1,0,0.24647022874028102,21,681,83,764,0.8126254114549044,0.7410071942446043
3219,890,1,1,0.9555821957662087,21,681,83,764,0.8130030959752321,0.7428571428571429
3220,892,1,1,0.6225350136501567,21,681,83,764,0.8133862602728796,0.7446808510638298
3221,894,1,0,0.4751040372874633,21,682,83,765,0.8090666666666667,0.7394366197183099
3222,922,1,0,0.16771556235932278,21,683,83,766,0.8096,0.7342657342657343
3223,939,1,1,0.7170702073386447,21,683,83,766,0.81003861003861,0.7361111111111112
3224,942,1,0,0.11133589919779828,21,684,83,767,0.8058092011508161,0.7310344827586207
3225,955,1,0,0.017781098078105868,21,685,83,768,0.8016201057059648,0.726027397260274
3226,973,1,1,0.9983926916911637,21,685,83,768,0.8021223958333334,0.7278911564625851
3227,997,1,0,0.00040052121377640194,21,686,83,769,0.7980049522461974,0.722972972972973
3228,1034,1,0,0.09604881954609262,21,687,83,770,0.7939316519270663,0.7181208053691275
3229,1039,1,1,0.9628512316960055,21,687,83,770,0.7945054945054946,0.72
3230,1045,1,1,0.9794044916169807,21,687,83,770,0.7950901648412436,0.7218543046357616
3231,1105,1,1,0.9863492449866345,21,687,83,770,0.7956862745098039,0.7236842105263158
3232,1189,1,1,0.9979815016817853,21,687,83,770,0.7962944675120638,0.7254901960784313
3233,1192,1,0,0.11463571793593269,21,688,83,771,0.7924051702289431,0.7207792207792207
3234,1204,1,0,0.3123236308636254,21,689,83,772,0.7885685210312076,0.7161290322580646
3235,1247,1,0,0.007298997057425966,21,690,83,773,0.7847861744090355,0.7115384615384616
3236,1248,1,0,0.002905434808311655,21,691,83,774,0.781059829059829,0.7070063694267515
3237,1276,1,1,0.9303729502587672,21,691,83,774,0.7818382352941177,0.7088607594936709
3238,1283,1,1,0.6647487953075744,21,691,83,774,0.7826346889120611,0.710691823899371
3239,1358,1,0,0.2056538967180398,21,692,83,775,0.7790545454545454,0.70625
3240,1370,1,1,0.8125177172311626,21,692,83,775,0.7799163511490711,0.7080745341614907
3241,1432,1,1,0.9832094783575425,21,692,83,775,0.7853897865314307,0.7098765432098766
3242,1443,1,1,0.7585281158792231,21,692,83,775,0.7862857142857144,0.7116564417177914
3243,1493,1,1,0.98560177531054,21,692,83,775,0.7917545381141781,0.7134146341463414
3244,1534,1,0,0.49424748439540844,21,693,83,776,0.7883880274071403,0.7090909090909091
3245,1554,1,1,0.9834372308119725,21,693,83,776,0.7893734822729479,0.7108433734939759
3246,1570,1,1,0.9585526940839316,21,693,83,776,0.7903864556496135,0.7125748502994012
3247,1609,1,1,0.9992538068796168,21,693,83,776,0.7914285714285714,0.7142857142857143
3248,1641,1,1,0.7460107688668817,21,693,83,776,0.7925015673981192,0.7159763313609467
3249,1711,1,1,0.9986369001271199,21,693,83,776,0.793607305936073,0.7176470588235294
3250,1750,1,0,0.2356169465301452,21,694,83,777,0.7906117827182545,0.7134502923976608
3251,1757,1,1,0.677682802260978,21,694,83,777,0.791819209039548,0.7151162790697675
3252,1788,1,0,0.004560487197472214,21,695,83,778,0.788981288981289,0.7109826589595376
3253,1816,1,1,0.9836928411764162,21,695,83,778,0.7903013554415054,0.7126436781609196
3254,1825,1,1,0.9688210277318942,21,695,83,778,0.7916666666666667,0.7142857142857143
3255,1856,1,0,0.11618944539990328,21,696,83,779,0.7916666666666667,0.7142857142857143
3256,1860,1,1,0.9985552702153514,21,696,83,779,0.7956894526661968,0.72
3257,1867,1,0,0.22835878677444493,21,697,83,780,0.7916666666666667,0.7142857142857143
3258,1962,1,1,0.9986323704669346,21,697,83,780,0.7916666666666667,0.7142857142857143
3259,1972,1,0,0.35009685479909686,21,698,83,781,0.7876336964800159,0.7085714285714285
3260,1981,1,0,0.045743953334283306,21,699,83,782,0.7876336964800159,0.7085714285714285
3261,1985,1,0,0.0799351737269637,21,700,83,783,0.7835899460455323,0.7028571428571428
3262,2017,1,1,0.9714026972964385,21,700,83,783,0.7835899460455323,0.7028571428571428
3263,2062,1,1,0.9499489008867655,21,700,83,783,0.7876336964800159,0.7085714285714285
3264,2089,1,0,0.08072656437732854,21,701,83,784,0.7835899460455323,0.7028571428571428
3265,2093,1,1,0.8631369051471424,21,701,83,784,0.7835899460455323,0.7028571428571428
3266,2137,1,0,0.36165455193924234,21,702,83,785,0.7835899460455323,0.7028571428571428
3267,2152,1,0,0.24952927269344446,21,703,83,786,0.7795348305057043,0.6971428571428572
3268,2249,1,0,0.3259166489391627,21,704,83,787,0.7795348305057043,0.6971428571428572
3269,2261,1,0,0.040493672756394185,21,705,83,788,0.7795348305057043,0.6971428571428572
3270,2295,1,1,0.6608070246320499,21,705,83,788,0.7795348305057043,0.6971428571428572
3271,2297,1,1,0.9204652289749808,21,705,83,788,0.7795348305057043,0.6971428571428572
3272,2339,1,1,0.7603180145395287,21,705,83,788,0.7835899460455323,0.7028571428571428
3273,2348,1,0,0.09021218982271148,21,706,83,789,0.7795348305057043,0.6971428571428572
3274,2351,1,0,0.062376784256878384,21,707,83,790,0.7754677754677755,0.6914285714285714
3275,2366,1,0,0.013227032610547472,21,708,83,791,0.7713882163034705,0.6857142857142857
3276,2376,1,0,0.15619344422302414,21,709,83,792,0.7672955974842768,0.68
3277,2388,1,1,0.9360012581167912,21,709,83,792,0.7672955974842768,0.68
3278,2412,1,0,0.09411706992443081,21,710,83,793,0.763189371949858,0.6742857142857143
3279,2416,1,1,0.9234706340710979,21,710,83,793,0.763189371949858,0.6742857142857143
3280,2432,1,1,0.9980546755398727,21,710,83,793,0.763189371949858,0.6742857142857143
3281,2443,1,0,0.0595314025645924,21,711,83,794,0.7590690005073567,0.6685714285714286
3282,2461,1,0,0.04201264786681147,21,712,83,795,0.7549339512594976,0.6628571428571428
3283,2483,1,0,0.18212230684845152,21,713,83,796,0.7507836990595612,0.6571428571428571
3284,30,1,0,0.34124639194389567,21,714,83,797,0.7507836990595612,0.6571428571428571
3285,35,1,1,0.9955225345857782,21,714,83,797,0.7507836990595612,0.6571428571428571
3286,50,1,1,0.9931102462586974,21,714,83,797,0.7507836990595612,0.6571428571428571
3287,75,1,0,0.11094488095741817,21,715,83,798,0.7466177249914274,0.6514285714285715
3288,129,1,1,0.9980130998170815,21,715,83,798,0.7507836990595612,0.6571428571428571
3289,141,1,1,0.9679854491127082,21,715,83,798,0.7507836990595612,0.6571428571428571
3290,198,1,1,0.8543679363359741,21,715,83,798,0.7549339512594976,0.6628571428571428
3291,202,1,0,0.09694950599422143,21,716,83,799,0.7549339512594976,0.6628571428571428
3292,271,1,1,0.7505827597289906,21,716,83,799,0.7549339512594976,0.6628571428571428
3293,331,1,1,0.7937935418017573,21,716,83,799,0.7549339512594976,0.6628571428571428
3294,342,1,1,0.9906531323788854,21,716,83,799,0.7549339512594976,0.6628571428571428
3295,360,1,1,0.756000882349792,21,716,83,799,0.7549339512594976,0.6628571428571428
3296,372,1,0,0.13689974922197962,21,717,83,800,0.7507836990595612,0.6571428571428571
3297,412,1,0,0.12134055086938983,21,718,83,801,0.7466177249914274,0.6514285714285715
3298,429,1,0,0.4503910521418028,21,719,83,802,0.7424355158730158,0.6457142857142857
3299,494,1,1,0.6477414925977896,22,719,83,802,0.7424355158730158,0.6457142857142857
3300,499,1,0,0.0010936215911737835,22,720,83,803,0.738236563781567,0.64
3301,503,1,1,0.9928886640456918,22,720,83,803,0.738236563781567,0.64
3302,594,1,0,0.40733812892920657,22,721,83,804,0.734020365599313,0.6342857142857142
3303,620,1,1,0.7538392860041401,22,721,83,804,0.734020365599313,0.6342857142857142
3304,660,1,0,0.027185062685079846,22,722,83,805,0.7297864225781846,0.6285714285714286
3305,662,1,0,0.023704748359342012,22,723,83,806,0.7255342399222924,0.6228571428571429
3306,673,1,1,0.9932805564237333,22,723,83,806,0.7255342399222924,0.6228571428571429
3307,682,1,1,0.7602530497072065,22,723,83,806,0.7297864225781846,0.6285714285714286
3308,702,1,1,0.8180008926826923,22,723,83,806,0.7297864225781846,0.6285714285714286
3309,708,1,0,0.1857519098681636,22,724,83,807,0.7297864225781846,0.6285714285714286
3310,722,1,0,0.2741056634956743,22,725,83,808,0.7255342399222924,0.6228571428571429
3311,741,1,1,0.9596141705180455,22,725,83,808,0.7255342399222924,0.6228571428571429
3312,749,1,1,0.6995922592956494,22,725,83,808,0.7255342399222924,0.6228571428571429
3313,789,1,0,0.28450189417622984,22,726,83,809,0.7212633263870013,0.6171428571428571
3314,840,1,1,0.9448806829122702,22,726,83,809,0.7212633263870013,0.6171428571428571
3315,874,1,1,0.513136635410389,22,726,83,809,0.7212633263870013,0.6171428571428571
3316,896,1,1,0.9836492085627739,22,726,83,809,0.7212633263870013,0.6171428571428571
3317,946,1,1,0.999934811017579,22,726,83,809,0.7212633263870013,0.6171428571428571
3318,947,1,1,0.7143141371736764,22,726,83,809,0.7212633263870013,0.6171428571428571
3319,952,1,1,0.7682367816498962,22,726,83,809,0.7212633263870013,0.6171428571428571
3320,972,1,1,0.9729575609439816,22,726,83,809,0.7212633263870013,0.6171428571428571
3321,991,1,1,0.7505686572628103,22,726,83,809,0.7212633263870013,0.6171428571428571
3322,1013,1,0,0.19864538584632022,22,727,83,810,0.7169731938934969,0.6114285714285714
3323,1069,1,1,0.6024445916398978,22,727,83,810,0.7169731938934969,0.6114285714285714
3324,1076,1,1,0.8549077431855313,22,727,83,810,0.7169731938934969,0.6114285714285714
3325,1100,1,0,0.010950520575612983,22,728,83,811,0.7126633571578098,0.6057142857142858
3326,1118,1,1,0.9703146643231336,22,728,83,811,0.7126633571578098,0.6057142857142858
3327,1121,1,1,0.7314605961669202,22,728,83,811,0.7126633571578098,0.6057142857142858
3328,1133,1,1,0.951284420499976,22,728,83,811,0.7126633571578098,0.6057142857142858
3329,1146,1,1,0.7587484196655018,22,728,83,811,0.7126633571578098,0.6057142857142858
3330,1147,1,0,0.1947545181540548,22,729,83,812,0.7083333333333333,0.6
3331,1210,1,1,0.9635468716207733,22,729,83,812,0.7083333333333333,0.6
3332,1211,1,0,0.4374377182504463,22,730,83,813,0.7039826416659261,0.5942857142857143
3333,1220,1,1,0.6707968743467231,22,730,83,813,0.7039826416659261,0.5942857142857143
3334,1304,1,0,0.10574707477878396,22,731,83,814,0.69961080316075,0.5885714285714285
3335,1325,1,1,0.9649452596022775,22,731,83,814,0.69961080316075,0.5885714285714285
3336,1346,1,1,0.5861953755575259,22,731,83,814,0.69961080316075,0.5885714285714285
3337,1385,1,1,0.9847554178747782,22,731,83,814,0.69961080316075,0.5885714285714285
3338,1401,1,1,0.8952315667353758,22,731,83,814,0.69961080316075,0.5885714285714285
3339,1411,1,0,0.15977947563944847,22,732,83,815,0.6952173402600452,0.5828571428571429
3340,1453,1,0,0.0329310033589452,22,733,83,816,0.6908017765310893,0.5771428571428572
3341,1480,1,1,0.517908830013285,22,733,83,816,0.6952173402600452,0.5828571428571429
3342,1491,1,0,0.08320225766513134,22,734,83,817,0.6908017765310893,0.5771428571428572
3343,1565,1,0,0.0791118961219054,22,735,83,818,0.6863636363636364,0.5714285714285714
3344,1568,1,1,0.9850897814283661,22,735,83,818,0.6863636363636364,0.5714285714285714
3345,1571,1,1,0.998955624843283,22,735,83,818,0.6863636363636364,0.5714285714285714
3346,1578,1,0,0.020501389703157454,22,736,83,819,0.6819024446761673,0.5657142857142857
3347,1614,1,1,0.9730246206286991,22,736,83,819,0.6863636363636364,0.5714285714285714
3348,1669,1,1,0.9934931182305452,22,736,83,819,0.6908017765310893,0.5771428571428572
3349,1679,1,0,0.3422955256205791,22,737,83,820,0.6863636363636364,0.5714285714285714
3350,1793,1,0,0.15491288194430927,22,738,83,821,0.6819024446761673,0.5657142857142857
3351,1847,1,1,0.8966885583350239,22,738,83,821,0.6819024446761673,0.5657142857142857
3352,1863,1,0,0.27622450685971534,22,739,83,822,0.6819024446761673,0.5657142857142857
3353,1883,1,1,0.7539885213819024,22,739,83,822,0.6819024446761673,0.5657142857142857
3354,1887,1,1,0.9715361173212663,22,739,83,822,0.6863636363636364,0.5714285714285714
3355,1943,1,1,0.9902130230850755,22,739,83,822,0.6908017765310893,0.5771428571428572
3356,1953,1,1,0.5844109223830555,22,739,83,822,0.6908017765310893,0.5771428571428572
3357,1954,1,0,0.29276935723658826,22,740,83,823,0.6863636363636364,0.5714285714285714
3358,1960,1,1,0.5297808028535533,22,740,83,823,0.6863636363636364,0.5714285714285714
3359,1968,1,1,0.769591468632122,22,740,83,823,0.6908017765310893,0.5771428571428572
3360,1983,1,1,0.8436505116907498,22,740,83,823,0.6908017765310893,0.5771428571428572
3361,2008,1,1,0.9988820765136585,22,740,83,823,0.6908017765310893,0.5771428571428572
3362,2010,1,0,0.023384513429943736,22,741,83,824,0.6885621202782426,0.5738636363636364
3363,2037,1,1,0.51876515110871,22,741,83,824,0.6908157824580112,0.576271186440678
3364,2038,1,1,0.8826939590030599,22,741,83,824,0.6931277849217978,0.5786516853932584
3365,2054,1,0,0.2318985556777779,22,742,83,825,0.691167207597067,0.5754189944134078
3366,2092,1,1,0.567977824942926,22,742,83,825,0.6936376881981545,0.5777777777777777
3367,2140,1,1,0.9356002028325557,22,742,83,825,0.6961771561771561,0.580110497237569
3368,2143,1,1,0.7241104472495155,22,742,83,825,0.6987896825396825,0.5824175824175825
3369,2168,1,0,0.021342026937938487,22,743,83,826,0.6972471087003959,0.5792349726775956
3370,2178,1,1,0.9988135073468926,22,743,83,826,0.7000498124152716,0.5815217391304348
3371,2190,1,0,5.7849033055205235e-05,22,744,83,827,0.6987442922374428,0.5783783783783784
3372,2191,1,0,0.3231346785252595,22,745,83,828,0.6975669037670251,0.5752688172043011
3373,2210,1,1,0.9985456600856497,22,745,83,828,0.7007054075867635,0.5775401069518716
3374,2218,1,0,0.019266865943090794,22,746,83,829,0.6997920997920999,0.574468085106383
3375,2269,1,1,0.9358334750830084,22,746,83,829,0.703171469930254,0.5767195767195767
3376,2338,1,1,0.864891663431828,22,746,83,829,0.7066666666666666,0.5789473684210527
3377,2353,1,0,0.4950154248527911,22,747,83,830,0.7061884627000906,0.5759162303664922
3378,2379,1,0,0.4989965766785265,22,748,83,831,0.7058683605892688,0.5729166666666666
3379,2389,1,1,0.9958008237090241,22,748,83,831,0.7098081140350878,0.5751295336787565
3380,2399,1,0,0.003472778224903694,22,749,83,832,0.7098222605694565,0.5721649484536082
3381,2408,1,1,0.9917860653547093,22,749,83,832,0.7140888235088088,0.5743589743589743
3382,2441,1,0,0.047716002341532636,22,750,83,833,0.7144664031620555,0.5714285714285714
3383,2459,1,1,0.9873288750250186,22,750,83,833,0.7190967741935483,0.5736040609137056
3384,2469,1,1,0.8138716258804842,22,750,83,833,0.7239160839160839,0.5757575757575758
3385,2485,1,0,0.3935695555920535,22,751,83,834,0.7249072747971063,0.5728643216080402
3386,2491,1,1,0.9141122259326129,22,751,83,834,0.7301587301587301,0.575
3387,3,1,0,0.16089608314035847,22,752,83,835,0.7261146496815286,0.57
3388,108,1,1,0.9886553230885092,22,752,83,835,0.7301587301587301,0.575
3389,147,1,0,0.0009122430038540667,22,753,83,836,0.7301587301587301,0.575
3390,153,1,0,0.2881986903606304,22,754,83,837,0.7261146496815286,0.57
3391,170,1,0,0.12680154434629573,22,755,83,838,0.7220447284345048,0.565
3392,177,1,1,0.9998724014559812,22,755,83,838,0.7220447284345048,0.565
3393,201,1,0,0.14391350997672894,22,756,83,839,0.7220447284345048,0.565
3394,232,1,0,0.3821355958774552,22,757,83,840,0.717948717948718,0.56
3395,281,1,0,0.011651689424393612,22,758,83,841,0.717948717948718,0.56
3396,344,1,1,0.6576050295383649,22,758,83,841,0.7220447284345048,0.565
3397,351,1,0,0.2898675083222043,22,759,83,842,0.7220447284345048,0.565
3398,366,1,1,0.9656081145079991,22,759,83,842,0.7261146496815286,0.57
3399,421,1,1,0.9788569299700546,22,759,83,842,0.7301587301587301,0.575
3400,470,1,0,0.07632203721197928,22,760,83,843,0.7261146496815286,0.57
3401,491,1,0,0.2315329069590842,22,761,83,844,0.7220447284345048,0.565
3402,590,1,1,0.9697128410943268,22,761,83,844,0.7261146496815286,0.57
3403,679,1,0,0.025676459292179852,22,762,83,845,0.7220447284345048,0.565
3404,705,1,1,0.5358963727274493,22,762,83,845,0.7220447284345048,0.565
3405,709,1,0,0.28660146467175,22,763,83,846,0.717948717948718,0.56
3406,724,1,1,0.9996623318871646,22,763,83,846,0.717948717948718,0.56
3407,725,1,0,0.12201117116546374,22,764,83,847,0.717948717948718,0.56
3408,729,1,1,0.5358962218499106,22,764,83,847,0.7220447284345048,0.565
3409,770,1,1,0.9132284914355482,22,764,83,847,0.7220447284345048,0.565
3410,777,1,1,0.5105085827634119,22,764,83,847,0.7261146496815286,0.57
3411,813,1,1,0.9762073891307196,22,764,83,847,0.7261146496815286,0.57
3412,841,1,0,0.19059481422021274,22,765,83,848,0.7261146496815286,0.57
3413,926,1,1,0.9863808134834441,22,765,83,848,0.7301587301587301,0.575
3414,983,1,1,0.9467209141595562,22,765,83,848,0.7301587301587301,0.575
3415,1015,1,0,0.3782753274791384,22,766,83,849,0.7261146496815286,0.57
3416,1040,1,0,0.4068947638133637,22,767,83,850,0.7220447284345048,0.565
3417,1043,1,0,0.05467944005526064,22,768,83,851,0.717948717948718,0.56
3418,1059,1,1,0.9998428750202379,22,768,83,851,0.7220447284345048,0.565
3419,1071,1,0,0.4068947635071605,22,769,83,852,0.717948717948718,0.56
3420,1077,1,0,0.023191322679438003,22,770,83,853,0.7138263665594855,0.555
3421,1101,1,1,0.8821327823306354,22,770,83,853,0.717948717948718,0.56
3422,1123,1,1,0.984882424167899,22,770,83,853,0.7220447284345048,0.565
3423,1138,1,1,0.677809383777732,22,770,83,853,0.7220447284345048,0.565
3424,1176,1,1,0.992575170991098,22,770,83,853,0.7261146496815286,0.57
3425,1193,1,0,0.013913354882728596,22,771,83,854,0.7261146496815286,0.57
3426,1197,1,1,0.5871719980961912,22,771,83,854,0.7261146496815286,0.57
3427,1256,1,1,0.9785171369370382,22,771,83,854,0.7301587301587301,0.575
3428,1259,1,1,0.829023597176929,22,771,83,854,0.7341772151898734,0.58
3429,1262,1,0,0.04666143062372135,22,772,83,855,0.7301587301587301,0.575
3430,1285,1,0,0.1824796463844032,22,773,83,856,0.7261146496815286,0.57
3431,1303,1,0,0.09777836755825234,22,774,83,857,0.7220447284345048,0.565
3432,1356,1,0,0.02629934771631656,22,775,83,858,0.717948717948718,0.56
3433,1361,1,0,0.32900083892215604,22,776,83,859,0.717948717948718,0.56
3434,1372,1,0,0.03335234858711578,22,777,83,860,0.717948717948718,0.56
3435,1410,1,0,0.06950309192716753,22,778,83,861,0.717948717948718,0.56
3436,1423,1,0,0.2739906282610648,22,779,83,862,0.717948717948718,0.56
3437,1431,1,0,0.2617364894879968,22,780,83,863,0.7138263665594855,0.555
3438,1447,1,1,0.8974006073723388,22,780,83,863,0.7138263665594855,0.555
3439,1458,1,0,0.00876861704276466,22,781,83,864,0.7138263665594855,0.555
3440,1481,1,0,0.0482677255066944,22,782,83,865,0.7096774193548387,0.55
3441,1505,1,0,0.20436597369803922,22,783,83,866,0.7055016181229773,0.545
3442,1543,1,0,0.407163615964096,22,784,83,867,0.7012987012987013,0.54
3443,1561,1,0,0.030257212152099932,22,785,83,868,0.6970684039087948,0.535
3444,1562,1,1,0.9998040556271683,22,785,83,868,0.7012987012987013,0.54
3445,1564,1,0,0.07250419370854798,22,786,83,869,0.6970684039087948,0.535
3446,1574,1,1,0.5638954036288159,22,786,83,869,0.6970684039087948,0.535
3447,1590,1,1,0.9674459117143339,22,786,83,869,0.6970684039087948,0.535
3448,1624,1,0,0.2397294926811872,22,787,83,870,0.6928104575163399,0.53
3449,1630,1,0,0.43063552278002015,23,788,83,871,0.6885245901639344,0.525
3450,1639,1,1,0.7054526234663101,23,788,83,871,0.6928104575163399,0.53
3451,1644,1,0,0.06862426588264532,23,789,83,872,0.6885245901639344,0.525
3452,1645,1,0,0.3141872149714435,23,790,83,873,0.6885245901639344,0.525
3453,1698,1,0,0.13866806126425008,23,791,83,874,0.6842105263157895,0.52
3454,1712,1,1,0.9353793538951377,23,791,83,874,0.6842105263157895,0.52
3455,1726,1,1,0.9824445474880166,23,791,83,874,0.6885245901639344,0.525
3456,1760,1,0,0.4010870902791646,23,792,83,875,0.6842105263157895,0.52
3457,1762,1,1,0.5285266291062296,23,792,83,875,0.6885245901639344,0.525
3458,1808,1,0,0.1294972307413633,23,793,83,876,0.6842105263157895,0.52
3459,1809,1,0,0.04861948864655424,23,794,83,877,0.6842105263157895,0.52
3460,1839,1,1,0.987199958675472,23,794,83,877,0.6885245901639344,0.525
3461,1868,1,0,0.25860629186996914,23,795,83,878,0.6885245901639344,0.525
3462,1894,1,1,0.9794181590061394,23,795,83,878,0.6885245901639344,0.525
3463,1899,1,0,0.0495158589321053,23,796,83,879,0.6842105263157895,0.52
3464,1925,1,1,0.9844907645453083,23,796,83,879,0.6885245901639344,0.525
3465,1938,1,0,0.032223042793877284,23,797,83,880,0.6842105263157895,0.52
3466,2073,1,0,0.011651689423843498,23,798,83,881,0.6842105263157895,0.52
3467,2097,1,1,0.8680440682457135,23,798,83,881,0.6885245901639344,0.525
3468,2103,1,0,0.28920280060691594,23,799,83,882,0.6885245901639344,0.525
3469,2110,1,0,0.20452321301813506,23,800,83,883,0.6885245901639344,0.525
3470,2132,1,1,0.7445762051496955,23,800,83,883,0.6885245901639344,0.525
3471,2158,1,0,0.14316226842947707,23,801,83,884,0.6842105263157895,0.52
3472,2184,1,0,0.009443146561728821,23,802,83,885,0.6798679867986799,0.515
3473,2235,1,0,0.049462077711369554,23,803,83,886,0.6798679867986799,0.515
3474,2256,1,1,0.9816633169196115,23,803,83,886,0.6842105263157895,0.52
3475,2277,1,0,0.45759334977059135,23,804,83,887,0.6842105263157895,0.52
3476,2375,1,0,0.04951585448673025,23,805,83,888,0.6842105263157895,0.52
3477,2381,1,1,0.9671637351764334,23,805,83,888,0.6842105263157895,0.52
3478,2382,1,1,0.8876670270801265,23,805,83,888,0.6885245901639344,0.525
3479,2435,1,1,0.8876670270801265,23,805,83,888,0.6885245901639344,0.525
3480,2479,1,1,0.8169548838046831,23,805,83,888,0.6885245901639344,0.525
3481,25,1,1,0.6351933772170237,23,805,83,888,0.6928104575163399,0.53
3482,77,1,1,0.9744373758738968,23,805,83,888,0.6970684039087948,0.535
3483,80,1,0,0.32750964395169274,23,806,83,889,0.6970684039087948,0.535
3484,135,1,0,0.13383217530051167,23,807,83,890,0.6970684039087948,0.535
3485,178,1,1,0.5285267500393059,23,807,83,890,0.6970684039087948,0.535
3486,216,1,0,0.259206604756083,23,808,83,891,0.6928104575163399,0.53
3487,244,1,0,0.22802068861317695,23,809,83,892,0.6928104575163399,0.53
3488,264,1,1,0.8326322076091238,23,809,83,892,0.6928104575163399,0.53
3489,266,1,0,0.10254535994843347,23,810,83,893,0.6885245901639344,0.525
3490,339,1,1,0.7464167261546036,23,810,83,893,0.6885245901639344,0.525
3491,371,1,1,0.9649196948789085,23,810,83,893,0.6928104575163399,0.53
3492,378,1,1,0.7389357951167157,23,810,83,893,0.6928104575163399,0.53
3493,512,1,0,0.11945153410946482,23,811,83,894,0.6885245901639344,0.525
3494,548,1,1,0.9228933825426947,23,811,83,894,0.6885245901639344,0.525
3495,554,1,1,0.8316184261989478,23,811,83,894,0.6885245901639344,0.525
3496,579,1,1,0.7752903256328382,23,811,83,894,0.6928104575163399,0.53
3497,639,1,1,0.9477751616908582,23,811,83,894,0.6970684039087948,0.535
3498,652,1,1,0.6505582961262806,23,811,83,894,0.7012987012987013,0.54
3499,672,1,1,0.9641736636685627,23,811,83,894,0.7012987012987013,0.54
3500,719,1,1,0.7547821191744454,23,811,83,894,0.7055016181229773,0.545
3501,794,1,0,0.07959423122091205,23,812,83,895,0.7012987012987013,0.54
3502,806,1,0,0.0007056863764589991,23,813,83,896,0.7012987012987013,0.54
3503,879,1,1,0.9948164698290743,23,813,83,896,0.7012987012987013,0.54
3504,918,1,0,0.21065474363023243,23,814,83,897,0.7012987012987013,0.54
3505,976,1,0,0.1609015981273911,23,815,83,898,0.7012987012987013,0.54
3506,1173,1,0,0.03374950334733622,23,816,83,899,0.6970684039087948,0.535
3507,1179,1,1,0.7035523603202402,23,816,83,899,0.6970684039087948,0.535
3508,1270,1,1,0.8326321517658716,23,816,83,899,0.6970684039087948,0.535
3509,1286,1,1,0.914625148297799,23,816,83,899,0.7012987012987013,0.54
3510,1289,1,1,0.986269462582625,23,816,83,899,0.7055016181229773,0.545
3511,1296,1,0,0.04631210376724249,23,817,83,900,0.7012987012987013,0.54
3512,1305,1,0,0.1539597673792787,23,818,83,901,0.6970684039087948,0.535
3513,1395,1,1,0.9620033007679109,23,818,83,901,0.7012987012987013,0.54
3514,1398,1,0,0.48653096003822877,23,819,83,902,0.6970684039087948,0.535
3515,1492,1,0,0.1380296230436032,23,820,83,903,0.6928104575163399,0.53
3516,1531,1,0,0.007471472290132286,23,821,83,904,0.6885245901639344,0.525
3517,1633,1,0,0.1087281374344933,23,822,83,905,0.6842105263157895,0.52
3518,1646,1,1,0.9643249926862921,23,822,83,905,0.6842105263157895,0.52
3519,1648,1,0,0.22645263893199083,23,823,83,906,0.6798679867986799,0.515
3520,1723,1,0,0.04091601776481341,23,824,83,907,0.6754966887417219,0.51
3521,1724,1,1,0.8595832685166079,23,824,83,907,0.6754966887417219,0.51
3522,1728,1,0,0.06389308132984005,23,825,83,908,0.6754966887417219,0.51
3523,1741,1,0,0.005269334584649422,23,826,83,909,0.67109634551495,0.505
3524,1772,1,0,0.014617674580600405,23,827,83,910,0.6666666666666665,0.5
3525,1780,1,1,0.9452156043274452,23,827,83,910,0.67109634551495,0.505
3526,1798,1,0,0.003958755567860112,23,828,83,911,0.6666666666666665,0.5
3527,1813,1,1,0.9862668612232361,23,828,83,911,0.6666666666666665,0.5
3528,1846,1,0,0.40238283181421286,23,829,83,912,0.6622073578595318,0.495
3529,1848,1,0,0.002157219036020785,23,830,83,913,0.6577181208053692,0.49
3530,1902,1,0,0.39339103283357524,23,831,83,914,0.6577181208053692,0.49
3531,1924,1,1,0.7414744173396844,23,831,83,914,0.6577181208053692,0.49
3532,1934,1,1,0.7122213386262282,23,831,83,914,0.6622073578595318,0.495
3533,1970,1,0,0.19682152722570875,23,832,83,915,0.6577181208053692,0.49
3534,2049,1,1,0.9764805769299016,23,832,83,915,0.6622073578595318,0.495
3535,2075,1,0,0.09500702463067714,23,833,83,916,0.6577181208053692,0.49
3536,2153,1,0,0.2103403675844776,23,834,83,917,0.6531986531986533,0.485
3537,2163,1,1,0.969773382395035,23,834,83,917,0.6531986531986533,0.485
3538,2207,1,1,0.9836406120748533,23,834,83,917,0.6531986531986533,0.485
3539,2280,1,0,0.00864418289416282,23,835,83,918,0.6531986531986533,0.485
3540,2294,1,0,0.49834129386531945,23,836,83,919,0.6531986531986533,0.485
3541,2321,1,1,0.6265574392084754,23,836,83,919,0.6531986531986533,0.485
3542,2328,1,1,0.5242967265067925,23,836,83,919,0.6577181208053692,0.49
3543,2347,1,1,0.905115941978678,23,836,83,919,0.6622073578595318,0.495
3544,2494,1,1,0.9907301179607265,23,836,83,919,0.6622073578595318,0.495
3545,28,1,1,0.999609746355839,23,836,83,919,0.6622073578595318,0.495
3546,44,1,1,0.9656834298451671,23,836,83,919,0.6666666666666665,0.5
3547,67,1,0,0.1340667180013745,23,837,83,920,0.6622073578595318,0.495
3548,73,1,0,0.2676651354140774,23,838,83,921,0.6577181208053692,0.49
3549,84,1,0,0.1261791896343548,23,839,83,922,0.6577181208053692,0.49
3550,106,1,0,0.13227007740405144,23,840,83,923,0.6577181208053692,0.49
3551,109,1,1,0.9655379540013858,23,840,83,923,0.6577181208053692,0.49
3552,117,1,1,0.7215841023134738,23,840,83,923,0.6622073578595318,0.495
3553,123,1,1,0.8010401886814448,23,840,83,923,0.6622073578595318,0.495
3554,134,1,1,0.5790190129860343,23,840,83,923,0.6622073578595318,0.495
3555,152,1,0,0.1626142866532175,23,841,83,924,0.6577181208053692,0.49
3556,162,1,1,0.9975575793251397,23,841,83,924,0.6577181208053692,0.49
3557,185,1,1,0.990931716698081,23,841,83,924,0.6622073578595318,0.495
3558,210,1,0,0.012671830658482406,23,842,83,925,0.6577181208053692,0.49
3559,214,1,1,0.9210861269967584,23,842,83,925,0.6577181208053692,0.49
3560,245,1,0,0.01507703139730066,23,843,83,926,0.6531986531986533,0.485
3561,258,1,0,0.011917239864977463,23,844,83,927,0.6486486486486487,0.48
3562,261,1,1,0.7046748712387233,23,844,83,927,0.6531986531986533,0.485
3563,270,1,0,0.024453669673525063,23,845,83,928,0.6486486486486487,0.48
3564,291,1,1,0.801748232089278,23,845,83,928,0.6486486486486487,0.48
3565,316,1,0,0.07550678121039617,23,846,83,929,0.6486486486486487,0.48
3566,328,1,1,0.7729795128182743,23,846,83,929,0.6486486486486487,0.48
3567,374,1,1,0.9917718214920674,23,846,83,929,0.6486486486486487,0.48
3568,377,1,1,0.630531893019517,23,846,83,929,0.6486486486486487,0.48
3569,387,1,0,0.004978081270956438,23,847,83,930,0.6486486486486487,0.48
3570,419,1,1,0.852399360981569,23,847,83,930,0.6486486486486487,0.48
3571,457,1,0,0.10212259317204217,23,848,83,931,0.6486486486486487,0.48
3572,472,1,0,0.36750025246096885,23,849,83,932,0.6486486486486487,0.48
3573,492,1,0,0.39100923114596614,23,850,83,933,0.6440677966101694,0.475
3574,498,1,0,0.3883412951382902,23,851,83,934,0.6440677966101694,0.475
3575,507,1,1,0.8256941160232694,23,851,83,934,0.6440677966101694,0.475
3576,514,1,0,0.3951014403875075,23,852,83,935,0.6394557823129252,0.47
3577,530,1,0,0.05124177587947664,23,853,83,936,0.6394557823129252,0.47
3578,533,1,0,0.1397814532224514,23,854,83,937,0.6394557823129252,0.47
3579,561,1,1,0.766245175132547,23,854,83,937,0.6394557823129252,0.47
3580,602,1,0,0.42467150413709254,23,855,83,938,0.6394557823129252,0.47
3581,688,1,1,0.6654303844343975,23,855,83,938,0.6394557823129252,0.47
3582,747,1,0,0.041562729352981706,23,856,83,939,0.6394557823129252,0.47
3583,761,1,1,0.9914742612859145,23,856,83,939,0.6394557823129252,0.47
3584,782,1,1,0.621241808231631,23,856,83,939,0.6394557823129252,0.47
3585,812,1,1,0.8639955936086501,23,856,83,939,0.6440677966101694,0.475
3586,815,1,1,0.8830323649535493,23,856,83,939,0.6440677966101694,0.475
3587,822,1,1,0.5189542895358915,23,856,83,939,0.6486486486486487,0.48
3588,828,1,1,0.9941229564384184,23,856,83,939,0.6486486486486487,0.48
3589,839,1,1,0.8499169032960902,23,856,83,939,0.6531986531986533,0.485
3590,842,1,0,0.2782843492346201,23,857,83,940,0.6531986531986533,0.485
3591,889,1,0,0.026804468305471705,23,858,83,941,0.6531986531986533,0.485
3592,914,1,0,0.22906900039998587,23,859,83,942,0.6486486486486487,0.48
3593,966,1,1,0.9528479681865791,23,859,83,942,0.6531986531986533,0.485
3594,975,1,1,0.9372627933895539,23,859,83,942,0.6577181208053692,0.49
3595,980,1,1,0.5914008696926525,23,859,83,942,0.6622073578595318,0.495
3596,987,1,1,0.944549605842227,23,859,83,942,0.6622073578595318,0.495
3597,1021,1,0,0.2408215478303226,23,860,83,943,0.6622073578595318,0.495
3598,1047,1,1,0.7760106794137784,23,860,83,943,0.6622073578595318,0.495
3599,1062,1,1,0.8017482351138173,24,860,83,943,0.6622073578595318,0.495
3600,1106,1,1,0.9897944338900028,24,860,83,943,0.6666666666666665,0.5
3601,1162,1,1,0.8832937113495184,24,860,83,943,0.67109634551495,0.505
3602,1183,1,0,0.1659659851213014,24,861,83,944,0.6666666666666665,0.5
3603,1214,1,0,0.010395699878681072,24,862,83,945,0.6666666666666665,0.5
3604,1265,1,1,0.5451839154296997,24,862,83,945,0.6666666666666665,0.5
3605,1327,1,1,0.8070088510569648,24,862,83,945,0.67109634551495,0.505
3606,1331,1,1,0.937164138789147,24,862,83,945,0.67109634551495,0.505
3607,1342,1,0,0.27269093242183656,24,863,83,946,0.67109634551495,0.505
3608,1371,1,1,0.7753630438978698,24,863,83,946,0.67109634551495,0.505
3609,1390,1,0,0.059153922382738866,24,864,83,947,0.6666666666666665,0.5
3610,1435,1,0,0.17813763190311172,24,865,83,948,0.6622073578595318,0.495
3611,1465,1,0,0.03147633852210312,24,866,83,949,0.6577181208053692,0.49
3612,1471,1,1,0.9937892837709297,24,866,83,949,0.6622073578595318,0.495
3613,1485,1,0,0.4032219249742404,24,867,83,950,0.6577181208053692,0.49
3614,1490,1,1,0.9571307049865204,24,867,83,950,0.6577181208053692,0.49
3615,1533,1,0,0.09862006836994544,24,868,83,951,0.6577181208053692,0.49
3616,1542,1,1,0.9909824525914819,24,868,83,951,0.6622073578595318,0.495
3617,1566,1,1,0.8721005662674315,24,868,83,951,0.6666666666666665,0.5
3618,1584,1,1,0.9672653687919767,24,868,83,951,0.6666666666666665,0.5
3619,1625,1,0,0.055444112645999764,24,869,83,952,0.6666666666666665,0.5
3620,1649,1,0,0.27117896070551106,24,870,83,953,0.6666666666666665,0.5
3621,1667,1,0,0.06488956912194177,24,871,83,954,0.6622073578595318,0.495
3622,1671,1,0,0.33387011426370106,24,872,83,955,0.6577181208053692,0.49
3623,1718,1,0,0.0037410167800281603,24,873,83,956,0.6531986531986533,0.485
3624,1719,1,1,0.7462133440528251,24,873,83,956,0.6531986531986533,0.485
3625,1721,1,1,0.6192831172786989,24,873,83,956,0.6577181208053692,0.49
3626,1734,1,1,0.6825692633792224,24,873,83,956,0.6577181208053692,0.49
3627,1739,1,1,0.987653447145202,24,873,83,956,0.6577181208053692,0.49
3628,1755,1,1,0.9770497373044936,24,873,83,956,0.6577181208053692,0.49
3629,1764,1,1,0.9436373833669381,24,873,83,956,0.6622073578595318,0.495
3630,1784,1,1,0.9918442690043501,24,873,83,956,0.6666666666666665,0.5
3631,1792,1,1,0.8830321579878623,24,873,83,956,0.67109634551495,0.505
3632,1818,1,1,0.9426647978826899,24,873,83,956,0.6754966887417219,0.51
3633,1835,1,1,0.9934590492456348,24,873,83,956,0.6798679867986799,0.515
3634,1871,1,0,0.022214783807945476,24,874,83,957,0.6798679867986799,0.515
3635,1912,1,0,0.0474463661028846,24,875,83,958,0.6798679867986799,0.515
3636,1916,1,1,0.9758930011374777,24,875,83,958,0.6842105263157895,0.52
3637,1969,1,1,0.6962449219238802,24,875,83,958,0.6885245901639344,0.525
3638,2021,1,1,0.7955124802243873,24,875,83,958,0.6885245901639344,0.525
3639,2034,1,1,0.8982863054637067,24,875,83,958,0.6928104575163399,0.53
3640,2074,1,0,0.012456759321508111,24,876,83,959,0.6928104575163399,0.53
3641,2076,1,0,0.049053652425512274,24,877,83,960,0.6928104575163399,0.53
3642,2078,1,1,0.6506622127576654,24,877,83,960,0.6970684039087948,0.535
3643,2125,1,1,0.8326658303572615,24,877,83,960,0.7012987012987013,0.54
3644,2126,1,0,0.2220480445481777,24,878,83,961,0.6970684039087948,0.535
3645,2130,1,1,0.9614220699416565,24,878,83,961,0.7012987012987013,0.54
3646,2131,1,0,0.4336321848588321,24,879,83,962,0.6970684039087948,0.535
3647,2133,1,1,0.996000765387506,24,879,83,962,0.6970684039087948,0.535
3648,2176,1,1,0.9187585266362475,24,879,83,962,0.7012987012987013,0.54
3649,2180,1,0,0.36000435422132165,24,880,83,963,0.7012987012987013,0.54
3650,2183,1,0,0.4479299507028014,24,881,83,964,0.6970684039087948,0.535
3651,2265,1,1,0.7015238608778798,24,881,83,964,0.7012987012987013,0.54
3652,2397,1,1,0.9377357251678753,24,881,83,964,0.7055016181229773,0.545
3653,2418,1,1,0.767840045000603,24,881,83,964,0.7096774193548387,0.55
3654,2463,1,0,0.05088190538236038,24,882,83,965,0.7055016181229773,0.545
3655,2464,1,0,0.4427599884658783,24,883,83,966,0.7012987012987013,0.54
3656,2472,1,1,0.9699658591832985,24,883,83,966,0.7055016181229773,0.545
3657,2540,0,0,0.003720682536213511,24,883,83,966,0.7001726734615251,0.542713567839196
3658,3114,0,0,0.0017261944474205168,24,883,83,966,0.6992490613266584,0.5454545454545454
3659,3573,0,0,0.2943908463272008,24,883,83,966,0.6985211389128558,0.5482233502538071
3660,3598,0,0,0.0013074499984221464,24,883,83,966,0.6937946990575347,0.5459183673469388
3661,4514,0,0,0.2604475836038657,24,883,83,966,0.6934450601432626,0.5487179487179488
3662,4718,0,0,0.11695022850402072,24,883,83,966,0.6890666666666667,0.5463917525773195
3663,4935,0,1,0.5451942869730895,24,883,84,967,0.6861333333333333,0.5492227979274611
3664,4,1,1,0.9968980997377396,24,883,84,967,0.6861333333333333,0.5492227979274611
3665,27,1,1,0.6459083076041202,24,883,84,967,0.6903221584616933,0.5544041450777202
3666,40,1,1,0.9774892163685047,24,883,84,967,0.694484389782403,0.5595854922279793
3667,46,1,1,0.9401289683290687,24,883,84,967,0.694484389782403,0.5595854922279793
3668,74,1,1,0.8858617024889465,24,883,84,967,0.6986203259501209,0.5647668393782384
3669,88,1,1,0.8914021486608908,24,883,84,967,0.7027302631578948,0.5699481865284974
3670,120,1,0,0.028587297503142525,24,884,84,968,0.6986203259501209,0.5647668393782384
3671,158,1,1,0.8031088017706489,24,884,84,968,0.7027302631578948,0.5699481865284974
3672,171,1,0,0.39317848779239295,24,885,84,969,0.7027302631578948,0.5699481865284974
3673,186,1,0,0.23611393038605175,24,886,84,970,0.7027302631578948,0.5699481865284974
3674,215,1,1,0.97294688160375,24,886,84,970,0.7027302631578948,0.5699481865284974
3675,218,1,1,0.8578523853771277,24,886,84,970,0.7068144952545299,0.5751295336787565
3676,223,1,0,0.025858868871564328,24,887,84,971,0.7068144952545299,0.5751295336787565
3677,269,1,0,0.023033207543134072,24,888,84,972,0.7027302631578948,0.5699481865284974
3678,290,1,1,0.6902626468750795,24,888,84,972,0.7027302631578948,0.5699481865284974
3679,295,1,1,0.997139624622218,24,888,84,972,0.7027302631578948,0.5699481865284974
3680,307,1,1,0.8268985085242466,24,888,84,972,0.7027302631578948,0.5699481865284974
3681,393,1,0,0.2992602995430471,24,889,84,973,0.6986203259501209,0.5647668393782384
3682,402,1,1,0.9520038416336902,24,889,84,973,0.6986203259501209,0.5647668393782384
3683,450,1,1,0.9558083911269496,24,889,84,973,0.7027302631578948,0.5699481865284974
3684,459,1,1,0.5788291408093118,24,889,84,973,0.7068144952545299,0.5751295336787565
3685,497,1,0,0.04047476253366941,24,890,84,974,0.7027302631578948,0.5699481865284974
3686,528,1,1,0.9928901076416007,24,890,84,974,0.7068144952545299,0.5751295336787565
3687,529,1,1,0.6414730197579543,24,890,84,974,0.7108733138645528,0.5803108808290155
3688,532,1,1,0.9209941316345791,24,890,84,974,0.7108733138645528,0.5803108808290155
3689,582,1,1,0.5387902046469759,24,890,84,974,0.7149070085110855,0.5854922279792746
3690,588,1,1,0.7647709567883163,24,890,84,974,0.7149070085110855,0.5854922279792746
3691,623,1,1,0.9688748883369905,24,890,84,974,0.7149070085110855,0.5854922279792746
3692,648,1,1,0.5513344415250989,24,890,84,974,0.7149070085110855,0.5854922279792746
3693,667,1,1,0.9658476810665473,24,890,84,974,0.7189158667419538,0.5906735751295337
3694,694,1,0,0.009089115169087704,24,891,84,975,0.7149070085110855,0.5854922279792746
3695,695,1,0,0.029379435675131033,24,892,84,976,0.7108733138645528,0.5803108808290155
3696,721,1,0,0.04802200755029096,24,893,84,977,0.7068144952545299,0.5751295336787565
3697,737,1,0,0.016507272968113204,24,894,84,978,0.7027302631578948,0.5699481865284974
3698,759,1,1,0.6902626468750795,24,894,84,978,0.7027302631578948,0.5699481865284974
3699,764,1,0,0.4087202637154253,24,895,84,979,0.6986203259501209,0.5647668393782384
3700,774,1,0,0.0668149714211217,24,896,84,980,0.694484389782403,0.5595854922279793
3701,775,1,0,0.04022865940988668,24,897,84,981,0.694484389782403,0.5595854922279793
3702,857,1,1,0.9194215594017333,24,897,84,981,0.6986203259501209,0.5647668393782384
3703,858,1,1,0.8208088236723581,24,897,84,981,0.6986203259501209,0.5647668393782384
3704,866,1,1,0.8465199146543539,24,897,84,981,0.7027302631578948,0.5699481865284974
3705,881,1,1,0.7702588980502765,24,897,84,981,0.7068144952545299,0.5751295336787565
3706,891,1,1,0.9420611960262982,24,897,84,981,0.7108733138645528,0.5803108808290155
3707,907,1,1,0.7802641439876874,24,897,84,981,0.7108733138645528,0.5803108808290155
3708,917,1,1,0.8729368944288968,24,897,84,981,0.7108733138645528,0.5803108808290155
3709,921,1,0,0.19939565419637514,24,898,84,982,0.7068144952545299,0.5751295336787565
3710,951,1,1,0.7923043206961947,24,898,84,982,0.7068144952545299,0.5751295336787565
3711,993,1,0,0.06802567363367219,24,899,84,983,0.7068144952545299,0.5751295336787565
3712,1125,1,1,0.8783268720349618,24,899,84,983,0.7108733138645528,0.5803108808290155
3713,1130,1,1,0.9971618926087492,24,899,84,983,0.7108733138645528,0.5803108808290155
3714,1135,1,1,0.7741372740826968,24,899,84,983,0.7149070085110855,0.5854922279792746
3715,1158,1,1,0.9696527629564095,24,899,84,983,0.7189158667419538,0.5906735751295337
3716,1168,1,0,0.2833126419746381,24,900,84,984,0.7189158667419538,0.5906735751295337
3717,1177,1,1,0.7245387286844704,24,900,84,984,0.7229001742593977,0.5958549222797928
3718,1222,1,1,0.7250493674281133,24,900,84,984,0.7229001742593977,0.5958549222797928
3719,1284,1,0,0.23260573603940898,24,901,84,985,0.7229001742593977,0.5958549222797928
3720,1345,1,0,0.3389551461693772,24,902,84,986,0.7229001742593977,0.5958549222797928
3721,1396,1,1,0.9516190461349845,24,902,84,986,0.7229001742593977,0.5958549222797928
3722,1407,1,0,0.32617525701409145,24,903,84,987,0.7229001742593977,0.5958549222797928
3723,1441,1,1,0.785166535984771,24,903,84,987,0.7268602150537634,0.6010362694300518
3724,1449,1,1,0.7550950223382283,24,903,84,987,0.7307962715416019,0.6062176165803109
3725,1454,1,0,0.33991050534254874,24,904,84,988,0.7268602150537634,0.6010362694300518
3726,1463,1,0,0.25140181949655355,24,905,84,989,0.7268602150537634,0.6010362694300518
3727,1469,1,1,0.9649295724580266,24,905,84,989,0.7268602150537634,0.6010362694300518
3728,1473,1,1,0.6074635046480702,24,905,84,989,0.7307962715416019,0.6062176165803109
3729,1489,1,1,0.8054258134366459,24,905,84,989,0.7347086247086247,0.6113989637305699
3730,1508,1,1,0.9304807228905497,24,905,84,989,0.7385975542580147,0.616580310880829
3731,1511,1,0,0.1804747525480167,24,906,84,990,0.7347086247086247,0.6113989637305699
3732,1513,1,0,0.3196819354682433,24,907,84,991,0.7307962715416019,0.6062176165803109
3733,1544,1,0,0.26588011928362476,24,908,84,992,0.7307962715416019,0.6062176165803109
3734,1608,1,1,0.9688748883369905,24,908,84,992,0.7307962715416019,0.6062176165803109
3735,1713,1,1,0.8287966432946514,24,908,84,992,0.7347086247086247,0.6113989637305699
3736,1743,1,0,0.4042101799149581,24,909,84,993,0.7347086247086247,0.6113989637305699
3737,1747,1,1,0.5421816616302141,24,909,84,993,0.7347086247086247,0.6113989637305699
3738,1752,1,1,0.9976377652277643,24,909,84,993,0.7347086247086247,0.6113989637305699
3739,1761,1,1,0.6991646341314475,24,909,84,993,0.7385975542580147,0.616580310880829
3740,1774,1,0,0.06879014046049281,24,910,84,994,0.7385975542580147,0.616580310880829
3741,1796,1,0,0.02002484515672344,24,911,84,995,0.7347086247086247,0.6113989637305699
3742,1851,1,0,0.28331264962784514,24,912,84,996,0.7307962715416019,0.6062176165803109
3743,1890,1,1,0.6194993043699663,24,912,84,996,0.7307962715416019,0.6062176165803109
3744,1923,1,1,0.9529849349158652,24,912,84,996,0.7307962715416019,0.6062176165803109
3745,1973,1,1,0.5577421571508205,24,912,84,996,0.7307962715416019,0.6062176165803109
3746,1974,1,0,0.03079102730713842,24,913,84,997,0.7268602150537634,0.6010362694300518
3747,2029,1,1,0.7751782935971148,24,913,84,997,0.7307962715416019,0.6062176165803109
3748,2045,1,1,0.9614113976479555,24,913,84,997,0.7347086247086247,0.6113989637305699
3749,2063,1,0,0.4001785940131073,25,914,84,998,0.7347086247086247,0.6113989637305699
3750,2077,1,1,0.6531450859475317,25,914,84,998,0.7385975542580147,0.616580310880829
3751,2095,1,1,0.8499167975875769,25,914,84,998,0.7385975542580147,0.616580310880829
3752,2100,1,0,0.0035244787888830055,25,915,84,999,0.7347086247086247,0.6113989637305699
3753,2145,1,1,0.810766320801386,25,915,84,999,0.7347086247086247,0.6113989637305699
3754,2155,1,1,0.9338384076067466,25,915,84,999,0.7347086247086247,0.6113989637305699
3755,2179,1,1,0.9797753771893065,25,915,84,999,0.7385975542580147,0.616580310880829
3756,2217,1,1,0.9834225949641171,25,915,84,999,0.7385975542580147,0.616580310880829
3757,2240,1,1,0.6593411238661674,25,915,84,999,0.7385975542580147,0.616580310880829
3758,2247,1,0,0.09404866713717581,25,916,84,1000,0.7385975542580147,0.616580310880829
3759,2251,1,1,0.6200726975472989,25,916,84,1000,0.7385975542580147,0.616580310880829
3760,2267,1,1,0.77729322324162,25,916,84,1000,0.7424633387646276,0.6217616580310881
3761,2313,1,0,0.06606670121100391,25,917,84,1001,0.7424633387646276,0.6217616580310881
3762,2368,1,1,0.9975907979730981,25,917,84,1001,0.7424633387646276,0.6217616580310881
3763,2391,1,0,0.35969405990160835,25,918,84,1002,0.7424633387646276,0.6217616580310881
3764,2392,1,1,0.620629795624781,25,918,84,1002,0.7424633387646276,0.6217616580310881
3765,2401,1,1,0.9992834976318975,25,918,84,1002,0.7463062558356677,0.6269430051813472
3766,2419,1,0,0.011637382067890195,25,919,84,1003,0.7424633387646276,0.6217616580310881
3767,2468,1,0,0.09123219322214039,25,920,84,1004,0.7385975542580147,0.616580310880829
3768,2474,1,1,0.6744702095224696,25,920,84,1004,0.7385975542580147,0.616580310880829
3769,2478,1,1,0.9691251657748101,25,920,84,1004,0.7424633387646276,0.6217616580310881
3770,2503,0,0,0.0018138891057745432,25,920,84,1004,0.7386713286713287,0.6197916666666666
3771,2590,0,0,0.26381811239407826,25,920,84,1004,0.7389259005021858,0.6230366492146597
3772,2616,0,0,0.00048737941799440143,25,920,84,1004,0.7393548387096774,0.6263157894736842
3773,2713,0,0,0.0006213360682620004,25,920,84,1004,0.7399519897578151,0.6296296296296297
3774,2748,0,1,0.8699910231042637,25,920,85,1005,0.7371997581706319,0.6329787234042553
3775,2902,0,0,0.19370123620864635,25,920,85,1005,0.7341385590697348,0.6310160427807486
3776,2915,0,0,0.0016703985884582216,25,920,85,1005,0.7351272423863163,0.6344086021505376
3777,2990,0,0,0.38168909711199256,25,920,85,1005,0.7362640207075066,0.6378378378378379
3778,3206,0,0,0.021390173017470555,25,920,85,1005,0.7375438596491227,0.6413043478260869
3779,3388,0,0,0.0006728229433898042,25,920,85,1005,0.7349939180970402,0.639344262295082
3780,3438,0,0,0.0026235938304451645,25,920,85,1005,0.7365327695560253,0.6428571428571429
3781,3459,0,0,0.0004831022663205587,25,920,85,1005,0.7341875558793337,0.6408839779005525
3782,3788,0,0,0.0012463312523503397,25,920,85,1005,0.7359652585866562,0.6444444444444445
3783,3851,0,0,0.021436267319814403,25,920,85,1005,0.7338045738045739,0.6424581005586593
3784,3933,0,0,0.004576702111950686,25,920,85,1005,0.7317135155949172,0.6404494382022472
3785,4118,0,0,0.0046716065675041175,25,920,85,1005,0.7296879756468797,0.6384180790960452
3786,4236,0,0,0.02115360108827723,25,920,85,1005,0.7277241379310344,0.6363636363636364
3787,4300,0,0,0.00025464377927829476,25,920,85,1005,0.7258184523809524,0.6342857142857142
3788,4335,0,0,0.0004966204311304825,25,920,85,1005,0.7239676113360324,0.632183908045977
3789,4566,0,0,0.001021451500707288,25,920,85,1005,0.7221685284118504,0.630057803468208
3790,4577,0,0,2.434043183063894e-05,25,920,85,1005,0.7246957204554377,0.6337209302325582
3791,4651,0,0,0.0035105954058354386,25,920,85,1005,0.7273133790119004,0.6374269005847953
3792,4753,0,0,0.1944487100348301,25,920,85,1005,0.730018840276324,0.6411764705882353
3793,4870,0,0,0.01850418826060119,25,920,85,1005,0.7284910690482538,0.6390532544378699
3794,4964,0,0,0.007246625995562035,25,920,85,1005,0.7270018490798625,0.6369047619047619
3795,2624,0,0,0.07265754604121513,25,920,85,1005,0.7255490909090909,0.6347305389221557
3796,2724,0,0,0.00014991523206515965,25,920,85,1005,0.7241308298001212,0.6325301204819277
3797,2901,0,0,0.00013892998928905433,25,920,85,1005,0.7271829044117646,0.6363636363636364
3798,3142,0,0,0.00039323315433715183,25,920,85,1005,0.7258575498575499,0.6341463414634146
3799,3327,0,0,0.0002952725581789182,25,920,85,1005,0.7245612844866577,0.6319018404907976
3800,3526,0,0,0.33653075843373637,25,920,85,1005,0.7232925597576029,0.6296296296296297
3801,3530,0,1,0.8402338903974158,25,920,86,1006,0.7176226415094341,0.6273291925465838
3802,3543,0,0,0.0005860695280042453,25,920,86,1006,0.7209447415329768,0.63125
3803,3576,0,0,0.00038243720469922807,25,920,86,1006,0.7243309927562378,0.6352201257861635
3804,3799,0,0,0.033238856831147884,25,920,86,1006,0.7232057112930346,0.6329113924050633
3805,3837,0,0,0.0010649766956606112,25,920,86,1006,0.722101645718667,0.6305732484076433
3806,3929,0,0,0.013449137297570565,25,920,86,1006,0.7210176593834181,0.6282051282051282
3807,3965,0,0,0.44725871072962453,25,920,86,1006,0.724609375,0.632258064516129
3808,3998,0,0,0.0004448253063558534,25,920,86,1006,0.7235896882752669,0.6298701298701299
3809,4067,0,0,0.012360654125939395,25,920,86,1006,0.7272810626226776,0.6339869281045751
3810,4110,0,0,0.0002639116574775973,25,920,86,1006,0.731025311025311,0.6381578947368421
3811,4239,0,0,0.0008362069965809234,25,920,86,1006,0.7348209845183026,0.6423841059602649
3812,4281,0,0,0.006169637770749717,25,920,86,1006,0.7339423920848958,0.64
3813,4839,0,0,0.0018575941786724748,25,920,86,1006,0.7378268251273344,0.6442953020134228
3814,4853,0,0,0.0020488441773288415,25,920,86,1006,0.7369992609017,0.6418918918918919
3815,4860,0,0,0.15120575813095913,25,920,86,1006,0.7409677419354839,0.6462585034013606
3816,4972,0,0,0.006555488957178374,25,920,86,1006,0.740187675290294,0.6438356164383562
3817,2722,0,0,0.0017692381757948305,25,920,86,1006,0.7394177823012084,0.6413793103448275
3818,3767,0,0,0.003620782061738701,25,920,86,1006,0.7386574495179188,0.6388888888888888
3819,4368,0,0,0.002802248593120358,25,920,86,1006,0.7427731092436974,0.6433566433566433
3820,4411,0,0,0.012025751555488075,25,920,86,1006,0.7469291501643758,0.647887323943662
