row_idx,sample_id,gt,pred,prob_phish,live_round,cum_FN,cum_FP,cum_errors,rolling_f1w_w200,rolling_recall_phish_w200
0,2571,0,0,0.03043404686659911,0,0,0,0,,
1,2685,0,0,0.000489246858778382,0,0,0,0,,
2,2697,0,0,0.001228971786608914,0,0,0,0,,
3,2886,0,0,4.021877140360176e-05,0,0,0,0,,
4,2891,0,0,0.003957782991507663,0,0,0,0,,
5,3121,0,0,5.329237843894164e-06,0,0,0,0,,
6,3319,0,0,0.00010621025189605297,0,0,0,0,,
7,3362,0,0,3.3011081115911635e-05,0,0,0,0,,
8,3379,0,0,0.0011864650116200405,0,0,0,0,,
9,3596,0,0,0.0068516400674112484,0,0,0,0,,
10,3706,0,0,0.0008238078929102242,0,0,0,0,,
11,4031,0,0,5.513010375533409e-05,0,0,0,0,,
12,4131,0,0,1.7190943893151888e-05,0,0,0,0,,
13,4318,0,0,0.0005363109147823538,0,0,0,0,,
14,4547,0,0,1.204377995164882e-05,0,0,0,0,,
15,4750,0,0,0.001018123766972649,0,0,0,0,,
16,4754,0,0,0.014493084373192366,0,0,0,0,,
17,4884,0,0,0.0006158227369854503,0,0,0,0,,
18,4980,0,0,2.1511910140116075e-05,0,0,0,0,,
19,241,1,0,0.005238064767293257,0,1,0,1,,
20,575,1,0,0.0003499345802523118,0,2,0,2,,
21,1468,1,0,0.0022550381685480804,0,3,0,3,,
22,2585,0,0,0.003018898399581602,0,3,0,3,,
23,2655,0,0,0.00023953029565359655,0,3,0,3,,
24,2682,0,0,0.004289862765626352,0,3,0,3,,
25,2843,0,0,0.4488238684208146,0,3,0,3,,
26,2982,0,0,2.3111932647188394e-05,0,3,0,3,,
27,3044,0,0,0.0002773830286692281,0,3,0,3,,
28,3126,0,0,0.00016830853540023135,0,3,0,3,,
29,3208,0,0,0.0008943009802058829,0,3,0,3,,
30,3498,0,0,0.002076041932473076,0,3,0,3,,
31,3559,0,0,0.0016876233368862963,0,3,0,3,,
32,3577,0,0,0.0017181230238690086,0,3,0,3,,
33,3696,0,0,1.7657057396303914e-05,0,3,0,3,,
34,3774,0,0,0.000869387329968629,0,3,0,3,,
35,3782,0,0,0.005071830698438188,0,3,0,3,,
36,3814,0,0,8.563381728839351e-05,0,3,0,3,,
37,3821,0,0,0.0007406738544500236,0,3,0,3,,
38,3866,0,0,0.0023237944376081274,0,3,0,3,,
39,3923,0,0,1.5088370864064297e-05,0,3,0,3,,
40,4022,0,0,0.001956033098789777,0,3,0,3,,
41,4160,0,0,6.736988350884596e-05,0,3,0,3,,
42,4235,0,0,7.3896240725928574e-06,0,3,0,3,,
43,4306,0,0,0.0021675182877582714,0,3,0,3,,
44,4497,0,0,0.00010218068844360967,0,3,0,3,,
45,4697,0,0,0.00010377184237776405,0,3,0,3,,
46,4710,0,0,0.0011657768913222876,0,3,0,3,,
47,4797,0,0,0.004107708726738636,0,3,0,3,,
48,4887,0,0,0.017886604364000032,0,3,0,3,,
49,4920,0,0,0.0009612271381141676,0,3,0,3,,
50,154,1,0,0.0013156287529156364,0,4,0,4,,
51,2437,1,1,0.9994133416442795,0,4,0,4,,
52,2720,0,1,0.9236913197002707,0,4,1,5,,
53,2863,0,0,0.0002201358005555837,0,4,1,5,,
54,2957,0,0,4.631271017271324e-05,0,4,1,5,,
55,3080,0,0,0.0072297029529940745,0,4,1,5,,
56,3108,0,0,0.01834411203890144,0,4,1,5,,
57,3132,0,1,0.7798863948498381,0,4,2,6,,
58,3195,0,0,4.330621573329757e-06,0,4,2,6,,
59,3220,0,0,0.0052761317150192,0,4,2,6,,
60,3274,0,0,0.0008014037154407698,0,4,2,6,,
61,3372,0,0,0.00030365709499065535,0,4,2,6,,
62,3395,0,0,9.171010554246518e-05,0,4,2,6,,
63,3818,0,0,0.05725707045033576,0,4,2,6,,
64,4033,0,0,0.00025897829732301857,0,4,2,6,,
65,4389,0,0,0.00020408505039740097,0,4,2,6,,
66,4415,0,0,0.0002875527308449808,0,4,2,6,,
67,4446,0,0,5.609948887955047e-05,0,4,2,6,,
68,4712,0,0,0.0002760933430872024,0,4,2,6,,
69,4725,0,0,0.00027371302507774893,0,4,2,6,,
70,4876,0,0,2.375710831521055e-05,0,4,2,6,,
71,4946,0,0,0.0002675886958725197,0,4,2,6,,
72,4967,0,0,0.00035814049567210217,0,4,2,6,,
73,31,1,1,0.785755118264194,0,4,2,6,,
74,81,1,1,0.9017454502291762,0,4,2,6,,
75,443,1,0,0.029854148147762338,0,5,2,7,,
76,1164,1,0,0.00032929331702361887,0,6,2,8,,
77,1180,1,0,2.692071359525293e-06,0,7,2,9,,
78,2270,1,0,2.4962846784067584e-05,0,8,2,10,,
79,3633,0,0,0.0003287921186172122,0,8,2,10,,
80,4592,0,0,6.78115561720388e-05,0,8,2,10,,
81,2458,1,0,5.928511746550187e-07,0,9,2,11,,
82,2710,0,0,0.0006638097900795657,0,9,2,11,,
83,2733,0,0,0.0004096596422882296,0,9,2,11,,
84,2888,0,0,1.3066326554541966e-05,0,9,2,11,,
85,2974,0,0,0.0002931214025200264,0,9,2,11,,
86,3024,0,0,0.0018601966677788343,0,9,2,11,,
87,3037,0,1,0.8332078236687807,0,9,3,12,,
88,3082,0,0,0.0002733238231296161,0,9,3,12,,
89,3113,0,0,0.00014637343479549417,0,9,3,12,,
90,3154,0,0,0.000473989723289777,0,9,3,12,,
91,3183,0,0,0.0013322307013419127,0,9,3,12,,
92,3658,0,0,0.0001475370822014846,0,9,3,12,,
93,3815,0,0,6.824605505770186e-05,0,9,3,12,,
94,3980,0,0,2.853536923658539e-06,0,9,3,12,,
95,4114,0,0,0.12510079496829563,0,9,3,12,,
96,4141,0,0,0.000964950773835279,0,9,3,12,,
97,4188,0,0,0.000935678334365008,0,9,3,12,,
98,4198,0,0,2.670479618174721e-06,0,9,3,12,,
99,4337,0,0,6.627097809740724e-05,0,9,3,12,,
100,4381,0,0,0.0003360183004507859,0,9,3,12,,
101,4568,0,0,0.005079686994932791,0,9,3,12,,
102,4647,0,0,0.0031182653428029517,0,9,3,12,,
103,4693,0,0,0.08472695602220777,0,9,3,12,,
104,4716,0,0,0.00010463444835135321,0,9,3,12,,
105,4802,0,0,8.232023336430768e-06,0,9,3,12,,
106,4873,0,0,0.0007383824586693975,0,9,3,12,,
107,4902,0,1,0.9990049207674543,0,9,4,13,,
108,4924,0,0,0.4700633958597466,0,9,4,13,,
109,4993,0,0,6.630852211862344e-05,0,9,4,13,,
110,2595,0,0,0.0001156637133796982,0,9,4,13,,
111,2603,0,0,6.33616900036283e-07,0,9,4,13,,
112,2694,0,0,0.0003862247847526959,0,9,4,13,,
113,2759,0,0,0.0003430837991835811,0,9,4,13,,
114,3179,0,0,8.027760010640106e-05,0,9,4,13,,
115,3364,0,0,0.002438520725380749,0,9,4,13,,
116,3579,0,0,0.029271953369564424,0,9,4,13,,
117,3626,0,0,0.00015717550103587353,0,9,4,13,,
118,3698,0,0,0.002366671518497699,0,9,4,13,,
119,3928,0,0,0.0007331343593912752,0,9,4,13,,
120,4068,0,0,0.001096179507598979,0,9,4,13,,
121,4179,0,0,1.8736870800926943e-05,0,9,4,13,,
122,4238,0,0,0.0022503659681362446,0,9,4,13,,
123,4251,0,0,5.185042658520006e-05,0,9,4,13,,
124,4259,0,0,0.00023722753168621994,0,9,4,13,,
125,4382,0,0,0.00038861307531068304,0,9,4,13,,
126,4480,0,0,0.003727287421951968,0,9,4,13,,
127,4778,0,0,0.00032594265464256923,0,9,4,13,,
128,4852,0,0,0.0003856672036030225,0,9,4,13,,
129,4904,0,0,0.00029809430467717785,0,9,4,13,,
130,282,1,0,0.0001270166046928838,0,10,4,14,,
131,2792,0,0,0.000743172171682732,0,10,4,14,,
132,2815,0,0,3.605151052485613e-05,0,10,4,14,,
133,2955,0,0,0.001397601333824094,0,10,4,14,,
134,3040,0,0,0.019550537880870068,0,10,4,14,,
135,3266,0,0,0.00018804031347580564,0,10,4,14,,
136,3281,0,0,0.00042606430402924506,0,10,4,14,,
137,3295,0,0,0.0014990243232781578,0,10,4,14,,
138,3302,0,0,0.002245608930186956,0,10,4,14,,
139,3336,0,0,0.0008776438152507882,0,10,4,14,,
140,3415,0,0,0.0006563611470037293,0,10,4,14,,
141,3540,0,0,0.0014726397267839464,0,10,4,14,,
142,3606,0,0,1.0532180658457712e-05,0,10,4,14,,
143,3828,0,0,0.0020212822667841058,0,10,4,14,,
144,3900,0,1,0.9494638902821391,0,10,5,15,,
145,3939,0,0,0.00020309734353981772,0,10,5,15,,
146,3974,0,0,2.9923044891769197e-05,0,10,5,15,,
147,4011,0,1,0.6407322433150222,0,10,6,16,,
148,4065,0,0,0.0010332780017928704,0,10,6,16,,
149,4107,0,0,0.0009420687109239772,0,10,6,16,,
150,4122,0,0,0.00039694538436868386,0,10,6,16,,
151,4130,0,0,0.00044189011184568133,0,10,6,16,,
152,4137,0,0,6.300236826391354e-06,0,10,6,16,,
153,4229,0,0,0.0004066695203555404,0,10,6,16,,
154,4264,0,0,0.005128985300066681,0,10,6,16,,
155,4416,0,0,0.00024769327579689514,0,10,6,16,,
156,4763,0,0,0.0006961080249546196,0,10,6,16,,
157,4780,0,0,7.516084403753787e-06,0,10,6,16,,
158,4807,0,0,6.465542059048094e-05,0,10,6,16,,
159,4999,0,0,0.00044511072875487635,0,10,6,16,,
160,776,1,1,0.9908038602731243,0,10,6,16,,
161,846,1,0,0.007455692509303656,0,11,6,17,,
162,1065,1,0,0.026070230418899627,0,12,6,18,,
163,2758,0,0,0.0024278532252353844,0,12,6,18,,
164,2794,0,0,0.00019933711782335226,0,12,6,18,,
165,2912,0,0,0.00012724826015252317,0,12,6,18,,
166,3116,0,0,0.00040646451904362724,0,12,6,18,,
167,3209,0,0,3.935146401017928e-06,0,12,6,18,,
168,3299,0,0,7.583777585713226e-05,0,12,6,18,,
169,3370,0,0,0.007575455737160802,0,12,6,18,,
170,3646,0,0,0.003176193208199697,0,12,6,18,,
171,3664,0,0,0.007759199924286891,0,12,6,18,,
172,4494,0,0,5.907217464267812e-07,0,12,6,18,,
173,4563,0,1,0.9630386808794674,0,12,7,19,,
174,4803,0,0,0.0007226833250275606,0,12,7,19,,
175,4942,0,0,1.5962320377999152e-05,0,12,7,19,,
176,69,1,0,0.003269674211583038,0,13,7,20,,
177,1419,1,1,0.9988172332479531,0,13,7,20,,
178,1558,1,0,0.11419693382059036,0,14,7,21,,
179,2557,0,0,0.0014334999777722076,0,14,7,21,,
180,2627,0,0,0.0004784514425840656,0,14,7,21,,
181,2665,0,0,0.00042263798745978436,0,14,7,21,,
182,2885,0,0,0.00026916457540070545,0,14,7,21,,
183,2932,0,0,0.0003416909475808588,0,14,7,21,,
184,2959,0,0,4.278966246054326e-05,0,14,7,21,,
185,2987,0,0,0.0005188046696203627,0,14,7,21,,
186,3045,0,0,0.002033696103785294,0,14,7,21,,
187,3093,0,0,0.0010006491559952056,0,14,7,21,,
188,3151,0,0,0.0004681661850879154,0,14,7,21,,
189,3287,0,0,0.003027232950631665,0,14,7,21,,
190,3421,0,0,0.0008121978743420848,0,14,7,21,,
191,3643,0,0,0.0016149632614170643,0,14,7,21,,
192,3686,0,0,0.0005798779933426082,0,14,7,21,,
193,3701,0,0,0.007244173245161581,0,14,7,21,,
194,3750,0,0,0.0004957004897176299,0,14,7,21,,
195,3819,0,0,0.014800344439143768,0,14,7,21,,
196,4133,0,0,0.00010870801711436085,0,14,7,21,,
197,4136,0,0,4.062714764382193e-06,0,14,7,21,,
198,4192,0,0,2.8602998555077633e-05,0,14,7,21,,
199,4231,0,0,0.0007518170649809537,0,14,7,21,0.8841410962496723,0.2631578947368421
200,4322,0,0,0.0007178065265659305,0,14,7,21,0.8841410962496723,0.2631578947368421
201,4676,0,0,0.0061753226322139535,0,14,7,21,0.8841410962496723,0.2631578947368421
202,4881,0,0,3.945924597439936e-05,0,14,7,21,0.8841410962496723,0.2631578947368421
203,39,1,0,0.04304727749139154,0,15,7,22,0.877445652173913,0.25
204,174,1,1,0.973065513203552,0,15,7,22,0.8782610093217614,0.2857142857142857
205,473,1,0,0.0012189429459299765,0,16,7,23,0.8716320939334637,0.2727272727272727
206,568,1,0,0.0002746750310184745,0,17,7,24,0.8649816849816849,0.2608695652173913
207,622,1,0,0.018727502540852193,0,18,7,25,0.8583128583128583,0.25
208,650,1,0,0.05737064809439985,0,19,7,26,0.851628380343123,0.24
209,772,1,0,8.140836304558667e-07,0,20,7,27,0.8449307479224377,0.23076923076923078
210,1038,1,0,0.0015287005179008448,0,21,7,28,0.8382222222222222,0.2222222222222222
211,1041,1,1,0.9993589215174431,0,21,7,28,0.8394040968342645,0.25
212,1080,1,0,2.0409000188390464e-06,0,22,7,29,0.8327555208129763,0.2413793103448276
213,1359,1,0,0.0006139124084036028,0,23,7,30,0.8260980592441265,0.23333333333333334
214,1694,1,0,0.0015287023732261922,0,24,7,31,0.8194334898278561,0.22580645161290322
215,1727,1,0,0.0012221833573855426,0,25,7,32,0.8127634487840826,0.21875
216,2445,1,0,7.651260821283118e-05,0,26,7,33,0.8060894460852269,0.21212121212121213
217,2452,1,0,1.1571030521181014e-05,0,27,7,34,0.7994128787878787,0.20588235294117646
218,2564,0,0,0.0007475178993476113,0,27,7,34,0.7994128787878787,0.20588235294117646
219,2629,0,0,0.005301826239799039,0,27,7,34,0.8060894460852269,0.21212121212121213
220,2639,0,1,0.8958213104912097,0,27,8,35,0.8091326622867822,0.21875
221,2796,0,0,7.871583462520949e-05,0,27,8,35,0.8157897322525177,0.22580645161290322
222,2909,0,0,0.00023953045550273113,0,27,8,35,0.8157897322525177,0.22580645161290322
223,2968,0,0,2.7364211136788728e-05,0,27,8,35,0.8157897322525177,0.22580645161290322
224,2972,0,0,0.0001613794343737016,0,27,8,35,0.8157897322525177,0.22580645161290322
225,3004,0,0,0.0007448653414549438,0,27,8,35,0.8157897322525177,0.22580645161290322
226,3057,0,0,0.0015787844317638588,0,27,8,35,0.8157897322525177,0.22580645161290322
227,3198,0,0,0.0036407059701691505,0,27,8,35,0.8157897322525177,0.22580645161290322
228,3242,0,0,0.002228186451384464,0,27,8,35,0.8157897322525177,0.22580645161290322
229,3275,0,1,0.805241651434236,0,27,9,36,0.8121758784883372,0.22580645161290322
230,3369,0,0,0.004535908549461933,0,27,9,36,0.8121758784883372,0.22580645161290322
231,3429,0,0,0.007145199711917442,0,27,9,36,0.8121758784883372,0.22580645161290322
232,3480,0,0,0.0024448721280221166,0,27,9,36,0.8121758784883372,0.22580645161290322
233,3509,0,0,0.0020802814317980537,0,27,9,36,0.8121758784883372,0.22580645161290322
234,3773,0,0,0.000261163377128523,0,27,9,36,0.8121758784883372,0.22580645161290322
235,3830,0,0,0.032202789124112625,0,27,9,36,0.8121758784883372,0.22580645161290322
236,3879,0,0,0.0001034331779042388,0,27,9,36,0.8121758784883372,0.22580645161290322
237,4112,0,0,0.004466168777319806,0,27,9,36,0.8121758784883372,0.22580645161290322
238,4256,0,0,0.0003902225266920643,0,27,9,36,0.8121758784883372,0.22580645161290322
239,4363,0,0,0.00011953102952345428,0,27,9,36,0.8121758784883372,0.22580645161290322
240,4366,0,0,0.0003843362697424747,0,27,9,36,0.8121758784883372,0.22580645161290322
241,4500,0,0,0.00012767771476008036,0,27,9,36,0.8121758784883372,0.22580645161290322
242,4509,0,0,0.0009971814449915007,0,27,9,36,0.8121758784883372,0.22580645161290322
243,4537,0,0,0.00045518493778438153,0,27,9,36,0.8121758784883372,0.22580645161290322
244,4635,0,0,0.0022946755811529993,0,27,9,36,0.8121758784883372,0.22580645161290322
245,4680,0,1,0.9731743981828306,0,27,10,37,0.8085890151515152,0.22580645161290322
246,4737,0,0,0.0009117268469398381,0,27,10,37,0.8085890151515152,0.22580645161290322
247,4883,0,0,0.0005900570438031445,0,27,10,37,0.8085890151515152,0.22580645161290322
248,4905,0,0,0.006063981388529075,0,27,10,37,0.8085890151515152,0.22580645161290322
249,193,1,0,0.000558599127647968,0,28,10,38,0.801953601953602,0.21875
250,469,1,0,0.0005588373349925596,0,29,10,39,0.801953601953602,0.21875
251,1081,1,0,0.0005603970919701924,0,30,10,40,0.7940909090909091,0.1875
252,1254,1,0,0.004843208407029904,0,31,10,41,0.7908522727272727,0.18181818181818182
253,1430,1,0,0.0002622495274040227,0,32,10,42,0.7841397755683471,0.17647058823529413
254,1517,1,0,0.0005596459656510476,0,33,10,43,0.7774285714285715,0.17142857142857143
255,1520,1,0,0.0002622499633324687,0,34,10,44,0.770719703354121,0.16666666666666666
256,1600,1,0,0.0018000906593773772,0,35,10,45,0.7640141467727675,0.16216216216216217
257,2102,1,0,0.0005562066389155967,0,36,10,46,0.7607427055702918,0.15789473684210525
258,2274,1,0,1.5284928808874523e-05,0,37,10,47,0.7540356696210102,0.15384615384615385
259,2293,1,0,0.0005562188739447787,0,38,10,48,0.747334617854849,0.15
260,2547,0,0,0.2723740082268262,0,38,10,48,0.747334617854849,0.15
261,2570,0,0,0.0008121578370308063,0,38,10,48,0.747334617854849,0.15
262,2646,0,0,0.42743865381983265,0,38,10,48,0.747334617854849,0.15
263,2726,0,0,7.499983211961883e-05,0,38,10,48,0.747334617854849,0.15
264,2784,0,0,0.003370593439197877,0,38,10,48,0.747334617854849,0.15
265,2872,0,0,0.00018805052783795573,0,38,10,48,0.747334617854849,0.15
266,2892,0,0,0.00552149468547301,0,38,10,48,0.747334617854849,0.15
267,2944,0,0,1.2900741584176366e-05,0,38,10,48,0.747334617854849,0.15
268,2975,0,0,1.6973584409701403e-05,0,38,10,48,0.747334617854849,0.15
269,2988,0,0,0.003638554164641056,0,38,10,48,0.747334617854849,0.15
270,3180,0,0,0.0005091944706186825,0,38,10,48,0.747334617854849,0.15
271,3246,0,0,0.06156982787266466,0,38,10,48,0.747334617854849,0.15
272,3495,0,0,2.7045504724766958e-05,0,38,10,48,0.747334617854849,0.15
273,3525,0,0,9.390483202961124e-05,0,38,10,48,0.7453448275862068,0.1282051282051282
274,3805,0,0,0.00016111019665174993,0,38,10,48,0.7432000000000001,0.10526315789473684
275,3877,0,0,0.04617783437973201,0,38,10,48,0.7500046514332229,0.10810810810810811
276,4083,0,0,0.0016560596628517961,0,38,10,48,0.7568181818181818,0.1111111111111111
277,4219,0,0,0.0042307649740674245,0,38,10,48,0.7636399252606836,0.11428571428571428
278,4461,0,0,2.0104674868808446e-05,0,38,10,48,0.7704691721935643,0.11764705882352941
279,4589,0,0,0.002759258085415021,0,38,10,48,0.7704691721935643,0.11764705882352941
280,4679,0,0,0.0017961551546263868,0,38,10,48,0.7704691721935643,0.11764705882352941
281,4703,0,0,0.0035395629315771635,0,38,10,48,0.7773051643192488,0.12121212121212122
282,4928,0,0,0.00043942090793949056,0,38,10,48,0.7773051643192488,0.12121212121212122
283,4989,0,0,0.009763789741036,0,38,10,48,0.7773051643192488,0.12121212121212122
284,1136,1,0,3.2634107812461615e-05,0,39,10,49,0.7704691721935643,0.11764705882352941
285,2554,0,0,0.002572727441138206,0,39,10,49,0.7704691721935643,0.11764705882352941
286,2622,0,0,0.0765896757136076,0,39,10,49,0.7704691721935643,0.11764705882352941
287,2742,0,0,0.0001968416336567321,0,39,10,49,0.7737151799687011,0.11764705882352941
288,2780,0,0,0.0006241675496282675,0,39,10,49,0.7737151799687011,0.11764705882352941
289,2847,0,0,0.0006242132689057158,0,39,10,49,0.7737151799687011,0.11764705882352941
290,3002,0,0,0.0001241002774410256,0,39,10,49,0.7737151799687011,0.11764705882352941
291,3064,0,0,1.141674784368352e-06,0,39,10,49,0.7737151799687011,0.11764705882352941
292,3202,0,0,9.417823311136751e-05,0,39,10,49,0.7737151799687011,0.11764705882352941
293,3207,0,0,0.002383981367602782,0,39,10,49,0.7737151799687011,0.11764705882352941
294,3243,0,0,0.00017002034961052705,0,39,10,49,0.7737151799687011,0.11764705882352941
295,3401,0,0,0.007100907711267534,0,39,10,49,0.7737151799687011,0.11764705882352941
296,3471,0,0,9.08193001470145e-05,0,39,10,49,0.7737151799687011,0.11764705882352941
297,3533,0,0,2.4742146822700143e-06,0,39,10,49,0.7737151799687011,0.11764705882352941
298,3537,0,0,0.00032545586534916786,0,39,10,49,0.7737151799687011,0.11764705882352941
299,3599,0,0,0.0001334813440319581,0,39,10,49,0.7737151799687011,0.11764705882352941
300,3729,0,1,0.9318442941562244,0,39,11,50,0.7704691721935643,0.11764705882352941
301,3754,0,0,3.7101557629462875e-07,0,39,11,50,0.7704691721935643,0.11764705882352941
302,3945,0,0,0.0010384993513431393,0,39,11,50,0.7704691721935643,0.11764705882352941
303,3982,0,0,0.0006800326685822037,0,39,11,50,0.7704691721935643,0.11764705882352941
304,4150,0,0,5.229315570512117e-07,0,39,11,50,0.7704691721935643,0.11764705882352941
305,4211,0,0,0.0004261306773926145,0,39,11,50,0.7704691721935643,0.11764705882352941
306,4315,0,0,0.005006826789775881,0,39,11,50,0.7704691721935643,0.11764705882352941
307,4417,0,0,4.085842129966664e-05,0,39,11,50,0.7737151799687011,0.11764705882352941
308,4468,0,0,9.322466872764393e-07,0,39,11,50,0.7737151799687011,0.11764705882352941
309,4528,0,0,0.0002001916070740602,0,39,11,50,0.7737151799687011,0.11764705882352941
310,4540,0,0,0.017052835870833147,0,39,11,50,0.7737151799687011,0.11764705882352941
311,4548,0,0,0.008711270447098247,0,39,11,50,0.7737151799687011,0.11764705882352941
312,4564,0,0,0.0017849573988735481,0,39,11,50,0.7737151799687011,0.11764705882352941
313,4587,0,0,0.00014512937262761518,0,39,11,50,0.7737151799687011,0.11764705882352941
314,4606,0,0,0.000595032104861476,0,39,11,50,0.7737151799687011,0.11764705882352941
315,4639,0,0,0.0001352665221235169,0,39,11,50,0.7737151799687011,0.11764705882352941
316,4688,0,0,0.00019181888282630822,0,39,11,50,0.7737151799687011,0.11764705882352941
317,4729,0,0,2.8324178190621304e-05,0,39,11,50,0.7737151799687011,0.11764705882352941
318,4760,0,0,0.0035787032896503297,0,39,11,50,0.7737151799687011,0.11764705882352941
319,4779,0,0,3.691854448592131e-06,0,39,11,50,0.7737151799687011,0.11764705882352941
320,4927,0,0,0.004551496616674116,0,39,11,50,0.7737151799687011,0.11764705882352941
321,4939,0,0,0.1675626797119822,0,39,11,50,0.7737151799687011,0.11764705882352941
322,4955,0,0,0.00345749519322382,0,39,11,50,0.7737151799687011,0.11764705882352941
323,51,1,0,1.7400596618620043e-07,0,40,11,51,0.7668754605747974,0.11428571428571428
324,231,1,0,7.977415970243875e-07,0,41,11,52,0.7600433970224821,0.1111111111111111
325,621,1,0,1.9076490709371928e-05,0,42,11,53,0.7532196969696969,0.10810810810810811
326,720,1,0,8.135459019646376e-07,0,43,11,54,0.7464050235478809,0.10526315789473684
327,1298,1,0,0.28422536757356937,0,44,11,55,0.7396,0.10256410256410256
328,1426,1,0,5.8659720625657646e-06,0,45,11,56,0.732805213776055,0.1
329,1821,1,0,8.813019388677183e-07,0,46,11,57,0.7260212201591513,0.0975609756097561
330,1828,1,0,8.436757049178441e-07,0,47,11,58,0.7260212201591513,0.0975609756097561
331,1955,1,0,9.508142353718886e-07,0,48,11,59,0.7192485454842041,0.09523809523809523
332,2586,0,0,0.0001751795482070578,0,48,11,59,0.7192485454842041,0.09523809523809523
333,2604,0,0,0.0007405902016129673,0,48,11,59,0.7192485454842041,0.09523809523809523
334,2695,0,0,0.0010296536050870592,0,48,11,59,0.7192485454842041,0.09523809523809523
335,2711,0,0,0.00019614373272633183,0,48,11,59,0.7192485454842041,0.09523809523809523
336,2816,0,0,0.0011512982727655155,0,48,11,59,0.7192485454842041,0.09523809523809523
337,2830,0,0,1.875803032507043e-05,0,48,11,59,0.7192485454842041,0.09523809523809523
338,2883,0,0,0.00045749514066497287,0,48,11,59,0.7192485454842041,0.09523809523809523
339,2925,0,0,0.00020106402769281382,0,48,11,59,0.7192485454842041,0.09523809523809523
340,2962,0,0,0.00307625657982606,0,48,11,59,0.7192485454842041,0.09523809523809523
341,3157,0,0,1.1856166110838807e-05,0,48,11,59,0.7192485454842041,0.09523809523809523
342,3197,0,0,0.0002743645020030991,0,48,11,59,0.7192485454842041,0.09523809523809523
343,3230,0,0,7.034748497247687e-06,0,48,11,59,0.7192485454842041,0.09523809523809523
344,3245,0,0,0.05098647187248722,0,48,11,59,0.7224226348364279,0.09523809523809523
345,3247,0,0,3.841763571497379e-05,0,48,11,59,0.7224226348364279,0.09523809523809523
346,3431,0,0,0.0010883000303734528,0,48,11,59,0.7224226348364279,0.09523809523809523
347,3497,0,0,3.814490830072039e-06,0,48,11,59,0.7256059329175797,0.09523809523809523
348,3522,0,0,0.0017222468991810347,0,48,11,59,0.7256059329175797,0.09523809523809523
349,3783,0,0,0.0017212160449649864,0,48,11,59,0.7256059329175797,0.09523809523809523
350,3829,0,0,1.549555545281842e-05,0,48,11,59,0.7256059329175797,0.09523809523809523
351,3954,0,0,0.0002736881308335573,0,48,11,59,0.7256059329175797,0.09523809523809523
352,4097,0,0,0.00027499292486339133,0,48,11,59,0.7256059329175797,0.09523809523809523
353,4165,0,0,2.287754056454343e-05,0,48,11,59,0.7256059329175797,0.09523809523809523
354,4327,0,0,0.000229915737673565,0,48,11,59,0.7256059329175797,0.09523809523809523
355,4408,0,0,2.2801546710264547e-05,0,48,11,59,0.7256059329175797,0.09523809523809523
356,4431,0,0,0.012683581130961828,0,48,11,59,0.7256059329175797,0.09523809523809523
357,4482,0,0,0.007069645869192071,0,48,11,59,0.7256059329175797,0.09523809523809523
358,4508,0,0,0.0038640327472247316,0,48,11,59,0.7256059329175797,0.09523809523809523
359,4527,0,0,0.0007914547404702333,0,48,11,59,0.7256059329175797,0.09523809523809523
360,4594,0,0,7.670919292319302e-06,0,48,11,59,0.7227088784231641,0.07317073170731707
361,4677,0,0,0.0010849130407029567,0,48,11,59,0.7295454545454545,0.075
362,614,1,0,4.943500812511085e-06,0,49,11,60,0.7295454545454545,0.075
363,1223,1,0,1.5741716481182008e-05,0,50,11,61,0.7227088784231641,0.07317073170731707
364,1384,1,0,1.0265645004003448e-07,0,51,11,62,0.7158857142857142,0.07142857142857142
365,1665,1,0,3.986586293626e-06,0,52,11,63,0.7090763526040789,0.06976744186046512
366,1815,1,0,0.19355773101906565,0,53,11,64,0.7022811671087532,0.06818181818181818
367,2635,0,0,0.0008410955598950297,0,53,11,64,0.7022811671087532,0.06818181818181818
368,2786,0,0,0.0005141681149489717,0,53,11,64,0.7022811671087532,0.06818181818181818
369,2995,0,0,0.003038289259273363,0,53,11,64,0.7022811671087532,0.06818181818181818
370,3285,0,0,0.001355598386151471,0,53,11,64,0.7022811671087532,0.06818181818181818
371,3466,0,0,1.9899265848841168e-05,0,53,11,64,0.7022811671087532,0.06818181818181818
372,3478,0,0,0.0001828999828778891,0,53,11,64,0.7022811671087532,0.06818181818181818
373,3739,0,1,0.9662140950461535,0,53,12,65,0.7022811671087532,0.06818181818181818
374,3809,0,0,0.0008430554632151639,0,53,12,65,0.7022811671087532,0.06818181818181818
375,4098,0,0,0.0019800845673573985,0,53,12,65,0.7022811671087532,0.06818181818181818
376,4176,0,0,0.0009919442780010974,0,53,12,65,0.7090763526040789,0.06976744186046512
377,4181,0,0,0.00042658043703728584,0,53,12,65,0.7058608058608058,0.047619047619047616
378,4290,0,0,0.0005757825181692323,0,53,12,65,0.7127083333333333,0.04878048780487805
379,4457,0,0,8.737967488151717e-05,0,53,12,65,0.7127083333333333,0.04878048780487805
380,4506,0,0,0.0019229665821317978,0,53,12,65,0.7127083333333333,0.04878048780487805
381,4616,0,0,0.000986889689735022,0,53,12,65,0.7127083333333333,0.04878048780487805
382,4659,0,0,0.0010161455138836541,0,53,12,65,0.7127083333333333,0.04878048780487805
383,4727,0,0,3.63552022163858e-05,0,53,12,65,0.7127083333333333,0.04878048780487805
384,4759,0,0,0.0014625952451099537,0,53,12,65,0.7127083333333333,0.04878048780487805
385,4814,0,0,3.858483698855286e-05,0,53,12,65,0.7127083333333333,0.04878048780487805
386,4865,0,0,0.0005378482458998407,0,53,12,65,0.7127083333333333,0.04878048780487805
387,4936,0,0,5.36252499751742e-06,0,53,12,65,0.7127083333333333,0.04878048780487805
388,4959,0,1,0.7091639093289592,0,53,13,66,0.7098116169544741,0.04878048780487805
389,4963,0,0,5.205428132504598e-06,0,53,13,66,0.7098116169544741,0.04878048780487805
390,4977,0,0,0.0024196657505483857,0,53,13,66,0.7098116169544741,0.04878048780487805
391,2242,1,0,0.07801952799900387,0,54,13,67,0.7029714285714286,0.047619047619047616
392,2578,0,1,0.7851985868473826,0,54,14,68,0.7000809034215405,0.047619047619047616
393,2623,0,0,0.0001257630660102499,0,54,14,68,0.7000809034215405,0.047619047619047616
394,2660,0,0,0.0062600277180858265,0,54,14,68,0.7000809034215405,0.047619047619047616
395,2760,0,0,0.015901466428997754,0,54,14,68,0.7000809034215405,0.047619047619047616
396,2788,0,0,0.0004442384346169645,0,54,14,68,0.7000809034215405,0.047619047619047616
397,2933,0,1,0.5822849855613381,0,54,15,69,0.6971883289124667,0.047619047619047616
398,2940,0,0,0.00038743097523100074,0,54,15,69,0.6971883289124667,0.047619047619047616
399,2961,0,0,8.776818259934247e-06,1,54,15,69,0.6971883289124667,0.047619047619047616
400,3053,0,0,0.0008842157849555359,1,54,15,69,0.6971883289124667,0.047619047619047616
401,3087,0,0,0.0032486265086718483,1,54,15,69,0.6971883289124667,0.047619047619047616
402,3143,0,0,0.00014866688929683383,1,54,15,69,0.6971883289124667,0.047619047619047616
403,3254,0,0,0.0008953504114662421,1,54,15,69,0.7040153941232654,0.04878048780487805
404,3452,0,0,0.02212155172799703,1,54,15,69,0.7010407581836153,0.025
405,3528,0,0,1.1966928079982088e-06,1,54,15,69,0.7079261363636362,0.02564102564102564
406,3759,0,0,0.007610298500704974,1,54,15,69,0.7148273160147067,0.02631578947368421
407,3794,0,0,0.12377907618659767,1,54,15,69,0.721744043232621,0.02702702702702703
408,3796,0,0,8.610280023516514e-05,1,54,15,69,0.7286760563380282,0.027777777777777776
409,3854,0,0,0.00047505322816315137,1,54,15,69,0.7356230847803882,0.02857142857142857
410,3873,0,0,0.0014115909066811667,1,54,15,69,0.7425848478926454,0.029411764705882353
411,4084,0,0,0.0004343706715909386,1,54,15,69,0.7396378830083564,0.0
412,4171,0,1,0.7205416323002121,1,54,16,70,0.744066852367688,0.0
413,4252,0,0,0.0009177875478773976,1,54,16,70,0.751111111111111,0.0
414,4262,0,0,0.016717371331371668,1,54,16,70,0.7581717451523546,0.0
415,4339,0,0,0.0004347892328061423,1,54,16,70,0.7652486187845304,0.0
416,4502,0,0,0.00021453507942014886,1,54,16,70,0.7723415977961432,0.0
417,4556,0,0,5.288870191837773e-06,1,54,16,70,0.7794505494505495,0.0
418,4630,0,0,1.1256341218506953e-05,1,54,16,70,0.7794505494505495,0.0
419,4764,0,0,0.0008790675236292199,1,54,16,70,0.7794505494505495,0.0
420,313,1,0,0.00017476952554468887,1,55,16,71,0.774945054945055,0.0
421,432,1,0,0.00017356027059527656,1,56,16,72,0.7678512396694215,0.0
422,477,1,0,0.0016253247887712137,1,57,16,73,0.7607734806629834,0.0
423,547,1,0,5.7095657701812715e-06,1,58,16,74,0.7537119113573408,0.0
424,563,1,0,0.021298385184429832,1,59,16,75,0.7466666666666666,0.0
425,589,1,0,5.715322809945232e-06,1,60,16,76,0.7396378830083564,0.0
426,778,1,0,0.03268820853123407,1,61,16,77,0.7326256983240224,0.0
427,956,1,0,0.0027088558828650294,1,62,16,78,0.7256302521008403,0.0
428,1026,1,0,6.17840598671399e-07,1,63,16,79,0.7186516853932585,0.0
429,1525,1,0,5.715610420383645e-06,1,64,16,80,0.7142696629213483,0.0
430,1651,1,0,5.7153155796249765e-06,1,65,16,81,0.7073239436619718,0.0
431,2079,1,0,0.0002877610739468946,1,66,16,82,0.7003954802259886,0.0
432,2528,0,0,0.0020716700744564235,1,66,16,82,0.7003954802259886,0.0
433,2666,0,0,0.0004649685030520902,1,66,16,82,0.7003954802259886,0.0
434,2721,0,0,5.686352572814954e-05,1,66,16,82,0.7003954802259886,0.0
435,2771,0,0,0.008278141931944484,1,66,16,82,0.7003954802259886,0.0
436,2881,0,0,0.0045145869923451844,1,66,16,82,0.7003954802259886,0.0
437,2896,0,0,0.002081334779927674,1,66,16,82,0.7003954802259886,0.0
438,2939,0,0,0.00022170582722164307,1,66,16,82,0.7003954802259886,0.0
439,2991,0,0,0.0010310428365640524,1,66,16,82,0.7003954802259886,0.0
440,3041,0,0,0.0005352537921209133,1,66,16,82,0.7003954802259886,0.0
441,3127,0,0,0.00032147342479944753,1,66,16,82,0.7003954802259886,0.0
442,3233,0,0,6.161741261320099e-06,1,66,16,82,0.7003954802259886,0.0
443,3355,0,0,0.05713593854315254,1,66,16,82,0.7003954802259886,0.0
444,3474,0,0,0.009962544526379928,1,66,16,82,0.7003954802259886,0.0
445,3481,0,0,0.00017226286650898066,1,66,16,82,0.7029577464788731,0.0
446,3529,0,0,0.00026078999094354926,1,66,16,82,0.7029577464788731,0.0
447,3622,0,0,0.011104460541922503,1,66,16,82,0.7029577464788731,0.0
448,3651,0,0,0.006864491549917473,1,66,16,82,0.7029577464788731,0.0
449,3761,0,0,0.00022393610583341836,1,66,16,82,0.7098876404494382,0.0
450,3765,0,0,0.00023466397602983288,1,66,16,82,0.7168347338935575,0.0
451,3812,0,0,0.1898392480542387,1,66,16,82,0.7237988826815642,0.0
452,4012,0,0,0.0030051021270595803,1,66,16,82,0.7307799442896936,0.0
453,4091,0,0,0.0003256879190899616,1,66,16,82,0.7377777777777778,0.0
454,4094,0,0,0.012145725025166247,1,66,16,82,0.7447922437673131,0.0
455,4149,0,0,0.3493243840308327,1,66,16,82,0.7518232044198895,0.0
456,4232,0,0,0.0034396384728099362,1,66,16,82,0.7588705234159779,0.0
457,4297,0,0,0.020288828711786108,1,66,16,82,0.765934065934066,0.0
458,4409,0,0,1.1203470506657985e-05,1,66,16,82,0.7730136986301369,0.0
459,4447,0,0,0.00046532560417293883,1,66,16,82,0.7801092896174864,0.0
460,4495,0,0,8.752776690394434e-05,1,66,16,82,0.7801092896174864,0.0
461,4633,0,0,0.00047921762708374484,1,66,16,82,0.7801092896174864,0.0
462,4783,0,0,0.00035963078192106815,1,66,16,82,0.7801092896174864,0.0
463,58,1,0,0.0003224659020333742,1,67,16,83,0.7730136986301369,0.0
464,1323,1,0,0.0020894058238554915,1,68,16,84,0.765934065934066,0.0
465,2509,0,0,0.0005875924324766611,1,68,16,84,0.765934065934066,0.0
466,2643,0,0,0.0010742539141330488,1,68,16,84,0.765934065934066,0.0
467,2740,0,0,0.4313813414148798,1,68,16,84,0.765934065934066,0.0
468,2807,0,0,0.000249473962962899,1,68,16,84,0.765934065934066,0.0
469,3210,0,0,9.350635368138238e-05,1,68,16,84,0.765934065934066,0.0
470,3215,0,0,0.0037410947960823393,1,68,16,84,0.765934065934066,0.0
471,3227,0,0,0.0004049126535225246,1,68,16,84,0.765934065934066,0.0
472,3290,0,0,0.0005181457476730732,1,68,16,84,0.765934065934066,0.0
473,3403,0,0,2.395743741022369e-05,1,68,16,84,0.765934065934066,0.0
474,3450,0,0,1.4856468782840789e-05,1,68,16,84,0.765934065934066,0.0
475,3490,0,0,9.272059286208086e-07,1,68,16,84,0.765934065934066,0.0
476,3504,0,0,0.0002663709154361453,1,68,16,84,0.765934065934066,0.0
477,3566,0,0,0.0003660413506429316,1,68,16,84,0.765934065934066,0.0
478,3624,0,0,0.0002639538427178835,1,68,16,84,0.765934065934066,0.0
479,3650,0,0,0.005260404858543317,1,68,16,84,0.765934065934066,0.0
480,3699,0,0,0.00010426465461004894,1,68,16,84,0.765934065934066,0.0
481,3733,0,0,0.00047421359417448996,1,68,16,84,0.765934065934066,0.0
482,3988,0,0,0.0016906263541305417,1,68,16,84,0.765934065934066,0.0
483,4077,0,0,8.382327270489579e-05,1,68,16,84,0.765934065934066,0.0
484,4174,0,0,0.00047883327192239586,1,68,16,84,0.7730136986301369,0.0
485,4282,0,0,0.0002489984190469805,1,68,16,84,0.7730136986301369,0.0
486,4326,0,0,0.00015342981604801024,1,68,16,84,0.7730136986301369,0.0
487,4349,0,0,0.2572137896985021,1,68,16,84,0.7730136986301369,0.0
488,4406,0,0,0.00047309837011526507,1,68,16,84,0.7730136986301369,0.0
489,4660,0,0,0.00025786349177068276,1,68,16,84,0.7730136986301369,0.0
490,4808,0,0,1.1340989569137392e-05,1,68,16,84,0.7730136986301369,0.0
491,4919,0,0,0.0038942396710830306,1,68,16,84,0.7730136986301369,0.0
492,1664,1,0,0.0077109319955218966,1,69,16,85,0.765934065934066,0.0
493,2431,1,0,0.3976102558389629,1,70,16,86,0.7588705234159779,0.0
494,2587,0,0,2.7807352253419813e-05,1,70,16,86,0.7588705234159779,0.0
495,2599,0,0,2.9661454760285006e-06,1,70,16,86,0.7588705234159779,0.0
496,2698,0,0,0.004179011735252813,1,70,16,86,0.7588705234159779,0.0
497,2785,0,0,0.0004232680149091509,1,70,16,86,0.7588705234159779,0.0
498,2801,0,0,0.0034538343814417807,1,70,16,86,0.7588705234159779,0.0
499,3019,0,0,1.9687492879152446e-06,1,70,16,86,0.7588705234159779,0.0
500,3137,0,0,0.0004370109976819222,1,70,16,86,0.7614285714285713,0.0
501,3228,0,0,1.0806689728195859e-05,1,70,16,86,0.7614285714285713,0.0
502,3590,0,0,0.0007140537365555774,1,70,16,86,0.7614285714285713,0.0
503,3880,0,0,0.004253313286284995,1,70,16,86,0.7614285714285713,0.0
504,3899,0,0,0.0055268766457993775,1,70,16,86,0.7614285714285713,0.0
505,3971,0,0,1.2738317676278665e-05,1,70,16,86,0.7614285714285713,0.0
506,4768,0,0,0.002681204591561049,1,70,16,86,0.7614285714285713,0.0
507,4889,0,0,0.0006747083119992964,1,70,16,86,0.7614285714285713,0.0
508,4897,0,0,0.0004764945294545228,1,70,16,86,0.7614285714285713,0.0
509,551,1,0,0.046078583196395975,1,71,16,87,0.7543801652892561,0.0
510,653,1,0,6.165021855105094e-07,1,72,16,88,0.7473480662983425,0.0
511,2753,0,0,0.00014796650258379942,1,72,16,88,0.7473480662983425,0.0
512,2762,0,0,7.879869357844347e-05,1,72,16,88,0.7473480662983425,0.0
513,2795,0,0,0.0002610578949271523,1,72,16,88,0.7473480662983425,0.0
514,2841,0,0,7.339857889545926e-05,1,72,16,88,0.7473480662983425,0.0
515,2869,0,0,8.429754177573731e-06,1,72,16,88,0.7473480662983425,0.0
516,2931,0,1,0.8904953067291764,1,72,17,89,0.7447922437673131,0.0
517,2976,0,0,0.0006239549989533345,1,72,17,89,0.7447922437673131,0.0
518,3048,0,0,0.00028274384716540154,1,72,17,89,0.7447922437673131,0.0
519,3146,0,0,2.1767466518119315e-05,1,72,17,89,0.7447922437673131,0.0
520,3235,0,0,0.00016080868662170692,1,72,17,89,0.7447922437673131,0.0
521,3393,0,0,0.001298274996260605,1,72,17,89,0.7447922437673131,0.0
522,3455,0,0,0.009070738226664422,1,72,17,89,0.7447922437673131,0.0
523,3665,0,0,0.0007169198203803074,1,72,17,89,0.7518232044198895,0.0
524,3886,0,0,0.0007494105717727695,1,72,17,89,0.7588705234159779,0.0
525,3966,0,0,4.762578539640105e-05,1,72,17,89,0.765934065934066,0.0
526,3999,0,0,0.012405144043239802,1,72,17,89,0.7730136986301369,0.0
527,4037,0,0,0.3421081203423314,1,72,17,89,0.7801092896174864,0.0
528,4085,0,0,0.00017105006511100162,1,72,17,89,0.7872207084468665,0.0
529,4101,0,0,3.12156888222838e-06,1,72,17,89,0.7943478260869564,0.0
530,4222,0,1,0.7483934045251665,1,72,18,90,0.7989130434782608,0.0
531,4227,0,0,0.0001831725086982823,1,72,18,90,0.806070460704607,0.0
532,4317,0,0,0.0024667831913880284,1,72,18,90,0.806070460704607,0.0
533,4367,0,0,0.0030005396269663204,1,72,18,90,0.806070460704607,0.0
534,4467,0,0,0.002370176364539126,1,72,18,90,0.806070460704607,0.0
535,4486,0,0,0.001638549634079596,1,72,18,90,0.806070460704607,0.0
536,4644,0,1,0.8529505105047371,1,72,19,91,0.8034782608695652,0.0
537,4682,0,0,0.012064999175745512,1,72,19,91,0.8034782608695652,0.0
538,4863,0,0,0.39798391116922754,1,72,19,91,0.8034782608695652,0.0
539,2524,0,0,0.04313336229045209,1,72,19,91,0.8034782608695652,0.0
540,2534,0,0,0.00014656502870037178,1,72,19,91,0.8034782608695652,0.0
541,2560,0,0,9.224589115214253e-06,1,72,19,91,0.8034782608695652,0.0
542,2565,0,0,0.00016339690304536945,1,72,19,91,0.8034782608695652,0.0
543,2600,0,0,9.379010512779907e-07,1,72,19,91,0.8034782608695652,0.0
544,2631,0,0,5.483274912735672e-05,1,72,19,91,0.8034782608695652,0.0
545,2661,0,1,0.9887156340519436,1,72,20,92,0.8008719346049047,0.0
546,2672,0,0,0.0007972585919457604,1,72,20,92,0.8008719346049047,0.0
547,2751,0,0,0.0011402725334800198,1,72,20,92,0.8008719346049047,0.0
548,2774,0,0,0.2794203123104974,1,72,20,92,0.8008719346049047,0.0
549,2781,0,0,0.0029226199723175425,1,72,20,92,0.8008719346049047,0.0
550,2797,0,1,0.9732041794700159,1,72,21,93,0.7982513661202186,0.0
551,2875,0,0,0.3005863328357908,1,72,21,93,0.7982513661202186,0.0
552,2950,0,0,0.0007338129242676571,1,72,21,93,0.7982513661202186,0.0
553,3085,0,0,0.001980291455358058,1,72,21,93,0.7982513661202186,0.0
554,3094,0,0,0.003499975742224287,1,72,21,93,0.7982513661202186,0.0
555,3100,0,0,0.006257292538530124,1,72,21,93,0.7982513661202186,0.0
556,3118,0,0,1.132319409940452e-05,1,72,21,93,0.7982513661202186,0.0
557,3423,0,0,0.0036869300196627603,1,72,21,93,0.7982513661202186,0.0
558,3457,0,0,0.000483509795523039,1,72,21,93,0.7982513661202186,0.0
559,3475,0,0,0.004219465975325907,1,72,21,93,0.7982513661202186,0.0
560,3569,0,0,0.038087371236763146,1,72,21,93,0.7982513661202186,0.0
561,3687,0,0,0.00013812835952726042,1,72,21,93,0.7982513661202186,0.0
562,3700,0,0,0.0004007620252927243,1,72,21,93,0.8054223433242507,0.0
563,3849,0,0,0.00047017663124687275,1,72,21,93,0.8126086956521739,0.0
564,3878,0,0,0.001087703471822768,1,72,21,93,0.819810298102981,0.0
565,3962,0,0,0.00017829426957492888,1,72,21,93,0.8270270270270271,0.0
566,4106,0,0,2.55040479602995e-06,1,72,21,93,0.8342587601078166,0.0
567,4196,0,0,7.2378677329682646e-06,1,72,21,93,0.8342587601078166,0.0
568,4284,0,1,0.9502732771110178,1,72,22,94,0.8316216216216216,0.0
569,4383,0,1,0.882437544044275,1,72,23,95,0.8289701897018971,0.0
570,4399,0,0,1.2200307162522542e-06,1,72,23,95,0.8289701897018971,0.0
571,4412,0,0,0.00030328644848080853,1,72,23,95,0.8289701897018971,0.0
572,4471,0,0,3.4322060107934087e-05,1,72,23,95,0.8289701897018971,0.0
573,4777,0,0,7.553197890752757e-05,1,72,23,95,0.8316216216216216,0.0
574,4990,0,0,0.0004930294792322418,1,72,23,95,0.8316216216216216,0.0
575,586,1,0,1.7854751698163214e-05,1,73,23,96,0.824390243902439,0.0
576,856,1,0,1.1613205834696134e-05,1,74,23,97,0.8171739130434783,0.0
577,898,1,1,0.9990456213158256,1,74,23,97,0.8186563805850209,0.045454545454545456
578,1032,1,0,1.1194901634794757e-05,1,75,23,98,0.8115577299412916,0.043478260869565216
579,1186,1,0,0.0026815164216731787,1,76,23,99,0.8044688644688646,0.041666666666666664
580,1767,1,1,0.9989892079072887,1,76,23,99,0.8059755742948531,0.08
581,2020,1,1,0.9993855892891432,1,76,23,99,0.8073333333333333,0.11538461538461539
582,2546,0,0,0.007702123954255062,1,76,23,99,0.8073333333333333,0.11538461538461539
583,2820,0,0,0.00015302799678163954,1,76,23,99,0.8073333333333333,0.11538461538461539
584,3068,0,0,4.921939230906211e-05,1,76,23,99,0.8073333333333333,0.11538461538461539
585,3192,0,0,0.011404023107301643,1,76,23,99,0.8073333333333333,0.11538461538461539
586,3366,0,1,0.7371902619077969,1,76,24,100,0.8042054487397242,0.11538461538461539
587,3374,0,1,0.9989106744376317,1,76,25,101,0.8010853950518755,0.11538461538461539
588,3398,0,0,1.4619318224466796e-05,1,76,25,101,0.8042054487397242,0.11538461538461539
589,3534,0,0,0.0011477163630540202,1,76,25,101,0.8042054487397242,0.11538461538461539
590,3875,0,0,2.1839702173980295e-05,1,76,25,101,0.8042054487397242,0.11538461538461539
591,4023,0,0,0.004522479286313188,1,76,25,101,0.8111111111111111,0.12
592,4081,0,0,0.0001840169586281148,1,76,25,101,0.8142446196462817,0.12
593,4166,0,0,1.5638254270617916e-05,1,76,25,101,0.8142446196462817,0.12
594,4301,0,0,0.0001047832243827693,1,76,25,101,0.8142446196462817,0.12
595,4499,0,1,0.6344073392805277,1,76,26,102,0.8111111111111111,0.12
596,4557,0,0,0.00045665021529758945,1,76,26,102,0.8111111111111111,0.12
597,4731,0,0,0.0004079931691547587,1,76,26,102,0.8142446196462817,0.12
598,4901,0,0,0.015347002772317157,1,76,26,102,0.8142446196462817,0.12
599,4949,0,0,0.0001468647132244444,1,76,26,102,0.8142446196462817,0.12
600,405,1,0,0.06992029184389847,1,77,26,103,0.8073333333333333,0.11538461538461539
601,1085,1,0,0.0011885503101372167,1,78,26,104,0.8004246212378558,0.1111111111111111
602,1725,1,0,0.0010764297599811972,1,79,26,105,0.7935195530726257,0.10714285714285714
603,2514,0,0,0.005270835926914092,1,79,26,105,0.7935195530726257,0.10714285714285714
604,2609,0,0,0.00022743540912178244,1,79,26,105,0.7935195530726257,0.10714285714285714
605,2743,0,0,0.0002690719664035189,1,79,26,105,0.7935195530726257,0.10714285714285714
606,2790,0,0,0.0019164961210858854,1,79,26,105,0.7935195530726257,0.10714285714285714
607,2818,0,0,0.005977280364823458,1,79,26,105,0.7935195530726257,0.10714285714285714
608,2844,0,1,0.860342538516441,1,79,27,106,0.7904032310598658,0.10714285714285714
609,2900,0,0,0.0003087041634268131,1,79,27,106,0.7904032310598658,0.10714285714285714
610,2907,0,0,8.694338578107066e-06,1,79,27,106,0.7904032310598658,0.10714285714285714
611,3103,0,0,0.0036426174901741013,1,79,27,106,0.7904032310598658,0.10714285714285714
612,3150,0,0,0.0015932179541151268,1,79,27,106,0.7935195530726257,0.10714285714285714
613,3251,0,1,0.6234098227954332,1,79,28,107,0.7904032310598658,0.10714285714285714
614,3268,0,0,0.00015721812954953425,1,79,28,107,0.7904032310598658,0.10714285714285714
615,3283,0,0,9.825996020585486e-05,1,79,28,107,0.7904032310598658,0.10714285714285714
616,3313,0,0,0.0003043788467806955,1,79,28,107,0.7904032310598658,0.10714285714285714
617,3371,0,0,4.134704565836149e-06,1,79,28,107,0.7904032310598658,0.10714285714285714
618,3384,0,0,0.004995469465202435,1,79,28,107,0.7904032310598658,0.10714285714285714
619,3407,0,0,0.0007663307348609567,1,79,28,107,0.7904032310598658,0.10714285714285714
620,3437,0,0,0.10955494999133122,1,79,28,107,0.7973024740622506,0.1111111111111111
621,3548,0,0,0.016383330789317585,1,79,28,107,0.8042054487397242,0.11538461538461539
622,3562,0,0,0.03656361853945992,1,79,28,107,0.8111111111111111,0.12
623,3641,0,0,0.010254253302799195,1,79,28,107,0.8180183251651395,0.125
624,3712,0,0,0.011239476340642596,1,79,28,107,0.824925850537947,0.13043478260869565
625,3986,0,0,0.00022408215368110873,1,79,28,107,0.8318323281959646,0.13636363636363635
626,4079,0,0,0.0036388939179284423,1,79,28,107,0.8387362637362636,0.14285714285714285
627,4143,0,0,0.004469279875442789,1,79,28,107,0.8456360078277886,0.15
628,4193,0,0,1.603695135540995e-06,1,79,28,107,0.8525297332047573,0.15789473684210525
629,4215,0,0,0.0009901299615552226,1,79,28,107,0.8594154074808026,0.16666666666666666
630,4267,0,0,3.474535911589628e-06,1,79,28,107,0.8662907608695654,0.17647058823529413
631,4280,0,0,0.001077315537138772,1,79,28,107,0.8731532476615088,0.1875
632,4351,0,0,1.7771002998034387e-05,1,79,28,107,0.8731532476615088,0.1875
633,4485,0,0,0.0003725569946485461,1,79,28,107,0.8731532476615088,0.1875
634,4623,0,0,0.0007007681907122308,1,79,28,107,0.8731532476615088,0.1875
635,4858,0,0,0.0015537381173369713,1,79,28,107,0.8731532476615088,0.1875
636,4984,0,0,0.004205079684765243,1,79,28,107,0.8731532476615088,0.1875
637,4996,0,0,0.00836944547518948,1,79,28,107,0.8731532476615088,0.1875
638,192,1,0,0.01757186773470454,1,80,28,108,0.8662907608695654,0.17647058823529413
639,319,1,0,0.015757697043492194,1,81,28,109,0.8594154074808026,0.16666666666666666
640,717,1,0,0.018021986155635248,1,82,28,110,0.8525297332047573,0.15789473684210525
641,1255,1,1,0.981632238997226,1,82,28,110,0.8529914529914531,0.2
642,1425,1,0,0.0003515635222344259,1,83,28,111,0.8462013252922344,0.19047619047619047
643,1770,1,0,6.153684403680618e-06,1,84,28,112,0.839400988659494,0.18181818181818182
644,1777,1,0,0.1677319174514348,1,85,28,113,0.8325925136728461,0.17391304347826086
645,1869,1,0,0.000730294175771408,1,86,28,114,0.8257777777777778,0.16666666666666666
646,2220,1,0,1.785474181619332e-05,1,87,28,115,0.8189584890277871,0.16
647,2400,1,0,0.015919247260510326,1,88,28,116,0.8121362064378824,0.15384615384615385
648,2614,0,0,0.0004172398156108685,1,88,28,116,0.8121362064378824,0.15384615384615385
649,2669,0,0,0.0013397731523689036,1,88,28,116,0.8121362064378824,0.15384615384615385
650,2691,0,0,0.0011669064670336716,1,88,28,116,0.8121362064378824,0.15384615384615385
651,2766,0,0,0.004299759635304682,1,88,28,116,0.8121362064378824,0.15384615384615385
652,2867,0,0,0.0017590881093911806,1,88,28,116,0.8121362064378824,0.15384615384615385
653,2947,0,0,7.279990442726413e-05,1,88,28,116,0.8121362064378824,0.15384615384615385
654,2965,0,0,0.0004899574716422555,1,88,28,116,0.8121362064378824,0.15384615384615385
655,3350,0,0,0.014033042292873244,1,88,28,116,0.8121362064378824,0.15384615384615385
656,3410,0,0,0.0007798437429343139,1,88,28,116,0.8121362064378824,0.15384615384615385
657,3635,0,0,8.194142096256176e-05,1,88,28,116,0.8121362064378824,0.15384615384615385
658,3746,0,0,0.1116881089397837,1,88,28,116,0.8121362064378824,0.15384615384615385
659,3785,0,0,0.001307333830138908,1,88,28,116,0.8121362064378824,0.15384615384615385
660,3845,0,0,0.0012652691740274,1,88,28,116,0.8121362064378824,0.15384615384615385
661,3927,0,0,0.04902813896707479,1,88,28,116,0.8121362064378824,0.15384615384615385
662,3964,0,0,0.00010306890417243908,1,88,28,116,0.8121362064378824,0.15384615384615385
663,4082,0,1,0.6974374632620074,1,88,29,117,0.815708965150306,0.16
664,4201,0,1,0.7589298833579756,1,88,30,118,0.8192817238627295,0.16666666666666666
665,4361,0,0,0.002052857745875958,1,88,30,118,0.8192817238627295,0.16666666666666666
666,4503,0,0,6.945109065040539e-05,1,88,30,118,0.8192817238627295,0.16666666666666666
667,4573,0,0,0.022133656304281244,1,88,30,118,0.8192817238627295,0.16666666666666666
668,4650,0,0,0.0034806867595437423,1,88,30,118,0.8192817238627295,0.16666666666666666
669,4862,0,0,0.00021475291783972864,1,88,30,118,0.8192817238627295,0.16666666666666666
670,4864,0,0,0.0033688290003829843,1,88,30,118,0.8192817238627295,0.16666666666666666
671,4866,0,0,0.0002996845436694349,1,88,30,118,0.8192817238627295,0.16666666666666666
672,83,1,0,0.00032730303866859494,1,89,30,119,0.8124715002279982,0.16
673,2406,1,0,0.047834273811048135,1,90,30,120,0.805658835546476,0.15384615384615385
674,2592,0,0,3.22711402308049e-05,1,90,30,120,0.805658835546476,0.15384615384615385
675,2633,0,0,0.0019162693321058948,1,90,30,120,0.805658835546476,0.15384615384615385
676,2717,0,0,1.5911655779120132e-06,1,90,30,120,0.805658835546476,0.15384615384615385
677,2926,0,0,0.28022855704966965,1,90,30,120,0.805658835546476,0.15384615384615385
678,2960,0,0,0.00045751910781237473,1,90,30,120,0.805658835546476,0.15384615384615385
679,3058,0,1,0.9605525634286628,1,90,31,121,0.8024350547730831,0.15384615384615385
680,3092,0,0,1.803965973615097e-05,1,90,31,121,0.8024350547730831,0.15384615384615385
681,3417,0,0,4.791796652213599e-06,1,90,31,121,0.8024350547730831,0.15384615384615385
682,3564,0,0,1.3158856594301989e-05,1,90,31,121,0.8024350547730831,0.15384615384615385
683,3611,0,0,0.0034651817224438065,1,90,31,121,0.8024350547730831,0.15384615384615385
684,3753,0,0,0.001169868802056407,1,90,31,121,0.8024350547730831,0.15384615384615385
685,3827,0,0,0.0043374436466584124,1,90,31,121,0.8024350547730831,0.15384615384615385
686,3831,0,0,0.000185765482941747,1,90,31,121,0.8024350547730831,0.15384615384615385
687,4034,0,0,0.0019126198118228788,1,90,31,121,0.8024350547730831,0.15384615384615385
688,4314,0,0,0.00786705030385187,1,90,31,121,0.8024350547730831,0.15384615384615385
689,4414,0,0,0.00020800663962540592,1,90,31,121,0.8024350547730831,0.15384615384615385
690,4649,0,0,0.0003493432749293058,1,90,31,121,0.8024350547730831,0.15384615384615385
691,4674,0,0,1.9408964112004012e-05,1,90,31,121,0.8024350547730831,0.15384615384615385
692,4758,0,0,0.00015106361704921056,1,90,31,121,0.8092441266598569,0.16
693,4829,0,1,0.996889064917453,1,90,32,122,0.812829417773238,0.16666666666666666
694,1849,1,0,6.6204184171154594e-06,1,91,32,123,0.8060250391236308,0.16
695,2602,0,0,0.0038524270994680647,1,91,32,123,0.8060250391236308,0.16
696,2680,0,0,6.35299500816059e-05,1,91,32,123,0.8060250391236308,0.16
697,2749,0,0,8.628404011458174e-05,1,91,32,123,0.8060250391236308,0.16
698,2879,0,0,0.0027821848130442257,1,91,32,123,0.8060250391236308,0.16
699,2954,0,0,0.13041066214691813,1,91,32,123,0.8060250391236308,0.16
700,3013,0,0,0.0009097190408991005,1,91,32,123,0.8060250391236308,0.16
701,3067,0,0,0.0033737890132758417,1,91,32,123,0.8060250391236308,0.16
702,3312,0,0,0.0002212018950046044,1,91,32,123,0.8060250391236308,0.16
703,3347,0,0,0.0005195576265141066,1,91,32,123,0.8060250391236308,0.16
704,3360,0,0,0.00018950795216285214,1,91,32,123,0.8060250391236308,0.16
705,3390,0,0,0.004435855710761951,1,91,32,123,0.8060250391236308,0.16
706,3593,0,0,0.009425287470464071,1,91,32,123,0.8060250391236308,0.16
707,3619,0,0,0.000113309002606252,1,91,32,123,0.8060250391236308,0.16
708,3838,0,0,0.00040469727962417487,1,91,32,123,0.8060250391236308,0.16
709,4060,0,0,0.0013492633781490289,1,91,32,123,0.812829417773238,0.16666666666666666
710,4113,0,0,2.038323178228489e-05,1,91,32,123,0.8196306429548563,0.17391304347826086
711,4287,0,0,0.0001568051132741604,1,91,32,123,0.8196306429548563,0.17391304347826086
712,4304,0,0,0.006995839133628154,1,91,32,123,0.8196306429548563,0.17391304347826086
713,4523,0,0,9.211453299275408e-05,1,91,32,123,0.8196306429548563,0.17391304347826086
714,4550,0,0,0.0039028064681946376,1,91,32,123,0.8196306429548563,0.17391304347826086
715,4608,0,0,0.00025846881650938634,1,91,32,123,0.8196306429548563,0.17391304347826086
716,4719,0,0,0.00019338069764797945,1,91,32,123,0.822854482575153,0.17391304347826086
717,4771,0,1,0.9915183713807392,1,91,33,124,0.8196306429548563,0.17391304347826086
718,4906,0,0,0.00022930237215318438,1,91,33,124,0.8196306429548563,0.17391304347826086
719,4912,0,0,0.010729301695615676,1,91,33,124,0.8196306429548563,0.17391304347826086
720,4957,0,0,0.030796489907652682,1,91,33,124,0.8196306429548563,0.17391304347826086
721,2667,0,1,0.6315445026371814,1,91,34,125,0.816414708886619,0.17391304347826086
722,2670,0,0,1.5407978642590587e-05,1,91,34,125,0.816414708886619,0.17391304347826086
723,3025,0,0,0.0001683618277809243,1,91,34,125,0.816414708886619,0.17391304347826086
724,3088,0,0,0.002325980146631865,1,91,34,125,0.816414708886619,0.17391304347826086
725,3115,0,0,0.13146852798251193,1,91,34,125,0.816414708886619,0.17391304347826086
726,3158,0,0,2.0229806990632388e-05,1,91,34,125,0.816414708886619,0.17391304347826086
727,3189,0,0,8.147745460973775e-06,1,91,34,125,0.816414708886619,0.17391304347826086
728,3343,0,0,9.835439166686046e-05,1,91,34,125,0.816414708886619,0.17391304347826086
729,3493,0,0,3.4947087693836184e-06,1,91,34,125,0.816414708886619,0.17391304347826086
730,3618,0,0,0.00030043891123267144,1,91,34,125,0.8196306429548563,0.17391304347826086
731,4043,0,0,0.0008891235753472123,1,91,34,125,0.8196306429548563,0.17391304347826086
732,4145,0,0,0.0024403426845621898,1,91,34,125,0.8196306429548563,0.17391304347826086
733,4177,0,0,0.009417813913712204,1,91,34,125,0.8196306429548563,0.17391304347826086
734,4237,0,0,0.4639533432159574,1,91,34,125,0.8196306429548563,0.17391304347826086
735,4690,0,0,7.5910170722987645e-06,1,91,34,125,0.8196306429548563,0.17391304347826086
736,4722,0,0,4.579723256732969e-06,1,91,34,125,0.822854482575153,0.17391304347826086
737,4751,0,0,0.00016994991549511962,1,91,34,125,0.822854482575153,0.17391304347826086
738,4907,0,0,5.074691244944734e-06,1,91,34,125,0.822854482575153,0.17391304347826086
739,804,1,0,0.11559817917856416,1,92,34,126,0.8160510715914273,0.16666666666666666
740,2121,1,0,0.00022330945148539867,1,93,34,127,0.8092441266598569,0.16
741,2597,0,0,1.5857430362889616e-06,1,93,34,127,0.8092441266598569,0.16
742,2779,0,0,0.003854660109734811,1,93,34,127,0.8092441266598569,0.16
743,3035,0,0,0.00020024983706277969,1,93,34,127,0.8092441266598569,0.16
744,3155,0,0,0.0001425384112153342,1,93,34,127,0.8092441266598569,0.16
745,3226,0,0,0.0003838685400182912,1,93,34,127,0.8124715002279982,0.16
746,3323,0,0,2.1958975857420378e-06,1,93,34,127,0.8124715002279982,0.16
747,3448,0,0,0.0034141439863073202,1,93,34,127,0.8124715002279982,0.16
748,3942,0,0,7.178630496186355e-06,1,93,34,127,0.8124715002279982,0.16
749,4163,0,0,0.0063234764266485236,1,93,34,127,0.8124715002279982,0.16
750,4268,0,0,0.0061690967621286785,1,93,34,127,0.815708965150306,0.16
751,4294,0,0,2.625582775376548e-05,1,93,34,127,0.815708965150306,0.16
752,4307,0,0,0.0003602225127004693,1,93,34,127,0.815708965150306,0.16
753,4343,0,0,0.001911466952658541,1,93,34,127,0.815708965150306,0.16
754,4443,0,0,0.008788340961947973,1,93,34,127,0.815708965150306,0.16
755,4473,0,0,0.00047762001801471976,1,93,34,127,0.815708965150306,0.16
756,4685,0,0,0.00105127033962907,1,93,34,127,0.815708965150306,0.16
757,4805,0,0,0.00015105300577542544,1,93,34,127,0.815708965150306,0.16
758,310,1,0,0.05553270738380575,1,94,34,128,0.8088919288645691,0.15384615384615385
759,1720,1,0,5.785690055071752e-06,1,95,34,129,0.802073544433095,0.14814814814814814
760,2601,0,0,2.7064903406536853e-06,1,95,34,129,0.802073544433095,0.14814814814814814
761,2621,0,0,0.0002161783252745798,1,95,34,129,0.802073544433095,0.14814814814814814
762,2644,0,0,0.0007242770488438535,1,95,34,129,0.802073544433095,0.14814814814814814
763,2857,0,0,0.04146307271252576,1,95,34,129,0.802073544433095,0.14814814814814814
764,2905,0,0,0.015295817551708684,1,95,34,129,0.802073544433095,0.14814814814814814
765,3069,0,0,0.11156116631245995,1,95,34,129,0.802073544433095,0.14814814814814814
766,3075,0,0,0.0013463703622690869,1,95,34,129,0.802073544433095,0.14814814814814814
767,3408,0,0,0.0004880969017061987,1,95,34,129,0.802073544433095,0.14814814814814814
768,3542,0,0,0.01273454008116801,1,95,34,129,0.8053123575011399,0.14814814814814814
769,3551,0,0,0.0009870299519567705,1,95,34,129,0.808563447725459,0.14814814814814814
770,3617,0,0,0.0006029884169899277,1,95,34,129,0.808563447725459,0.14814814814814814
771,4104,0,0,3.204120625091594e-06,1,95,34,129,0.808563447725459,0.14814814814814814
772,4260,0,0,1.0245044443534472e-05,1,95,34,129,0.808563447725459,0.14814814814814814
773,4340,0,0,8.50491168023551e-05,1,95,34,129,0.808563447725459,0.14814814814814814
774,4444,0,0,0.0010306334036410249,1,95,34,129,0.808563447725459,0.14814814814814814
775,4732,0,0,0.0028165790513614585,1,95,34,129,0.8153937088117398,0.15384615384615385
776,4816,0,0,1.7923109780230822e-05,1,95,34,129,0.8222222222222222,0.16
777,418,1,0,0.0005014940981589434,1,96,34,130,0.8142446196462817,0.12
778,1007,1,1,0.9984433770413277,1,96,34,130,0.8222222222222222,0.16
779,1668,1,0,1.7042015643489675e-05,1,97,34,131,0.8222222222222222,0.16
780,1683,1,0,0.09809656621196054,1,98,34,132,0.8142446196462817,0.12
781,1716,1,0,0.0048793424974150085,1,99,34,133,0.8059755742948531,0.08
782,1944,1,0,1.6612656765125407e-05,1,100,34,134,0.7989843028624192,0.07692307692307693
783,2141,1,0,0.000481791801730996,1,101,34,135,0.792,0.07407407407407407
784,2874,0,0,0.0006882693829301977,1,101,34,135,0.792,0.07407407407407407
785,2980,0,0,0.0002080512546919084,1,101,34,135,0.792,0.07407407407407407
786,3032,0,0,0.4907486141300422,1,101,34,135,0.7949818879181761,0.07407407407407407
787,3117,0,0,0.00042950366692894206,1,101,34,135,0.7979674323931376,0.07407407407407407
788,3223,0,0,0.00014418225775919493,1,101,34,135,0.7979674323931376,0.07407407407407407
789,3279,0,0,3.715963006774981e-06,1,101,34,135,0.7979674323931376,0.07407407407407407
790,3463,0,1,0.8777003338337385,1,101,35,136,0.7949818879181761,0.07407407407407407
791,3572,0,0,0.002004992828010861,1,101,35,136,0.7949818879181761,0.07407407407407407
792,3595,0,0,0.015479687092189706,1,101,35,136,0.7949818879181761,0.07407407407407407
793,3649,0,1,0.6973595564507672,1,101,36,137,0.792,0.07407407407407407
794,3734,0,0,3.6711001535604744e-06,1,101,36,137,0.792,0.07407407407407407
795,3764,0,0,0.00022247416075736053,1,101,36,137,0.7949818879181761,0.07407407407407407
796,3772,0,0,7.195222466565935e-05,1,101,36,137,0.7949818879181761,0.07407407407407407
797,4063,0,0,0.0011735495622535034,1,101,36,137,0.7949818879181761,0.07407407407407407
798,4080,0,0,2.2174599509918833e-06,1,101,36,137,0.7949818879181761,0.07407407407407407
799,4087,0,0,0.042431507214022716,2,101,36,137,0.7949818879181761,0.07407407407407407
800,4126,0,0,0.0005717623750269376,2,101,36,137,0.8019715033439954,0.07692307692307693
801,4249,0,0,0.0021108553844566523,2,101,36,137,0.808968058968059,0.08
802,4254,0,0,0.00010041839814839514,2,101,36,137,0.8159706959706959,0.08333333333333333
803,4255,0,0,6.435011643173696e-06,2,101,36,137,0.8159706959706959,0.08333333333333333
804,4362,0,0,0.008379144057506121,2,101,36,137,0.8159706959706959,0.08333333333333333
805,4588,0,0,5.566744171537603e-05,2,101,36,137,0.8159706959706959,0.08333333333333333
806,4601,0,1,0.9726254529979795,2,101,37,138,0.8129729729729729,0.08333333333333333
807,4661,0,0,0.01604020173559623,2,101,37,138,0.8129729729729729,0.08333333333333333
808,4740,0,0,0.00014167440115684003,2,101,37,138,0.8159706959706959,0.08333333333333333
809,4845,0,0,0.0008045823343638348,2,101,37,138,0.8159706959706959,0.08333333333333333
810,191,1,0,4.802471036327287e-05,2,102,37,139,0.808968058968059,0.08
811,329,1,0,0.01167285593376972,2,103,37,140,0.8019715033439954,0.07692307692307693
812,471,1,0,0.0013852180641062283,2,104,37,141,0.7949818879181761,0.07407407407407407
813,852,1,0,0.011672856059057334,2,105,37,142,0.7909794729739328,0.07142857142857142
814,1397,1,0,0.011672855767452405,2,106,37,143,0.784,0.06896551724137931
815,1722,1,1,0.9769026876511065,2,106,37,143,0.7859537110933759,0.1
816,2360,1,0,0.0009700593153625102,2,107,37,144,0.7790508761644194,0.0967741935483871
817,2489,1,0,0.011672855914248529,2,108,37,145,0.7721552604698673,0.09375
818,2507,0,0,0.0006385933145865784,2,108,37,145,0.7721552604698673,0.09375
819,2583,0,0,0.0005319675292848216,2,108,37,145,0.7721552604698673,0.09375
820,2593,0,0,0.00021324474622760306,2,108,37,145,0.7721552604698673,0.09375
821,2596,0,0,0.005738910368015486,2,108,37,145,0.7721552604698673,0.09375
822,2687,0,0,6.5427454524911505e-06,2,108,37,145,0.7721552604698673,0.09375
823,2741,0,0,0.00035018315610789403,2,108,37,145,0.7721552604698673,0.09375
824,2754,0,0,1.9711934391554592e-06,2,108,37,145,0.7721552604698673,0.09375
825,2800,0,0,0.00035267182355007323,2,108,37,145,0.7721552604698673,0.09375
826,2930,0,0,0.0001146215912125802,2,108,37,145,0.7721552604698673,0.09375
827,2948,0,0,0.00021342248799325394,2,108,37,145,0.7721552604698673,0.09375
828,3166,0,0,0.00026813482941866467,2,108,37,145,0.7721552604698673,0.09375
829,3178,0,0,0.0009807620999268507,2,108,37,145,0.7721552604698673,0.09375
830,3273,0,0,0.0002630899737159791,2,108,37,145,0.7721552604698673,0.09375
831,3324,0,0,0.00037376445578283477,2,108,37,145,0.7721552604698673,0.09375
832,3439,0,0,0.000359499816403645,2,108,37,145,0.7721552604698673,0.09375
833,3492,0,0,0.051216267112564814,2,108,37,145,0.7721552604698673,0.09375
834,3568,0,0,8.953527521110394e-05,2,108,37,145,0.7721552604698673,0.09375
835,3657,0,0,0.00547331241144858,2,108,37,145,0.7721552604698673,0.09375
836,3692,0,0,0.003985139476247374,2,108,37,145,0.7721552604698673,0.09375
837,3738,0,0,7.960659608672563e-05,2,108,37,145,0.7721552604698673,0.09375
838,3926,0,1,0.7841233073298421,2,108,38,146,0.7759397344228804,0.0967741935483871
839,4049,0,0,0.0009969356732513006,2,108,38,146,0.7828349944629014,0.1
840,4053,0,0,0.002157032736003273,2,108,38,146,0.7897366320830008,0.10344827586206896
841,4064,0,0,0.08942101713148086,2,108,38,146,0.7880000000000001,0.07142857142857142
842,4173,0,0,0.0017535746922762593,2,108,38,146,0.7949818879181761,0.07407407407407407
843,4313,0,0,2.888998909800701e-05,2,108,38,146,0.8019715033439954,0.07692307692307693
844,4438,0,0,8.76096034848793e-05,2,108,38,146,0.808968058968059,0.08
845,4476,0,0,1.1657152120059071e-05,2,108,38,146,0.8159706959706959,0.08333333333333333
846,4621,0,0,0.00011302154788593766,2,108,38,146,0.8229784735812133,0.08695652173913043
847,4626,0,0,0.07842675033052657,2,108,38,146,0.8299903567984572,0.09090909090909091
848,4655,0,0,0.0001345735290717093,2,108,38,146,0.8299903567984572,0.09090909090909091
849,4698,0,0,0.007074108106274858,2,108,38,146,0.8299903567984572,0.09090909090909091
850,4714,0,0,0.0006054042555066855,2,108,38,146,0.8299903567984572,0.09090909090909091
851,4930,0,0,0.0007108248635787073,2,108,38,146,0.8299903567984572,0.09090909090909091
852,4998,0,0,0.0006339932057799426,2,108,38,146,0.8299903567984572,0.09090909090909091
853,18,1,0,0.0004912565988472392,2,109,38,147,0.8229784735812133,0.08695652173913043
854,409,1,0,7.758923335368972e-08,2,110,38,148,0.8159706959706959,0.08333333333333333
855,2580,0,0,0.0002848251907131801,2,110,38,148,0.8159706959706959,0.08333333333333333
856,2773,0,0,0.3643030642694048,2,110,38,148,0.8159706959706959,0.08333333333333333
857,2802,0,0,0.00016927560035223703,2,110,38,148,0.8159706959706959,0.08333333333333333
858,2824,0,0,0.000534437788998905,2,110,38,148,0.8159706959706959,0.08333333333333333
859,3005,0,0,0.0019724002242659877,2,110,38,148,0.8159706959706959,0.08333333333333333
860,3011,0,1,0.9076880375341035,2,110,39,149,0.8129729729729729,0.08333333333333333
861,3021,0,0,0.008602003587470302,2,110,39,149,0.8129729729729729,0.08333333333333333
862,3464,0,0,0.00026919960863294024,2,110,39,149,0.8129729729729729,0.08333333333333333
863,3502,0,0,0.009017668582915868,2,110,39,149,0.8159706959706959,0.08333333333333333
864,3589,0,0,5.992889684502966e-05,2,110,39,149,0.8189745596868885,0.08333333333333333
865,3659,0,0,0.00014671797575586108,2,110,39,149,0.8189745596868885,0.08333333333333333
866,3817,0,0,0.00019989046872682912,2,110,39,149,0.8189745596868885,0.08333333333333333
867,3842,0,0,0.00017300977346351026,2,110,39,149,0.8189745596868885,0.08333333333333333
868,3874,0,0,0.00027797875902991673,2,110,39,149,0.8189745596868885,0.08333333333333333
869,3883,0,1,0.936522555770305,2,110,40,150,0.8159706959706959,0.08333333333333333
870,3930,0,0,0.04471551266184568,2,110,40,150,0.8159706959706959,0.08333333333333333
871,3956,0,0,7.680639753584042e-05,2,110,40,150,0.8159706959706959,0.08333333333333333
872,4030,0,0,3.736683099865772e-05,2,110,40,150,0.8229784735812133,0.08695652173913043
873,4047,0,0,0.3894805931800206,2,110,40,150,0.8299903567984572,0.09090909090909091
874,4152,0,0,0.0008045639881981867,2,110,40,150,0.8299903567984572,0.09090909090909091
875,4341,0,0,2.3969895346682507e-05,2,110,40,150,0.8299903567984572,0.09090909090909091
876,4348,0,0,0.007276705864490466,2,110,40,150,0.8299903567984572,0.09090909090909091
877,4466,0,0,0.027264469445078255,2,110,40,150,0.8299903567984572,0.09090909090909091
878,4487,0,0,0.00021820011929656933,2,110,40,150,0.8299903567984572,0.09090909090909091
879,4521,0,0,0.0020507090128928963,2,110,40,150,0.833006357856494,0.09090909090909091
880,4695,0,0,0.0004221422693819593,2,110,40,150,0.833006357856494,0.09090909090909091
881,4841,0,0,0.006065223595930079,2,110,40,150,0.833006357856494,0.09090909090909091
882,739,1,0,0.0031819390892613543,2,111,40,151,0.8259884281581487,0.08695652173913043
883,1434,1,0,0.0743243350772999,2,112,40,152,0.8189745596868885,0.08333333333333333
884,1657,1,1,0.6141067157573165,2,112,40,152,0.8205457523639342,0.12
885,2523,0,0,9.648038955257223e-05,2,112,40,152,0.8205457523639342,0.12
886,2725,0,0,2.2108586093924914e-05,2,112,40,152,0.8205457523639342,0.12
887,2768,0,0,0.00021668147212987687,2,112,40,152,0.8205457523639342,0.12
888,2893,0,0,0.00016447569387955012,2,112,40,152,0.8205457523639342,0.12
889,3256,0,0,0.00022617936166813762,2,112,40,152,0.8205457523639342,0.12
890,3288,0,0,0.0002806245839399747,2,112,40,152,0.8205457523639342,0.12
891,3342,0,0,0.09053034575018341,2,112,40,152,0.8205457523639342,0.12
892,3382,0,0,0.007260065241150694,2,112,40,152,0.8205457523639342,0.12
893,3449,0,0,1.7455027747505253e-05,2,112,40,152,0.8237179487179486,0.12
894,3470,0,0,0.0005722498510904489,2,112,40,152,0.8306536203522503,0.125
895,3645,0,0,0.006456653047784097,2,112,40,152,0.8306536203522503,0.125
896,3670,0,0,0.00022337871928006844,2,112,40,152,0.8306536203522503,0.125
897,3763,0,0,9.744677963489432e-06,2,112,40,152,0.8306536203522503,0.125
898,3993,0,0,0.2673368511714881,2,112,40,152,0.8306536203522503,0.125
899,4073,0,0,0.053946315835202444,2,112,40,152,0.8306536203522503,0.125
900,4186,0,0,0.000986915931153386,2,112,40,152,0.8306536203522503,0.125
901,4274,0,0,0.0003126451897695473,2,112,40,152,0.8306536203522503,0.125
902,4419,0,0,0.0002380066655547619,2,112,40,152,0.8306536203522503,0.125
903,4439,0,0,8.300883658040472e-05,2,112,40,152,0.8306536203522503,0.125
904,4489,0,0,1.103747719883822e-05,2,112,40,152,0.8306536203522503,0.125
905,4524,0,0,0.0025297217702743634,2,112,40,152,0.8306536203522503,0.125
906,4555,0,0,0.000147412299666364,2,112,40,152,0.8306536203522503,0.125
907,4582,0,0,0.0002523996160452246,2,112,40,152,0.8306536203522503,0.125
908,4774,0,0,0.007204840423226198,2,112,40,152,0.8306536203522503,0.125
909,4792,0,0,0.00018546286376387605,2,112,40,152,0.8306536203522503,0.125
910,4855,0,0,0.02258956448555072,2,112,40,152,0.8306536203522503,0.125
911,544,1,0,0.0008440707239118645,2,113,40,153,0.8237179487179486,0.12
912,876,1,1,0.9133784886835749,2,113,40,153,0.8252689735388193,0.15384615384615385
913,2522,0,0,0.001235116934943019,2,113,40,153,0.8252689735388193,0.15384615384615385
914,2551,0,0,9.798086657386615e-05,2,113,40,153,0.8252689735388193,0.15384615384615385
915,2637,0,0,9.873266492635706e-05,2,113,40,153,0.8252689735388193,0.15384615384615385
916,2688,0,0,2.1087583069017384e-05,2,113,40,153,0.8252689735388193,0.15384615384615385
917,2739,0,0,0.0006275202642733684,2,113,40,153,0.8286039758767031,0.15384615384615385
918,2817,0,0,0.0004405079585497585,2,113,40,153,0.8286039758767031,0.15384615384615385
919,2952,0,0,1.6015159622138032e-05,2,113,40,153,0.8286039758767031,0.15384615384615385
920,3015,0,0,0.0007170382650074246,2,113,40,153,0.8286039758767031,0.15384615384615385
921,3020,0,0,9.65779358508478e-05,2,113,40,153,0.8319658119658119,0.15384615384615385
922,3056,0,0,0.006127382980968585,2,113,40,153,0.8319658119658119,0.15384615384615385
923,3141,0,0,7.862284358173509e-05,2,113,40,153,0.8319658119658119,0.15384615384615385
924,3225,0,1,0.7261298348059324,2,113,41,154,0.8286039758767031,0.15384615384615385
925,3248,0,0,0.0005578360684839554,2,113,41,154,0.8286039758767031,0.15384615384615385
926,3317,0,0,0.00011264553091473773,2,113,41,154,0.8286039758767031,0.15384615384615385
927,3444,0,1,0.8756435887242859,2,113,42,155,0.8252689735388193,0.15384615384615385
928,3453,0,0,0.00011488473975320733,2,113,42,155,0.8252689735388193,0.15384615384615385
929,3456,0,0,0.00017716603687047873,2,113,42,155,0.8252689735388193,0.15384615384615385
930,3482,0,0,0.0013380554327823996,2,113,42,155,0.8252689735388193,0.15384615384615385
931,3510,0,0,0.00016343836209682905,2,113,42,155,0.8252689735388193,0.15384615384615385
932,3683,0,1,0.9768221899588908,2,113,43,156,0.8219575253924285,0.15384615384615385
933,3684,0,0,9.828493869065851e-06,2,113,43,156,0.8219575253924285,0.15384615384615385
934,3786,0,0,9.306017143496301e-05,2,113,43,156,0.8219575253924285,0.15384615384615385
935,3843,0,0,5.9700000921997024e-05,2,113,43,156,0.8219575253924285,0.15384615384615385
936,3983,0,0,0.0026153096584374575,2,113,43,156,0.8219575253924285,0.15384615384615385
937,3991,0,0,0.00013845123503043025,2,113,43,156,0.8219575253924285,0.15384615384615385
938,4135,0,0,5.0643079756904595e-06,2,113,43,156,0.8219575253924285,0.15384615384615385
939,4197,0,0,2.0725320679296894e-05,2,113,43,156,0.8288019773189881,0.16
940,4233,0,1,0.9499783282302945,2,113,44,157,0.8323349810991567,0.16666666666666666
941,4356,0,0,0.00030102850590687656,2,113,44,157,0.8323349810991567,0.16666666666666666
942,4387,0,0,0.000519968218471593,2,113,44,157,0.8323349810991567,0.16666666666666666
943,4518,0,0,0.0017385481487394328,2,113,44,157,0.8323349810991567,0.16666666666666666
944,4543,0,0,0.0031320285943621778,2,113,44,157,0.8323349810991567,0.16666666666666666
945,4561,0,0,0.0020474280370302977,2,113,44,157,0.8323349810991567,0.16666666666666666
946,4643,0,0,1.2628577846299619e-06,2,113,44,157,0.8323349810991567,0.16666666666666666
947,4706,0,0,0.0016094675374918206,2,113,44,157,0.8323349810991567,0.16666666666666666
948,4715,0,0,0.016240905575179616,2,113,44,157,0.8323349810991567,0.16666666666666666
949,4772,0,0,0.0006367947186511481,2,113,44,157,0.8323349810991567,0.16666666666666666
950,4821,0,0,0.004838868496117555,2,113,44,157,0.8323349810991567,0.16666666666666666
951,4824,0,0,6.129266537963432e-06,2,113,44,157,0.8323349810991567,0.16666666666666666
952,4890,0,0,5.551769777681069e-06,2,113,44,157,0.8323349810991567,0.16666666666666666
953,4913,0,0,3.366715036999024e-05,2,113,44,157,0.8323349810991567,0.16666666666666666
954,90,1,0,0.003783163801522794,2,114,44,158,0.8255025214859011,0.16
955,1977,1,0,3.53276034893294e-05,2,115,44,159,0.8186666666666667,0.15384615384615385
956,2563,0,0,0.00024626362770311674,2,115,44,159,0.8186666666666667,0.15384615384615385
957,2569,0,0,0.0007293954610552336,2,115,44,159,0.8186666666666667,0.15384615384615385
958,2642,0,0,0.0029017762815182926,2,115,44,159,0.8255025214859011,0.16
959,2659,0,0,0.00025524104098536844,2,115,44,159,0.8323349810991567,0.16666666666666666
960,2693,0,0,0.0001084893486007779,2,115,44,159,0.8323349810991567,0.16666666666666666
961,2709,0,0,0.0008432522508850413,2,115,44,159,0.8323349810991567,0.16666666666666666
962,2729,0,0,0.0019414286145600403,2,115,44,159,0.8323349810991567,0.16666666666666666
963,2738,0,0,0.00014384413020169325,2,115,44,159,0.8323349810991567,0.16666666666666666
964,2756,0,0,0.025192333153979254,2,115,44,159,0.8323349810991567,0.16666666666666666
965,2928,0,0,0.1921514190397195,2,115,44,159,0.8323349810991567,0.16666666666666666
966,3001,0,0,0.0007963604691546659,2,115,44,159,0.8323349810991567,0.16666666666666666
967,3023,0,0,7.273142527576249e-05,2,115,44,159,0.8323349810991567,0.16666666666666666
968,3029,0,0,8.747112679331085e-06,2,115,44,159,0.8323349810991567,0.16666666666666666
969,3036,0,0,2.6292530616391383e-06,2,115,44,159,0.8323349810991567,0.16666666666666666
970,3059,0,0,0.00546976418802175,2,115,44,159,0.8323349810991567,0.16666666666666666
971,3184,0,0,0.0017852036928831738,2,115,44,159,0.8323349810991567,0.16666666666666666
972,3296,0,0,3.640254629600183e-05,2,115,44,159,0.8323349810991567,0.16666666666666666
973,3307,0,0,0.00010550555212694376,2,115,44,159,0.8323349810991567,0.16666666666666666
974,3315,0,0,5.725885276649596e-05,2,115,44,159,0.8323349810991567,0.16666666666666666
975,3331,0,0,0.0011739117752402528,2,115,44,159,0.8323349810991567,0.16666666666666666
976,3367,0,0,0.0021160151646996903,2,115,44,159,0.8323349810991567,0.16666666666666666
977,3381,0,0,0.004147168649072687,2,115,44,159,0.8391623855260218,0.17391304347826086
978,3389,0,0,0.0015559101628913098,2,115,44,159,0.8381448140900196,0.13636363636363635
979,3411,0,0,0.0007385399836959422,2,115,44,159,0.8450594664095147,0.14285714285714285
980,3440,0,0,0.0007867963816525473,2,115,44,159,0.8519692841218727,0.15
981,3447,0,0,0.000953723259600319,2,115,44,159,0.8588722826086956,0.15789473684210525
982,3489,0,0,3.654101547009839e-05,2,115,44,159,0.8657662383075443,0.16666666666666666
983,3556,0,0,5.819328153358748e-05,2,115,44,159,0.8726486486486487,0.17647058823529413
984,3588,0,0,0.0006734039704312284,2,115,44,159,0.8726486486486487,0.17647058823529413
985,3625,0,0,7.713305730508603e-05,2,115,44,159,0.8726486486486487,0.17647058823529413
986,3630,0,0,3.0426124798028665e-05,2,115,44,159,0.8726486486486487,0.17647058823529413
987,3697,0,0,0.00010316650735775247,2,115,44,159,0.8726486486486487,0.17647058823529413
988,3803,0,0,0.001320796396404324,2,115,44,159,0.8726486486486487,0.17647058823529413
989,3823,0,0,0.0037175695147761804,2,115,44,159,0.8726486486486487,0.17647058823529413
990,3826,0,0,0.00027647205934289577,2,115,44,159,0.875861139511107,0.17647058823529413
991,3872,0,0,0.0004739570336960113,2,115,44,159,0.875861139511107,0.17647058823529413
992,3901,0,0,0.00012365378005754993,2,115,44,159,0.875861139511107,0.17647058823529413
993,3920,0,0,0.0006337407967812581,2,115,44,159,0.8791013824884792,0.17647058823529413
994,3979,0,1,0.5741108188364703,2,115,45,160,0.875861139511107,0.17647058823529413
995,3990,0,0,0.0008406932343075454,2,115,45,160,0.875861139511107,0.17647058823529413
996,4055,0,1,0.6299550672089188,2,115,46,161,0.8726486486486487,0.17647058823529413
997,4100,0,0,2.4790246474676872e-05,2,115,46,161,0.8726486486486487,0.17647058823529413
998,4168,0,0,0.0001475864287361248,2,115,46,161,0.8726486486486487,0.17647058823529413
999,4169,0,0,0.4779003464710263,2,115,46,161,0.8726486486486487,0.17647058823529413
1000,4175,0,0,0.0001551617078953144,2,115,46,161,0.8726486486486487,0.17647058823529413
1001,4182,0,0,0.0004876976372324379,2,115,46,161,0.8726486486486487,0.17647058823529413
1002,4226,0,1,0.9454009237020099,2,115,47,162,0.8694597429845266,0.17647058823529413
1003,4263,0,0,0.00020370312399062458,2,115,47,162,0.8694597429845266,0.17647058823529413
1004,4275,0,0,0.0008580302135174314,2,115,47,162,0.8694597429845266,0.17647058823529413
1005,4393,0,0,7.483371601820835e-05,2,115,47,162,0.8694597429845266,0.17647058823529413
1006,4434,0,0,2.9700741895444304e-06,2,115,47,162,0.8726486486486487,0.17647058823529413
1007,4600,0,0,0.0012561202650500608,2,115,47,162,0.8726486486486487,0.17647058823529413
1008,4611,0,0,1.2813575132305173e-05,2,115,47,162,0.8726486486486487,0.17647058823529413
1009,4707,0,0,0.0004986971323409549,2,115,47,162,0.8726486486486487,0.17647058823529413
1010,4766,0,0,0.00013640797168206942,2,115,47,162,0.8795166837066642,0.1875
1011,4767,0,0,0.00016210292622612402,2,115,47,162,0.8863671274961598,0.2
1012,4806,0,1,0.6375959038199216,2,115,48,163,0.89,0.21428571428571427
1013,4850,0,1,0.9521355824417658,2,115,49,164,0.8936328725038402,0.23076923076923078
1014,4965,0,0,0.07583692767073105,2,115,49,164,0.9004110813226095,0.25
1015,4994,0,0,3.884480026126389e-05,2,115,49,164,0.9008799999999999,0.18181818181818182
1016,4995,0,0,7.973385963407004e-05,2,115,49,164,0.9078014184397162,0.2
1017,62,1,1,0.9996077572712779,2,115,49,164,0.9138666666666667,0.3
1018,2645,0,0,0.0005995583174279974,2,115,49,164,0.9138666666666667,0.3
1019,2723,0,0,0.013152987985885189,2,115,49,164,0.9138666666666667,0.3
1020,2789,0,0,0.00012489942777927745,2,115,49,164,0.9138666666666667,0.3
1021,2859,0,0,8.98220142556221e-05,2,115,49,164,0.9138666666666667,0.3
1022,2906,0,1,0.6545517649372569,2,115,50,165,0.9107363225010284,0.3
1023,2956,0,0,2.797618191766123e-05,2,115,50,165,0.9107363225010284,0.3
1024,3018,0,0,0.003504299403881999,2,115,50,165,0.9107363225010284,0.3
1025,3316,0,0,0.0010727704743228755,2,115,50,165,0.9107363225010284,0.3
1026,3378,0,0,1.305872896090895e-05,2,115,50,165,0.9107363225010284,0.3
1027,3400,0,0,0.0003613214596616019,2,115,50,165,0.9107363225010284,0.3
1028,3708,0,1,0.6455751864957,2,115,51,166,0.9076258564194221,0.3
1029,3792,0,0,0.0015069848454716196,2,115,51,166,0.9076258564194221,0.3
1030,3887,0,0,7.622154074810604e-05,2,115,51,166,0.9076258564194221,0.3
1031,3916,0,0,0.003212781996117472,2,115,51,166,0.9076258564194221,0.3
1032,3924,0,0,0.0031390160898621335,2,115,51,166,0.9076258564194221,0.3
1033,3948,0,0,0.04804802133984268,2,115,51,166,0.9076258564194221,0.3
1034,3949,0,0,0.11032170708081118,2,115,51,166,0.9076258564194221,0.3
1035,3978,0,0,0.000590505052872692,2,115,51,166,0.9076258564194221,0.3
1036,4070,0,0,0.00010870384381275996,2,115,51,166,0.9076258564194221,0.3
1037,4146,0,0,0.0005024971582847627,2,115,51,166,0.9076258564194221,0.3
1038,4162,0,0,4.423344604578274e-05,2,115,51,166,0.9107363225010284,0.3
1039,4225,0,0,0.00020962481683971357,2,115,51,166,0.9107363225010284,0.3
1040,4261,0,0,1.2942156347574863e-05,2,115,51,166,0.9107363225010284,0.3
1041,4270,0,0,0.00026306116413406775,2,115,51,166,0.9107363225010284,0.3
1042,4530,0,0,0.0009993103649116875,2,115,51,166,0.9107363225010284,0.3
1043,4615,0,0,0.0011634477436691286,2,115,51,166,0.9107363225010284,0.3
1044,4670,0,0,1.2415292236883405e-05,2,115,51,166,0.9107363225010284,0.3
1045,4700,0,0,3.0407298486582197e-05,2,115,51,166,0.9107363225010284,0.3
1046,4735,0,0,7.43095487086814e-06,2,115,51,166,0.9107363225010284,0.3
1047,4742,0,0,0.002061746548566771,2,115,51,166,0.9107363225010284,0.3
1048,4748,0,0,0.00028588769944670983,2,115,51,166,0.9107363225010284,0.3
1049,4811,0,0,3.658227233255698e-06,2,115,51,166,0.9107363225010284,0.3
1050,4917,0,0,0.0004655781361289093,2,115,51,166,0.9107363225010284,0.3
1051,4945,0,0,0.00011345355167030467,2,115,51,166,0.9107363225010284,0.3
1052,537,1,0,9.15279935473013e-05,2,116,51,167,0.9040184688710159,0.2727272727272727
1053,883,1,0,3.3628981149799444e-05,2,117,51,168,0.9040184688710159,0.2727272727272727
1054,2134,1,0,0.000500549950342599,2,118,51,169,0.9040184688710159,0.2727272727272727
1055,2324,1,0,0.00018754413556876167,2,119,51,170,0.8972657450076806,0.25
1056,2335,1,1,0.9994511690662242,2,119,51,170,0.8967387387387388,0.3076923076923077
1057,2495,1,0,0.4999455106156836,2,120,51,171,0.8900970364542355,0.2857142857142857
1058,2581,0,0,0.0008379261338213552,2,120,51,171,0.8900970364542355,0.2857142857142857
1059,2615,0,0,0.0013444185330274863,2,120,51,171,0.8900970364542355,0.2857142857142857
1060,2776,0,0,0.07335722819203962,2,120,51,171,0.8933693693693694,0.2857142857142857
1061,2811,0,0,0.009588690303909245,2,120,51,171,0.8933693693693694,0.2857142857142857
1062,2861,0,0,0.00021351741610892456,2,120,51,171,0.8933693693693694,0.2857142857142857
1063,2884,0,0,0.00027131610877052163,2,120,51,171,0.8933693693693694,0.2857142857142857
1064,2938,0,0,0.0007444226913983165,2,120,51,171,0.8933693693693694,0.2857142857142857
1065,2942,0,0,0.00010686583101993113,2,120,51,171,0.8933693693693694,0.2857142857142857
1066,3042,0,0,0.012388168015169967,2,120,51,171,0.8933693693693694,0.2857142857142857
1067,3054,0,0,0.00016814048400533315,2,120,51,171,0.8933693693693694,0.2857142857142857
1068,3182,0,0,4.066659725567971e-05,2,120,51,171,0.8933693693693694,0.2857142857142857
1069,3259,0,0,7.313472091696643e-05,2,120,51,171,0.8966688353936239,0.2857142857142857
1070,3269,0,0,0.00010504253559341807,2,120,51,171,0.8966688353936239,0.2857142857142857
1071,3321,0,0,0.000647792796893671,2,120,51,171,0.8966688353936239,0.2857142857142857
1072,3334,0,0,2.3450593940522836e-06,2,120,51,171,0.8966688353936239,0.2857142857142857
1073,3356,0,0,0.00018608467070586388,2,120,51,171,0.8966688353936239,0.2857142857142857
1074,3376,0,0,0.0004995095662040333,2,120,51,171,0.8966688353936239,0.2857142857142857
1075,3505,0,0,0.27317536230580003,2,120,51,171,0.8966688353936239,0.2857142857142857
1076,3632,0,0,0.00010578269170125442,2,120,51,171,0.8966688353936239,0.2857142857142857
1077,3728,0,0,0.0002805831495227353,2,120,51,171,0.8966688353936239,0.2857142857142857
1078,3853,0,0,0.056742269751312725,2,120,51,171,0.8966688353936239,0.2857142857142857
1079,4038,0,0,0.0003711837155822562,2,120,51,171,0.8966688353936239,0.2857142857142857
1080,4184,0,0,0.0017232464855455756,2,120,51,171,0.8966688353936239,0.2857142857142857
1081,4266,0,0,0.00010755396937353411,2,120,51,171,0.8966688353936239,0.2857142857142857
1082,4331,0,1,0.8365520032550571,2,120,52,172,0.9000065061808717,0.3076923076923077
1083,4350,0,0,4.3159753171048225e-05,2,120,52,172,0.906605222734255,0.3333333333333333
1084,4425,0,0,5.368447744925438e-05,2,120,52,172,0.9071575483340191,0.2727272727272727
1085,4453,0,0,4.189698960723818e-06,2,120,52,172,0.9071575483340191,0.2727272727272727
1086,4454,0,0,0.00045682094195149015,2,120,52,172,0.9071575483340191,0.2727272727272727
1087,4531,0,0,0.00021857854037987787,2,120,52,172,0.9071575483340191,0.2727272727272727
1088,4538,0,0,0.004013892186067735,2,120,52,172,0.9071575483340191,0.2727272727272727
1089,4562,0,0,0.00025916645864146245,2,120,52,172,0.9071575483340191,0.2727272727272727
1090,4597,0,1,0.6411068332227046,2,120,53,173,0.9040184688710159,0.2727272727272727
1091,4709,0,0,0.0004991767987918234,2,120,53,173,0.9040184688710159,0.2727272727272727
1092,4746,0,0,2.6208293491402643e-05,2,120,53,173,0.9040184688710159,0.2727272727272727
1093,4786,0,0,6.843340385495262e-06,2,120,53,173,0.9040184688710159,0.2727272727272727
1094,217,1,0,1.4548479234948648e-07,2,121,53,174,0.8972657450076806,0.25
1095,489,1,0,0.15580966803453436,2,122,53,175,0.8904833162933358,0.23076923076923078
1096,553,1,0,0.1666793843667063,2,123,53,176,0.8836756756756757,0.21428571428571427
1097,583,1,0,0.0035258322109233977,2,124,53,177,0.8768467523384911,0.2
1098,714,1,1,0.994389303986677,2,124,53,177,0.876723639666419,0.25
1099,1119,1,0,0.07762950381104008,2,125,53,178,0.87,0.23529411764705882
1100,1440,1,1,0.9971133846125408,2,125,53,178,0.87,0.2777777777777778
1101,1844,1,0,0.0007667306969769401,2,126,53,179,0.8633616260888988,0.2631578947368421
1102,1881,1,0,0.03792234780704105,2,127,53,180,0.8567025298051759,0.25
1103,2064,1,1,0.999163203940835,2,127,53,180,0.8568888888888889,0.2857142857142857
1104,2715,0,0,9.634072994819242e-05,2,127,53,180,0.8568888888888889,0.2857142857142857
1105,2783,0,0,0.0011554246495456837,2,127,53,180,0.8568888888888889,0.2857142857142857
1106,2834,0,0,0.0006608894188342916,2,127,53,180,0.8568888888888889,0.2857142857142857
1107,2850,0,0,0.0017073597376510536,2,127,53,180,0.8568888888888889,0.2857142857142857
1108,2858,0,0,0.35182334424833356,2,127,53,180,0.8568888888888889,0.2857142857142857
1109,2969,0,0,0.005729239280171179,2,127,53,180,0.8568888888888889,0.2857142857142857
1110,2985,0,0,0.23626035362108389,2,127,53,180,0.8568888888888889,0.2857142857142857
1111,3119,0,0,4.6422081795327466e-05,2,127,53,180,0.8634562113786491,0.3
1112,3123,0,0,0.00011200894515874469,2,127,53,180,0.8633616260888988,0.2631578947368421
1113,3134,0,0,1.4771895501124288e-05,2,127,53,180,0.8633616260888988,0.2631578947368421
1114,3212,0,0,7.602310402232037e-05,2,127,53,180,0.8633616260888988,0.2631578947368421
1115,3284,0,0,5.3830284047608274e-05,2,127,53,180,0.8633616260888988,0.2631578947368421
1116,3373,0,0,0.0006107807032316418,2,127,53,180,0.8633616260888988,0.2631578947368421
1117,3445,0,0,4.329701307104575e-05,2,127,53,180,0.8633616260888988,0.2631578947368421
1118,3512,0,0,0.046503184775372595,2,127,53,180,0.8633616260888988,0.2631578947368421
1119,3937,0,0,6.606169130006833e-05,2,127,53,180,0.8633616260888988,0.2631578947368421
1120,4017,0,0,0.00560676014613581,2,127,53,180,0.8633616260888988,0.2631578947368421
1121,4183,0,0,3.151109691968066e-05,2,127,53,180,0.8633616260888988,0.2631578947368421
1122,4214,0,0,0.027414273025887698,2,127,53,180,0.8633616260888988,0.2631578947368421
1123,4311,0,0,0.0014250016221555898,2,127,53,180,0.8633616260888988,0.2631578947368421
1124,4372,0,0,7.489109397863064e-06,2,127,53,180,0.8667460317460318,0.2631578947368421
1125,4436,0,0,0.001506084381580245,2,127,53,180,0.8667460317460318,0.2631578947368421
1126,4519,0,0,0.00027694405939415767,2,127,53,180,0.8667460317460318,0.2631578947368421
1127,4554,0,0,0.08878281843863808,2,127,53,180,0.870156555772994,0.2631578947368421
1128,4691,0,0,0.003049011920200019,2,127,53,180,0.870156555772994,0.2631578947368421
1129,4694,0,0,0.0004127694110235099,2,127,53,180,0.870156555772994,0.2631578947368421
1130,4721,0,0,0.35631660603009874,2,127,53,180,0.870156555772994,0.2631578947368421
1131,4931,0,0,7.411604780674695e-06,2,127,53,180,0.870156555772994,0.2631578947368421
1132,4976,0,0,9.637494042868467e-06,2,127,53,180,0.8735969141755063,0.2631578947368421
1133,157,1,0,0.023132997160589665,2,128,53,181,0.8669275929549901,0.25
1134,2533,0,0,0.0012875266295057212,2,128,53,181,0.8669275929549901,0.25
1135,2689,0,0,0.00014503215005590072,2,128,53,181,0.8669275929549901,0.25
1136,2813,0,0,0.00013449788982255561,2,128,53,181,0.8669275929549901,0.25
1137,2899,0,0,5.528200574663818e-06,2,128,53,181,0.8669275929549901,0.25
1138,2994,0,0,0.0007483713087383818,2,128,53,181,0.8669275929549901,0.25
1139,3096,0,0,0.0001755568451210047,2,128,53,181,0.8669275929549901,0.25
1140,3156,0,0,0.06583691724376636,2,128,53,181,0.8703953712632594,0.25
1141,3177,0,0,5.071974459391585e-05,2,128,53,181,0.8703953712632594,0.25
1142,3181,0,0,0.0042438325551994085,2,128,53,181,0.8703953712632594,0.25
1143,3186,0,0,2.928054944071146e-06,2,128,53,181,0.8703953712632594,0.25
1144,3353,0,0,8.841085984211968e-05,2,128,53,181,0.8703953712632594,0.25
1145,3430,0,1,0.7894905053243128,2,128,54,182,0.8669275929549901,0.25
1146,3499,0,0,0.0009884701907997724,2,128,54,182,0.8669275929549901,0.25
1147,3586,0,0,0.00016440540148412146,2,128,54,182,0.8669275929549901,0.25
1148,3604,0,0,4.4295666923302046e-06,2,128,54,182,0.8669275929549901,0.25
1149,3623,0,0,0.026249079189338897,2,128,54,182,0.8669275929549901,0.25
1150,3644,0,0,0.0008389009135179113,2,128,54,182,0.8669275929549901,0.25
1151,3766,0,1,0.9966882543347112,2,128,55,183,0.8634920634920634,0.25
1152,3816,0,0,0.010558908047219555,2,128,55,183,0.8634920634920634,0.25
1153,3832,0,0,0.04110951472894723,2,128,55,183,0.8634920634920634,0.25
1154,3870,0,0,0.00016896464203970844,2,128,55,183,0.870156555772994,0.2631578947368421
1155,3969,0,0,0.00042575845111570966,2,128,55,183,0.8767984570877532,0.2777777777777778
1156,3984,0,0,0.0010975250736127726,2,128,55,183,0.8767984570877532,0.2777777777777778
1157,4066,0,0,5.376000479755387e-05,2,128,55,183,0.8767984570877532,0.2777777777777778
1158,4093,0,0,0.000113823066369378,2,128,55,183,0.8767984570877532,0.2777777777777778
1159,4109,0,0,0.33416211216438246,2,128,55,183,0.8767984570877532,0.2777777777777778
1160,4195,0,1,0.9614507423230821,2,128,56,184,0.873385518590998,0.2777777777777778
1161,4208,0,0,0.00011574880415394996,2,128,56,184,0.873385518590998,0.2777777777777778
1162,4392,0,0,0.3643752130628164,2,128,56,184,0.873385518590998,0.2777777777777778
1163,4413,0,0,4.6703611975450794e-05,2,128,56,184,0.873385518590998,0.2777777777777778
1164,4442,0,0,0.0009665851191272121,2,128,56,184,0.873385518590998,0.2777777777777778
1165,4470,0,0,0.00011798571334938083,2,128,56,184,0.873385518590998,0.2777777777777778
1166,4658,0,0,0.015419112690237718,2,128,56,184,0.873385518590998,0.2777777777777778
1167,4662,0,0,0.005488768309053582,2,128,56,184,0.873385518590998,0.2777777777777778
1168,4799,0,0,1.588771542912872e-05,2,128,56,184,0.873385518590998,0.2777777777777778
1169,4899,0,0,0.00010375204751548442,2,128,56,184,0.873385518590998,0.2777777777777778
1170,4923,0,0,0.003725437567939572,2,128,56,184,0.873385518590998,0.2777777777777778
1171,54,1,0,0.23521425949216124,2,129,56,185,0.8667460317460318,0.2631578947368421
1172,85,1,0,0.0004360814182520483,2,130,56,186,0.8600848782666966,0.25
1173,1629,1,0,0.05117608987609065,2,131,56,187,0.8534050596103517,0.23809523809523808
1174,2516,0,0,0.0005383238989506521,2,131,56,187,0.8534050596103517,0.23809523809523808
1175,2589,0,0,0.0015738268419620875,2,131,56,187,0.8534050596103517,0.23809523809523808
1176,2681,0,0,3.729228244310129e-06,2,131,56,187,0.8534050596103517,0.23809523809523808
1177,2712,0,0,0.00015282132989337797,2,131,56,187,0.8534050596103517,0.23809523809523808
1178,2777,0,0,8.021687517632837e-05,2,131,56,187,0.8534050596103517,0.23809523809523808
1179,2870,0,0,0.00012107632656575902,2,131,56,187,0.8534050596103517,0.23809523809523808
1180,2924,0,0,1.8877859826135618e-06,2,131,56,187,0.8534050596103517,0.23809523809523808
1181,2986,0,0,0.00035594919881324954,2,131,56,187,0.8534050596103517,0.23809523809523808
1182,3014,0,0,1.5451203144353896e-05,2,131,56,187,0.8534050596103517,0.23809523809523808
1183,3377,0,0,0.00033616137309829685,2,131,56,187,0.8534050596103517,0.23809523809523808
1184,3420,0,0,0.054181037871006844,2,131,56,187,0.8534050596103517,0.23809523809523808
1185,3472,0,0,0.0005592110377283103,2,131,56,187,0.8534050596103517,0.23809523809523808
1186,3491,0,0,4.562024179596816e-05,2,131,56,187,0.8534050596103517,0.23809523809523808
1187,3517,0,0,0.003279000075028063,2,131,56,187,0.8534050596103517,0.23809523809523808
1188,3662,0,0,0.0008257756353380176,2,131,56,187,0.8534050596103517,0.23809523809523808
1189,3674,0,0,0.0007848362948056021,2,131,56,187,0.8534050596103517,0.23809523809523808
1190,3731,0,0,0.0008829373600085557,2,131,56,187,0.8534050596103517,0.23809523809523808
1191,3807,0,0,0.00015242756211855728,2,131,56,187,0.8534050596103517,0.23809523809523808
1192,3813,0,0,0.01108381525532508,2,131,56,187,0.8534050596103517,0.23809523809523808
1193,3862,0,0,0.0009662209239018908,2,131,56,187,0.8534050596103517,0.23809523809523808
1194,4028,0,0,0.0021530185691180947,2,131,56,187,0.8568081304444941,0.23809523809523808
1195,4059,0,0,0.00016909585676707544,2,131,56,187,0.8568081304444941,0.23809523809523808
1196,4213,0,0,1.049690599330761e-06,2,131,56,187,0.8602380952380954,0.23809523809523808
1197,4272,0,0,0.012342940737511856,2,131,56,187,0.8602380952380954,0.23809523809523808
1198,4298,0,0,9.711643575410328e-05,2,131,56,187,0.8602380952380954,0.23809523809523808
1199,4378,0,0,0.070078412184998,2,131,56,187,0.8602380952380954,0.23809523809523808
1200,4595,0,0,0.0010243031719726259,2,131,56,187,0.8602380952380954,0.23809523809523808
1201,4654,0,0,0.009067104754203428,2,131,56,187,0.8602380952380954,0.23809523809523808
1202,4664,0,0,1.096408758419208e-05,2,131,56,187,0.8636986301369862,0.23809523809523808
1203,4761,0,0,0.0007656108604358612,2,131,56,187,0.8636986301369862,0.23809523809523808
1204,4782,0,0,0.0004500632360461135,2,131,56,187,0.8636986301369862,0.23809523809523808
1205,4832,0,0,0.0004578768345207625,2,131,56,187,0.8636986301369862,0.23809523809523808
1206,2014,1,0,3.5774167801906986e-05,2,132,56,188,0.856984126984127,0.22727272727272727
1207,2244,1,1,0.9971773437637516,2,132,56,188,0.857752253562082,0.2608695652173913
1208,2611,0,0,0.03917816375243604,2,132,56,188,0.857752253562082,0.2608695652173913
1209,2671,0,0,0.00627912749673227,2,132,56,188,0.857752253562082,0.2608695652173913
1210,2828,0,0,0.00030875211553556454,2,132,56,188,0.857752253562082,0.2608695652173913
1211,2971,0,0,0.00017010525298926074,2,132,56,188,0.857752253562082,0.2608695652173913
1212,3009,0,0,0.0008984509674308821,2,132,56,188,0.8613468840741568,0.2608695652173913
1213,3203,0,0,8.82414257251392e-05,2,132,56,188,0.8649816849816849,0.2608695652173913
1214,3272,0,0,3.759582413694738e-06,2,132,56,188,0.8649816849816849,0.2608695652173913
1215,3358,0,0,0.0014000010238556589,2,132,56,188,0.8649816849816849,0.2608695652173913
1216,3391,0,0,0.002261737870185454,2,132,56,188,0.8649816849816849,0.2608695652173913
1217,3476,0,0,0.001242065069363815,2,132,56,188,0.8639922854387657,0.22727272727272727
1218,3585,0,0,0.0009066126865049656,2,132,56,188,0.8639922854387657,0.22727272727272727
1219,3693,0,0,0.0017025466835067866,2,132,56,188,0.8639922854387657,0.22727272727272727
1220,3741,0,0,2.0065934802097267e-06,2,132,56,188,0.8639922854387657,0.22727272727272727
1221,3910,0,0,1.3373277327022412e-05,2,132,56,188,0.8639922854387657,0.22727272727272727
1222,4132,0,0,0.0014483942817557736,2,132,56,188,0.86755676657584,0.22727272727272727
1223,4257,0,1,0.9981636204051921,2,132,57,189,0.8639922854387657,0.22727272727272727
1224,4269,0,0,0.018564270071711266,2,132,57,189,0.8639922854387657,0.22727272727272727
1225,4386,0,0,6.882440674835413e-05,2,132,57,189,0.8639922854387657,0.22727272727272727
1226,4395,0,0,0.0011107898046028063,2,132,57,189,0.8639922854387657,0.22727272727272727
1227,4465,0,0,0.25989689987481035,2,132,57,189,0.8639922854387657,0.22727272727272727
1228,4469,0,0,0.0025899608212537773,2,132,57,189,0.86755676657584,0.22727272727272727
1229,4609,0,0,0.0014773325880569309,2,132,57,189,0.86755676657584,0.22727272727272727
1230,4663,0,0,0.0002289452578265354,2,132,57,189,0.86755676657584,0.22727272727272727
1231,4678,0,0,0.00040231874136160175,2,132,57,189,0.86755676657584,0.22727272727272727
1232,4929,0,0,2.6856399229100504e-07,2,132,57,189,0.86755676657584,0.22727272727272727
1233,4934,0,0,4.955651081289601e-06,2,132,57,189,0.86755676657584,0.22727272727272727
1234,4941,0,0,2.3989852258180635e-06,2,132,57,189,0.86755676657584,0.22727272727272727
1235,4952,0,0,9.110068948937413e-06,2,132,57,189,0.86755676657584,0.22727272727272727
1236,4954,0,0,0.0007347639771012042,2,132,57,189,0.86755676657584,0.22727272727272727
1237,4979,0,0,0.35115217041249824,2,132,57,189,0.86755676657584,0.22727272727272727
1238,1088,1,0,0.020614560348680897,2,133,57,190,0.8607907425265188,0.21739130434782608
1239,2252,1,0,0.007793649285359905,2,134,57,191,0.8540117416829746,0.20833333333333334
1240,2513,0,0,1.4036553535327169e-05,2,134,57,191,0.8540117416829746,0.20833333333333334
1241,2620,0,0,0.0012270457118417235,2,134,57,191,0.8540117416829746,0.20833333333333334
1242,2651,0,0,0.0003207936545759532,2,134,57,191,0.8540117416829746,0.20833333333333334
1243,2654,0,0,0.011754497797442165,2,134,57,191,0.8540117416829746,0.20833333333333334
1244,2684,0,0,0.0020027850007245467,2,134,57,191,0.8540117416829746,0.20833333333333334
1245,2696,0,0,0.000718243567240523,2,134,57,191,0.8540117416829746,0.20833333333333334
1246,2703,0,0,0.00010883690481445856,2,134,57,191,0.8540117416829746,0.20833333333333334
1247,2871,0,0,0.0008021145731624246,2,134,57,191,0.8540117416829746,0.20833333333333334
1248,2895,0,0,0.00035363685537036433,2,134,57,191,0.8540117416829746,0.20833333333333334
1249,2918,0,0,0.000773038397258614,2,134,57,191,0.8540117416829746,0.20833333333333334
1250,2921,0,0,0.00014669972816961632,2,134,57,191,0.8540117416829746,0.20833333333333334
1251,2929,0,0,0.00239203089714344,2,134,57,191,0.8540117416829746,0.20833333333333334
1252,3072,0,0,0.14415023171291158,2,134,57,191,0.8607907425265188,0.21739130434782608
1253,3084,0,0,0.0009630697649645501,2,134,57,191,0.86755676657584,0.22727272727272727
1254,3104,0,0,0.0006412570190283641,2,134,57,191,0.8743070652173912,0.23809523809523808
1255,3172,0,0,9.432801088982925e-06,2,134,57,191,0.881038552321007,0.25
1256,3211,0,0,0.002218697323559337,2,134,57,191,0.8799804814573845,0.21052631578947367
1257,3214,0,0,0.00016342126231415875,2,134,57,191,0.88678955453149,0.2222222222222222
1258,3224,0,1,0.7888156143440753,2,134,58,192,0.8833181522446324,0.2222222222222222
1259,3276,0,0,0.00017392506508768978,2,134,58,192,0.8833181522446324,0.2222222222222222
1260,3322,0,0,0.00031681905071797033,2,134,58,192,0.8833181522446324,0.2222222222222222
1261,3337,0,0,0.0806418964681685,2,134,58,192,0.8833181522446324,0.2222222222222222
1262,3402,0,0,0.0011582847147031733,2,134,58,192,0.8833181522446324,0.2222222222222222
1263,3406,0,0,0.0004606795985402247,2,134,58,192,0.8833181522446324,0.2222222222222222
1264,3460,0,0,0.00023613819369956238,2,134,58,192,0.8833181522446324,0.2222222222222222
1265,3479,0,1,0.9964125374901545,2,134,59,193,0.8798918918918921,0.2222222222222222
1266,3496,0,0,8.377004558047737e-05,2,134,59,193,0.8798918918918921,0.2222222222222222
1267,3736,0,0,0.00023356214468189568,2,134,59,193,0.8798918918918921,0.2222222222222222
1268,3804,0,1,0.6184125304283631,2,134,60,194,0.8765049392429408,0.2222222222222222
1269,3811,0,0,0.011534000106742891,2,134,60,194,0.8765049392429408,0.2222222222222222
1270,3835,0,0,0.0003203528814487246,2,134,60,194,0.8765049392429408,0.2222222222222222
1271,3906,0,0,0.0009379647385259917,2,134,60,194,0.8765049392429408,0.2222222222222222
1272,3932,0,0,0.0002416577564999124,2,134,60,194,0.8765049392429408,0.2222222222222222
1273,3944,0,0,0.0005482873312286248,2,134,60,194,0.8765049392429408,0.2222222222222222
1274,3975,0,0,0.00010561609433717609,2,134,60,194,0.8765049392429408,0.2222222222222222
1275,4041,0,0,0.06250695667082755,2,134,60,194,0.8765049392429408,0.2222222222222222
1276,4096,0,0,0.0008184290426314884,2,134,60,194,0.8765049392429408,0.2222222222222222
1277,4154,0,0,0.00206819578689919,2,134,60,194,0.8765049392429408,0.2222222222222222
1278,4207,0,0,0.00014952281965338043,2,134,60,194,0.8765049392429408,0.2222222222222222
1279,4218,0,0,0.0017341725765034944,2,134,60,194,0.8765049392429408,0.2222222222222222
1280,4258,0,0,0.00036566839822944934,2,134,60,194,0.8765049392429408,0.2222222222222222
1281,4316,0,0,0.03530118181810457,2,134,60,194,0.8765049392429408,0.2222222222222222
1282,4338,0,0,0.00846940132167935,2,134,60,194,0.8798918918918921,0.2222222222222222
1283,4360,0,0,0.00047106726648707756,2,134,60,194,0.8798918918918921,0.2222222222222222
1284,4427,0,0,0.00040677887355656503,2,134,60,194,0.8798918918918921,0.2222222222222222
1285,4483,0,0,0.007338757944220029,2,134,60,194,0.8798918918918921,0.2222222222222222
1286,4542,0,0,0.00011716851495940379,2,134,60,194,0.8798918918918921,0.2222222222222222
1287,4553,0,0,0.0017385692715912839,2,134,60,194,0.8798918918918921,0.2222222222222222
1288,4607,0,0,0.001342557640201051,2,134,60,194,0.8798918918918921,0.2222222222222222
1289,4628,0,0,0.0017013984750254136,2,134,60,194,0.8798918918918921,0.2222222222222222
1290,4667,0,0,0.0004262986184581051,2,134,60,194,0.8833181522446324,0.2222222222222222
1291,4789,0,0,0.2946906809927419,2,134,60,194,0.8833181522446324,0.2222222222222222
1292,4794,0,0,0.0031722362570230102,2,134,60,194,0.8833181522446324,0.2222222222222222
1293,4822,0,0,0.003972231838216929,2,134,60,194,0.8833181522446324,0.2222222222222222
1294,4837,0,0,0.0006242418428265656,2,134,60,194,0.8900921658986175,0.23529411764705882
1295,4894,0,0,0.000380930601328994,2,134,60,194,0.8968404329262237,0.25
1296,130,1,0,0.003697247914993441,2,135,60,195,0.8968404329262237,0.25
1297,347,1,0,0.0020580335215239615,2,136,60,196,0.8968404329262237,0.25
1298,2486,1,1,0.9981773433063494,2,136,60,196,0.8968404329262237,0.25
1299,2530,0,0,0.0002244340189340676,2,136,60,196,0.9035582064993829,0.26666666666666666
1300,2531,0,0,0.001469493997190834,2,136,60,196,0.9029787234042552,0.21428571428571427
1301,2572,0,0,9.348320665805992e-06,2,136,60,196,0.9097947180256025,0.23076923076923078
1302,2641,0,0,0.00018734161961312166,2,136,60,196,0.9165752765752767,0.25
1303,2663,0,0,0.052050845880382036,2,136,60,196,0.9162105263157894,0.18181818181818182
1304,2714,0,0,1.9753779341589183e-05,2,136,60,196,0.9162105263157894,0.18181818181818182
1305,2747,0,0,7.855500336662871e-07,2,136,60,196,0.9162105263157894,0.18181818181818182
1306,2852,0,0,2.7127349782962397e-05,2,136,60,196,0.9162105263157894,0.18181818181818182
1307,2862,0,0,0.00021942253796547603,2,136,60,196,0.9162105263157894,0.18181818181818182
1308,2916,0,0,0.0003509483095375317,2,136,60,196,0.9162105263157894,0.18181818181818182
1309,2937,0,0,9.895531457599331e-05,2,136,60,196,0.9162105263157894,0.18181818181818182
1310,3017,0,0,1.9459012237377457e-05,2,136,60,196,0.9162105263157894,0.18181818181818182
1311,3125,0,0,0.0007793022861997847,2,136,60,196,0.9162105263157894,0.18181818181818182
1312,3138,0,0,1.4627613782603892e-05,2,136,60,196,0.9162105263157894,0.18181818181818182
1313,3201,0,0,0.0001439327564804095,2,136,60,196,0.9162105263157894,0.18181818181818182
1314,3216,0,0,0.0008000905161624882,2,136,60,196,0.9162105263157894,0.18181818181818182
1315,3412,0,0,5.384422309264895e-06,2,136,60,196,0.9162105263157894,0.18181818181818182
1316,3418,0,0,0.00012351172781996402,2,136,60,196,0.9162105263157894,0.18181818181818182
1317,3424,0,0,0.004855248734033424,2,136,60,196,0.9162105263157894,0.18181818181818182
1318,3425,0,1,0.8154292456697446,2,136,61,197,0.9130883276793569,0.18181818181818182
1319,3535,0,1,0.954979779789357,2,136,62,198,0.91,0.18181818181818182
1320,3549,0,0,0.0012968292744340237,2,136,62,198,0.91,0.18181818181818182
1321,3561,0,0,3.283816219466874e-06,2,136,62,198,0.91,0.18181818181818182
1322,3638,0,0,0.007699638980607827,2,136,62,198,0.91,0.18181818181818182
1323,3656,0,0,0.0006917623855051658,2,136,62,198,0.91,0.18181818181818182
1324,3721,0,0,0.00048795020417961437,2,136,62,198,0.91,0.18181818181818182
1325,3740,0,0,0.00028210388281554427,2,136,62,198,0.91,0.18181818181818182
1326,3802,0,0,0.0009027935785610612,2,136,62,198,0.91,0.18181818181818182
1327,3808,0,0,0.00033217190682263036,2,136,62,198,0.91,0.18181818181818182
1328,3885,0,0,5.225792045132088e-06,2,136,62,198,0.91,0.18181818181818182
1329,3891,0,0,0.0006722955042763688,2,136,62,198,0.91,0.18181818181818182
1330,3947,0,0,0.00016867522311805368,2,136,62,198,0.91,0.18181818181818182
1331,3959,0,0,0.00031193444596553234,2,136,62,198,0.91,0.18181818181818182
1332,3985,0,0,0.006102593268510245,2,136,62,198,0.91,0.18181818181818182
1333,3987,0,1,0.801881092818165,2,136,63,199,0.9138528138528137,0.2
1334,4000,0,0,0.0010299814576835153,2,136,63,199,0.9138528138528137,0.2
1335,4018,0,0,0.00024144178211386785,2,136,63,199,0.9138528138528137,0.2
1336,4042,0,0,0.000339478269770763,2,136,63,199,0.9138528138528137,0.2
1337,4054,0,0,0.011152003784970744,2,136,63,199,0.9138528138528137,0.2
1338,4105,0,0,0.0012969663708209836,2,136,63,199,0.9138528138528137,0.2
1339,4216,0,0,6.069125725747423e-05,2,136,63,199,0.9138528138528137,0.2
1340,4220,0,0,0.0015582045508027013,2,136,63,199,0.9138528138528137,0.2
1341,4286,0,0,1.0611518942294886e-05,2,136,63,199,0.9138528138528137,0.2
1342,4330,0,1,0.5018669664002046,2,136,64,200,0.9108176680890323,0.2
1343,4332,0,0,4.074982081777552e-05,2,136,64,200,0.9108176680890323,0.2
1344,4342,0,0,0.004050865588986416,2,136,64,200,0.9108176680890323,0.2
1345,4357,0,0,7.774682024628639e-07,2,136,64,200,0.9138528138528137,0.2
1346,4398,0,0,0.0005642833192433569,2,136,64,200,0.9138528138528137,0.2
1347,4433,0,0,0.000252422535174896,2,136,64,200,0.9138528138528137,0.2
1348,4435,0,0,0.0006159014174082548,2,136,64,200,0.9138528138528137,0.2
1349,4463,0,0,1.1660831343346201e-05,2,136,64,200,0.9138528138528137,0.2
1350,4545,0,0,5.0484679876061644e-05,2,136,64,200,0.9138528138528137,0.2
1351,4565,0,0,0.00022483102618697998,2,136,64,200,0.9169116723206433,0.2
1352,4571,0,0,0.00028923825523565356,2,136,64,200,0.9169116723206433,0.2
1353,4593,0,0,4.1281640036943183e-05,2,136,64,200,0.9169116723206433,0.2
1354,4610,0,0,0.002161880173734019,2,136,64,200,0.9169116723206433,0.2
1355,4618,0,0,4.428704121609452e-05,2,136,64,200,0.9169116723206433,0.2
1356,4638,0,0,0.00014067992055356718,2,136,64,200,0.9169116723206433,0.2
1357,4646,0,0,0.0024254029645826144,2,136,64,200,0.9169116723206433,0.2
1358,4826,0,0,0.001222767716104981,2,136,64,200,0.9169116723206433,0.2
1359,4857,0,0,0.00015694655052708883,2,136,64,200,0.9169116723206433,0.2
1360,4933,0,0,0.003012641488760677,2,136,64,200,0.92,0.2
1361,4992,0,0,0.0007386562694862575,2,136,64,200,0.92,0.2
1362,10,1,0,0.0001037614885206861,2,137,64,201,0.9130883276793569,0.18181818181818182
1363,23,1,0,0.0003611383352821644,2,138,64,202,0.9061471861471861,0.16666666666666666
1364,182,1,1,0.9934277121452373,2,138,64,202,0.9064893617021277,0.23076923076923078
1365,211,1,0,0.002151126749852667,2,139,64,203,0.89968,0.21428571428571427
1366,238,1,0,0.001154845381883571,2,140,64,204,0.892842451665981,0.2
1367,251,1,0,0.002347790007148664,2,141,64,205,0.8859815311289841,0.1875
1368,283,1,1,0.9858406431812607,2,141,64,205,0.8866558230318802,0.23529411764705882
1369,289,1,1,0.9730113587203213,2,141,64,205,0.8872436401783373,0.2777777777777778
1370,349,1,1,0.9540914780362758,2,141,64,205,0.8877607134010403,0.3157894736842105
1371,394,1,1,0.6259673848829372,2,141,64,205,0.8946640951462552,0.3684210526315789
1372,427,1,1,0.9994831616039027,2,141,64,205,0.9013189823874755,0.42105263157894735
1373,460,1,1,0.9764270134781746,2,141,64,205,0.9077472527472527,0.47368421052631576
1374,463,1,0,0.2998201393484605,2,142,64,206,0.9015412106321198,0.45
1375,570,1,0,0.0005364346928372619,2,143,64,207,0.8952893282931085,0.42857142857142855
1376,596,1,0,0.017660916749049616,2,144,64,208,0.8889963775836353,0.4090909090909091
1377,626,1,0,1.1244324614143816e-05,2,145,64,209,0.8826666666666667,0.391304347826087
1378,628,1,0,0.07264309773913576,2,146,64,210,0.8763040967457028,0.375
1379,663,1,1,0.7415538896491304,2,146,64,210,0.8767669858641131,0.4
1380,861,1,1,0.7559935355391056,2,146,64,210,0.8771893583724569,0.4230769230769231
1381,924,1,0,0.047533687291175665,2,147,64,211,0.8709211495946941,0.4074074074074074
1382,963,1,1,0.99657722026485,2,147,64,211,0.8713636363636362,0.42857142857142855
1383,977,1,0,0.0007387319685438304,2,148,64,212,0.8651229722658295,0.41379310344827586
1384,1075,1,0,0.20162872150839564,2,149,64,213,0.8588571428571429,0.4
1385,1113,1,0,2.0606318938378853e-05,2,150,64,214,0.852568683633912,0.3870967741935484
1386,1198,1,0,0.0012188070917840677,2,151,64,215,0.8462599469496022,0.375
1387,1237,1,0,2.9026717721927998e-05,2,152,64,216,0.8399331194606057,0.36363636363636365
1388,1281,1,1,0.9999325354349388,2,152,64,216,0.8405955204216073,0.38235294117647056
1389,1293,1,0,0.003634005827863234,2,153,64,217,0.8343023255813954,0.37142857142857144
1390,1642,1,1,0.9966063183573192,2,153,64,217,0.8349667271627343,0.3888888888888889
1391,1656,1,0,0.03803917561911699,2,154,64,218,0.8287057010785824,0.3783783783783784
1392,1797,1,0,0.335743687343953,2,155,64,219,0.8224313725490197,0.3684210526315789
1393,1861,1,0,0.0008482563501293216,2,156,64,220,0.8161453648629043,0.358974358974359
1394,1874,1,1,0.9990372895041891,2,156,64,220,0.8168998163063443,0.375
1395,1882,1,0,2.9487543527330774e-07,2,157,64,221,0.8106473214285714,0.36585365853658536
1396,1966,1,0,0.0589129994755198,2,158,64,222,0.8043857634902412,0.35714285714285715
1397,1989,1,0,0.019706407881252722,2,159,64,223,0.7981164942841589,0.3488372093023256
1398,2065,1,0,4.97852422733314e-06,2,160,64,224,0.7918407960199005,0.3409090909090909
1399,2071,1,1,0.9906719975685566,2,160,64,224,0.7927164061473796,0.35555555555555557
1400,2225,1,0,0.0003336901301421577,2,161,64,225,0.7864761904761906,0.34782608695652173
1401,2231,1,1,0.9998962323552791,2,161,64,225,0.7873441734417344,0.3617021276595745
1402,2387,1,0,0.0015096905617560557,2,162,64,226,0.7811386200829458,0.3541666666666667
1403,2504,0,0,0.000371476552188445,2,162,64,226,0.7811386200829458,0.3541666666666667
1404,2505,0,0,0.004196717748148492,2,162,64,226,0.7811386200829458,0.3541666666666667
1405,2508,0,0,0.0006911821951618829,2,162,64,226,0.7811386200829458,0.3541666666666667
1406,2521,0,0,3.5392058121628563e-06,2,162,64,226,0.7873441734417344,0.3617021276595745
1407,2526,0,0,0.00033032011254169037,2,162,64,226,0.7864761904761906,0.34782608695652173
1408,2539,0,0,0.00025900223969818983,2,162,64,226,0.7864761904761906,0.34782608695652173
1409,2555,0,0,0.00021116530308980052,2,162,64,226,0.7864761904761906,0.34782608695652173
1410,2561,0,0,2.3762406807178066e-05,2,162,64,226,0.7864761904761906,0.34782608695652173
1411,2567,0,0,5.891833885606711e-05,2,162,64,226,0.7864761904761906,0.34782608695652173
1412,2584,0,1,0.5138140212595242,2,162,65,227,0.7823853760863051,0.34782608695652173
1413,2608,0,0,0.0002851102921110429,2,162,65,227,0.7823853760863051,0.34782608695652173
1414,2647,0,0,0.00012756060223645334,2,162,65,227,0.7823853760863051,0.34782608695652173
1415,2652,0,0,0.009073483762461702,2,162,65,227,0.7823853760863051,0.34782608695652173
1416,2653,0,0,2.5969516809702707e-06,2,162,65,227,0.7823853760863051,0.34782608695652173
1417,2674,0,0,0.00015371140922073844,2,162,65,227,0.7823853760863051,0.34782608695652173
1418,2727,0,0,1.3208913542229814e-05,2,162,65,227,0.7823853760863051,0.34782608695652173
1419,2798,0,0,0.0008293349335480328,2,162,65,227,0.7823853760863051,0.34782608695652173
1420,2840,0,0,0.0005835262855622865,2,162,65,227,0.7823853760863051,0.34782608695652173
1421,2865,0,0,0.00012328141698947427,2,162,65,227,0.7823853760863051,0.34782608695652173
1422,2897,0,0,0.00015144882134894634,2,162,65,227,0.7823853760863051,0.34782608695652173
1423,3000,0,0,0.0018002578407882695,2,162,65,227,0.7864761904761906,0.34782608695652173
1424,3038,0,0,0.0006575259189483494,2,162,65,227,0.7864761904761906,0.34782608695652173
1425,3074,0,0,0.00027934423953448844,2,162,65,227,0.7864761904761906,0.34782608695652173
1426,3083,0,0,0.0015130942084163462,2,162,65,227,0.7864761904761906,0.34782608695652173
1427,3089,0,0,0.0405011284454884,2,162,65,227,0.7864761904761906,0.34782608695652173
1428,3091,0,0,0.00012840359537474673,2,162,65,227,0.7864761904761906,0.34782608695652173
1429,3131,0,0,0.00012193997747149455,2,162,65,227,0.7864761904761906,0.34782608695652173
1430,3164,0,0,0.29566639811475337,2,162,65,227,0.7864761904761906,0.34782608695652173
1431,3219,0,0,0.0003943250831838194,2,162,65,227,0.7864761904761906,0.34782608695652173
1432,3249,0,0,9.54312313647376e-05,2,162,65,227,0.7864761904761906,0.34782608695652173
1433,3310,0,0,0.00017252804678090069,2,162,65,227,0.7864761904761906,0.34782608695652173
1434,3318,0,0,3.3438478751367973e-06,2,162,65,227,0.7864761904761906,0.34782608695652173
1435,3335,0,0,0.0002639340909901748,2,162,65,227,0.7864761904761906,0.34782608695652173
1436,3354,0,0,0.00032070626425712446,2,162,65,227,0.7864761904761906,0.34782608695652173
1437,3409,0,0,0.0013219490350187665,2,162,65,227,0.7864761904761906,0.34782608695652173
1438,3469,0,0,0.45753488759182187,2,162,65,227,0.7927164061473796,0.35555555555555557
1439,3501,0,0,8.097453474298785e-06,2,162,65,227,0.798951098511694,0.36363636363636365
1440,3508,0,0,8.565268020260003e-06,2,162,65,227,0.798951098511694,0.36363636363636365
1441,3521,0,0,0.0002815160830501308,2,162,65,227,0.798951098511694,0.36363636363636365
1442,3523,0,0,5.105977852815984e-05,2,162,65,227,0.798951098511694,0.36363636363636365
1443,3538,0,1,0.5444357014063451,2,162,66,228,0.7948386531809625,0.36363636363636365
1444,3546,0,0,0.00047310806901306417,2,162,66,228,0.7948386531809625,0.36363636363636365
1445,3567,0,0,0.0022829248827152208,2,162,66,228,0.7948386531809625,0.36363636363636365
1446,3575,0,0,0.019232315016095132,2,162,66,228,0.7948386531809625,0.36363636363636365
1447,3610,0,0,7.211776232804651e-06,2,162,66,228,0.7948386531809625,0.36363636363636365
1448,3689,0,0,0.00828450965910222,2,162,66,228,0.7948386531809625,0.36363636363636365
1449,3691,0,0,0.00026101531847345195,2,162,66,228,0.7948386531809625,0.36363636363636365
1450,3727,0,0,0.05985271244824346,2,162,66,228,0.7948386531809625,0.36363636363636365
1451,3751,0,0,0.00014713357801235996,2,162,66,228,0.7948386531809625,0.36363636363636365
1452,3755,0,0,0.001152849404268137,2,162,66,228,0.7948386531809625,0.36363636363636365
1453,3784,0,0,6.732251218330393e-06,2,162,66,228,0.7948386531809625,0.36363636363636365
1454,3907,0,0,0.02964698680232014,2,162,66,228,0.7948386531809625,0.36363636363636365
1455,3931,0,0,0.0020379260576732588,2,162,66,228,0.7948386531809625,0.36363636363636365
1456,3935,0,0,0.09296882471210216,2,162,66,228,0.7948386531809625,0.36363636363636365
1457,3938,0,1,0.7521634386013636,2,162,67,229,0.7907532467532468,0.36363636363636365
1458,3953,0,0,0.001860728309834562,2,162,67,229,0.7948386531809625,0.36363636363636365
1459,3992,0,0,0.00014681051021857183,2,162,67,229,0.7948386531809625,0.36363636363636365
1460,4044,0,0,4.763414096564795e-06,2,162,67,229,0.7948386531809625,0.36363636363636365
1461,4123,0,0,0.0003192670041785187,2,162,67,229,0.7948386531809625,0.36363636363636365
1462,4142,0,0,0.0006170801970477284,2,162,67,229,0.7948386531809625,0.36363636363636365
1463,4148,0,0,0.0012706622643393994,2,162,67,229,0.7948386531809625,0.36363636363636365
1464,4159,0,0,0.0006528784805533709,2,162,67,229,0.7948386531809625,0.36363636363636365
1465,4167,0,0,0.000414685879693585,2,162,67,229,0.798951098511694,0.36363636363636365
1466,4178,0,0,0.00039018004961142544,2,162,67,229,0.798951098511694,0.36363636363636365
1467,4199,0,0,2.32642927088251e-05,2,162,67,229,0.798951098511694,0.36363636363636365
1468,4200,0,0,0.0001262449201841032,2,162,67,229,0.8030926448836897,0.36363636363636365
1469,4217,0,0,0.001242387864253469,2,162,67,229,0.8030926448836897,0.36363636363636365
1470,4355,0,0,0.009679756950597185,2,162,67,229,0.8030926448836897,0.36363636363636365
1471,4370,0,0,0.0010044031741278817,2,162,67,229,0.8030926448836897,0.36363636363636365
1472,4396,0,0,0.006724203624588262,2,162,67,229,0.8030926448836897,0.36363636363636365
1473,4426,0,0,0.0002583284900358768,2,162,67,229,0.8030926448836897,0.36363636363636365
1474,4428,0,0,0.0016848434172818541,2,162,67,229,0.8030926448836897,0.36363636363636365
1475,4455,0,0,0.18021503920055848,2,162,67,229,0.8030926448836897,0.36363636363636365
1476,4462,0,0,0.0007964100433608327,2,162,67,229,0.8030926448836897,0.36363636363636365
1477,4478,0,0,0.0003737454385083145,2,162,67,229,0.8030926448836897,0.36363636363636365
1478,4505,0,0,0.00012232144862845095,2,162,67,229,0.8030926448836897,0.36363636363636365
1479,4513,0,0,7.374466657939973e-05,2,162,67,229,0.8030926448836897,0.36363636363636365
1480,4533,0,1,0.9802432406805383,2,162,68,230,0.798951098511694,0.36363636363636365
1481,4567,0,0,0.0008264826434914637,2,162,68,230,0.798951098511694,0.36363636363636365
1482,4636,0,0,0.002396420220423309,2,162,68,230,0.798951098511694,0.36363636363636365
1483,4657,0,0,6.233208261336863e-05,2,162,68,230,0.798951098511694,0.36363636363636365
1484,4692,0,0,0.13790218663970163,2,162,68,230,0.798951098511694,0.36363636363636365
1485,4705,0,0,6.674068718281747e-05,2,162,68,230,0.798951098511694,0.36363636363636365
1486,4781,0,0,0.0009198287146811614,2,162,68,230,0.798951098511694,0.36363636363636365
1487,4820,0,0,0.0037917141039544087,2,162,68,230,0.798951098511694,0.36363636363636365
1488,4856,0,0,0.015630961888616738,2,162,68,230,0.798951098511694,0.36363636363636365
1489,4875,0,0,0.47425899440040553,2,162,68,230,0.798951098511694,0.36363636363636365
1490,4880,0,0,7.25444938760674e-05,2,162,68,230,0.798951098511694,0.36363636363636365
1491,4908,0,0,6.5346057793222376e-06,2,162,68,230,0.798951098511694,0.36363636363636365
1492,4921,0,0,4.598706843057273e-06,2,162,68,230,0.798951098511694,0.36363636363636365
1493,48,1,0,0.0003176661064900509,2,163,68,231,0.7927164061473796,0.35555555555555557
1494,181,1,0,0.1622821956263051,2,164,68,232,0.7864761904761906,0.34782608695652173
1495,242,1,0,6.0728971533585344e-05,2,165,68,233,0.7802316023802388,0.3404255319148936
1496,285,1,1,0.9998041378329854,2,165,68,233,0.7873441734417344,0.3617021276595745
1497,386,1,1,0.9974116599682333,2,165,68,233,0.7943307779313811,0.3829787234042553
1498,475,1,0,0.04574034508854245,2,166,68,234,0.7873441734417344,0.3617021276595745
1499,523,1,1,0.9952967091698707,2,166,68,234,0.788167799701542,0.375
1500,534,1,1,0.9951874647732581,2,166,68,234,0.7889506172839507,0.3877551020408163
1501,536,1,0,0.0001543114842595306,2,167,68,235,0.7828193478348277,0.38
1502,542,1,1,0.991002151038716,2,167,68,235,0.7835999053590441,0.39215686274509803
1503,559,1,1,0.5548411397154652,2,167,68,235,0.7843445953790781,0.40384615384615385
1504,560,1,1,0.9996323658524879,2,167,68,235,0.7850560602029568,0.41509433962264153
1505,580,1,0,0.021741795604545817,2,168,68,236,0.7790235081374322,0.4074074074074074
1506,598,1,1,0.9998657387425602,2,168,68,236,0.7797363353577248,0.41818181818181815
1507,625,1,1,0.9960993601979914,2,168,68,236,0.7804195804195804,0.42857142857142855
1508,742,1,0,0.03532373481400961,2,169,68,237,0.7744474150077676,0.42105263157894735
1509,798,1,0,0.41976128173495353,2,170,68,238,0.7684731182795699,0.41379310344827586
1510,821,1,0,0.08929235988140746,2,171,68,239,0.7624975994878908,0.4067796610169492
1511,830,1,1,0.9657544736846367,2,171,68,239,0.7632447199747819,0.4166666666666667
1512,843,1,1,0.9978827574130273,2,171,68,239,0.7639637618636754,0.4262295081967213
1513,860,1,0,0.10210470854174453,2,172,68,240,0.758048245614035,0.41935483870967744
1514,905,1,1,0.997662526210487,2,172,68,240,0.7587701040681174,0.42857142857142855
1515,967,1,0,0.1708956817852196,2,173,68,241,0.7528843249773481,0.421875
1516,1000,1,1,0.9880105035106934,2,173,68,241,0.7536093910394384,0.4307692307692308
1517,1114,1,0,0.04307794336381239,2,174,68,242,0.747753651796289,0.42424242424242425
1518,1139,1,0,0.12552820338726844,2,175,68,243,0.7462705619160416,0.417910447761194
1519,1178,1,0,0.001180749033049485,2,176,68,244,0.7447874720357942,0.4117647058823529
1520,1219,1,0,0.0021810846625029885,2,177,68,245,0.738919616880782,0.4057971014492754
1521,1258,1,0,0.14444039379938706,2,178,68,246,0.733056133056133,0.4
1522,1275,1,0,3.6457066224371547e-06,2,179,68,247,0.7271977401129943,0.39436619718309857
1523,1278,1,0,0.42830684207820097,2,180,68,248,0.7213451418303172,0.3888888888888889
1524,1317,1,0,0.00042883226349447253,2,181,68,249,0.7154990271442696,0.3835616438356164
1525,1335,1,1,0.9714473537080027,2,181,68,249,0.7164683628109336,0.3918918918918919
1526,1338,1,0,0.11041458354507983,2,182,68,250,0.7106583072100312,0.38666666666666666
1527,1339,1,1,0.9956065631425415,2,182,68,250,0.7116269841269842,0.39473684210526316
1528,1343,1,1,0.9944267332060721,2,182,68,250,0.712567783094099,0.4025974025974026
1529,1351,1,0,0.05176185367953222,2,183,68,251,0.7068222730739894,0.3974358974358974
1530,1367,1,1,0.9965857379811377,2,183,68,251,0.7077644891425812,0.4050632911392405
1531,1388,1,0,0.018052829508961483,2,184,68,252,0.7020555355210962,0.4
1532,1424,1,0,0.000763996233889908,2,185,68,253,0.696356051317324,0.3950617283950617
1533,1427,1,1,0.9970571275265155,2,185,68,253,0.7017142857142857,0.4024390243902439
1534,1439,1,0,2.7098736187551506e-05,2,186,68,254,0.696041055718475,0.39759036144578314
1535,1446,1,0,0.00020873225487245736,2,187,68,255,0.6903785823799977,0.39285714285714285
1536,1462,1,1,0.9991465175679314,2,187,68,255,0.6913978494623656,0.4
1537,1488,1,1,0.992826854895314,2,187,68,255,0.6923925385239253,0.4069767441860465
1538,1501,1,0,0.0015284313560041845,2,188,68,256,0.6867967465605261,0.40229885057471265
1539,1586,1,0,0.031470417834037506,2,189,68,257,0.6812132352941177,0.3977272727272727
1540,1603,1,0,0.0012730731704310829,2,190,68,258,0.6756426099144711,0.39325842696629215
1541,1654,1,1,0.9990444036798592,2,190,68,258,0.6766962740145861,0.4
1542,1705,1,0,0.07341051507136148,2,191,68,259,0.6755410198927325,0.3956043956043956
1543,1749,1,0,0.0004064938627033256,2,192,68,260,0.6700135685210311,0.391304347826087
1544,1779,1,1,0.7596439765204512,2,192,68,260,0.6711143530467961,0.3978494623655914
1545,1814,1,0,0.02549512635666834,2,193,68,261,0.6656296296296297,0.39361702127659576
1546,1858,1,0,0.004854754845935578,2,194,68,262,0.6601604278074866,0.3894736842105263
1547,1905,1,0,0.0015284313467587467,2,195,68,263,0.6547073353501152,0.3854166666666667
1548,1908,1,1,0.9956463161996301,2,195,68,263,0.6558695112875218,0.3917525773195876
1549,1918,1,0,0.3400930700005757,2,196,68,264,0.6504615384615384,0.3877551020408163
1550,1982,1,1,0.9963436719483566,2,196,68,264,0.6516300906212469,0.3939393939393939
1551,1991,1,1,0.9902976213280049,2,196,68,264,0.6527777777777777,0.4
1552,1995,1,1,0.9901007539401385,2,196,68,264,0.6539057275374824,0.40594059405940597
1553,2001,1,1,0.9497940155281273,2,196,68,264,0.6550150150150151,0.4117647058823529
1554,2015,1,1,0.9563954415651588,2,196,68,264,0.6561066666666667,0.4174757281553398
1555,2031,1,1,0.9326158199164455,2,196,68,264,0.6571816638370119,0.4230769230769231
1556,2035,1,1,0.9948356646950659,2,196,68,264,0.658240946045824,0.42857142857142855
1557,2043,1,0,0.1094602103835603,2,197,68,265,0.6530480579328506,0.42452830188679247
1558,2050,1,1,0.9921364291132728,2,197,68,265,0.6541204686639931,0.42990654205607476
1559,2057,1,0,0.0015284313560041845,2,198,68,266,0.64897583429229,0.42592592592592593
1560,2090,1,0,0.0028585785226063402,2,199,68,267,0.6438521360160756,0.42201834862385323
1561,2128,1,1,0.992073482715164,2,199,68,267,0.6449673848072977,0.42727272727272725
1562,2139,1,1,0.9963447376250628,2,199,68,267,0.6511360099595394,0.43636363636363634
1563,2171,1,0,0.0001277522620779696,2,200,68,268,0.6511360099595394,0.43636363636363634
1564,2193,1,0,0.027176323049043258,2,201,68,269,0.6449673848072977,0.42727272727272725
1565,2196,1,0,0.018887922275888536,2,202,68,270,0.6449673848072977,0.42727272727272725
1566,2234,1,1,0.9953311237119745,2,202,68,270,0.6511360099595394,0.43636363636363634
1567,2259,1,0,1.470674547015493e-05,2,203,68,271,0.6511360099595394,0.43636363636363634
1568,2383,1,1,0.9430705058037768,2,203,68,271,0.6511360099595394,0.43636363636363634
1569,2415,1,0,0.004540569413105805,2,204,68,272,0.6449673848072977,0.42727272727272725
1570,2511,0,0,0.0002730011847316758,2,204,68,272,0.6438521360160756,0.42201834862385323
1571,2544,0,0,0.004758009805979155,2,204,68,272,0.6427228644072239,0.4166666666666667
1572,2575,0,1,0.860756504059116,2,204,69,273,0.6372047078604456,0.411214953271028
1573,2618,0,0,0.0013191640614523556,2,204,69,273,0.6360553267870341,0.4056603773584906
1574,2630,0,0,0.000531776154790341,2,204,69,273,0.6412518853695325,0.4095238095238095
1575,2683,0,0,0.001494806973648976,2,204,69,273,0.6464685908319185,0.41346153846153844
1576,2737,0,1,0.5430923488213568,2,204,70,274,0.6473089983022072,0.4174757281553398
1577,2772,0,0,0.0006056254436941703,2,204,70,274,0.652551929572595,0.4215686274509804
1578,2822,0,0,9.460021552480392e-05,2,204,70,274,0.6578133333333334,0.42574257425742573
1579,2836,0,1,0.6306533327742667,2,204,71,275,0.652397122917725,0.42
1580,2864,0,0,6.706916046168465e-05,2,204,71,275,0.6513793659756392,0.41414141414141414
1581,2903,0,0,0.0006210067719541605,2,204,71,275,0.6567015424441809,0.41836734693877553
1582,2917,0,0,0.00029037724809764245,2,204,71,275,0.6556944444444445,0.41237113402061853
1583,2966,0,0,0.00030819050220908683,2,204,71,275,0.661060651410846,0.4166666666666667
1584,3051,0,0,7.350460288814409e-05,2,204,71,275,0.6664428431051426,0.42105263157894735
1585,3105,0,0,0.00013253775915577005,2,204,71,275,0.6718404118404119,0.425531914893617
1586,3139,0,0,0.0012062859455508946,2,204,71,275,0.6772527472527472,0.43010752688172044
1587,3168,0,0,0.00030709341772036186,2,204,71,275,0.6826792359216074,0.43478260869565216
1588,3173,0,0,0.0002789714124004525,2,204,71,275,0.6817887374760622,0.42857142857142855
1589,3176,0,0,0.0004067771655069659,2,204,71,275,0.6872549019607842,0.43333333333333335
1590,3237,0,0,0.009356095003447766,2,204,71,275,0.6863730221075076,0.42696629213483145
1591,3241,0,0,8.280573668295154e-06,2,204,71,275,0.6918780096308187,0.4318181818181818
1592,3255,0,0,0.003375501211146585,2,204,71,275,0.6973948439620082,0.4367816091954023
1593,3293,0,0,2.317323293734095e-05,2,204,71,275,0.7029228979255939,0.4418604651162791
1594,3304,0,0,0.00011233433031217084,2,204,71,275,0.7021010326382334,0.43529411764705883
1595,3348,0,0,0.0022876702322396913,2,204,71,275,0.7076654411764706,0.44047619047619047
1596,3414,0,0,0.000661241251745005,2,204,71,275,0.7132395950506186,0.4457831325301205
1597,3461,0,0,0.0013045854937344188,2,204,71,275,0.7188228478739428,0.45121951219512196
1598,3483,0,0,0.0009523216716539284,2,204,71,275,0.7244145454545454,0.4567901234567901
1599,3500,0,1,0.6930325212183941,2,204,72,276,0.7192145862552596,0.45
1600,3506,0,0,0.00019559199676656073,2,204,72,276,0.7248296204983711,0.45569620253164556
1601,3654,0,0,0.0004201098496010907,2,204,72,276,0.7241144583666578,0.44871794871794873
1602,3666,0,0,7.78219283357669e-05,2,204,72,276,0.7297619047619048,0.45454545454545453
1603,3703,0,0,0.0015079207739621214,2,204,72,276,0.7297619047619048,0.45454545454545453
1604,3714,0,0,0.0019235975383837158,2,204,72,276,0.7297619047619048,0.45454545454545453
1605,3723,0,0,7.821873458495477e-05,2,204,72,276,0.7297619047619048,0.45454545454545453
1606,3790,0,0,0.0012114256271169776,2,204,72,276,0.7297619047619048,0.45454545454545453
1607,3825,0,0,0.0004089877108840175,2,204,72,276,0.7297619047619048,0.45454545454545453
1608,3836,0,0,0.01669273417121364,2,204,72,276,0.7297619047619048,0.45454545454545453
1609,3840,0,0,0.01561531945801111,2,204,72,276,0.7297619047619048,0.45454545454545453
1610,3884,0,0,0.0005713233674252494,2,204,72,276,0.7297619047619048,0.45454545454545453
1611,3892,0,0,0.00015651270327416358,2,204,72,276,0.7297619047619048,0.45454545454545453
1612,3894,0,0,0.0021843914830015267,2,204,72,276,0.7342285953527318,0.45454545454545453
1613,3908,0,0,0.00015660748084820472,2,204,72,276,0.7342285953527318,0.45454545454545453
1614,3952,0,0,0.000158469461673983,2,204,72,276,0.7342285953527318,0.45454545454545453
1615,3963,0,0,0.008620526073292344,2,204,72,276,0.7342285953527318,0.45454545454545453
1616,4052,0,0,0.0014939815342052364,2,204,72,276,0.7342285953527318,0.45454545454545453
1617,4092,0,0,6.198674563388981e-05,2,204,72,276,0.7342285953527318,0.45454545454545453
1618,4151,0,0,2.5518325417737833e-05,2,204,72,276,0.7342285953527318,0.45454545454545453
1619,4221,0,0,0.000565378115830632,2,204,72,276,0.7342285953527318,0.45454545454545453
1620,4308,0,0,3.5036936190799454e-06,2,204,72,276,0.7342285953527318,0.45454545454545453
1621,4309,0,0,0.00044773794081984556,2,204,72,276,0.7342285953527318,0.45454545454545453
1622,4320,0,0,0.4319255776620123,2,204,72,276,0.7342285953527318,0.45454545454545453
1623,4354,0,0,0.0003649912094942551,2,204,72,276,0.7342285953527318,0.45454545454545453
1624,4404,0,0,0.00012903378445466957,2,204,72,276,0.7342285953527318,0.45454545454545453
1625,4410,0,0,0.0013927349827260484,2,204,72,276,0.7342285953527318,0.45454545454545453
1626,4422,0,0,1.0937577060188944e-05,2,204,72,276,0.7342285953527318,0.45454545454545453
1627,4450,0,0,0.0007643947330715843,2,204,72,276,0.7342285953527318,0.45454545454545453
1628,4458,0,0,0.0006036165862381989,2,204,72,276,0.7342285953527318,0.45454545454545453
1629,4492,0,0,0.14712060732600818,2,204,72,276,0.7342285953527318,0.45454545454545453
1630,4536,0,0,0.0007576534604224753,2,204,72,276,0.7342285953527318,0.45454545454545453
1631,4558,0,0,3.715907263650827e-06,2,204,72,276,0.7342285953527318,0.45454545454545453
1632,4579,0,0,0.004956110544869477,2,204,72,276,0.7342285953527318,0.45454545454545453
1633,4586,0,0,1.7203309439483654e-05,2,204,72,276,0.7342285953527318,0.45454545454545453
1634,4625,0,0,0.00016313494902621046,2,204,72,276,0.7342285953527318,0.45454545454545453
1635,4641,0,0,0.00022341189100022436,2,204,72,276,0.7342285953527318,0.45454545454545453
1636,4671,0,0,0.00017591027854681,2,204,72,276,0.7342285953527318,0.45454545454545453
1637,4681,0,0,0.010926985983981629,2,204,72,276,0.7342285953527318,0.45454545454545453
1638,4689,0,0,0.0010829716321552746,2,204,72,276,0.7342285953527318,0.45454545454545453
1639,4739,0,0,0.21604171133809905,2,204,72,276,0.7342285953527318,0.45454545454545453
1640,4741,0,0,0.03046207500638207,2,204,72,276,0.7342285953527318,0.45454545454545453
1641,4790,0,0,0.0004751408208999802,2,204,72,276,0.7342285953527318,0.45454545454545453
1642,4854,0,0,4.2008145052532955e-05,2,204,72,276,0.7342285953527318,0.45454545454545453
1643,4888,0,0,0.00012149981260747889,2,204,72,276,0.7387089794446448,0.45454545454545453
1644,4944,0,0,3.311644698273553e-05,2,204,72,276,0.7387089794446448,0.45454545454545453
1645,4953,0,0,9.032569287991898e-05,2,204,72,276,0.7387089794446448,0.45454545454545453
1646,4958,0,0,0.01681746173004298,2,204,72,276,0.7387089794446448,0.45454545454545453
1647,1,1,0,0.00017220838208492436,2,205,72,277,0.7330416579443165,0.44871794871794873
1648,87,1,0,0.060489210264288884,2,206,72,278,0.7273809523809525,0.4430379746835443
1649,101,1,0,0.001018028884165967,2,207,72,279,0.7217275393228474,0.4375
1650,113,1,0,0.000640978755250409,2,208,72,280,0.716082085151551,0.43209876543209874
1651,140,1,1,0.9990883876329858,2,208,72,280,0.7169050958391773,0.43902439024390244
1652,149,1,0,0.001161661741488417,2,209,72,281,0.7112945454545455,0.43373493975903615
1653,150,1,0,0.016020753826366554,2,210,72,282,0.7056934306569344,0.42857142857142855
1654,209,1,0,0.0003795887883166091,2,211,72,283,0.700102391047273,0.4235294117647059
1655,212,1,0,2.7638325603853996e-06,2,212,72,284,0.6945220588235295,0.4186046511627907
1656,222,1,0,0.008888621771429576,2,213,72,285,0.6889530592980349,0.41379310344827586
1657,236,1,0,0.0005087288340769827,2,214,72,286,0.6877954174890586,0.4090909090909091
1658,249,1,0,0.060499284476296836,2,215,72,287,0.6822393162393162,0.4044943820224719
1659,250,1,0,0.007650874974516259,2,216,72,288,0.6766962740145861,0.4
1660,265,1,0,1.6070952760569082e-05,2,217,72,289,0.6711668928086838,0.3956043956043956
1661,267,1,1,0.6428536167485098,2,217,72,289,0.6722253394680732,0.40217391304347827
1662,327,1,0,1.6345469946914225e-05,2,218,72,290,0.6667379454926625,0.3978494623655914
1663,362,1,0,0.010834645621599324,2,219,72,291,0.6612655971479501,0.39361702127659576
1664,445,1,1,0.9997750504828262,2,219,72,291,0.6623575616771766,0.4
1665,458,1,0,0.0027739587809420996,2,220,72,292,0.6569288017861572,0.3958333333333333
1666,510,1,0,0.006249648942988406,2,221,72,293,0.6515164835164835,0.3917525773195876
1667,525,1,1,0.9052004413649871,2,221,72,293,0.652643301670488,0.3979591836734694
1668,612,1,1,0.8674497555418049,2,221,72,293,0.65375,0.40404040404040403
1669,689,1,0,0.4697343319277271,2,222,72,294,0.6484110885733604,0.4
1670,700,1,0,4.621978381128655e-05,2,223,72,295,0.6430902815230288,0.39603960396039606
1671,704,1,1,0.999365268781512,2,223,72,295,0.6442342342342343,0.4019607843137255
1672,736,1,1,0.6651101446986502,2,223,72,295,0.64536,0.4077669902912621
1673,868,1,0,9.47778654758835e-06,2,224,72,296,0.6401148966727839,0.40384615384615385
1674,870,1,0,0.0021013626497981192,2,225,72,297,0.6348896434634974,0.4
1675,884,1,0,0.0006285524700189532,2,226,72,298,0.6296848455981583,0.39622641509433965
1676,927,1,0,0.00018845950395189219,2,227,72,299,0.6245011086474501,0.3925233644859813
1677,929,1,0,0.2359133478476181,2,228,72,300,0.619339038841343,0.3888888888888889
1678,940,1,1,0.9389432405522756,2,228,72,300,0.620592645015858,0.3944954128440367
1679,984,1,0,1.090994903676869e-05,2,229,72,301,0.6154827910869338,0.39090909090909093
1680,1009,1,1,0.996970986907442,2,229,72,301,0.621070226258514,0.3963963963963964
1681,1036,1,0,0.0006343824640359635,2,230,72,302,0.616,0.39285714285714285
1682,1079,1,1,0.9999818778244579,2,230,72,302,0.6172922502334266,0.39823008849557523
1683,1170,1,0,4.4915557281409486e-07,2,231,72,303,0.6122766689964019,0.39473684210526316
1684,1191,1,1,0.9987780121991462,2,231,72,303,0.6135847840103159,0.4
1685,1218,1,0,0.0003633048086571527,2,232,72,304,0.6086252703120174,0.39655172413793105
1686,1229,1,0,0.006639074165499775,2,233,72,305,0.6036917581146719,0.39316239316239315
1687,1230,1,0,0.05190654707761113,2,234,72,306,0.5987848932676519,0.3898305084745763
1688,1294,1,0,0.07561059068600026,2,235,72,307,0.593905325443787,0.3865546218487395
1689,1306,1,1,0.9999730480082288,2,235,72,307,0.5953267448096223,0.39166666666666666
1690,1330,1,0,0.0002808843648887474,2,236,72,308,0.5905079559363525,0.3884297520661157
1691,1365,1,1,0.6985934041582114,2,236,72,308,0.5919499542264266,0.39344262295081966
1692,1376,1,1,0.9942088645533413,2,236,72,308,0.5933806818181818,0.3983739837398374
1693,1494,1,0,0.41829162495916195,2,237,72,309,0.5933806818181818,0.3983739837398374
1694,1510,1,0,0.01415452865873682,2,238,72,310,0.5933806818181818,0.3983739837398374
1695,1524,1,0,0.01602075372138299,2,239,72,311,0.5933806818181818,0.3983739837398374
1696,1529,1,1,0.999359559141446,2,239,72,311,0.5933806818181818,0.3983739837398374
1697,1538,1,0,1.833161981414829e-05,2,240,72,312,0.5871936507936507,0.3902439024390244
1698,1569,1,0,0.005921109297127859,2,241,72,313,0.5871936507936507,0.3902439024390244
1699,1572,1,1,0.9452490270262996,2,241,72,313,0.5871936507936507,0.3902439024390244
1700,1588,1,1,0.9962149522091576,2,241,72,313,0.5871936507936507,0.3902439024390244
1701,1628,1,0,0.003310132580183115,2,242,72,314,0.5871936507936507,0.3902439024390244
1702,1637,1,1,0.8838181628138934,2,242,72,314,0.5871936507936507,0.3902439024390244
1703,1653,1,0,4.893212359343774e-05,2,243,72,315,0.5809581934696368,0.3821138211382114
1704,1684,1,1,0.9998496512445878,2,243,72,315,0.5809581934696368,0.3821138211382114
1705,1687,1,0,0.006992483726312895,2,244,72,316,0.5809581934696368,0.3821138211382114
1706,1692,1,0,0.0012690165903449164,2,245,72,317,0.5746731684958365,0.37398373983739835
1707,1744,1,0,0.0009220427962706132,2,246,72,318,0.5683374133006935,0.36585365853658536
1708,1812,1,1,0.762141304779466,2,246,72,318,0.5746731684958365,0.37398373983739835
1709,1817,1,0,0.36985586652471064,2,247,72,319,0.5746731684958365,0.37398373983739835
1710,1878,1,1,0.8491026532178361,2,247,72,319,0.5809581934696368,0.3821138211382114
1711,1888,1,0,8.408499944992331e-06,2,248,72,320,0.5746731684958365,0.37398373983739835
1712,1904,1,0,0.002488990037691445,2,249,72,321,0.5683374133006935,0.36585365853658536
1713,1927,1,0,3.7569369307990736e-05,2,250,72,322,0.5683374133006935,0.36585365853658536
1714,1958,1,1,0.9997308160458878,2,250,72,322,0.5683374133006935,0.36585365853658536
1715,2007,1,0,0.00031649541200408723,2,251,72,323,0.5683374133006935,0.36585365853658536
1716,2016,1,1,0.9973275547579092,2,251,72,323,0.5683374133006935,0.36585365853658536
1717,2108,1,0,0.0006370619253696279,2,252,72,324,0.5683374133006935,0.36585365853658536
1718,2150,1,0,0.06996187047425644,2,253,72,325,0.5683374133006935,0.36585365853658536
1719,2164,1,0,0.19289259125005054,2,254,72,326,0.5683374133006935,0.36585365853658536
1720,2166,1,1,0.6879250689838442,2,254,72,326,0.5746731684958365,0.37398373983739835
1721,2185,1,0,3.0172187943936322e-05,2,255,72,327,0.5746731684958365,0.37398373983739835
1722,2224,1,1,0.9921739199130246,2,255,72,327,0.5809581934696368,0.3821138211382114
1723,2237,1,1,0.9976628056666326,2,255,72,327,0.5871936507936507,0.3902439024390244
1724,2239,1,0,9.968266414471748e-05,2,256,72,328,0.5871936507936507,0.3902439024390244
1725,2287,1,0,0.055801815061869986,2,257,72,329,0.5809581934696368,0.3821138211382114
1726,2305,1,0,0.008227874548090847,2,258,72,330,0.5809581934696368,0.3821138211382114
1727,2309,1,0,0.0009254898351653988,2,259,72,331,0.5746731684958365,0.37398373983739835
1728,2369,1,0,0.047052972167859045,2,260,72,332,0.5683374133006935,0.36585365853658536
1729,2384,1,0,2.9344707725568615e-05,2,261,72,333,0.5683374133006935,0.36585365853658536
1730,2409,1,1,0.6242185782696221,2,261,72,333,0.5683374133006935,0.36585365853658536
1731,2446,1,1,0.9962519135225569,2,261,72,333,0.5746731684958365,0.37398373983739835
1732,2448,1,0,0.0020546587420764476,2,262,72,334,0.5746731684958365,0.37398373983739835
1733,2456,1,1,0.9998780671897802,2,262,72,334,0.5746731684958365,0.37398373983739835
1734,2467,1,0,1.1495824924398163e-05,2,263,72,335,0.5746731684958365,0.37398373983739835
1735,2471,1,0,0.016260900568105877,2,264,72,336,0.5746731684958365,0.37398373983739835
1736,2476,1,0,1.7667219703923598e-05,2,265,72,337,0.5683374133006935,0.36585365853658536
1737,2480,1,1,0.9998611384144157,2,265,72,337,0.5683374133006935,0.36585365853658536
1738,2506,0,0,5.569089371319226e-05,2,265,72,337,0.5731050333256722,0.36885245901639346
1739,2517,0,0,0.00032020450101613856,2,265,72,337,0.5779028132992328,0.371900826446281
1740,2549,0,0,2.0691489694923604e-05,2,265,72,337,0.5827300904223982,0.375
1741,2552,0,0,9.530843301526877e-05,2,265,72,337,0.581215337565213,0.3697478991596639
1742,2559,0,0,3.856839934829638e-05,2,265,72,337,0.5861044176706828,0.3728813559322034
1743,2598,0,0,0.00027155255729143993,2,265,72,337,0.5910212765957447,0.37606837606837606
1744,2636,0,0,0.00012410440594217887,2,265,72,337,0.5895565737361186,0.3706896551724138
1745,2675,0,0,0.010326943487516761,2,265,72,337,0.5945326278659613,0.3739130434782609
1746,2718,0,0,1.8113831129709802e-06,2,265,72,337,0.5995348111957172,0.37719298245614036
1747,2750,0,0,0.00033943192320954273,2,265,72,337,0.6045625,0.3805309734513274
1748,2778,0,0,0.0011180672059991712,2,265,72,337,0.6031760644418872,0.375
1749,2787,0,0,0.002083986040175446,2,265,72,337,0.6082595475872192,0.3783783783783784
1750,2821,0,0,0.006686869036916771,2,265,72,337,0.6068861092824227,0.37272727272727274
1751,2826,0,0,0.00033060142028280327,2,265,72,337,0.6054936360509116,0.3669724770642202
1752,2860,0,0,0.000189135810229232,2,265,72,337,0.6040809595999893,0.3611111111111111
1753,2882,0,0,0.00020143611480798047,2,265,72,337,0.6026468622155673,0.35514018691588783
1754,2934,0,0,7.535749682093994e-05,2,265,72,337,0.6011900728670915,0.3490566037735849
1755,2935,0,1,0.9844037631301445,2,265,73,338,0.5955182828173875,0.34285714285714286
1756,2967,0,0,0.0021595069974371657,2,265,73,338,0.5940277777777778,0.33653846153846156
1757,2993,0,0,0.000574252795580104,2,265,73,338,0.5993352561835051,0.33980582524271846
1758,3030,0,0,0.0001126491776228967,2,265,73,338,0.5978493387004026,0.3333333333333333
1759,3039,0,0,0.12283170550723381,2,265,73,338,0.6032087912087912,0.33663366336633666
1760,3061,0,0,0.0018504802488121704,2,265,73,338,0.6085889908762645,0.34
1761,3077,0,1,0.6127569089879268,2,265,74,339,0.6029605044805841,0.3333333333333333
1762,3159,0,0,0.0011818185207251057,2,265,74,339,0.6014973262032086,0.32653061224489793
1763,3222,0,0,0.0007084488583454148,2,265,74,339,0.6069447938504542,0.32989690721649484
1764,3234,0,0,0.00040979130210893385,2,265,74,339,0.6124116260801256,0.3333333333333333
1765,3250,0,0,0.07263076085605262,2,265,74,339,0.6178972712680578,0.3368421052631579
1766,3257,0,0,2.1292566142302132e-05,2,265,74,339,0.6164947927012685,0.32978723404255317
1767,3261,0,1,0.6308970434572363,2,265,75,340,0.6178458526064872,0.3333333333333333
1768,3292,0,0,0.002231235352553395,2,265,75,340,0.6164627134643439,0.32608695652173914
1769,3427,0,0,6.051557529333182e-06,2,265,75,340,0.62203125,0.32967032967032966
1770,3433,0,0,0.00014261741556209487,2,265,75,340,0.62203125,0.32967032967032966
1771,3532,0,0,3.47772156517278e-05,2,265,75,340,0.62203125,0.32967032967032966
1772,3591,0,0,0.000275671814152246,2,265,75,340,0.626206051166681,0.32967032967032966
1773,3608,0,0,0.0002001511318727421,2,265,75,340,0.626206051166681,0.32967032967032966
1774,3609,0,0,9.879473656174086e-05,2,265,75,340,0.626206051166681,0.32967032967032966
1775,3612,0,0,0.01813347065587721,2,265,75,340,0.626206051166681,0.32967032967032966
1776,3634,0,0,0.0006871047325881286,2,265,75,340,0.6303892944038929,0.32967032967032966
1777,3637,0,0,1.9508322328927584e-06,2,265,75,340,0.6303892944038929,0.32967032967032966
1778,3660,0,0,0.00016646393980492054,2,265,75,340,0.6303892944038929,0.32967032967032966
1779,3661,0,0,0.00014735939712807512,2,265,75,340,0.6345818181818181,0.32967032967032966
1780,3668,0,0,0.0022572157410685003,2,265,75,340,0.6345818181818181,0.32967032967032966
1781,3673,0,0,0.001510456778543542,2,265,75,340,0.6345818181818181,0.32967032967032966
1782,3685,0,0,0.001977793200906895,2,265,75,340,0.6345818181818181,0.32967032967032966
1783,3743,0,0,0.00048112361792422787,2,265,75,340,0.6345818181818181,0.32967032967032966
1784,3745,0,0,2.100402878875151e-05,2,265,75,340,0.6345818181818181,0.32967032967032966
1785,3748,0,0,0.0008260769180242234,2,265,75,340,0.6345818181818181,0.32967032967032966
1786,3777,0,0,0.00011988320227045924,2,265,75,340,0.6345818181818181,0.32967032967032966
1787,3798,0,1,0.8659584246919152,2,265,76,341,0.6303892944038929,0.32967032967032966
1788,3889,0,0,7.916914297329483e-06,2,265,76,341,0.6303892944038929,0.32967032967032966
1789,3972,0,0,0.022998895042679393,2,265,76,341,0.6303892944038929,0.32967032967032966
1790,3977,0,0,0.00025711850159020164,2,265,76,341,0.6303892944038929,0.32967032967032966
1791,4003,0,0,0.0001258426980463922,2,265,76,341,0.6303892944038929,0.32967032967032966
1792,4007,0,0,7.105228814301612e-05,2,265,76,341,0.6303892944038929,0.32967032967032966
1793,4048,0,0,0.0015432675034016572,2,265,76,341,0.6303892944038929,0.32967032967032966
1794,4124,0,1,0.6437545394326232,2,265,77,342,0.626206051166681,0.32967032967032966
1795,4185,0,0,0.0028786545349140506,2,265,77,342,0.626206051166681,0.32967032967032966
1796,4204,0,0,0.015529279997078694,2,265,77,342,0.626206051166681,0.32967032967032966
1797,4205,0,0,0.00023660089941917142,2,265,77,342,0.626206051166681,0.32967032967032966
1798,4250,0,0,0.0001130126038899634,2,265,77,342,0.626206051166681,0.32967032967032966
1799,4253,0,0,0.01400851249881778,2,265,77,342,0.6303892944038929,0.32967032967032966
1800,4265,0,0,0.00010373225907969177,2,265,77,342,0.6303892944038929,0.32967032967032966
1801,4271,0,0,0.013107021060804889,2,265,77,342,0.6303892944038929,0.32967032967032966
1802,4292,0,0,0.00027183242344083796,2,265,77,342,0.6303892944038929,0.32967032967032966
1803,4305,0,0,0.000706873459475867,2,265,77,342,0.6303892944038929,0.32967032967032966
1804,4310,0,0,0.018665831728191744,2,265,77,342,0.6303892944038929,0.32967032967032966
1805,4345,0,0,0.010591612703863851,2,265,77,342,0.6303892944038929,0.32967032967032966
1806,4374,0,0,0.0005335323073500457,2,265,77,342,0.6303892944038929,0.32967032967032966
1807,4385,0,0,0.011691810890570871,2,265,77,342,0.6303892944038929,0.32967032967032966
1808,4390,0,0,0.00019786200096699974,2,265,77,342,0.6303892944038929,0.32967032967032966
1809,4394,0,1,0.8473562942184308,2,265,78,343,0.626206051166681,0.32967032967032966
1810,4402,0,0,0.0011048322749753006,2,265,78,343,0.626206051166681,0.32967032967032966
1811,4441,0,0,0.00027058655153290454,2,265,78,343,0.626206051166681,0.32967032967032966
1812,4477,0,0,7.568739864459103e-05,2,265,78,343,0.626206051166681,0.32967032967032966
1813,4569,0,0,0.00393602559344628,2,265,78,343,0.626206051166681,0.32967032967032966
1814,4570,0,0,3.380375944838826e-06,2,265,78,343,0.626206051166681,0.32967032967032966
1815,4575,0,0,0.025362783770491233,2,265,78,343,0.626206051166681,0.32967032967032966
1816,4603,0,0,0.00014191546336795636,2,265,78,343,0.626206051166681,0.32967032967032966
1817,4605,0,0,1.3876898888029852e-05,2,265,78,343,0.626206051166681,0.32967032967032966
1818,4612,0,0,1.4520465112781003e-06,2,265,78,343,0.626206051166681,0.32967032967032966
1819,4668,0,0,0.022912829882961214,2,265,78,343,0.626206051166681,0.32967032967032966
1820,4702,0,0,4.25935686175805e-05,2,265,78,343,0.626206051166681,0.32967032967032966
1821,4704,0,0,0.0006345235282802038,2,265,78,343,0.626206051166681,0.32967032967032966
1822,4738,0,0,0.0008280188352864605,2,265,78,343,0.626206051166681,0.32967032967032966
1823,4795,0,0,5.3780289078735264e-05,2,265,78,343,0.626206051166681,0.32967032967032966
1824,4915,0,0,0.0010112236504280906,2,265,78,343,0.626206051166681,0.32967032967032966
1825,4971,0,0,1.4924314372849125e-05,2,265,78,343,0.626206051166681,0.32967032967032966
1826,4985,0,0,7.800382289308162e-05,2,265,78,343,0.626206051166681,0.32967032967032966
1827,4986,0,0,0.002510573607828364,2,265,78,343,0.626206051166681,0.32967032967032966
1828,4987,0,0,8.20097280660667e-05,2,265,78,343,0.626206051166681,0.32967032967032966
1829,4997,0,0,9.358974248621082e-05,2,265,78,343,0.626206051166681,0.32967032967032966
1830,20,1,1,0.9934346130189767,2,265,78,343,0.6275797362624789,0.33695652173913043
1831,24,1,1,0.9917479091531741,2,265,78,343,0.6289227844149947,0.34408602150537637
1832,53,1,0,0.0021150686826148634,2,266,78,344,0.6234011759384894,0.3404255319148936
1833,89,1,0,0.028727868195122293,2,267,78,345,0.6178972712680578,0.3368421052631579
1834,104,1,1,0.9883660235985862,2,267,78,345,0.6192704402515723,0.34375
1835,136,1,1,0.9998458775661642,2,267,78,345,0.6206158585662346,0.35051546391752575
1836,166,1,1,0.9916604879133676,2,267,78,345,0.621935003721161,0.35714285714285715
1837,168,1,1,0.9999948367534143,2,267,78,345,0.623229277910129,0.36363636363636365
1838,199,1,0,0.0019483431469413458,2,268,78,346,0.6178622120318812,0.36
1839,206,1,1,0.9793748921010687,2,268,78,346,0.6191623263888889,0.36633663366336633
1840,240,1,1,0.99404568274895,2,268,78,346,0.6204400819760544,0.37254901960784315
1841,260,1,0,0.0003437072926090448,2,269,78,347,0.6151517840337716,0.36893203883495146
1842,273,1,1,0.9986338590648257,2,269,78,347,0.6164378726703923,0.375
1843,278,1,1,0.8743290131027979,2,269,78,347,0.6177039282959653,0.38095238095238093
1844,284,1,1,0.78817181151817,2,269,78,347,0.6189510730068005,0.3867924528301887
1845,395,1,0,0.15024429534930264,2,270,78,348,0.6137725688945201,0.38317757009345793
1846,397,1,0,0.013969424503505357,2,271,78,349,0.6086161948650428,0.37962962962962965
1847,415,1,0,0.15671554632323825,2,272,78,350,0.6086161948650428,0.37962962962962965
1848,428,1,0,0.034884397079126155,2,273,78,351,0.6086161948650428,0.37962962962962965
1849,431,1,1,0.9943670901805136,2,273,78,351,0.6150315258511979,0.3888888888888889
1850,500,1,1,0.9997325730379366,2,273,78,351,0.621392886162879,0.39814814814814814
1851,552,1,1,0.9149580128116832,2,273,78,351,0.621392886162879,0.39814814814814814
1852,615,1,1,0.7361813657009361,2,273,78,351,0.6277016424312166,0.4074074074074074
1853,645,1,1,0.9992702353959857,2,273,78,351,0.6339591325452126,0.4166666666666667
1854,656,1,0,0.001294217561443345,2,274,78,352,0.6339591325452126,0.4166666666666667
1855,716,1,1,0.999556759960102,2,274,78,352,0.6401666666666667,0.42592592592592593
1856,744,1,1,0.9995762591817204,2,274,78,352,0.6463255282101926,0.4351851851851852
1857,851,1,1,0.9939402838773541,2,274,78,352,0.652436974789916,0.4444444444444444
1858,871,1,1,0.9988876502371734,2,274,78,352,0.6585022391343739,0.4537037037037037
1859,908,1,1,0.9952317052045475,2,274,78,352,0.6645225299710624,0.46296296296296297
1860,910,1,1,0.9957803991186297,2,274,78,352,0.6704990328820116,0.4722222222222222
1861,912,1,1,0.7359962409612458,2,274,78,352,0.6704990328820116,0.4722222222222222
1862,933,1,1,0.9447167790175505,2,274,78,352,0.6764329111317063,0.48148148148148145
1863,943,1,1,0.7312684077118109,2,274,78,352,0.6823253064686078,0.49074074074074076
1864,957,1,1,0.9996870754840106,2,274,78,352,0.6823253064686078,0.49074074074074076
1865,1014,1,1,0.815686899767512,2,274,78,352,0.6881773399014779,0.5
1866,1016,1,1,0.9626126573278584,2,274,78,352,0.693990112451651,0.5092592592592593
1867,1019,1,0,0.0010786363250089779,2,275,78,353,0.6881773399014779,0.5
1868,1097,1,0,0.1936788939315401,2,276,78,354,0.6823253064686078,0.49074074074074076
1869,1112,1,1,0.8588338144965237,2,276,78,354,0.6881773399014779,0.5
1870,1117,1,1,0.9944414338037572,2,276,78,354,0.693990112451651,0.5092592592592593
1871,1131,1,0,0.0004502447889738902,2,277,78,355,0.6881773399014779,0.5
1872,1195,1,0,0.06833292204359406,2,278,78,356,0.6823253064686078,0.49074074074074076
1873,1202,1,0,0.38341895114239444,2,279,78,357,0.6823253064686078,0.49074074074074076
1874,1238,1,1,0.9986628444107221,2,279,78,357,0.6881773399014779,0.5
1875,1249,1,0,0.007206874583985584,2,280,78,358,0.6881773399014779,0.5
1876,1271,1,0,0.036392296660986145,2,281,78,359,0.6881773399014779,0.5
1877,1326,1,1,0.9980572037898898,2,281,78,359,0.693990112451651,0.5092592592592593
1878,1380,1,0,3.9236852844042e-06,2,282,78,360,0.6881773399014779,0.5
1879,1438,1,0,3.310489281668208e-05,2,283,78,361,0.6881773399014779,0.5
1880,1472,1,1,0.5446556255753877,2,283,78,361,0.6881773399014779,0.5
1881,1497,1,1,0.6343108513578415,2,283,78,361,0.693990112451651,0.5092592592592593
1882,1509,1,0,0.37189607379141576,2,284,78,362,0.6881773399014779,0.5
1883,1535,1,1,0.9723303839380977,2,284,78,362,0.693990112451651,0.5092592592592593
1884,1553,1,0,0.47926686407887137,2,285,78,363,0.6881773399014779,0.5
1885,1579,1,1,0.9999182329724027,2,285,78,363,0.693990112451651,0.5092592592592593
1886,1589,1,1,0.9802967042629587,2,285,78,363,0.6997647058823528,0.5185185185185185
1887,1610,1,0,2.2374614658663373e-05,2,286,78,364,0.6997647058823528,0.5185185185185185
1888,1754,1,0,0.0014299822165711842,2,287,78,365,0.6997647058823528,0.5185185185185185
1889,1786,1,0,0.015926002411168618,2,288,78,366,0.693990112451651,0.5092592592592593
1890,1802,1,1,0.9967026008209181,2,288,78,366,0.6997647058823528,0.5185185185185185
1891,1824,1,1,0.9990128573629768,2,288,78,366,0.6997647058823528,0.5185185185185185
1892,1832,1,1,0.7356046940488195,2,288,78,366,0.6997647058823528,0.5185185185185185
1893,1842,1,0,0.05945150356968795,2,289,78,367,0.6997647058823528,0.5185185185185185
1894,1850,1,0,0.0003437072926090448,2,290,78,368,0.6997647058823528,0.5185185185185185
1895,1870,1,1,0.9994658101925645,2,290,78,368,0.7055021834061135,0.5277777777777778
1896,1892,1,0,0.0009872855268216146,2,291,78,369,0.6997647058823528,0.5185185185185185
1897,1911,1,1,0.7358993593404691,2,291,78,369,0.7055021834061135,0.5277777777777778
1898,1917,1,0,0.0006180888009508758,2,292,78,370,0.7055021834061135,0.5277777777777778
1899,1931,1,1,0.9999831339876959,2,292,78,370,0.7055021834061135,0.5277777777777778
1900,2027,1,0,0.0006180888009508758,2,293,78,371,0.6997647058823528,0.5185185185185185
1901,2040,1,0,0.0003411339545990469,2,294,78,372,0.6997647058823528,0.5185185185185185
1902,2122,1,1,0.9982279190090223,2,294,78,372,0.6997647058823528,0.5185185185185185
1903,2146,1,0,0.012506187406425708,2,295,78,373,0.6997647058823528,0.5185185185185185
1904,2167,1,1,0.9993689366470109,2,295,78,373,0.6997647058823528,0.5185185185185185
1905,2187,1,1,0.7880471659685787,2,295,78,373,0.7055021834061135,0.5277777777777778
1906,2197,1,1,0.9948921533349693,2,295,78,373,0.711203590371277,0.5370370370370371
1907,2203,1,0,0.04923853833331873,2,296,78,374,0.711203590371277,0.5370370370370371
1908,2275,1,0,3.502728533954526e-05,2,297,78,375,0.7055021834061135,0.5277777777777778
1909,2302,1,0,0.041167711897344715,2,298,78,376,0.7055021834061135,0.5277777777777778
1910,2355,1,1,0.9961742767237189,2,298,78,376,0.7055021834061135,0.5277777777777778
1911,2357,1,1,0.9837560830243725,2,298,78,376,0.711203590371277,0.5370370370370371
1912,2364,1,0,0.005755600231856035,2,299,78,377,0.711203590371277,0.5370370370370371
1913,2373,1,1,0.9920007005317739,2,299,78,377,0.7168699549285732,0.5462962962962963
1914,2404,1,1,0.9827055531922539,2,299,78,377,0.7168699549285732,0.5462962962962963
1915,2425,1,1,0.9982849836710614,2,299,78,377,0.7225022886786695,0.5555555555555556
1916,2429,1,0,0.005491886618083691,2,300,78,378,0.7168699549285732,0.5462962962962963
1917,2535,0,0,0.00010859508560289623,2,300,78,378,0.7219033047735618,0.5514018691588785
1918,2550,0,1,0.9993697428413799,2,300,79,379,0.7222888616891067,0.5566037735849056
1919,2619,0,0,3.7490169407455724e-05,2,300,79,379,0.7273462039377921,0.5619047619047619
1920,2690,0,0,0.00016515634469361254,2,300,79,379,0.7267932067932068,0.5576923076923077
1921,2699,0,0,0.0720013097652667,2,300,79,379,0.731888341543514,0.5631067961165048
1922,2752,0,0,0.00025988959985793483,2,300,79,379,0.7313520749665328,0.5588235294117647
1923,2757,0,0,0.0008513957394082576,2,300,79,379,0.7308102521703184,0.5544554455445545
1924,2814,0,0,0.00037703349887395753,2,300,79,379,0.7359633454997282,0.56
1925,2839,0,0,0.000251644773844064,2,300,79,379,0.7411297852474322,0.5656565656565656
1926,2866,0,0,0.0003130216371302084,2,300,79,379,0.7463088957613243,0.5714285714285714
1927,2945,0,0,0.0002801723521579334,2,300,79,379,0.7515000000000001,0.5773195876288659
1928,3052,0,1,0.9990402286795247,2,300,80,380,0.7519999999999999,0.5833333333333334
1929,3066,0,0,0.21041704205133557,2,300,80,380,0.7572053028523709,0.5894736842105263
1930,3097,0,0,0.00012105256760889399,2,300,80,380,0.7567890749914813,0.5851063829787234
1931,3163,0,0,3.5629237412067284e-06,2,300,80,380,0.7563673469387754,0.5806451612903226
1932,3175,0,0,9.134925923618659e-07,2,300,80,380,0.761621792841305,0.5869565217391305
1933,3193,0,0,0.03695360741265534,2,300,80,380,0.7612139219015279,0.5824175824175825
1934,3238,0,0,2.5281372119979577e-06,2,300,80,380,0.7664964493736535,0.5888888888888889
1935,3264,0,0,0.00012346967202549522,2,300,80,380,0.7717866666666666,0.5955056179775281
1936,3344,0,0,7.75392159163443e-06,2,300,80,380,0.7770838792481082,0.6022727272727273
1937,3385,0,0,0.017384486525020632,2,300,80,380,0.7767274340566266,0.5977011494252874
1938,3392,0,0,0.005108950809277114,2,300,80,380,0.7767274340566266,0.5977011494252874
1939,3487,0,0,1.0151763663011282e-05,2,300,80,380,0.7767274340566266,0.5977011494252874
1940,3511,0,0,2.725858494161586e-05,2,300,80,380,0.7767274340566266,0.5977011494252874
1941,3527,0,0,3.84416564804367e-06,2,300,80,380,0.7767274340566266,0.5977011494252874
1942,3536,0,0,0.00045129065671875335,2,300,80,380,0.7767274340566266,0.5977011494252874
1943,3547,0,0,0.0007637867699231134,2,300,80,380,0.7767274340566266,0.5977011494252874
1944,3580,0,0,0.0013517771180211362,2,300,80,380,0.7767274340566266,0.5977011494252874
1945,3620,0,0,0.0005448401914386117,2,300,80,380,0.7767274340566266,0.5977011494252874
1946,3676,0,0,0.0015301590195009225,2,300,80,380,0.7767274340566266,0.5977011494252874
1947,3682,0,1,0.96793094444291,2,300,81,381,0.772024882024882,0.5977011494252874
1948,3737,0,0,0.00019108384222438202,2,300,81,381,0.772024882024882,0.5977011494252874
1949,3810,0,0,1.928425265818851e-05,2,300,81,381,0.772024882024882,0.5977011494252874
1950,3846,0,0,0.00031550810310467165,2,300,81,381,0.772024882024882,0.5977011494252874
1951,3848,0,0,0.0018678916632802844,2,300,81,381,0.772024882024882,0.5977011494252874
1952,3850,0,0,0.007341642882374634,2,300,81,381,0.772024882024882,0.5977011494252874
1953,3909,0,0,0.0022800771300030176,2,300,81,381,0.772024882024882,0.5977011494252874
1954,3940,0,0,9.917589347230397e-06,2,300,81,381,0.772024882024882,0.5977011494252874
1955,4005,0,0,0.0007842318396833893,2,300,81,381,0.7767274340566266,0.5977011494252874
1956,4010,0,0,0.0018978344176319275,2,300,81,381,0.7767274340566266,0.5977011494252874
1957,4032,0,0,0.0011803495094038338,2,300,81,381,0.7767274340566266,0.5977011494252874
1958,4078,0,0,0.0015228170942368593,2,300,81,381,0.7767274340566266,0.5977011494252874
1959,4111,0,0,0.0009434850275143536,2,300,81,381,0.7767274340566266,0.5977011494252874
1960,4121,0,0,0.16401178175944334,2,300,81,381,0.7767274340566266,0.5977011494252874
1961,4125,0,0,2.4123418148143453e-05,2,300,81,381,0.7814378168482363,0.5977011494252874
1962,4127,0,0,0.0010080076582479147,2,300,81,381,0.7814378168482363,0.5977011494252874
1963,4230,0,0,8.880202071852726e-06,2,300,81,381,0.7814378168482363,0.5977011494252874
1964,4248,0,0,0.0021059770893012814,2,300,81,381,0.7814378168482363,0.5977011494252874
1965,4369,0,0,0.0034712432679672705,2,300,81,381,0.7814378168482363,0.5977011494252874
1966,4377,0,0,6.694117648370035e-06,2,300,81,381,0.7814378168482363,0.5977011494252874
1967,4380,0,0,0.0013833441346245128,2,300,81,381,0.786156862745098,0.5977011494252874
1968,4460,0,0,0.0003232490875719572,2,300,81,381,0.786156862745098,0.5977011494252874
1969,4490,0,0,4.7806605353275615e-06,2,300,81,381,0.786156862745098,0.5977011494252874
1970,4590,0,0,0.20948778710026988,2,300,81,381,0.786156862745098,0.5977011494252874
1971,4624,0,0,9.251351569951005e-05,2,300,81,381,0.786156862745098,0.5977011494252874
1972,4632,0,0,0.00011131039223402914,2,300,81,381,0.786156862745098,0.5977011494252874
1973,4642,0,0,0.00012074211608135951,2,300,81,381,0.786156862745098,0.5977011494252874
1974,4666,0,0,0.001151601513338615,2,300,81,381,0.786156862745098,0.5977011494252874
1975,4669,0,0,0.003666267057511729,2,300,81,381,0.786156862745098,0.5977011494252874
1976,4686,0,0,0.0010928307040021733,2,300,81,381,0.786156862745098,0.5977011494252874
1977,4788,0,0,0.0009941872360552618,2,300,81,381,0.786156862745098,0.5977011494252874
1978,4801,0,0,0.11362301872023789,2,300,81,381,0.786156862745098,0.5977011494252874
1979,4815,0,0,0.04402568724363056,2,300,81,381,0.786156862745098,0.5977011494252874
1980,4825,0,0,0.02118544255277641,2,300,81,381,0.786156862745098,0.5977011494252874
1981,4872,0,0,0.00193263913254165,2,300,81,381,0.786156862745098,0.5977011494252874
1982,4882,0,0,0.0007203001104137115,2,300,81,381,0.786156862745098,0.5977011494252874
1983,4926,0,0,0.001068673087872466,2,300,81,381,0.786156862745098,0.5977011494252874
1984,4981,0,0,0.00010599689078938585,2,300,81,381,0.786156862745098,0.5977011494252874
1985,9,1,1,0.9965177302565453,2,300,81,381,0.7865279234223334,0.6022727272727273
1986,11,1,1,0.9998503984800245,2,300,81,381,0.7868929650525415,0.6067415730337079
1987,13,1,1,0.814625159351821,2,300,81,381,0.7919999999999999,0.6111111111111112
1988,21,1,1,0.997137054372811,2,300,81,381,0.7923599320882851,0.6153846153846154
1989,26,1,1,0.997134166122362,2,300,81,381,0.7927146024706999,0.6195652173913043
1990,34,1,1,0.9948797878385816,2,300,81,381,0.793064312736444,0.6236559139784946
1991,37,1,0,2.630927872094785e-05,2,301,81,382,0.7878372781840581,0.6170212765957447
1992,43,1,1,0.9999896917326243,2,301,81,382,0.7882003705733447,0.6210526315789474
1993,55,1,1,0.9986749767874997,2,301,81,382,0.7885589542347773,0.625
1994,59,1,0,0.2540862854280855,2,302,81,383,0.7881434028950857,0.6185567010309279
1995,66,1,0,0.0010488294503195595,2,303,81,384,0.7829629629629631,0.6122448979591837
1996,86,1,0,0.1645172837389906,2,304,81,385,0.7777927053402708,0.6060606060606061
1997,93,1,0,5.038436686175923e-05,2,305,81,386,0.7726333195535346,0.6
1998,97,1,1,0.9974312569995712,2,305,81,386,0.77306765523633,0.6039603960396039
1999,100,1,1,0.9941022651212991,2,305,81,386,0.7734975369458128,0.6078431372549019
2000,114,1,1,0.9941174422991721,2,305,81,386,0.7739232736572891,0.6116504854368932
2001,115,1,0,0.036542276933685704,2,306,81,387,0.7688347506320387,0.6057692307692307
2002,118,1,1,0.7300997163909553,2,306,81,387,0.769276310763668,0.6095238095238096
2003,121,1,1,0.9924132187440424,2,306,81,387,0.7697142857142858,0.6132075471698113
2004,127,1,1,0.9998743221639361,2,306,81,387,0.7701489701299689,0.616822429906542
2005,133,1,1,0.9999243571255483,2,306,81,387,0.7705806516848251,0.6203703703703703
2006,151,1,0,0.04603226206373915,2,307,81,388,0.7655858585858586,0.6146788990825688
2007,156,1,0,0.001668331623728632,2,308,81,389,0.7606069779762354,0.6090909090909091
2008,183,1,0,0.06969081782428055,2,309,81,390,0.7556447222502268,0.6036036036036037
2009,187,1,1,0.9888332940015409,2,309,81,390,0.7608753242174713,0.6071428571428571
2010,190,1,0,0.49356506483340334,2,310,81,391,0.7559420289855072,0.6017699115044248
2011,224,1,1,0.9879213924835927,2,310,81,391,0.7564546276756104,0.6052631578947368
2012,234,1,1,0.9995528715324906,2,310,81,391,0.7569650742673625,0.6086956521739131
2013,256,1,1,0.9960624537571302,2,310,81,391,0.7574736842105263,0.6120689655172413
2014,296,1,1,0.9917322386118194,2,310,81,391,0.7579807692307692,0.6153846153846154
2015,298,1,1,0.9994630720097885,2,310,81,391,0.7584866379741768,0.6186440677966102
2016,299,1,1,0.9982316800651759,2,310,81,391,0.7589915966386553,0.6218487394957983
2017,305,1,0,0.00017596497771949233,2,311,81,392,0.7542096971818659,0.6166666666666667
2018,309,1,0,0.047052972167859045,2,312,81,393,0.7494499449944995,0.6115702479338843
2019,314,1,0,0.031987175918584826,2,313,81,394,0.7447131178279457,0.6065573770491803
2020,317,1,0,0.171353248915071,2,314,81,395,0.74,0.6016260162601627
2021,320,1,1,0.9987026797160018,2,314,81,395,0.7405980598059806,0.6048387096774194
2022,321,1,1,0.9994069973555662,2,314,81,395,0.7411964785914367,0.608
2023,338,1,1,0.9992357029340262,2,314,81,395,0.741795616054449,0.6111111111111112
2024,355,1,1,0.9990922889517936,2,314,81,395,0.7423958333333333,0.6141732283464567
2025,369,1,0,0.12296380264839889,2,315,81,396,0.7378080613241815,0.609375
2026,370,1,0,0.12966415093470843,2,316,81,397,0.7332481203007519,0.6046511627906976
2027,373,1,1,0.9323924760252638,2,316,81,397,0.7339020473705338,0.6076923076923076
2028,380,1,1,0.9994653819559971,2,316,81,397,0.7345583358456438,0.6106870229007634
2029,413,1,0,0.013720905087542803,2,317,81,398,0.7300817096165935,0.6060606060606061
2030,422,1,0,0.3709986014125413,2,318,81,399,0.7249241282283188,0.5984848484848485
2031,433,1,1,0.9996668447103624,2,318,81,399,0.7249241282283188,0.5984848484848485
2032,436,1,1,0.9999943248846874,2,318,81,399,0.7300817096165935,0.6060606060606061
2033,438,1,1,0.9968390954697606,2,318,81,399,0.7352173913043478,0.6136363636363636
2034,439,1,1,0.990040242278355,2,318,81,399,0.7352173913043478,0.6136363636363636
2035,442,1,1,0.9998442399407728,2,318,81,399,0.7352173913043478,0.6136363636363636
2036,446,1,0,0.07598382871266403,2,319,81,400,0.7300817096165935,0.6060606060606061
2037,448,1,1,0.6041502917749462,2,319,81,400,0.7300817096165935,0.6060606060606061
2038,479,1,1,0.9913836906259105,2,319,81,400,0.7352173913043478,0.6136363636363636
2039,481,1,0,0.002878423009477166,2,320,81,401,0.7300817096165935,0.6060606060606061
2040,486,1,1,0.9961461822462419,2,320,81,401,0.7300817096165935,0.6060606060606061
2041,501,1,1,0.9987692719791479,2,320,81,401,0.7352173913043478,0.6136363636363636
2042,502,1,1,0.9999844369155324,2,320,81,401,0.7352173913043478,0.6136363636363636
2043,508,1,1,0.9767029571543372,2,320,81,401,0.7352173913043478,0.6136363636363636
2044,511,1,1,0.9963573859187107,2,320,81,401,0.7352173913043478,0.6136363636363636
2045,513,1,0,2.630928192644e-05,2,321,81,402,0.7352173913043478,0.6136363636363636
2046,517,1,1,0.9982351040123013,2,321,81,402,0.7403318979627811,0.6212121212121212
2047,518,1,0,0.2716176715369225,2,322,81,403,0.7403318979627811,0.6212121212121212
2048,524,1,0,0.16957408928255577,2,323,81,404,0.7403318979627811,0.6212121212121212
2049,535,1,1,0.9443999162095694,2,323,81,404,0.7403318979627811,0.6212121212121212
2050,538,1,1,0.9987670993305092,2,323,81,404,0.7403318979627811,0.6212121212121212
2051,573,1,1,0.9523683988670847,2,323,81,404,0.7403318979627811,0.6212121212121212
2052,584,1,0,0.00046780653542253777,2,324,81,405,0.7352173913043478,0.6136363636363636
2053,592,1,1,0.5948249249995085,2,324,81,405,0.7352173913043478,0.6136363636363636
2054,595,1,1,0.9995708676288176,2,324,81,405,0.7403318979627811,0.6212121212121212
2055,600,1,1,0.9990864028206804,2,324,81,405,0.7403318979627811,0.6212121212121212
2056,610,1,1,0.9783806397198311,2,324,81,405,0.7403318979627811,0.6212121212121212
2057,617,1,0,0.00045834044292455446,2,325,81,406,0.7352173913043478,0.6136363636363636
2058,627,1,0,0.0435645747001948,2,326,81,407,0.7300817096165935,0.6060606060606061
2059,629,1,0,0.0020307839958249377,2,327,81,408,0.7249241282283188,0.5984848484848485
2060,640,1,1,0.9996803252545577,2,327,81,408,0.7249241282283188,0.5984848484848485
2061,668,1,0,0.047052972167859045,2,328,81,409,0.7197439180537772,0.5909090909090909
2062,670,1,1,0.9875500287396431,2,328,81,409,0.7197439180537772,0.5909090909090909
2063,684,1,1,0.9987345245958221,2,328,81,409,0.7197439180537772,0.5909090909090909
2064,693,1,1,0.9970027542152362,2,328,81,409,0.7197439180537772,0.5909090909090909
2065,710,1,1,0.9989730729767383,2,328,81,409,0.7197439180537772,0.5909090909090909
2066,713,1,0,0.03535242262169636,2,329,81,410,0.7145403452428744,0.5833333333333334
2067,723,1,1,0.9997708035313082,2,329,81,410,0.7197439180537772,0.5909090909090909
2068,728,1,0,9.653060057263909e-05,2,330,81,411,0.7197439180537772,0.5909090909090909
2069,743,1,1,0.9943706780056587,2,330,81,411,0.7197439180537772,0.5909090909090909
2070,745,1,0,0.2527107773921062,2,331,81,412,0.7145403452428744,0.5833333333333334
2071,748,1,1,0.9988583220306617,2,331,81,412,0.7197439180537772,0.5909090909090909
2072,750,1,0,0.4082783830956343,2,332,81,413,0.7197439180537772,0.5909090909090909
2073,754,1,1,0.9226735600507046,2,332,81,413,0.7249241282283188,0.5984848484848485
2074,755,1,1,0.7347539634455497,2,332,81,413,0.7249241282283188,0.5984848484848485
2075,757,1,0,0.03733477681160913,2,333,81,414,0.7249241282283188,0.5984848484848485
2076,760,1,0,0.12704412531950607,2,334,81,415,0.7249241282283188,0.5984848484848485
2077,763,1,1,0.9179546430330261,2,334,81,415,0.7249241282283188,0.5984848484848485
2078,783,1,1,0.9995516395421109,2,334,81,415,0.7300817096165935,0.6060606060606061
2079,800,1,1,0.9981971831332671,2,334,81,415,0.7352173913043478,0.6136363636363636
2080,816,1,0,0.37251347310616406,2,335,81,416,0.7300817096165935,0.6060606060606061
2081,817,1,1,0.9951485648260168,2,335,81,416,0.7300817096165935,0.6060606060606061
2082,824,1,1,0.9966200590239562,2,335,81,416,0.7352173913043478,0.6136363636363636
2083,825,1,1,0.9994754984607119,2,335,81,416,0.7352173913043478,0.6136363636363636
2084,826,1,0,0.202509902109457,2,336,81,417,0.7352173913043478,0.6136363636363636
2085,838,1,1,0.9997830475901273,2,336,81,417,0.7352173913043478,0.6136363636363636
2086,847,1,0,0.04514908284747158,2,337,81,418,0.7300817096165935,0.6060606060606061
2087,848,1,1,0.8325367621334593,2,337,81,418,0.7352173913043478,0.6136363636363636
2088,872,1,1,0.9995737047600375,2,337,81,418,0.7403318979627811,0.6212121212121212
2089,873,1,1,0.9978986108599841,2,337,81,418,0.7454259501965924,0.6287878787878788
2090,877,1,1,0.9990079502630761,2,337,81,418,0.7454259501965924,0.6287878787878788
2091,882,1,1,0.996985046249711,2,337,81,418,0.7454259501965924,0.6287878787878788
2092,885,1,1,0.9999577363817653,2,337,81,418,0.7454259501965924,0.6287878787878788
2093,901,1,0,0.030859740984579356,2,338,81,419,0.7454259501965924,0.6287878787878788
2094,902,1,1,0.9985204350512576,2,338,81,419,0.7505002648906379,0.6363636363636364
2095,903,1,0,0.005029810634322882,2,339,81,420,0.7454259501965924,0.6287878787878788
2096,904,1,1,0.9999928540208565,2,339,81,420,0.7505002648906379,0.6363636363636364
2097,911,1,1,0.9965468439400368,2,339,81,420,0.7505002648906379,0.6363636363636364
2098,913,1,1,0.9959838777432026,2,339,81,420,0.7555555555555555,0.6439393939393939
2099,916,1,0,0.10337610212123409,2,340,81,421,0.7505002648906379,0.6363636363636364
2100,920,1,1,0.5457641153252188,2,340,81,421,0.7555555555555555,0.6439393939393939
2101,923,1,1,0.9987443257465879,2,340,81,421,0.7605925326727168,0.6515151515151515
2102,950,1,1,0.9992844616970789,2,340,81,421,0.7605925326727168,0.6515151515151515
2103,995,1,0,0.3630903417374156,2,341,81,422,0.7605925326727168,0.6515151515151515
2104,1004,1,1,0.6407256324658628,2,341,81,422,0.7605925326727168,0.6515151515151515
2105,1022,1,1,0.9989877995771764,2,341,81,422,0.7605925326727168,0.6515151515151515
2106,1023,1,1,0.9997891951166601,2,341,81,422,0.7605925326727168,0.6515151515151515
2107,1025,1,1,0.9997322211026759,2,341,81,422,0.7656119040388703,0.6590909090909091
2108,1037,1,1,0.9999952666379878,2,341,81,422,0.7706143751108407,0.6666666666666666
2109,1054,1,1,0.9993037325812464,2,341,81,422,0.7756006493506493,0.6742424242424242
2110,1058,1,0,0.0013709968984092857,2,342,81,423,0.7706143751108407,0.6666666666666666
2111,1087,1,1,0.7930236426976133,2,342,81,423,0.7706143751108407,0.6666666666666666
2112,1093,1,0,0.4174685058533172,2,343,81,424,0.7706143751108407,0.6666666666666666
2113,1107,1,0,0.000743992329878073,2,344,81,425,0.7656119040388703,0.6590909090909091
2114,1108,1,1,0.999663679422701,2,344,81,425,0.7656119040388703,0.6590909090909091
2115,1109,1,1,0.9944263388254988,2,344,81,425,0.7656119040388703,0.6590909090909091
2116,1115,1,1,0.9986754821800343,2,344,81,425,0.7706143751108407,0.6666666666666666
2117,1120,1,0,0.03399957823495157,2,345,81,426,0.7661363636363636,0.6616541353383458
2118,1127,1,0,0.03312881406758858,2,346,81,427,0.7664285714285713,0.6567164179104478
2119,1128,1,1,0.9997963374307237,2,346,81,427,0.7669819957277998,0.6592592592592592
2120,1129,1,1,0.9952785435423599,2,346,81,427,0.7675397796817626,0.6617647058823529
2121,1137,1,1,0.9994219217305751,2,346,81,427,0.7681023017902813,0.6642335766423357
2122,1144,1,0,0.17429812380954493,2,347,81,428,0.7637547068316298,0.6594202898550725
2123,1153,1,1,0.9827885046159845,2,347,81,428,0.7643501837526663,0.6618705035971223
2124,1155,1,0,0.3240738049280669,2,348,81,429,0.7600659046442179,0.6571428571428571
2125,1182,1,1,0.999490876480317,2,348,81,429,0.760696568830095,0.6595744680851063
2126,1185,1,1,0.9942796594831304,2,348,81,429,0.7613341632949476,0.6619718309859155
2127,1190,1,0,0.046998783494333965,2,349,81,430,0.7571472751370878,0.6573426573426573
2128,1209,1,1,0.9999319839968135,2,349,81,430,0.7625,0.6597222222222222
2129,1213,1,1,0.9926084967695773,2,349,81,430,0.7631812951145517,0.6620689655172414
2130,1221,1,1,0.9978717088954783,2,349,81,430,0.7638713745271122,0.6643835616438356
2131,1231,1,1,0.9986097690683647,2,349,81,430,0.7645707950585999,0.6666666666666666
2132,1235,1,1,0.9993456248700888,2,349,81,430,0.7652801358234295,0.668918918918919
2133,1246,1,1,0.9919525007711609,2,349,81,430,0.7659999999999999,0.6711409395973155
2134,1253,1,0,0.0015748202821612033,2,350,81,431,0.7620390919543303,0.6666666666666666
2135,1257,1,1,0.9996650479885638,2,350,81,431,0.7628063241106718,0.6688741721854304
2136,1266,1,0,0.0011922897249879885,2,351,81,432,0.7589299967641031,0.6644736842105263
2137,1291,1,1,0.9996411328262264,2,351,81,432,0.7597482638888888,0.6666666666666666
2138,1297,1,1,0.999577802688889,2,351,81,432,0.7605808494377115,0.6688311688311688
2139,1299,1,1,0.998216938553752,2,351,81,432,0.7614285714285713,0.6709677419354839
2140,1301,1,1,0.9968167979676198,2,351,81,432,0.7622922889700188,0.6730769230769231
2141,1315,1,0,0.0886345818240576,2,352,81,433,0.7586309011684383,0.6687898089171974
2142,1318,1,0,0.06415239037702837,2,353,81,434,0.7550267379679144,0.6645569620253164
2143,1328,1,0,0.03315407941891305,2,354,81,435,0.7514814814814815,0.660377358490566
2144,1336,1,1,0.9960552288453999,2,354,81,435,0.75249922559207,0.6625
2145,1337,1,1,0.9998226514302896,2,354,81,435,0.753538692925452,0.6645962732919255
2146,1340,1,0,0.0353524226216963,2,355,81,436,0.7501538461538462,0.6604938271604939
2147,1352,1,1,0.9995077580364449,2,355,81,436,0.7557181269487114,0.6625766871165644
2148,1368,1,0,0.028469648162566,2,356,81,437,0.7524264705882352,0.6585365853658537
2149,1378,1,1,0.990987919017329,2,356,81,437,0.7536090835360909,0.6606060606060606
2150,1387,1,0,0.05431633785236347,2,357,81,438,0.7504436363636364,0.6566265060240963
2151,1403,1,1,0.9989326916855902,2,357,81,438,0.7517134806727128,0.6586826347305389
2152,1408,1,1,0.7409844615898554,2,357,81,438,0.7530151959477471,0.6607142857142857
2153,1409,1,0,0.211398632168295,2,358,81,439,0.7500476190476191,0.6568047337278107
2154,1417,1,1,0.996097882281392,2,358,81,439,0.751448491405217,0.6588235294117647
2155,1450,1,1,0.9984971638773336,2,358,81,439,0.7528873239436621,0.6608187134502924
2156,1470,1,0,0.00023005357594018077,2,359,81,440,0.75013882532418,0.6569767441860465
2157,1496,1,1,0.9978720161856587,2,359,81,440,0.7516909746847154,0.6589595375722543
2158,1502,1,1,0.9966331669047286,2,359,81,440,0.753288444153496,0.6609195402298851
2159,1512,1,0,0.04679350206446182,2,360,81,441,0.7507836990595612,0.6571428571428571
2160,1515,1,1,0.9998651179776311,2,360,81,441,0.7525114155251141,0.6590909090909091
2161,1518,1,1,0.9994335405910636,2,360,81,441,0.7542934154793993,0.6610169491525424
2162,1523,1,1,0.615133513498402,2,360,81,441,0.7561330561330561,0.6629213483146067
2163,1528,1,0,8.285064403450436e-05,2,361,81,442,0.7539939851590337,0.659217877094972
2164,1540,1,1,0.998605070344034,2,361,81,442,0.7559919202622604,0.6611111111111111
2165,1559,1,0,0.19460763449795343,2,362,81,443,0.7540666666666667,0.6574585635359116
2166,1592,1,1,0.9931706255570781,2,362,81,443,0.7562400324368157,0.6593406593406593
2167,1599,1,1,0.9971697550771846,2,362,81,443,0.7584923245614036,0.6612021857923497
2168,1604,1,1,0.9996041224804888,2,362,81,443,0.7608288137950217,0.6630434782608695
2169,1605,1,1,0.9986555356232955,2,362,81,443,0.7632552230378318,0.6648648648648648
2170,1631,1,0,0.0804004686697032,2,363,81,444,0.7619268110530247,0.6612903225806451
2171,1655,1,1,0.9983034142938684,2,363,81,444,0.7645836193504101,0.6631016042780749
2172,1658,1,1,0.9997925387444357,2,363,81,444,0.7673504461826596,0.6648936170212766
2173,1660,1,1,0.9912919730707788,2,363,81,444,0.7702352941176471,0.6666666666666666
2174,1670,1,1,0.9743354234000968,2,363,81,444,0.7732469309414313,0.6684210526315789
2175,1673,1,1,0.9983649684882772,2,363,81,444,0.7763949843260188,0.6701570680628273
2176,1674,1,1,0.9863191120258363,2,363,81,444,0.7796900508695138,0.671875
2177,1688,1,1,0.99937323396006,2,363,81,444,0.7831438221221504,0.6735751295336787
2178,1689,1,1,0.9913114183857251,2,363,81,444,0.7867692307692308,0.6752577319587629
2179,1709,1,1,0.9838710805324483,2,363,81,444,0.790580620836999,0.676923076923077
2180,1715,1,1,0.9969286624307568,2,363,81,444,0.7945939466586754,0.6785714285714286
2181,1730,1,1,0.9965388162623612,2,363,81,444,0.798827006436359,0.6802030456852792
2182,1736,1,1,0.9993409625579341,2,363,81,444,0.8032997176280758,0.6818181818181818
2183,1758,1,1,0.9939198651975459,2,363,81,444,0.8080344431687715,0.6834170854271356
2184,1771,1,1,0.9996647402958256,2,363,81,444,0.8130563798219584,0.685
2185,1800,1,1,0.5714380359266951,2,363,81,444,0.8130563798219584,0.685
2186,1801,1,1,0.9987447857569106,2,363,81,444,0.8130563798219584,0.685
2187,1829,1,0,1.0755118589069711e-05,2,364,81,445,0.8095238095238095,0.68
2188,1831,1,1,0.9995007545421672,2,364,81,445,0.8095238095238095,0.68
2189,1836,1,1,0.9980905154247797,2,364,81,445,0.8095238095238095,0.68
2190,1840,1,1,0.9729171639073427,2,364,81,445,0.8095238095238095,0.68
2191,1843,1,1,0.9964527914451922,2,364,81,445,0.8130563798219584,0.685
2192,1845,1,1,0.9930370496425114,2,364,81,445,0.8130563798219584,0.685
2193,1852,1,0,4.122210009573225e-05,2,365,81,446,0.8095238095238095,0.68
2194,1854,1,0,0.1424619067219753,2,366,81,447,0.8095238095238095,0.68
2195,1855,1,1,0.9639379890104539,2,366,81,447,0.8130563798219584,0.685
2196,1864,1,0,8.857435729736973e-05,2,367,81,448,0.8130563798219584,0.685
2197,1872,1,1,0.9467113534506796,2,367,81,448,0.8165680473372781,0.69
2198,1879,1,1,0.6702744532288317,2,367,81,448,0.8165680473372781,0.69
2199,1903,1,0,0.18222755330855536,3,368,81,449,0.8130563798219584,0.685
2200,1909,1,1,0.9952005356595439,3,368,81,449,0.8130563798219584,0.685
2201,1914,1,0,0.05412076652032216,3,369,81,450,0.8130563798219584,0.685
2202,1915,1,0,0.004843479351802753,3,370,81,451,0.8095238095238095,0.68
2203,1928,1,1,0.9057232737825918,3,370,81,451,0.8095238095238095,0.68
2204,1929,1,1,0.9997020551185659,3,370,81,451,0.8095238095238095,0.68
2205,1937,1,1,0.5904835843212759,3,370,81,451,0.8095238095238095,0.68
2206,1942,1,1,0.9753693635508696,3,370,81,451,0.8130563798219584,0.685
2207,1947,1,1,0.870432551821235,3,370,81,451,0.8165680473372781,0.69
2208,1948,1,1,0.9999950309948895,3,370,81,451,0.8200589970501475,0.695
2209,1959,1,1,0.9871578523490745,3,370,81,451,0.8200589970501475,0.695
2210,1996,1,1,0.9840866278879125,3,370,81,451,0.8235294117647058,0.7
2211,2004,1,0,0.09627583336330164,3,371,81,452,0.8200589970501475,0.695
2212,2009,1,1,0.9886648556673542,3,371,81,452,0.8200589970501475,0.695
2213,2025,1,0,0.29543262525360364,3,372,81,453,0.8165680473372781,0.69
2214,2041,1,1,0.9997743587513096,3,372,81,453,0.8165680473372781,0.69
2215,2042,1,1,0.9989099182063459,3,372,81,453,0.8165680473372781,0.69
2216,2046,1,0,0.172710796942959,3,373,81,454,0.8130563798219584,0.685
2217,2056,1,1,0.9990650975653794,3,373,81,454,0.8165680473372781,0.69
2218,2087,1,1,0.9975346262295639,3,373,81,454,0.8200589970501475,0.695
2219,2113,1,1,0.999271649868477,3,373,81,454,0.8235294117647058,0.7
2220,2115,1,1,0.998925696369136,3,373,81,454,0.8269794721407625,0.705
2221,2135,1,0,0.011348014244845847,3,374,81,455,0.8235294117647058,0.7
2222,2151,1,1,0.9978953620468782,3,374,81,455,0.8235294117647058,0.7
2223,2160,1,1,0.9997434231944111,3,374,81,455,0.8235294117647058,0.7
2224,2172,1,0,0.0003479006122317247,3,375,81,456,0.8200589970501475,0.695
2225,2214,1,1,0.9971036962542097,3,375,81,456,0.8235294117647058,0.7
2226,2216,1,0,9.32258110145569e-05,3,376,81,457,0.8235294117647058,0.7
2227,2228,1,1,0.997214680605526,3,376,81,457,0.8235294117647058,0.7
2228,2229,1,0,2.0069112593479952e-07,3,377,81,458,0.8200589970501475,0.695
2229,2238,1,1,0.9994358155851135,3,377,81,458,0.8235294117647058,0.7
2230,2248,1,1,0.999994488166066,3,377,81,458,0.8269794721407625,0.705
2231,2254,1,1,0.9962881664770055,3,377,81,458,0.8269794721407625,0.705
2232,2262,1,1,0.999894459376843,3,377,81,458,0.8269794721407625,0.705
2233,2272,1,0,0.04857215314533314,3,378,81,459,0.8235294117647058,0.7
2234,2278,1,1,0.9998406790921244,3,378,81,459,0.8235294117647058,0.7
2235,2281,1,1,0.9996052357656469,3,378,81,459,0.8235294117647058,0.7
2236,2282,1,1,0.9992229314754145,3,378,81,459,0.8269794721407625,0.705
2237,2290,1,1,0.8443734737271406,3,378,81,459,0.8269794721407625,0.705
2238,2298,1,0,0.06677791767620171,3,379,81,460,0.8235294117647058,0.7
2239,2300,1,1,0.9864067919967885,3,379,81,460,0.8269794721407625,0.705
2240,2303,1,1,0.9900021153118466,3,379,81,460,0.8269794721407625,0.705
2241,2310,1,1,0.9998819289711134,3,379,81,460,0.8269794721407625,0.705
2242,2316,1,1,0.981901139900649,3,379,81,460,0.8269794721407625,0.705
2243,2320,1,1,0.9861625456044317,3,379,81,460,0.8269794721407625,0.705
2244,2322,1,1,0.9990724634437068,3,379,81,460,0.8269794721407625,0.705
2245,2323,1,0,7.915814183299612e-05,3,380,81,461,0.8269794721407625,0.705
2246,2334,1,1,0.5777289938491312,3,380,81,461,0.8269794721407625,0.705
2247,2341,1,0,0.013569428298493664,3,381,81,462,0.8269794721407625,0.705
2248,2344,1,1,0.9269018988935108,3,381,81,462,0.8304093567251463,0.71
2249,2363,1,1,0.9995715881353165,3,381,81,462,0.8304093567251463,0.71
2250,2371,1,1,0.9983842026407885,3,381,81,462,0.8304093567251463,0.71
2251,2390,1,1,0.9917087756516831,3,381,81,462,0.8304093567251463,0.71
2252,2402,1,1,0.959018586813124,3,381,81,462,0.8338192419825073,0.715
2253,2413,1,1,0.9994251728881922,3,381,81,462,0.8338192419825073,0.715
2254,2428,1,0,0.06534279300062959,3,382,81,463,0.8304093567251463,0.71
2255,2433,1,1,0.9991758496451346,3,382,81,463,0.8304093567251463,0.71
2256,2439,1,1,0.9885936484205036,3,382,81,463,0.8304093567251463,0.71
2257,2440,1,1,0.9941064154377236,3,382,81,463,0.8338192419825073,0.715
2258,2449,1,1,0.9963137856629548,3,382,81,463,0.8372093023255814,0.72
2259,2460,1,1,0.999596355530522,3,382,81,463,0.8405797101449275,0.725
2260,2462,1,0,0.026748213227400276,3,383,81,464,0.8372093023255814,0.72
2261,2481,1,0,0.0006196285044948957,3,384,81,465,0.8372093023255814,0.72
2262,2499,1,1,0.9982253308284398,3,384,81,465,0.8372093023255814,0.72
2263,2538,0,0,0.0003073718066998109,3,384,81,465,0.8322484371849164,0.7185929648241206
2264,2558,0,0,0.00013350661480113972,3,384,81,465,0.827607843137255,0.7171717171717171
2265,2594,0,0,0.00014118957161672174,3,384,81,465,0.8232563466310364,0.7157360406091371
2266,2632,0,0,0.0005317071762461866,3,384,81,465,0.8225990297206914,0.7193877551020408
2267,2829,0,0,0.003160351710008123,3,384,81,465,0.8187715269804822,0.717948717948718
2268,2838,0,0,0.0007131390865876476,3,384,81,465,0.8186281981491562,0.7216494845360825
2269,2842,0,0,0.00023120138148914423,3,384,81,465,0.8152480510276399,0.7202072538860104
2270,2854,0,0,5.752657090907321e-05,3,384,81,465,0.8155593502342485,0.7239583333333334
2271,2878,0,0,0.0003224293265349812,3,384,81,465,0.8125634659017936,0.7225130890052356
2272,2880,0,0,4.6775046227085384e-05,3,384,81,465,0.8132791327913279,0.7263157894736842
2273,2943,0,0,0.0021606721057305517,3,384,81,465,0.810615155032333,0.7248677248677249
2274,2977,0,0,1.6067720370994756e-05,3,384,81,465,0.8080831708901884,0.723404255319149
2275,2979,0,0,0.0037966874030201147,3,384,81,465,0.8093164730006834,0.7272727272727273
2276,3027,0,0,0.2172930051379043,3,384,81,465,0.8107182672400064,0.7311827956989247
2277,3065,0,0,0.0009798136912907674,3,384,81,465,0.80859375,0.7297297297297297
2278,3079,0,0,0.0009466497903178921,3,384,81,465,0.8065654241448076,0.7282608695652174
2279,3109,0,0,2.1134206456894676e-05,3,384,81,465,0.8046262808921036,0.726775956284153
2280,3111,0,1,0.5474082542112597,3,384,82,466,0.8024412296564195,0.7307692307692307
2281,3171,0,0,0.0006308128635163469,3,384,82,466,0.8006591616056882,0.7292817679558011
2282,3204,0,0,0.0033531211732931274,3,384,82,466,0.798951048951049,0.7277777777777777
2283,3218,0,0,4.993348131751874e-05,3,384,82,466,0.7973118279569893,0.7262569832402235
2284,3221,0,0,0.0009591732499863219,3,384,82,466,0.7996365446850884,0.7303370786516854
2285,3252,0,0,0.28067576900871755,3,384,82,466,0.7981545304892999,0.7288135593220338
2286,3305,0,0,0.0001644554323815165,3,384,82,466,0.8006841885690448,0.7329545454545454
2287,3333,0,1,0.8376579797669087,3,384,83,467,0.7949525452976703,0.7314285714285714
2288,3349,0,0,0.0003342525247452835,3,384,83,467,0.793636827600286,0.7298850574712644
2289,3352,0,0,0.0013370576512907008,3,384,83,467,0.7923678646934461,0.7283236994219653
2290,3357,0,0,0.008045762367720283,3,384,83,467,0.7911427530712938,0.7267441860465116
2291,3359,0,0,0.0002687359292490137,3,384,83,467,0.789958811415122,0.7251461988304093
2292,3368,0,1,0.995638967284342,3,384,84,468,0.7843035343035342,0.7235294117647059
2293,3426,0,0,3.8038847831112476e-05,3,384,84,468,0.7873107344632768,0.727810650887574
2294,3477,0,0,1.1186983062284872e-05,3,384,84,468,0.786251156262958,0.7261904761904762
2295,3488,0,0,0.01577585052834933,3,384,84,468,0.789406392694064,0.7305389221556886
2296,3503,0,0,1.255146007543486e-05,3,384,84,468,0.7884388714733542,0.7289156626506024
2297,3709,0,1,0.5274315036565794,3,384,85,469,0.7828688550141837,0.7272727272727273
2298,3724,0,0,5.1491974618640484e-05,3,384,85,469,0.7819469026548673,0.725609756097561
2299,3787,0,0,0.00017519087520775868,3,384,85,469,0.785322046374678,0.7300613496932515
2300,3839,0,0,7.117913301513403e-05,3,384,85,469,0.7844779018941235,0.7283950617283951
2301,3852,0,0,0.0001343487685315089,3,384,85,469,0.7836566895059502,0.7267080745341615
2302,3855,0,0,0.00014773551565322134,3,384,85,469,0.7828571428571429,0.725
2303,3881,0,0,9.342019839543665e-05,3,384,85,469,0.7864471696436506,0.7295597484276729
2304,3897,0,0,0.00035496351755853056,3,384,85,469,0.7857127762613367,0.7278481012658228
2305,3911,0,0,3.7960452306850125e-05,3,384,85,469,0.7849963636363636,0.7261146496815286
2306,3913,0,0,0.08933394507807384,3,384,85,469,0.78429696287964,0.7243589743589743
2307,3921,0,0,0.00032133339468957896,3,384,85,469,0.7836136617180125,0.7225806451612903
2308,4058,0,0,8.558734533712437e-05,3,384,85,469,0.7829456000454043,0.7207792207792207
2309,4283,0,0,0.01729934001798478,3,384,85,469,0.7822919658697305,0.7189542483660131
2310,4346,0,0,0.0487593481643478,3,384,85,469,0.786183368869936,0.7236842105263158
2311,4397,0,0,0.00013822032406572335,3,384,85,469,0.7855793226381462,0.7218543046357616
2312,4420,0,0,0.00029927586475278663,3,384,85,469,0.7895562154811134,0.7266666666666667
2313,4423,0,0,0.005269167319075343,3,384,85,469,0.7935811483571191,0.7315436241610739
2314,4475,0,0,2.7652610140966277e-05,3,384,85,469,0.7930549450549451,0.7297297297297297
2315,4560,0,0,0.00021168515162655677,3,384,85,469,0.7925384867343597,0.7278911564625851
2316,4699,0,0,0.0003345973690725445,3,384,85,469,0.79203125,0.726027397260274
2317,4736,0,0,0.00030276856405150524,3,384,85,469,0.7961933739012846,0.7310344827586207
2318,4747,0,0,1.8999881759888448e-05,3,384,85,469,0.8003969366842842,0.7361111111111112
2319,4776,0,0,3.2565295654736605e-05,3,384,85,469,0.799954954954955,0.7342657342657343
2320,4818,0,0,0.00015967924751547535,3,384,85,469,0.79952,0.7323943661971831
2321,4834,0,0,0.00020930749174804896,3,384,85,469,0.7990916808149406,0.7304964539007093
2322,4842,0,0,8.397489843398959e-05,3,384,85,469,0.8034135111534492,0.7357142857142858
2323,4918,0,0,0.004370705693369935,3,384,85,469,0.8030164581961817,0.7338129496402878
2324,4943,0,0,0.0005465622131247482,3,384,85,469,0.80739806641446,0.7391304347826086
2325,4961,0,0,0.0002687296551181708,3,384,85,469,0.8070300240610941,0.7372262773722628
2326,4983,0,1,0.6533591554177401,3,384,86,470,0.8017996294266553,0.7352941176470589
2327,12,1,0,0.11272496570342035,3,385,86,471,0.8017996294266553,0.7352941176470589
2328,160,1,0,0.0002951881509511742,3,386,86,472,0.7969999999999999,0.7279411764705882
2329,165,1,0,0.0010605002251370555,3,387,86,473,0.7921910652563736,0.7205882352941176
2330,207,1,0,0.052734002131241214,3,388,86,474,0.7873721340388008,0.7132352941176471
2331,253,1,0,0.0005172126812218213,3,389,86,475,0.7825425176671585,0.7058823529411765
2332,383,1,1,0.9219896375130114,3,389,86,475,0.7825425176671585,0.7058823529411765
2333,399,1,1,0.9919697303035991,3,389,86,475,0.7825425176671585,0.7058823529411765
2334,406,1,0,0.0022627611136985734,3,390,86,476,0.7825425176671585,0.7058823529411765
2335,408,1,0,8.464169956564259e-05,3,391,86,477,0.7777015295576684,0.6985294117647058
2336,616,1,0,0.030436800975704403,3,392,86,478,0.7777015295576684,0.6985294117647058
2337,703,1,0,0.1262651937632719,3,393,86,479,0.772848484848485,0.6911764705882353
2338,732,1,0,0.16515389144559178,3,394,86,480,0.7679827000308928,0.6838235294117647
2339,811,1,0,0.0184156851896571,3,395,86,481,0.7631034925856441,0.6764705882352942
2340,968,1,0,3.7342165179949596e-05,3,396,86,482,0.7582101806239737,0.6691176470588235
2341,982,1,0,0.017844074201159958,3,397,86,483,0.7582101806239737,0.6691176470588235
2342,1049,1,1,0.9998852001902695,3,397,86,483,0.7631034925856441,0.6764705882352942
2343,1051,1,0,0.0020675110828844577,3,398,86,484,0.7631034925856441,0.6764705882352942
2344,1073,1,0,0.008492636617883454,3,399,86,485,0.7582101806239737,0.6691176470588235
2345,1092,1,1,0.9958461172504008,3,399,86,485,0.7582101806239737,0.6691176470588235
2346,1140,1,0,2.1318865157290445e-05,3,400,86,486,0.7582101806239737,0.6691176470588235
2347,1151,1,0,0.003571187565309987,3,401,86,487,0.7533020825328518,0.6617647058823529
2348,1161,1,1,0.5591290510275895,3,401,86,487,0.7582101806239737,0.6691176470588235
2349,1166,1,0,0.022471142385059584,3,402,86,488,0.7533020825328518,0.6617647058823529
2350,1199,1,0,0.004572620375021546,3,403,86,489,0.7533020825328518,0.6617647058823529
2351,1245,1,1,0.9858235290059681,3,403,86,489,0.7533020825328518,0.6617647058823529
2352,1252,1,0,0.05027902703708325,3,404,86,490,0.7483785166240409,0.6544117647058824
2353,1354,1,0,0.002769887795284681,3,405,86,491,0.7483785166240409,0.6544117647058824
2354,1402,1,0,0.02555549291526929,3,406,86,492,0.743438800786537,0.6470588235294118
2355,1416,1,1,0.7938288851070879,3,406,86,492,0.743438800786537,0.6470588235294118
2356,1620,1,0,0.026215680155094824,3,407,86,493,0.743438800786537,0.6470588235294118
2357,1650,1,0,8.83072635672139e-05,3,408,86,494,0.7384822521419829,0.6397058823529411
2358,1682,1,0,0.28090396151732866,3,409,86,495,0.7335081867026559,0.6323529411764706
2359,1686,1,0,0.01073360552934771,3,410,86,496,0.7335081867026559,0.6323529411764706
2360,1699,1,0,0.0016891337066941106,3,411,86,497,0.7285159190316347,0.625
2361,1781,1,0,0.16383472314198388,3,412,86,498,0.7235047619047619,0.6176470588235294
2362,1783,1,0,0.013608630264312917,3,413,86,499,0.7184740259740261,0.6102941176470589
2363,1820,1,1,0.8802346114761729,3,413,86,499,0.7235047619047619,0.6176470588235294
2364,1891,1,0,1.571954182046235e-05,3,414,86,500,0.7184740259740261,0.6102941176470589
2365,1932,1,1,0.9998774119808675,3,414,86,500,0.7235047619047619,0.6176470588235294
2366,1971,1,0,0.008448190313430515,3,415,86,501,0.7184740259740261,0.6102941176470589
2367,1999,1,0,0.004483122783555636,3,416,86,502,0.713423019431988,0.6029411764705882
2368,2019,1,0,0.03851974259406245,3,417,86,503,0.7083510476768903,0.5955882352941176
2369,2058,1,1,0.9951419410756001,3,417,86,503,0.7083510476768903,0.5955882352941176
2370,2066,1,0,0.00020302958361890767,3,418,86,504,0.7083510476768903,0.5955882352941176
2371,2067,1,1,0.85771871415164,3,418,86,504,0.7083510476768903,0.5955882352941176
2372,2098,1,0,0.0002245795466686681,3,419,86,505,0.7032574129780833,0.5882352941176471
2373,2208,1,0,0.03348997553635191,3,420,86,506,0.6981414141414142,0.5808823529411765
2374,2222,1,1,0.995006965915778,3,420,86,506,0.6981414141414142,0.5808823529411765
2375,2296,1,0,0.001965535708994142,3,421,86,507,0.6930023461742223,0.5735294117647058
2376,2311,1,1,0.8255155570779341,3,421,86,507,0.6930023461742223,0.5735294117647058
2377,2319,1,1,0.9995663206686924,3,421,86,507,0.6930023461742223,0.5735294117647058
2378,2367,1,0,0.017464278214283983,3,422,86,508,0.6878394999495917,0.5661764705882353
2379,2378,1,0,1.571954182046235e-05,3,423,86,509,0.6826521618695071,0.5588235294117647
2380,2422,1,0,0.0025447928675796914,3,424,86,510,0.6774396135265701,0.5514705882352942
2381,2566,0,0,0.09430851650297901,3,424,86,510,0.6764998492613807,0.5481481481481482
2382,2577,0,0,4.606157830085829e-06,3,424,86,510,0.6755640305098354,0.5447761194029851
2383,2700,0,0,0.0007054473322834156,3,424,86,510,0.6746315789473684,0.5413533834586466
2384,2823,0,0,0.002946752368006054,3,424,86,510,0.6737019230769231,0.5378787878787878
2385,2868,0,0,4.177432043055654e-05,3,424,86,510,0.6727744970473427,0.5343511450381679
2386,2876,0,0,0.0001107419276738103,3,424,86,510,0.6718487394957984,0.5307692307692308
2387,2890,0,0,9.848528486019902e-05,3,424,86,510,0.6763409267085094,0.5348837209302325
2388,2910,0,0,0.0005888967484044758,3,424,86,510,0.6754468861721543,0.53125
2389,2964,0,0,1.1004096416267941e-05,3,424,86,510,0.6745531138278458,0.5275590551181102
2390,3022,0,0,0.0003731276307838091,3,424,86,510,0.6736590732914906,0.5238095238095238
2391,3046,0,0,8.36087732913644e-05,3,424,86,510,0.6727642276422765,0.52
2392,3073,0,0,0.0037892037013124297,3,424,86,510,0.6718680383469752,0.5161290322580645
2393,3081,0,0,6.52388570278498e-05,3,424,86,510,0.6765384615384616,0.5203252032520326
2394,3133,0,0,8.464661318088381e-05,3,424,86,510,0.6812360029058844,0.5245901639344263
2395,3144,0,0,0.02013953408548055,3,424,86,510,0.6803949447077409,0.5206611570247934
2396,3170,0,0,1.586837506724467e-05,3,424,86,510,0.6851465274989964,0.525
2397,3194,0,0,0.01697378268168017,3,424,86,510,0.6843302180685358,0.5210084033613446
2398,3301,0,0,0.46598318582215514,3,424,86,510,0.6835104669887277,0.5169491525423728
2399,3451,0,1,0.8401311196036643,3,424,87,511,0.6837600644122384,0.5213675213675214
2400,3519,0,0,5.0173534816389975e-05,3,424,87,511,0.6829680411331788,0.5172413793103449
2401,3539,0,0,1.4282907738119709e-05,3,424,87,511,0.6878364741794697,0.5217391304347826
2402,3584,0,0,0.0004930888828135425,3,424,87,511,0.6927272727272729,0.5263157894736842
2403,3680,0,0,0.07374974383567598,3,424,87,511,0.6919829942301852,0.5221238938053098
2404,3768,0,0,0.0023830204975866533,3,424,87,511,0.6912337662337663,0.5178571428571429
2405,3776,0,0,0.00010458723287607597,3,424,87,511,0.6904790967348184,0.5135135135135135
2406,3789,0,1,0.9975982650935293,3,424,88,512,0.6851442540296913,0.509090909090909
2407,3797,0,0,6.369655194456081e-05,3,424,88,512,0.684383921959192,0.5045871559633027
2408,3865,0,0,6.695103128298391e-06,3,424,88,512,0.6836168959245882,0.5
2409,3890,0,0,0.00011893327332485585,3,424,88,512,0.6828426408984606,0.4953271028037383
2410,3941,0,0,0.000560967310940962,3,424,88,512,0.682060606060606,0.49056603773584906
2411,3951,0,0,0.0005812340798797115,3,424,88,512,0.6871641174038859,0.49523809523809526
2412,4051,0,0,4.751335183849151e-05,3,424,88,512,0.6863990040460629,0.49038461538461536
2413,4057,0,0,0.00010587838054076366,3,424,88,512,0.6915452584526625,0.49514563106796117
2414,4090,0,0,3.307711382337664e-05,3,424,88,512,0.6907962107570657,0.49019607843137253
2415,4128,0,0,0.13524283003650484,3,424,88,512,0.6900377447511206,0.48514851485148514
2416,4129,0,0,0.002137453701814752,3,424,88,512,0.6952501050861707,0.49
2417,4379,0,0,0.0005955377632765776,3,424,88,512,0.6945063879210222,0.48484848484848486
2418,4432,0,0,0.0001335081141601182,3,424,88,512,0.6937521222410865,0.47959183673469385
2419,4496,0,0,0.023675206301260607,3,424,88,512,0.6929866666666666,0.4742268041237113
2420,4522,0,0,0.2997931420071191,3,424,88,512,0.6922093522093522,0.46875
2421,4559,0,0,0.00020331000263290423,3,424,88,512,0.697535694119545,0.47368421052631576
2422,4578,0,0,0.0002109206719102752,3,424,88,512,0.6967707910750508,0.46808510638297873
2423,4720,0,0,1.3734409588449956e-05,3,424,88,512,0.6959927621017116,0.46236559139784944
2424,4800,0,0,0.17692347363359126,3,424,88,512,0.7013822469701932,0.4673913043478261
2425,4847,0,0,0.00013539852196266955,3,424,88,512,0.7006153846153846,0.46153846153846156
2426,4868,0,0,1.670875515246555e-05,3,424,88,512,0.7060420629014029,0.4666666666666667
2427,4968,0,0,0.0002371814638152385,3,424,88,512,0.7052857261802337,0.4606741573033708
2428,4969,0,0,0.38371886485053286,3,424,88,512,0.7107486631016043,0.4659090909090909
2429,60,1,0,0.0004860606856498945,3,425,88,513,0.7045143256464012,0.45454545454545453
2430,68,1,0,0.2579217135872308,3,426,88,514,0.6982246661429693,0.4431818181818182
2431,128,1,0,0.23816241225266804,3,427,88,515,0.6918780096308187,0.4318181818181818
2432,169,1,0,0.020794882125672823,3,428,88,516,0.6854726368159204,0.42045454545454547
2433,213,1,0,0.0012098852727891096,3,429,88,517,0.6854726368159204,0.42045454545454547
2434,220,1,1,0.6802685425398189,3,429,88,517,0.6854726368159204,0.42045454545454547
2435,312,1,0,2.1160138964199256e-05,3,430,88,518,0.6790067822582934,0.4090909090909091
2436,315,1,0,0.003111936075237123,3,431,88,519,0.6724786324786325,0.3977272727272727
2437,333,1,0,0.08175481545044029,3,432,88,520,0.665886323979519,0.38636363636363635
2438,356,1,0,0.0018275883703340733,3,433,88,521,0.665886323979519,0.38636363636363635
2439,357,1,0,0.018281841598754355,3,434,88,522,0.6592279411764705,0.375
2440,388,1,0,0.041539998132051184,3,435,88,523,0.6525015142337978,0.36363636363636365
2441,400,1,1,0.7400968595378976,3,435,88,523,0.6525015142337978,0.36363636363636365
2442,416,1,1,0.9100853771521423,3,435,88,523,0.6525015142337978,0.36363636363636365
2443,488,1,1,0.902205281179769,3,435,88,523,0.6525015142337978,0.36363636363636365
2444,550,1,0,0.19831470015400732,3,436,88,524,0.6457050167999072,0.3522727272727273
2445,578,1,0,0.006204941382210172,3,437,88,525,0.6457050167999072,0.3522727272727273
2446,591,1,0,0.004467350482157244,3,438,88,526,0.6388363636363636,0.3409090909090909
2447,603,1,0,0.2630466606407819,3,439,88,527,0.6388363636363636,0.3409090909090909
2448,635,1,0,0.001902561456145038,3,440,88,528,0.6318934081346423,0.32954545454545453
2449,654,1,1,0.9891088316931951,3,440,88,528,0.6318934081346423,0.32954545454545453
2450,659,1,0,0.001130509782521807,3,441,88,529,0.6248739397141264,0.3181818181818182
2451,674,1,1,0.9957121078429092,3,441,88,529,0.6248739397141264,0.3181818181818182
2452,685,1,0,0.001894043723373418,3,442,88,530,0.6177756810944687,0.3068181818181818
2453,712,1,0,0.003635938632806828,3,443,88,531,0.6105962854349951,0.29545454545454547
2454,795,1,0,0.2971606551978594,3,444,88,532,0.6105962854349951,0.29545454545454547
2455,998,1,0,0.0029177533090533714,3,445,88,533,0.6033333333333334,0.2840909090909091
2456,1011,1,0,0.0038516875642054453,3,446,88,534,0.5959843296749304,0.2727272727272727
2457,1018,1,0,6.284067913387254e-05,3,447,88,535,0.5885467003245582,0.26136363636363635
2458,1090,1,0,0.005888382588765558,3,448,88,536,0.5810177886502975,0.25
2459,1236,1,0,0.12908377804228188,3,449,88,537,0.5733948518698397,0.23863636363636365
2460,1274,1,0,0.005343171862553811,3,450,88,538,0.5733948518698397,0.23863636363636365
2461,1279,1,0,2.274681080281767e-06,3,451,88,539,0.5733948518698397,0.23863636363636365
2462,1292,1,1,0.9999700659271381,3,451,88,539,0.5733948518698397,0.23863636363636365
2463,1381,1,0,0.08116062782963995,3,452,88,540,0.5676587840898795,0.23595505617977527
2464,1386,1,0,6.786719315346589e-06,3,453,88,541,0.5619425411708139,0.23333333333333334
2465,1392,1,0,4.478554447666896e-05,3,454,88,542,0.5562465982834415,0.23076923076923078
2466,1415,1,1,0.7552824336220679,3,454,88,542,0.5582404692082111,0.2391304347826087
2467,1461,1,0,0.0004289584836471131,3,455,88,543,0.5525970043637222,0.23655913978494625
2468,1504,1,0,0.00024888091829935164,3,456,88,544,0.5469748466437734,0.23404255319148937
2469,1539,1,0,0.002654740780827422,3,457,88,545,0.541374474053296,0.23157894736842105
2470,1552,1,0,0.00015259360761984674,3,458,88,546,0.5357963636363636,0.22916666666666666
2471,1593,1,1,0.9972875018091155,3,458,88,546,0.537867093536385,0.23711340206185566
2472,1685,1,1,0.994597821529824,3,458,88,546,0.5398901570411053,0.24489795918367346
2473,1690,1,0,0.002641043819334822,3,459,88,547,0.5343988603988605,0.24242424242424243
2474,1697,1,0,0.014237312949719364,3,460,88,548,0.528931013933426,0.24
2475,1740,1,0,0.46972528986937934,3,461,88,549,0.5234871099050202,0.2376237623762376
2476,1790,1,0,0.2727868933651218,3,462,88,550,0.5180676410126439,0.23529411764705882
2477,1940,1,1,0.8791923740906662,3,462,88,550,0.5201747030048917,0.24271844660194175
2478,1975,1,0,0.06621402189103551,3,463,88,551,0.5148128342245989,0.2403846153846154
2479,1978,1,0,0.009082958046658174,3,464,88,552,0.5094765618495185,0.23809523809523808
2480,2030,1,0,0.0005368734952840489,3,465,88,553,0.5079553717632038,0.2358490566037736
2481,2069,1,1,0.765535454913523,3,465,88,553,0.5101438848920864,0.24299065420560748
2482,2070,1,0,0.020054955553399083,3,466,88,554,0.5048791208791209,0.24074074074074073
2483,2072,1,1,0.999565445969299,3,466,88,554,0.5070597226771482,0.24770642201834864
2484,2157,1,0,0.05408349407086965,3,467,88,555,0.5018557318168213,0.24545454545454545
2485,2233,1,1,0.9925061021716646,3,467,88,555,0.5040311020960108,0.25225225225225223
2486,2245,1,0,0.003559557497314442,3,468,88,556,0.4988890087369216,0.25
2487,2250,1,1,0.999964387619318,3,468,88,556,0.5049014546530074,0.25663716814159293
2488,2264,1,0,0.023186035303027718,3,469,88,557,0.49980694980694984,0.2543859649122807
2489,2325,1,0,0.0007679900482739019,3,470,88,558,0.49474183801705934,0.25217391304347825
2490,2426,1,0,0.011833209757422561,3,471,88,559,0.4897066666666667,0.25
2491,2475,1,0,0.11644385434708804,3,472,88,560,0.4847019867549669,0.24786324786324787
2492,2500,0,0,0.00011865347264739817,3,472,88,560,0.48847999999999997,0.24786324786324787
2493,2501,0,0,0.003346380784805179,3,472,88,560,0.48847999999999997,0.24786324786324787
2494,2536,0,0,0.00030972470236214847,3,472,88,560,0.48847999999999997,0.24786324786324787
2495,2562,0,0,1.2588746782508433e-05,3,472,88,560,0.48847999999999997,0.24786324786324787
2496,2573,0,0,0.0009903222240113484,3,472,88,560,0.48847999999999997,0.24786324786324787
2497,2591,0,0,0.00040318851926789194,3,472,88,560,0.4922599534746918,0.24786324786324787
2498,2664,0,0,0.000577523127559226,3,472,88,560,0.4922599534746918,0.24786324786324787
2499,2708,0,0,0.0009369355438092549,3,472,88,560,0.4922599534746918,0.24786324786324787
2500,2735,0,0,6.248172628083647e-05,3,472,88,560,0.4922599534746918,0.24786324786324787
2501,2746,0,0,0.00020441563179703903,3,472,88,560,0.4922599534746918,0.24786324786324787
2502,2793,0,0,0.00021197091102845923,3,472,88,560,0.4922599534746918,0.24786324786324787
2503,2808,0,1,0.8230057270545671,3,472,89,561,0.48847999999999997,0.24786324786324787
2504,2889,0,0,0.0011911170359620148,3,472,89,561,0.48847999999999997,0.24786324786324787
2505,2908,0,0,0.00027586161502338673,3,472,89,561,0.48847999999999997,0.24786324786324787
2506,2941,0,0,0.0002198080131035682,3,472,89,561,0.48847999999999997,0.24786324786324787
2507,2949,0,0,0.0011894091754190968,3,472,89,561,0.48847999999999997,0.24786324786324787
2508,2984,0,0,8.413221771941357e-05,3,472,89,561,0.48847999999999997,0.24786324786324787
2509,2992,0,0,5.590257000586516e-05,3,472,89,561,0.48847999999999997,0.24786324786324787
2510,3008,0,0,0.000298591419264094,3,472,89,561,0.48847999999999997,0.24786324786324787
2511,3016,0,0,1.3500993148295588e-05,3,472,89,561,0.48847999999999997,0.24786324786324787
2512,3095,0,0,0.00013383253791749715,3,472,89,561,0.48847999999999997,0.24786324786324787
2513,3267,0,0,6.147825387765991e-05,3,472,89,561,0.48847999999999997,0.24786324786324787
2514,3338,0,0,6.53127178593478e-05,3,472,89,561,0.48847999999999997,0.24786324786324787
2515,3339,0,0,0.0008208322086525953,3,472,89,561,0.48847999999999997,0.24786324786324787
2516,3399,0,0,3.450988173795149e-06,3,472,89,561,0.48847999999999997,0.24786324786324787
2517,3416,0,1,0.7833476142146785,3,472,90,562,0.4847019867549669,0.24786324786324787
2518,3442,0,0,3.0403399173282445e-06,3,472,90,562,0.4847019867549669,0.24786324786324787
2519,3458,0,1,0.8353762161514903,3,472,91,563,0.48092529711375215,0.24786324786324787
2520,3574,0,0,3.155692246314906e-05,3,472,91,563,0.48092529711375215,0.24786324786324787
2521,3600,0,0,6.31775083193095e-06,3,472,91,563,0.48092529711375215,0.24786324786324787
2522,3627,0,0,4.1765309823143694e-05,3,472,91,563,0.48092529711375215,0.24786324786324787
2523,3716,0,0,0.005825186519052918,3,472,91,563,0.48092529711375215,0.24786324786324787
2524,3718,0,0,0.00047341974569865635,3,472,91,563,0.48092529711375215,0.24786324786324787
2525,3756,0,0,0.26060271814591446,3,472,91,563,0.48092529711375215,0.24786324786324787
2526,3847,0,0,0.00010981608951834339,3,472,91,563,0.4847019867549669,0.24786324786324787
2527,3888,0,0,0.00028112917075075037,3,472,91,563,0.4897066666666667,0.25
2528,3912,0,0,0.00011196068966077976,3,472,91,563,0.49474183801705934,0.25217391304347825
2529,3918,0,0,1.3275749070398812e-05,3,472,91,563,0.49980694980694984,0.2543859649122807
2530,4016,0,0,0.00031183463084891134,3,472,91,563,0.5049014546530074,0.25663716814159293
2531,4025,0,0,0.0010534114425175794,3,472,91,563,0.5100248085427678,0.25892857142857145
2532,4099,0,0,0.012538878048607384,3,472,91,563,0.5078645833333333,0.25225225225225223
2533,4117,0,0,0.0003532604287616498,3,472,91,563,0.5056665574844414,0.24545454545454545
2534,4138,0,0,5.229165738589176e-05,3,472,91,563,0.5108855664174813,0.24770642201834864
2535,4153,0,0,1.417165802827922e-05,3,472,91,563,0.5161318681318682,0.25
2536,4189,0,0,0.00039178754558577843,3,472,91,563,0.5214049450095096,0.2523364485981308
2537,4244,0,1,0.8530414683092051,3,472,92,564,0.5228341464759227,0.25471698113207547
2538,4247,0,0,0.000627427118327104,3,472,92,564,0.5281447062728177,0.2571428571428571
2539,4276,0,0,0.00014142599524777545,3,472,92,564,0.5334806139157947,0.25961538461538464
2540,4299,0,0,9.092512202101474e-06,3,472,92,564,0.5388413547237076,0.2621359223300971
2541,4375,0,0,0.002998546647494209,3,472,92,564,0.5442264150943396,0.2647058823529412
2542,4445,0,0,5.986000504580522e-05,3,472,92,564,0.5422750696967137,0.25742574257425743
2543,4448,0,0,0.08549650452824191,3,472,92,564,0.5477159656264134,0.26
2544,4464,0,0,5.933947095665948e-05,3,472,92,564,0.553179999432447,0.26262626262626265
2545,4580,0,0,8.41880111790953e-06,3,472,92,564,0.5512508939042879,0.25510204081632654
2546,4599,0,0,5.191576490417487e-05,3,472,92,564,0.5567693014705882,0.25773195876288657
2547,4617,0,0,0.0002636552747660777,3,472,92,564,0.5623097112860893,0.2604166666666667
2548,4619,0,0,0.09831075914636189,3,472,92,564,0.5604,0.25263157894736843
2549,4683,0,0,0.01175756692163955,3,472,92,564,0.5659934548854605,0.2553191489361702
2550,4724,0,0,0.0011341531839643552,3,472,92,564,0.5716078189662763,0.25806451612903225
2551,4733,0,0,0.0004627081935479988,3,472,92,564,0.5697147427352707,0.25
2552,4769,0,0,0.0009829451396254096,3,472,92,564,0.5753809523809523,0.25274725274725274
2553,4809,0,0,4.754245912924956e-05,3,472,92,564,0.5810670175543526,0.25555555555555554
2554,4840,0,1,0.9990544681430706,3,472,93,565,0.5828353120607673,0.25842696629213485
2555,4874,0,0,0.01783137246890516,3,472,93,565,0.5810177886502975,0.25
2556,22,1,0,0.13469600308609858,3,473,93,566,0.5810177886502975,0.25
2557,49,1,1,0.8945220246844029,3,473,93,566,0.5885467003245582,0.26136363636363635
2558,61,1,1,0.9990480586179121,3,473,93,566,0.5959843296749304,0.2727272727272727
2559,72,1,1,0.5349978046620375,3,473,93,566,0.6033333333333334,0.2840909090909091
2560,124,1,1,0.9948189020754676,3,473,93,566,0.6105962854349951,0.29545454545454547
2561,126,1,1,0.9990942439064001,3,473,93,566,0.6177756810944687,0.3068181818181818
2562,137,1,0,0.42248780642436207,3,474,93,567,0.6177756810944687,0.3068181818181818
2563,155,1,0,0.16730216707320633,3,475,93,568,0.6105962854349951,0.29545454545454547
2564,196,1,1,0.8615670260311044,3,475,93,568,0.6177756810944687,0.3068181818181818
2565,292,1,1,0.9121926088838068,3,475,93,568,0.6177756810944687,0.3068181818181818
2566,297,1,0,0.0009430668455292126,3,476,93,569,0.6177756810944687,0.3068181818181818
2567,323,1,1,0.8561800393689927,3,476,93,569,0.6248739397141264,0.3181818181818182
2568,324,1,0,0.045643265757269465,3,477,93,570,0.6248739397141264,0.3181818181818182
2569,341,1,1,0.9986609583141359,3,477,93,570,0.6248739397141264,0.3181818181818182
2570,414,1,0,0.26516961879546835,3,478,93,571,0.6248739397141264,0.3181818181818182
2571,441,1,0,0.0001137971471284226,3,479,93,572,0.6177756810944687,0.3068181818181818
2572,452,1,1,0.999637985475418,3,479,93,572,0.6248739397141264,0.3181818181818182
2573,464,1,1,0.8488079320694578,3,479,93,572,0.6318934081346423,0.32954545454545453
2574,465,1,1,0.992499822739587,3,479,93,572,0.6318934081346423,0.32954545454545453
2575,476,1,0,0.022515089632932805,3,480,93,573,0.6318934081346423,0.32954545454545453
2576,509,1,1,0.9952165038444494,3,480,93,573,0.6318934081346423,0.32954545454545453
2577,531,1,1,0.9976267572834407,3,480,93,573,0.6318934081346423,0.32954545454545453
2578,540,1,0,7.860054564136711e-06,3,481,93,574,0.6318934081346423,0.32954545454545453
2579,557,1,1,0.9999921771509825,3,481,93,574,0.6388363636363636,0.3409090909090909
2580,567,1,0,0.011609946401117675,3,482,93,575,0.6388363636363636,0.3409090909090909
2581,611,1,1,0.8195023816915331,3,482,93,575,0.6401012373453319,0.34831460674157305
2582,631,1,1,0.8170924780260976,3,482,93,575,0.6413369947652966,0.35555555555555557
2583,690,1,1,0.9933419963315904,3,482,93,575,0.6425451914072476,0.3626373626373626
2584,696,1,0,0.00030234510280190835,3,483,93,576,0.6370149253731343,0.358695652173913
2585,738,1,1,0.9667231972229717,3,483,93,576,0.6382257883514757,0.3655913978494624
2586,796,1,0,0.0006053977148499042,3,484,93,577,0.6327407407407406,0.3617021276595745
2587,827,1,1,0.9951441671593396,3,484,93,577,0.6339554827787184,0.3684210526315789
2588,849,1,0,0.0002027162900353834,3,485,93,578,0.6285164288084966,0.3645833333333333
2589,875,1,1,0.9987899375570604,3,485,93,578,0.6297362637362638,0.3711340206185567
2590,934,1,1,0.9999675011588406,3,485,93,578,0.6309335080248936,0.37755102040816324
2591,962,1,0,0.09133929208614337,3,486,93,579,0.6255701885662975,0.37373737373737376
2592,971,1,1,0.7419293316084862,3,486,93,579,0.6267748478701826,0.38
2593,985,1,1,0.9999998055284701,3,486,93,579,0.6279591836734695,0.38613861386138615
2594,1008,1,1,0.9937590363198787,3,486,93,579,0.6291243081365812,0.39215686274509803
2595,1020,1,0,0.014281948703414649,3,487,93,580,0.6238666666666667,0.3883495145631068
2596,1070,1,1,0.9893810414646885,3,487,93,580,0.6250424448217318,0.3942307692307692
2597,1111,1,0,0.17310551494222617,3,488,93,581,0.6198340874811463,0.3904761904761905
2598,1145,1,0,0.2655495407160113,3,489,93,582,0.614646816598036,0.3867924528301887
2599,1203,1,0,0.0003168075354187133,3,490,93,583,0.6137725688945201,0.38317757009345793
2600,1205,1,1,0.8343446582012292,3,490,93,583,0.6150315258511979,0.3888888888888889
2601,1215,1,0,4.6097869193483485e-07,3,491,93,584,0.6099051138895442,0.3853211009174312
2602,1277,1,0,0.14017781378197733,3,492,93,585,0.6048017575060153,0.38181818181818183
2603,1300,1,1,0.6089795869187852,3,492,93,585,0.6061041666666667,0.38738738738738737
2604,1320,1,1,0.9572983319793598,3,492,93,585,0.6073908081751219,0.39285714285714285
2605,1321,1,0,0.001010948615126105,3,493,93,586,0.6023724469985245,0.3893805309734513
2606,1349,1,0,0.0001234329774049234,3,494,93,587,0.6016541119826047,0.38596491228070173
2607,1357,1,1,0.9948813330367837,3,494,93,587,0.6029980657640232,0.391304347826087
2608,1363,1,1,0.9895311085073818,3,494,93,587,0.6043278250366221,0.39655172413793105
2609,1382,1,0,2.0785255959754367e-06,3,495,93,588,0.5994088669950739,0.39316239316239315
2610,1404,1,1,0.996069066377382,3,495,93,588,0.6007570332480818,0.3983050847457627
2611,1420,1,1,0.9983306027209162,3,495,93,588,0.6020930232558139,0.40336134453781514
2612,1521,1,0,0.012173627844179207,3,496,93,589,0.5972651574953528,0.4
2613,1526,1,0,3.3021798908859753e-06,3,497,93,590,0.5924656698199573,0.39669421487603307
2614,1532,1,0,0.0016581983941787552,3,498,93,591,0.5876952380952382,0.39344262295081966
2615,1545,1,1,0.9845477346910043,3,498,93,591,0.5891183400471232,0.3983739837398374
2616,1606,1,0,0.10128373000501767,3,499,93,592,0.5844113776698046,0.3951612903225806
2617,1617,1,0,0.019228287365608544,3,500,93,593,0.5797353320356935,0.392
2618,1693,1,1,0.9113361387328457,3,500,93,593,0.5812169832740482,0.3968253968253968
2619,1735,1,0,0.023121120469774114,3,501,93,594,0.5766075209194476,0.3937007874015748
2620,1769,1,1,0.9954133907211773,3,501,93,594,0.5781159420289854,0.3984375
2621,1778,1,1,0.9536388763402661,3,501,93,594,0.5796171239071449,0.40310077519379844
2622,1782,1,0,0.00011723401201896382,3,502,93,595,0.5751123496773869,0.4
2623,1807,1,0,0.4273243868981615,3,503,93,596,0.5706423123243678,0.3969465648854962
2624,1830,1,0,0.0002979499512578032,3,504,93,597,0.5662077785300533,0.3939393939393939
2625,1877,1,0,0.00019901038565664367,3,505,93,598,0.5618095238095239,0.39097744360902253
2626,1886,1,1,0.9550503556530717,3,505,93,598,0.5634535256410257,0.39552238805970147
2627,1906,1,1,0.9964397607344995,3,505,93,598,0.5650935842258032,0.4
2628,1951,1,0,4.541697188949712e-05,3,506,93,599,0.5608105065666041,0.39705882352941174
2629,1964,1,1,0.9899326651148646,3,506,93,599,0.5667306922769108,0.40441176470588236
2630,1987,1,0,8.358532165234309e-05,3,507,93,600,0.5667306922769108,0.40441176470588236
2631,2018,1,1,0.9999966796586477,3,507,93,600,0.5726088369883224,0.4117647058823529
2632,2170,1,0,9.324537920074393e-05,3,508,93,601,0.5726088369883224,0.4117647058823529
2633,2173,1,1,0.9999560351845771,3,508,93,601,0.5784458445844585,0.41911764705882354
2634,2189,1,1,0.9994531044548219,3,508,93,601,0.5784458445844585,0.41911764705882354
2635,2195,1,0,0.006674407382211989,3,509,93,602,0.5784458445844585,0.41911764705882354
2636,2199,1,0,4.1892996050001035e-05,3,510,93,603,0.5784458445844585,0.41911764705882354
2637,2257,1,0,8.418597071188847e-05,3,511,93,604,0.5784458445844585,0.41911764705882354
2638,2271,1,1,0.9939275638646231,3,511,93,604,0.5842426060651517,0.4264705882352941
2639,2299,1,1,0.7538334562588684,3,511,93,604,0.59,0.4338235294117647
2640,2331,1,0,0.02412519938211606,3,512,93,605,0.59,0.4338235294117647
2641,2352,1,1,0.9901109535984264,3,512,93,605,0.59,0.4338235294117647
2642,2362,1,0,0.027972742147861076,3,513,93,606,0.5842426060651517,0.4264705882352941
2643,2370,1,0,0.0008085104947663028,3,514,93,607,0.5784458445844585,0.41911764705882354
2644,2403,1,1,0.9984632540265361,3,514,93,607,0.5842426060651517,0.4264705882352941
2645,2484,1,0,0.05695254159275892,3,515,93,608,0.5842426060651517,0.4264705882352941
2646,2502,0,1,0.9139786429438628,3,515,94,609,0.5842633565839146,0.42962962962962964
2647,2668,0,0,0.03755616386061888,3,515,94,609,0.5885648564856486,0.43283582089552236
2648,2765,0,0,0.000835947576371127,3,515,94,609,0.5929036533219975,0.43609022556390975
2649,2914,0,0,0.00037011982934672755,3,515,94,609,0.5915046904315198,0.4318181818181818
2650,2989,0,0,8.082276698239529e-05,3,515,94,609,0.595916324692223,0.4351145038167939
2651,2996,0,0,0.0004071972268889983,3,515,94,609,0.5945512820512822,0.4307692307692308
2652,3063,0,0,0.004068006261263277,3,515,94,609,0.5990332924171448,0.43410852713178294
2653,3086,0,0,0.0027211931059186595,3,515,94,609,0.6035488721804511,0.4375
2654,3107,0,0,0.0030571965490141023,3,515,94,609,0.6080972441635949,0.4409448818897638
2655,3153,0,0,2.3513513748220127e-05,3,515,94,609,0.612677639502208,0.4444444444444444
2656,3231,0,0,3.707958345452447e-06,3,515,94,609,0.6172892972810122,0.448
2657,3300,0,0,6.379733788344906e-05,3,515,94,609,0.6219314641744549,0.45161290322580644
2658,3387,0,0,0.020109860744713246,3,515,94,609,0.6266033940917661,0.45528455284552843
2659,3434,0,0,0.032221395525880596,3,515,94,609,0.6313043478260869,0.45901639344262296
2660,3616,0,0,3.56800414027435e-05,3,515,94,609,0.6360335927073103,0.4628099173553719
2661,3636,0,0,0.0002451069534999567,3,515,94,609,0.6407904022582922,0.4666666666666667
2662,3640,0,0,0.00016300949636196318,3,515,94,609,0.6397474747474747,0.46218487394957986
2663,3642,0,0,0.0033610309135353165,3,515,94,609,0.6445607826284789,0.4661016949152542
2664,3652,0,0,0.00011542972856727518,3,515,94,609,0.6493997368154671,0.4700854700854701
2665,3655,0,1,0.824778616118415,3,515,95,610,0.6497783176434863,0.47413793103448276
2666,3681,0,0,5.966764611671353e-07,3,515,95,610,0.6488230519480518,0.46956521739130436
2667,3715,0,0,9.54046294748016e-05,3,515,95,610,0.6537269841269842,0.47368421052631576
2668,3744,0,0,2.605588570492264e-05,3,515,95,610,0.6586542569423253,0.4778761061946903
2669,3820,0,0,0.00015883434336108962,3,515,95,610,0.6636041862952305,0.48214285714285715
2670,3833,0,0,0.4966562628656129,3,515,95,610,0.6685760913912688,0.4864864864864865
2671,3882,0,0,5.765383316500839e-06,3,515,95,610,0.6677237851662404,0.4818181818181818
2672,3904,0,0,8.183494713889238e-05,3,515,95,610,0.6668637110016421,0.47706422018348627
2673,3925,0,0,6.024500163392087e-05,3,515,95,610,0.6719097427462671,0.48148148148148145
2674,3970,0,0,4.159631132960899e-05,3,515,95,610,0.6769755946864382,0.48598130841121495
2675,3976,0,0,0.0008646134696604758,3,515,95,610,0.682060606060606,0.49056603773584906
2676,4013,0,0,0.0005057318424583648,3,515,95,610,0.6871641174038859,0.49523809523809526
2677,4039,0,0,0.00014968075295922797,3,515,95,610,0.6863990040460629,0.49038461538461536
2678,4045,0,0,0.09736996884976412,3,515,95,610,0.6915452584526625,0.49514563106796117
2679,4046,0,0,0.16736377379606376,3,515,95,610,0.6967083333333332,0.5
2680,4069,0,0,0.06377076886973877,3,515,95,610,0.7018875753542629,0.504950495049505
2681,4076,0,0,0.0010710870405734763,3,515,95,610,0.7011873869623337,0.5
2682,4108,0,0,0.0006273621899082569,3,515,95,610,0.7064060529634301,0.5050505050505051
2683,4139,0,0,0.0003183371336850211,3,515,95,610,0.7057206208425719,0.5
2684,4164,0,0,0.1925418397378549,3,515,95,610,0.7109774814109179,0.5051546391752577
2685,4228,0,0,0.00884866475788559,3,515,95,610,0.7103061251629031,0.5
2686,4278,0,0,7.04589352439764e-05,3,515,95,610,0.7156,0.5052631578947369
2687,4303,0,0,0.0007290220353523625,3,515,95,610,0.7149420849420849,0.5
2688,4324,0,0,0.0012232896058560051,3,515,95,610,0.720271839961281,0.5053763440860215
2689,4325,0,0,0.0032009014238442057,3,515,95,610,0.7256132024592816,0.5108695652173914
2690,4371,0,0,3.3318270542259136e-05,3,515,95,610,0.7309655172413793,0.5164835164835165
2691,4459,0,0,0.17440991493608876,3,515,95,610,0.736328125,0.5222222222222223
2692,4479,0,0,0.005834196728075506,3,515,95,610,0.736328125,0.5222222222222223
2693,4484,0,1,0.9018080810635072,3,515,96,611,0.7317241379310344,0.5222222222222223
2694,4517,0,0,0.0002164227282681064,3,515,96,611,0.7317241379310344,0.5222222222222223
2695,4574,0,0,3.1465239942668987e-06,3,515,96,611,0.7317241379310344,0.5222222222222223
2696,4613,0,0,0.002373595572367692,3,515,96,611,0.7317241379310344,0.5222222222222223
2697,4645,0,1,0.7734857977586147,3,515,97,612,0.72712760220041,0.5222222222222223
2698,4652,0,0,0.00024421505767019625,3,515,97,612,0.72712760220041,0.5222222222222223
2699,4749,0,0,0.0014195144647683542,3,515,97,612,0.72712760220041,0.5222222222222223
2700,4757,0,0,0.0003183496552977997,3,515,97,612,0.72712760220041,0.5222222222222223
2701,4827,0,0,0.00016516971740693608,3,515,97,612,0.72712760220041,0.5222222222222223
2702,4910,0,0,6.87724454039491e-05,3,515,97,612,0.72712760220041,0.5222222222222223
2703,0,1,0,0.002246081620252529,3,516,97,613,0.7263704023298457,0.5164835164835165
2704,56,1,0,0.03900993737633911,3,517,97,614,0.7210271302196769,0.5108695652173914
2705,70,1,1,0.9485629512637226,3,517,97,614,0.7216291879462017,0.5161290322580645
2706,78,1,0,0.03915163299156536,3,518,97,615,0.7163200000000001,0.5106382978723404
2707,82,1,1,0.9877521975637872,3,518,97,615,0.7169354838709677,0.5157894736842106
2708,96,1,0,0.03437862050768323,3,519,97,616,0.7116615067079463,0.5104166666666666
2709,125,1,0,0.08226789510936723,3,520,97,617,0.7064005912786401,0.5051546391752577
2710,142,1,0,0.447723252996809,3,521,97,618,0.7011533903884134,0.5
2711,143,1,1,0.8148387099974387,3,521,97,618,0.7018298340803648,0.5050505050505051
2712,161,1,0,0.13139543300892606,3,522,97,619,0.6966209854587301,0.5
2713,179,1,1,0.9999162383981844,3,522,97,619,0.6973124999999999,0.504950495049505
2714,194,1,0,0.05715539095862897,3,523,97,620,0.6921432469658774,0.5
2715,205,1,0,0.0008013760808264204,3,524,97,621,0.686990351696234,0.49514563106796117
2716,235,1,0,0.00013510955120196944,3,525,97,622,0.6818544692086667,0.49038461538461536
2717,239,1,0,0.00012179650188125857,3,526,97,623,0.6812702233957185,0.4857142857142857
2718,243,1,1,0.9999836883894464,3,526,97,623,0.682060606060606,0.49056603773584906
2719,246,1,0,0.012087068452148186,3,527,97,624,0.6815099935525467,0.48598130841121495
2720,259,1,0,7.042821059114924e-05,3,528,97,625,0.6764329111317063,0.48148148148148145
2721,262,1,0,0.06179803602274406,3,529,97,626,0.6713754465318291,0.47706422018348627
2722,277,1,0,0.06217643829465907,3,530,97,627,0.6663382594417078,0.4727272727272727
2723,301,1,1,0.9598520329338412,3,530,97,627,0.6672327365728902,0.4774774774774775
2724,302,1,0,0.02322272607647182,3,531,97,628,0.6622436732296535,0.4732142857142857
2725,340,1,0,6.141153665480304e-06,3,532,97,629,0.6572766217870257,0.4690265486725664
2726,359,1,0,0.06878341940422951,3,533,97,630,0.6523322553538234,0.4649122807017544
2727,364,1,0,3.9883510213422413e-07,3,534,97,631,0.6474112501271488,0.4608695652173913
2728,365,1,1,0.9994065678265974,3,534,97,631,0.6484090909090909,0.46551724137931033
2729,382,1,1,0.9660270769900731,3,534,97,631,0.6493997368154671,0.4700854700854701
2730,398,1,0,0.3466591315900442,3,535,97,632,0.6445607826284789,0.4661016949152542
2731,407,1,0,0.01475879312507983,3,536,97,633,0.6397474747474747,0.46218487394957986
2732,424,1,0,0.006569972759948267,3,537,97,634,0.6349605186810969,0.4583333333333333
2733,426,1,1,0.9504292274894429,3,537,97,634,0.6360335927073103,0.4628099173553719
2734,430,1,0,0.0015490809064053542,3,538,97,635,0.6313043478260869,0.45901639344262296
2735,451,1,1,0.9888520311511289,3,538,97,635,0.6324027735905939,0.4634146341463415
2736,453,1,0,0.00020580333559136026,3,539,97,636,0.6277331726544652,0.4596774193548387
2737,454,1,0,0.348728550398485,3,540,97,637,0.6274949160201853,0.456
2738,455,1,0,0.00037221649977608876,3,541,97,638,0.6228703331995183,0.4523809523809524
2739,468,1,0,0.06654729317449037,3,542,97,639,0.618276536522982,0.44881889763779526
2740,482,1,0,0.03014714293723287,3,543,97,640,0.6137142857142857,0.4453125
2741,490,1,0,0.020435731575923283,3,544,97,641,0.6091843483053182,0.4418604651162791
2742,495,1,0,0.08550847544640812,3,545,97,642,0.6046875,0.43846153846153846
2743,496,1,0,0.00022545321232888188,3,546,97,643,0.6002245250431778,0.4351145038167939
2744,504,1,1,0.9999103139225568,3,546,97,643,0.6015909943714822,0.4393939393939394
2745,519,1,0,6.478367727384883e-05,3,547,97,644,0.5971988795518207,0.43609022556390975
2746,520,1,0,0.0038119535543462545,3,548,97,645,0.5928428896501713,0.43283582089552236
2747,522,1,0,0.03760277460833961,3,549,97,646,0.5885238523852385,0.42962962962962964
2748,541,1,1,0.9996222705823694,3,549,97,646,0.59,0.4338235294117647
2749,549,1,0,0.04989561103969033,3,550,97,647,0.5857573939348484,0.4306569343065693
2750,558,1,0,0.031045882427021998,3,551,97,648,0.5815541554155416,0.427536231884058
2751,572,1,0,0.003910549944411015,3,552,97,649,0.5773911630116776,0.4244604316546763
2752,607,1,0,0.024291148046961236,3,553,97,650,0.5732693077230893,0.42142857142857143
2753,608,1,0,0.0006790190036235858,3,554,97,651,0.5691894934333959,0.41843971631205673
2754,613,1,0,0.1576404706701375,3,555,97,652,0.5692983114446529,0.4154929577464789
2755,649,1,0,0.04170136475712955,3,556,97,653,0.5652847562806526,0.4125874125874126
2756,657,1,0,0.022022723966555708,3,557,97,654,0.5652847562806526,0.4125874125874126
2757,676,1,1,0.9945798795560025,3,557,97,654,0.5652847562806526,0.4125874125874126
2758,683,1,0,0.002700825053430977,3,558,97,655,0.5595084427767354,0.40559440559440557
2759,730,1,1,0.5124945063130049,3,558,97,655,0.5595084427767354,0.40559440559440557
2760,733,1,0,0.0004472329954139674,3,559,97,656,0.5536914765906363,0.3986013986013986
2761,765,1,0,0.00013171724660762822,3,560,97,657,0.5478330124277963,0.3916083916083916
2762,784,1,0,6.837114748974496e-06,3,561,97,658,0.5478330124277963,0.3916083916083916
2763,786,1,0,0.07899442983555939,3,562,97,659,0.5478330124277963,0.3916083916083916
2764,790,1,1,0.9959276468023924,3,562,97,659,0.5478330124277963,0.3916083916083916
2765,797,1,1,0.9593355591660139,3,562,97,659,0.5478330124277963,0.3916083916083916
2766,823,1,0,0.015916502078649305,3,563,97,660,0.5478330124277963,0.3916083916083916
2767,832,1,0,0.0036581693732288833,3,564,97,661,0.541932193219322,0.38461538461538464
2768,837,1,1,0.8699326957024807,3,564,97,661,0.5478330124277963,0.3916083916083916
2769,855,1,1,0.7484177569782064,3,564,97,661,0.5478330124277963,0.3916083916083916
2770,859,1,0,0.016351085274016817,3,565,97,662,0.5478330124277963,0.3916083916083916
2771,880,1,0,0.030868869080304763,3,566,97,663,0.5478330124277963,0.3916083916083916
2772,897,1,0,0.001025531475135663,3,567,97,664,0.541932193219322,0.38461538461538464
2773,900,1,0,3.404058431137619e-06,3,568,97,665,0.5359881497037425,0.3776223776223776
2774,915,1,0,0.0014276268712724003,3,569,97,666,0.53,0.3706293706293706
2775,919,1,1,0.890117497438677,3,569,97,666,0.5359881497037425,0.3776223776223776
2776,932,1,0,0.004740728226750415,3,570,97,667,0.53,0.3706293706293706
2777,949,1,0,0.00021834462256161173,3,571,97,668,0.5239668491712294,0.36363636363636365
2778,960,1,0,0.2789338652669594,3,572,97,669,0.5239668491712294,0.36363636363636365
2779,979,1,0,0.02282312092000323,3,573,97,670,0.517887788778878,0.35664335664335667
2780,999,1,0,0.0036627430682095907,3,574,97,671,0.517887788778878,0.35664335664335667
2781,1006,1,0,0.0372297897811871,3,575,97,672,0.511761896426696,0.34965034965034963
2782,1028,1,1,0.9999907361884924,3,575,97,672,0.511761896426696,0.34965034965034963
2783,1029,1,0,0.12692192973311184,3,576,97,673,0.5055882352941177,0.34265734265734266
2784,1030,1,1,0.9731037688092237,3,576,97,673,0.511761896426696,0.34965034965034963
2785,1044,1,0,0.025295774264824038,3,577,97,674,0.5055882352941177,0.34265734265734266
2786,1052,1,1,0.9503408667014998,3,577,97,674,0.511761896426696,0.34965034965034963
2787,1066,1,0,0.044919389206883646,3,578,97,675,0.5055882352941177,0.34265734265734266
2788,1067,1,0,2.3152972004142926e-05,3,579,97,676,0.5055882352941177,0.34265734265734266
2789,1086,1,0,0.005147738748481141,3,580,97,677,0.4993658536585366,0.3356643356643357
2790,1096,1,0,0.0001764152443954307,3,581,97,678,0.4930937844059653,0.32867132867132864
2791,1102,1,0,0.00015327151691297465,3,582,97,679,0.4930937844059653,0.32867132867132864
2792,1116,1,1,0.9254049044786955,3,582,97,679,0.4930937844059653,0.32867132867132864
2793,1122,1,0,0.024270519167865785,3,583,97,680,0.4867710445295487,0.32167832167832167
2794,1134,1,0,0.009513716673625858,3,584,97,681,0.4803966346153846,0.3146853146853147
2795,1143,1,0,3.8643664392581684e-05,3,585,97,682,0.4803966346153846,0.3146853146853147
2796,1149,1,0,0.0006546238426109575,3,586,97,683,0.47396953831508803,0.3076923076923077
2797,1159,1,0,0.0278283837991716,3,587,97,684,0.47396953831508803,0.3076923076923077
2798,1217,1,0,0.02624580515056502,3,588,97,685,0.47396953831508803,0.3076923076923077
2799,1232,1,0,0.35304678264026074,3,589,97,686,0.47396953831508803,0.3076923076923077
2800,1260,1,0,0.0003103214671466503,3,590,97,687,0.4674887218045113,0.3006993006993007
2801,1280,1,0,0.00014826283133173365,3,591,97,688,0.4674887218045113,0.3006993006993007
2802,1282,1,0,0.18886532240781423,3,592,97,689,0.4674887218045113,0.3006993006993007
2803,1309,1,0,9.179442320292642e-05,3,593,97,690,0.46095313322801473,0.2937062937062937
2804,1364,1,0,0.0283903378621486,3,594,97,691,0.4543617021276596,0.2867132867132867
2805,1373,1,1,0.9307259200076492,3,594,97,691,0.46095313322801473,0.2937062937062937
2806,1389,1,0,0.0001442884828691121,3,595,97,692,0.46095313322801473,0.2937062937062937
2807,1405,1,1,0.9973477552991385,3,595,97,692,0.46095313322801473,0.2937062937062937
2808,1412,1,0,0.00016360361325511752,3,596,97,693,0.4543617021276596,0.2867132867132867
2809,1421,1,0,0.0004162311179278699,3,597,97,694,0.4543617021276596,0.2867132867132867
2810,1422,1,1,0.9955186283461981,3,597,97,694,0.4543617021276596,0.2867132867132867
2811,1428,1,0,0.0001667725376636812,3,598,97,695,0.4477133388566694,0.27972027972027974
2812,1460,1,0,7.198270544699774e-05,3,599,97,696,0.4477133388566694,0.27972027972027974
2813,1466,1,0,0.00726942367307394,3,600,97,697,0.4477133388566694,0.27972027972027974
2814,1476,1,0,6.042114940267699e-06,3,601,97,698,0.4477133388566694,0.27972027972027974
2815,1514,1,0,0.07148461275515125,3,602,97,699,0.44100693397648477,0.2727272727272727
2816,1530,1,0,0.0011124362744064126,3,603,97,700,0.44100693397648477,0.2727272727272727
2817,1591,1,0,0.00030265375281705165,3,604,97,701,0.44100693397648477,0.2727272727272727
2818,1594,1,0,0.03182698582188562,3,605,97,702,0.43424135763670646,0.26573426573426573
2819,1602,1,0,0.02057369374119265,3,606,97,703,0.43424135763670646,0.26573426573426573
2820,1615,1,1,0.9906611973668594,3,606,97,703,0.43424135763670646,0.26573426573426573
2821,1616,1,0,0.058118164121282546,3,607,97,704,0.427415458937198,0.25874125874125875
2822,1621,1,0,0.015849428851072482,3,608,97,705,0.427415458937198,0.25874125874125875
2823,1647,1,1,0.5775353097910416,3,608,97,705,0.43424135763670646,0.26573426573426573
2824,1652,1,1,0.7786315553991716,3,608,97,705,0.44100693397648477,0.2727272727272727
2825,1680,1,0,0.000343715434537786,3,609,97,706,0.44100693397648477,0.2727272727272727
2826,1695,1,0,0.00752188441816209,3,610,97,707,0.43424135763670646,0.26573426573426573
2827,1702,1,0,0.11067431909928868,3,611,97,708,0.427415458937198,0.25874125874125875
2828,1707,1,0,0.003979069321992314,3,612,97,709,0.427415458937198,0.25874125874125875
2829,1731,1,1,0.9285058414594353,3,612,97,709,0.427415458937198,0.25874125874125875
2830,1751,1,1,0.9884402370046024,3,612,97,709,0.43424135763670646,0.26573426573426573
2831,1775,1,0,0.00024152566970807242,3,613,97,710,0.427415458937198,0.25874125874125875
2832,1789,1,0,0.007163063190553271,3,614,97,711,0.427415458937198,0.25874125874125875
2833,1806,1,0,0.09442411441845552,3,615,97,712,0.4205280652715872,0.2517482517482518
2834,1833,1,1,0.9979105046682526,3,615,97,712,0.4205280652715872,0.2517482517482518
2835,1857,1,0,3.0251323205266003e-05,3,616,97,713,0.4205280652715872,0.2517482517482518
2836,1859,1,1,0.9249392289466073,3,616,97,713,0.427415458937198,0.25874125874125875
2837,1862,1,1,0.8615674475870994,3,616,97,713,0.43424135763670646,0.26573426573426573
2838,1873,1,0,0.0205967525811572,3,617,97,714,0.427415458937198,0.25874125874125875
2839,1885,1,0,5.4609063683961775e-05,3,618,97,715,0.4205280652715872,0.2517482517482518
2840,1897,1,0,0.03166321480721079,3,619,97,716,0.4205280652715872,0.2517482517482518
2841,1921,1,0,0.23287534022609738,3,620,97,717,0.41357798165137616,0.24475524475524477
2842,1922,1,1,0.9815028128912077,3,620,97,717,0.4205280652715872,0.2517482517482518
2843,1933,1,0,0.0025264514578247493,3,621,97,718,0.4205280652715872,0.2517482517482518
2844,1957,1,0,2.622066134130356e-06,3,622,97,719,0.41357798165137616,0.24475524475524477
2845,1986,1,1,0.9998912685858662,3,622,97,719,0.4205280652715872,0.2517482517482518
2846,1988,1,0,0.0008489174027692685,3,623,97,720,0.42005288207297725,0.25
2847,2006,1,1,0.9954133455093724,3,623,97,720,0.4230232558139535,0.25517241379310346
2848,2013,1,0,0.13006798704644887,3,624,97,721,0.41912169631192847,0.2534246575342466
2849,2048,1,0,0.01677148437604343,3,625,97,722,0.41526876051316813,0.25170068027210885
2850,2051,1,0,6.077571276179448e-05,3,626,97,723,0.41146527498996394,0.25
2851,2083,1,0,0.001887658598209169,3,627,97,724,0.40771207903909323,0.2483221476510067
2852,2085,1,0,0.001077303348599841,3,628,97,725,0.4040100250626566,0.24666666666666667
2853,2088,1,0,0.11972843497858804,3,629,97,726,0.40035997895738873,0.24503311258278146
2854,2109,1,0,0.0002454303604918935,3,630,97,727,0.3967628205128205,0.24342105263157895
2855,2119,1,0,0.06651344104226994,3,631,97,728,0.39321944381867785,0.24183006535947713
2856,2127,1,0,0.03853463284261809,3,632,97,729,0.38973075768191373,0.24025974025974026
2857,2129,1,1,0.9859325317164697,3,632,97,729,0.393157262905162,0.24516129032258063
2858,2136,1,0,0.011845576050695833,3,633,97,730,0.38978070065764797,0.24358974358974358
2859,2138,1,1,0.9954165322133881,3,633,97,730,0.39326058151453785,0.2484076433121019
2860,2149,1,1,0.9963105360619512,3,633,97,730,0.3967394184854621,0.25316455696202533
2861,2154,1,0,0.00036226787969076554,3,634,97,731,0.39353835383538355,0.25157232704402516
2862,2174,1,1,0.9846148046338364,3,634,97,731,0.3970788315326131,0.25625
2863,2175,1,0,7.548870497891872e-06,3,635,97,732,0.3940000000000001,0.2546583850931677
2864,2182,1,0,0.0006621367402622127,3,636,97,733,0.39098388549694724,0.25308641975308643
2865,2213,1,0,0.321604809302302,3,637,97,734,0.39117005304774305,0.25153374233128833
2866,2246,1,0,2.6305188220423344e-05,3,638,97,735,0.3882506069935671,0.25
2867,2289,1,0,0.00022745799662523202,3,639,97,736,0.3853966346153846,0.24848484848484848
2868,2304,1,0,0.029615230867190274,3,640,97,737,0.38260928379969444,0.2469879518072289
2869,2314,1,0,0.0004552471124750442,3,641,97,738,0.379889724310777,0.24550898203592814
2870,2326,1,1,0.9969871866243045,3,641,97,738,0.38389401846647936,0.25
2871,2327,1,0,0.0659025138828874,3,642,97,739,0.3813143029298787,0.2485207100591716
2872,2358,1,0,0.00024226753180536968,3,643,97,740,0.37880615013566477,0.24705882352941178
2873,2359,1,0,0.0026643327473076643,3,644,97,741,0.3763708359522313,0.24561403508771928
2874,2365,1,0,0.02355295202451218,3,645,97,742,0.3740096618357488,0.2441860465116279
2875,2377,1,0,0.0013071853153353232,3,646,97,743,0.37172395557905874,0.24277456647398843
2876,2386,1,0,0.1379888285538072,3,647,97,744,0.36951507208387946,0.2413793103448276
2877,2411,1,0,0.03975722987451715,3,648,97,745,0.36738439415726937,0.24
2878,2424,1,0,0.023349963459625877,3,649,97,746,0.3653333333333333,0.23863636363636365
2879,2427,1,0,0.0002480244908694989,3,650,97,747,0.36336333072120125,0.23728813559322035
2880,2450,1,1,0.98528926178856,3,650,97,747,0.36808745661371645,0.24157303370786518
2881,2453,1,0,0.00032200389121690243,3,651,97,748,0.366286525974026,0.24022346368715083
2882,2455,1,1,0.9888441495586751,3,651,97,748,0.37113213304852005,0.24444444444444444
2883,2490,1,0,0.03827990947434093,3,652,97,749,0.3695075246365003,0.2430939226519337
2884,2496,1,1,0.9957901125719693,3,652,97,749,0.37448402666053776,0.24725274725274726
2885,2542,0,0,8.32311417181987e-06,3,652,97,749,0.37448402666053776,0.24725274725274726
2886,2605,0,0,0.002196728796874515,3,652,97,749,0.37448402666053776,0.24725274725274726
2887,2617,0,0,0.01553662431394585,3,652,97,749,0.37448402666053776,0.24725274725274726
2888,2634,0,0,5.203208692898346e-05,3,652,97,749,0.37448402666053776,0.24725274725274726
2889,2640,0,0,0.00037627056135375666,3,652,97,749,0.37448402666053776,0.24725274725274726
2890,2657,0,0,3.636056898555e-06,3,652,97,749,0.37448402666053776,0.24725274725274726
2891,2728,0,0,6.632456191255222e-05,3,652,97,749,0.37448402666053776,0.24725274725274726
2892,2731,0,0,7.377290621213278e-05,3,652,97,749,0.37448402666053776,0.24725274725274726
2893,2744,0,0,0.00012461257267527397,3,652,97,749,0.3770012239902081,0.24725274725274726
2894,2848,0,0,0.17003183666172517,3,652,97,749,0.3770012239902081,0.24725274725274726
2895,2853,0,0,0.0009651537705060091,3,652,97,749,0.3770012239902081,0.24725274725274726
2896,2855,0,0,0.0007777281787317938,3,652,97,749,0.3770012239902081,0.24725274725274726
2897,2946,0,0,5.972868242558026e-05,3,652,97,749,0.37952127524127216,0.24725274725274726
2898,2999,0,0,7.622744521331412e-05,3,652,97,749,0.37952127524127216,0.24725274725274726
2899,3167,0,0,0.0004857081650520988,3,652,97,749,0.37952127524127216,0.24725274725274726
2900,3263,0,0,0.0005015477104592647,3,652,97,749,0.37952127524127216,0.24725274725274726
2901,3278,0,0,4.9527895679822786e-05,3,652,97,749,0.37952127524127216,0.24725274725274726
2902,3330,0,0,1.9318489089676186e-05,3,652,97,749,0.37952127524127216,0.24725274725274726
2903,3386,0,0,0.0001317863176022941,3,652,97,749,0.3811453565252772,0.24861878453038674
2904,3428,0,0,4.940860195088904e-05,3,652,97,749,0.38285714285714284,0.25
2905,3531,0,1,0.6464388311309675,3,652,98,750,0.3754707792207792,0.24581005586592178
2906,3592,0,0,0.000488707572548328,3,652,98,750,0.37731245724709284,0.24719101123595505
2907,3760,0,0,0.0004393897545491341,3,652,98,750,0.3726572966960742,0.24293785310734464
2908,3778,0,0,0.3294209673161943,3,652,98,750,0.3746666666666667,0.24431818181818182
2909,3841,0,0,8.073311721466208e-06,3,652,98,750,0.3767564772067913,0.24571428571428572
2910,3856,0,0,6.556769486547129e-05,3,652,98,750,0.37892529488859766,0.2471264367816092
2911,3860,0,0,0.00028316122668207034,3,652,98,750,0.37454106280193245,0.24277456647398843
2912,3936,0,0,4.0143668640012585e-05,3,652,98,750,0.37686486486486487,0.2441860465116279
2913,4019,0,0,1.0430563675900171e-05,3,652,98,750,0.37257738947051294,0.23976608187134502
2914,4088,0,0,8.060474627154144e-06,3,652,98,750,0.37505018065034124,0.2411764705882353
2915,4134,0,0,0.06600905885859663,3,652,98,750,0.3775949747987662,0.24260355029585798
2916,4194,0,0,0.0002576565340965855,3,652,98,750,0.38021052631578944,0.24404761904761904
2917,4224,0,0,9.76875945775121e-05,3,652,98,750,0.3828956136175756,0.24550898203592814
2918,4246,0,0,3.2932900706596414e-06,3,652,98,750,0.3789076618858101,0.24096385542168675
2919,4295,0,0,0.0001381395125323247,3,652,98,750,0.38172855570013015,0.24242424242424243
2920,4296,0,0,0.0041824143079519475,3,652,98,750,0.3846153846153846,0.24390243902439024
2921,4358,0,0,0.00030785035429053113,3,652,98,750,0.38756702681072425,0.24539877300613497
2922,4391,0,0,0.0017327504428282627,3,652,98,750,0.390582381035733,0.24691358024691357
2923,4488,0,0,1.3819665763311487e-05,3,652,98,750,0.3868604215105378,0.2422360248447205
2924,4546,0,1,0.7637858569799857,3,652,99,751,0.3868296707417686,0.24375
2925,4604,0,0,0.0008152962781335374,3,652,99,751,0.39,0.24528301886792453
2926,4622,0,0,6.134807733135368e-05,3,652,99,751,0.3932303307582689,0.2468354430379747
2927,4627,0,0,0.011000460044893948,3,652,99,751,0.39651965196519656,0.2484076433121019
2928,4687,0,0,0.3977115702295852,3,652,99,751,0.39303721488595433,0.24358974358974358
2929,4708,0,0,7.194146696596375e-05,3,652,99,751,0.38955059553598237,0.23870967741935484
2930,4730,0,0,0.0010181182746467217,3,652,99,751,0.39301093839953943,0.24025974025974026
2931,4744,0,0,0.0027967304232414786,3,652,99,751,0.39652644230769235,0.24183006535947713
2932,4762,0,0,0.0004922205361114288,3,652,99,751,0.4000961947944588,0.24342105263157895
2933,4791,0,0,0.3564123793537964,3,652,99,751,0.39676596705032724,0.23841059602649006
2934,4819,0,0,0.00028598940636570286,3,652,99,751,0.4004415897230028,0.24
2935,4835,0,0,0.00018559236172081088,3,652,99,751,0.397152045020601,0.2348993288590604
2936,4836,0,0,4.047536297522933e-05,3,652,99,751,0.40093023255813953,0.23648648648648649
2937,4966,0,0,0.007299404432388995,3,652,99,751,0.40475845410628025,0.23809523809523808
2938,4991,0,0,0.0006585014388864857,3,652,99,751,0.40863589433658176,0.23972602739726026
2939,92,1,1,0.9999526102597609,3,652,99,751,0.41565217391304343,0.2465753424657534
2940,116,1,0,2.1284795767730197e-06,3,653,99,752,0.41565217391304343,0.2465753424657534
2941,164,1,0,0.012557661338652076,3,654,99,753,0.41565217391304343,0.2465753424657534
2942,221,1,0,0.007448524171488022,3,655,99,754,0.41565217391304343,0.2465753424657534
2943,350,1,1,0.5091309397348667,3,655,99,754,0.4226046511627907,0.2534246575342466
2944,483,1,0,0.00011471929271785013,3,656,99,755,0.41565217391304343,0.2465753424657534
2945,493,1,0,5.199503483470272e-05,3,657,99,756,0.41565217391304343,0.2465753424657534
2946,571,1,0,0.0027489941583221196,3,658,99,757,0.41565217391304343,0.2465753424657534
2947,601,1,0,5.374555042031384e-05,3,659,99,758,0.41565217391304343,0.2465753424657534
2948,699,1,0,0.0018370565634547198,3,660,99,759,0.40863589433658176,0.23972602739726026
2949,706,1,0,0.02890297684850621,3,661,99,760,0.40863589433658176,0.23972602739726026
2950,767,1,0,9.282290289934614e-05,3,662,99,761,0.40863589433658176,0.23972602739726026
2951,810,1,0,0.031220246755086185,3,663,99,762,0.40863589433658176,0.23972602739726026
2952,814,1,0,2.6248098044381926e-05,3,664,99,763,0.40863589433658176,0.23972602739726026
2953,818,1,0,7.169316610025518e-07,3,665,99,764,0.40863589433658176,0.23972602739726026
2954,829,1,0,0.00027079069708528915,3,666,99,765,0.40863589433658176,0.23972602739726026
2955,834,1,1,0.6792658237891707,3,666,99,765,0.41565217391304343,0.2465753424657534
2956,986,1,0,0.0009329077557966441,3,667,99,766,0.41565217391304343,0.2465753424657534
2957,1024,1,1,0.6057492093294933,3,667,99,766,0.41565217391304343,0.2465753424657534
2958,1027,1,0,0.000849947078735936,3,668,99,767,0.41565217391304343,0.2465753424657534
2959,1060,1,0,0.08990176029978296,3,669,99,768,0.40863589433658176,0.23972602739726026
2960,1061,1,0,0.002646621521192061,3,670,99,769,0.40863589433658176,0.23972602739726026
2961,1095,1,0,0.00027359322738643356,3,671,99,770,0.40863589433658176,0.23972602739726026
2962,1148,1,0,4.0170097422757826e-07,3,672,99,771,0.40863589433658176,0.23972602739726026
2963,1157,1,0,0.012634909185710053,3,673,99,772,0.40863589433658176,0.23972602739726026
2964,1194,1,0,0.004637425465539294,3,674,99,773,0.401554592196794,0.2328767123287671
2965,1201,1,0,1.9174857635563405e-06,3,675,99,774,0.39440702338605915,0.22602739726027396
2966,1225,1,0,0.137522460074389,3,676,99,775,0.39440702338605915,0.22602739726027396
2967,1241,1,0,1.2161645803280756e-07,3,677,99,776,0.39440702338605915,0.22602739726027396
2968,1242,1,0,4.0416692434151115e-05,3,678,99,777,0.3871919191919192,0.2191780821917808
2969,1360,1,0,3.526048392632366e-05,3,679,99,778,0.3799079855405849,0.21232876712328766
2970,1418,1,0,8.389368112607787e-08,3,680,99,779,0.3799079855405849,0.21232876712328766
2971,1436,1,0,0.00017944795653033113,3,681,99,780,0.3799079855405849,0.21232876712328766
2972,1448,1,1,0.9998895439007346,3,681,99,780,0.3871919191919192,0.2191780821917808
2973,1522,1,0,2.066581604521831e-07,3,682,99,781,0.3871919191919192,0.2191780821917808
2974,1555,1,0,0.037873055685673215,3,683,99,782,0.3871919191919192,0.2191780821917808
2975,1557,1,0,0.31253316994619706,3,684,99,783,0.3799079855405849,0.21232876712328766
2976,1582,1,0,0.057144566255570774,3,685,99,784,0.3799079855405849,0.21232876712328766
2977,1583,1,1,0.9819694199307487,3,685,99,784,0.3871919191919192,0.2191780821917808
2978,1627,1,0,0.00032515305844530785,3,686,99,785,0.3871919191919192,0.2191780821917808
2979,1717,1,0,0.0011724262265375178,3,687,99,786,0.3871919191919192,0.2191780821917808
2980,1776,1,0,0.19474698890380626,3,688,99,787,0.3871919191919192,0.2191780821917808
2981,1794,1,0,0.0013546069877461134,3,689,99,788,0.3871919191919192,0.2191780821917808
2982,1834,1,0,0.007745194987378507,3,690,99,789,0.3799079855405849,0.21232876712328766
2983,1838,1,0,3.188736624435949e-06,3,691,99,790,0.3799079855405849,0.21232876712328766
2984,1884,1,1,0.9999944705107496,3,691,99,790,0.3799079855405849,0.21232876712328766
2985,1945,1,0,2.530642823237052e-05,3,692,99,791,0.3799079855405849,0.21232876712328766
2986,2005,1,0,8.53556426662657e-07,3,693,99,792,0.3725539022168236,0.2054794520547945
2987,2206,1,0,0.0015543488010090333,3,694,99,793,0.3725539022168236,0.2054794520547945
2988,2236,1,0,5.62035085466614e-05,3,695,99,794,0.3725539022168236,0.2054794520547945
2989,2255,1,0,0.03490388335733343,3,696,99,795,0.3725539022168236,0.2054794520547945
2990,2258,1,0,0.23070044698933614,3,697,99,796,0.3725539022168236,0.2054794520547945
2991,2268,1,0,1.0671296868369901e-06,3,698,99,797,0.3725539022168236,0.2054794520547945
2992,2336,1,0,0.33945216478477563,3,699,99,798,0.3651283220592334,0.19863013698630136
2993,2396,1,0,0.00877687893463709,3,700,99,799,0.3651283220592334,0.19863013698630136
2994,2405,1,0,0.14881270241275926,3,701,99,800,0.3651283220592334,0.19863013698630136
2995,2414,1,0,0.0751551879440321,3,702,99,801,0.3651283220592334,0.19863013698630136
2996,2447,1,0,5.256835433047089e-05,3,703,99,802,0.3651283220592334,0.19863013698630136
2997,2465,1,1,0.9905405362698955,3,703,99,802,0.3725539022168236,0.2054794520547945
2998,2473,1,0,0.002544457378305702,3,704,99,803,0.3725539022168236,0.2054794520547945
2999,2487,1,0,0.03495166197058875,3,705,99,804,0.3725539022168236,0.2054794520547945
3000,2519,0,0,3.234796941217074e-05,3,705,99,804,0.3764802006536445,0.20689655172413793
3001,2532,0,0,0.009910219799111717,3,705,99,804,0.3804545454545455,0.20833333333333334
3002,2556,0,0,0.0023509879707433227,3,705,99,804,0.38447619047619047,0.2097902097902098
3003,2606,0,0,0.1531776409684914,3,705,99,804,0.3885444003661886,0.2112676056338028
3004,2610,0,0,0.00021571810113889524,3,705,99,804,0.39265845025591406,0.2127659574468085
3005,2626,0,0,0.200846350458656,3,705,99,804,0.3893919660869787,0.20714285714285716
3006,2650,0,0,0.00020638003826100272,3,705,99,804,0.3935959079283887,0.20863309352517986
3007,2656,0,0,0.035648643326603606,3,705,99,804,0.3903448275862069,0.2028985507246377
3008,2658,0,0,4.16683192808756e-06,3,705,99,804,0.3946362211199917,0.20437956204379562
3009,2769,0,0,0.0028960601827850378,3,705,99,804,0.3989702399340953,0.20588235294117646
3010,2831,0,0,5.486514797944135e-05,3,705,99,804,0.395773046713518,0.2
3011,2877,0,0,0.00028938051156952827,3,705,99,804,0.4001910382853148,0.20149253731343283
3012,2920,0,0,0.0002724610701434379,3,705,99,804,0.4046498599439775,0.20300751879699247
3013,2970,0,0,0.030136749972745205,3,705,99,804,0.4091488864055719,0.20454545454545456
3014,2978,0,0,0.2386642248021031,3,705,99,804,0.41368750000000004,0.20610687022900764
3015,3026,0,1,0.9884306611673708,3,705,100,805,0.4147916666666667,0.2076923076923077
3016,3076,0,0,2.024694886916546e-05,3,705,100,805,0.41938855398105374,0.20930232558139536
3017,3099,0,0,9.89396841076309e-06,3,705,100,805,0.424023433413537,0.2109375
3018,3265,0,0,7.307413994774806e-05,3,705,100,805,0.42869570915572325,0.2125984251968504
3019,3270,0,0,6.14333116666607e-05,3,705,100,805,0.433404791929382,0.21428571428571427
3020,3277,0,0,0.00047279492343784996,3,705,100,805,0.4305511561609123,0.208
3021,3282,0,0,0.004349823785116025,3,705,100,805,0.43533433886375067,0.20967741935483872
3022,3326,0,1,0.9683137188817433,3,705,101,806,0.4365904580455664,0.21138211382113822
3023,3397,0,0,0.0019587974687969535,3,705,101,806,0.43379398388255,0.20491803278688525
3024,3563,0,0,9.220004855502501e-05,3,705,101,806,0.43095510575149065,0.19834710743801653
3025,3597,0,0,0.0007170389466041604,3,705,101,806,0.43586443586443585,0.2
3026,3717,0,0,6.911184415855583e-06,3,705,101,806,0.4408074534161491,0.20168067226890757
3027,3775,0,0,0.0023618318445672846,3,705,101,806,0.4457836263617733,0.2033898305084746
3028,3791,0,0,0.008719650772008047,3,705,101,806,0.4507924273157539,0.20512820512820512
3029,3806,0,0,0.0002900014826794333,3,705,101,806,0.44805202579521647,0.19827586206896552
3030,3863,0,0,0.0002364291194782441,3,705,101,806,0.445262739943591,0.19130434782608696
3031,4006,0,0,0.023118571216068556,3,705,101,806,0.4503736263736263,0.19298245614035087
3032,4008,0,0,0.0010371625600230773,3,705,101,806,0.455515587529976,0.19469026548672566
3033,4026,0,0,0.00012046495151008745,3,705,101,806,0.46068812921783375,0.19642857142857142
3034,4029,0,1,0.5113029085849021,3,705,102,807,0.45440454053453977,0.1891891891891892
3035,4102,0,0,0.00104277710157711,3,705,102,807,0.45962566844919783,0.19090909090909092
3036,4155,0,0,0.0002453153566503122,3,705,102,807,0.45689709347996854,0.1834862385321101
3037,4172,0,0,0.002776017932056537,3,705,102,807,0.45411126187245593,0.17592592592592593
3038,4334,0,0,0.010813109890791161,3,705,102,807,0.4594287579102698,0.17757009345794392
3039,4388,0,0,0.00398365915578152,3,705,102,807,0.46477492877492876,0.1792452830188679
3040,4418,0,0,6.903509464217128e-05,3,705,102,807,0.47014931777224744,0.18095238095238095
3041,4429,0,0,0.20375494927327645,3,705,102,807,0.47555147058823527,0.18269230769230768
3042,4456,0,0,0.002588487684141001,3,705,102,807,0.4728362877997915,0.17475728155339806
3043,4472,0,0,0.47531890401489857,3,705,102,807,0.47829818181818184,0.17647058823529413
3044,4498,0,0,3.756103331628291e-05,3,705,102,807,0.48378681626928477,0.1782178217821782
3045,4504,0,0,5.600646675594337e-07,3,705,102,807,0.4810708810001179,0.17
3046,4596,0,0,0.00013477419913309846,3,705,102,807,0.48661779081133927,0.1717171717171717
3047,4640,0,0,0.001736628594760868,3,705,102,807,0.4838643500104668,0.16326530612244897
3048,4684,0,0,3.954800505870915e-05,3,705,102,807,0.4894686861401611,0.16494845360824742
3049,4728,0,1,0.7433062814669015,3,705,103,808,0.4915879312417358,0.16666666666666666
3050,4796,0,0,0.45875613033107404,3,705,103,808,0.49722901754703874,0.16842105263157894
3051,4831,0,0,2.9716500220663642e-06,3,705,103,808,0.5028946090335114,0.1702127659574468
3052,4896,0,0,0.0011377868877226166,3,705,103,808,0.5085842868039664,0.17204301075268819
3053,4950,0,0,7.620034671889632e-05,3,705,103,808,0.514297632192369,0.17391304347826086
3054,4970,0,0,0.004715076288076424,3,705,103,808,0.520034226511671,0.17582417582417584
3055,2,1,0,5.210709015265997e-05,3,706,103,809,0.520034226511671,0.17582417582417584
3056,17,1,0,0.0698227914558056,3,707,103,810,0.520034226511671,0.17582417582417584
3057,19,1,0,7.322348160606312e-05,3,708,103,811,0.5117013888888889,0.16483516483516483
3058,32,1,1,0.9958873474181242,3,708,103,811,0.520034226511671,0.17582417582417584
3059,64,1,1,0.9999888407355197,3,708,103,811,0.520034226511671,0.17582417582417584
3060,71,1,0,1.3828926579923733e-05,3,709,103,812,0.5117013888888889,0.16483516483516483
3061,94,1,0,0.0002750682811742986,3,710,103,813,0.5117013888888889,0.16483516483516483
3062,99,1,1,0.9999923467383472,3,710,103,813,0.5117013888888889,0.16483516483516483
3063,148,1,0,0.0016094708535988442,3,711,103,814,0.5117013888888889,0.16483516483516483
3064,159,1,1,0.9999394794433669,3,711,103,814,0.520034226511671,0.17582417582417584
3065,184,1,0,0.4859926214107034,3,712,103,815,0.520034226511671,0.17582417582417584
3066,195,1,0,6.77060368565146e-05,3,713,103,816,0.520034226511671,0.17582417582417584
3067,228,1,0,0.06187810134520336,3,714,103,817,0.520034226511671,0.17582417582417584
3068,247,1,0,0.027302472110261725,3,715,103,818,0.520034226511671,0.17582417582417584
3069,300,1,0,0.00028524052259524515,3,716,103,819,0.520034226511671,0.17582417582417584
3070,325,1,0,0.00021520657229034628,3,717,103,820,0.5117013888888889,0.16483516483516483
3071,376,1,0,0.029692216030710275,3,718,103,821,0.5117013888888889,0.16483516483516483
3072,389,1,0,6.027233286955202e-06,3,719,103,822,0.5117013888888889,0.16483516483516483
3073,391,1,0,0.12112655092770837,3,720,103,823,0.5117013888888889,0.16483516483516483
3074,411,1,0,0.0920376791505447,3,721,103,824,0.5117013888888889,0.16483516483516483
3075,444,1,0,0.08042389065354207,3,722,103,825,0.5117013888888889,0.16483516483516483
3076,478,1,0,0.001518036804734351,3,723,103,826,0.5117013888888889,0.16483516483516483
3077,485,1,1,0.9979890747892641,3,723,103,826,0.520034226511671,0.17582417582417584
3078,527,1,0,0.009157206574568626,3,724,103,827,0.520034226511671,0.17582417582417584
3079,546,1,1,0.925972340742999,3,724,103,827,0.5282542019384125,0.18681318681318682
3080,599,1,0,0.07284634012507984,3,725,103,828,0.520034226511671,0.17582417582417584
3081,619,1,0,2.206072427120718e-05,3,726,103,829,0.520034226511671,0.17582417582417584
3082,632,1,0,0.28164864450960486,3,727,103,830,0.5117013888888889,0.16483516483516483
3083,651,1,0,0.09160656733585193,3,728,103,831,0.5117013888888889,0.16483516483516483
3084,661,1,0,0.00016651575824916382,3,729,103,832,0.5032522834252938,0.15384615384615385
3085,665,1,0,0.03849005067098885,3,730,103,833,0.4975,0.15217391304347827
3086,697,1,1,0.9999035679314349,3,730,103,833,0.5002355539197645,0.16129032258064516
3087,698,1,1,0.9997292259084897,3,730,103,833,0.5028946090335114,0.1702127659574468
3088,771,1,0,0.21185419308806006,3,731,103,834,0.49722901754703874,0.16842105263157894
3089,799,1,1,0.975134787088462,3,731,103,834,0.49984748347737673,0.17708333333333334
3090,808,1,0,0.1900763226954999,3,732,103,835,0.49423809523809525,0.17525773195876287
3091,831,1,0,0.003479862019267132,3,733,103,836,0.48865369234870704,0.17346938775510204
3092,862,1,0,0.08197596680415165,3,734,103,837,0.4830947045642175,0.1717171717171717
3093,878,1,0,0.010698196966411786,3,735,103,838,0.47756156261923627,0.17
3094,887,1,0,0.2598181511231537,3,736,103,839,0.472054698457223,0.16831683168316833
3095,930,1,0,7.18037911962746e-05,3,737,103,840,0.4665745454545454,0.16666666666666666
3096,931,1,0,0.37496904729480135,3,738,103,841,0.4611215386397868,0.1650485436893204
3097,964,1,1,0.9024023093967148,3,738,103,841,0.46389705882352944,0.17307692307692307
3098,969,1,1,0.999898790419729,3,738,103,841,0.46660968660968666,0.18095238095238095
3099,974,1,0,0.012698200160337646,3,739,103,842,0.4612497516955646,0.1792452830188679
3100,981,1,1,0.9961895895014915,3,739,103,842,0.46393596350426625,0.18691588785046728
3101,990,1,1,0.7583888234625594,3,739,103,842,0.46656603773584904,0.19444444444444445
3102,1031,1,1,0.6816812699828688,3,739,103,842,0.46914296022869195,0.2018348623853211
3103,1048,1,1,0.9981136386206538,3,739,103,842,0.47166956090300177,0.20909090909090908
3104,1091,1,1,0.9804994850436844,3,739,103,842,0.4741485254251212,0.21621621621621623
3105,1094,1,0,0.23092507485167638,3,740,103,843,0.4726460198800625,0.21428571428571427
3106,1124,1,1,0.9159631527365243,3,740,103,843,0.47513999619057984,0.22123893805309736
3107,1152,1,0,3.741786251957057e-05,3,741,103,844,0.4700260416666666,0.21929824561403508
3108,1187,1,1,0.9953357303270873,3,741,103,844,0.472511055981016,0.22608695652173913
3109,1188,1,1,0.7321363993208121,3,741,103,844,0.4749549549549549,0.23275862068965517
3110,1196,1,1,0.9236505092970969,3,741,103,844,0.47736000000000006,0.23931623931623933
3111,1208,1,1,0.998585585522928,3,741,103,844,0.47972835314091683,0.2457627118644068
3112,1244,1,0,0.029673026612955553,3,742,103,845,0.47478632478632476,0.24369747899159663
3113,1250,1,0,0.00547583849800583,3,743,103,846,0.46987646499841623,0.24166666666666667
3114,1272,1,1,0.9216367046616825,3,743,103,846,0.472282471626734,0.24793388429752067
3115,1295,1,1,0.997024506610894,3,743,103,846,0.47465634480594204,0.2540983606557377
3116,1307,1,0,0.00011974642300916813,3,744,103,847,0.4698528145306506,0.25203252032520324
3117,1311,1,0,0.07004287169003526,3,745,103,848,0.4650833333333334,0.25
3118,1314,1,1,0.7298843195383323,3,745,103,848,0.4675018155410312,0.256
3119,1329,1,0,0.00014949866199081088,3,746,103,849,0.4628050011648676,0.25396825396825395
3120,1333,1,0,0.36579367538729485,3,747,103,850,0.45814386109962796,0.25196850393700787
3121,1374,1,1,0.6339822729278451,3,747,103,850,0.4606116774791474,0.2578125
3122,1375,1,1,0.572979302423096,3,747,103,850,0.46305418719211827,0.26356589147286824
3123,1452,1,1,0.9666237224680406,3,747,103,850,0.46547314578005117,0.2692307692307692
3124,1464,1,0,0.0017063707350925138,3,748,103,851,0.46470588235294114,0.26717557251908397
3125,1484,1,1,0.9999216786698076,3,748,103,851,0.467156262749898,0.2727272727272727
3126,1537,1,0,0.0011321773443665464,3,749,103,852,0.46271014234422353,0.2706766917293233
3127,1541,1,0,0.00012965640133331843,3,750,103,853,0.45830332621299974,0.26865671641791045
3128,1549,1,0,0.04182324567992017,3,751,103,854,0.4539365079365079,0.26666666666666666
3129,1576,1,0,0.004733272141747608,3,752,103,855,0.4496103896103897,0.2647058823529412
3130,1607,1,1,0.5201750693442994,3,752,103,855,0.4522077133313088,0.27007299270072993
3131,1612,1,0,0.05119672512402014,3,753,103,856,0.4479663287747415,0.26811594202898553
3132,1635,1,1,0.9852501593974045,3,753,103,856,0.45059032770756074,0.2733812949640288
3133,1666,1,1,0.9932627984461363,3,753,103,856,0.4531993654151243,0.2785714285714286
3134,1704,1,0,0.46908797671851504,3,754,103,857,0.44909017713365545,0.2765957446808511
3135,1733,1,0,0.03131627726810142,3,755,103,858,0.44502576995600257,0.2746478873239437
3136,1746,1,1,0.9999873369838611,3,755,103,858,0.4477133388566694,0.27972027972027974
3137,1803,1,0,0.002134048423990503,3,756,103,859,0.44374146928944197,0.2777777777777778
3138,1837,1,1,0.992044715339934,3,756,103,859,0.4464661654135338,0.2827586206896552
3139,1866,1,0,0.33517497963420706,3,757,103,860,0.43981669550389924,0.27586206896551724
3140,1875,1,0,0.008268702896622489,3,758,103,861,0.43981669550389924,0.27586206896551724
3141,1876,1,0,0.014581951567011668,3,759,103,862,0.43981669550389924,0.27586206896551724
3142,1930,1,1,0.9975948442921738,3,759,103,862,0.4464661654135338,0.2827586206896552
3143,1946,1,0,0.00019979503888894207,3,760,103,863,0.43981669550389924,0.27586206896551724
3144,1952,1,0,0.39347228640270987,3,761,103,864,0.43981669550389924,0.27586206896551724
3145,1965,1,0,0.012770807969243531,3,762,103,865,0.43981669550389924,0.27586206896551724
3146,1967,1,1,0.7293284992133667,3,762,103,865,0.4464661654135338,0.2827586206896552
3147,1980,1,0,0.02568865360106861,3,763,103,866,0.4464661654135338,0.2827586206896552
3148,1992,1,0,0.415757293221528,3,764,103,867,0.4464661654135338,0.2827586206896552
3149,2055,1,0,0.1051534419211321,3,765,103,868,0.4464661654135338,0.2827586206896552
3150,2120,1,1,0.7237992529946664,3,765,103,868,0.45305869385505654,0.2896551724137931
3151,2165,1,1,0.83051070422731,3,765,103,868,0.4595953525641026,0.296551724137931
3152,2169,1,0,0.001697677649842162,3,766,103,869,0.4595953525641026,0.296551724137931
3153,2181,1,0,0.0010183814907027517,3,767,103,870,0.4595953525641026,0.296551724137931
3154,2227,1,0,8.408114976450803e-05,3,768,103,871,0.4595953525641026,0.296551724137931
3155,2276,1,0,5.299241655969606e-05,3,769,103,872,0.45305869385505654,0.2896551724137931
3156,2279,1,1,0.9983879009166208,3,769,103,872,0.4595953525641026,0.296551724137931
3157,2312,1,1,0.9999935678426881,3,769,103,872,0.4595953525641026,0.296551724137931
3158,2315,1,0,0.00016664674654216294,3,770,103,873,0.4595953525641026,0.296551724137931
3159,2356,1,0,8.187985935015625e-05,3,771,103,874,0.4595953525641026,0.296551724137931
3160,2374,1,0,0.00213757848537802,3,772,103,875,0.4595953525641026,0.296551724137931
3161,2410,1,0,0.037898575310070175,3,773,103,876,0.4595953525641026,0.296551724137931
3162,2512,0,0,0.0027805588801174453,3,773,103,876,0.4635186252160625,0.2986111111111111
3163,2518,0,0,0.012105739685224024,3,773,103,876,0.4674887218045113,0.3006993006993007
3164,2628,0,0,0.0006853637030875411,3,773,103,876,0.471504802026129,0.3028169014084507
3165,2763,0,0,6.717966905070063e-05,3,773,103,876,0.47556603773584905,0.3049645390070922
3166,2804,0,0,0.003872553104208176,3,773,103,876,0.47967161256307905,0.30714285714285716
3167,2812,0,0,0.0025162726282090186,3,773,103,876,0.483820721535524,0.30935251798561153
3168,2845,0,0,1.5806802448043114e-05,3,773,103,876,0.4880125707102452,0.3115942028985507
3169,2887,0,0,8.548196521415537e-06,3,773,103,876,0.4922463768115942,0.31386861313868614
3170,3351,0,0,1.881350320166459e-05,3,773,103,876,0.4965213668756768,0.3161764705882353
3171,3396,0,0,7.664155945034166e-05,3,773,103,876,0.500836777900998,0.31851851851851853
3172,3404,0,0,3.0067530571635418e-06,3,773,103,876,0.4986666666666666,0.31343283582089554
3173,3507,0,0,2.8730515065902778e-05,3,773,103,876,0.5030625142192675,0.3157894736842105
3174,3594,0,0,0.0007335625182541836,3,773,103,876,0.5074967101933394,0.3181818181818182
3175,3695,0,0,0.003865364030455539,3,773,103,876,0.5119685338603026,0.32061068702290074
3176,3917,0,0,3.0213207400871573e-05,3,773,103,876,0.5164772727272727,0.3230769230769231
3177,3960,0,0,0.00011447008388621807,3,773,103,876,0.5144522429050962,0.3178294573643411
3178,4002,0,0,0.0003558375548305137,3,773,103,876,0.5190354205393293,0.3203125
3179,4015,0,0,0.41291553105869266,3,773,103,876,0.5236536107711138,0.3228346456692913
3180,4437,0,0,3.38010663476148e-05,3,773,103,876,0.5283061365203402,0.3253968253968254
3181,4598,0,0,8.12413257135948e-05,3,773,103,876,0.5329923273657289,0.328
3182,4713,0,0,0.00022978228089215978,3,773,103,876,0.5377115192499808,0.33064516129032256
3183,4773,0,0,7.919717820898811e-05,3,773,103,876,0.5424630541871921,0.3333333333333333
3184,4851,0,0,0.40636793972302515,3,773,103,876,0.5406425702811245,0.32786885245901637
3185,4948,0,0,0.00010300327240189922,3,773,103,876,0.5454609929078015,0.3305785123966942
3186,4978,0,0,0.00014182588669438016,3,773,103,876,0.5503100454733361,0.3333333333333333
3187,6,1,0,0.0004502421953396982,3,774,103,877,0.5503100454733361,0.3333333333333333
3188,36,1,0,9.210050340385807e-05,3,775,103,878,0.5503100454733361,0.3333333333333333
3189,45,1,0,0.005160618482272715,3,776,103,879,0.5503100454733361,0.3333333333333333
3190,52,1,1,0.9320159891093589,3,776,103,879,0.5569052224371372,0.3416666666666667
3191,102,1,0,0.0003239500571144981,3,777,103,880,0.5569052224371372,0.3416666666666667
3192,163,1,0,0.015044752271674807,3,778,103,881,0.5569052224371372,0.3416666666666667
3193,175,1,0,0.06456475787153844,3,779,103,882,0.5569052224371372,0.3416666666666667
3194,197,1,0,0.00012652137155045662,3,780,103,883,0.5569052224371372,0.3416666666666667
3195,200,1,0,0.00010958328277480147,3,781,103,884,0.5569052224371372,0.3416666666666667
3196,254,1,0,0.002514189436832902,3,782,103,885,0.5569052224371372,0.3416666666666667
3197,257,1,0,0.01880011831621323,3,783,103,886,0.5503100454733361,0.3333333333333333
3198,274,1,0,0.009224336989132147,3,784,103,887,0.5503100454733361,0.3333333333333333
3199,276,1,0,0.0005257915639378449,3,785,103,888,0.5503100454733361,0.3333333333333333
3200,326,1,0,0.0003104907499485115,3,786,103,889,0.5454609929078015,0.3305785123966942
3201,337,1,0,0.000428535998769228,3,787,103,890,0.5406425702811245,0.32786885245901637
3202,348,1,0,0.0029782543204254076,3,788,103,891,0.5358554136362469,0.3252032520325203
3203,363,1,1,0.9802106332270658,3,788,103,891,0.5377115192499808,0.33064516129032256
3204,466,1,1,0.9184578001728502,3,788,103,891,0.5395502949513522,0.336
3205,556,1,0,0.0004955123309524025,3,789,103,892,0.5348674010607916,0.3333333333333333
3206,569,1,1,0.997830555080021,3,789,103,892,0.536726680907334,0.33858267716535434
3207,581,1,0,0.00032369356504861543,3,790,103,893,0.5321142857142857,0.3359375
3208,605,1,0,0.000369399665180223,3,791,103,894,0.527536525974026,0.3333333333333333
3209,641,1,1,0.9970785102206322,3,791,103,894,0.5294564227148497,0.3384615384615385
3210,686,1,0,7.785315754464328e-05,3,792,103,895,0.5249523496549457,0.33587786259541985
3211,718,1,0,0.3462587810116599,3,793,103,896,0.5204848484848484,0.3333333333333333
3212,735,1,0,0.005148027300691349,3,794,103,897,0.5160546431544691,0.3308270676691729
3213,758,1,1,0.6760239519877538,3,794,103,897,0.5180796252927401,0.3358208955223881
3214,785,1,1,0.9975194701324313,3,794,103,897,0.5200942803268385,0.34074074074074073
3215,792,1,1,0.9913016125597388,3,794,103,897,0.5260858205205508,0.34558823529411764
3216,793,1,0,0.0003926312125382394,3,795,103,898,0.5217963395345335,0.34306569343065696
3217,833,1,0,6.952724344866196e-05,3,796,103,899,0.5175471698113208,0.34057971014492755
3218,869,1,0,0.071649170936995,3,797,103,900,0.513339100779859,0.3381294964028777
3219,890,1,1,0.9468293312116446,3,797,103,900,0.5154688243693479,0.34285714285714286
3220,892,1,0,0.23498208941795976,3,798,103,901,0.5113461538461539,0.3404255319148936
3221,894,1,0,0.010309363834780693,3,799,103,902,0.5072669019548948,0.3380281690140845
3222,922,1,0,6.772490643736103e-05,3,800,103,903,0.5070969437561011,0.3356643356643357
3223,939,1,0,0.00018369425898366574,3,801,103,904,0.5030847762986689,0.3333333333333333
3224,942,1,0,0.056109027649467416,3,802,103,905,0.4991181988742964,0.3310344827586207
3225,955,1,0,0.0005470735110968169,3,803,103,906,0.4951980792316927,0.3287671232876712
3226,973,1,1,0.9999408228284797,3,803,103,906,0.49759975997599765,0.3333333333333333
3227,997,1,0,1.3752170163203672e-06,3,804,103,907,0.4937753443836096,0.3310810810810811
3228,1034,1,0,0.021067033362301965,3,805,103,908,0.49,0.3288590604026846
3229,1039,1,0,0.45161962571298675,3,806,103,909,0.4862746568664217,0.32666666666666666
3230,1045,1,1,0.9928584593201932,3,806,103,909,0.4888247355655022,0.33112582781456956
3231,1105,1,1,0.9990251296408398,3,806,103,909,0.4913771106941839,0.3355263157894737
3232,1189,1,1,0.5688071993609949,3,806,103,909,0.4939333183149358,0.33986928104575165
3233,1192,1,0,0.002523269071159498,3,807,103,910,0.49041666666666667,0.33766233766233766
3234,1204,1,0,0.005048671863560253,3,808,103,911,0.490625,0.33548387096774196
3235,1247,1,0,1.0882633019565584e-07,3,809,103,912,0.4871915629149026,0.3333333333333333
3236,1248,1,0,1.6519643181481787e-05,3,810,103,913,0.4838145363408522,0.33121019108280253
3237,1276,1,0,0.0016597414518374212,3,811,103,914,0.4804949973670352,0.3291139240506329
3238,1283,1,0,0.0008946611100163764,3,812,103,915,0.4772340425531915,0.3270440251572327
3239,1358,1,0,0.1818690192740297,3,813,103,916,0.47403278853154585,0.325
3240,1370,1,0,0.2696589904743799,3,814,103,917,0.4708923726258668,0.32298136645962733
3241,1432,1,0,0.12357360105899878,3,815,103,918,0.46781395348837207,0.32098765432098764
3242,1443,1,0,0.3177336855297384,3,816,103,919,0.4647987117552335,0.31901840490797545
3243,1493,1,0,0.026277150577616613,3,817,103,920,0.46184785072146256,0.3170731707317073
3244,1534,1,0,5.763774283849599e-05,3,818,103,921,0.45896259703599157,0.3151515151515151
3245,1554,1,1,0.9946051978386293,3,818,103,921,0.4622424242424243,0.3192771084337349
3246,1570,1,1,0.9499929448547213,3,818,103,921,0.4655420589128454,0.32335329341317365
3247,1609,1,1,0.805297156398855,3,818,103,921,0.4688636363636364,0.3273809523809524
3248,1641,1,0,0.09029575377330143,3,819,103,922,0.46625396825396825,0.3254437869822485
3249,1711,1,1,0.6614876642237983,3,819,103,922,0.4729630759841318,0.32941176470588235
3250,1750,1,0,5.567676166020847e-05,3,820,103,923,0.47046293702732295,0.32748538011695905
3251,1757,1,0,0.030446275601298284,3,821,103,924,0.4680375356997144,0.32558139534883723
3252,1788,1,0,5.329159248579327e-05,3,822,103,925,0.4656883475063204,0.3236994219653179
3253,1816,1,1,0.9943031427882937,3,822,103,925,0.46935064935064935,0.3275862068965517
3254,1825,1,1,0.9914779567803631,3,822,103,925,0.47304746729716535,0.3314285714285714
3255,1856,1,0,0.06627524423920107,3,823,103,926,0.47304746729716535,0.3314285714285714
3256,1860,1,1,0.9999843543676209,3,823,103,926,0.4788899186489548,0.33714285714285713
3257,1867,1,0,0.009854552613927037,3,824,103,927,0.4788899186489548,0.33714285714285713
3258,1962,1,0,0.4022249140990197,3,825,103,928,0.47304746729716535,0.3314285714285714
3259,1972,1,0,0.01620430383249372,3,826,103,929,0.4671592775041051,0.32571428571428573
3260,1981,1,0,0.013972002807301983,3,827,103,930,0.4671592775041051,0.32571428571428573
3261,1985,1,0,0.02459342325403504,3,828,103,931,0.4671592775041051,0.32571428571428573
3262,2017,1,0,0.016363748781987392,3,829,103,932,0.4612246727631343,0.32
3263,2062,1,1,0.9802106331582513,3,829,103,932,0.4671592775041051,0.32571428571428573
3264,2089,1,0,0.014846333935391611,3,830,103,933,0.4612246727631343,0.32
3265,2093,1,0,0.0004955123628616555,3,831,103,934,0.4612246727631343,0.32
3266,2137,1,0,0.007903381398930374,3,832,103,935,0.4612246727631343,0.32
3267,2152,1,0,0.007100782926479117,3,833,103,936,0.4612246727631343,0.32
3268,2249,1,0,6.028667857886975e-06,3,834,103,937,0.4612246727631343,0.32
3269,2261,1,0,0.0012037887212900278,3,835,103,938,0.4612246727631343,0.32
3270,2295,1,0,0.00037524971012323823,3,836,103,939,0.4612246727631343,0.32
3271,2297,1,1,0.9695926954265555,3,836,103,939,0.4671592775041051,0.32571428571428573
3272,2339,1,1,0.991484769501231,3,836,103,939,0.47304746729716535,0.3314285714285714
3273,2348,1,0,2.0447426104525232e-05,3,837,103,940,0.47304746729716535,0.3314285714285714
3274,2351,1,0,0.0021639012455069917,3,838,103,941,0.47304746729716535,0.3314285714285714
3275,2366,1,0,0.003156937734462517,3,839,103,942,0.47304746729716535,0.3314285714285714
3276,2376,1,0,0.019888686376442172,3,840,103,943,0.47304746729716535,0.3314285714285714
3277,2388,1,1,0.898115554636683,3,840,103,943,0.47304746729716535,0.3314285714285714
3278,2412,1,0,0.003540761167377329,3,841,103,944,0.47304746729716535,0.3314285714285714
3279,2416,1,0,0.001789178386756528,3,842,103,945,0.4671592775041051,0.32571428571428573
3280,2432,1,0,0.37307146102967714,3,843,103,946,0.4671592775041051,0.32571428571428573
3281,2443,1,0,0.008384147950683287,3,844,103,947,0.4671592775041051,0.32571428571428573
3282,2461,1,0,0.011887073950981061,3,845,103,948,0.4671592775041051,0.32571428571428573
3283,2483,1,0,0.026230705306059122,3,846,103,949,0.4671592775041051,0.32571428571428573
3284,30,1,1,0.5122865376137057,3,846,103,949,0.47304746729716535,0.3314285714285714
3285,35,1,1,0.99959217354343,3,846,103,949,0.4788899186489548,0.33714285714285713
3286,50,1,0,0.29882763356302816,3,847,103,950,0.47304746729716535,0.3314285714285714
3287,75,1,0,0.07835915549476564,3,848,103,951,0.4671592775041051,0.32571428571428573
3288,129,1,1,0.9999404647659292,3,848,103,951,0.47304746729716535,0.3314285714285714
3289,141,1,1,0.9965337975728741,3,848,103,951,0.47304746729716535,0.3314285714285714
3290,198,1,1,0.7163086486124222,3,848,103,951,0.4788899186489548,0.33714285714285713
3291,202,1,0,0.14650056154208396,3,849,103,952,0.4788899186489548,0.33714285714285713
3292,271,1,0,3.2728253892009226e-05,3,850,103,953,0.4788899186489548,0.33714285714285713
3293,331,1,1,0.5658846607469744,3,850,103,953,0.48468729851708575,0.34285714285714286
3294,342,1,1,0.997751529738589,3,850,103,953,0.49044026457213724,0.3485714285714286
3295,360,1,1,0.9908262625539549,3,850,103,953,0.4961494654552044,0.35428571428571426
3296,372,1,0,1.1786565566942993e-06,3,851,103,954,0.4961494654552044,0.35428571428571426
3297,412,1,0,0.04391037417984087,3,852,103,955,0.49044026457213724,0.3485714285714286
3298,429,1,0,8.334574079034279e-05,3,853,103,956,0.48468729851708575,0.34285714285714286
3299,494,1,1,0.7640526134768473,3,853,103,956,0.49044026457213724,0.3485714285714286
3300,499,1,0,2.7506654166758164e-05,3,854,103,957,0.48468729851708575,0.34285714285714286
3301,503,1,1,0.9905495436007702,3,854,103,957,0.48468729851708575,0.34285714285714286
3302,594,1,0,0.00013673597806496734,3,855,103,958,0.4788899186489548,0.33714285714285713
3303,620,1,0,0.000836512222181986,3,856,103,959,0.47304746729716535,0.3314285714285714
3304,660,1,0,0.03774604205563734,3,857,103,960,0.4671592775041051,0.32571428571428573
3305,662,1,0,0.009611036144548713,3,858,103,961,0.4671592775041051,0.32571428571428573
3306,673,1,1,0.999941772255236,3,858,103,961,0.4671592775041051,0.32571428571428573
3307,682,1,0,0.000520592797942943,3,859,103,962,0.4671592775041051,0.32571428571428573
3308,702,1,1,0.9814779157007504,3,859,103,962,0.4671592775041051,0.32571428571428573
3309,708,1,0,0.02437852441740368,3,860,103,963,0.4612246727631343,0.32
3310,722,1,0,8.485326294312843e-05,3,861,103,964,0.4552429667519182,0.3142857142857143
3311,741,1,1,0.9975986497726039,3,861,103,964,0.4552429667519182,0.3142857142857143
3312,749,1,0,0.0003104907340373497,3,862,103,965,0.4552429667519182,0.3142857142857143
3313,789,1,0,9.90151979588705e-05,3,863,103,966,0.4552429667519182,0.3142857142857143
3314,840,1,1,0.9902458726787619,3,863,103,966,0.4552429667519182,0.3142857142857143
3315,874,1,0,0.00024691000298925644,3,864,103,967,0.4492134630608544,0.30857142857142855
3316,896,1,1,0.9964244401734486,3,864,103,967,0.4552429667519182,0.3142857142857143
3317,946,1,1,0.9998995012151115,3,864,103,967,0.4612246727631343,0.32
3318,947,1,1,0.8852679985340568,3,864,103,967,0.4612246727631343,0.32
3319,952,1,1,0.8926215331837168,3,864,103,967,0.4671592775041051,0.32571428571428573
3320,972,1,1,0.9490257536806685,3,864,103,967,0.47304746729716535,0.3314285714285714
3321,991,1,1,0.6957538371432238,3,864,103,967,0.47304746729716535,0.3314285714285714
3322,1013,1,0,4.321639843397012e-05,3,865,103,968,0.4671592775041051,0.32571428571428573
3323,1069,1,0,0.00015593599728971265,3,866,103,969,0.4612246727631343,0.32
3324,1076,1,1,0.9734737791638692,3,866,103,969,0.4671592775041051,0.32571428571428573
3325,1100,1,0,0.0010641580229374227,3,867,103,970,0.4612246727631343,0.32
3326,1118,1,1,0.9921900921640712,3,867,103,970,0.4671592775041051,0.32571428571428573
3327,1121,1,1,0.9342509952981106,3,867,103,970,0.47304746729716535,0.3314285714285714
3328,1133,1,1,0.9913154288041796,3,867,103,970,0.4788899186489548,0.33714285714285713
3329,1146,1,0,0.42501857365070456,3,868,103,971,0.4788899186489548,0.33714285714285713
3330,1147,1,0,8.689944555804884e-05,3,869,103,972,0.47304746729716535,0.3314285714285714
3331,1210,1,1,0.9957866572001102,3,869,103,972,0.4788899186489548,0.33714285714285713
3332,1211,1,1,0.6781888075630063,3,869,103,972,0.4788899186489548,0.33714285714285713
3333,1220,1,0,0.0003942078338793166,3,870,103,973,0.47304746729716535,0.3314285714285714
3334,1304,1,0,1.0258605280050911e-05,3,871,103,974,0.47304746729716535,0.3314285714285714
3335,1325,1,1,0.9575152638900475,3,871,103,974,0.4788899186489548,0.33714285714285713
3336,1346,1,0,0.00017828761563488748,3,872,103,975,0.47304746729716535,0.3314285714285714
3337,1385,1,1,0.9983099647198669,3,872,103,975,0.4788899186489548,0.33714285714285713
3338,1401,1,0,0.00010666868039743992,3,873,103,976,0.47304746729716535,0.3314285714285714
3339,1411,1,0,0.01757308411903234,3,874,103,977,0.47304746729716535,0.3314285714285714
3340,1453,1,0,0.003234617358297939,3,875,103,978,0.47304746729716535,0.3314285714285714
3341,1480,1,1,0.7422965331483227,3,875,103,978,0.4788899186489548,0.33714285714285713
3342,1491,1,0,2.246052487792286e-06,3,876,103,979,0.47304746729716535,0.3314285714285714
3343,1565,1,0,0.03744770610106172,3,877,103,980,0.47304746729716535,0.3314285714285714
3344,1568,1,0,0.049702734321243114,3,878,103,981,0.47304746729716535,0.3314285714285714
3345,1571,1,1,0.9999682040592265,3,878,103,981,0.4788899186489548,0.33714285714285713
3346,1578,1,0,0.002311700531678394,3,879,103,982,0.47304746729716535,0.3314285714285714
3347,1614,1,1,0.9992418201991871,3,879,103,982,0.4788899186489548,0.33714285714285713
3348,1669,1,1,0.8082434143487548,3,879,103,982,0.48468729851708575,0.34285714285714286
3349,1679,1,0,0.48983603452951024,3,880,103,983,0.48468729851708575,0.34285714285714286
3350,1793,1,0,0.04553141619509879,3,881,103,984,0.4788899186489548,0.33714285714285713
3351,1847,1,0,0.0006952872642550452,3,882,103,985,0.47304746729716535,0.3314285714285714
3352,1863,1,0,0.00011562821821519205,3,883,103,986,0.47304746729716535,0.3314285714285714
3353,1883,1,0,0.0011990736211608967,3,884,103,987,0.47304746729716535,0.3314285714285714
3354,1887,1,1,0.9931167370714763,3,884,103,987,0.4788899186489548,0.33714285714285713
3355,1943,1,1,0.9995888432961447,3,884,103,987,0.48468729851708575,0.34285714285714286
3356,1953,1,0,0.10547645767033872,3,885,103,988,0.4788899186489548,0.33714285714285713
3357,1954,1,0,8.735026526428678e-05,3,886,103,989,0.47304746729716535,0.3314285714285714
3358,1960,1,1,0.827316208590235,3,886,103,989,0.4788899186489548,0.33714285714285713
3359,1968,1,1,0.9894187730722287,3,886,103,989,0.48468729851708575,0.34285714285714286
3360,1983,1,0,0.0009340074530432,3,887,103,990,0.48468729851708575,0.34285714285714286
3361,2008,1,1,0.8118649443412153,3,887,103,990,0.49044026457213724,0.3485714285714286
3362,2010,1,0,0.0027394390768029175,3,888,103,991,0.4883332039036008,0.3465909090909091
3363,2037,1,1,0.7429646546218458,3,888,103,991,0.49202032277346086,0.3502824858757062
3364,2038,1,1,0.9714688617168921,3,888,103,991,0.49575145489182915,0.3539325842696629
3365,2054,1,0,0.00010593245176376214,3,889,103,992,0.4939031279422534,0.35195530726256985
3366,2092,1,0,0.2364988530942653,3,890,103,993,0.4921443736730361,0.35
3367,2140,1,1,0.9887157736542405,3,890,103,993,0.49610664911125746,0.35359116022099446
3368,2143,1,0,0.00043106243191804014,3,891,103,994,0.4945348959983107,0.3516483516483517
3369,2168,1,0,0.0026961472952864197,3,892,103,995,0.4930589293747188,0.34972677595628415
3370,2178,1,1,0.9999602358967589,3,892,103,995,0.4972749275246683,0.3532608695652174
3371,2190,1,0,1.1935129197618926e-06,3,893,103,996,0.496,0.35135135135135137
3372,2191,1,1,0.5892675513575354,3,893,103,996,0.5003861003861004,0.3548387096774194
3373,2210,1,1,0.9236401935647861,3,893,103,996,0.5048430590011865,0.3582887700534759
3374,2218,1,0,0.001490978551325242,3,894,103,997,0.5038918187964841,0.35638297872340424
3375,2269,1,1,0.9880255935160834,3,894,103,997,0.5085393594732116,0.35978835978835977
3376,2338,1,0,0.016513108623445863,3,895,103,998,0.5078174473195765,0.35789473684210527
3377,2353,1,1,0.8263077286832401,3,895,103,998,0.5126703296703297,0.3612565445026178
3378,2379,1,1,0.7468574658049548,3,895,103,998,0.5176147803960616,0.3645833333333333
3379,2389,1,1,0.9997524591138623,3,895,103,998,0.5226559714795008,0.36787564766839376
3380,2399,1,0,0.0032547002337766444,3,896,103,999,0.5224402515723271,0.36597938144329895
3381,2408,1,0,0.04754694342857875,3,897,103,1000,0.5223543934463023,0.3641025641025641
3382,2441,1,0,6.509240237877966e-06,3,898,103,1001,0.522401509391456,0.3622448979591837
3383,2459,1,0,0.14104322020169022,3,899,103,1002,0.5225848032564451,0.3604060913705584
3384,2469,1,1,0.9854569440295877,3,899,103,1002,0.5283076923076923,0.36363636363636365
3385,2485,1,0,0.00030739031920284455,3,900,103,1003,0.5287860064647159,0.36180904522613067
3386,2491,1,1,0.9965361659674629,3,900,103,1003,0.5347985347985348,0.365
3387,3,1,0,5.880039522025247e-05,3,901,103,1004,0.5347985347985348,0.365
3388,108,1,0,0.14684920703870763,3,902,103,1005,0.5347985347985348,0.365
3389,147,1,0,3.061747469409477e-05,3,903,103,1006,0.5347985347985348,0.365
3390,153,1,0,0.0033053036983873136,3,904,103,1007,0.5294117647058824,0.36
3391,170,1,0,0.03228270716743863,3,905,103,1008,0.5294117647058824,0.36
3392,177,1,1,0.9999930710339122,3,905,103,1008,0.5347985347985348,0.365
3393,201,1,0,1.1412527798939803e-06,3,906,103,1009,0.5347985347985348,0.365
3394,232,1,0,0.00020627618699440493,3,907,103,1010,0.5347985347985348,0.365
3395,281,1,0,0.00682020239831922,3,908,103,1011,0.5347985347985348,0.365
3396,344,1,0,0.03472788776742024,3,909,103,1012,0.5347985347985348,0.365
3397,351,1,1,0.6158773705097343,3,909,103,1012,0.5401459854014599,0.37
3398,366,1,1,0.9991942757128411,3,909,103,1012,0.5454545454545454,0.375
3399,421,1,0,0.016147862571795398,3,910,103,1013,0.5454545454545454,0.375
3400,470,1,0,0.007430181408434358,3,911,103,1014,0.5454545454545454,0.375
3401,491,1,0,0.24560715658264648,3,912,103,1015,0.5454545454545454,0.375
3402,590,1,1,0.9927118986847528,3,912,103,1015,0.5507246376811594,0.38
3403,679,1,0,0.0005830345820353536,3,913,103,1016,0.5454545454545454,0.375
3404,705,1,1,0.8226014947385631,3,913,103,1016,0.5454545454545454,0.375
3405,709,1,0,9.863074132333874e-06,3,914,103,1017,0.5454545454545454,0.375
3406,724,1,1,0.999997582181411,3,914,103,1017,0.5454545454545454,0.375
3407,725,1,0,0.036333246581599594,3,915,103,1018,0.5454545454545454,0.375
3408,729,1,1,0.8226014045261201,3,915,103,1018,0.5507246376811594,0.38
3409,770,1,1,0.9829807369731487,3,915,103,1018,0.5507246376811594,0.38
3410,777,1,1,0.8941875279731698,3,915,103,1018,0.555956678700361,0.385
3411,813,1,1,0.9420615822792914,3,915,103,1018,0.5611510791366906,0.39
3412,841,1,0,0.017106946261227378,3,916,103,1019,0.5611510791366906,0.39
3413,926,1,1,0.9958461736596474,3,916,103,1019,0.5611510791366906,0.39
3414,983,1,1,0.9858946932997498,3,916,103,1019,0.5611510791366906,0.39
3415,1015,1,0,0.00026916375263439355,3,917,103,1020,0.555956678700361,0.385
3416,1040,1,1,0.6649785412737947,3,917,103,1020,0.5611510791366906,0.39
3417,1043,1,0,5.34629687024889e-06,3,918,103,1021,0.5611510791366906,0.39
3418,1059,1,1,0.9999983777919389,3,918,103,1021,0.5663082437275986,0.395
3419,1071,1,1,0.6649785408839521,3,918,103,1021,0.5663082437275986,0.395
3420,1077,1,0,0.0023225578934761588,3,919,103,1022,0.5663082437275986,0.395
3421,1101,1,1,0.958391283403785,3,919,103,1022,0.5714285714285714,0.4
3422,1123,1,1,0.9963417716886735,3,919,103,1022,0.5765124555160143,0.405
3423,1138,1,1,0.5650170677575322,3,919,103,1022,0.5815602836879432,0.41
3424,1176,1,1,0.9993117270342716,3,919,103,1022,0.5865724381625441,0.415
3425,1193,1,0,0.0027447664382465914,3,920,103,1023,0.5865724381625441,0.415
3426,1197,1,0,0.0007094187327870681,3,921,103,1024,0.5815602836879432,0.41
3427,1256,1,0,0.003580734708183917,3,922,103,1025,0.5815602836879432,0.41
3428,1259,1,1,0.7304740180959934,3,922,103,1025,0.5865724381625441,0.415
3429,1262,1,0,0.01491939005633272,3,923,103,1026,0.5865724381625441,0.415
3430,1285,1,0,0.09967509577072582,3,924,103,1027,0.5815602836879432,0.41
3431,1303,1,0,1.6796127416033955e-05,3,925,103,1028,0.5765124555160143,0.405
3432,1356,1,0,5.672593847437781e-07,3,926,103,1029,0.5714285714285714,0.4
3433,1361,1,0,0.00034037178813770604,3,927,103,1030,0.5714285714285714,0.4
3434,1372,1,0,0.04123721471966988,3,928,103,1031,0.5714285714285714,0.4
3435,1410,1,0,0.02105276389073413,3,929,103,1032,0.5714285714285714,0.4
3436,1423,1,1,0.5590043697643351,3,929,103,1032,0.5765124555160143,0.405
3437,1431,1,0,0.2051988265156712,3,930,103,1033,0.5765124555160143,0.405
3438,1447,1,0,0.0027564528597321426,3,931,103,1034,0.5765124555160143,0.405
3439,1458,1,0,0.00015772168647978672,3,932,103,1035,0.5765124555160143,0.405
3440,1481,1,0,0.02119642246297155,3,933,103,1036,0.5765124555160143,0.405
3441,1505,1,0,0.1165160932018147,3,934,103,1037,0.5765124555160143,0.405
3442,1543,1,1,0.7813419096361017,3,934,103,1037,0.5815602836879432,0.41
3443,1561,1,0,0.004843572127227154,3,935,103,1038,0.5815602836879432,0.41
3444,1562,1,1,0.9999980225487689,3,935,103,1038,0.5865724381625441,0.415
3445,1564,1,0,0.16001573206562789,3,936,103,1039,0.5815602836879432,0.41
3446,1574,1,1,0.8057281240437192,3,936,103,1039,0.5815602836879432,0.41
3447,1590,1,0,0.005671306527784395,3,937,103,1040,0.5765124555160143,0.405
3448,1624,1,0,7.62008027211282e-05,3,938,103,1041,0.5765124555160143,0.405
3449,1630,1,0,0.0001880685318075647,3,939,103,1042,0.5714285714285714,0.4
3450,1639,1,0,0.0001221256404419927,3,940,103,1043,0.5714285714285714,0.4
3451,1644,1,0,0.001320245230592179,3,941,103,1044,0.5714285714285714,0.4
3452,1645,1,0,5.268091830568466e-05,3,942,103,1045,0.5714285714285714,0.4
3453,1698,1,0,0.10238897581369184,3,943,103,1046,0.5663082437275986,0.395
3454,1712,1,0,0.0009863518939416368,3,944,103,1047,0.5611510791366906,0.39
3455,1726,1,1,0.9939840627696649,3,944,103,1047,0.5663082437275986,0.395
3456,1760,1,0,0.021429690198985805,3,945,103,1048,0.5611510791366906,0.39
3457,1762,1,0,0.00037067134953126525,3,946,103,1049,0.5611510791366906,0.39
3458,1808,1,0,0.003999307561019291,3,947,103,1050,0.5611510791366906,0.39
3459,1809,1,0,0.005541676479622631,3,948,103,1051,0.5611510791366906,0.39
3460,1839,1,1,0.9982421830375464,3,948,103,1051,0.5663082437275986,0.395
3461,1868,1,0,0.03179233463879326,3,949,103,1052,0.5663082437275986,0.395
3462,1894,1,1,0.9952967696434536,3,949,103,1052,0.5714285714285714,0.4
3463,1899,1,0,0.04386836411279876,3,950,103,1053,0.5663082437275986,0.395
3464,1925,1,0,0.007889350989947993,3,951,103,1054,0.5663082437275986,0.395
3465,1938,1,0,3.32026321323557e-06,3,952,103,1055,0.5663082437275986,0.395
3466,2073,1,0,0.0068202023979894695,3,953,103,1056,0.5663082437275986,0.395
3467,2097,1,0,6.0333234564305127e-05,3,954,103,1057,0.5663082437275986,0.395
3468,2103,1,0,0.1834189874719111,3,955,103,1058,0.5663082437275986,0.395
3469,2110,1,0,0.04149511077358618,3,956,103,1059,0.5663082437275986,0.395
3470,2132,1,0,0.0008602675579158377,3,957,103,1060,0.5663082437275986,0.395
3471,2158,1,0,5.2210816619411994e-06,3,958,103,1061,0.5611510791366906,0.39
3472,2184,1,0,0.000931816336058424,3,959,103,1062,0.555956678700361,0.385
3473,2235,1,0,0.0064070962603195655,3,960,103,1063,0.555956678700361,0.385
3474,2256,1,0,0.01594357090211451,3,961,103,1064,0.555956678700361,0.385
3475,2277,1,1,0.8064031913220209,3,961,103,1064,0.5611510791366906,0.39
3476,2375,1,0,0.043868365308581035,3,962,103,1065,0.5611510791366906,0.39
3477,2381,1,1,0.9379444866229445,3,962,103,1065,0.5611510791366906,0.39
3478,2382,1,0,0.001020891699447601,3,963,103,1066,0.5611510791366906,0.39
3479,2435,1,0,0.001020891699447601,3,964,103,1067,0.5611510791366906,0.39
3480,2479,1,0,0.00047229988967165316,3,965,103,1068,0.5611510791366906,0.39
3481,25,1,0,0.2638052219329168,3,966,103,1069,0.5611510791366906,0.39
3482,77,1,1,0.989084196991905,3,966,103,1069,0.5663082437275986,0.395
3483,80,1,0,0.0001266810799321304,3,967,103,1070,0.5663082437275986,0.395
3484,135,1,0,0.0027739611647331834,3,968,103,1071,0.5611510791366906,0.39
3485,178,1,0,0.00037067130163845146,3,969,103,1072,0.555956678700361,0.385
3486,216,1,0,0.008914622115577184,3,970,103,1073,0.555956678700361,0.385
3487,244,1,0,4.679824505676123e-05,3,971,103,1074,0.555956678700361,0.385
3488,264,1,1,0.874989677715922,3,971,103,1074,0.555956678700361,0.385
3489,266,1,0,0.042868488576001486,3,972,103,1075,0.5507246376811594,0.38
3490,339,1,0,0.32660086504074515,3,973,103,1076,0.5454545454545454,0.375
3491,371,1,1,0.9990993107064875,3,973,103,1076,0.5507246376811594,0.38
3492,378,1,1,0.7853397790872041,3,973,103,1076,0.555956678700361,0.385
3493,512,1,0,0.03302432214486272,3,974,103,1077,0.5507246376811594,0.38
3494,548,1,0,0.0019148744219708669,3,975,103,1078,0.5454545454545454,0.375
3495,554,1,1,0.5226204426587604,3,975,103,1078,0.5454545454545454,0.375
3496,579,1,1,0.5552699903704342,3,975,103,1078,0.5507246376811594,0.38
3497,639,1,1,0.9219897248757004,3,975,103,1078,0.555956678700361,0.385
3498,652,1,0,0.04004618239458649,3,976,103,1079,0.555956678700361,0.385
3499,672,1,1,0.9897613862599284,3,976,103,1079,0.555956678700361,0.385
3500,719,1,0,0.21559558442879292,3,977,103,1080,0.555956678700361,0.385
3501,794,1,0,1.8308079381596728e-06,3,978,103,1081,0.5507246376811594,0.38
3502,806,1,0,3.893935930631294e-05,3,979,103,1082,0.5507246376811594,0.38
3503,879,1,0,0.08584365442258476,3,980,103,1083,0.5507246376811594,0.38
3504,918,1,0,0.0492647702964354,3,981,103,1084,0.5507246376811594,0.38
3505,976,1,0,5.531102338246812e-05,3,982,103,1085,0.5507246376811594,0.38
3506,1173,1,0,3.8621299140687774e-07,3,983,103,1086,0.5454545454545454,0.375
3507,1179,1,0,0.0009252154511853891,3,984,103,1087,0.5454545454545454,0.375
3508,1270,1,1,0.8749896876359023,3,984,103,1087,0.5454545454545454,0.375
3509,1286,1,1,0.9837436964519667,3,984,103,1087,0.5507246376811594,0.38
3510,1289,1,1,0.8876758113337794,3,984,103,1087,0.555956678700361,0.385
3511,1296,1,0,0.011510910271524503,3,985,103,1088,0.5507246376811594,0.38
3512,1305,1,0,0.3245607972623093,3,986,103,1089,0.5507246376811594,0.38
3513,1395,1,1,0.9886176828526219,3,986,103,1089,0.555956678700361,0.385
3514,1398,1,0,0.00011121695570966738,3,987,103,1090,0.5507246376811594,0.38
3515,1492,1,0,0.07303801393267645,3,988,103,1091,0.5507246376811594,0.38
3516,1531,1,0,0.000197902197861387,3,989,103,1092,0.5454545454545454,0.375
3517,1633,1,0,0.032513105778924946,3,990,103,1093,0.5401459854014599,0.37
3518,1646,1,1,0.9900834254250952,3,990,103,1093,0.5401459854014599,0.37
3519,1648,1,0,0.058975024385829626,3,991,103,1094,0.5347985347985348,0.365
3520,1723,1,0,0.0008546400046837047,3,992,103,1095,0.5294117647058824,0.36
3521,1724,1,1,0.8756746548542254,3,992,103,1095,0.5294117647058824,0.36
3522,1728,1,0,0.01196304035984739,3,993,103,1096,0.5294117647058824,0.36
3523,1741,1,0,0.00021194271961688077,3,994,103,1097,0.5294117647058824,0.36
3524,1772,1,0,0.0008199270403039935,3,995,103,1098,0.5239852398523985,0.355
3525,1780,1,0,0.0026778407133199542,3,996,103,1099,0.5239852398523985,0.355
3526,1798,1,0,0.00020796328515884988,3,997,103,1100,0.5185185185185185,0.35
3527,1813,1,1,0.9970715584439072,3,997,103,1100,0.5185185185185185,0.35
3528,1846,1,0,0.0002240252681065167,3,998,103,1101,0.5130111524163569,0.345
3529,1848,1,0,3.911814508655076e-05,3,999,103,1102,0.5130111524163569,0.345
3530,1902,1,0,0.0957335766598408,3,1000,103,1103,0.5130111524163569,0.345
3531,1924,1,0,0.00022151311162318908,3,1001,103,1104,0.5074626865671642,0.34
3532,1934,1,0,0.0004954702435699027,3,1002,103,1105,0.50187265917603,0.335
3533,1970,1,0,0.01629848965588409,3,1003,103,1106,0.50187265917603,0.335
3534,2049,1,1,0.9991997358138864,3,1003,103,1106,0.5074626865671642,0.34
3535,2075,1,0,0.016464433138436277,3,1004,103,1107,0.50187265917603,0.335
3536,2153,1,0,0.020579240960531972,3,1005,103,1108,0.50187265917603,0.335
3537,2163,1,1,0.9970482461631563,3,1005,103,1108,0.50187265917603,0.335
3538,2207,1,1,0.9950977321992299,3,1005,103,1108,0.5074626865671642,0.34
3539,2280,1,0,0.0004892311802728232,3,1006,103,1109,0.5074626865671642,0.34
3540,2294,1,0,0.11166976303586353,3,1007,103,1110,0.5074626865671642,0.34
3541,2321,1,0,0.02556357453968299,3,1008,103,1111,0.50187265917603,0.335
3542,2328,1,0,7.467573671554465e-05,3,1009,103,1112,0.50187265917603,0.335
3543,2347,1,1,0.7218369168458835,3,1009,103,1112,0.5074626865671642,0.34
3544,2494,1,1,0.9976066124525598,3,1009,103,1112,0.5130111524163569,0.345
3545,28,1,1,0.999831535950949,3,1009,103,1112,0.5130111524163569,0.345
3546,44,1,1,0.9558196061843948,3,1009,103,1112,0.5185185185185185,0.35
3547,67,1,0,5.679725853842744e-05,3,1010,103,1113,0.5130111524163569,0.345
3548,73,1,1,0.55999526235372,3,1010,103,1113,0.5130111524163569,0.345
3549,84,1,0,5.3684333059570655e-05,3,1011,103,1114,0.5130111524163569,0.345
3550,106,1,0,0.03644437278376436,3,1012,103,1115,0.5130111524163569,0.345
3551,109,1,1,0.9998884110964191,3,1012,103,1115,0.5185185185185185,0.35
3552,117,1,0,0.0005134278581308382,3,1013,103,1116,0.5185185185185185,0.35
3553,123,1,0,0.00042917710264217464,3,1014,103,1117,0.5185185185185185,0.35
3554,134,1,0,0.0004871277921502002,3,1015,103,1118,0.5130111524163569,0.345
3555,152,1,0,0.07519163872624299,3,1016,103,1119,0.5074626865671642,0.34
3556,162,1,1,0.9999738393381079,3,1016,103,1119,0.5130111524163569,0.345
3557,185,1,1,0.9999565668002556,3,1016,103,1119,0.5185185185185185,0.35
3558,210,1,0,0.0024467938523973116,3,1017,103,1120,0.5130111524163569,0.345
3559,214,1,1,0.9915219912952509,3,1017,103,1120,0.5130111524163569,0.345
3560,245,1,0,0.0038964282133406363,3,1018,103,1121,0.5130111524163569,0.345
3561,258,1,0,0.00016419823000518905,3,1019,103,1122,0.5074626865671642,0.34
3562,261,1,1,0.8458987203492566,3,1019,103,1122,0.5130111524163569,0.345
3563,270,1,0,0.0005135232234015064,3,1020,103,1123,0.5074626865671642,0.34
3564,291,1,0,0.0003499450323613362,3,1021,103,1124,0.50187265917603,0.335
3565,316,1,0,0.06148926930513672,3,1022,103,1125,0.50187265917603,0.335
3566,328,1,1,0.699017515898532,3,1022,103,1125,0.5074626865671642,0.34
3567,374,1,1,0.999928334431204,3,1022,103,1125,0.5074626865671642,0.34
3568,377,1,0,8.69713739000118e-05,3,1023,103,1126,0.5074626865671642,0.34
3569,387,1,0,0.00031437085457419636,3,1024,103,1127,0.5074626865671642,0.34
3570,419,1,1,0.7557137118848782,3,1024,103,1127,0.5074626865671642,0.34
3571,457,1,0,0.0036183887483621944,3,1025,103,1128,0.5074626865671642,0.34
3572,472,1,0,0.0001814788979008951,3,1026,103,1129,0.50187265917603,0.335
3573,492,1,0,0.13502929505832623,3,1027,103,1130,0.49624060150375937,0.33
3574,498,1,0,0.18524553424691198,3,1028,103,1131,0.49624060150375937,0.33
3575,507,1,0,0.12274454713816384,3,1029,103,1132,0.49056603773584906,0.325
3576,514,1,0,0.00022306392368180776,3,1030,103,1133,0.49056603773584906,0.325
3577,530,1,0,0.002678428814686925,3,1031,103,1134,0.48484848484848486,0.32
3578,533,1,0,0.040413519451930696,3,1032,103,1135,0.4790874524714829,0.315
3579,561,1,0,0.3319195046352629,3,1033,103,1136,0.47328244274809156,0.31
3580,602,1,0,0.0001903732093789552,3,1034,103,1137,0.47328244274809156,0.31
3581,688,1,1,0.7916425382560759,3,1034,103,1137,0.4790874524714829,0.315
3582,747,1,0,3.512533383617169e-06,3,1035,103,1138,0.4790874524714829,0.315
3583,761,1,0,2.6371353940022187e-05,3,1036,103,1139,0.4790874524714829,0.315
3584,782,1,1,0.9097215588472076,3,1036,103,1139,0.4790874524714829,0.315
3585,812,1,0,0.008583167236046206,3,1037,103,1140,0.4790874524714829,0.315
3586,815,1,1,0.9917049997897301,3,1037,103,1140,0.4790874524714829,0.315
3587,822,1,1,0.9085548697483821,3,1037,103,1140,0.48484848484848486,0.32
3588,828,1,0,6.808527034799434e-05,3,1038,103,1141,0.48484848484848486,0.32
3589,839,1,1,0.750530782021619,3,1038,103,1141,0.49056603773584906,0.325
3590,842,1,0,9.467884268094751e-05,3,1039,103,1142,0.49056603773584906,0.325
3591,889,1,0,1.345928769710997e-06,3,1040,103,1143,0.49056603773584906,0.325
3592,914,1,0,8.187110461159218e-05,3,1041,103,1144,0.48484848484848486,0.32
3593,966,1,1,0.9996937109383118,3,1041,103,1144,0.49056603773584906,0.325
3594,975,1,1,0.9611102582307359,3,1041,103,1144,0.49624060150375937,0.33
3595,980,1,0,0.015051167558093418,3,1042,103,1145,0.49624060150375937,0.33
3596,987,1,1,0.9983159870120963,3,1042,103,1145,0.50187265917603,0.335
3597,1021,1,0,0.005730131055315299,3,1043,103,1146,0.49624060150375937,0.33
3598,1047,1,0,0.4599256074079377,3,1044,103,1147,0.49056603773584906,0.325
3599,1062,1,0,0.0003499450391447777,3,1045,103,1148,0.49056603773584906,0.325
3600,1106,1,1,0.9999448952426081,3,1045,103,1148,0.49624060150375937,0.33
3601,1162,1,1,0.9923414722375562,3,1045,103,1148,0.50187265917603,0.335
3602,1183,1,0,0.02344628717282449,3,1046,103,1149,0.49624060150375937,0.33
3603,1214,1,0,1.1684184427591398e-07,3,1047,103,1150,0.49624060150375937,0.33
3604,1265,1,0,0.4930179936383231,3,1048,103,1151,0.49056603773584906,0.325
3605,1327,1,0,0.00043687888409082163,3,1049,103,1152,0.49056603773584906,0.325
3606,1331,1,0,0.0008141948036479194,3,1050,103,1153,0.48484848484848486,0.32
3607,1342,1,0,0.011428868401292275,3,1051,103,1154,0.48484848484848486,0.32
3608,1371,1,0,0.004310778938495066,3,1052,103,1155,0.4790874524714829,0.315
3609,1390,1,0,0.04112328275453963,3,1053,103,1156,0.47328244274809156,0.31
3610,1435,1,0,0.007107904092275168,3,1054,103,1157,0.4674329501915709,0.305
3611,1465,1,0,5.407006788930159e-07,3,1055,103,1158,0.4615384615384615,0.3
3612,1471,1,0,0.043130902455130814,3,1056,103,1159,0.4615384615384615,0.3
3613,1485,1,0,0.0009501999022372284,3,1057,103,1160,0.4555984555984556,0.295
3614,1490,1,0,0.003021379274457095,3,1058,103,1161,0.4496124031007752,0.29
3615,1533,1,0,4.1531448350213265e-05,3,1059,103,1162,0.4496124031007752,0.29
3616,1542,1,1,0.9999066846389221,3,1059,103,1162,0.4496124031007752,0.29
3617,1566,1,0,0.002591455182307357,3,1060,103,1163,0.4496124031007752,0.29
3618,1584,1,1,0.9967244925663599,3,1060,103,1163,0.4496124031007752,0.29
3619,1625,1,0,0.007076516935485193,3,1061,103,1164,0.44357976653696496,0.285
3620,1649,1,0,0.38511800504621024,3,1062,103,1165,0.44357976653696496,0.285
3621,1667,1,0,0.016546560801379208,3,1063,103,1166,0.4375,0.28
3622,1671,1,0,2.418186915143451e-05,3,1064,103,1167,0.43137254901960786,0.275
3623,1718,1,0,0.0003995557933737219,3,1065,103,1168,0.4251968503937008,0.27
3624,1719,1,0,0.3279689612987866,3,1066,103,1169,0.4189723320158103,0.265
3625,1721,1,0,0.00047509955987864354,3,1067,103,1170,0.4189723320158103,0.265
3626,1734,1,1,0.9516543162587989,3,1067,103,1170,0.4251968503937008,0.27
3627,1739,1,1,0.9999643284717393,3,1067,103,1170,0.43137254901960786,0.275
3628,1755,1,0,0.00219280088433944,3,1068,103,1171,0.4251968503937008,0.27
3629,1764,1,1,0.9698912372753812,3,1068,103,1171,0.43137254901960786,0.275
3630,1784,1,1,0.9988838530495041,3,1068,103,1171,0.4375,0.28
3631,1792,1,1,0.9917050035183671,3,1068,103,1171,0.44357976653696496,0.285
3632,1818,1,0,0.0026152545225669485,3,1069,103,1172,0.44357976653696496,0.285
3633,1835,1,1,0.9999227776203911,3,1069,103,1172,0.4496124031007752,0.29
3634,1871,1,0,0.003695874300438305,3,1070,103,1173,0.4496124031007752,0.29
3635,1912,1,0,0.0029206335896579247,3,1071,103,1174,0.4496124031007752,0.29
3636,1916,1,1,0.994870106076546,3,1071,103,1174,0.4496124031007752,0.29
3637,1969,1,0,0.0005760291953360333,3,1072,103,1175,0.4496124031007752,0.29
3638,2021,1,0,0.00028631318031710707,3,1073,103,1176,0.4496124031007752,0.29
3639,2034,1,1,0.9926686711285704,3,1073,103,1176,0.4555984555984556,0.295
3640,2074,1,0,8.855879412806955e-07,3,1074,103,1177,0.4555984555984556,0.295
3641,2076,1,0,0.055278783698797025,3,1075,103,1178,0.4555984555984556,0.295
3642,2078,1,0,0.0008880437991913326,3,1076,103,1179,0.4496124031007752,0.29
3643,2125,1,1,0.874982736219464,3,1076,103,1179,0.4555984555984556,0.295
3644,2126,1,0,0.021840578538987673,3,1077,103,1180,0.4496124031007752,0.29
3645,2130,1,0,0.004050336828825918,3,1078,103,1181,0.4496124031007752,0.29
3646,2131,1,0,0.06423232614510406,3,1079,103,1182,0.44357976653696496,0.285
3647,2133,1,1,0.9999872618951801,3,1079,103,1182,0.4496124031007752,0.29
3648,2176,1,0,0.004623593488482644,3,1080,103,1183,0.4496124031007752,0.29
3649,2180,1,1,0.5434844283336302,3,1080,103,1183,0.4555984555984556,0.295
3650,2183,1,0,0.00030218037751725355,3,1081,103,1184,0.4555984555984556,0.295
3651,2265,1,0,0.2140942317361143,3,1082,103,1185,0.4555984555984556,0.295
3652,2397,1,1,0.9951449796187161,3,1082,103,1185,0.4615384615384615,0.3
3653,2418,1,0,0.009311870710792335,3,1083,103,1186,0.4615384615384615,0.3
3654,2463,1,0,0.028140336864077936,3,1084,103,1187,0.4615384615384615,0.3
3655,2464,1,1,0.891576642986785,3,1084,103,1187,0.4615384615384615,0.3
3656,2472,1,1,0.9910407483001034,3,1084,103,1187,0.4674329501915709,0.305
3657,2540,0,0,0.0007644275822515903,3,1084,103,1187,0.466956043956044,0.3065326633165829
3658,3114,0,0,0.0005320183065697473,3,1084,103,1187,0.4666157342753088,0.30808080808080807
3659,3573,0,1,0.6310558539301926,3,1084,104,1188,0.46440236589172756,0.3096446700507614
3660,3598,0,0,0.0004496150992133523,3,1084,104,1188,0.4584267094772932,0.30612244897959184
3661,4514,0,1,0.708748848768686,3,1084,105,1189,0.4563018693368888,0.3076923076923077
3662,4718,0,0,0.17841046002380498,3,1084,105,1189,0.4505179175118324,0.30412371134020616
3663,4935,0,1,0.8685215819226478,3,1084,106,1190,0.44848005409060177,0.30569948186528495
3664,4,1,0,0.30458072942963127,3,1085,106,1191,0.44848005409060177,0.30569948186528495
3665,27,1,0,0.0512104792533214,3,1086,106,1192,0.44848005409060177,0.30569948186528495
3666,40,1,0,0.07222910803813117,3,1087,106,1193,0.44848005409060177,0.30569948186528495
3667,46,1,1,0.992445641090249,3,1087,106,1193,0.4542881944444444,0.31088082901554404
3668,74,1,1,0.993094762148858,3,1087,106,1193,0.46005142717204967,0.3160621761658031
3669,88,1,0,0.0006987120815851455,3,1088,106,1194,0.46005142717204967,0.3160621761658031
3670,120,1,0,0.05278226688289422,3,1089,106,1195,0.46005142717204967,0.3160621761658031
3671,158,1,0,0.49919903680384686,3,1090,106,1196,0.46005142717204967,0.3160621761658031
3672,171,1,0,0.045850363455109636,3,1091,106,1197,0.46005142717204967,0.3160621761658031
3673,186,1,0,0.06901807794532572,3,1092,106,1198,0.46005142717204967,0.3160621761658031
3674,215,1,1,0.9321218718442105,3,1092,106,1198,0.4657702805983186,0.32124352331606215
3675,218,1,1,0.8624375568859476,3,1092,106,1198,0.4657702805983186,0.32124352331606215
3676,223,1,0,1.512537070668938e-06,3,1093,106,1199,0.4657702805983186,0.32124352331606215
3677,269,1,0,0.0003842001636039816,3,1094,106,1200,0.46005142717204967,0.3160621761658031
3678,290,1,0,0.1398238505086349,3,1095,106,1201,0.46005142717204967,0.3160621761658031
3679,295,1,1,0.5126189785332832,3,1095,106,1201,0.4657702805983186,0.32124352331606215
3680,307,1,0,0.0008265438219507347,3,1096,106,1202,0.4657702805983186,0.32124352331606215
3681,393,1,0,0.028733635253094737,3,1097,106,1203,0.4657702805983186,0.32124352331606215
3682,402,1,1,0.9505013902492754,3,1097,106,1203,0.4657702805983186,0.32124352331606215
3683,450,1,1,0.9983171095788097,3,1097,106,1203,0.4714452750622964,0.32642487046632124
3684,459,1,1,0.9059782260915747,3,1097,106,1203,0.4770769230769231,0.3316062176165803
3685,497,1,0,0.004144583264097146,3,1098,106,1204,0.4770769230769231,0.3316062176165803
3686,528,1,1,0.999436696770125,3,1098,106,1204,0.4826657294853772,0.33678756476683935
3687,529,1,0,0.08942858444233288,3,1099,106,1205,0.4826657294853772,0.33678756476683935
3688,532,1,0,0.17291844348094365,3,1100,106,1206,0.4770769230769231,0.3316062176165803
3689,582,1,1,0.9936094736969061,3,1100,106,1206,0.4826657294853772,0.33678756476683935
3690,588,1,1,0.8054504096609254,3,1100,106,1206,0.4882121916141166,0.34196891191709844
3691,623,1,1,0.9919899405985514,3,1100,106,1206,0.4882121916141166,0.34196891191709844
3692,648,1,1,0.8738763695631666,3,1100,106,1206,0.4882121916141166,0.34196891191709844
3693,667,1,1,0.9955836967222249,3,1100,106,1206,0.4937167994227194,0.3471502590673575
3694,694,1,0,4.4430774106288226e-05,3,1101,106,1207,0.4937167994227194,0.3471502590673575
3695,695,1,0,0.0004846020849755209,3,1102,106,1208,0.4882121916141166,0.34196891191709844
3696,721,1,0,0.007011567792150071,3,1103,106,1209,0.4826657294853772,0.33678756476683935
3697,737,1,0,0.0005710623847690669,3,1104,106,1210,0.4770769230769231,0.3316062176165803
3698,759,1,0,0.1398238505086349,3,1105,106,1211,0.4770769230769231,0.3316062176165803
3699,764,1,0,8.935216414386828e-05,3,1106,106,1212,0.4714452750622964,0.32642487046632124
3700,774,1,0,0.0025196812273526777,3,1107,106,1213,0.4714452750622964,0.32642487046632124
3701,775,1,0,0.0004967940986230165,3,1108,106,1214,0.4714452750622964,0.32642487046632124
3702,857,1,1,0.995388724480464,3,1108,106,1214,0.4770769230769231,0.3316062176165803
3703,858,1,0,0.00025003047679689763,3,1109,106,1215,0.4770769230769231,0.3316062176165803
3704,866,1,0,0.2596141584484231,3,1110,106,1216,0.4770769230769231,0.3316062176165803
3705,881,1,0,0.19482491382075703,3,1111,106,1217,0.4770769230769231,0.3316062176165803
3706,891,1,1,0.9464032095588949,3,1111,106,1217,0.4826657294853772,0.33678756476683935
3707,907,1,1,0.9591948412872161,3,1111,106,1217,0.4882121916141166,0.34196891191709844
3708,917,1,1,0.7180656150783875,3,1111,106,1217,0.4882121916141166,0.34196891191709844
3709,921,1,0,0.0044786911216710065,3,1112,106,1218,0.4826657294853772,0.33678756476683935
3710,951,1,0,0.3261983388377001,3,1113,106,1219,0.4770769230769231,0.3316062176165803
3711,993,1,0,0.019457444232751614,3,1114,106,1220,0.4770769230769231,0.3316062176165803
3712,1125,1,0,0.0001359903945962609,3,1115,106,1221,0.4770769230769231,0.3316062176165803
3713,1130,1,0,0.03882291168233266,3,1116,106,1222,0.4714452750622964,0.32642487046632124
3714,1135,1,0,0.36805237997138796,3,1117,106,1223,0.4714452750622964,0.32642487046632124
3715,1158,1,0,0.015182314295137148,3,1118,106,1224,0.4714452750622964,0.32642487046632124
3716,1168,1,0,0.0025117675548743004,3,1119,106,1225,0.4714452750622964,0.32642487046632124
3717,1177,1,1,0.9655999865391762,3,1119,106,1225,0.4770769230769231,0.3316062176165803
3718,1222,1,0,0.23916700703743846,3,1120,106,1226,0.4714452750622964,0.32642487046632124
3719,1284,1,0,0.06387585007499057,3,1121,106,1227,0.4714452750622964,0.32642487046632124
3720,1345,1,0,0.0551902230088547,3,1122,106,1228,0.4714452750622964,0.32642487046632124
3721,1396,1,1,0.9981680470679761,3,1122,106,1228,0.4714452750622964,0.32642487046632124
3722,1407,1,0,0.10793416777683051,3,1123,106,1229,0.4714452750622964,0.32642487046632124
3723,1441,1,1,0.5974757080389805,3,1123,106,1229,0.4770769230769231,0.3316062176165803
3724,1449,1,1,0.9417360998042957,3,1123,106,1229,0.4826657294853772,0.33678756476683935
3725,1454,1,0,0.09970656615661566,3,1124,106,1230,0.4826657294853772,0.33678756476683935
3726,1463,1,0,0.0613889044852357,3,1125,106,1231,0.4826657294853772,0.33678756476683935
3727,1469,1,1,0.993233074300617,3,1125,106,1231,0.4826657294853772,0.33678756476683935
3728,1473,1,0,0.00021935606897510872,3,1126,106,1232,0.4826657294853772,0.33678756476683935
3729,1489,1,0,3.0380118224803015e-05,3,1127,106,1233,0.4826657294853772,0.33678756476683935
3730,1508,1,1,0.9924932072338254,3,1127,106,1233,0.4882121916141166,0.34196891191709844
3731,1511,1,0,0.06191951174962643,3,1128,106,1234,0.4882121916141166,0.34196891191709844
3732,1513,1,0,0.03963220708781435,3,1129,106,1235,0.4882121916141166,0.34196891191709844
3733,1544,1,1,0.7499519512416503,3,1129,106,1235,0.4937167994227194,0.3471502590673575
3734,1608,1,1,0.9919899405985514,3,1129,106,1235,0.4937167994227194,0.3471502590673575
3735,1713,1,0,0.0007208750408590781,3,1130,106,1236,0.4937167994227194,0.3471502590673575
3736,1743,1,0,0.02284329246021396,3,1131,106,1237,0.4937167994227194,0.3471502590673575
3737,1747,1,0,0.00013108371691287376,3,1132,106,1238,0.4882121916141166,0.34196891191709844
3738,1752,1,0,0.1782840441482107,3,1133,106,1239,0.4826657294853772,0.33678756476683935
3739,1761,1,0,5.87302588638192e-05,3,1134,106,1240,0.4826657294853772,0.33678756476683935
3740,1774,1,0,0.013987119327184869,3,1135,106,1241,0.4826657294853772,0.33678756476683935
3741,1796,1,0,0.029238640790950413,3,1136,106,1242,0.4826657294853772,0.33678756476683935
3742,1851,1,0,0.0025117676511093147,3,1137,106,1243,0.4826657294853772,0.33678756476683935
3743,1890,1,0,0.24393933570569248,3,1138,106,1244,0.4770769230769231,0.3316062176165803
3744,1923,1,1,0.9950806885191128,3,1138,106,1244,0.4770769230769231,0.3316062176165803
3745,1973,1,0,0.28713128254729586,3,1139,106,1245,0.4714452750622964,0.32642487046632124
3746,1974,1,0,0.02015077346963659,3,1140,106,1246,0.4657702805983186,0.32124352331606215
3747,2029,1,1,0.9158997095446204,3,1140,106,1246,0.4714452750622964,0.32642487046632124
3748,2045,1,1,0.997815513241334,3,1140,106,1246,0.4714452750622964,0.32642487046632124
3749,2063,1,0,0.057959045168528664,3,1141,106,1247,0.4714452750622964,0.32642487046632124
3750,2077,1,0,0.14745533269206837,3,1142,106,1248,0.4714452750622964,0.32642487046632124
3751,2095,1,0,5.873026219116336e-05,3,1143,106,1249,0.4657702805983186,0.32124352331606215
3752,2100,1,0,0.00046299356129307656,3,1144,106,1250,0.4657702805983186,0.32124352331606215
3753,2145,1,0,0.00023013011274887002,3,1145,106,1251,0.4657702805983186,0.32124352331606215
3754,2155,1,0,0.0010015443292393598,3,1146,106,1252,0.4657702805983186,0.32124352331606215
3755,2179,1,1,0.997168868080366,3,1146,106,1252,0.4714452750622964,0.32642487046632124
3756,2217,1,0,0.003719098189690264,3,1147,106,1253,0.4657702805983186,0.32124352331606215
3757,2240,1,0,0.05266643238233729,3,1148,106,1254,0.46005142717204967,0.3160621761658031
3758,2247,1,0,0.0349479642679005,3,1149,106,1255,0.46005142717204967,0.3160621761658031
3759,2251,1,0,0.13885046591734196,3,1150,106,1256,0.4542881944444444,0.31088082901554404
3760,2267,1,0,0.30579156247678374,3,1151,106,1257,0.4542881944444444,0.31088082901554404
3761,2313,1,0,0.018728370167135217,3,1152,106,1258,0.4542881944444444,0.31088082901554404
3762,2368,1,0,0.34917056427746185,3,1153,106,1259,0.44848005409060177,0.30569948186528495
3763,2391,1,0,0.004312413842851778,3,1154,106,1260,0.44848005409060177,0.30569948186528495
3764,2392,1,0,0.021578664016250193,3,1155,106,1261,0.44848005409060177,0.30569948186528495
3765,2401,1,1,0.82525958970034,3,1155,106,1261,0.4542881944444444,0.31088082901554404
3766,2419,1,0,0.0029971363741041505,3,1156,106,1262,0.44848005409060177,0.30569948186528495
3767,2468,1,0,0.0013018956821920671,3,1157,106,1263,0.442626469636501,0.3005181347150259
3768,2474,1,0,0.1657712135515072,3,1158,106,1264,0.442626469636501,0.3005181347150259
3769,2478,1,1,0.9953173423661648,3,1158,106,1264,0.44848005409060177,0.30569948186528495
3770,2503,0,0,0.0008445167882572925,3,1158,106,1264,0.4428791912021726,0.3020833333333333
3771,2590,0,0,0.043718538882005144,3,1158,106,1264,0.44325182325182316,0.3036649214659686
3772,2616,0,0,0.00014168679941016662,3,1158,106,1264,0.4437418112783764,0.30526315789473685
3773,2713,0,0,0.00015460269825564186,3,1158,106,1264,0.44434666666666667,0.30687830687830686
3774,2748,0,1,0.9350983047887477,3,1158,107,1265,0.44256,0.30851063829787234
3775,2902,0,1,0.504329871875321,3,1158,108,1266,0.44077333333333335,0.31016042780748665
3776,2915,0,0,1.151560177051705e-05,3,1158,108,1266,0.4415973829091199,0.3118279569892473
3777,2990,0,0,0.07211090340252245,3,1158,108,1266,0.44252971137521224,0.31351351351351353
3778,3206,0,0,0.01228179883624558,3,1158,108,1266,0.44356804530179145,0.31521739130434784
3779,3388,0,0,0.00019911235414432336,3,1158,108,1266,0.4447101678808996,0.31693989071038253
3780,3438,0,0,0.00026385368492652135,3,1158,108,1266,0.44595391705069126,0.31868131868131866
3781,3459,0,0,0.0002592782163047419,3,1158,108,1266,0.44151057639380353,0.3149171270718232
3782,3788,0,0,0.0004547380973213089,3,1158,108,1266,0.44295428392091224,0.31666666666666665
3783,3851,0,0,0.005006243479203481,3,1158,108,1266,0.4444930713223205,0.31843575418994413
3784,3933,0,0,0.0015095767409726325,3,1158,108,1266,0.4403009433717093,0.3146067415730337
3785,4118,0,0,0.0005678246892040581,3,1158,108,1266,0.4420261437908497,0.3163841807909605
3786,4236,0,0,0.0015212685386774873,3,1158,108,1266,0.4379743695742042,0.3125
3787,4300,0,0,1.1906452348231019e-05,3,1158,108,1266,0.4339666357738647,0.30857142857142855
3788,4335,0,0,8.46504350850378e-05,3,1158,108,1266,0.4359564133535504,0.3103448275862069
3789,4566,0,0,0.0002926153126115178,3,1158,108,1266,0.43207433592048977,0.3063583815028902
3790,4577,0,0,1.8299684058053688e-06,3,1158,108,1266,0.434230179028133,0.3081395348837209
3791,4651,0,0,0.0011844643891452335,3,1158,108,1266,0.4364659465257029,0.30994152046783624
3792,4753,0,0,0.4017267061275857,3,1158,108,1266,0.43878008975928195,0.31176470588235294
3793,4870,0,0,0.0025208755760801936,3,1158,108,1266,0.43517139660258364,0.3076923076923077
3794,4964,0,0,0.0026787541730341306,3,1158,108,1266,0.4315909090909091,0.30357142857142855
3795,2624,0,0,0.08371605065489912,3,1158,108,1266,0.43413164095158463,0.30538922155688625
3796,2724,0,0,3.948981244951452e-05,3,1158,108,1266,0.4306494097424101,0.30120481927710846
3797,2901,0,0,2.715679290176827e-05,3,1158,108,1266,0.43333333333333335,0.30303030303030304
3798,3142,0,0,0.0002387852302536786,3,1158,108,1266,0.4360866823078281,0.3048780487804878
3799,3327,0,0,7.235490182566205e-05,3,1158,108,1266,0.4389081560641193,0.3067484662576687
3800,3526,0,1,0.8421954224920273,3,1158,109,1267,0.4322545390445972,0.30246913580246915
3801,3530,0,0,0.005770834235249462,3,1158,109,1267,0.42900942803268377,0.2981366459627329
3802,3543,0,0,7.575365942685898e-06,3,1158,109,1267,0.43199678424278964,0.3
3803,3576,0,0,9.501469314701566e-05,3,1158,109,1267,0.43504782706936806,0.3018867924528302
3804,3799,0,0,0.015076747857105114,3,1158,109,1267,0.43816138097149737,0.3037974683544304
3805,3837,0,0,3.4741739901271265e-05,3,1158,109,1267,0.44133629228415955,0.3057324840764331
3806,3929,0,0,0.002393339680040103,3,1158,109,1267,0.44457142857142856,0.3076923076923077
3807,3965,0,1,0.5574782891421863,3,1158,110,1268,0.4442857142857143,0.3096774193548387
3808,3998,0,0,0.00010975955441970877,3,1158,110,1268,0.44761091209699644,0.3116883116883117
3809,4067,0,0,0.0012231251116089287,3,1158,110,1268,0.4509935897435898,0.3137254901960784
3810,4110,0,0,0.00014575777511043685,3,1158,110,1268,0.4544326800330405,0.3157894736842105
3811,4239,0,0,2.5019508885016132e-05,3,1158,110,1268,0.45792713442097893,0.31788079470198677
3812,4281,0,0,0.0033412030400610513,3,1158,110,1268,0.4614759224515322,0.32
3813,4839,0,0,0.00028925573076360103,3,1158,110,1268,0.4650780312124849,0.3221476510067114
3814,4853,0,0,0.0008724108499911257,3,1158,110,1268,0.468732464804581,0.32432432432432434
3815,4860,0,0,0.40450704119661596,3,1158,110,1268,0.47243824382438243,0.32653061224489793
3816,4972,0,0,0.0036092100537458015,3,1158,110,1268,0.4699999999999999,0.3219178082191781
3817,2722,0,0,0.0004532427130307518,3,1158,110,1268,0.47380559513987847,0.32413793103448274
3818,3767,0,0,0.000292648754889885,3,1158,110,1268,0.4714160686154385,0.3194444444444444
3819,4368,0,0,0.000456707851236407,3,1158,110,1268,0.47531812725090034,0.32167832167832167
3820,4411,0,0,0.0019006956244053347,3,1158,110,1268,0.47926704190118824,0.323943661971831
