model,sample_id,label_llm,gt_label,correct,confidence,t1,t2,t3,trust,trust_bucket,n_indicators_found,n_indicators_not_found,n_indicators_total,n_verified,n_unverifiable,n_contradicted,hallucination_rate,html_available,domain,url,reasoning_excerpt
Mistral-Large-3,1018,0,1,0,0.99,0.99,0.8125,0.25,0.5105,low,5,8,8,5,3,0,0.0,1,,,"The URL and HTML content are consistent with the official 'Example Domain' documentation site, which is a well-known IANA-reserved domain for examples. No phishing indicators were found: no password fields, login forms, credential-harvesting JS, hidden iframes, brand impersonation, or suspicious redirects. The domain's purpose is explicitly stated as non-operational, and the content matches its documented use."
Mistral-Large-3,104,1,1,1,0.98,0.98,0.5,0.55,0.654,mid,5,7,5,2,1,2,0.4,1,,,"The domain 'trezoriostar.blogspot.com' is a free Blogspot subdomain, which is a common phishing tactic to impersonate the legitimate 'trezor.io/start' URL. The page content mimics the official Trezor setup guide, including branding, instructions, and imagery, but lacks any interactive credential-harvesting forms or malicious scripts. However, the impersonation of a well-known cryptocurrency hardware wallet brand on a free hosting platform is a strong indicator of phishing for brand impersonation"
Mistral-Large-3,1145,0,1,0,0.98,0.98,0.7777777777777778,1.0,0.9515555555555556,very_high,4,9,9,5,4,0,0.0,1,,,"The domain is a top-1k Tranco site with a 20.8-year registration age, hosted on a long-standing ASN (AS16509). The HTML content shows an 'AccessDenied' error from an AWS S3 bucket, which is consistent with a misconfigured or restricted resource on a legitimate cloud service. No phishing indicators (e.g., login forms, credential-harvesting JS, brand impersonation, or obfuscated content) were found. The static classifier also leans benign (31.7% phish probability)."
Mistral-Large-3,1317,1,1,1,0.92,0.92,0.55,0.65,0.681,mid,10,10,10,1,9,0,0.0,1,,,"The domain 'littlepepe.com' exhibits multiple phishing indicators: it is not in the Tranco Top-1M, has a medium-risk domain age (252 days), and lacks diverse Certificate Transparency logs. The HTML contains anti-debugging scripts (disable-devtool), removes href attributes from all links/buttons to force a redirect to 'app/index.html', and includes hidden tracking pixels. The page impersonates a cryptocurrency presale ('LILPEPE Token'), a common phishing tactic to harvest wallet credentials or dr"
Mistral-Large-3,1343,0,1,0,0.9,0.9,0.28125,1.0,0.83625,high,6,8,8,3,3,2,0.25,1,,,"The domain 'facebook-network.blogspot.com' is a subdomain of Blogspot (Google's free blogging platform), which is a legitimate hosting service. The HTML content is typical of a Blogger template, with no password fields, login forms, credential-harvesting JavaScript, hidden iframes, or obfuscated content. The page includes standard social media widgets (Facebook, Twitter, Google) and canonical links pointing to the same domain, with no signs of brand impersonation or phishing tactics. The Tranco "
Mistral-Large-3,137,1,1,1,0.98,0.98,0.4166666666666667,0.15,0.5323333333333333,low,6,10,6,1,3,2,0.3333333333333333,1,,,"The page impersonates the 'Monopoly Go' game with a fake 'Dice Generator' offering free in-game rolls. It contains a credential-harvesting form (input field for 'Monopoly GO Games ID' or username) and a fake verification process, which are classic phishing tactics. The domain is legitimate (Tranco rank #44,164, 13.1 years old), but the HTML content is clearly malicious, overriding OSINT signals. The presence of Google Analytics and Sentry scripts does not legitimize the phishing intent."
Mistral-Large-3,1376,0,1,0,0.9,0.9,0.28125,0.25,0.38625000000000004,low,5,8,8,2,5,1,0.125,1,,,"The domain 'mrcoach.gr' does not exhibit typosquatting, unusual TLDs, or free hosting indicators. The HTML content is consistent with an e-learning platform (Open eClass), featuring login forms, language selection, and course navigation—no hidden iframes, obfuscated JS, or credential-harvesting endpoints. OSINT signals (Wayback history, CT logs) suggest an established, non-malicious service, despite the domain not being in Tranco's Top-1M. No phishing patterns (e.g., fake CAPTCHAs, wallet draine"
Mistral-Large-3,1392,1,1,1,0.98,0.98,0.5833333333333334,1.0,0.7856666666666667,high,6,6,6,1,5,0,0.0,1,,,"The domain 'balsamhill.us.com' is a typosquatting lookalike of the legitimate 'balsamhill.com' (brand impersonation). The legitimate brand is a well-known retailer, and the use of a subdomain ('us.com') is a common phishing tactic to mimic official domains. The HTML contains a full e-commerce storefront with product listings, shopping cart functionality, and payment integration (e.g., 'ppcard-styles-css', 'woocommerce'), indicating credential harvesting or scam potential. Despite the domain's lo"
Mistral-Large-3,1409,0,1,0,0.95,0.95,0.7307692307692307,1.0,0.9361538461538462,very_high,3,13,13,6,7,0,0.0,1,,,"The domain 'allinoneshoppingapp4.blogspot.com' is a subdomain of 'blogspot.com', a well-known free blogging platform by Google, which is not indicative of phishing. The HTML content shows a standard Blogger template with no password fields, login forms, credential-harvesting JavaScript, hidden iframes, or obfuscated content. The OSINT dossier confirms the domain is mainstream (Tranco rank #10,932), has a long registration age (5.9 years), and is hosted on a reputable ASN (AS15169). No phishing i"
Mistral-Large-3,1438,1,1,1,0.95,0.95,0.42857142857142855,0.65,0.6292857142857142,mid,7,6,7,0,6,1,0.14285714285714285,1,,,"The domain 'aarondelacy.shop' exhibits multiple phishing indicators: it is a lookalike of the legitimate REEF brand (brand impersonation), uses a non-branded name ('Aaron De Lacy') to avoid trademark scrutiny, and employs the '.shop' TLD commonly abused for fake stores. The site mimics an e-commerce storefront for REEF products, including product listings and checkout functionality (visible in truncated HTML), but lacks affiliation with the real brand. OSINT signals (no Tranco rank, no Wayback h"
Mistral-Large-3,1510,1,1,1,0.92,0.92,0.5625,0.65,0.68725,mid,8,10,8,1,7,0,0.0,1,,,"The domain is not in the Tranco Top-1M, has no Wayback history, and is 269 days old—medium-risk OSINT signals. The HTML contains no visible credential fields, but the page loads a polyfill script from `/assets/theme-0/polyfills.DrGnwkyb.js` (unusual naming) and preconnects to `pubsgppp.c1oudfront.com` (lookalike of CloudFront, a common CDN for phishing kits). The manifest and PWA hooks suggest an attempt to mimic a legitimate app, while the absence of any recognizable brand content and the prese"
Mistral-Large-3,1529,0,1,0,0.85,0.85,0.8125,0.25,0.48250000000000004,low,3,8,8,5,3,0,0.0,1,,,"The domain's OSINT signals (Wayback Machine history spanning 1.5 years, multiple snapshots) suggest an established presence, not a typical phishing lifecycle. The HTML content is a generic Vue Admin Template with no login forms, password fields, credential-harvesting JavaScript, or brand impersonation. Static classifiers' high phishing score (86.4%) likely stems from the template's preload-heavy structure, a common false positive for admin dashboards. No indicators of phishing (e.g., fake CAPTCH"
Mistral-Large-3,1532,1,1,1,0.95,0.95,0.5,0.65,0.6649999999999999,mid,7,5,7,1,5,1,0.14285714285714285,1,,,"The domain is not in the Tranco Top-1M, has no Wayback Machine history, and is only 207 days old, which are strong OSINT signals for phishing. The HTML content mimics a reCAPTCHA verification page but contains no actual reCAPTCHA integration, instead redirecting to 'y11.html' after a simulated delay. This is a classic fake CAPTCHA pattern used for credential harvesting or redirecting users to malicious pages. The JavaScript simulates a verification process and forces a redirect, a clear indicato"
Mistral-Large-3,1589,0,1,0,0.95,0.95,0.75,0.45,0.6100000000000001,mid,7,10,10,5,5,0,0.0,1,,,"The domain 'irjci.blogspot.com' is a subdomain of Blogspot, a legitimate free hosting service by Google, and does not exhibit typosquatting or brand impersonation. The HTML content is consistent with a blog (The Rural Blog), including legitimate metadata, canonical links, and no credential-harvesting forms, hidden iframes, or obfuscated JavaScript. The page includes standard Google Analytics and Adsense integrations, typical for Blogspot sites. OSINT signals (Tranco rank, AS15169 hosting) align "
Mistral-Large-3,1593,0,1,0,0.85,0.85,0.3125,0.25,0.3825,low,5,8,8,3,4,1,0.125,1,,,"The domain 'shorturl.lk' is a legitimate URL shortening service with a long Wayback Machine history (3.8 years) and consistent snapshots, indicating it is not a fly-by-night operation. The HTML content lacks phishing indicators such as password fields submitting to suspicious endpoints, hidden iframes, obfuscated JavaScript, or brand impersonation. The login and signup forms are standard for a SaaS service, and the recaptcha/analytics scripts are from reputable sources (Google). The page's purpo"
Mistral-Large-3,1600,1,1,1,0.95,0.95,0.6,0.15,0.615,mid,5,7,5,1,4,0,0.0,1,,,"The page impersonates Robinhood's proxy voting system (brand_impersonation) with a login form requesting a 'control number' (credential_harvesting). The domain 'proxypush.com' is not Robinhood's official domain, despite using Robinhood's logo and branding. A hidden link to an AWS API endpoint ('5pf7lfg0sk.execute-api.us-east-1.amazonaws.com') is suspicious and unrelated to proxy voting. The OSINT dossier shows the domain is long-established, but the HTML content and URL path ('/evote/RHC/login')"
Mistral-Large-3,1603,1,1,1,0.95,0.95,0.4166666666666667,0.65,0.6233333333333333,mid,6,5,6,0,5,1,0.16666666666666666,1,,,"The domain 'zipgoldberg.shop' exhibits multiple phishing indicators: it is not a known brand (brand impersonation of 'Monari' clothing), uses an unusual TLD (.shop), and has no Tranco rank or significant OSINT signals. The HTML contains WooCommerce and contact form plugins, suggesting a fake storefront designed to harvest payment or personal details. The canonical URL points to 'clean-commerce.com', a mismatch that further indicates deception. No legitimate login forms were found, but the presen"
Mistral-Large-3,1620,0,1,0,0.98,0.98,0.75,1.0,0.9460000000000001,very_high,5,10,10,5,5,0,0.0,1,,,"The domain is a top-300 Tranco-ranked site with a 5.7-year registration age, hosted on a reputable ASN (Cloudflare). The HTML content is purely educational, lacks any login forms, password fields, or credential-harvesting JavaScript, and consistently links to official Trezor resources (trezor.io/start, suite.trezor.io). No phishing indicators (typosquatting, hidden iframes, obfuscated scripts, or fake updates) were found."
Mistral-Large-3,1628,0,1,0,0.95,0.95,0.75,1.0,0.9400000000000001,very_high,5,8,8,4,4,0,0.0,1,,,"The domain is long-established (21.4 years) with a legitimate registrar record and no signs of typosquatting or brand impersonation. The HTML content is consistent with the Jellyfin media server project, including legitimate JavaScript bundles (e.g., '@jellyfin.sdk', 'jellyfin-apiclient') and no credential-harvesting forms, hidden iframes, or obfuscated malicious code. The meta tags explicitly set 'noindex, nofollow, noarchive', which aligns with a private or self-hosted service rather than a ph"
Mistral-Large-3,1656,1,1,1,0.98,0.98,0.6,0.15,0.624,mid,5,5,5,1,4,0,0.0,1,,,"The URL contains a meta refresh tag redirecting to 'calnderreminder.icu', a domain that exhibits typosquatting (mimicking 'calendar reminder') and uses a suspicious TLD (.icu). The HTML includes a script from an Azure CDN endpoint ('cxppgbr1rdrect01sa02cdn-endpoint.azureedge.net') for bot detection, which is unusual for a legitimate page and may be used to evade automated analysis. The redirect target and tracking context suggest credential harvesting or brand impersonation, likely targeting Mic"
Mistral-Large-3,166,1,1,1,0.95,0.95,0.6,0.15,0.615,mid,5,6,5,2,2,1,0.2,1,,,"The domain 'trezoorwallett.blogspot.com' is a free Blogspot subdomain impersonating the legitimate Trezor brand ('trezor.io'). The page contains no credential-harvesting forms or malicious scripts, but it prominently links to 'trezor.io/start' (a legitimate setup page) while being hosted on a lookalike domain, which is a classic brand impersonation tactic to lure victims into trusting the wrong source. The absence of Wayback Machine archives and the use of a free hosting platform further support"
Mistral-Large-3,1783,0,1,0,0.95,0.95,0.8125,1.0,0.9525,very_high,4,8,8,5,3,0,0.0,1,,,"The domain 'zubora-shufudiet.com' is established (3.9 years old, 1000+ Wayback snapshots, Tranco rank not in Top-1M but with long history) and does not exhibit typosquatting or brand impersonation. The HTML content is a standard 404 error page from a WordPress site ('ポカポカブック'), with no credential-harvesting forms, hidden iframes, obfuscated JavaScript, or fake updates. Ads and analytics scripts (Google AdSense, Google Tag Manager) are legitimate and commonly used. No phishing indicators were fou"
Mistral-Large-3,18,1,1,1,0.98,0.98,0.5714285714285714,0.65,0.7097142857142856,mid,7,9,7,2,4,1,0.14285714285714285,1,,,"The domain 'lovable.app' is not associated with Netflix (brand impersonation) and lacks Tranco rank, despite its age. The page mimics Netflix's branding (logo, background imagery, styling) and offers a too-good-to-be-true job ('$36/hour to watch Netflix'), a common phishing lure. The 'Apply Now' button likely leads to a credential-harvesting form (not visible in the static HTML but implied by the phishing context). The inclusion of a third-party analytics script ('applyflix.com/~flock.js') is at"
Mistral-Large-3,1845,1,1,1,0.98,0.98,0.3333333333333333,0.55,0.5706666666666667,mid,9,8,9,0,6,3,0.3333333333333333,1,,,"The page impersonates Roblox with a 'Robux Booster' offer, featuring a username input field and platform selection (credential harvesting). The domain is long-tail (Tranco #131,527) with no Wayback history, and the HTML loads obfuscated JavaScript from CloudFront (dbj3fg9om9jaj.cloudfront.net) that is typical of phishing kits. No legitimate Roblox branding or official links are present, and the meta tags enforce 'noindex,nofollow', suggesting evasion."
Mistral-Large-3,1855,0,1,0,0.95,0.95,0.8125,0.45,0.6225,mid,4,8,8,5,3,0,0.0,1,,,"The domain 'chuojie.blogspot.com' is a subdomain of 'blogspot.com', a legitimate free blogging platform owned by Google. The HTML content is a standard Blogger template with no password fields, login forms, credential-harvesting JavaScript, hidden iframes, or brand impersonation. The page displays a 'No posts' message, typical of an unused or new blog. OSINT signals (Tranco rank, hosting on AS15169) align with a benign, long-tail blog."
Mistral-Large-3,2016,0,1,0,0.95,0.95,0.8571428571428571,1.0,0.9614285714285715,very_high,2,7,7,5,2,0,0.0,1,,,"The page displays a raw XML error from an object-storage service (likely Linode or similar) indicating a suspended user/bucket ('UserSuspended'). There are no login forms, credential-harvesting JavaScript, brand impersonation, or phishing content. The domain is established (7.9 years old, Tranco rank #12,844) and hosted on a mainstream ASN (AS63949), with no signs of typosquatting or suspicious TLDs. The error is consistent with a misconfigured or suspended cloud storage bucket, not a phishing a"
Mistral-Large-3,2065,1,1,1,0.92,0.92,0.5,0.65,0.656,mid,10,10,10,0,10,0,0.0,1,,,"The domain is not in the Tranco Top-1M, has no Wayback history, and is 347 days old—medium-risk signals. The HTML contains a full checkout form with password fields, payment logos (Visa/Mastercard), and a script that manipulates upsell pricing and stores plan preferences in localStorage, which is atypical for legitimate checkout pages. No credential-harvesting JS was found, but the page impersonates a secure checkout with fake reviews and urgency cues ('Missing delivery information'), strongly i"
Mistral-Large-3,2072,1,1,1,0.99,0.99,0.2857142857142857,0.55,0.55,mid,7,5,7,0,4,3,0.42857142857142855,1,,,"The webpage contains a login form that explicitly harvests credentials (username and password) and sends them to a Telegram bot (bot token: 6734433347, chat ID: -4011366947) via an AJAX request. The page impersonates Wix (brand impersonation) with meta tags, favicon, and title mimicking the legitimate Wix login page. The domain lacks OSINT signals (no Wayback history, unknown age, no CT logs), and the HTML includes obfuscated tracking scripts (e.g., Clickagy, TikTok Pixel) typical of phishing pa"
Mistral-Large-3,2128,1,1,1,0.98,0.98,0.3333333333333333,0.55,0.5706666666666667,mid,6,5,6,0,4,2,0.3333333333333333,1,,,"The domain 'en-uphold-login.blogspot.com' is a free Blogspot subdomain impersonating Uphold, a clear case of brand impersonation. The page contains no legitimate login forms but includes deceptive content mimicking Uphold's login guidance, likely to build false trust before redirecting victims to a credential harvester. The HTML lacks any actual authentication fields but embeds Google Adsense and Blogger iframes, typical of low-effort phishing pages hosted on free platforms. OSINT signals (no Wa"
Mistral-Large-3,2146,1,1,1,0.98,0.98,0.3333333333333333,0.15,0.4906666666666667,low,6,6,6,1,2,3,0.5,1,,,"The domain 'ledgere-livelogin.blogspot.com' is a clear case of typosquatting and brand impersonation of Ledger (legitimate domain: ledger.com). The page mimics Ledger's branding and content but lacks any legitimate login forms or hardware wallet integration, instead serving as a deceptive informational page. The use of Blogspot (free hosting) and the absence of any actual credential fields or wallet functionality confirm this is a phishing site designed to mislead users into believing it is the "
Mistral-Large-3,2208,1,1,1,0.95,0.95,0.42857142857142855,0.15,0.5292857142857142,low,7,5,7,0,6,1,0.14285714285714285,1,,,"The page impersonates Roblox with a 'Robux Booster' scam, featuring a username input field and platform selection (brand_impersonation). The HTML includes obfuscated JavaScript from CloudFront (dbj3fg9om9jaj.cloudfront.net) and a fake loading process to simulate legitimacy. No legitimate Roblox domain or official authentication flow is present, and the OSINT dossier's benign signals (e.g., domain age) are outweighed by the scam content."
Mistral-Large-3,2252,1,1,1,0.95,0.95,0.5833333333333334,0.65,0.7066666666666667,mid,6,8,6,1,5,0,0.0,1,,,"The domain in the URL (not explicitly provided but inferred from context) does not match the canonical and alternate URLs in the HTML (all pointing to 'thermofisher.com'). The HTML content is a near-perfect impersonation of Thermo Fisher Scientific's legitimate site, including metadata, hreflang tags, and schema.org markup, but the mismatch between the actual domain and the claimed brand domain is a critical red flag. The OSINT dossier shows the domain is not in Tranco's Top-1M, has no Wayback M"
Mistral-Large-3,2287,1,1,1,0.95,0.95,0.6,0.15,0.615,mid,5,7,5,1,4,0,0.0,1,,,"The domain is legitimate (Tranco #302, 5.7 years old, rich CT logs), but the HTML content is a near-perfect impersonation of Ledger Live Desktop with no actual download link or functional elements—only promotional text. The page lacks any legitimate Ledger branding assets (e.g., logos, official links) and uses repetitive keyword stuffing ('secure crypto portfolio', 'wallet app') typical of SEO-driven phishing pages. No credential fields or JS harvesters were found, but the content is clearly des"
Mistral-Large-3,2341,0,1,0,0.95,0.95,0.25,1.0,0.8400000000000001,high,5,10,10,3,4,3,0.3,1,,,"The domain 'lilbedwordweave.blogspot.com' is a subdomain of Blogspot (Google's free blogging platform), which is a legitimate service. The HTML content shows a typical Blogger page with no password fields, login forms, credential-harvesting JavaScript, hidden iframes, or obfuscated content. The page contains a blog post with metadata consistent with a personal writing blog, and the OSINT dossier confirms the domain is long-established (15.3 years old) with a mainstream Tranco rank (#34,283). No "
Mistral-Large-3,2357,1,1,1,0.98,0.98,0.5,0.15,0.5740000000000001,mid,5,9,5,2,1,2,0.4,1,,,"The domain 'ledgere-livelogin.blogspot.com' is a free Blogspot subdomain impersonating Ledger, a well-known cryptocurrency hardware wallet brand. The page contains no actual login forms or credential-harvesting JS, but it uses brand impersonation to deceive users into believing it is the official Ledger Live login page. The HTML includes a legitimate-looking description of Ledger Live's features, likely copied from the official site, to lend credibility. The absence of a real login form suggests"
Mistral-Large-3,2425,1,1,1,0.92,0.92,0.5,0.65,0.656,mid,6,6,6,0,6,0,0.0,1,,,"The domain is not in the Tranco Top-1M and has a limited OSINT footprint (14 Wayback snapshots over 1.5 years, short-lived certificates). The HTML contains no visible credential-harvesting forms, but the page loads external scripts from a CloudFront CDN (`pubsgppp.c1oudfront.com`) with a typosquatted domain (`c1oudfront` instead of `cloudfront`), a classic phishing tactic. The presence of a `data-device` attribute and dynamic PWA manifest suggests an attempt to mimic a legitimate web app while o"
Mistral-Large-3,2426,1,1,1,0.95,0.95,0.5,0.65,0.6649999999999999,mid,6,7,6,0,6,0,0.0,1,,,"The domain 'aletsmits.shop' is a typosquatting attempt on the legitimate Austrian luxury brand 'Sportalm' (legitimate domain: sportalm.com). The HTML content impersonates the brand with a logo ('sportalm.png'), product categories for fashion/skiwear, and a full e-commerce interface (cart, account login, search). No credential-harvesting forms are visible on the landing page, but the site is structured for scam transactions (fake store). OSINT signals (no Tranco rank, no CT logs) align with a dis"
Mistral-Large-3,2506,0,0,1,0.98,0.98,0.325,1.0,0.861,high,6,10,10,4,5,1,0.1,1,,,"The domain is established (11.3 years old, Tranco rank #25,533, 1000+ Wayback snapshots) and hosted on a reputable ASN (AS16509). The HTML content is consistent with a legitimate SaaS product (StonlyHQ), featuring no password fields, login forms, credential-harvesting JS, hidden iframes, or brand impersonation. The content is localized, non-obfuscated, and lacks phishing patterns like fake CAPTCHAs, redirects, or wallet drainers."
Mistral-Large-3,2522,0,0,1,0.98,0.98,0.7,1.0,0.936,very_high,5,10,10,4,6,0,0.0,1,,,"The domain 'broadwaysf.com' is a legitimate ticketing site for BroadwaySF, a known entertainment brand, and does not exhibit typosquatting or suspicious TLDs. The HTML content lacks credential-harvesting forms, obfuscated JavaScript, or hidden iframes, instead showing preloaded assets from reputable CDNs (e.g., Cloudinary, Cookielaw) and canonical links to the same domain. OSINT signals confirm the domain is established (6.8 years old, 19 years of Wayback snapshots, multiple CT logs) and hosted "
Mistral-Large-3,2554,0,0,1,0.95,0.95,0.7272727272727273,1.0,0.9354545454545455,very_high,6,11,11,5,6,0,0.0,1,,,"The domain is an 8.5-year-old municipal website (Farmington, MN) with a long Wayback Machine history, Tranco rank outside Top-1M but consistent with small-town government sites, and no phishing indicators in the HTML. The page contains legitimate telemetry (Google Analytics, Application Insights), anti-CSRF tokens, and no credential-harvesting forms, hidden iframes, or obfuscated scripts. OSINT signals (domain age, registrar record, ASN longevity) further support legitimacy."
Mistral-Large-3,2555,0,0,1,0.98,0.98,0.3076923076923077,1.0,0.8575384615384616,high,7,13,13,4,8,1,0.07692307692307693,1,,,"The domain 'quooker.co.uk' is a long-established, legitimate brand (Quooker) with a 22-year history, Tranco rank #881k, and consistent archival snapshots. The HTML content shows no credential-harvesting forms, hidden iframes, or obfuscated JavaScript; it is a product catalog page with standard analytics (Google Tag Manager, mPulse) and preloaded images from a known CDN (contentful.com). OSINT signals (domain age, registrar record, ASN longevity) align with a legitimate e-commerce site."
Mistral-Large-3,2595,0,0,1,0.99,0.99,0.8125,1.0,0.9605,very_high,5,8,8,5,3,0,0.0,1,,,"The domain (pcmag.com) is a well-established, mainstream site (Tranco rank #2,305) with a 31-year history in Wayback Machine and a legitimate registrar record. The HTML content is a product review page for 'Radio Garden' with no credential-harvesting forms, hidden iframes, obfuscated JavaScript, or brand impersonation. Third-party scripts are standard ad/tracking integrations (Google Ads, Amazon Ads, Taboola) with no malicious indicators. OSINT signals (domain age, ASN longevity, archival histor"
Mistral-Large-3,2631,0,0,1,0.99,0.99,0.6875,1.0,0.9355,very_high,5,8,8,3,5,0,0.0,1,,,"The domain is 'quoracdn.net', a known content delivery network (CDN) subdomain for Quora, a legitimate and extremely popular site (Tranco rank #455). The domain age (26.1 years), registrar record presence, rich Certificate Transparency history, and hosting on a reputable ASN (AS13335) strongly support legitimacy. The HTML content aligns with Quora's frontend architecture, featuring no credential-harvesting forms, hidden iframes, or obfuscated scripts. Third-party scripts (e.g., Facebook SDK) are"
Mistral-Large-3,2642,0,0,1,0.98,0.98,0.7777777777777778,1.0,0.9515555555555556,very_high,5,9,9,5,4,0,0.0,1,,,"The domain 'allcarehealthalliance.org' is established (9.8 years old, registered with RDAP, rich CT history, and 1000+ Wayback snapshots). The HTML content is a standard WordPress site (wp-includes, wp-emoji, wp-json) with no credential-harvesting forms, hidden iframes, obfuscated JavaScript, or brand impersonation. The page title and meta tags match the domain's stated purpose (healthcare FAQs), and no phishing indicators (e.g., fake login portals, wallet drainers, or redirects) were found."
Mistral-Large-3,2655,0,0,1,0.99,0.99,0.75,1.0,0.9480000000000001,very_high,6,12,12,6,6,0,0.0,1,,,"The domain is en.wikipedia.org, a top-1k Tranco site with 25+ years of Wayback history and a long-standing RDAP record. The HTML content is a standard Wikipedia article page (Kings County California) with no password fields, login forms, credential-harvesting JS, hidden iframes, or brand impersonation. All resources are loaded from Wikimedia-controlled subdomains, and the page matches Wikipedia's canonical structure and licensing."
Mistral-Large-3,2669,0,0,1,0.99,0.99,0.32142857142857145,1.0,0.8622857142857143,high,5,7,7,3,3,1,0.14285714285714285,1,,,"The domain is trustpilot.com, a well-established review platform (Tranco #345, 18+ years old, RDAP-registered, and hosted on a reputable ASN). The HTML content shows no credential-harvesting forms, hidden iframes, obfuscated scripts, or fake updates. Instead, it contains legitimate analytics scripts (Google Tag Manager, Amplitude, Segment), canonical links, and Trustpilot branding assets. The OSINT dossier confirms long-term legitimacy with no phishing red flags."
Mistral-Large-3,2703,0,0,1,0.99,0.99,0.8,1.0,0.9580000000000001,very_high,6,10,10,6,4,0,0.0,1,,,"The domain is wikipedia.org, a top-28 Tranco site with a 25-year history, RDAP records, and archival snapshots dating back 23 years. The HTML content is a standard Wikipedia article page for 'The Road (2009 film)', containing no password fields, login forms, credential-harvesting JavaScript, hidden iframes, or brand impersonation. The page includes legitimate Wikipedia metadata, ResourceLoader scripts, and MediaWiki markup, consistent with the platform's known structure."
Mistral-Large-3,2710,0,0,1,0.99,0.99,0.7857142857142857,1.0,0.9551428571428572,very_high,5,7,7,4,3,0,0.0,1,,,"The domain 'museum.nintendo.com' is a subdomain of Nintendo's official domain, with strong OSINT signals (Tranco rank #624, 31.4-year domain age, 1.7 years of Wayback Machine history, and hosting on a long-standing ASN). The HTML content is consistent with an official Nintendo Museum page, featuring no credential-harvesting forms, hidden iframes, obfuscated scripts, or suspicious redirects. All external resources (Google Maps, Nintendo CDN, Google Tag Manager) are legitimate and expected for a c"
Mistral-Large-3,2712,0,0,1,0.98,0.98,0.75,1.0,0.9460000000000001,very_high,7,12,12,6,6,0,0.0,1,,,"The domain 'irmc.org' is legitimate, with a 28.6-year registration age, a long Wayback Machine history, and hosting on a reputable ASN (AS16509). The HTML content is consistent with a healthcare provider's website, featuring no credential-harvesting forms, hidden iframes, or obfuscated JavaScript. The page includes standard analytics (Google Tag Manager, Crazy Egg) and canonical links, with no signs of brand impersonation or phishing tactics. OSINT signals (Tranco rank, CT logs, RDAP) further su"
Mistral-Large-3,2721,0,0,1,0.95,0.95,0.8125,1.0,0.9525,very_high,3,8,8,5,3,0,0.0,1,,,"The domain has a long history (8.3 years), high Tranco rank (#344,128), and extensive Wayback Machine snapshots, indicating legitimacy. The HTML content lacks phishing indicators such as login forms, credential-harvesting JavaScript, hidden iframes, or brand impersonation. Instead, it contains standard web analytics (Google Analytics, New Relic) and favicon assets typical of a legitimate site. OSINT signals (domain age, CT logs, registrar records) further support benign classification."
Mistral-Large-3,2743,0,0,1,0.99,0.99,0.3181818181818182,1.0,0.8616363636363636,high,5,11,11,4,6,1,0.09090909090909091,1,,,"The domain 'usnews.com' is a well-established, mainstream site (Tranco rank #1,243, 31.3 years old) with no signs of typosquatting or suspicious TLD. The HTML content is a static article page about high school graduation rates, lacking password fields, login forms, credential-harvesting JavaScript, hidden iframes, or brand impersonation. All meta tags and scripts align with legitimate analytics, advertising, and consent management tools (e.g., Google Tag Manager, Optimizely, OneTrust). OSINT sig"
Mistral-Large-3,2768,0,0,1,0.98,0.98,0.3125,1.0,0.8585,high,5,8,8,3,4,1,0.125,1,,,"The domain 'lenovo.com' is a well-established brand with a Tranco rank of #818, 23.7 years of domain age, and extensive Wayback Machine history. The HTML content is consistent with a legitimate product page for Lenovo's Legion Pro 7i laptop, featuring no suspicious forms, credential-harvesting scripts, or hidden iframes. Meta tags and scripts align with known Lenovo tracking and analytics services (e.g., Adobe DTM, Google Tag Manager, Bing Ads). No indicators of phishing (e.g., typosquatting, fa"
Mistral-Large-3,2772,0,0,1,0.98,0.98,0.7272727272727273,1.0,0.9414545454545455,very_high,7,11,11,5,6,0,0.0,1,,,"The domain (hipstamp.com) is a long-established site (10+ years) with a Tranco rank of #172,466 and 1,000+ Wayback snapshots, indicating legitimacy. The HTML content shows no credential-harvesting forms, hidden iframes, obfuscated JavaScript, or brand impersonation. Instead, it features standard e-commerce elements (product listings, Google Analytics, Criteo tracking) and a consistent brand identity ('HipStamp'). OSINT signals (RDAP record, AS13335 hosting, CT logs) further support benign status"
Mistral-Large-3,2774,1,0,0,0.92,0.92,0.5,0.15,0.556,mid,5,8,5,1,3,1,0.2,1,,,"The webpage contains a login form with email and password fields, a common credential harvesting tactic. The domain, while aged (8.6 years), is not in the Tranco Top-1M and has no recent Wayback snapshots (last snapshot 513 days ago), suggesting it may be repurposed for phishing. The static classifier (PhishGraph) flags the HTML as phishing with 88.1% confidence, and the form's structure aligns with credential harvesting patterns despite the lack of overt brand impersonation."
Mistral-Large-3,2802,0,0,1,0.99,0.99,0.29545454545454547,1.0,0.8570909090909091,high,5,11,11,3,7,1,0.09090909090909091,1,,,"The domain is 'www.amazon.com', a top-24 Tranco site with 27+ years of Wayback history, 31+ years of RDAP age, and hosting on a long-standing ASN (AS16509). The HTML contains legitimate Amazon tracking scripts (e.g., 'ue_id', 'ue_sid', 'fls-na.amazon.com'), no password fields, no credential-harvesting JS, no hidden iframes, no obfuscated content, and no brand impersonation. OSINT and HTML evidence align perfectly with Amazon's infrastructure."
Mistral-Large-3,285,1,1,1,0.95,0.95,0.4,0.55,0.595,mid,5,5,5,0,4,1,0.2,1,,,"The domain 'de.kleinanzeigen.com' is a typosquatted lookalike of the legitimate German classifieds site 'kleinanzeigen.de' (note the '.com' vs '.de' TLD and 'de.' subdomain). The HTML content impersonates the brand with identical meta tags, logos, and UI elements, including a login form ('/login') and search functionality. No credential-harvesting JavaScript or hidden iframes were found, but the combination of brand impersonation, typosquatting, and lack of Wayback/OSINT history strongly indicat"
Mistral-Large-3,2859,0,0,1,0.98,0.98,0.75,1.0,0.9460000000000001,very_high,6,12,12,6,6,0,0.0,1,,,"The domain 'forum.intporn.com' is a long-established site (19.5 years old) with a rich archival history (1000+ Wayback snapshots) and legitimate OSINT signals (Tranco rank, RDAP record, diverse CT logs). The HTML content is consistent with a forum platform (XenForo), featuring no credential-harvesting forms, hidden iframes, or obfuscated JavaScript. The page serves amateur photo discussions, aligning with its stated purpose, and lacks phishing indicators like fake login prompts or wallet drainer"
Mistral-Large-3,2871,0,0,1,0.95,0.95,0.3333333333333333,1.0,0.8566666666666667,high,5,9,9,4,4,1,0.1111111111111111,1,,,"The domain has a long history (25+ years in Wayback Machine, 8.9 years in RDAP), a mainstream Tranco rank (#93,859), and is hosted on a reputable ASN (Cloudflare, AS13335). The HTML contains legitimate New Relic RUM instrumentation (NRJS license key, beacon to bam.nr-data.net) and an Anura script (anura.io, a known consent management provider). No credential-harvesting forms, hidden iframes, obfuscated JS, or brand impersonation were found. OSINT signals (domain age, archival history, registrar "
Mistral-Large-3,2880,0,0,1,0.99,0.99,0.7272727272727273,1.0,0.9434545454545455,very_high,4,11,11,5,6,0,0.0,1,,,"The domain is 'wikipedia.org', a top-28 Tranco-ranked site with a 25-year history in Wayback Machine and RDAP records. The HTML content is a standard Wikipedia article page (Rocky Johnson) with no password fields, login forms, credential-harvesting JS, hidden iframes, or redirects. The page uses MediaWiki's characteristic class names, RLCONF structure, and legitimate Wikimedia resource URLs (e.g., upload.wikimedia.org). No phishing indicators were found."
Mistral-Large-3,2893,0,0,1,0.99,0.99,0.3,1.0,0.8580000000000001,high,5,10,10,3,6,1,0.1,1,,,"The domain is google.com, a Tranco Top-1k site with a 28.7-year registration age and extensive Wayback Machine history. The HTML content is a static informational page about Chromebooks, lacking password fields, login forms, credential-harvesting JavaScript, hidden iframes, or obfuscated content. All links are internal to google.com/chromebook/, and the page matches Google's branding and structure."
Mistral-Large-3,2928,0,0,1,0.95,0.95,0.7,1.0,0.93,very_high,5,10,10,4,6,0,0.0,1,,,"The domain 'coloradoofficeofearlychildhood.com' is a legitimate government-affiliated site (Colorado Office of Early Childhood) with no signs of typosquatting or brand impersonation. The HTML content includes standard analytics scripts (Google Analytics, Facebook Pixel), no credential-harvesting forms, hidden iframes, or obfuscated JavaScript. OSINT signals confirm a long-standing domain (12.8 years), consistent archival history, and legitimate hosting (AS16509). No phishing indicators were foun"
Mistral-Large-3,2941,0,0,1,0.99,0.99,0.3125,1.0,0.8605,high,7,8,8,4,2,2,0.25,1,,,"The domain 'businessinsider.com' is a well-established, Tranco Top-1k site with a 28-year history, RDAP records, and consistent Certificate Transparency logs. The HTML content is a news article with no credential-harvesting forms, hidden iframes, or obfuscated JavaScript. Third-party scripts are typical for analytics and ads, and the page matches the expected structure of a legitimate news publication."
Mistral-Large-3,2947,0,0,1,0.98,0.98,0.7727272727272727,1.0,0.9505454545454546,very_high,5,11,11,6,5,0,0.0,1,,,"The domain (help.pasco.com) is a legitimate subdomain of PASCO, a known educational technology brand, with a 32-year registration age and consistent archival history in the Wayback Machine. The HTML content is a static documentation page (mkdocs-generated) with no login forms, password fields, credential-harvesting JavaScript, hidden iframes, or obfuscated content. The page includes only legitimate analytics (Umami) and standard navigation elements, with no signs of brand impersonation or phishi"
Mistral-Large-3,2948,0,0,1,0.95,0.95,0.8,1.0,0.9500000000000001,very_high,5,10,10,6,4,0,0.0,1,,,"The domain (my.ycnga.com) is long-established (28.6 years), has a rich Wayback history (497 snapshots over 10.7 years), and is hosted on a reputable ASN (AS2711, allocated 33 years ago). The HTML contains no credential-harvesting forms, hidden iframes, obfuscated JavaScript, or brand impersonation. The form action posts to the same domain (/onlineportal), and all external resources (Google Maps, jQuery, Bootstrap) are legitimate CDNs. No phishing indicators were found in the URL, HTML, or OSINT "
Mistral-Large-3,2979,0,0,1,0.99,0.99,0.275,1.0,0.8530000000000001,high,7,10,10,3,5,2,0.2,1,,,"The domain (bankofamerica.com) is a Tranco Top-1k site with a 27-year registration history, RDAP records, and Wayback Machine snapshots dating back 20 years. The HTML content includes legitimate Bank of America meta tags, canonical URLs, Google/MS validation tokens, and no credential-harvesting forms or obfuscated JavaScript. All static assets (CSS/JS) are loaded from known Bank of America subdomains (bac-assets.com, secure.bankofamerica.com)."
Mistral-Large-3,2994,0,0,1,0.98,0.98,0.2692307692307692,1.0,0.8498461538461539,high,7,13,13,3,8,2,0.15384615384615385,1,,,"The domain 'collegevine.com' is a well-established, mainstream site (Tranco rank #70,448) with a long history (11.1 years old, 1000+ Wayback snapshots). The HTML content shows no credential-harvesting forms, hidden iframes, obfuscated JavaScript, or brand impersonation. Favicons, canonical URLs, and social meta tags all point to the legitimate 'CollegeVine' brand. Third-party scripts (Segment, HubSpot, Google Analytics) are standard for a commercial site and do not exhibit malicious behavior."
Mistral-Large-3,2995,0,0,1,0.98,0.98,0.8571428571428571,1.0,0.9674285714285715,very_high,5,7,7,5,2,0,0.0,1,,,"The domain 'montgomerycountymd.gov' is a legitimate government site (Tranco rank #34,247, 23.7 years old, RDAP-registered, and hosted on a long-standing ASN). The HTML content shows no credential-harvesting forms, hidden iframes, obfuscated JavaScript, or brand impersonation. Instead, it contains standard government website elements (search bar, navigation menus, social media links, and official county branding). OSINT signals (Wayback history, CT logs, and domain age) further confirm legitimacy"
Mistral-Large-3,3048,0,0,1,0.98,0.98,0.3055555555555556,1.0,0.8571111111111112,high,5,9,9,3,5,1,0.1111111111111111,1,,,"The domain 'breezeline.com' is legitimate, with a long history (26.4 years), high Tranco rank (#242,650), and consistent archival presence (1000+ Wayback snapshots). The HTML content includes standard analytics and tracking scripts (e.g., Google Tag Manager, Facebook Pixel, TikTok Pixel) typical of a commercial ISP website, with no credential-harvesting forms, obfuscated JavaScript, or hidden iframes. The OSINT dossier confirms the domain's legitimacy (multi-year RDAP age, diverse CT logs, estab"
Mistral-Large-3,305,1,1,1,0.98,0.98,0.5,0.65,0.674,mid,7,4,7,1,5,1,0.14285714285714285,1,,,"The domain is not the official DPD domain (dpd.com) and exhibits multiple phishing indicators: typosquatting-like path ('k281_pt_post_dpt_index'), obfuscated JavaScript for delayed content decoding, and a login form (truncated but implied by WordPress plugin paths like 'dpd-forms-management'). The OSINT dossier reveals a fresh domain (208 days old), no Tranco rank, no Wayback history, and hosting on a Chinese ASN (AS132203), all atypical for a legitimate DPD portal. The page impersonates DPD's b"
Mistral-Large-3,3057,0,0,1,0.99,0.99,0.34375,1.0,0.86675,high,6,8,8,4,3,1,0.125,1,,,"The domain 'forksoverknives.com' is a well-established site (Tranco rank #79,024, 16.7 years old, 1000+ Wayback snapshots, and rich CT log history). The HTML content is a static article page about knife skills, with no login forms, password fields, credential-harvesting JavaScript, hidden iframes, or obfuscated content. All external scripts (Google Analytics, Klaviyo, Hotjar) are legitimate analytics/tracking tools, and the canonical URL matches the domain. No phishing indicators were found."
Mistral-Large-3,3075,0,0,1,0.98,0.98,0.32142857142857145,1.0,0.8602857142857143,high,6,14,14,5,8,1,0.07142857142857142,1,,,"The domain '888tuffshed.com' is a 22-year-old established site with a long Wayback Machine history, Tranco rank absence is explainable for a niche brand, and the registrar record is legitimate. HTML content shows no credential-harvesting forms, hidden iframes, obfuscated JS, or fake updates; instead, it contains standard WordPress assets, Google Analytics, Facebook tracking, and canonical links to the same domain. The page title and branding match the legitimate 'Tuff Shed' company, and no phish"
Mistral-Large-3,3085,0,0,1,0.98,0.98,0.7,1.0,0.936,very_high,5,10,10,4,6,0,0.0,1,,,"The domain 'ir.redwirespace.com' is a legitimate subdomain of 'redwirespace.com', a known aerospace corporation (Redwire Corporation). The OSINT dossier confirms long-term legitimacy (5.9-year domain age, 4.7-year Wayback history, Tranco rank #642,837). The HTML content aligns with a corporate investor relations page, lacking phishing indicators such as login forms, credential-harvesting JavaScript, hidden iframes, or brand impersonation. Canonical links and schema.org metadata match the declare"
Mistral-Large-3,3087,0,0,1,0.85,0.85,0.8125,1.0,0.9325,very_high,4,8,8,5,3,0,0.0,1,,,"The domain 'debtsaversusa.com' is not typosquatting a known brand, has an 8.7-year registration age, and resolves to a reputable ASN (Cloudflare). The HTML contains no password fields, login forms, credential-harvesting JavaScript, hidden iframes, or obfuscated content. It is a lead-generation form for debt consolidation, with legitimate tracking scripts (Google Tag Manager, Facebook Pixel) and no signs of brand impersonation or fake updates. OSINT signals (Wayback history, CT logs, RDAP records"
Mistral-Large-3,3095,0,0,1,0.98,0.98,0.3333333333333333,1.0,0.8626666666666667,high,7,12,12,5,6,1,0.08333333333333333,1,,,"The domain 'netkeiba.com' is a well-established, mainstream site (Tranco rank #1,472) with a 26.9-year registration age and extensive Wayback Machine history. The HTML content is consistent with a legitimate Japanese horse racing database, featuring no credential-harvesting forms, hidden iframes, obfuscated scripts, or brand impersonation. Third-party scripts (e.g., Taboola, Criteo, Google Analytics) are typical for ad-supported sites and do not exhibit malicious behavior. OSINT signals (long do"
Mistral-Large-3,3105,0,0,1,0.99,0.99,0.2857142857142857,1.0,0.8551428571428572,high,8,14,14,3,10,1,0.07142857142857142,1,,,"The domain is 'www.amazon.com', a well-established, top-ranked site (Tranco #24) with a 31.5-year registration age and extensive Wayback Machine history. The HTML content includes Amazon's proprietary tracking scripts (e.g., 'ue_id', 'ue_sid', 'ue_mid'), legitimate DNS prefetching for Amazon CDNs, and no signs of credential-harvesting forms, obfuscated JavaScript, or brand impersonation. OSINT signals (RDAP records, AS16509 hosting, long-standing CT diversity) further confirm legitimacy."
Mistral-Large-3,3126,0,0,1,0.99,0.99,0.25,1.0,0.8480000000000001,high,5,10,10,3,4,3,0.3,1,,,"The domain is 'www.amazon.com', a well-established, top-ranked site (Tranco #24) with a 31.5-year history, legitimate RDAP records, and hosting on a long-standing ASN (AS16509). The HTML content includes Amazon-specific tracking scripts (e.g., 'images-na.ssl-images-amazon.com', 'fls-na.amazon.com'), legitimate session IDs ('ue_sid', 'ue_mid'), and no credential-harvesting forms, obfuscated JS, or hidden iframes. OSINT signals (Wayback Machine, domain age) and static classifier opinions (PhishGra"
Mistral-Large-3,3127,0,0,1,0.99,0.99,0.6818181818181818,1.0,0.9343636363636364,very_high,10,11,11,4,7,0,0.0,1,,,"The domain (fgcu.zendesk.com) is a legitimate subdomain of Zendesk, a known customer support platform, and is associated with Florida Gulf Coast University (FGCU), a real educational institution. The URL and HTML content show no signs of credential harvesting, brand impersonation, or malicious scripts. The page is a knowledge base article with no login forms, password fields, or suspicious redirects. OSINT signals (Tranco rank, domain age, Wayback Machine history, and certificate transparency) s"
Mistral-Large-3,3141,0,0,1,0.98,0.98,0.6538461538461539,1.0,0.9267692307692308,very_high,10,13,13,4,9,0,0.0,1,,,"The domain is pay.gov, a legitimate U.S. government website (Tranco rank #43,653, 27.4-year domain age, .gov TLD). The HTML content includes official U.S. government branding (USA banner, .gov validation, CSRF tokens, and government analytics scripts like Digital.gov). No credential-harvesting forms, hidden iframes, obfuscated JavaScript, or suspicious redirects were found. OSINT signals (Wayback Machine history, RDAP records, long-standing ASN) further confirm legitimacy."
Mistral-Large-3,3154,0,0,1,0.99,0.99,0.3409090909090909,1.0,0.8661818181818182,high,6,11,11,5,5,1,0.09090909090909091,1,,,"The domain 'cargurus.com' is a well-established, mainstream site (Tranco rank #4,101) with a 26.8-year history, legitimate registrar records, and consistent archival snapshots. The HTML content aligns with a legitimate automotive marketplace, featuring no credential-harvesting forms, hidden iframes, or obfuscated scripts. Third-party resources (Google Tag Manager, DataDome, DoubleClick) are industry-standard for analytics and security, and the page title/meta tags match the expected brand identi"
Mistral-Large-3,3176,0,0,1,0.99,0.99,0.6666666666666666,1.0,0.9313333333333333,very_high,6,12,12,4,8,0,0.0,1,,,"The domain is 'yahoo.com' (Tranco rank #53, 31.3 years old), hosted on a long-standing ASN (AS10310). The HTML content is consistent with Yahoo Finance's legitimate frontend: no password fields, no credential-harvesting JS, no hidden iframes, no brand impersonation, and no obfuscated redirects. The page includes preconnects to known Yahoo subdomains (s.yimg.com, geo.yahoo.com) and legitimate third-party resources (cdn.jsdelivr.net). OSINT signals (Wayback history, RDAP age, CT logs) further conf"
Mistral-Large-3,3182,0,0,1,0.98,0.98,0.3,1.0,0.8560000000000001,high,6,10,10,3,6,1,0.1,1,,,"The domain (heb.com) is a well-established brand (Tranco rank #12,229, 31.4 years old) with a long Wayback Machine history and diverse Certificate Transparency logs. The HTML content aligns with a legitimate grocery retailer's webpage, featuring no password fields, login forms, or credential-harvesting JavaScript. Static resources (favicons, scripts) are hosted on subdomains of heb.com or trusted third parties (e.g., googletagmanager.com). No phishing indicators (typosquatting, hidden iframes, o"
Mistral-Large-3,3201,0,0,1,0.98,0.98,0.34375,1.0,0.86475,high,4,8,8,4,3,1,0.125,1,,,"The domain is a well-established, mainstream site (Tranco rank #31,709) with a 14.6-year registration age and extensive Wayback Machine history. The HTML content lacks phishing indicators such as password fields, credential-harvesting JavaScript, hidden iframes, or brand impersonation. Instead, it loads legitimate third-party scripts (e.g., Google Tag Manager, Amplitude analytics) and internal assets from a subdomain of the same domain (carwow.co.uk), consistent with a legitimate automotive comp"
Mistral-Large-3,3211,0,0,1,0.98,0.98,0.3125,1.0,0.8585,high,5,12,12,4,7,1,0.08333333333333333,1,,,"The domain 'everydayhealth.com' is a well-established, mainstream site (Tranco rank #4,659) with a 21.6-year domain age and extensive Wayback Machine history. The HTML content lacks phishing indicators such as password fields, credential-harvesting JavaScript, hidden iframes, or brand impersonation. Instead, it features legitimate analytics scripts (Google Tag Manager, Google Analytics), preconnects to known CDNs, and serves health-related content without suspicious redirects or obfuscation."
Mistral-Large-3,3219,0,0,1,0.99,0.99,0.325,1.0,0.863,high,6,10,10,4,5,1,0.1,1,,,"The domain 'allrecipes.com' is a well-established, mainstream site (Tranco rank #2,999, 27.9 years old) with a long Wayback Machine history and legitimate registrar records. The HTML content is a recipe page with no credential-harvesting forms, hidden iframes, obfuscated JavaScript, or brand impersonation. Third-party scripts (Google Tag Manager, analytics) are typical for a commercial recipe site. OSINT signals (domain age, archival history, ASN reputation) strongly support legitimacy."
Mistral-Large-3,3221,0,0,1,0.98,0.98,0.3,1.0,0.8560000000000001,high,8,10,10,3,6,1,0.1,1,,,"The domain 'bullionbypost.co.uk' is a well-established, Tranco-ranked site with a 17-year history, legitimate registrar records, and no signs of typosquatting or suspicious TLDs. The HTML content lacks credential-harvesting forms, obfuscated JavaScript, or hidden iframes, instead featuring legitimate e-commerce elements (product listings, regional redirects, and verified analytics/tagging scripts). OSINT signals (Wayback Machine, domain age, ASN longevity) further corroborate legitimacy."
Mistral-Large-3,3227,0,0,1,0.98,0.98,0.325,1.0,0.861,high,6,10,10,4,5,1,0.1,1,,,"The domain 'enerpac.com' is a well-established industrial brand (Tranco rank #151,387, 30.6-year domain age, 27.5 years of Wayback snapshots, and diverse Certificate Transparency logs). The HTML content is a product page for an Enerpac hydraulic torque wrench, with no login forms, password fields, credential-harvesting JavaScript, hidden iframes, or obfuscated content. Third-party scripts (Google Tag Manager, Clarity, LinkedIn Insights) are standard analytics tools, and the canonical URL matches"
Mistral-Large-3,3235,0,0,1,0.98,0.98,0.3,1.0,0.8560000000000001,high,6,10,10,3,6,1,0.1,1,,,"The domain (cdrnet.org) is legitimate, with a 27-year history, Tranco rank in the top 1M, and no signs of typosquatting or suspicious TLD. The HTML content is consistent with a professional credentialing organization (Commission on Dietetic Registration), featuring no password fields, login forms, or credential-harvesting JavaScript. Links point to secure subdomains of eatright.org and cdrnet.org, and no hidden iframes, obfuscated scripts, or fake updates were detected. OSINT signals (Wayback hi"
Mistral-Large-3,3249,0,0,1,0.99,0.99,0.7222222222222222,1.0,0.9424444444444445,very_high,6,9,9,4,5,0,0.0,1,,,"The domain is 'wikipedia.org', a top-1k Tranco site with 25+ years of archival history and a long-standing RDAP record. The HTML content is a Wikipedia article page ('Thirteen (2003 film)') with no credential-harvesting forms, hidden iframes, obfuscated JS, or brand impersonation. All OSINT signals (Wayback, CT, ASN age) confirm legitimacy, and the static classifier also labeled it benign."
Mistral-Large-3,3276,0,0,1,0.98,0.98,0.34375,1.0,0.86475,high,3,8,8,4,3,1,0.125,1,,,"The domain 'mirror.co.uk' is a well-established, mainstream news site (Tranco rank #2,027, 30+ years old, rich Wayback history, and diverse CT logs). The HTML contains no credential-harvesting forms, hidden iframes, obfuscated scripts, or fake updates. Third-party analytics/tracking scripts (e.g., TikTok, Facebook, Amplitude) are standard for a commercial news publisher and do not exhibit phishing behaviors. OSINT signals (long domain age, reputable ASN, consistent archival snapshots) strongly s"
Mistral-Large-3,3302,0,0,1,0.98,0.98,0.7857142857142857,1.0,0.9531428571428572,very_high,5,7,7,4,3,0,0.0,1,,,"The domain is a long-established, legitimate government site (williamsoncounty-tn.gov) with a 23-year history, Tranco rank in the top 1M, and consistent archival snapshots. The HTML contains no credential-harvesting forms, hidden iframes, or obfuscated JavaScript; instead, it includes standard telemetry (Google Analytics, Application Insights), anti-CSRF tokens, and accessibility scripts. OSINT signals (RDAP age, CT logs, ASN longevity) further support legitimacy."
Mistral-Large-3,3338,0,0,1,0.99,0.99,0.75,1.0,0.9480000000000001,very_high,6,8,8,4,4,0,0.0,1,,,"The domain 'fs.usda.gov' is a legitimate subdomain of the U.S. Forest Service (USDA), confirmed by Tranco rank (#876), 28.6-year domain age, and RDAP records. The HTML content lacks phishing indicators such as password fields, credential-harvesting JavaScript, hidden iframes, or brand impersonation. It includes official USDA/Forest Service branding, a .gov banner, and legitimate analytics scripts (Google Tag Manager, DigitalGov). The canonical URL and meta tags align with the domain's purpose."
Mistral-Large-3,3347,0,0,1,0.95,0.95,0.34375,1.0,0.85875,high,5,8,8,4,3,1,0.125,1,,,"The domain 'ondemand.jazzercise.com' is a subdomain of 'jazzercise.com', a well-known fitness brand with a 30.5-year domain history and a Tranco rank of #224,009. The HTML content includes legitimate third-party analytics and marketing scripts (HubSpot, Google Analytics, Facebook Pixel, Hotjar) with no credential-harvesting forms, hidden iframes, or obfuscated JavaScript. The OSINT dossier confirms long-term domain registration, consistent certificate transparency logs, and no red flags in hosti"
Mistral-Large-3,3359,0,0,1,0.99,0.99,0.3,1.0,0.8580000000000001,high,7,10,10,3,6,1,0.1,1,,,"The domain 'ageofempires.com' is a well-established, mainstream site (Tranco rank #46,154) with a 26-year history, verified by Wayback Machine snapshots, RDAP records, and diverse Certificate Transparency logs. The HTML content is consistent with a legitimate gaming franchise page, featuring no credential-harvesting forms, hidden iframes, obfuscated scripts, or suspicious redirects. All external resources (e.g., analytics, fonts) are from reputable providers (Google, Microsoft, Adobe)."
Mistral-Large-3,3369,0,0,1,0.98,0.98,0.3076923076923077,1.0,0.8575384615384616,high,4,13,13,4,8,1,0.07692307692307693,1,,,"The domain 'christianlouboutin.com' is a legitimate, well-established brand (Tranco rank #33,270, 19.5 years old, 15.9 years of Wayback Machine history). The HTML content shows no credential-harvesting forms, hidden iframes, obfuscated JavaScript, or redirects to suspicious domains. All external scripts (Google Tag Manager, Datadog, Adyen) are from reputable vendors associated with e-commerce analytics and payments. The page is a standard luxury retail site with no phishing indicators."
Mistral-Large-3,3401,0,0,1,0.99,0.99,0.75,1.0,0.9480000000000001,very_high,5,10,10,5,5,0,0.0,1,,,"The domain 'puzzles.usatoday.com' is a subdomain of 'usatoday.com', a well-established and highly ranked news site (Tranco #546). The OSINT dossier confirms long-term legitimacy (23+ years in Wayback Machine, 32+ years domain age, reputable registrar, and hosting on a long-standing ASN). The HTML content aligns with a legitimate crossword puzzle archive, featuring no credential-harvesting forms, hidden iframes, obfuscated scripts, or suspicious redirects. Third-party resources (e.g., Google Anal"
Mistral-Large-3,3409,0,0,1,0.98,0.98,0.8571428571428571,1.0,0.9674285714285715,very_high,5,7,7,5,2,0,0.0,1,,,"The domain 'entercostarica.com' is a long-established site (17.4 years old) with a rich archival history (1000+ Wayback snapshots) and no signs of typosquatting or brand impersonation of a high-value target. The HTML contains no credential-harvesting forms, hidden iframes, obfuscated JavaScript, or fake updates; it is a static informational page about a resort with legitimate Google Maps integration and canonical links to the same domain. OSINT signals (Tranco rank, domain age, CT logs, registra"
Mistral-Large-3,3416,0,0,1,0.98,0.98,0.3,1.0,0.8560000000000001,high,6,10,10,3,6,1,0.1,1,,,"The domain 'onlinejobs.ph' is a well-established site (Tranco rank #8,277, 17+ years of Wayback Machine history, and multi-year Certificate Transparency logs). The HTML content shows no credential-harvesting forms, hidden iframes, obfuscated JavaScript, or fake updates. Instead, it contains legitimate analytics scripts (Google Tag Manager, Facebook Pixel, Matomo), standard meta tags, and a clear business purpose (job listings for Filipino workers). The static classifier (PhishGraph) also labeled"
Mistral-Large-3,3425,0,0,1,0.95,0.95,0.6666666666666666,0.25,0.4733333333333333,low,5,9,9,3,6,0,0.0,1,,,"The domain 'baxterblue.com.au' is a legitimate Australian eyewear retailer with a long Wayback Machine history (8.4 years) and no signs of typosquatting or brand impersonation. The HTML content includes standard Shopify e-commerce scripts (e.g., 'baxter-blue-glasses.myshopify.com'), marketing pixels (Facebook, Google Analytics), and no credential-harvesting forms, hidden iframes, or obfuscated malicious JavaScript. The page is a blog post about reading glasses, lacking phishing indicators like l"
Mistral-Large-3,3448,0,0,1,0.99,0.99,0.7272727272727273,1.0,0.9434545454545455,very_high,5,11,11,5,6,0,0.0,1,,,"The domain 'britannica.com' is a well-established, highly ranked site (Tranco #613) with a 30-year history, verified by Wayback Machine snapshots, RDAP records, and Certificate Transparency logs. The HTML content is consistent with a legitimate encyclopedia article page, featuring no credential-harvesting forms, hidden iframes, obfuscated scripts, or brand impersonation. The page includes standard analytics and consent scripts (e.g., Google Tag Services, VWO) without suspicious redirects or fake"
Mistral-Large-3,3480,0,0,1,0.98,0.98,0.3055555555555556,1.0,0.8571111111111112,high,5,9,9,3,5,1,0.1111111111111111,1,,,"The domain 'hertzcarsales.com' is a legitimate, long-standing site (28.1 years old, Tranco rank #91,612) with no signs of typosquatting or brand impersonation. The HTML content lacks phishing indicators such as password fields, credential-harvesting JavaScript, hidden iframes, or obfuscated scripts. Instead, it contains standard analytics and marketing scripts (e.g., Google Tag Manager, Facebook Pixel, Clarity) typical of a commercial automotive sales platform. OSINT signals (Wayback Machine his"
Mistral-Large-3,3532,0,0,1,0.99,0.99,0.275,1.0,0.8530000000000001,high,10,10,10,3,5,2,0.2,1,,,"The domain 'indeed.com' is a well-established, top-ranked job search and review site (Tranco #389) with a 28-year history, legitimate RDAP records, and consistent archival presence. The HTML content is a company review page for McDonald's, containing no password fields, login forms, credential-harvesting JavaScript, hidden iframes, or obfuscated content. All third-party scripts (Google Analytics, ScorecardResearch, Google Tag Manager) are standard analytics tools, and the canonical URL matches t"
Mistral-Large-3,3534,0,0,1,0.99,0.99,0.275,1.0,0.8530000000000001,high,6,10,10,3,5,2,0.2,1,,,"The domain (libreoffice.org) is a well-established, mainstream site with a Tranco rank of #4,941, 15.8 years of domain age, and 15.6 years of Wayback Machine history. The HTML content is consistent with a legitimate donation page for LibreOffice, featuring no password fields, credential-harvesting JavaScript, hidden iframes, or obfuscated content. The page includes Google reCAPTCHA and Piwik analytics, which are standard for legitimate sites. No indicators of brand impersonation, fake updates, o"
Mistral-Large-3,3536,0,0,1,0.99,0.99,0.3611111111111111,1.0,0.8702222222222222,high,6,9,9,5,3,1,0.1111111111111111,1,,,"The domain 'archives.gov' is a well-established, high-ranking Tranco site with a 25-year history, RDAP records, and consistent Wayback Machine snapshots. The HTML content is a static informational page about the Tonkin Gulf Resolution, with no login forms, password fields, credential-harvesting JavaScript, hidden iframes, or redirects. All external scripts (Google Analytics, CrazyEgg, etc.) are legitimate analytics tools, and the page metadata aligns with the National Archives' branding."
Mistral-Large-3,3540,0,0,1,0.98,0.98,0.3125,1.0,0.8585,high,4,8,8,3,4,1,0.125,1,,,"The domain 'mattressfirm.com' is a well-established, legitimate brand with a 27-year history (OSINT dossier). The URL and HTML content align with a legitimate store locator page for Mattress Firm, featuring no credential-harvesting forms, hidden iframes, or obfuscated JavaScript. The page includes standard analytics and marketing scripts, canonical links to the official domain, and no indicators of brand impersonation or phishing tactics. OSINT signals (Tranco rank, Wayback history, RDAP age) fu"
Mistral-Large-3,3611,0,0,1,0.99,0.99,0.32142857142857145,1.0,0.8622857142857143,high,6,7,7,3,3,1,0.14285714285714285,1,,,"The domain 'cityofcapegirardeau.org' is a legitimate municipal website with a 24.5-year history, RDAP records, and consistent Certificate Transparency logs. The HTML content lacks phishing indicators such as login forms, credential-harvesting JavaScript, hidden iframes, or brand impersonation. Instead, it includes standard municipal website elements (contact info, civic services) and legitimate third-party scripts (Google Analytics, Facebook SDK). OSINT signals (Wayback Machine history, Tranco a"
Mistral-Large-3,3619,0,0,1,0.99,0.99,0.2916666666666667,1.0,0.8563333333333334,high,8,12,12,4,6,2,0.16666666666666666,1,,,"The domain 'ftw.usatoday.com' is a subdomain of 'usatoday.com', a well-known and established news site (Tranco rank #546, 32.1 years old). The HTML content is a legitimate news article about basketball tickets, with no password fields, login forms, credential-harvesting JS, hidden iframes, or obfuscated content. The OSINT dossier confirms long-term legitimacy (13+ years in Wayback Machine, multi-year RDAP age, diverse CT logs). Ad-related preconnects and scripts are typical for news sites and no"
Mistral-Large-3,3641,0,0,1,0.98,0.98,0.25,1.0,0.8460000000000001,high,5,9,9,2,5,2,0.2222222222222222,1,,,"The domain (att.com) is a well-established, mainstream site with a Tranco rank of #1,422, a 40-year domain age, and a rich history in Wayback Machine and Certificate Transparency logs. The HTML content is a legitimate AT&T business login page, featuring standard authentication flows (OAuth/OIDC redirects to oidc.idp.blogin.att.com), no obfuscated JavaScript, no hidden iframes, and no credential-harvesting endpoints. All external scripts (Adobe DTM, Quantum Metric, Oracle Infinity) are from known"
Mistral-Large-3,3660,0,0,1,0.99,0.99,0.28125,1.0,0.8542500000000001,high,5,8,8,3,3,2,0.25,1,,,"The domain is 'www.amazon.com', a well-established, top-ranked site (Tranco #24) with a 31.5-year history, long-standing RDAP records, and hosting on a reputable ASN (AS16509). The HTML content includes Amazon-specific tracking IDs (e.g., 'ATVPDKIKX0DER'), legitimate JavaScript telemetry (e.g., 'ue_id', 'ue_sid'), and no credential-harvesting forms, obfuscated scripts, or brand impersonation. OSINT signals (Wayback Machine, domain age) further confirm legitimacy."
Mistral-Large-3,3664,0,0,1,0.99,0.99,0.7222222222222222,1.0,0.9424444444444445,very_high,5,9,9,4,5,0,0.0,1,,,"The domain 'lonestar-online.libguides.com' is a subdomain of 'libguides.com', a known platform for academic library guides, and aligns with the content (Chicago Style citation guide for Lone Star College Online). The OSINT dossier confirms the domain's long-standing legitimacy (19.2 years old, Tranco rank #9,031, 290 Wayback snapshots). The HTML contains no credential-harvesting forms, hidden iframes, obfuscated JavaScript, or brand impersonation. All external resources (CDN, jQuery, H5P) are fr"
Mistral-Large-3,3691,0,0,1,0.99,0.99,0.3409090909090909,1.0,0.8661818181818182,high,6,11,11,5,5,1,0.09090909090909091,1,,,"The domain 'nature.com' is a well-established, high-ranking site (Tranco #298) with a 31.8-year history, legitimate registrar records, and consistent archival presence. The HTML content is a scholarly article page from 'Nature Aging' with no credential-harvesting forms, hidden iframes, or obfuscated scripts. Third-party scripts (Google Ads, GTM) are standard for a major publisher. OSINT signals (Wayback Machine, RDAP, ASN age) strongly support legitimacy."
Mistral-Large-3,3718,0,0,1,0.99,0.99,0.34375,1.0,0.86675,high,5,8,8,4,3,1,0.125,1,,,"The domain (jigsawplanet.com) is a well-established site (Tranco rank #6,058, 20+ years old, 1000+ Wayback snapshots, diverse CT logs). The HTML content shows no credential-harvesting forms, hidden iframes, obfuscated JS, or brand impersonation. It is a puzzle-sharing page with legitimate third-party scripts (Cookiebot, Google Tag Manager) and canonical metadata pointing to the same domain. OSINT signals (long domain age, registrar record, rich CT history) align with a benign site."
Mistral-Large-3,3733,0,0,1,0.99,0.99,0.275,1.0,0.8530000000000001,high,5,10,10,3,5,2,0.2,1,,,"The domain is eBay's legitimate domain (ebay.com), a top-210 Tranco site with a 30-year history, RDAP records, and rich Certificate Transparency logs. The HTML contains no password fields, login forms, credential-harvesting JavaScript, hidden iframes, or obfuscated content. All static resources (images, scripts, prefetch links) resolve to eBay-controlled subdomains (ebaystatic.com, ebay.com) and known analytics providers (Google, Bing, Facebook). The page is a product listing with no phishing in"
Mistral-Large-3,3751,0,0,1,0.99,0.99,0.34375,1.0,0.86675,high,5,8,8,4,3,1,0.125,1,,,"The domain (yelp.com) is a well-established, top-1k Tranco site with a 22-year registration history, hosted on a reputable ASN (AS54113). The HTML content includes legitimate analytics scripts (Google Tag Manager, Bing, ScorecardResearch), canonical links to Yelp's CDN (s3-media0.fl.yelpcdn.com), and no credential-harvesting forms, obfuscated JavaScript, or brand impersonation. OSINT signals (domain age, registrar record, Wayback absence due to dynamic content) align with a legitimate business p"
Mistral-Large-3,3761,0,0,1,0.99,0.99,0.3333333333333333,1.0,0.8646666666666667,high,6,9,9,4,4,1,0.1111111111111111,1,,,"The domain 'carparts.com' is a well-established, mainstream site (Tranco rank #21,466) with a 27-year history, verified by Wayback Machine snapshots, RDAP records, and Certificate Transparency logs. The HTML content is a legitimate automotive blog post about OBD-II code P0456, with no password fields, login forms, credential-harvesting JavaScript, hidden iframes, or other phishing indicators. Social media and canonical metadata align with the brand's official presence, and no suspicious redirect"
Mistral-Large-3,3764,0,0,1,0.99,0.99,0.7,1.0,0.9380000000000001,very_high,7,10,10,4,6,0,0.0,1,,,"The domain 'en-uk.ring.com' is a legitimate subdomain of Ring, a well-known brand (Tranco rank #734, 31.2-year domain age, and extensive Wayback Machine history). The page is a 404 error page with no credential-harvesting forms, hidden iframes, or obfuscated JavaScript. All resources (CDN, scripts) are hosted on known Shopify and Ring domains, and the HTML includes legitimate Shopify storefront metadata (e.g., 'ring-uk.myshopify.com'). OSINT signals (CT logs, RDAP, ASN age) further confirm the d"
Mistral-Large-3,3773,0,0,1,0.99,0.99,0.34375,1.0,0.86675,high,5,8,8,4,3,1,0.125,1,,,"The domain 'azlyrics.com' is a well-established, mainstream site (Tranco rank #11,146) with a 25.5-year history, verified by Wayback Machine snapshots and RDAP records. The HTML content is consistent with a lyrics website, featuring no password fields, login forms, credential-harvesting JavaScript, hidden iframes, or brand impersonation. Third-party scripts (e.g., Google Analytics, Cookiebot) are typical for legitimate sites. OSINT signals (domain age, registrar legitimacy, ASN longevity) furthe"
Mistral-Large-3,3787,0,0,1,0.98,0.98,0.3125,1.0,0.8585,high,9,12,12,4,7,1,0.08333333333333333,1,,,"The domain (ppar.com) is a long-established, mainstream site (Tranco rank #27,965, 21.2 years old) with a rich archival history (1000+ Wayback snapshots) and legitimate infrastructure (AS14618, multiple CT logs, wildcard cert). The HTML content aligns with a realtor association's website, featuring no credential-harvesting forms, hidden iframes, or obfuscated scripts. Google Analytics, reCAPTCHA, and Google Maps APIs are standard for legitimate sites. The static classifier (PhishGraph) also lean"
Mistral-Large-3,3826,0,0,1,0.99,0.99,0.3,1.0,0.8580000000000001,high,6,10,10,3,6,1,0.1,1,,,"The domain is 'reddit.com', a Tranco Top-100 site with a 21-year registration age and no signs of typosquatting or suspicious hosting. The HTML content is a Reddit discussion page (r/Buddhism) with no password fields, login forms, or credential-harvesting JavaScript. The page includes legitimate Reddit static assets (redditstatic.com) and standard reCAPTCHA scripts, with no hidden iframes, obfuscated content, or brand impersonation. OSINT signals (domain age, registrar records, ASN reputation) f"
Mistral-Large-3,3830,0,0,1,0.92,0.92,0.1875,1.0,0.8215,high,5,12,12,1,7,4,0.3333333333333333,1,,,"The domain 'chooseyourcard.com' is a legitimate gift card service with a 13.2-year registration age, rich Wayback Machine history (38 snapshots), and valid Certificate Transparency logs. The HTML content includes no password fields, login forms, or credential-harvesting JavaScript; instead, it features consistent branding, canonical links to the official domain, and external resources from reputable CDNs (e.g., Google Fonts, hCaptcha). The OSINT dossier confirms established infrastructure (AS195"
Mistral-Large-3,3890,0,0,1,0.98,0.98,0.34375,1.0,0.86475,high,5,8,8,4,3,1,0.125,1,,,"The domain 'pilotmall.com' is legitimate, with a 26.3-year history, Tranco rank #375,914, and consistent archival snapshots. The HTML content is a blog post about Cessna aircraft, lacking password fields, login forms, or credential-harvesting JavaScript. Third-party scripts (Shopify, Facebook, Klaviyo) are standard for e-commerce analytics. No phishing indicators (typosquatting, hidden iframes, obfuscated content, or fake updates) were found."
Mistral-Large-3,3891,0,0,1,0.99,0.99,0.3181818181818182,1.0,0.8616363636363636,high,6,11,11,4,6,1,0.09090909090909091,1,,,"The domain 'blog.hubspot.com' is a legitimate subdomain of HubSpot, a well-known marketing and sales platform, with a Tranco rank of #253 and a domain age of 21.3 years. The HTML content is a blog post about Excel charts, containing no password fields, login forms, credential-harvesting JavaScript, hidden iframes, or other phishing indicators. Third-party scripts (e.g., Google Analytics, Facebook Pixel) are standard for legitimate sites. OSINT signals (Wayback Machine history, RDAP records, ASN "
Mistral-Large-3,3920,0,0,1,0.98,0.98,0.35,1.0,0.866,high,7,10,10,5,4,1,0.1,1,,,"The domain 'productplan.com' is a well-established site (Tranco rank #74,020, 22.8 years old, 1000+ Wayback snapshots, diverse CT logs). The HTML content is a legitimate educational article about user stories, with no password fields, login forms, credential-harvesting JS, hidden iframes, or obfuscated content. Third-party scripts (HubSpot, LinkedIn, Google Analytics) are standard for a corporate site and not indicative of phishing. The static classifier (PhishGraph) also labeled it benign (2.2%"
Mistral-Large-3,3931,0,0,1,0.95,0.95,0.8333333333333334,1.0,0.9566666666666668,very_high,6,9,9,6,3,0,0.0,1,,,"The domain has a long-standing history (24.7 years old, 4.6 years of Wayback snapshots, Tranco rank #986,268) and no signs of typosquatting, unusual TLDs, or free hosting. The HTML content shows a legitimate-looking internal application ('Parks & Recreation') with no password fields, login forms, credential-harvesting JavaScript, hidden iframes, or brand impersonation. The static classifier opinions (PhishGraph: 93% phishing) are contradicted by the OSINT dossier and clean HTML content, suggesti"
Mistral-Large-3,3939,0,0,1,0.99,0.99,0.3269230769230769,1.0,0.8633846153846154,high,7,13,13,5,7,1,0.07692307692307693,1,,,"The domain 'hellomagazine.com' is a well-established, mainstream site (Tranco rank #12,767) with a 28.7-year history, RDAP registrar record, and rich Certificate Transparency logs. The HTML content is a legitimate celebrity news article with no credential-harvesting forms, hidden iframes, obfuscated JavaScript, or fake updates. Third-party scripts (e.g., HadronID, ID5) are typical ad-tech trackers, not phishing components. OSINT and HTML evidence align on legitimacy."
Mistral-Large-3,3944,0,0,1,0.99,0.99,0.2708333333333333,1.0,0.8521666666666667,high,8,12,12,3,7,2,0.16666666666666666,1,,,"The domain is facebook.com, a Tranco Top-5 site with 29 years of history, RDAP records, and rich Certificate Transparency logs. The HTML is a public Facebook profile page (Cobie Smulders) with no password fields, login forms, or credential-harvesting JavaScript. All static resources are served from Facebook’s own CDN (fbcdn.net), and the OSINT dossier confirms long-term legitimacy."
Mistral-Large-3,3951,0,0,1,0.98,0.98,0.2222222222222222,1.0,0.8404444444444444,high,5,9,9,2,4,3,0.3333333333333333,1,,,"The domain (xhamster.com) is a well-known adult content site with a Tranco rank of #538 and a domain age of 19.1 years, indicating a long-standing, legitimate service. The HTML content aligns with xHamster's branding, featuring no credential-harvesting forms, hidden iframes, or obfuscated JavaScript. OSINT signals (RDAP records, AS13335 hosting, and Wayback absence) are consistent with a legitimate, established site. The only unusual element is the `delegate-ch` meta tag referencing unrelated do"
Mistral-Large-3,3963,0,0,1,0.98,0.98,0.31666666666666665,1.0,0.8593333333333334,high,10,15,15,5,9,1,0.06666666666666667,1,,,"The domain 'psychopharmacologyinstitute.com' is long-established (14.5 years old), ranks in Tranco's Top-1M, and has a rich archival history (1000+ Wayback snapshots). The HTML content is consistent with a legitimate medical education site: no password fields, login forms, or credential-harvesting JavaScript; instead, it features CME content, canonical URLs, and third-party analytics scripts (Clarity, Facebook, Google Tag Manager) typical of professional sites. OSINT signals (RDAP presence, dive"
Mistral-Large-3,3964,0,0,1,0.99,0.99,0.75,1.0,0.9480000000000001,very_high,5,10,10,5,5,0,0.0,1,,,"The domain is 'wikipedia.org', a top-28 Tranco site with 25 years of Wayback history and a long-standing RDAP record. The HTML is a standard Wikipedia article page (Jeff Zients) with no password fields, login forms, credential-harvesting JS, hidden iframes, or brand impersonation. All static classifiers and OSINT signals align with a legitimate Wikipedia page."
Mistral-Large-3,3966,0,0,1,0.99,0.99,0.3,1.0,0.8580000000000001,high,5,10,10,3,6,1,0.1,1,,,"The domain 'indeed.com' is a well-established, top-ranked job search site (Tranco #389) with a 28-year history, verified RDAP records, and consistent archival snapshots. The HTML content matches Indeed's legitimate job listing page, featuring no credential-harvesting forms, hidden iframes, or obfuscated scripts. Static resources are loaded from Indeed's own S3 buckets (c03.s3.indeed.com) and standard CDN paths, with no third-party phishing infrastructure detected. OSINT signals (domain age, CT l"
Mistral-Large-3,3969,0,0,1,0.98,0.98,0.29545454545454547,1.0,0.8550909090909091,high,5,11,11,3,7,1,0.09090909090909091,1,,,"The domain 'pines.georgialibraries.org' is a subdomain of 'georgialibraries.org', a legitimate and established entity (Tranco rank #619,063, 23.2-year domain age, 16.6 years of Wayback Machine history). The HTML content is consistent with a library services website, featuring no password fields, login forms, credential-harvesting JavaScript, hidden iframes, or obfuscated content. The page uses standard WordPress assets (jQuery, emoji scripts) and legitimate CDN resources (Google Fonts, Font Awes"
Mistral-Large-3,400,1,1,1,0.92,0.92,0.5,0.65,0.656,mid,5,6,5,0,5,0,0.0,1,,,"The domain 'pamstewart.shop' is a lookalike of the legitimate brand 'Ilse Jacobsen' (a Danish fashion/rainwear brand), leveraging brand impersonation. The HTML content explicitly references 'Ilse Jacobsen' in the title, meta description, and schema markup, but the domain itself does not match the official brand domain (likely 'ilsejacobsen.com'). The site mimics a webshop with WooCommerce and product-related plugins, but no legitimate e-commerce site would use a domain name unrelated to the bran"
Mistral-Large-3,4003,0,0,1,0.99,0.99,0.7,1.0,0.9380000000000001,very_high,6,10,10,4,6,0,0.0,1,,,"The domain is en.wikipedia.org, a top-1k Tranco site with 25+ years of Wayback history and a long-standing RDAP record. The HTML is a standard Wikipedia article page (no password fields, login forms, credential-harvesting JS, hidden iframes, or brand impersonation). All OSINT signals (domain age, registrar, ASN, archival history) confirm legitimacy. The static classifier also flagged it as benign."
Mistral-Large-3,4012,0,0,1,0.99,0.99,0.3181818181818182,1.0,0.8616363636363636,high,8,11,11,4,6,1,0.09090909090909091,1,,,"The domain 'fxnetworks.com' is a legitimate, long-established site (28.9 years old, Tranco rank #36,718) with no signs of typosquatting or suspicious TLD. The HTML content is consistent with a promotional page for the TV show 'Justified: City Primeval,' featuring legitimate branding, canonical links, and no credential-harvesting forms, hidden iframes, or obfuscated scripts. Third-party scripts (e.g., Google Tag Manager, ESPN's DCF) are from known, reputable sources. OSINT signals (Wayback Machin"
Mistral-Large-3,4018,0,0,1,0.95,0.95,0.8,1.0,0.9500000000000001,very_high,9,10,10,6,4,0,0.0,1,,,"The domain 'kent.co.in' is a long-established (20.3 years old) and legitimate brand associated with KENT RO Systems, a known Indian water purifier manufacturer. The HTML content is a blog post about health benefits of hard-boiled eggs, with no login forms, password fields, credential-harvesting JavaScript, hidden iframes, or redirects. The page includes standard WordPress elements (e.g., social sharing plugins, AMP links) and canonical URLs pointing to the same domain, reinforcing legitimacy. OS"
Mistral-Large-3,4049,0,0,1,0.98,0.98,0.8571428571428571,1.0,0.9674285714285715,very_high,5,7,7,5,2,0,0.0,1,,,"The domain 'min-breeder.com' is a long-established site (15.6 years old) with a Tranco rank of #62,558, indicating mainstream usage. The HTML content shows a legitimate Japanese pet breeder platform with no credential-harvesting forms, hidden iframes, or obfuscated JavaScript. The page is a 404 error page, not a phishing lure, and includes standard analytics/tracking scripts (Google Tag Manager, Facebook Pixel, Clarity) typical of legitimate sites. OSINT signals (Wayback Machine history, RDAP re"
Mistral-Large-3,4055,0,0,1,0.98,0.98,0.3076923076923077,1.0,0.8575384615384616,high,6,13,13,4,8,1,0.07692307692307693,1,,,"The domain (umsystem.edu) is the official University of Missouri System site, confirmed by Tranco rank (#37,528), 28-year Wayback Machine history, and diverse Certificate Transparency logs. The HTML content matches the expected structure of a university website, including canonical links, Drupal CMS metadata, and no credential-harvesting forms or obfuscated scripts. OSINT signals (long-standing ASN, established domain) align with the legitimate nature of the page."
Mistral-Large-3,4064,0,0,1,0.98,0.98,0.275,1.0,0.8510000000000001,high,5,10,10,2,7,1,0.1,1,,,"The domain 'mybassetthealthconnection.org' is consistent with the legitimate Bassett Healthcare brand, with no typosquatting or suspicious TLD. The HTML content includes a canonical URL pointing to the same domain, legitimate branding (Bassett Healthcare), and a login form for a patient portal (MyChart), a known healthcare platform. OSINT signals confirm the domain is long-established (12.7 years), has a rich Wayback Machine history, and is hosted on a reputable ASN. No credential-harvesting Jav"
Mistral-Large-3,4077,0,0,1,0.99,0.99,0.325,1.0,0.863,high,7,10,10,4,5,1,0.1,1,,,"The domain (bbc.com) is a well-established, top-ranked site (Tranco #203) with a 36.8-year registration age and extensive Wayback Machine history. The HTML content matches BBC's legitimate structure, including canonical links to bbc.com, BBC-specific meta tags, and no credential-harvesting forms, obfuscated scripts, or hidden iframes. OSINT signals (RDAP record, long-lived ASN, rich CT diversity) further confirm legitimacy. The page is a BBC News topic page about Reddit, with no phishing indicat"
Mistral-Large-3,4079,0,0,1,0.99,0.99,0.3333333333333333,1.0,0.8646666666666667,high,5,9,9,4,4,1,0.1111111111111111,1,,,"The domain 'thenorthface.com' is a well-established brand with a Tranco rank of #13,346, 30.6 years of domain age, and a rich history in Wayback Machine (1000+ snapshots). The HTML content includes legitimate third-party scripts (Dynatrace, Forter, Google Tag Manager, Optimizely, Bloomreach) and no suspicious elements like password fields, hidden iframes, or obfuscated credential-harvesting JavaScript. The page title and meta tags align with The North Face's official branding, and no phishing in"
Mistral-Large-3,408,1,1,1,0.95,0.95,0.6428571428571429,0.15,0.6364285714285715,mid,7,8,7,2,5,0,0.0,1,,,"The domain 'pandoorajewlirys.us.com' exhibits clear typosquatting of the legitimate brand 'Pandora Jewelry' (brand impersonation). The HTML content includes a fully functional e-commerce storefront with WooCommerce integration, product listings, and a checkout flow, but the domain's age (33.4 years) is contradicted by the recent certificate issuance (first cert 211 days ago) and lack of Wayback Machine archives, suggesting domain repurposing. No credential-harvesting forms were found, but the co"
Mistral-Large-3,4084,0,0,1,0.98,0.98,0.3,1.0,0.8560000000000001,high,6,10,10,3,6,1,0.1,1,,,"The domain (bellacor.com) is a long-established site (26.3 years old) with a Tranco rank of #287,373, extensive Wayback Machine history, and diverse Certificate Transparency logs. The HTML contains no credential-harvesting forms, hidden iframes, or obfuscated scripts; instead, it loads legitimate third-party scripts (Google Tag Manager, Affirm, Yottaa) and includes verifiable meta tags (e.g., google-site-verification). The static classifier (PhishGraph) also flagged it as benign (13.5% phish pro"
Mistral-Large-3,4091,0,0,1,0.98,0.98,0.3333333333333333,1.0,0.8626666666666667,high,8,12,12,5,6,1,0.08333333333333333,1,,,"The domain (kensetumap.com) is a long-tail Tranco-ranked site with a 9.2-year registration age, 7.8 years of Wayback Machine history, and legitimate RDAP records. The HTML content is a static corporate 'company profile' page for a Japanese construction firm (株式会社伊藤光建設), containing no credential-harvesting forms, hidden iframes, obfuscated JavaScript, or brand impersonation. It includes only standard analytics (Google Analytics, Google Ads), a Google Maps API call, and legitimate contact informat"
Mistral-Large-3,4121,0,0,1,0.95,0.95,0.7777777777777778,1.0,0.9455555555555556,very_high,5,9,9,5,4,0,0.0,1,,,"The domain is established (7.9 years old, 291 Wayback snapshots, RDAP record present) and lacks phishing indicators like typosquatting or unusual TLDs. The HTML content is a transparent, open-source project page for 'Google Messages for Desktop' with no credential-harvesting forms, obfuscated JS, or hidden iframes. It explicitly disclaims affiliation with Google and links to its GitHub repository and official Google Messages web client. The download links point to GitHub releases, a trusted plat"
Mistral-Large-3,4122,0,0,1,0.95,0.95,0.375,1.0,0.865,high,5,8,8,5,2,1,0.125,1,,,"The domain is 25.9 years old with a long-standing RDAP record and multiple certificates in CT logs, indicating an established presence. The HTML content is consistent with a funeral home obituary page, featuring no password fields, login forms, or credential-harvesting JavaScript. The page includes legitimate analytics and cookie consent scripts (Google Tag Manager, Osano), and the favicon links to a reputable S3 bucket. No phishing indicators (e.g., brand impersonation, hidden iframes, obfuscat"
Mistral-Large-3,4129,0,0,1,0.95,0.95,0.7857142857142857,1.0,0.9471428571428572,very_high,5,7,7,4,3,0,0.0,1,,,"The domain 'deepcreekfly.com' is long-established (11 years old), has a rich Wayback Machine history (1000+ snapshots), and is hosted on a reputable ASN (AS396982). The HTML content is generated by Wix.com Website Builder, a legitimate platform, and lacks phishing indicators such as password fields, credential-harvesting JavaScript, hidden iframes, or brand impersonation. Third-party scripts (Google Analytics, Facebook Pixel) are standard for legitimate sites. No suspicious redirects or obfuscat"
Mistral-Large-3,4132,0,0,1,0.98,0.98,0.375,1.0,0.871,high,5,8,8,5,2,1,0.125,1,,,"The domain 'theweeklyad.com' is a long-standing site (9.2 years old) with a Tranco rank of #148,171 and 1,000+ Wayback snapshots, indicating legitimacy. The HTML contains no credential-harvesting forms, hidden iframes, or obfuscated malicious scripts; it is dominated by legitimate ad-tech scripts (AdThrive, Prebid, Google Ad Manager, Amazon APS) and analytics (Google Analytics, ScorecardResearch). The OSINT dossier confirms no red flags in registration, hosting, or certificate transparency."
Mistral-Large-3,4138,0,0,1,0.99,0.99,0.7727272727272727,1.0,0.9525454545454546,very_high,7,11,11,6,5,0,0.0,1,,,"The domain is en.wikipedia.org, a top-28 Tranco site with a 25-year history, RDAP records, and long-standing ASN (AS14907). The HTML is a standard Wikipedia article page (title 'Seabee - Wikipedia') with no password fields, login forms, credential-harvesting JS, hidden iframes, or redirects. All resources (CSS/JS) are loaded from wikimedia.org or wikipedia.org subdomains, and the page includes legitimate Wikipedia metadata (e.g., MediaWiki 1.45.0, Creative Commons license)."
Mistral-Large-3,414,1,1,1,0.98,0.98,0.4166666666666667,0.15,0.5323333333333333,low,6,7,6,0,5,1,0.16666666666666666,1,,,"The webpage impersonates the Fortnite brand with a 'Fortnite Skins Generator' scam, a common phishing tactic targeting gamers. It lacks any legitimate credential fields but uses deceptive imagery and clickable skins to likely redirect users to credential harvesting or payment scams. The domain is established (19.6 years old, Tranco rank #5,387), but the HTML content is classic scam material, including external JS from CloudFront (d3k0q5ez56odtk.cloudfront.net) and repeated meta tags linking to B"
Mistral-Large-3,4145,0,0,1,0.98,0.98,0.3,1.0,0.8560000000000001,high,7,10,10,3,6,1,0.1,1,,,"The domain 'homelectrical.com' is legitimate with a long history (15.6 years), high Tranco rank, and consistent Wayback Machine snapshots. The HTML content is a static informational page about LED bulb wattage conversion, with no login forms, password fields, or credential-harvesting JavaScript. Schema.org markup and social media links align with a legitimate business. No phishing indicators (e.g., typosquatting, hidden iframes, obfuscated scripts) were found."
Mistral-Large-3,4168,0,0,1,0.99,0.99,0.8125,1.0,0.9605,very_high,5,8,8,5,3,0,0.0,1,,,"The domain is 'en.wikipedia.org', a top-28 Tranco-ranked site with a 25-year history in Wayback Machine and RDAP records. The HTML content is a standard Wikipedia article page ('Tealight - Wikipedia') with no password fields, login forms, credential-harvesting JS, hidden iframes, or brand impersonation. The page includes legitimate Wikipedia metadata, MediaWiki generator tags, and canonical links to Wikimedia infrastructure."
Mistral-Large-3,4169,0,0,1,0.98,0.98,0.3181818181818182,1.0,0.8596363636363636,high,6,11,11,4,6,1,0.09090909090909091,1,,,"The domain 'umassd.edu' is a legitimate educational institution domain (University of Massachusetts Dartmouth), confirmed by Tranco rank (#36,330), extensive Wayback Machine history (29+ years), and credible hosting (AS14618). The HTML content is consistent with a university SSO informational page, lacking password fields, credential-harvesting JavaScript, or hidden iframes. Third-party scripts (Google Analytics, TikTok Pixel, etc.) are standard for institutional sites and do not exhibit malicio"
Mistral-Large-3,4205,0,0,1,0.95,0.95,0.3055555555555556,1.0,0.8511111111111112,high,4,9,9,3,5,1,0.1111111111111111,1,,,"The domain (dlinkmea.com) is a regional site for D-Link, a well-known networking brand, and shows no signs of typosquatting or suspicious TLD. The HTML content is a standard e-commerce/product page with no password fields, login forms, credential-harvesting JavaScript, or hidden iframes. The OSINT dossier confirms a long-standing domain (16.3 years), rich Wayback history, and legitimate hosting (AS24940). While third-party trackers (Google Analytics, reCAPTCHA) are present, they are typical for "
Mistral-Large-3,4249,0,0,1,0.95,0.95,0.3125,1.0,0.8525,high,5,8,8,4,2,2,0.25,1,,,"The domain (solveyourtech.com) is long-established (14.4 years old), ranks in Tranco's Top-1M, and has a rich Wayback Machine history. The HTML contains no credential-harvesting forms, hidden iframes, or obfuscated malicious scripts. Instead, it loads legitimate ad-tech and analytics scripts (e.g., DoubleClick, Amazon Ads, Prebid) common to publisher sites. The IE-specific redirect is a known benign pattern for legacy browser handling."
Mistral-Large-3,4251,0,0,1,0.99,0.99,0.34375,1.0,0.86675,high,6,8,8,4,3,1,0.125,1,,,"The domain is quoracdn.net, a known content delivery network (CDN) subdomain for Quora, a legitimate and highly ranked site (Tranco #455). The domain age (26.1 years), registrar record, and rich Certificate Transparency history further confirm its legitimacy. The HTML content aligns with Quora's frontend architecture, including React-based components, no suspicious login forms, credential-harvesting scripts, or hidden iframes. OSINT signals (long-standing ASN, multi-issuer certs) and the static "
Mistral-Large-3,4258,0,0,1,0.99,0.99,0.3181818181818182,1.0,0.8616363636363636,high,9,11,11,4,6,1,0.09090909090909091,1,,,"The domain (grammarly.com) is a well-established, top-1k Tranco site with a 16+ year history, legitimate RDAP records, and diverse Certificate Transparency logs. The HTML content is a static blog article with no login forms, password fields, credential-harvesting JavaScript, hidden iframes, or redirects. All meta tags and links point to Grammarly's official CDN (contenthub-static.grammarly.com) and verified social media accounts. Third-party scripts (e.g., TikTok analytics, Taboola) are typical "
Mistral-Large-3,4276,0,0,1,0.99,0.99,0.6428571428571429,1.0,0.9265714285714286,very_high,6,14,14,4,10,0,0.0,1,,,"The domain is a well-established, high-ranking site (Tranco #153) with a 19.9-year history, consistent archival snapshots, and legitimate infrastructure (AS2635, diverse CT logs). The HTML content shows no credential-harvesting forms, hidden iframes, obfuscated scripts, or brand impersonation. All assets are loaded from Tumblr's official CDN (assets.tumblr.com), and the page structure aligns with Tumblr's known frontend architecture (e.g., 'data-tumblr-ready', 'tagged-page' CSS/JS)."
Mistral-Large-3,4283,1,0,0,0.85,0.85,0.7,0.15,0.635,mid,5,10,5,2,3,0,0.0,1,,,"The page contains a login form with fields for 'User ID' and 'Password' (credential harvesting) and impersonates a generic 'Card Services Center' brand, which is a common phishing tactic. The domain is long-established (19.3 years) and has Wayback Machine history, but the HTML content explicitly includes a login form posting to '/Login' and third-party tracking scripts (Neuro-ID, Application Insights) often used in phishing kits. No overt malware or wallet drainers were found, but the combinatio"
Mistral-Large-3,4298,0,0,1,0.99,0.99,0.7272727272727273,1.0,0.9434545454545455,very_high,5,11,11,5,6,0,0.0,1,,,"The domain is en.wikipedia.org, a top-1k Tranco site with a 25-year history, RDAP records, and long-standing ASN. The HTML is a standard Wikipedia article page (title 'Seeress (Germanic)') with no password fields, login forms, credential-harvesting JS, hidden iframes, or brand impersonation. All OSINT signals (Wayback, domain age, registrar) confirm legitimacy."
Mistral-Large-3,4301,0,0,1,0.99,0.99,0.34375,1.0,0.86675,high,5,8,8,4,3,1,0.125,1,,,"The domain 'kadaza.com' is legitimate, with a long history (18 years), high Tranco rank, and consistent archival presence in Wayback Machine. The HTML content lacks phishing indicators such as password fields, credential-harvesting JavaScript, hidden iframes, or brand impersonation. Instead, it features a start page service with legitimate analytics scripts (Facebook, Google Tag Manager), proper metadata, and no suspicious redirects or obfuscated content. OSINT signals (domain age, CT logs, regi"
Mistral-Large-3,4327,0,0,1,0.99,0.99,0.3333333333333333,1.0,0.8646666666666667,high,7,9,9,4,4,1,0.1111111111111111,1,,,"The domain 'techtarget.com' is a well-established, mainstream site (Tranco rank #1,921) with a 26.7-year history, verified by Wayback Machine snapshots, RDAP records, and Certificate Transparency logs. The HTML content is a legitimate article about Microsoft OneDrive, containing no password fields, login forms, credential-harvesting JavaScript, hidden iframes, or other phishing indicators. Third-party scripts (e.g., Google Tag Manager, Optimizely) are typical for analytics and ads on reputable s"
Mistral-Large-3,4342,0,0,1,0.99,0.99,0.22727272727272727,1.0,0.8434545454545455,high,5,11,11,2,6,3,0.2727272727272727,1,,,"The domain 'rottentomatoes.com' is a well-established, mainstream site (Tranco rank #2,804, 27-year domain age, 26.5 years of Wayback Machine history). The HTML content is consistent with Rotten Tomatoes' legitimate TV show page, featuring no credential-harvesting forms, hidden iframes, obfuscated scripts, or brand impersonation. All third-party scripts (e.g., DoubleClick, Amazon Ads, OneTrust) are typical for a commercial media site. OSINT signals (RDAP record, long ASN history) further support"
Mistral-Large-3,4362,0,0,1,0.99,0.99,0.3409090909090909,1.0,0.8661818181818182,high,6,11,11,5,5,1,0.09090909090909091,1,,,"The domain 'instituteforgovernment.org.uk' is a well-established, mainstream site (Tranco rank #54,081) with a 18.5-year history, verified by Wayback Machine snapshots and RDAP records. The HTML content is a legitimate explainer page on judicial review, with no password fields, login forms, credential-harvesting JavaScript, hidden iframes, or obfuscated content. Third-party scripts (Google Analytics, Facebook, Hotjar) are standard for analytics and do not exhibit malicious behavior. The page mat"
Mistral-Large-3,4375,0,0,1,0.98,0.98,0.3,1.0,0.8560000000000001,high,7,10,10,3,6,1,0.1,1,,,"The domain 'androidauthority.com' is a well-established, mainstream site (Tranco rank #6,641) with a long history (18+ years in Wayback Machine, RDAP, and CT logs). The HTML content is typical of a legitimate news/article page, featuring no password fields, login forms, credential-harvesting JavaScript, hidden iframes, or obfuscated content. Third-party scripts are standard for analytics/advertising (e.g., Google Tag Manager, Amazon ads), and the page focuses on T-Mobile deals, consistent with t"
Mistral-Large-3,4382,0,0,1,0.99,0.99,0.3333333333333333,1.0,0.8646666666666667,high,6,9,9,4,4,1,0.1111111111111111,1,,,"The domain 'cinch.co.uk' is a well-established, mainstream site (Tranco rank #46,543, 21.4 years old) with a consistent archival history and legitimate hosting (AS16509). The HTML content is a static article page about Volkswagen Golf models, lacking any credential-harvesting forms, obfuscated JavaScript, hidden iframes, or brand impersonation. The page includes standard analytics scripts (Segment, Adobe) and canonical links, with no suspicious redirects or fake updates. OSINT signals (Wayback, "
Mistral-Large-3,4383,0,0,1,0.99,0.99,0.3125,0.25,0.4105,low,6,8,8,3,4,1,0.125,1,,,"The domain 'betterhealth.vic.gov.au' is a legitimate government health portal for Victoria, Australia, with no signs of typosquatting or brand impersonation. The HTML content is a static health information page about anal fissures, with no login forms, password fields, credential-harvesting JavaScript, hidden iframes, or redirects. OSINT signals (Wayback Machine history, CT logs, ASN age) confirm the domain is established and long-standing, aligning with a government health service."
Mistral-Large-3,4386,0,0,1,0.99,0.99,0.35,1.0,0.868,high,6,10,10,5,4,1,0.1,1,,,"The domain 'nme.com' is a well-established, mainstream site (Tranco rank #6,714) with a 30-year history (Wayback Machine, RDAP records). The HTML content is a news article with no login forms, password fields, credential-harvesting JavaScript, hidden iframes, or obfuscated content. Third-party scripts (e.g., Taboola, Criteo, Facebook) are typical for ad-supported publishers and do not exhibit phishing behaviors. The page includes legitimate metadata, canonical URLs, and structured data (schema.o"
Mistral-Large-3,4387,0,0,1,0.98,0.98,0.3181818181818182,1.0,0.8596363636363636,high,6,11,11,4,6,1,0.09090909090909091,1,,,"The domain 'kreisenderle.com' is established (17.9 years old, registered in RDAP, 1000+ Wayback snapshots, 102 CT logs) and resolves to a reputable ASN (AS54113). The HTML content is a blog post about trust distribution taxes, with no login forms, password fields, credential-harvesting JS, hidden iframes, or redirects. It includes legitimate third-party scripts (reCAPTCHA, CleanTalk anti-spam) and canonical metadata pointing to the same domain. No phishing indicators were found in the URL, HTML,"
Mistral-Large-3,4423,0,0,1,0.95,0.95,0.28125,1.0,0.8462500000000001,high,5,8,8,3,3,2,0.25,1,,,"The domain (testuser123456.dmgdemo.com) is a subdomain of dmgdemo.com, a long-established (17.7 years) domain with a registrar record and no red flags in OSINT. The HTML content lacks phishing indicators: no password fields, credential-harvesting JS, hidden iframes, or brand impersonation. Instead, it includes legitimate analytics (Google Analytics, Firebase), PWA metadata, and schema.org markup for a real estate agent demo. The static classifier (PhishGraph) also labeled it benign (8.2%)."
Mistral-Large-3,4445,0,0,1,0.99,0.99,0.32142857142857145,1.0,0.8622857142857143,high,4,7,7,3,3,1,0.14285714285714285,1,,,"The domain (foxsports.com) is a well-established, mainstream site with a Tranco rank of #4,640, a 28-year history in Wayback Machine, and a long-standing RDAP record. The HTML content shows no credential-harvesting forms, hidden iframes, or obfuscated JavaScript; instead, it contains legitimate analytics, ads, and tracking scripts typical of a major media publisher. The page title and preloaded assets match the expected branding of FOX Sports, and no phishing indicators (e.g., fake login prompts"
Mistral-Large-3,4460,0,0,1,0.99,0.99,0.2916666666666667,1.0,0.8563333333333334,high,7,12,12,3,8,1,0.08333333333333333,1,,,"The domain 'belsimpel.nl' is a well-established, mainstream site (Tranco rank #62,101, 19.3 years old, 1000+ Wayback snapshots). The HTML content shows no signs of credential harvesting, hidden iframes, obfuscated JavaScript, or fake login forms. Instead, it contains legitimate meta tags, canonical URLs, Google Analytics/Tag Manager integrations, and hreflang links for international sites under the 'gomibo' brand, which aligns with a known telecom comparison service. No phishing indicators were "
Mistral-Large-3,4464,0,0,1,0.99,0.99,0.325,1.0,0.863,high,7,10,10,4,5,1,0.1,1,,,"The domain 'nike.com' is a well-established, top-ranked site (Tranco #644) with a 31-year history, legitimate RDAP records, and long-standing Wayback Machine snapshots. The HTML content matches Nike's branding, including canonical links to 'nike.com', legitimate analytics scripts (Google Tag Manager, Facebook Pixel, etc.), and no evidence of credential harvesting, hidden iframes, or obfuscated JavaScript. The page is a product category page for Jordan shoes, consistent with Nike's legitimate e-c"
Mistral-Large-3,4467,0,0,1,0.98,0.98,0.2777777777777778,1.0,0.8515555555555556,high,5,9,9,3,4,2,0.2222222222222222,1,,,"The domain 'QuranExplorer.com' is a long-established site (20+ years) with a strong OSINT profile (Tranco rank #327,500, 1000+ Wayback snapshots, diverse CT logs). The HTML content is a blog post about Islamic theology ('Malaika in Islam') with no credential-harvesting forms, hidden iframes, or obfuscated JavaScript. Third-party scripts (Google Analytics, Facebook SDK) are standard for legitimate sites. No phishing indicators were found in the URL, HTML, or context."
Mistral-Large-3,448,0,1,0,0.95,0.95,0.34375,0.45,0.52875,low,5,8,8,4,3,1,0.125,1,,,"The domain 'tobilobablog.blogspot.com' is a subdomain of 'blogspot.com', a legitimate free blogging platform by Google. The HTML content shows no credential-harvesting forms, hidden iframes, obfuscated JavaScript, or brand impersonation. The page is a typical Blogger site with educational content, Google Analytics, and Adsense integration, all consistent with a benign blog. OSINT signals (Tranco rank, AS15169, Blogger infrastructure) further support legitimacy."
Mistral-Large-3,4485,0,0,1,0.99,0.99,0.75,1.0,0.9480000000000001,very_high,5,10,10,5,5,0,0.0,1,,,"The domain 'strauss.com' is a well-established site (Tranco rank #56,385, 27+ years old, 1000+ Wayback snapshots) with no signs of typosquatting or suspicious TLD. The HTML content is consistent with a legitimate e-commerce platform (no password fields, credential-harvesting JS, hidden iframes, or obfuscated content). Favicons, scripts, and assets are hosted on subdomains of 'strauss.com' (e.g., 'cdn.strauss.com'), and the page lacks phishing indicators like fake login forms or brand impersonati"
Mistral-Large-3,4486,0,0,1,0.95,0.95,0.7222222222222222,1.0,0.9344444444444445,very_high,6,9,9,4,5,0,0.0,1,,,"The domain 'beaconhotel.com' is legitimate, with a 29.5-year registration age, consistent Wayback Machine snapshots, and no signs of typosquatting or brand impersonation. The HTML content lacks credential-harvesting forms, hidden iframes, or obfuscated JavaScript, instead featuring standard analytics scripts (Google Tag Manager, Facebook Pixel) and hotel-specific metadata (e.g., canonical URL, OpenGraph tags for 'Hotel Beacon NYC'). OSINT signals (Tranco rank, RDAP records, ASN age) further supp"
Mistral-Large-3,4524,0,0,1,0.98,0.98,0.75,1.0,0.9460000000000001,very_high,7,10,10,5,5,0,0.0,1,,,"The domain 'superantispyware.com' is a well-established site (Tranco rank #34,805, 21.2 years old, 1000+ Wayback snapshots, and diverse CT logs). The HTML content aligns with a legitimate software download page, featuring no credential-harvesting forms, hidden iframes, or obfuscated scripts. Third-party analytics and tag managers (Google Analytics, PostHog, Rudderstack) are typical for commercial sites. The page title, meta tags, and schema.org markup match the expected branding of SUPERAntiSpyw"
Mistral-Large-3,4536,0,0,1,0.98,0.98,0.3125,1.0,0.8585,high,6,12,12,4,7,1,0.08333333333333333,1,,,"The domain 'vincecamuto.com' is a legitimate, long-established brand (20.8 years old, Tranco rank #182,389) with a rich archival history (1000+ Wayback snapshots) and diverse Certificate Transparency logs. The HTML content is consistent with a Shopify-powered e-commerce store (e.g., 'vince-camuto-store.myshopify.com' in tracking scripts, no credential-harvesting forms, no obfuscated JS). No phishing indicators (typosquatting, hidden iframes, fake CAPTCHAs, or wallet drainers) were found. Third-p"
Mistral-Large-3,4561,0,0,1,0.98,0.98,0.8125,1.0,0.9585,very_high,5,8,8,5,3,0,0.0,1,,,"The domain 'ohiorealestateauctions.com' is legitimate with a 25-year history, no typosquatting, and a clean OSINT dossier (Tranco rank not in Top-1M but long Wayback history, multi-year RDAP age, and diverse CT logs). The HTML content shows no phishing indicators: no password fields, login forms, credential-harvesting JS, hidden iframes, or obfuscated content. The page is a real estate auction site with legitimate analytics (Google Analytics, Facebook Pixel) and a newsletter signup form (action "
Mistral-Large-3,4617,0,0,1,0.98,0.98,0.2,1.0,0.8360000000000001,high,6,10,10,1,6,3,0.3,1,,,"The domain 'wrangler.com' is a well-established brand (Tranco rank #31,329, 30+ years old, 1000+ Wayback snapshots, diverse CT logs). The HTML contains no credential-harvesting forms, hidden iframes, obfuscated scripts, or fake updates. Instead, it loads standard e-commerce tracking scripts (Google Tag Manager, Facebook Pixel, Bing Ads) and legitimate third-party services (Riskified, Taboola, reCAPTCHA). All static and OSINT signals align with a mainstream retail site."
Mistral-Large-3,4621,0,0,1,0.99,0.99,0.7272727272727273,1.0,0.9434545454545455,very_high,10,11,11,5,6,0,0.0,1,,,"The domain 'fw.ky.gov' is a legitimate government subdomain with a 24.8-year registration age, Tranco rank #7,394, and extensive Wayback Machine history. The HTML content shows no credential-harvesting forms, hidden iframes, obfuscated JavaScript, or brand impersonation; it is a standard informational page for the Kentucky Department of Fish & Wildlife Resources. All links point to official subdomains or verified social media accounts, and the form action submits to a local path ('./Waterbody.as"
Mistral-Large-3,4642,0,0,1,0.99,0.99,0.7777777777777778,1.0,0.9535555555555556,very_high,7,9,9,5,4,0,0.0,1,,,"The domain is en.wikipedia.org, a top-28 Tranco site with a 25-year history, RDAP records, and long-standing ASN (AS14907). The HTML is a standard Wikipedia article page (title 'Dimple - Wikipedia') with no password fields, login forms, credential-harvesting JS, hidden iframes, or redirects. All static classifiers and OSINT signals align with a legitimate Wikipedia page."
Mistral-Large-3,4650,0,0,1,0.98,0.98,0.3055555555555556,1.0,0.8571111111111112,high,3,9,9,4,3,2,0.2222222222222222,1,,,"The URL domain is not suspicious (no typosquatting, unusual TLD, or free hosting). The HTML content is a PDF.js viewer displaying a legitimate-looking document titled 'Lacerte Quick Start Guide - Intuit_Lacerte_Quick_Start_Guide-2024.pdf', with no password fields, login forms, credential-harvesting JavaScript, hidden iframes, or brand impersonation. OSINT signals (domain age of 19.7 years, 1000+ Wayback snapshots, and established ASN) strongly support legitimacy."
Mistral-Large-3,4683,0,0,1,0.98,0.98,0.3333333333333333,1.0,0.8626666666666667,high,6,9,9,4,4,1,0.1111111111111111,1,,,"The domain 'charlestonblackcabcompany.com' is a legitimate, long-standing business (20.5 years old, per RDAP) with a rich Wayback Machine history (1000+ snapshots) and no signs of typosquatting or brand impersonation. The HTML content lacks phishing indicators: no password fields, login forms, credential-harvesting JS, hidden iframes, or obfuscated content. Instead, it features standard business metadata (OpenGraph, Schema.org), legitimate analytics (Google Tag Manager), and a canonical URL. The"
Mistral-Large-3,4688,0,0,1,0.98,0.98,0.75,1.0,0.9460000000000001,very_high,5,10,10,5,5,0,0.0,1,,,"The domain is a well-established, high-ranking site (Tranco #377) with a 23-year history, multiple Wayback Machine snapshots, and a long-standing RDAP record. The HTML content lacks phishing indicators such as login forms, credential-harvesting JavaScript, hidden iframes, or brand impersonation. Instead, it contains configuration scripts typical of a large e-commerce platform (e.g., CDN fallback domains, privacy controls, and session management). OSINT signals (domain age, CT logs, ASN reputatio"
Mistral-Large-3,4698,0,0,1,0.98,0.98,0.325,1.0,0.861,high,6,10,10,4,5,1,0.1,1,,,"The domain 'honestbrandreviews.com' is established (7.1 years old, Tranco rank #196,758, 1000+ Wayback snapshots) and lacks phishing indicators like typosquatting or unusual TLDs. The HTML content is a product review page with no credential-harvesting forms, hidden iframes, or obfuscated scripts. Third-party scripts (e.g., Taboola, Criteo, Google Analytics) are typical for ad-supported sites. OSINT signals (RDAP records, AS13335 hosting) align with a legitimate, long-running site."
Mistral-Large-3,4767,0,0,1,0.99,0.99,0.3181818181818182,1.0,0.8616363636363636,high,6,11,11,4,6,1,0.09090909090909091,1,,,"The domain 'niche.com' is a well-established, mainstream site (Tranco rank #15,549) with a 28-year history, legitimate registrar records, and no signs of typosquatting or suspicious TLDs. The HTML content lacks credential-harvesting forms, obfuscated JavaScript, hidden iframes, or brand impersonation. Instead, it features consistent branding, canonical URLs, and structured data for a location profile page, aligning with Niche's known business model of providing community statistics and reviews."
Mistral-Large-3,4790,0,0,1,0.99,0.99,0.35714285714285715,1.0,0.8694285714285714,high,5,7,7,4,2,1,0.14285714285714285,1,,,"The domain (tvinsider.com) is a well-established, mainstream site (Tranco rank #13,464) with a 23.8-year registration age, 25.6 years of Wayback Machine history, and legitimate RDAP/SSL records. The HTML contains no credential-harvesting forms, hidden iframes for phishing, or obfuscated malicious JavaScript. Third-party scripts are typical for ad/tracking (Google Tag Manager, DoubleClick, Facebook Pixel), and the page is a celebrity biography with no login or payment fields."
Mistral-Large-3,4852,0,0,1,0.99,0.99,0.8571428571428571,1.0,0.9694285714285715,very_high,4,7,7,5,2,0,0.0,1,,,"The domain is 'redditstatic.com', a known static asset subdomain of Reddit (Tranco rank #106, 21-year domain age). The HTML content is a legitimate Reddit discussion page with no credential-harvesting forms, hidden iframes, or obfuscated JavaScript. The recaptcha script is loaded from Google's official domain (gstatic.com) with integrity checks, and the Sentry configuration matches Reddit's known error-tracking setup. No phishing indicators were found."
Mistral-Large-3,4875,0,0,1,0.92,0.92,0.3333333333333333,0.45,0.5206666666666667,low,4,12,12,5,6,1,0.08333333333333333,1,,,"The domain is long-tail but established (Tranco #538,883, 12.6 years in Wayback, 1000+ snapshots). No typosquatting, IP address, or suspicious TLD was found. HTML contains legitimate analytics scripts (Clarity, Google Tag Manager) and a well-known lazy-loading library (RocketLazyLoadScripts v2.0.4). No password fields, credential-harvesting JS, hidden iframes, or brand impersonation were detected. The IE-specific redirect is a legacy compatibility check, not malicious."
Mistral-Large-3,4884,0,0,1,0.98,0.98,0.3,1.0,0.8560000000000001,high,5,10,10,3,6,1,0.1,1,,,"The domain 'optibelt.com' is legitimate (Tranco rank #321,534, 26.5-year domain age, rich Wayback history, and diverse Certificate Transparency logs). The HTML content is a standard TYPO3 CMS login portal for 'Optibelt Portal' with no credential-harvesting JavaScript, hidden iframes, or obfuscated content. The login form submits to a relative path ('/'), consistent with a legitimate internal portal. OSINT signals (long-standing registrar, established ASN, and archival snapshots) further support "
Mistral-Large-3,4901,0,0,1,0.98,0.98,0.7727272727272727,1.0,0.9505454545454546,very_high,6,11,11,6,5,0,0.0,1,,,"The domain 'bible-dictionary.info' is consistent with the content (a Bible dictionary resource), has a long history (6.5 years old, 1000+ Wayback snapshots), and no signs of typosquatting or brand impersonation. The HTML contains no password fields, login forms, credential-harvesting JavaScript, hidden iframes, or obfuscated content. The page is a static article about biblical rebellion, with legitimate external references to Bible verses and no suspicious redirects or scripts."
Mistral-Large-3,4906,0,0,1,0.99,0.99,0.35714285714285715,1.0,0.8694285714285714,high,5,7,7,4,2,1,0.14285714285714285,1,,,"The domain 'about.usps.com' is a legitimate subdomain of the United States Postal Service (USPS), a well-known government entity, and aligns with the Tranco Top-1k rank (#822). The HTML content is informational, lacking any credential-harvesting forms, hidden iframes, obfuscated JavaScript, or redirects. The page serves historical data about postal rates, consistent with USPS's public-facing educational content. OSINT signals (domain age, Wayback history, CT logs, and registrar records) further "
Mistral-Large-3,4907,0,0,1,0.99,0.99,0.7142857142857143,1.0,0.940857142857143,very_high,9,14,14,6,8,0,0.0,1,,,"The domain 'gov.uk' is a legitimate, government-owned top-level domain with a Tranco rank of #293 and a 24-year archival history. The HTML content includes official GOV.UK metadata, canonical URLs, and no suspicious elements like password fields, credential-harvesting JavaScript, hidden iframes, or obfuscated content. The page is a workplace pensions guide, consistent with the UK government's digital services, and the OSINT dossier confirms long-term legitimacy."
Mistral-Large-3,4926,0,0,1,0.98,0.98,0.20833333333333334,1.0,0.8376666666666667,high,8,12,12,2,6,4,0.3333333333333333,1,,,"The domain 'golfdiscount.com' is legitimate, with a 30-year history, high Tranco rank (#238,000), and no signs of typosquatting or brand impersonation. The HTML content is a standard e-commerce product page for golf irons, lacking password fields, credential-harvesting JavaScript, hidden iframes, or obfuscated content. Third-party analytics scripts (Google Tag Manager, Facebook, Clarity) are typical for retail sites and do not exhibit malicious behavior. OSINT signals (Wayback Machine history, R"
Mistral-Large-3,4928,0,0,1,0.98,0.98,0.325,1.0,0.861,high,9,10,10,4,5,1,0.1,1,,,"The domain 'worksafebc.com' is a legitimate, long-standing site (27.1 years old, Tranco rank #94,815) with a rich archival history and diverse certificate transparency logs. The HTML content aligns with a government/official organization (WorkSafeBC), featuring no credential-harvesting forms, hidden iframes, or obfuscated JavaScript. Third-party scripts (Google Tag Manager, Facebook, LinkedIn) are standard analytics tools, and the page title/branding matches the domain's purpose. OSINT signals ("
Mistral-Large-3,4941,0,0,1,0.95,0.95,0.7857142857142857,0.05,0.3771428571428571,low,5,7,7,4,3,0,0.0,1,,,"The domain 'damvibes.com' is not typosquatting or impersonating a known brand, and the HTML content is consistent with a legitimate WordPress site (e.g., WordPress 6.7.4, Elementor plugins, jQuery, and standard meta tags). No credential-harvesting forms, hidden iframes, obfuscated JavaScript, or fake updates were found. The OSINT dossier shows a long Wayback history (6.8 years) despite the recent domain registration (27 days), suggesting a re-registration or migration rather than a phishing setu"
Mistral-Large-3,4942,0,0,1,0.98,0.98,0.3,1.0,0.8560000000000001,high,5,10,10,3,6,1,0.1,1,,,"The domain 'ifst.org' is a long-established, legitimate site (27.6 years old, Tranco rank #642,576, 1000+ Wayback snapshots, diverse CT logs). The HTML content is a static educational resource about protein coagulation, with no login forms, password fields, credential-harvesting JavaScript, hidden iframes, or redirects. The page uses standard Drupal 7 markup, legitimate analytics (Google Tag Manager), and no obfuscated or suspicious scripts. OSINT signals (domain age, registrar, CT logs) strongl"
Mistral-Large-3,4954,0,0,1,0.99,0.99,0.3125,1.0,0.8605,high,6,8,8,3,4,1,0.125,1,,,"The domain 'marketwatch.com' is a well-established, mainstream site (Tranco rank #1,796) with a 28.8-year history, verified by Wayback Machine and RDAP records. The HTML content lacks phishing indicators such as password fields, credential-harvesting JavaScript, hidden iframes, or obfuscated scripts. Instead, it contains legitimate third-party analytics and ad scripts (e.g., Google Tag Manager, Facebook Pixel) typical of a major news publisher. No typosquatting, unusual TLDs, or free hosting wer"
Mistral-Large-3,4979,0,0,1,0.98,0.98,0.34375,1.0,0.86475,high,5,8,8,4,3,1,0.125,1,,,"The domain 'cpp.edu' is a legitimate educational institution (Cal Poly Pomona) with a long-standing Tranco rank (#32,407) and extensive Wayback Machine history (11.4 years). The HTML content is a standard search page with no credential-harvesting forms, hidden iframes, or obfuscated JavaScript. It includes canonical links to 'cpp.edu', legitimate analytics scripts (Google Analytics, Google Tag Manager), and no signs of brand impersonation or phishing tactics. The OSINT dossier confirms the domai"
Mistral-Large-3,508,0,1,0,0.95,0.95,0.21875,0.45,0.50375,low,5,8,8,2,3,3,0.375,1,,,"The domain 'transip.nl' is a well-known Dutch hosting and domain registration provider (Tranco rank #126,078, long-tail but established). The HTML content is a near-perfect replica of the legitimate TransIP homepage, including favicons, RSS feeds, accessibility widgets, and navigation menus linking to authentic TransIP paths (e.g., '/domeinnaam/', '/cache-66e43adb/img/transip2022/favicons/favicon.png'). No credential-harvesting forms, obfuscated JavaScript, hidden iframes, or redirects were foun"
Mistral-Large-3,54,0,1,0,0.9,0.9,0.34375,0.3,0.42874999999999996,low,5,8,8,4,3,1,0.125,1,,,"The domain 'vkfdeewww.wordpress.com' is a legitimate WordPress.com subdomain, a known free hosting provider. The HTML content shows standard WordPress.com elements (e.g., wp.com scripts, Gutenberg blocks, Jetpack settings) with no credential-harvesting forms, hidden iframes, or obfuscated JavaScript. OSINT signals (domain age >1 year, Wayback history, RDAP record) align with benign activity. No phishing indicators were found in the URL, HTML, or context."
Mistral-Large-3,578,1,1,1,0.98,0.98,0.4375,0.65,0.64275,mid,8,7,8,0,7,1,0.125,1,,,"The domain 'benedikteolsen.shop' is a free hosting TLD (.shop) with no Tranco rank, minimal Wayback history, and no CT log diversity, raising suspicion. The HTML content impersonates Balmain (brand impersonation) with a fake storefront, while the canonical URL and OpenGraph URL point to 'wp-store.com', a mismatch indicating deception. No credential-harvesting forms were found, but the page is a clear scam storefront for designer goods."
Mistral-Large-3,591,1,1,1,0.95,0.95,0.5625,0.65,0.6962499999999999,mid,8,10,8,1,7,0,0.0,1,,,"The domain is not in the Tranco Top-1M, has no Wayback Machine history, and is only 207 days old, indicating a short-lived or new site. The HTML mimics a Google reCAPTCHA page (brand impersonation) but contains no actual reCAPTCHA integration, only a simulated checkbox and verification process. The JavaScript redirects to 'y11.html' after a fake success, a common phishing tactic to harvest credentials or deploy further malicious content. No legitimate reCAPTCHA scripts or domains are present, an"
Mistral-Large-3,60,1,1,1,0.95,0.95,0.3,0.15,0.46499999999999997,low,5,7,5,0,3,2,0.4,1,,,"The URL domain 'pepe-unchained-eze.pages.dev' is a Cloudflare Pages subdomain, a free hosting service often abused for phishing. The canonical link points to 'https://pepeunchained.com', but the page is served from a different domain, a common phishing tactic to impersonate legitimate sites. The HTML includes tracking scripts (Adform, Facebook, Clarity) and an external script from 'g10696554090.co', a domain with no legitimate association to the claimed brand. The OSINT dossier confirms the legi"
Mistral-Large-3,635,1,1,1,0.95,0.95,0.6,0.15,0.615,mid,5,6,5,1,4,0,0.0,1,,,"The domain is legitimate (Tranco #302, 5.7-year age), but the HTML content is a near-perfect clone of Trezor's official 'get started' page with a critical deviation: the 'Download Trezor Suite' link points to a relative path '/download' instead of Trezor's official domain. The page also uses an image hosted on a third-party service (i.ibb.co), which is atypical for a legitimate brand page. No credential harvesting forms are present, but the intent to redirect users to a malicious download is cle"
Mistral-Large-3,663,1,1,1,0.98,0.98,0.375,0.65,0.6114999999999999,mid,8,5,8,0,6,2,0.25,1,,,"The domain 'ats.elegancepath.online' is not a known brand and exhibits multiple phishing indicators: (1) obfuscated JavaScript POST requests to '/entrance/api' with base64-encoded payloads, (2) dynamic script loading from a suspicious CDN ('g4.cldfvn.com'), (3) absence of Tranco rank, Wayback history, or CT logs, and (4) use of Google Tag Manager IDs that do not match the domain's purported purpose. The page loads credential-harvesting scripts asynchronously, a hallmark of phishing."
Mistral-Large-3,703,0,1,0,0.95,0.95,0.7857142857142857,1.0,0.9471428571428572,very_high,4,7,7,4,3,0,0.0,1,,,"The domain is a well-established, high-ranking site (Tranco #302) with a 5.7-year registration age and no signs of typosquatting or suspicious TLD. The HTML content is a detailed, educational guide about Ledger Live and hardware wallets, lacking any login forms, credential-harvesting JavaScript, hidden iframes, or redirects. The page aligns with Ledger's official documentation style and provides no interactive or malicious elements. OSINT signals (domain age, registrar record, ASN reputation) fu"
Mistral-Large-3,763,0,1,0,0.95,0.95,0.3125,0.45,0.5225,low,5,8,8,4,2,2,0.25,1,,,"The domain 'tobilobablog.blogspot.com' is a subdomain of 'blogspot.com', a legitimate free blogging platform by Google. The HTML content shows no credential-harvesting forms, hidden iframes, obfuscated JavaScript, or brand impersonation. The page is a typical blog with educational content, Google Analytics, and Adsense integration, consistent with a benign blogspot site. OSINT signals (Tranco rank, AS15169) align with a long-tail but legitimate site."
Mistral-Large-3,816,0,1,0,0.98,0.98,0.8333333333333334,1.0,0.9626666666666668,very_high,5,9,9,6,3,0,0.0,1,,,"The domain 'stephanie-happyhalls.blogspot.com' is a subdomain of 'blogspot.com', a legitimate Google-owned blogging platform. The HTML content is consistent with a Blogger template, including canonical links to blogspot.com, Blogger metadata, and Google AdSense integration. No credential-harvesting forms, hidden iframes, obfuscated JavaScript, or brand impersonation were found. The OSINT dossier confirms the domain is long-established (14.7 years old), has a Tranco rank, and is hosted on a reput"
Mistral-Large-3,912,1,1,1,0.95,0.95,0.5,0.65,0.6649999999999999,mid,8,7,8,0,8,0,0.0,1,,,"The domain is not in the Tranco Top-1M, has no Wayback Machine history, and lacks Certificate Transparency logs, indicating a brand-new or short-lived site. The HTML contains a full-fledged online casino interface with login forms, user profile icons, and financial-themed UI elements (e.g., 'jackpot_text', 'vip_bjc'), which are common in scam or unlicensed gambling phishing sites. No legitimate brand impersonation was detected, but the combination of a fresh domain, gambling-themed content, and "
Mistral-Large-3,929,1,1,1,0.85,0.85,0.4,0.65,0.585,mid,5,7,5,0,4,1,0.2,1,,,"The domain is not in Tranco's Top-1M and has no Wayback Machine history, suggesting it is short-lived or low-traffic. The HTML contains a JavaScript function `ToRegister` that redirects users to `https://ok.100tf.com/zc`, a URL with a suspicious domain (`100tf.com`) that impersonates OKX (a known cryptocurrency exchange). The page title and meta tags mimic a cryptocurrency price tracking site, but the hidden redirect to a lookalike exchange domain is a strong credential harvesting indicator."
Mistral-Large-3,934,0,1,0,0.95,0.95,0.3055555555555556,0.25,0.4011111111111111,low,5,9,9,3,5,1,0.1111111111111111,1,,,"The domain 'de.kleinanzeigen.com' is a well-known classifieds site in Germany, and the HTML content matches its legitimate branding, including canonical links, Google Analytics/AdSense integrations, and a valid Google Site Verification tag. No credential-harvesting forms, obfuscated JavaScript, or hidden iframes were found. OSINT signals (e.g., Wayback Machine snapshots dating back 1.5 years) further support legitimacy, despite the domain not being in the Tranco Top-1M."
Mistral-Large-3,956,1,1,1,0.98,0.98,0.5,0.15,0.5740000000000001,mid,5,5,5,0,5,0,0.0,1,,,"The webpage impersonates Robinhood by prominently displaying a fake customer support phone number (+1 888-812-3448) and detailed instructions to contact it for login/account issues. The domain (waze.uservoice.com) is legitimate but abused to host brand-impersonation content under a Waze user-suggestion forum. No credential-harvesting forms or JS were found, but the page is a classic 'fake support scam' designed to trick users into calling a fraudulent helpline."
