model,sample_id,label_llm,gt_label,correct,confidence,t1,t2,t3,trust,trust_bucket,n_indicators_found,n_indicators_not_found,n_indicators_total,n_verified,n_unverifiable,n_contradicted,hallucination_rate,html_available,domain,url,reasoning_excerpt
Llama-3.3-70B (nomonitor),1004,0,1,0,0.8,0.8,0.8,1.0,0.92,very_high,4,5,5,3,2,0,0.0,1,,,"The domain age is 14.7 years, which is a low-risk indicator. The domain is hosted on a long-standing ASN and has a legitimate Blogger template, suggesting it is a genuine blog. Although PhishGraph predicts a high probability of phishing, the HTML content does not contain any suspicious elements such as password fields, login forms, or credential-harvesting JavaScript. The presence of Google Adsense and a Blogger favicon further supports the legitimacy of the site."
Llama-3.3-70B (nomonitor),1024,1,1,1,0.95,0.95,0.7142857142857143,0.15,0.6721428571428572,mid,7,6,7,3,4,0,0.0,1,,,"The webpage contains a login form with password fields, which is a common indicator of credential harvesting phishing attacks. The form also includes a field for a one-time passcode, which could be used to capture sensitive information. Additionally, the PhishGraph model opinion is 99.3% towards phishing, and the domain is not in the Tranco top 1M list, which could indicate a lack of global traffic signal. The presence of a 'Forgot your user ID?' and 'Forgot your password?' links, as well as a '"
Llama-3.3-70B (nomonitor),1093,1,1,1,0.8,0.8,0.5,0.15,0.52,low,5,5,5,0,5,0,0.0,1,,,"The webpage contains a hidden form field for user IP and user agent, and a CAPTCHA verification form that submits to 'telegramclick.php', which could be indicative of credential harvesting or phishing. The domain age is 25.8 years, which is low-risk, but the absence of archival history in the Wayback Machine and no CT log hits could suggest a newly created phishing site. The PhishGraph classifier opinion is 99.4% towards phishing, which further supports this verdict."
Llama-3.3-70B (nomonitor),1161,1,1,1,0.95,0.95,0.8333333333333334,0.15,0.7316666666666667,mid,3,3,3,2,1,0,0.0,1,,,"The page contains a login form with password fields, which is a common indicator of credential harvesting phishing attacks. The domain age is 5.7 years, which is not typically suspicious, but the lack of archival history in the Wayback Machine and the absence of Certificate Transparency log hits raise some concerns. The PhishGraph model opinion is 99.3% towards phishing, which further supports this verdict. The page's content, including the login form and the emphasis on security features, could"
Llama-3.3-70B (nomonitor),1392,0,1,0,0.95,0.95,0.25,1.0,0.8400000000000001,high,4,4,4,1,2,1,0.25,1,,,"The domain has a long history (33.4 years) and is extremely popular (Tranco rank #994), which suggests it is a legitimate website. The HTML content does not contain any suspicious elements such as password fields or hidden iframes. The presence of a valid SSL certificate and a canonical link also indicate a legitimate website. The OSINT signals, including the domain age and Tranco rank, support the conclusion that this is a benign website."
Llama-3.3-70B (nomonitor),1408,0,1,0,0.8,0.8,0.9,1.0,0.9400000000000001,very_high,3,5,5,4,1,0,0.0,1,,,"The webpage is hosted on blogspot.com, a legitimate blogging platform, and contains no suspicious login forms, password fields, or credential-harvesting JavaScript. The domain age is 15.2 years, which is a low-risk indicator. Although the PhishGraph classifier opinion is 93.9% towards phishing, the presence of legitimate Google Adsense scripts and the overall structure of the HTML content suggest a benign website. The Tranco rank of #34,328 also indicates a mainstream site."
Llama-3.3-70B (nomonitor),1423,0,1,0,0.9,0.9,0.8,0.25,0.49000000000000005,low,4,5,5,3,2,0,0.0,1,,,"The webpage contains a legitimate business's information, including their services, contact details, and a clear description of their operations. The HTML content does not include any suspicious elements such as password fields, login forms, or credential-harvesting JavaScript. The domain has a long history, with 419 snapshots in the Wayback Machine, and is hosted on a stable ASN. While the domain age is unknown via RDAP, the overall context suggests a legitimate website."
Llama-3.3-70B (nomonitor),1430,0,1,0,0.95,0.95,0.8,1.0,0.9500000000000001,very_high,4,5,5,3,2,0,0.0,1,,,"The domain has a long history, with 30.4 years of domain age and 29.5 years of presence in the Wayback Machine, indicating a low-risk profile. The Tranco rank of #244 also suggests that the site is extremely popular and legitimate. The HTML content does not contain any suspicious elements such as password fields, login forms, or credential-harvesting JavaScript. The presence of scripts from known entities like Amazon and Facebook also adds to the legitimacy of the site."
Llama-3.3-70B (nomonitor),1472,1,1,1,0.85,0.85,0.5,0.15,0.535,low,4,4,4,0,4,0,0.0,1,,,"The URL https://erlcome-ai-ndax-login.typedream.page/ contains a login form with a domain name that is not the official NDAX website, indicating potential brand impersonation. The PhishGraph model also predicts a 94.6% chance of phishing. Although the domain age is 5.3 years, which is relatively old, the lack of archival history and the presence of a potentially fake login form raise suspicions. The HTML content includes multiple links to external stylesheets, which could be used to load malicio"
Llama-3.3-70B (nomonitor),1494,1,1,1,0.9,0.9,0.5,0.65,0.65,mid,6,11,6,0,6,0,0.0,1,,,"The webpage contains a suspicious title promising unrealistic results, a fake testimonial with explicit content, and a quiz with a limited-time offer, which are all indicative of a scam. The domain is not in the Tranco top 1M and has a limited Wayback Machine history, which suggests it may be a newly registered domain used for phishing. The HTML content includes a script that dynamically generates a date, which could be used to create a sense of urgency."
Llama-3.3-70B (nomonitor),1523,0,1,0,0.8,0.8,0.8,1.0,0.92,very_high,4,5,5,3,2,0,0.0,1,,,"The domain age is 13.1 years, which is a low-risk indicator, and the Tranco rank is #286, indicating an extremely popular site. The HTML content does not contain any suspicious elements such as password fields, login forms, or hidden iframes. The presence of a registrar record and a valid certificate also suggests a legitimate site. However, the lack of archival history in the Wayback Machine and no CT log hits are slightly suspicious, but not enough to outweigh the other indicators."
Llama-3.3-70B (nomonitor),1543,0,1,0,0.8,0.8,0.875,0.25,0.4850000000000001,low,4,8,8,6,2,0,0.0,1,,,"The webpage contains a legitimate-looking online store with a clear description, meta tags, and schema.org markup, indicating a genuine e-commerce website. The presence of WordPress plugins and a valid SSL certificate (implied by the https protocol) also suggests a legitimate site. However, the domain is not in the Tranco top 1M and has a relatively short Wayback Machine history, which could be a concern. Nevertheless, the overall structure and content of the webpage suggest a benign website."
Llama-3.3-70B (nomonitor),1656,1,1,1,0.8,0.8,0.75,0.15,0.645,mid,4,4,4,2,2,0,0.0,1,,,"The URL redirects to a suspicious domain (calnderreminder.icu) with a meta refresh tag, and the HTML content contains a script that starts bot detection with a callback URL, which may be used for tracking or credential harvesting. The presence of a hidden link (/blob) with a 'secret-link' id also raises suspicions. Although the domain has a long history and a good Tranco rank, the redirect to a newly registered domain (calnderreminder.icu) and the bot detection script indicate potential phishing"
Llama-3.3-70B (nomonitor),1800,0,1,0,0.8,0.8,0.8,1.0,0.92,very_high,3,5,5,3,2,0,0.0,1,,,"The webpage is a Blogger site with a legitimate domain age of 19.3 years, a mainstream Tranco rank of #48,988, and a valid registrar record present in RDAP. The HTML content does not contain any suspicious elements such as password fields, login forms, or credential-harvesting JavaScript. The site appears to be a blog about David Beckham with legitimate content and no obvious phishing indicators."
Llama-3.3-70B (nomonitor),1820,0,1,0,0.9,0.9,0.35,0.25,0.4,low,6,5,5,3,1,1,0.2,1,,,"The webpage contains a legitimate login form, Google Analytics and Adsense scripts, and a clear description of the website's purpose, indicating a genuine online classifieds platform. The domain has a sufficient age and resolves to a stable ASN, with a proper certificate and CT logs. No suspicious or phishing-related indicators were found in the HTML content."
Llama-3.3-70B (nomonitor),1854,0,1,0,0.8,0.8,0.7727272727272727,0.3,0.49454545454545457,low,4,11,11,6,5,0,0.0,1,,,"The webpage contains a 'Parked Domain' message, indicating it is not currently in use for phishing. The domain age is over 1 year, which is a low-risk indicator. The HTML content includes Google Analytics and Google Tag Manager scripts, which are legitimate tracking tools. However, the domain is not in the Tranco Top-1M and has limited archival history, which could be a concern. The presence of a 'noindex, nofollow, noarchive, nosnippet' meta tag suggests the owner does not want the page to be i"
Llama-3.3-70B (nomonitor),1876,0,1,0,0.8,0.8,0.8,1.0,0.92,very_high,3,5,5,3,2,0,0.0,1,,,"The domain age is 30.8 years, which is a low-risk indicator, and the Tranco rank is #70, indicating an extremely popular site. The HTML content does not contain any suspicious elements such as password fields, login forms, or credential-harvesting JavaScript. The page appears to be an error message from a legitimate service, displaying an XML error document with a disabled account message."
Llama-3.3-70B (nomonitor),1918,0,1,0,0.9,0.9,0.3125,0.25,0.3925,low,5,4,4,2,1,1,0.25,1,,,"The webpage contains a legitimate-looking classifieds website with a clear structure, including a search form, login functionality, and a cookie hint. The domain has a long history, with 25 snapshots in the Wayback Machine and 18 certificates in CT logs. The HTML content does not contain any obvious phishing indicators, such as password fields with suspicious actions or hidden iframes. The presence of Google Analytics, Google Tag Manager, and Adsense scripts suggests a legitimate website."
Llama-3.3-70B (nomonitor),1940,0,1,0,0.8,0.8,0.875,0.25,0.4850000000000001,low,4,8,8,6,2,0,0.0,1,,,"The webpage contains a legitimate-looking HTML structure with proper meta tags, schema.org markup, and links to official social media profiles, suggesting it is a genuine e-commerce site. The presence of WooCommerce and WordPress plugins also indicates a legitimate online store. However, the domain's absence from the Tranco top 1M list and unknown domain age via RDAP are slightly suspicious, but not enough to outweigh the evidence of legitimacy."
Llama-3.3-70B (nomonitor),198,1,1,1,0.8,0.8,1.0,0.15,0.77,high,2,5,2,2,0,0,0.0,1,,,"The page contains a login form with email and password fields, and the domain claims to be Walmart, which could be brand impersonation. The PhishGraph classifier opinion is 96.3% towards phishing. However, the domain age is 8 years, which is low-risk, and the Tranco rank is #1,259, indicating a mainstream site. The presence of a login form and the PhishGraph opinion outweigh the benign indicators."
Llama-3.3-70B (nomonitor),2,0,1,0,0.8,0.8,0.1875,0.25,0.34750000000000003,low,5,4,4,1,1,2,0.5,1,,,"The webpage contains a legitimate-looking e-commerce layout with a focus on designer handbags and shoes from Michael Kors, and includes proper meta tags, a canonical link, and social media links. The domain age of 205 days and the presence of a registrar record and Certificate Transparency logs suggest some level of legitimacy, despite the use of free issuers for certificates. The HTML content does not contain obvious phishing indicators such as password fields or suspicious scripts. However, th"
Llama-3.3-70B (nomonitor),2067,0,1,0,0.9,0.9,0.3125,1.0,0.8425,high,4,4,4,2,1,1,0.25,1,,,"The webpage contains a legitimate-looking project description for Zend Framework Boilerplate 2, with links to GitHub and a PayPal donation form, and lacks any obvious phishing indicators such as password fields or suspicious scripts. The domain has a long history, with 1000 snapshots in the Wayback Machine and a domain age of 6.4 years, which suggests it is an established and legitimate website. The HTML content includes scripts from reputable sources like Google and Facebook, and does not conta"
Llama-3.3-70B (nomonitor),2108,0,1,0,0.8,0.8,0.2916666666666667,0.25,0.3683333333333334,low,3,6,6,2,3,1,0.16666666666666666,1,,,"The webpage contains a large number of scripts from a single domain (static.asterdexstatic.com), which could indicate a legitimate web application. The domain age is 212 days, which is considered medium-risk, but the presence of a registrar record and the lack of suspicious TLDs or free-issuer-only certs suggest legitimacy. The HTML content does not contain any obvious phishing indicators such as password fields or fake CAPTCHA. However, the lack of Tranco rank and limited Wayback history are sl"
Llama-3.3-70B (nomonitor),2191,0,1,0,0.8,0.8,0.875,0.25,0.4850000000000001,low,2,4,4,3,1,0,0.0,1,,,"The webpage contains a legitimate-looking online boutique with a clear description, title, and meta tags, and the domain has an 18-snapshot history on the Wayback Machine, indicating some level of establishment. The HTML content does not contain obvious phishing indicators such as password fields with suspicious actions or hidden iframes. However, the domain is not in the Tranco Top-1M and has no Certificate Transparency log hits, which could be a concern. Nevertheless, the overall structure and"
Llama-3.3-70B (nomonitor),2277,0,1,0,0.8,0.8,0.3125,0.25,0.37250000000000005,low,4,4,4,2,1,1,0.25,1,,,"The webpage contains typical WordPress theme and plugin scripts, and the HTML structure appears to be a legitimate e-commerce site. The presence of TikTok and YouTube scripts suggests integration with social media and video platforms. Although the domain is not in the Tranco top 1M and has no Wayback Machine archive, the HTML content does not exhibit suspicious patterns such as password fields or hidden iframes. The site uses a legitimate SSL certificate and has a clear meta description and titl"
Llama-3.3-70B (nomonitor),2334,1,1,1,0.8,0.8,0.5,0.15,0.52,low,4,4,4,0,4,0,0.0,1,,,"The domain has a low Tranco rank and no archival history in the Wayback Machine, indicating it may be a newly created site. The PhishGraph classifier opinion is 76.8% towards phishing. Although the domain age is 5.3 years, which is typically considered low-risk, the lack of archival history and low Tranco rank raise suspicions. The HTML content does not explicitly contain phishing indicators like password fields or login forms, but the presence of a large number of font stylesheets from Google F"
Llama-3.3-70B (nomonitor),2347,1,1,1,0.9,0.9,0.2,1.0,0.5700000000000001,mid,5,3,5,0,2,3,0.6,1,,,"The webpage contains a login form and credential-harvesting JavaScript, with a domain that is not in the Tranco top 1M and has a short domain age, indicating potential phishing activity. The HTML content includes password fields and login forms, which are common indicators of phishing. Additionally, the webpage has a low PhishGraph score and a high min(SN, PG) score, suggesting a high likelihood of phishing."
Llama-3.3-70B (nomonitor),2353,0,1,0,0.9,0.9,0.375,0.05,0.28500000000000003,very_low,3,4,4,3,0,1,0.25,1,,,"The webpage contains scripts and links from known legitimate sources such as YouTube and Google, and does not exhibit typical phishing indicators like password fields or suspicious login forms. The presence of YouTube-specific scripts and favicon links further supports the legitimacy of the page. However, the domain's absence from the Tranco rank and lack of archival history in the Wayback Machine are noted, but these factors alone are not sufficient to classify the page as phishing given the st"
Llama-3.3-70B (nomonitor),2377,0,1,0,0.9,0.9,0.8,1.0,0.9400000000000001,very_high,3,5,5,3,2,0,0.0,1,,,"The domain has a long history (30.7 years) and a mainstream Tranco rank (#19,117), indicating a low-risk profile. The HTML content does not contain any suspicious elements such as password fields, login forms, or credential-harvesting JavaScript. Instead, it displays a message stating the site is no longer active and redirects to a legitimate website (Format.com)."
Llama-3.3-70B (nomonitor),2379,0,1,0,0.9,0.9,1.0,1.0,0.98,very_high,4,5,5,5,0,0,0.0,1,,,"The domain has a long history (20.8 years) and is hosted on a stable ASN, which are indicators of a legitimate website. The HTML content contains an error message with an 'AccessDenied' code, but no phishing-related elements such as password fields, login forms, or credential-harvesting JavaScript were found. The presence of a Registrar record in RDAP and the domain's resolution today also suggest legitimacy. While the Tranco rank is not in the Top-1M, the other OSINT signals point towards a ben"
Llama-3.3-70B (nomonitor),2381,0,1,0,0.9,0.9,1.0,1.0,0.98,very_high,4,4,4,4,0,0,0.0,1,,,"The webpage contains a legitimate Meta for Business page with a Privacy Center, and the domain age is 5.7 years, which is a low-risk indicator. The Tranco rank is #302, indicating an extremely popular site, and the domain resolves today, hosted on a stable ASN. No suspicious HTML content, such as password fields or credential-harvesting JavaScript, was found. The presence of a legitimate logo, meta tags, and a clear structure also suggest a benign webpage."
Llama-3.3-70B (nomonitor),2388,0,1,0,0.9,0.9,0.8571428571428571,1.0,0.9514285714285715,very_high,4,7,7,5,2,0,0.0,1,,,"The webpage contains a legitimate Meta for Business page with a Privacy Center, and the domain age is 5.7 years, which is a low-risk indicator. The Tranco rank is #302, indicating an extremely popular site, and the domain resolves today, hosted on a reputable ASN. No suspicious HTML content, such as password fields or credential-harvesting JavaScript, was found. The presence of a 'Privacy Policy' button and other legitimate links also suggests a benign webpage."
Llama-3.3-70B (nomonitor),250,0,1,0,0.9,0.9,0.875,1.0,0.9550000000000001,very_high,5,8,8,6,2,0,0.0,1,,,"The domain has a long history, with 31.3 years of age and 1000 snapshots in the Wayback Machine, indicating a low-risk, established site. The HTML content contains a legitimate error message '401 - Access is denied due to invalid credentials' from a known security company, Sophos, which suggests a genuine authentication failure rather than a phishing attempt. The presence of a 'noindex, nofollow' meta tag and a base64-encoded icon also points towards a legitimate, technical page rather than a ph"
Llama-3.3-70B (nomonitor),2500,0,0,1,0.9,0.9,0.3,1.0,0.8400000000000001,high,5,5,5,2,2,1,0.2,1,,,"The domain has a long history (29.1 years), a mainstream Tranco rank (#28,364), and a rich Certificate Transparency history, indicating a low-risk, established website. The HTML content contains no suspicious elements such as password fields, credential-harvesting JavaScript, or hidden iframes, but rather a search form and links to stylesheets and scripts from reputable sources like Google Tag Manager. The presence of a clear and consistent branding (mylife) and a proper robots meta tag also sug"
Llama-3.3-70B (nomonitor),2517,0,0,1,0.99,0.99,0.8,1.0,0.9580000000000001,very_high,5,5,5,3,2,0,0.0,1,,,"The domain has a high Tranco rank, a long Wayback history, and a multi-year RDAP age, indicating it is an established and legitimate site. The HTML content contains no suspicious elements such as password fields, login forms, or credential-harvesting JavaScript. The site's certificate transparency and network information also suggest a legitimate online presence. The presence of scripts from known services like Cloudfront and Facebook, as well as the structured data using schema.org, further sup"
Llama-3.3-70B (nomonitor),2530,0,0,1,0.95,0.95,0.3125,1.0,0.8525,high,4,4,4,2,1,1,0.25,1,,,"The webpage has a legitimate domain, a long history of snapshots on the Wayback Machine, and a high Tranco rank, indicating it is a mainstream site. The HTML content includes scripts from well-known services like Facebook, TikTok, and Google, and does not contain any suspicious or malicious code. The presence of a legitimate SSL certificate and a valid registrar record further supports the benign nature of the webpage."
Llama-3.3-70B (nomonitor),2575,0,0,1,0.9,0.9,0.3333333333333333,1.0,0.8466666666666667,high,5,6,6,3,2,1,0.16666666666666666,1,,,"The webpage has a mainstream Tranco rank of #95,075, a long Wayback Machine history of 25.6 years, and resolves to a stable ASN. The HTML content does not contain suspicious elements like password fields, hidden iframes, or obfuscated content. The domain has a legitimate-looking URL and does not exhibit typosquatting or unusual TLDs."
Llama-3.3-70B (nomonitor),2594,0,0,1,0.95,0.95,0.35,1.0,0.86,high,3,5,5,3,1,1,0.2,1,,,"The domain has a long history, with a Tranco rank of #24, 1000 snapshots in the Wayback Machine, and a domain age of 31.5 years, indicating a low-risk, established website. The HTML content contains a strict Content Security Policy, allowing only specific, trusted sources, which suggests a legitimate and secure website. No suspicious indicators such as password fields, hidden iframes, or obfuscated content were found."
Llama-3.3-70B (nomonitor),2595,0,0,1,0.95,0.95,0.8,1.0,0.9500000000000001,very_high,5,5,5,3,2,0,0.0,1,,,"The webpage has a long domain age of 31.1 years, a high Tranco rank of #2,305, and a rich archival history with 1000 snapshots in the Wayback Machine, indicating a legitimate and established website. The HTML content contains no suspicious elements such as password fields, login forms, or credential-harvesting JavaScript, and the scripts loaded are from reputable sources like Google and Amazon. The presence of a valid SSL certificate and a clear description of the website's content in the meta t"
Llama-3.3-70B (nomonitor),2604,0,0,1,0.95,0.95,0.8,1.0,0.9500000000000001,very_high,4,5,5,3,2,0,0.0,1,,,"The domain has a long history (31.3 years) and a high Tranco rank (#1,243), indicating it is a mainstream site. The HTML content does not contain any suspicious elements such as password fields, login forms, or credential-harvesting JavaScript. The presence of scripts from reputable sources like Google Tag Manager and the use of HTTPS also suggest a legitimate site. The Intelligence Dossier provides additional context that supports the benign nature of the site, including a long Wayback Machine "
Llama-3.3-70B (nomonitor),2639,0,0,1,0.9,0.9,0.875,1.0,0.9550000000000001,very_high,4,8,8,6,2,0,0.0,1,,,"The webpage has a legitimate domain with a Tranco rank of #2,396, indicating it is a mainstream site, and has a long Wayback Machine history with 1000 snapshots, suggesting it has been around for a while. The HTML content does not contain any suspicious elements such as password fields, login forms, or credential-harvesting JavaScript. The page appears to be a news article from a reputable source, UC Davis Health, with proper metadata and schema.org markup. The absence of phishing indicators, co"
Llama-3.3-70B (nomonitor),2643,0,0,1,0.95,0.95,0.3333333333333333,1.0,0.8566666666666667,high,4,6,6,3,2,1,0.16666666666666666,1,,,"The webpage has a legitimate domain, a long history of snapshots on the Wayback Machine, and a high Tranco rank, indicating it is a mainstream site. The HTML content does not contain any suspicious elements such as password fields, login forms, or hidden iframes. The presence of a rich Certificate Transparency log and a long domain age further supports the legitimacy of the site. No indicators of phishing, such as typosquatting, unusual TLDs, or free hosting, were found."
Llama-3.3-70B (nomonitor),2644,0,0,1,0.95,0.95,0.3333333333333333,1.0,0.8566666666666667,high,3,6,6,3,2,1,0.16666666666666666,1,,,"The domain has a long history, with 1000 snapshots in the Wayback Machine and a domain age of 29.4 years, indicating a low-risk profile. The Tranco rank of #584 also suggests that the site is extremely popular and legitimate. The HTML content does not contain any suspicious elements such as password fields, login forms, or hidden iframes. The scripts and stylesheets are loaded from the same domain, which reduces the risk of malicious content. The absence of indicators such as typosquatting, unus"
Llama-3.3-70B (nomonitor),2666,0,0,1,0.95,0.95,0.3125,1.0,0.8525,high,4,4,4,2,1,1,0.25,1,,,"The domain has a long history, with a Tranco rank of #3,380 and 1000 snapshots in the Wayback Machine, indicating it is a mainstream site. The domain age is 11,576 days, which is low-risk. The HTML content does not contain any suspicious elements such as password fields, login forms, or hidden iframes. The presence of meta tags for social media and a canonical link suggests a legitimate website. The scripts and links present are from known services such as Google Tag Manager and New Relic, which"
Llama-3.3-70B (nomonitor),2667,0,0,1,0.9,0.9,0.3,1.0,0.8400000000000001,high,5,5,5,2,2,1,0.2,1,,,"The webpage has a long history with 1000 snapshots in the Wayback Machine and a Tranco rank of #18,912, indicating it is a mainstream site. The domain resolves today and is hosted on a known ASN. The HTML content includes scripts from reputable sources such as Google Analytics, Google Tag Manager, and Clarity, but does not contain any obvious phishing indicators like password fields or hidden iframes with suspicious URLs. The presence of a canonical link, viewport settings, and a title suggests "
Llama-3.3-70B (nomonitor),2720,0,0,1,0.95,0.95,0.9,1.0,0.9700000000000001,very_high,6,5,5,4,1,0,0.0,1,,,"The webpage has a legitimate domain, a high Tranco rank, and a long Wayback history, indicating it is an established site. The HTML content contains no suspicious elements such as password fields, login forms, or credential-harvesting JavaScript. The page also has a clear and descriptive title, meta tags, and a canonical link, suggesting it is a genuine article or blog post. The presence of scripts from reputable sources like Google Analytics and Google Tag Manager further supports the page's le"
Llama-3.3-70B (nomonitor),2733,0,0,1,0.99,0.99,0.3,1.0,0.8580000000000001,high,8,5,5,2,2,1,0.2,1,,,"The domain has a high Tranco rank, a long Wayback history, and a multi-year RDAP age, indicating it is an established and legitimate site. The HTML content contains a product description, reviews, and schema.org metadata, which is consistent with a legitimate e-commerce site. No suspicious indicators such as password fields, login forms, or hidden iframes were found. The presence of a rich Certificate Transparency history and a long-standing ASN allocation also support the legitimacy of the site"
Llama-3.3-70B (nomonitor),2739,0,0,1,0.9,0.9,0.3,1.0,0.8400000000000001,high,4,5,5,2,2,1,0.2,1,,,"The domain has a long history (25.6 years), a high Tranco rank (#457,619), and a rich Certificate Transparency history, indicating it is an established domain. The HTML content includes scripts from reputable sources such as Google Analytics, Google Tag Manager, and Facebook, which suggests legitimate tracking and advertising practices. No suspicious or malicious content, such as password fields or hidden iframes, was found in the provided HTML snippet."
Llama-3.3-70B (nomonitor),2740,0,0,1,0.9,0.9,0.2,0.45,0.4900000000000001,low,5,5,5,1,2,2,0.4,1,,,"The webpage contains a legitimate HTML structure with proper metadata, schema.org markup, and links to external stylesheets and scripts from reputable sources like Google Tag Manager and Facebook. The domain has a long history, as indicated by the 1000 snapshots in the Wayback Machine and a Tranco rank of #390,629, suggesting it is an established website. No suspicious indicators such as password fields, hidden iframes, or obfuscated content were found in the provided HTML."
Llama-3.3-70B (nomonitor),2743,0,0,1,0.95,0.95,0.8,1.0,0.9500000000000001,very_high,5,5,5,3,2,0,0.0,1,,,"The webpage has a legitimate domain with a long history (31.3 years), a high Tranco rank (#1,243), and a rich archival history (1000 snapshots in the Wayback Machine). The HTML content does not contain any suspicious elements such as password fields, login forms, or credential-harvesting JavaScript. The meta tags and scripts used are consistent with a legitimate news website, including Optimizely, Google Tag Manager, and social media sharing scripts. The absence of suspicious indicators, combine"
Llama-3.3-70B (nomonitor),2750,0,0,1,0.99,0.99,0.8,1.0,0.9580000000000001,very_high,4,5,5,3,2,0,0.0,1,,,"The domain has a long history (27.4 years), a high Tranco rank (#3,905), and a rich Certificate Transparency history, indicating a low-risk, established website. The HTML content contains no suspicious elements such as password fields, login forms, or credential-harvesting JavaScript, and the meta tags and schema.org markup suggest a legitimate medical information website. The presence of a clear and detailed description of the drug Lovenox, its uses, dosage, and side effects, further supports t"
Llama-3.3-70B (nomonitor),2751,0,0,1,0.95,0.95,0.8,1.0,0.9500000000000001,very_high,4,5,5,3,2,0,0.0,1,,,"The domain has a long history, with 1000 snapshots in the Wayback Machine and a domain age of 28.2 years, indicating a low-risk website. The HTML content does not contain any suspicious elements such as password fields, login forms, or credential-harvesting JavaScript. The website appears to be a legitimate online store, with a clear description of its products and services. The presence of social media scripts and analytics tools is consistent with a legitimate business website."
Llama-3.3-70B (nomonitor),2762,0,0,1,0.99,0.99,0.3125,1.0,0.8605,high,4,4,4,2,1,1,0.25,1,,,"The URL's domain is extremely popular (Tranco rank #8), has a long history (21.3 years old, 1000 Wayback Machine snapshots), and its certificate transparency shows 6 certificates from reputable issuers. The HTML content does not contain any suspicious elements such as password fields, login forms, or hidden iframes. The scripts and links present are consistent with a legitimate YouTube webpage."
Llama-3.3-70B (nomonitor),2765,0,0,1,0.9,0.9,0.8,1.0,0.9400000000000001,very_high,4,5,5,3,2,0,0.0,1,,,"The domain has a long history (30.2 years) and a high Tranco rank (#463,143), indicating a low-risk website. The HTML content does not contain any suspicious elements such as password fields, login forms, or credential-harvesting JavaScript. The presence of a MutationObserver and event listeners suggests a legitimate website with interactive elements."
Llama-3.3-70B (nomonitor),2773,0,0,1,0.9,0.9,0.75,1.0,0.93,very_high,5,4,4,2,2,0,0.0,1,,,"The domain has a long history (8.7 years) and is ranked #154,693 in Tranco, indicating it is an established website. The HTML content includes a Content Security Policy that restricts script sources to known domains like Salesforce and Google, and the page has a legitimate favicon from Amazon. No suspicious password fields, login forms, or hidden iframes were found. The presence of a detailed meta description and legitimate stylesheet links further supports the benign nature of the page."
Llama-3.3-70B (nomonitor),2802,0,0,1,0.95,0.95,0.8,1.0,0.9500000000000001,very_high,4,5,5,3,2,0,0.0,1,,,"The domain has a high Tranco rank, a long Wayback history, and a multi-year RDAP age, indicating it is an established and legitimate site. The HTML content does not contain any suspicious elements such as password fields, login forms, or credential-harvesting JavaScript. The presence of Amazon-specific scripts and variables suggests that this is a genuine Amazon webpage."
Llama-3.3-70B (nomonitor),2807,0,0,1,0.95,0.95,0.8,1.0,0.9500000000000001,very_high,5,5,5,3,2,0,0.0,1,,,"The domain has a long history (38 years), a high Tranco rank (#5,490), and a rich Certificate Transparency history, indicating a legitimate and established website. The HTML content does not contain any suspicious elements such as password fields, login forms, or hidden iframes. The website appears to be a legitimate 3M Safety Training website with proper cookie consent and privacy policy notices."
Llama-3.3-70B (nomonitor),2813,0,0,1,0.9,0.9,0.1875,1.0,0.8175,high,3,8,8,2,2,4,0.5,1,,,"The domain has a long history (30.8 years) and is present in the Wayback Machine with 1000 snapshots, indicating a legitimate website. The HTML content contains scripts from known services like Google Tag Manager and New Relic, which are commonly used for analytics and performance monitoring. No suspicious or phishing-related indicators were found in the HTML content."
Llama-3.3-70B (nomonitor),2814,0,0,1,0.95,0.95,0.8,1.0,0.9500000000000001,very_high,7,5,5,3,2,0,0.0,1,,,"The domain has a long history (31.2 years) and a high Tranco rank (#10,327), indicating it is a mainstream site. The HTML content does not contain any suspicious elements such as password fields, login forms, or credential-harvesting JavaScript. The presence of a rich Certificate Transparency history and a legitimate registrar record further supports the benign nature of the site. The HTML content appears to be a legitimate sales page for DIRECTV Sports Pack, with proper meta tags, font preloadi"
Llama-3.3-70B (nomonitor),2815,0,0,1,0.95,0.95,0.125,1.0,0.8150000000000001,high,4,4,4,0,2,2,0.5,1,,,"The webpage has a long domain age of 30.2 years, a Tranco rank of #49,169, and 1000 snapshots in the Wayback Machine, indicating it is a mainstream site with a long history. The HTML content includes scripts from reputable sources such as Google Analytics, Facebook, and LinkedIn, but no suspicious or malicious scripts were found. No password fields, login forms, or other phishing indicators were present in the HTML content."
Llama-3.3-70B (nomonitor),2828,0,0,1,0.95,0.95,0.8,1.0,0.9500000000000001,very_high,4,5,5,3,2,0,0.0,1,,,"The domain has a long history, with a Tranco rank of #192, a domain age of 37.5 years, and a rich Certificate Transparency history, indicating a low-risk, established website. The HTML content does not contain any suspicious elements such as password fields, login forms, or credential-harvesting JavaScript. The presence of multiple script tags from reputable sources like Oracle and Google, as well as a clear and descriptive meta title and description, further supports the legitimacy of the websi"
Llama-3.3-70B (nomonitor),2842,0,0,1,0.95,0.95,0.3,1.0,0.8500000000000001,high,4,5,5,2,2,1,0.2,1,,,"The domain has a long history, with a Tranco rank of #962, indicating it is an extremely popular site, and a domain age of 11,766 days, which is over 32 years old. The Wayback Machine has 1000 snapshots of the site, with the first snapshot taken 29.4 years ago. The site also has a rich Certificate Transparency history with 95 certificates in CT logs. The HTML content does not contain any suspicious elements such as password fields, login forms, or hidden iframes. The site appears to be a legitim"
Llama-3.3-70B (nomonitor),2843,0,0,1,0.95,0.95,0.25,1.0,0.8400000000000001,high,4,5,5,1,3,1,0.2,1,,,"The webpage contains metadata indicating it is part of The George Washington University, specifically the Elliott School of International Affairs, with a legitimate URL and no suspicious indicators such as password fields or hidden iframes. The Intelligence Dossier shows a high Tranco rank, a long Wayback history, and a well-established domain, all of which suggest a legitimate site. No phishing patterns were found in the HTML content."
Llama-3.3-70B (nomonitor),2866,0,0,1,0.9,0.9,0.9,1.0,0.9600000000000001,very_high,4,5,5,4,1,0,0.0,1,,,"The domain has a long history (32.6 years) and is ranked #4,967 by Tranco, indicating it is a mainstream site. The HTML content appears to be a legitimate product page for JCPenney, with meta tags and scripts consistent with a commercial website. No suspicious indicators such as password fields, login forms, or credential-harvesting JavaScript were found. The presence of scripts from reputable sources like Google Tag Manager and PayPal also suggests legitimacy."
Llama-3.3-70B (nomonitor),2874,0,0,1,0.95,0.95,0.3,1.0,0.8500000000000001,high,3,5,5,2,2,1,0.2,1,,,"The domain has a long history (29.7 years) and a mainstream Tranco rank (#18,205), indicating it is an established site. The HTML content contains multiple scripts from known services like Facebook, TikTok, and Google, but no obvious phishing indicators such as password fields or hidden iframes were found. The presence of a rich set of meta tags for social media and SEO optimization further suggests a legitimate website."
Llama-3.3-70B (nomonitor),2878,0,0,1,0.95,0.95,0.8,1.0,0.9500000000000001,very_high,5,5,5,3,2,0,0.0,1,,,"The domain has a long history (30.7 years), a mainstream Tranco rank (#17,771), and a rich Certificate Transparency history, indicating a low-risk, established domain. The HTML content does not contain any suspicious elements such as password fields, login forms, or credential-harvesting JavaScript. The presence of a legitimate favicon and scripts from known CDNs (e.g., cdn.kustomerapp.com) further supports the benign nature of the webpage."
Llama-3.3-70B (nomonitor),2884,0,0,1,0.95,0.95,0.35,1.0,0.86,high,5,5,5,3,1,1,0.2,1,,,"The webpage has a long domain age of 30.8 years, a high Tranco rank of #210, and a rich Certificate Transparency history with 1100 certificates, indicating a legitimate and established domain. The HTML content includes dns-prefetch links to known eBay domains and scripts from reputable sources like Google and Facebook, further supporting the benign nature of the webpage. No suspicious indicators such as password fields, hidden iframes, or obfuscated content were found."
Llama-3.3-70B (nomonitor),2890,0,0,1,0.95,0.95,0.7,1.0,0.93,very_high,5,5,5,2,3,0,0.0,1,,,"The domain has a long history (27.8 years) and a high Tranco rank (#4,640), indicating it is a mainstream site. The HTML content contains multiple scripts from known providers (e.g., Google, YouTube, Taboola) and does not contain any suspicious or phishing-related elements. The presence of a rich Certificate Transparency history and a legitimate registrar record further supports the benign nature of the site."
Llama-3.3-70B (nomonitor),2931,0,0,1,0.9,0.9,0.3,0.25,0.39,low,6,5,5,2,2,1,0.2,1,,,"The webpage contains a legitimate hotel website with proper meta tags, a clear title, and descriptive content. The HTML structure and scripts used are typical for a website of this nature, including Google Tag Manager and Facebook scripts for analytics and social media integration. The presence of a form with a POST action to an ASPX page suggests a legitimate web application. The domain has a long Wayback history and resolves to a stable ASN, indicating an established online presence."
Llama-3.3-70B (nomonitor),2932,0,0,1,0.9,0.9,0.8333333333333334,1.0,0.9466666666666668,very_high,3,6,6,4,2,0,0.0,1,,,"The domain has a long history (29.7 years) and is present in the Wayback Machine with 1000 snapshots, indicating a legitimate and established website. The HTML content does not contain any suspicious elements such as password fields, login forms, or credential-harvesting JavaScript. The website uses reputable services like Google Tag Manager, Google Maps, and Font Awesome, which further suggests its legitimacy. The absence of typosquatting, unusual TLDs, and free hosting also supports the conclu"
Llama-3.3-70B (nomonitor),2933,0,0,1,0.9,0.9,0.3,0.45,0.51,low,5,5,5,2,2,1,0.2,1,,,"The URL has a legitimate domain with a long history (16 years) and a high Tranco rank, indicating it is an established website. The HTML content does not contain any suspicious elements such as password fields, login forms, or hidden iframes. The website appears to be a legitimate business website for a moving company, with a clear and professional layout, and links to various services and reviews. The presence of a Facebook app ID and Open Graph protocol metadata also suggests a legitimate webs"
Llama-3.3-70B (nomonitor),2934,0,0,1,0.9,0.9,0.3,1.0,0.8400000000000001,high,4,5,5,2,2,1,0.2,1,,,"The domain has a long history with 1000 snapshots in the Wayback Machine and a domain age of 31.4 years, indicating a low-risk established site. The presence of scripts from reputable sources like Google Tag Manager, Facebook, and LinkedIn, as well as the use of HTTPS, further supports the site's legitimacy. No suspicious indicators such as password fields, hidden iframes, or obfuscated content were found in the provided HTML content."
Llama-3.3-70B (nomonitor),2946,0,0,1,0.95,0.95,0.8,1.0,0.9500000000000001,very_high,4,5,5,3,2,0,0.0,1,,,"The domain has a long history (32.3 years) and a high Tranco rank (#3,642), indicating it is a mainstream site. The HTML content contains no suspicious elements such as password fields, login forms, or credential-harvesting JavaScript. The presence of scripts from known services like Google Tag Manager, YouTube, and Amazon-adsystem suggests legitimate advertising and analytics. The site's rich Certificate Transparency history and the absence of suspicious TLDs or free-issuer-only certificates fu"
Llama-3.3-70B (nomonitor),2947,0,0,1,0.9,0.9,1.0,1.0,0.98,very_high,3,5,5,5,0,0,0.0,1,,,"The webpage contains a legitimate search and filter functionality, with no password fields, login forms, or other credential-harvesting elements. The domain has a long history, with 1000 snapshots in the Wayback Machine and a domain age of 32.2 years, indicating a low-risk profile. The HTML content is consistent with a help portal, and the presence of a search function and tabs suggests a genuine informational website."
Llama-3.3-70B (nomonitor),2957,0,0,1,0.95,0.95,0.875,1.0,0.9650000000000001,very_high,4,4,4,3,1,0,0.0,1,,,"The domain has a long history (31.5 years), a high Tranco rank (#62), and a rich Certificate Transparency history, indicating it is a well-established and legitimate site. The HTML content does not contain any suspicious elements such as password fields, login forms, or hidden iframes. The presence of a clear and descriptive title, as well as meta tags with standard attributes, further supports the legitimacy of the site."
Llama-3.3-70B (nomonitor),2971,0,0,1,0.9,0.9,0.3269230769230769,1.0,0.8453846153846154,high,9,13,13,5,7,1,0.07692307692307693,1,,,"The domain has a long history, with 1000 snapshots in the Wayback Machine and a domain age of 30.7 years, indicating a low-risk established domain. The HTML content does not contain any suspicious elements such as password fields, login forms, or credential-harvesting JavaScript. The presence of Google Analytics and HubSpot scripts suggests a legitimate website with tracking and analytics capabilities. The Tranco rank and Certificate Transparency data also support the notion of a benign website."
Llama-3.3-70B (nomonitor),2974,0,0,1,0.95,0.95,0.35,1.0,0.86,high,4,5,5,3,1,1,0.2,1,,,"The webpage has a legitimate domain with a long history, as indicated by its Tranco rank of #32,758 and 1000 snapshots in the Wayback Machine. The domain age is 11,641 days, which is over 31 years, and it has a rich Certificate Transparency history with 108 certificates. The HTML content does not contain any suspicious elements such as password fields, login forms, or hidden iframes. The page appears to be a news website with a clear title, meta description, and social media links, suggesting a "
Llama-3.3-70B (nomonitor),2976,0,0,1,0.95,0.95,0.9,1.0,0.9700000000000001,very_high,5,5,5,4,1,0,0.0,1,,,"The webpage has a long domain age of 31.6 years, a mainstream Tranco rank of #19,709, and a rich Certificate Transparency history with 30 certificates, indicating a low-risk, established domain. The HTML content includes scripts from reputable sources such as Google Analytics and PayPal, and does not contain any suspicious password fields, login forms, or credential-harvesting JavaScript. The presence of a reCAPTCHA script also suggests a legitimate website."
Llama-3.3-70B (nomonitor),2989,0,0,1,0.95,0.95,0.8,1.0,0.9500000000000001,very_high,5,5,5,3,2,0,0.0,1,,,"The domain has a long history (34.2 years) and a mainstream Tranco rank (#16,573), indicating a low-risk profile. The HTML content does not contain any suspicious elements such as password fields, login forms, or credential-harvesting JavaScript. The presence of a rich Certificate Transparency history and a legitimate registrar record further supports the benign nature of the site. The HTML content appears to be a legitimate article about Bible verses, with proper schema markup and no signs of p"
Llama-3.3-70B (nomonitor),3008,0,0,1,0.99,0.99,0.3,1.0,0.8580000000000001,high,4,5,5,2,2,1,0.2,1,,,"The domain age is 31.9 years, which is a strong indicator of a legitimate site. The Tranco rank is #188, indicating the site is extremely popular. The HTML content contains no suspicious elements such as password fields, login forms, or hidden iframes. The site has a rich Certificate Transparency history with 21 certificates and 3 distinct issuers. The presence of legitimate scripts from known providers like Google and Facebook further supports the site's legitimacy."
Llama-3.3-70B (nomonitor),3025,0,0,1,0.9,0.9,0.3125,1.0,0.8425,high,4,4,4,2,1,1,0.25,1,,,"The domain has a long history (40.1 years) and a mainstream Tranco rank (#1,422), indicating it is an established site. The HTML content does not contain suspicious elements like password fields or hidden iframes, and the scripts loaded are from reputable sources like Google Tag Manager and Adobe. The presence of a rich Certificate Transparency history with 750 certificates and 9 distinct issuers also suggests a legitimate site."
Llama-3.3-70B (nomonitor),3030,0,0,1,0.95,0.95,0.2,1.0,0.8300000000000001,high,4,5,5,1,2,2,0.4,1,,,"The domain has a long history (30.5 years), a high Tranco rank (#5,525), and a rich Certificate Transparency history, indicating it is a legitimate and established website. The HTML content does not contain any suspicious elements such as password fields, hidden iframes, or obfuscated content. The presence of scripts from reputable sources like Facebook and Adobe also suggests a legitimate website."
Llama-3.3-70B (nomonitor),3042,0,0,1,0.95,0.95,0.8,1.0,0.9500000000000001,very_high,4,5,5,3,2,0,0.0,1,,,"The webpage has a legitimate domain with a long history, as indicated by its Tranco rank of #513, 1000 snapshots in the Wayback Machine, and a domain age of 29.6 years. The HTML content does not contain any suspicious elements such as password fields, login forms, or credential-harvesting JavaScript. The presence of multiple scripts from known services like Google Tag Manager, Amplitude, and Crazy Egg suggests a legitimate website with analytics and tracking capabilities."
Llama-3.3-70B (nomonitor),3044,0,0,1,0.95,0.95,0.9,1.0,0.9700000000000001,very_high,5,5,5,4,1,0,0.0,1,,,"The domain has a long history (35.2 years), a high Tranco rank (#1,332), and a rich Certificate Transparency history, indicating it is a legitimate and established website. The HTML content contains no suspicious password fields, login forms, or credential-harvesting scripts, and the meta tags and scripts appear to be related to legitimate FedEx services. The presence of a valid SSL certificate and a legitimate SSL issuer also supports the conclusion that this is a benign website."
Llama-3.3-70B (nomonitor),3096,0,0,1,0.95,0.95,0.75,1.0,0.9400000000000001,very_high,4,4,4,2,2,0,0.0,1,,,"The webpage has a long domain age of 31.5 years, a high Tranco rank of #24, and a large number of Wayback Machine snapshots, indicating it is an established and popular site. The HTML content does not contain any suspicious elements such as password fields or hidden iframes. The presence of Amazon-specific scripts and variables also suggests that the webpage is a legitimate Amazon page."
Llama-3.3-70B (nomonitor),3103,0,0,1,0.95,0.95,0.3333333333333333,1.0,0.8566666666666667,high,5,6,6,3,2,1,0.16666666666666666,1,,,"The webpage has a legitimate Ticketmaster domain, a long domain age of 32.4 years, and a rich Certificate Transparency history with 144 certificates, indicating a low-risk profile. The HTML content contains no suspicious elements such as password fields, hidden iframes, or credential-harvesting JavaScript, and instead includes legitimate scripts from Google Tag Manager and other known services. The presence of a Tranco rank of #2,368 and 1000 snapshots in the Wayback Machine further supports the"
Llama-3.3-70B (nomonitor),3111,0,0,1,0.9,0.9,0.8,1.0,0.9400000000000001,very_high,4,5,5,3,2,0,0.0,1,,,"The webpage has a mainstream Tranco rank of #41,835, a long Wayback Machine history of 1000 snapshots over 11.8 years, and is hosted on a stable ASN. The HTML content does not contain any suspicious elements such as password fields, login forms, or credential-harvesting JavaScript. The meta tags and schema.org markup suggest a legitimate sportsbook website with a clear description, title, and social media presence."
Llama-3.3-70B (nomonitor),3114,0,0,1,0.9,0.9,0.25,1.0,0.8300000000000001,high,3,5,5,2,1,2,0.4,1,,,"The domain has a long history with 1000 snapshots in the Wayback Machine and a domain age of 30.2 years, indicating a low-risk established site. The HTML content includes various scripts from known services like Google, ZoomInfo, and Apple, but no obvious phishing indicators like password fields or fake CAPTCHA were found. The presence of reCAPTCHA and other security scripts suggests a legitimate site with security measures in place."
Llama-3.3-70B (nomonitor),3126,0,0,1,0.95,0.95,0.8,1.0,0.9500000000000001,very_high,4,5,5,3,2,0,0.0,1,,,"The domain has a high Tranco rank, a long Wayback history, and a multi-year RDAP age, indicating it is an established and legitimate site. The HTML content does not contain any suspicious elements such as password fields, login forms, or credential-harvesting JavaScript. The presence of Amazon-specific scripts and variables suggests that this is a legitimate Amazon webpage."
Llama-3.3-70B (nomonitor),3132,0,0,1,0.9,0.9,0.3,0.25,0.39,low,4,5,5,2,2,1,0.2,1,,,"The webpage contains a legitimate business website with a clear description of the company's products and services, including a contact page and a sitemap. The HTML content includes Google Analytics and Google Tag Manager scripts, which are common on legitimate websites. The domain has a long history, with 1000 snapshots on the Wayback Machine, and is hosted on a stable network. No suspicious indicators such as password fields, login forms, or hidden iframes were found."
Llama-3.3-70B (nomonitor),3134,0,0,1,0.9,0.9,0.35,1.0,0.85,high,5,5,5,3,1,1,0.2,1,,,"The domain has a long history (30.3 years) and a mainstream Tranco rank (#19,385), with a rich Certificate Transparency log and no suspicious indicators in the URL or HTML content. The HTML content appears to be related to debugging and logging, with no visible password fields, login forms, or other phishing indicators. The presence of a Content Security Policy and a valid favicon also suggests a legitimate website."
Llama-3.3-70B (nomonitor),3137,0,0,1,0.99,0.99,0.4,1.0,0.8780000000000001,high,5,5,5,4,0,1,0.2,1,,,"The webpage has a legitimate Netflix domain, a high Tranco rank, and a long Wayback history, indicating it is a well-established and popular site. The HTML content contains no suspicious elements such as password fields, login forms, or credential-harvesting JavaScript. The presence of structured schema and meta tags further suggests a legitimate article page."
Llama-3.3-70B (nomonitor),3139,0,0,1,0.95,0.95,0.25,1.0,0.8400000000000001,high,5,5,5,2,1,2,0.4,1,,,"The webpage has a legitimate Facebook page structure, with proper meta tags and a valid certificate. The domain age is 29.1 years, and it has a rich Certificate Transparency history with 100 certificates in CT logs. The Tranco rank is #5, indicating it's an extremely popular site. No suspicious indicators such as password fields, login forms, or hidden iframes were found in the HTML content."
Llama-3.3-70B (nomonitor),3168,0,0,1,0.95,0.95,0.8,1.0,0.9500000000000001,very_high,5,5,5,3,2,0,0.0,1,,,"The domain age is 30.9 years, which is a low-risk indicator. The Tranco rank is #366, indicating an extremely popular site. The HTML content does not contain any suspicious elements such as password fields, login forms, or credential-harvesting JavaScript. The presence of a rich Certificate Transparency history and a diverse set of issuers also suggests a legitimate site. The meta tags and script sources appear to be from reputable sources, including Google and Twitter."
Llama-3.3-70B (nomonitor),3171,0,0,1,0.95,0.95,0.8,1.0,0.9500000000000001,very_high,4,5,5,3,2,0,0.0,1,,,"The domain has a long history, with a Tranco rank of #4,157 and 1000 snapshots in the Wayback Machine, indicating it is a mainstream site. The domain age is 10,476 days, which is low-risk. The HTML content does not contain any suspicious elements such as password fields, login forms, or credential-harvesting JavaScript. The page appears to be a legitimate article from Travel + Leisure, with proper metadata and a clear structure."
Llama-3.3-70B (nomonitor),3173,0,0,1,0.95,0.95,0.2,1.0,0.8300000000000001,high,4,5,5,1,2,2,0.4,1,,,"The webpage has a long domain age of 30.8 years, a high Tranco rank of #210, and a rich Certificate Transparency history with 1100 certificates, indicating a well-established and legitimate website. The HTML content contains legitimate eBay links and metadata, such as dns-prefetch links to ebaystatic.com and ebayimg.com, and meta tags with eBay-related information. No suspicious indicators like password fields, hidden iframes, or obfuscated content were found."
Llama-3.3-70B (nomonitor),3192,0,0,1,0.9,0.9,0.25,1.0,0.8300000000000001,high,4,4,4,1,2,1,0.25,1,,,"The webpage has a long domain age of 32.5 years, a Tranco rank of #3,267, and 1000 snapshots in the Wayback Machine, indicating it is a mainstream site with a well-established history. The HTML content includes a strict Content Security Policy that only allows scripts from trusted sources, and there are no obvious phishing indicators such as password fields or fake CAPTCHAs. The presence of scripts from reputable sources like Facebook, Google, and Salesforce also suggests a legitimate site."
Llama-3.3-70B (nomonitor),3197,0,0,1,0.9,0.9,0.875,1.0,0.9550000000000001,very_high,3,4,4,3,1,0,0.0,1,,,"The domain has a long history (28.1 years) and a high Tranco rank (#2,836), indicating it is a mainstream site. The HTML content contains multiple scripts from known providers (e.g., Google, Amplitude, DoubleClick) and lacks any obvious phishing indicators such as password fields or suspicious redirects. The presence of a rich set of favicon and meta tags also suggests a legitimate website."
Llama-3.3-70B (nomonitor),3216,0,0,1,0.95,0.95,0.16666666666666666,1.0,0.8233333333333334,high,4,6,6,1,2,3,0.5,1,,,"The URL and HTML content do not exhibit suspicious patterns such as typosquatting, unusual TLDs, or free hosting. The Intelligence Dossier indicates a high Tranco rank, long domain age, and rich Certificate Transparency history, which are all indicators of a legitimate site. The HTML content contains meta tags and scripts consistent with a legitimate Facebook page, including a canonical link to https://www.facebook.com/udelaware and OpenGraph protocol metadata. No password fields, login forms, o"
Llama-3.3-70B (nomonitor),3219,0,0,1,0.95,0.95,0.8,1.0,0.9500000000000001,very_high,5,5,5,3,2,0,0.0,1,,,"The webpage has a legitimate domain with a long history, as indicated by its Tranco rank of #2,999 and 10,175 days of domain age. The HTML content does not contain any suspicious elements such as password fields, login forms, or credential-harvesting JavaScript. The presence of legitimate scripts from known services like Google Tag Manager and the use of HTTPS also support the benign nature of the webpage. The Intelligence Dossier provides additional context that supports the legitimacy of the d"
Llama-3.3-70B (nomonitor),3224,0,0,1,0.8,0.8,0.75,0.45,0.5800000000000001,mid,3,4,4,2,2,0,0.0,1,,,"The webpage contains Google Adsense scripts and has a long history of snapshots on the Wayback Machine, indicating a legitimate website. The domain has a Tranco rank of #409,367 and is hosted on a stable ASN, which suggests it is not a phishing site. Although the HTML content is complex and contains many scripts, there is no clear evidence of phishing patterns such as password fields or credential-harvesting JavaScript."
Llama-3.3-70B (nomonitor),3225,0,0,1,0.9,0.9,0.8,0.45,0.6100000000000001,mid,4,5,5,3,2,0,0.0,1,,,"The webpage has a long history with 1000 snapshots in the Wayback Machine and a Tranco rank of #301,065, indicating it is an established domain. The HTML content does not contain any suspicious elements such as password fields, login forms, or credential-harvesting JavaScript. The domain also has a legitimate Facebook app ID and Open Graph protocol metadata, suggesting it is a genuine website. While the JavaScript code is complex and obfuscated, it appears to be related to WordPress plugins and "
Llama-3.3-70B (nomonitor),323,0,1,0,0.9,0.9,0.8333333333333334,1.0,0.9466666666666668,very_high,3,6,6,4,2,0,0.0,1,,,"The domain age is 6.3 years, which is a low-risk indicator. The Tranco rank is #985, indicating an extremely popular site. The HTML content does not contain any suspicious elements such as password fields, login forms, or hidden iframes. The site has a legitimate favicon and uses a secure protocol. No phishing indicators such as typosquatting, unusual TLD, or free hosting were found."
Llama-3.3-70B (nomonitor),3256,0,0,1,0.95,0.95,0.9,1.0,0.9700000000000001,very_high,4,5,5,4,1,0,0.0,1,,,"The domain has a long history, with 1000 snapshots in the Wayback Machine and a domain age of 39.2 years, indicating a low-risk website. The Tranco rank of #10 also suggests that it is an extremely popular site. The HTML content does not contain any suspicious elements such as password fields, login forms, or hidden iframes. The presence of a valid certificate and a rich set of preconnect links to Apple domains further supports the legitimacy of the site."
Llama-3.3-70B (nomonitor),3275,0,0,1,0.9,0.9,0.6,1.0,0.9,very_high,4,5,5,1,4,0,0.0,1,,,"The webpage has a long history with 1000 snapshots in the Wayback Machine and a Tranco rank of #10,316, indicating it is a mainstream site. The domain resolves today and is hosted on AS20940, an ASN allocated 24 years ago, which suggests it is an established domain. The HTML content includes a Content Security Policy that allows 'self' and several known domains such as Google and Facebook, but does not contain any obvious phishing indicators like password fields or fake CAPTCHA. The absence of s"
Llama-3.3-70B (nomonitor),3283,0,0,1,0.95,0.95,0.25,1.0,0.8400000000000001,high,5,4,4,1,2,1,0.25,1,,,"The webpage has a long domain age of 31.3 years, a high Tranco rank of #1,243, and a rich Certificate Transparency history with 18 certificates from multiple issuers, indicating a legitimate and established website. The HTML content contains meta tags with legitimate information, such as author and description, and does not contain any suspicious elements like password fields or hidden iframes. The presence of scripts from reputable sources like Optimizely and OneTrust also suggests a legitimate"
Llama-3.3-70B (nomonitor),3284,0,0,1,0.95,0.95,0.8,1.0,0.9500000000000001,very_high,4,5,5,3,2,0,0.0,1,,,"The domain has a long history, with a Tranco rank of #476, a Wayback Machine history of 1000 snapshots over 28.4 years, and a domain age of 32.4 years, indicating a low-risk, established website. The HTML content contains no suspicious elements such as password fields, login forms, or credential-harvesting JavaScript, but rather legitimate scripts from known services like Google Tag Manager and social media platforms. The presence of a rich Certificate Transparency log with 235 certificates and "
Llama-3.3-70B (nomonitor),3305,0,0,1,0.95,0.95,0.8,1.0,0.9500000000000001,very_high,3,5,5,3,2,0,0.0,1,,,"The domain has a long history (29.5 years) and a mainstream Tranco rank (#60,326), indicating a low-risk, established website. The HTML content does not contain any suspicious elements such as password fields, login forms, or credential-harvesting JavaScript. The presence of scripts from reputable sources like Google Tag Manager and Hotjar further supports the benign nature of the site."
Llama-3.3-70B (nomonitor),331,0,1,0,0.8,0.8,0.4,1.0,0.8400000000000001,high,5,5,5,4,0,1,0.2,1,,,"The webpage contains a 'Page Not Found' message and utilizes legitimate services such as Google Analytics and Google Tag Manager, indicating a genuine website. The domain age of 2.9 years and presence in Tranco rank also suggest a low-risk, established site. Although the Wayback Machine has no archive and there are no Certificate Transparency log hits, these factors alone are not sufficient to classify the site as phishing, especially given the lack of suspicious HTML content such as password fi"
Llama-3.3-70B (nomonitor),3335,0,0,1,0.95,0.95,0.25,1.0,0.8400000000000001,high,4,4,4,1,2,1,0.25,1,,,"The domain has a long history (33.4 years) and is extremely popular (Tranco rank #740), with a rich archival history (1000 snapshots in the Wayback Machine). The HTML content contains multiple scripts from known providers (e.g., Google Tag Manager, Facebook, Pinterest), but no obvious phishing indicators such as password fields or suspicious redirects were found. The presence of a large number of third-party scripts may indicate a legitimate website with various integrations."
Llama-3.3-70B (nomonitor),3347,0,0,1,0.9,0.9,0.75,1.0,0.93,very_high,3,4,4,2,2,0,0.0,1,,,"The domain age is 30.5 years, which is a low-risk indicator. The Tranco rank is #224,009, and the domain has a rich Certificate Transparency history with 48 certificates in CT logs lifetime. The HTML content contains scripts from known analytics and tracking services, such as Google Analytics and Hubspot, but no obvious phishing indicators like password fields or fake login forms were found. The presence of a CSRF token and a legitimate-looking script loader also suggest a genuine website."
Llama-3.3-70B (nomonitor),3356,0,0,1,0.99,0.99,0.8,1.0,0.9580000000000001,very_high,4,5,5,3,2,0,0.0,1,,,"The webpage has a legitimate domain with a long history, as indicated by its Tranco rank of #31,724 and a domain age of 30.6 years. The HTML content does not contain any suspicious elements such as password fields, login forms, or credential-harvesting JavaScript. The page also has a rich Certificate Transparency history with 93 certificates in CT logs lifetime, which suggests a legitimate and established online presence. Additionally, the webpage has a clear and descriptive title, meta descript"
Llama-3.3-70B (nomonitor),3360,0,0,1,0.95,0.95,0.3333333333333333,1.0,0.8566666666666667,high,4,6,6,3,2,1,0.16666666666666666,1,,,"The webpage has a long domain age of 31.3 years, a high Tranco rank of #53, and a rich Certificate Transparency history with 629 certificates, indicating a low-risk and established domain. The HTML content does not contain any suspicious elements such as password fields, login forms, or hidden iframes. The presence of multiple scripts and stylesheets from reputable sources like Yahoo and Next also suggests a legitimate webpage. No indicators of phishing, such as typosquatting, unusual TLDs, or f"
Llama-3.3-70B (nomonitor),3395,0,0,1,0.95,0.95,0.4,1.0,0.8700000000000001,high,4,5,5,4,0,1,0.2,1,,,"The domain has a long history, with 1000 snapshots in the Wayback Machine and a domain age of 31.4 years, indicating a low-risk, established website. The HTML content includes various scripts from known providers like Google Analytics, Taboola, and Google Tag Manager, but no obvious phishing indicators like password fields or fake login forms were found. The presence of a rich certificate transparency history with 157 certificates and 11 distinct issuers further supports the benign nature of the"
Llama-3.3-70B (nomonitor),3411,0,0,1,0.95,0.95,0.8,1.0,0.9500000000000001,very_high,8,5,5,3,2,0,0.0,1,,,"The webpage has a long domain age of 29.6 years, a mainstream Tranco rank of #18,667, and a rich Certificate Transparency history with 20 certificates, indicating a low-risk and established domain. The HTML content contains no suspicious elements such as password fields, login forms, or credential-harvesting JavaScript, but rather legitimate scripts from Google Analytics and Google Tag Manager. The presence of a valid favicon, meta tags, and a clear page title further supports the benign nature "
Llama-3.3-70B (nomonitor),3416,0,0,1,0.95,0.95,0.3,1.0,0.8500000000000001,high,6,5,5,2,2,1,0.2,1,,,"The webpage has a long history as indicated by the Wayback Machine snapshots and a mainstream Tranco rank, suggesting it is an established site. The domain resolves to a stable ASN and has a diverse set of certificates in CT logs, further supporting its legitimacy. The HTML content includes scripts from reputable sources like Facebook and Google, and does not contain obvious phishing indicators such as password fields with suspicious actions or hidden iframes. The presence of meta tags for Faceb"
Llama-3.3-70B (nomonitor),3425,0,0,1,0.9,0.9,0.3,0.25,0.39,low,3,5,5,2,2,1,0.2,1,,,"The webpage contains a large number of scripts from reputable sources such as Shopify, Facebook, and Google, indicating a legitimate e-commerce site. The domain has a long history, with 1000 snapshots in the Wayback Machine and a first capture served over 8 years ago, suggesting an established brand. The HTML content includes meta tags, canonical links, and CSS stylesheets, which are typical of a legitimate website. No suspicious indicators such as password fields, hidden iframes, or obfuscated "
Llama-3.3-70B (nomonitor),3448,0,0,1,0.95,0.95,0.8,1.0,0.9500000000000001,very_high,5,5,5,3,2,0,0.0,1,,,"The domain has a long history (30.9 years) and is extremely popular (Tranco rank #613), with a rich Certificate Transparency log and a well-established registrar record. The HTML content does not contain any suspicious elements such as password fields, login forms, or hidden iframes. The page appears to be a legitimate article from Britannica, with proper metadata and a clear topic description."
Llama-3.3-70B (nomonitor),3457,0,0,1,0.95,0.95,0.9,1.0,0.9700000000000001,very_high,4,5,5,4,1,0,0.0,1,,,"The domain has a long history (30.1 years) and a mainstream Tranco rank (#6,066), indicating a low-risk, established website. The HTML content contains no suspicious elements such as password fields, login forms, or credential-harvesting JavaScript. The presence of scripts from reputable sources like Google and the use of HTTPS also suggest a legitimate website."
Llama-3.3-70B (nomonitor),3458,0,0,1,0.9,0.9,0.8,0.25,0.49000000000000005,low,4,5,5,3,2,0,0.0,1,,,"The webpage contains a legitimate blog post about bear markets with no suspicious password fields, login forms, or credential-harvesting JavaScript. The domain has a long Wayback history and resolves to a stable ASN, indicating an established online presence. The HTML content includes meta tags with legitimate OpenGraph protocol data and a clear article structure, suggesting a genuine informational website."
Llama-3.3-70B (nomonitor),3463,0,0,1,0.9,0.9,0.375,0.45,0.5250000000000001,low,3,4,4,3,0,1,0.25,1,,,"The domain has a long history with 1000 snapshots in the Wayback Machine and a Tranco rank of #168,036, indicating it is an established website. The HTML content contains no suspicious password fields, login forms, or credential-harvesting JavaScript. The presence of scripts from known services like Facebook, Bing, and Google Tag Manager suggests legitimate usage. The domain resolves to a valid IP address and is hosted on a reputable ASN."
Llama-3.3-70B (nomonitor),3469,0,0,1,0.9,0.9,0.8,1.0,0.9400000000000001,very_high,6,5,5,3,2,0,0.0,1,,,"The webpage has a legitimate domain, a long history of snapshots on the Wayback Machine, and a high Tranco rank, indicating it is a mainstream site. The HTML content does not contain any suspicious elements such as password fields, login forms, or credential-harvesting JavaScript. The presence of meta tags, canonical links, and social media links also suggests a legitimate news article. The OSINT signals, including the domain's age and hosting, further support the verdict of a benign webpage."
Llama-3.3-70B (nomonitor),3470,0,0,1,0.95,0.95,0.3125,1.0,0.8525,high,4,4,4,2,1,1,0.25,1,,,"The webpage has a legitimate Facebook domain, a long history in the Wayback Machine, and a high Tranco rank, indicating it is a well-established site. The HTML content contains meta tags and scripts consistent with a genuine Facebook page, including a canonical link to the Facebook domain and Open Graph protocol metadata. No suspicious indicators such as password fields, hidden iframes, or obfuscated content were found."
Llama-3.3-70B (nomonitor),3504,0,0,1,0.9,0.9,0.8,1.0,0.9400000000000001,very_high,4,5,5,3,2,0,0.0,1,,,"The domain has a long history (31.3 years) and a high Tranco rank (#1,243), indicating it is a mainstream site. The HTML content does not contain any suspicious elements such as password fields, login forms, or credential-harvesting JavaScript. The presence of scripts from reputable sources like Google and the use of HTTPS also suggest a legitimate site. The OSINT signals, including the domain age and Wayback Machine history, further support the conclusion that this site is benign."
Llama-3.3-70B (nomonitor),3507,0,0,1,0.95,0.95,0.8,1.0,0.9500000000000001,very_high,5,5,5,3,2,0,0.0,1,,,"The domain has a long history, with 1000 snapshots in the Wayback Machine and a domain age of 28.6 years, indicating a low-risk, established site. The HTML content contains no suspicious elements such as password fields, login forms, or credential-harvesting JavaScript, and the site uses legitimate services like Google Tag Manager. The presence of a Tranco rank and a rich Certificate Transparency history further supports the site's legitimacy."
Llama-3.3-70B (nomonitor),351,0,1,0,0.9,0.9,0.75,0.25,0.48000000000000004,low,3,10,10,5,5,0,0.0,1,,,"The webpage contains a legitimate business's information, including their location, phone number, and services offered, with no suspicious password fields, login forms, or credential-harvesting JavaScript. The domain has a long Wayback history and resolves to a valid IP address, indicating an established online presence. Although the domain age is unknown via RDAP, the presence of 1000 snapshots in the Wayback Machine and the lack of any phishing indicators in the HTML content suggest a legitima"
Llama-3.3-70B (nomonitor),3521,0,0,1,0.95,0.95,0.35,1.0,0.86,high,4,5,5,3,1,1,0.2,1,,,"The webpage has a legitimate domain with a long history (30.8 years), a high Tranco rank (#4,398), and a rich Certificate Transparency history, indicating it is a mainstream site. The HTML content contains no suspicious elements such as password fields, credential-harvesting JavaScript, or hidden iframes. The page appears to be a genuine stock overview page from Barron's, a well-known financial news organization."
Llama-3.3-70B (nomonitor),3563,0,0,1,0.95,0.95,0.8,1.0,0.9500000000000001,very_high,4,5,5,3,2,0,0.0,1,,,"The webpage has a legitimate domain with a long history, as indicated by its Tranco rank of #53 and 1000 snapshots in the Wayback Machine. The domain age is 31.3 years, and the registrar record is present in RDAP. The HTML content does not contain any suspicious elements such as password fields, login forms, or credential-harvesting JavaScript. The page appears to be a legitimate article about Apple TV Plus pricing and plans."
Llama-3.3-70B (nomonitor),3568,0,0,1,0.95,0.95,0.6,1.0,0.91,very_high,4,5,5,1,4,0,0.0,1,,,"The domain has a long history (33 years), a high Tranco rank (#282), and a rich Certificate Transparency log, indicating a low-risk, established website. The HTML content contains numerous scripts from reputable sources, such as Google Analytics and Facebook, but no obvious phishing indicators like password fields or fake CAPTCHAs. The absence of suspicious TLDs, free-issuer-only certificates, and short-lived ASNs further supports the benign classification."
Llama-3.3-70B (nomonitor),3590,0,0,1,0.95,0.95,0.7,1.0,0.93,very_high,5,5,5,2,3,0,0.0,1,,,"The domain has a long history, with a Tranco rank of #1,998, a Wayback Machine history of 1000 snapshots over 29.4 years, and a domain age of 30.5 years, indicating a low-risk, established website. The HTML content contains legitimate links to Expedia pages, including a canonical link and alternate links for different languages and regions, with no suspicious or malicious code detected. The presence of meta tags with legitimate Open Graph protocol properties further supports the site's legitimac"
Llama-3.3-70B (nomonitor),3635,0,0,1,0.99,0.99,0.3125,1.0,0.8605,high,4,4,4,2,1,1,0.25,1,,,"The URL's domain is extremely popular (Tranco rank #8), has a long history (21.3 years old, 1000 Wayback Machine snapshots), and its certificate transparency shows a diverse set of issuers, including free issuers like Let's Encrypt. The HTML content does not contain any suspicious elements like password fields, hidden iframes, or obfuscated content. The scripts and meta tags present are consistent with a legitimate YouTube webpage, including the presence of Polymer and ShadyDOM configurations, w"
Llama-3.3-70B (nomonitor),3640,0,0,1,0.95,0.95,0.8,1.0,0.9500000000000001,very_high,5,5,5,3,2,0,0.0,1,,,"The domain has a long history, with 33.1 years of domain age and 24.8 years of Wayback Machine snapshots, indicating a low-risk profile. The HTML content does not contain any suspicious elements such as password fields, login forms, or credential-harvesting JavaScript. The presence of legitimate scripts from known providers like Facebook, Marketo, and Adobe also suggests a benign nature. The Tranco rank of #374 and the presence of a rich Certificate Transparency log further support the benign cl"
Llama-3.3-70B (nomonitor),3649,0,0,1,0.9,0.9,0.8,0.45,0.6100000000000001,mid,5,5,5,3,2,0,0.0,1,,,"The webpage has a long history as indicated by the 1000 snapshots in the Wayback Machine and a Tranco rank of #690,012, suggesting it is an established domain. The HTML content does not contain any suspicious elements such as password fields, login forms, or credential-harvesting JavaScript. The domain resolves to a valid IP address and is hosted on a reputable ASN (AS13335). The presence of analytics scripts from Google and other reputable sources further supports the legitimacy of the webpage."
Llama-3.3-70B (nomonitor),3655,0,0,1,0.8,0.8,0.25,0.45,0.48000000000000004,low,5,4,4,1,2,1,0.25,1,,,"The webpage contains scripts from known services like Facebook and Google, and has a long history of snapshots in the Wayback Machine, indicating it is a legitimate website. The domain has a Tranco rank and resolves to a stable ASN, further supporting its legitimacy. No suspicious HTML content, such as password fields or hidden iframes, was found."
Llama-3.3-70B (nomonitor),3661,0,0,1,0.95,0.95,0.8,1.0,0.9500000000000001,very_high,4,5,5,3,2,0,0.0,1,,,"The domain has a high Tranco rank, a long Wayback history, and a multi-year RDAP age, indicating it is an established and legitimate site. The HTML content does not contain any suspicious elements such as password fields, login forms, or credential-harvesting JavaScript. The presence of Amazon-specific scripts and variables suggests that this is a genuine Amazon webpage."
Llama-3.3-70B (nomonitor),3673,0,0,1,0.9,0.9,0.8,1.0,0.9400000000000001,very_high,3,5,5,3,2,0,0.0,1,,,"The domain has a low-risk age of 29.6 years, a Tranco rank of #513, and 1000 snapshots in the Wayback Machine, indicating it is an established and popular site. The HTML content does not contain any suspicious elements such as password fields, login forms, or credential-harvesting JavaScript. The site appears to be a legitimate wiki with a rich history and diverse content."
Llama-3.3-70B (nomonitor),3691,0,0,1,0.95,0.95,0.8,1.0,0.9500000000000001,very_high,5,5,5,3,2,0,0.0,1,,,"The webpage has a long domain age of 31.8 years, a high Tranco rank of #298, and 1000 snapshots in the Wayback Machine, indicating it is an established and popular site. The HTML content does not contain any suspicious elements such as password fields, login forms, or credential-harvesting JavaScript. The presence of a valid certificate and a rich diversity of Certificate Transparency logs further supports the benign nature of the site."
Llama-3.3-70B (nomonitor),3699,0,0,1,0.99,0.99,0.8,1.0,0.9580000000000001,very_high,3,5,5,3,2,0,0.0,1,,,"The domain has a long history, with a Tranco rank of #476, a Wayback Machine history of 1000 snapshots over 28.4 years, and a domain age of 32.4 years, indicating a low-risk, established website. The HTML content does not contain any suspicious elements such as password fields, login forms, or credential-harvesting JavaScript. The presence of scripts from reputable sources like Google Tag Manager, Optimizely, and Crazy Egg further supports the legitimacy of the site."
Llama-3.3-70B (nomonitor),3708,0,0,1,0.95,0.95,0.9,1.0,0.9700000000000001,very_high,6,5,5,4,1,0,0.0,1,,,"The webpage contains a legitimate search form with a hidden input field for Google Custom Search, and the domain has a long history with 1000 snapshots in the Wayback Machine and a Tranco rank of #16,297, indicating it is a mainstream site. The HTML content includes links to official Montana State University resources and does not contain any suspicious password fields, login forms, or credential-harvesting JavaScript. The presence of Google Analytics, Google Tag Manager, and reCAPTCHA scripts a"
Llama-3.3-70B (nomonitor),3728,0,0,1,0.95,0.95,0.7727272727272727,1.0,0.9445454545454546,very_high,5,11,11,6,5,0,0.0,1,,,"The domain has a long history (39.2 years) and is extremely popular (Tranco rank #10), with a large number of snapshots in the Wayback Machine. The HTML content appears to be a legitimate Apple webpage with various meta tags, scripts, and links to Apple domains, and no suspicious or phishing-related indicators were found. The presence of a detailed and specific Content Security Policy (CSP) also suggests a legitimate and well-maintained website."
Llama-3.3-70B (nomonitor),3733,0,0,1,0.95,0.95,0.3,1.0,0.8500000000000001,high,5,5,5,2,2,1,0.2,1,,,"The webpage has a long domain age of 30.8 years, a high Tranco rank of #210, and a rich Certificate Transparency history with 1100 certificates, indicating a legitimate and established domain. The HTML content contains links to official eBay resources and scripts from reputable sources like Google and Facebook, with no apparent phishing patterns or malicious code. The presence of a valid SSL certificate and proper DNS prefetching also suggests a legitimate website."
Llama-3.3-70B (nomonitor),3798,0,0,1,0.8,0.8,0.3125,0.45,0.49250000000000005,low,4,4,4,2,1,1,0.25,1,,,"The domain has a long history with 1000 snapshots in the Wayback Machine and a Tranco rank of #536,644, indicating it is an established website. The HTML content does not contain any obvious phishing indicators such as password fields or suspicious scripts. The presence of a cookie consent management platform, Axeptio, and Google Tag Manager scripts suggests a legitimate website."
Llama-3.3-70B (nomonitor),3815,0,0,1,0.95,0.95,0.75,1.0,0.9400000000000001,very_high,3,4,4,2,2,0,0.0,1,,,"The domain has a long history, with 1000 snapshots in the Wayback Machine and a domain age of 31.5 years, indicating a low-risk profile. The Tranco rank of #62 also suggests it is an extremely popular site, which is uncommon for phishing sites. The HTML content does not contain any obvious phishing indicators such as password fields or suspicious scripts. The presence of a rich Certificate Transparency history with multiple issuers and a wildcard certificate further supports the site's legitimac"
Llama-3.3-70B (nomonitor),3817,0,0,1,0.95,0.95,0.125,1.0,0.8150000000000001,high,4,4,4,0,2,2,0.5,1,,,"The domain has a long history (29.4 years), a mainstream Tranco rank (#75,642), and a rich Certificate Transparency history with 59 certificates, indicating a legitimate and established website. The HTML content includes scripts from reputable sources such as New Relic, Google Tag Manager, and Facebook, but no suspicious or malicious code was found. No password fields, login forms, or other phishing indicators were present in the provided HTML snippet."
Llama-3.3-70B (nomonitor),3826,0,0,1,0.95,0.95,0.3125,1.0,0.8525,high,4,4,4,2,1,1,0.25,1,,,"The domain has a Tranco rank of #106, indicating it is an extremely popular site, and a domain age of 21.1 years, which is a low-risk indicator. The HTML content contains no suspicious elements such as password fields or hidden iframes, and the scripts loaded are from reputable sources like Google and Reddit. The presence of a reCAPTCHA script and a LitElement nonce also suggests a legitimate website."
Llama-3.3-70B (nomonitor),3827,0,0,1,0.99,0.99,0.15,1.0,0.8280000000000001,high,5,5,5,0,3,2,0.4,1,,,"The URL and HTML content do not exhibit suspicious patterns, and the Intelligence Dossier indicates a long-standing, popular, and well-established domain with a rich history and proper certificate transparency. The HTML content appears to be a legitimate Microsoft Q&A page with no signs of phishing, such as password fields or credential-harvesting scripts. The presence of proper meta tags, scripts, and schema.org markup further supports the legitimacy of the page."
Llama-3.3-70B (nomonitor),3835,0,0,1,0.9,0.9,0.75,1.0,0.93,very_high,4,4,4,2,2,0,0.0,1,,,"The domain has a long history, with 1000 snapshots in the Wayback Machine and a domain age of 31.1 years, indicating a low-risk, established website. The Tranco rank of #17,517 also suggests a mainstream site. The HTML content appears to be a legitimate e-commerce website, with no obvious phishing indicators such as password fields or suspicious scripts. The presence of multiple scripts and stylesheets from known CDNs and the website's own domain also suggests a legitimate website."
Llama-3.3-70B (nomonitor),3838,0,0,1,0.9,0.9,0.3125,1.0,0.8425,high,4,4,4,2,1,1,0.25,1,,,"The domain has a long history (28.1 years) and a high Tranco rank (#2,836), indicating it is a mainstream site. The presence of a registrar record and a rich set of links to known services (e.g., doubleclick.net, amplitude.com) also suggest legitimacy. No suspicious or phishing-related content was found in the HTML, such as password fields or hidden iframes. The site appears to be a legitimate news website with proper metadata and links to social media platforms."
Llama-3.3-70B (nomonitor),3854,0,0,1,0.95,0.95,0.35,1.0,0.86,high,4,5,5,3,1,1,0.2,1,,,"The webpage is a legitimate IMDb page for the movie 'The Bricklayer' with a valid domain, no suspicious login forms or password fields, and a long history of snapshots on the Wayback Machine. The domain age is 30.4 years, which is a low-risk indicator. The page contains metadata and schema.org markup consistent with a movie title page, including a title, description, and cast information. No phishing indicators such as hidden iframes, credential-harvesting JavaScript, or fake CAPTCHA were found."
Llama-3.3-70B (nomonitor),3855,0,0,1,0.95,0.95,0.8,1.0,0.9500000000000001,very_high,4,5,5,3,2,0,0.0,1,,,"The webpage has a legitimate domain with a long history, as indicated by its Tranco rank of #2,672 and a domain age of 11,523 days. The HTML content does not contain any suspicious elements such as password fields, login forms, or credential-harvesting JavaScript. The presence of multiple stylesheet links and scripts from reputable sources like Google Tag Manager and Crazy Egg further supports the legitimacy of the webpage. The meta tags and canonical link also suggest a well-structured and genu"
Llama-3.3-70B (nomonitor),3863,0,0,1,0.95,0.95,0.3,1.0,0.8500000000000001,high,6,5,5,2,2,1,0.2,1,,,"The webpage has a legitimate IMDb URL, a high Tranco rank, a long domain age, and a rich archival history, indicating it is a well-established and popular site. The HTML content contains metadata and scripts consistent with a legitimate movie information page, including OpenGraph protocol metadata and schema.org markup. No suspicious indicators such as password fields, hidden iframes, or obfuscated content were found."
Llama-3.3-70B (nomonitor),3878,0,0,1,0.95,0.95,0.8,1.0,0.9500000000000001,very_high,5,5,5,3,2,0,0.0,1,,,"The domain age is 31.2 years, which is a low-risk indicator. The Tranco rank is #2,327, indicating a mainstream site. The HTML content does not contain any suspicious elements such as password fields, login forms, or credential-harvesting JavaScript. The presence of a valid SSL certificate and a legitimate favicon also suggests a benign site. The site's metadata, including the title, description, and author, appears to be legitimate and related to the Olympics."
Llama-3.3-70B (nomonitor),3881,0,0,1,0.95,0.95,0.75,1.0,0.9400000000000001,very_high,3,4,4,2,2,0,0.0,1,,,"The domain has a long history (31 years) and a high Tranco rank (#63,263), indicating it is a mainstream site. The HTML content does not contain any suspicious elements such as password fields or hidden iframes. The presence of scripts from well-known sources like Google Tag Manager and Facebook suggests legitimate tracking and analytics. The domain's age, Wayback Machine history, and RDAP registrar record further support its legitimacy."
Llama-3.3-70B (nomonitor),3892,0,0,1,0.95,0.95,0.8,1.0,0.9500000000000001,very_high,4,5,5,3,2,0,0.0,1,,,"The domain has a long history (29.1 years) and is ranked #32,162 by Tranco, indicating it is a mainstream site. The HTML content does not contain any suspicious elements such as password fields, login forms, or credential-harvesting JavaScript. The site has a valid SSL certificate and resolves to a legitimate IP address. The presence of multiple scripts from reputable sources such as Google Tag Manager, Adobe, and Bazaarvoice further supports the site's legitimacy."
Llama-3.3-70B (nomonitor),3918,0,0,1,0.9,0.9,1.0,1.0,0.98,very_high,4,4,4,4,0,0,0.0,1,,,"The domain has a long history (30.3 years), a high Tranco rank (#57,632), and a rich certificate transparency history, indicating it is a mainstream and established site. The HTML content does not contain any obvious phishing indicators such as password fields with suspicious actions, hidden iframes, or credential-harvesting JavaScript. The site appears to be a legitimate adult content platform with a clear structure and legitimate links to login, signup, and other pages."
Llama-3.3-70B (nomonitor),3926,0,0,1,0.9,0.9,0.8,0.25,0.49000000000000005,low,4,5,5,3,2,0,0.0,1,,,"The webpage contains a legitimate HTML structure with meta tags, scripts, and links that are typical of a genuine website. The presence of a long Wayback history, a Tranco rank, and a well-established domain age also suggest that the website is not phishing. Additionally, the HTML content does not contain any suspicious elements such as password fields, login forms, or credential-harvesting JavaScript. The website's content appears to be related to online games, and the provided context does not"
Llama-3.3-70B (nomonitor),3938,0,0,1,0.95,0.95,0.3,1.0,0.8500000000000001,high,5,5,5,2,2,1,0.2,1,,,"The webpage contains a legitimate Macquarie Bank logo and links to their official website, and the HTML content includes meta tags and scripts from reputable sources such as Google Tag Manager and Facebook. The Intelligence Dossier also indicates a mainstream site with a long Wayback history and a rich Certificate Transparency log, suggesting a legitimate and established domain. No suspicious indicators such as password fields, hidden iframes, or obfuscated content were found."
Llama-3.3-70B (nomonitor),3966,0,0,1,0.99,0.99,0.3333333333333333,1.0,0.8646666666666667,high,4,6,6,3,2,1,0.16666666666666666,1,,,"The URL has a legitimate domain, a high Tranco rank, and a long history of snapshots in the Wayback Machine, indicating it is a well-established and popular website. The HTML content does not contain any suspicious elements such as password fields, hidden iframes, or obfuscated content. The presence of a valid certificate and a long domain age also suggest that the website is legitimate. The absence of indicators such as typosquatting, unusual TLDs, and free hosting further supports the conclusi"
Llama-3.3-70B (nomonitor),3975,0,0,1,0.95,0.95,0.2,1.0,0.8300000000000001,high,5,5,5,1,2,2,0.4,1,,,"The domain has a long history (32.3 years) and a mainstream Tranco rank (#3,642), indicating a low-risk, established website. The HTML content contains no suspicious elements like password fields, hidden iframes, or obfuscated content, but rather legitimate scripts from known services like Google Tag Manager and Clarity. The presence of a rich Certificate Transparency history and a legitimate registrar record further supports the benign nature of the site."
Llama-3.3-70B (nomonitor),3977,0,0,1,0.99,0.99,0.3,1.0,0.8580000000000001,high,4,5,5,3,0,2,0.4,1,,,"The domain has a long history (30.9 years), a high Tranco rank (#613), and a rich Certificate Transparency history, indicating a low-risk, established website. The HTML content contains multiple scripts from known, reputable sources (e.g., Google Tag Manager, Facebook, Clarity), but no obvious phishing indicators such as password fields or fake login forms were found. The presence of scripts from companies like Confiant and IntentIQ suggests a legitimate advertising setup."
Llama-3.3-70B (nomonitor),3978,0,0,1,0.95,0.95,0.9,1.0,0.9700000000000001,very_high,4,5,5,4,1,0,0.0,1,,,"The domain has a long history, with a Tranco rank of #10, 1000 snapshots in the Wayback Machine, and a domain age of 39.2 years, indicating a low-risk, established website. The HTML content does not contain any suspicious elements such as password fields, login forms, or credential-harvesting JavaScript. The presence of Apple-related URLs and a strict Content Security Policy further suggests a legitimate Apple website."
Llama-3.3-70B (nomonitor),3979,0,0,1,0.9,0.9,0.8333333333333334,0.25,0.4966666666666667,low,5,6,6,4,2,0,0.0,1,,,"The webpage contains a legitimate article about how to initialize a Mac, with proper metadata, schema.org markup, and no suspicious scripts or password fields. The domain has a long history, with 1000 snapshots in the Wayback Machine and a first capture served over HTTP 2xx. The HTML content includes Google Analytics and Google Tag Manager scripts, which are common on legitimate websites. There are no obvious phishing indicators such as hidden iframes, fake CAPTCHAs, or credential-harvesting Jav"
Llama-3.3-70B (nomonitor),3982,0,0,1,0.9,0.9,0.875,1.0,0.9550000000000001,very_high,4,4,4,3,1,0,0.0,1,,,"The webpage contains a legitimate French government website with proper metadata, including a valid title, description, and OG tags. The domain 'saone-et-loire.gouv.fr' is a legitimate government domain with a long history, as indicated by the Intelligence Dossier, which shows a domain age of 31.4 years and a presence in the Wayback Machine with 1000 snapshots. The HTML content does not contain any suspicious elements such as password fields, login forms, or hidden iframes. The scripts included "
Llama-3.3-70B (nomonitor),400,0,1,0,0.8,0.8,0.8,0.25,0.4700000000000001,low,4,5,5,3,2,0,0.0,1,,,"The webpage contains a legitimate-looking webshop with a clear description, title, and meta tags, and utilizes established plugins like WooCommerce, which suggests a genuine e-commerce site. The presence of a valid SSL certificate and proper DNS configuration also supports this assessment. Although the domain is not in the Tranco top 1M and has an unknown age via RDAP, the overall structure and content of the webpage do not exhibit typical phishing characteristics."
Llama-3.3-70B (nomonitor),4011,0,0,1,0.9,0.9,0.2,0.45,0.4900000000000001,low,4,5,5,1,2,2,0.4,1,,,"The webpage has a long history with 1000 snapshots in the Wayback Machine, a Tranco rank of #166,747, and a domain age of at least 14.9 years, indicating it is an established domain. The HTML content includes scripts from known services like Google Tag Manager and Scorecard Research, and meta tags that suggest a legitimate news website. No suspicious indicators like password fields, hidden iframes, or obfuscated content were found."
Llama-3.3-70B (nomonitor),4026,0,0,1,0.9,0.9,0.375,1.0,0.855,high,4,8,8,5,2,1,0.125,1,,,"The domain has a long history (29.8 years) and is present in the Wayback Machine with 1000 snapshots, indicating a legitimate and established website. The HTML content includes scripts from reputable sources like Google Tag Manager and Google Analytics, and the website has a clear and descriptive title and meta tags. No suspicious or phishing-related indicators were found in the HTML content."
Llama-3.3-70B (nomonitor),4031,0,0,1,0.9,0.9,0.8,1.0,0.9400000000000001,very_high,4,5,5,3,2,0,0.0,1,,,"The domain has a long history (30.2 years), a mainstream Tranco rank (#86,979), and a rich Certificate Transparency history with 27 certificates, indicating a low-risk, established website. The HTML content contains scripts from reputable sources like Google Tag Manager and New Relic, with no obvious phishing indicators such as password fields or fake login forms. The absence of suspicious TLDs, typosquatting, or unusual hosting also supports the benign classification."
Llama-3.3-70B (nomonitor),4039,0,0,1,0.95,0.95,0.35,1.0,0.86,high,5,5,5,3,1,1,0.2,1,,,"The URL and HTML content do not exhibit typical phishing patterns such as typosquatting, unusual TLDs, or suspicious password fields. The Intelligence Dossier indicates a highly popular site with a long history, which suggests legitimacy. The HTML content includes links to official eBay resources and does not contain hidden iframes, credential-harvesting JavaScript, or other phishing indicators."
Llama-3.3-70B (nomonitor),4048,0,0,1,0.95,0.95,0.3,1.0,0.8500000000000001,high,5,5,5,2,2,1,0.2,1,,,"The webpage has a legitimate Facebook domain, a long domain age of 29.1 years, and a high Tranco rank of #5, indicating it is a popular and established site. The HTML content contains meta tags and scripts consistent with a Facebook page, including a canonical link to a Facebook URL and a manifest link. No suspicious indicators such as password fields, hidden iframes, or obfuscated content were found."
Llama-3.3-70B (nomonitor),4055,0,0,1,0.95,0.95,0.8,1.0,0.9500000000000001,very_high,4,5,5,3,2,0,0.0,1,,,"The webpage contains a legitimate university website with a long history, as indicated by the Tranco rank and Wayback Machine snapshots. The domain has a rich Certificate Transparency history and is hosted on a stable ASN. The HTML content includes a site search form, navigation menu, and links to various university departments, which is consistent with a legitimate university website. No suspicious indicators such as password fields, login forms, or credential-harvesting JavaScript were found."
Llama-3.3-70B (nomonitor),4057,0,0,1,0.95,0.95,0.9,1.0,0.9700000000000001,very_high,4,5,5,4,1,0,0.0,1,,,"The domain has a long history (39.2 years) and is extremely popular (Tranco rank #10), with a large number of snapshots in the Wayback Machine. The HTML content does not contain any suspicious elements such as password fields, login forms, or credential-harvesting JavaScript. The page appears to be a legitimate Apple webpage with proper SSL configuration and a valid certificate. No phishing indicators were found, and all checks for malicious content came up empty."
Llama-3.3-70B (nomonitor),4063,0,0,1,0.95,0.95,0.1875,1.0,0.8275,high,4,4,4,0,3,1,0.25,1,,,"The webpage has a long domain history, with 1000 snapshots in the Wayback Machine and a domain age of 29.6 years, indicating a low-risk established domain. The HTML content includes scripts from reputable sources such as Shopify, Facebook, and Google, with no obvious phishing indicators like password fields or fake CAPTCHAs. The presence of a rich Certificate Transparency log with 136 certificates and 15 distinct issuers further supports the legitimacy of the domain."
Llama-3.3-70B (nomonitor),4077,0,0,1,0.99,0.99,0.9,1.0,0.9780000000000001,very_high,4,5,5,4,1,0,0.0,1,,,"The domain has a long history, with a Tranco rank of #203, a Wayback Machine history of 1000 snapshots over 27.5 years, and a domain age of 36.8 years, indicating a low-risk, established website. The HTML content contains no suspicious elements such as password fields, login forms, or credential-harvesting JavaScript, and the meta tags and scripts appear to be related to legitimate analytics, advertising, and content management. The presence of a valid SSL certificate and a legitimate registrar "
Llama-3.3-70B (nomonitor),4079,0,0,1,0.95,0.95,0.35,1.0,0.86,high,5,5,5,3,1,1,0.2,1,,,"The webpage has a long domain age of 30.6 years, a mainstream Tranco rank of #13,346, and a rich Certificate Transparency history with 133 certificates, indicating a low-risk, established domain. The HTML content includes scripts from reputable sources like Google Tag Manager and Optimizely, and meta tags with legitimate information, such as the site's title, locale, and store ID. No suspicious indicators like password fields, hidden iframes, or obfuscated content were found."
Llama-3.3-70B (nomonitor),4083,0,0,1,0.95,0.95,0.16666666666666666,1.0,0.8233333333333334,high,7,6,6,1,2,3,0.5,1,,,"The webpage has a legitimate domain with a long history (24.1 years), a high Tranco rank (#12,543), and a rich archival history (1000 snapshots in the Wayback Machine). The HTML content does not contain any suspicious elements such as password fields, login forms, or credential-harvesting JavaScript. The page appears to be a legitimate e-commerce site for Hollister Co., with proper meta tags, canonical links, and alternate language links. The presence of scripts from known analytics and tracking"
Llama-3.3-70B (nomonitor),4097,0,0,1,0.95,0.95,0.2916666666666667,1.0,0.8483333333333334,high,3,6,6,3,1,2,0.3333333333333333,1,,,"The URL has a legitimate domain (britannica.com) with a long history (30.9 years) and a high Tranco rank (#613), indicating it is a well-established and popular website. The HTML content does not contain any suspicious elements such as password fields, login forms, or credential-harvesting JavaScript. The presence of multiple scripts from reputable sources (e.g., Google, Facebook, Amazon) suggests a legitimate use of third-party services for analytics, advertising, and content delivery. The abse"
Llama-3.3-70B (nomonitor),4127,0,0,1,0.95,0.95,0.3125,1.0,0.8525,high,5,4,4,2,1,1,0.25,1,,,"The webpage has a legitimate Facebook domain, a long history in the Wayback Machine, and a high Tranco rank, indicating it is a well-established and popular site. The HTML content contains meta tags and scripts consistent with a genuine Facebook page, including a link to the Facebook app and a canonical link to the page. No suspicious indicators such as password fields, hidden iframes, or obfuscated content were found."
Llama-3.3-70B (nomonitor),4146,0,0,1,0.95,0.95,0.8,1.0,0.9500000000000001,very_high,5,10,10,6,4,0,0.0,1,,,"The domain has a long history (39.2 years) and is extremely popular (Tranco rank #10), with a large number of snapshots in the Wayback Machine. The HTML content appears to be a legitimate Apple webpage with various meta tags, scripts, and links to Apple domains, and no suspicious or phishing-related elements were found. The presence of a detailed and specific Content Security Policy (CSP) also suggests a legitimate and well-maintained website."
Llama-3.3-70B (nomonitor),4162,0,0,1,0.99,0.99,0.8,1.0,0.9580000000000001,very_high,5,5,5,3,2,0,0.0,1,,,"The domain has a long history (31.6 years), a high Tranco rank (#637), and a rich Certificate Transparency log, indicating a well-established and legitimate website. The HTML content contains no suspicious elements such as password fields, login forms, or credential-harvesting JavaScript, and the meta tags and schema.org markup suggest a genuine news website. The presence of a clear and consistent branding, including a legitimate Facebook page and Twitter handle, further supports the benign natu"
Llama-3.3-70B (nomonitor),4169,0,0,1,0.9,0.9,0.3,1.0,0.8400000000000001,high,5,5,5,2,2,1,0.2,1,,,"The webpage has a legitimate domain (umassd.edu) with a long history (29.1 years) and a high Tranco rank (#36,330), indicating it is a mainstream site. The HTML content includes scripts from reputable sources such as Google Tag Manager, TikTok, and Facebook, and lacks any suspicious or phishing-related elements like password fields or fake CAPTCHAs. The presence of a valid SSL certificate and proper meta tags further supports the legitimacy of the site."
Llama-3.3-70B (nomonitor),4174,0,0,1,0.95,0.95,0.1875,1.0,0.8275,high,4,4,4,1,1,2,0.5,1,,,"The domain has a long history, with a Tranco rank of #210, a domain age of 30.8 years, and a rich Certificate Transparency history, indicating a low-risk, established domain. The HTML content contains legitimate eBay metadata, including a canonical link to the eBay website and meta tags for Twitter and Facebook, suggesting a genuine eBay listing. No suspicious indicators such as password fields, hidden iframes, or obfuscated content were found."
Llama-3.3-70B (nomonitor),4177,0,0,1,0.99,0.99,0.3125,1.0,0.8605,high,4,4,4,2,1,1,0.25,1,,,"The webpage is a legitimate Microsoft support page with a long history, as indicated by the Tranco rank of #6, 1000 snapshots in the Wayback Machine, and a domain age of 35 years. The HTML content contains meta tags and links consistent with a genuine Microsoft support article, including a canonical link to the Microsoft support domain and alternate links for different languages. No suspicious indicators such as password fields, hidden iframes, or obfuscated content were found."
Llama-3.3-70B (nomonitor),4183,0,0,1,0.9,0.9,0.9,1.0,0.9600000000000001,very_high,5,5,5,4,1,0,0.0,1,,,"The domain has a long history (30.1 years) and is ranked #274,998 in Tranco, indicating it is an established website. The HTML content does not contain any suspicious elements such as password fields, login forms, or hidden iframes. The website has a clear and descriptive meta title, description, and OpenGraph protocol metadata, suggesting a legitimate online store. The presence of a valid SSL certificate and proper favicon links further supports the legitimacy of the website."
Llama-3.3-70B (nomonitor),419,1,1,1,0.8,0.8,0.6666666666666666,1.0,0.7733333333333332,high,6,4,6,2,4,0,0.0,1,,,"The page contains a login form with password fields, which could be used for credential harvesting. The domain has a low Tranco rank and no archival history, suggesting it may be a new or short-lived site. The presence of free issuer certificates and the lack of diversity in certificate transparency logs also raise suspicions. However, the page's content and structure appear to mimic a legitimate Cisco login page, which could indicate a brand impersonation attempt."
Llama-3.3-70B (nomonitor),4201,0,0,1,0.9,0.9,0.0625,1.0,0.7925,high,3,4,4,0,1,3,0.75,1,,,"The webpage has a legitimate domain, a long Wayback Machine history, and a mainstream Tranco rank, indicating it is an established site. The HTML content contains no suspicious elements such as password fields, hidden iframes, or credential-harvesting JavaScript. The presence of social media and analytics scripts from reputable sources like Facebook, Google, and LinkedIn further supports the site's legitimacy."
Llama-3.3-70B (nomonitor),4207,0,0,1,0.95,0.95,0.8,1.0,0.9500000000000001,very_high,3,5,5,3,2,0,0.0,1,,,"The domain has a long history, with a Tranco rank of #1,243 and 1000 snapshots in the Wayback Machine, indicating it is a mainstream site. The domain age is 31.3 years, which is low-risk. The HTML content does not contain any suspicious elements such as password fields, login forms, or credential-harvesting JavaScript. The presence of scripts from reputable sources like Google Tag Manager and Google Ads also suggests legitimacy."
Llama-3.3-70B (nomonitor),4216,0,0,1,0.99,0.99,0.8,1.0,0.9580000000000001,very_high,4,5,5,3,2,0,0.0,1,,,"The domain has a long history, with 1000 snapshots in the Wayback Machine and a domain age of 21.3 years, indicating a low-risk website. The Tranco rank of #8 also suggests a highly popular and legitimate site. The HTML content does not contain any suspicious elements such as password fields, login forms, or credential-harvesting JavaScript. The presence of scripts from known sources like YouTube and the use of a legitimate favicon also support the conclusion that this is a benign website."
Llama-3.3-70B (nomonitor),422,0,1,0,0.9,0.9,0.9,1.0,0.9600000000000001,very_high,5,5,5,4,1,0,0.0,1,,,"The webpage has a long domain age of 25.8 years, a high Tranco rank of #113, and 203 snapshots in the Wayback Machine, indicating it is a well-established site. The HTML content does not contain any suspicious elements such as password fields, login forms, or credential-harvesting JavaScript. The site appears to be a legitimate blog hosted on Blogger, with a clear description and title related to Norton Internet Security. The presence of Google Adsense scripts and a valid SSL certificate also su"
Llama-3.3-70B (nomonitor),4220,0,0,1,0.9,0.9,0.2,1.0,0.8200000000000001,high,4,5,5,1,2,2,0.4,1,,,"The domain has a long history (31.6 years) and a mainstream Tranco rank (#39,969), with 1000 snapshots in the Wayback Machine, indicating a legitimate and established website. The HTML content does not contain any suspicious elements such as password fields, hidden iframes, or obfuscated content. The presence of scripts from reputable sources like Google Analytics, Facebook, and TikTok suggests a legitimate use of tracking and analytics tools."
Llama-3.3-70B (nomonitor),4222,0,0,1,0.95,0.95,0.7,1.0,0.93,very_high,5,5,5,2,3,0,0.0,1,,,"The webpage contains a legitimate Allianz Insurance page with proper meta tags, a canonical link, and no suspicious scripts or password fields. The domain has a long history, with 1000 snapshots in the Wayback Machine and a Tranco rank of #96,625, indicating it is a mainstream site. The HTML content includes scripts from reputable sources like YouTube and does not contain any credential-harvesting code or fake CAPTCHA."
Llama-3.3-70B (nomonitor),4224,0,0,1,0.95,0.95,0.25,1.0,0.8400000000000001,high,6,5,5,1,3,1,0.2,1,,,"The webpage has a legitimate domain, a long history of snapshots in the Wayback Machine, and a high Tranco rank, indicating it is a mainstream site. The HTML content contains product information and meta tags consistent with a legitimate e-commerce site, and there are no suspicious scripts or hidden iframes. The presence of a rich Certificate Transparency log and a long-standing ASN allocation also support the legitimacy of the site."
Llama-3.3-70B (nomonitor),4229,0,0,1,0.99,0.99,0.8,1.0,0.9580000000000001,very_high,4,5,5,3,2,0,0.0,1,,,"The URL has a legitimate domain (nytimes.com) with a long history (32.3 years) and is extremely popular (Tranco rank #154), which suggests it is a well-established and trustworthy site. The HTML content contains no suspicious elements such as password fields, login forms, or credential-harvesting JavaScript, and the meta tags and scripts appear to be from reputable sources. The presence of a rich schema.org markup and legitimate social media links further supports the site's legitimacy."
Llama-3.3-70B (nomonitor),4248,0,0,1,0.95,0.95,0.35,1.0,0.86,high,4,5,5,3,1,1,0.2,1,,,"The domain has a long history (31.4 years), a mainstream Tranco rank (#3,928), and a rich Certificate Transparency history, indicating it is an established site. The HTML content does not contain any suspicious elements such as password fields, hidden iframes, or obfuscated content. The site appears to be a legitimate Mercedes-Benz B2B portal with proper login and registration links."
Llama-3.3-70B (nomonitor),4254,0,0,1,0.95,0.95,0.8,1.0,0.9500000000000001,very_high,5,5,5,3,2,0,0.0,1,,,"The domain has a long history (34.4 years) and a mainstream Tranco rank (#18,455), indicating it is a well-established site. The HTML content does not contain any suspicious elements such as password fields, login forms, or credential-harvesting JavaScript. The site has a rich archival history with 1000 snapshots in the Wayback Machine and a valid registrar record present in RDAP. The absence of suspicious indicators and the presence of legitimate scripts from known services like Google Tag Mana"
Llama-3.3-70B (nomonitor),4266,0,0,1,0.95,0.95,0.125,1.0,0.8150000000000001,high,5,4,4,1,0,3,0.75,1,,,"The webpage has a long domain age of 32.3 years, a Tranco rank of #3,642, and 1000 snapshots in the Wayback Machine, indicating it is a mainstream and established site. The HTML content contains no suspicious password fields, login forms, or credential-harvesting JavaScript, and the meta tags provide legitimate business information. The presence of scripts from reputable sources like Google Tag Manager and Clarity also suggests a legitimate website."
Llama-3.3-70B (nomonitor),4270,0,0,1,0.95,0.95,0.3,1.0,0.8500000000000001,high,4,5,5,2,2,1,0.2,1,,,"The webpage has a long domain age of 30.8 years, a high Tranco rank of #210, and a rich Certificate Transparency history with 1100 certificates, indicating a well-established and legitimate website. The HTML content contains eBay-specific scripts and metadata, suggesting that it is a genuine eBay page. No suspicious indicators such as password fields, hidden iframes, or obfuscated content were found."
Llama-3.3-70B (nomonitor),4282,0,0,1,0.95,0.95,0.4,1.0,0.8700000000000001,high,3,5,5,4,0,1,0.2,1,,,"The webpage contains no suspicious login forms, password fields, or credential-harvesting JavaScript. The domain has a long history, with 1000 snapshots in the Wayback Machine and a domain age of 28.3 years, indicating a low-risk, established site. The HTML content includes scripts from reputable sources like Facebook and Google, and the page has a clear, informative structure with no hidden iframes or obfuscated content."
Llama-3.3-70B (nomonitor),4309,0,0,1,0.95,0.95,0.25,1.0,0.8400000000000001,high,4,4,4,1,2,1,0.25,1,,,"The domain has a long history, with 1000 snapshots in the Wayback Machine and a domain age of 31.3 years, indicating a low-risk website. The Tranco rank of #53 also suggests that it is an extremely popular site. The HTML content does not contain any suspicious elements such as password fields or hidden iframes. The presence of a registrar record and a valid certificate also supports the benign nature of the website."
Llama-3.3-70B (nomonitor),4318,0,0,1,0.9,0.9,0.8333333333333334,1.0,0.9466666666666668,very_high,3,3,3,2,1,0,0.0,1,,,"The domain has a long history (28.6 years) and is hosted on a stable ASN (AS16509), which suggests a low-risk profile. Additionally, the HTML content does not contain any obvious phishing indicators such as password fields or suspicious scripts. The presence of scripts from known services like Google Tag Manager and New Relic also suggests a legitimate website."
Llama-3.3-70B (nomonitor),4330,0,0,1,0.9,0.9,0.2916666666666667,1.0,0.8383333333333334,high,5,6,6,2,3,1,0.16666666666666666,1,,,"The webpage contains a legitimate-looking login form and FDIC insurance logo, indicating a genuine financial service. The domain age is 6.9 years, and it has a long Wayback history, which suggests a low-risk, established website. Additionally, the webpage loads scripts from reputable sources like Google and Facebook, further supporting its legitimacy."
Llama-3.3-70B (nomonitor),4331,0,0,1,0.9,0.9,1.0,0.45,0.6500000000000001,mid,4,5,5,5,0,0,0.0,1,,,"The webpage contains a legitimate museum website with a long history, as indicated by the Tranco rank and Wayback Machine snapshots. The HTML content includes a detailed navigation menu, exhibition information, and social media links, which suggests a genuine website. No suspicious indicators such as password fields, login forms, or credential-harvesting JavaScript were found."
Llama-3.3-70B (nomonitor),4358,0,0,1,0.99,0.99,0.8,1.0,0.9580000000000001,very_high,6,5,5,3,2,0,0.0,1,,,"The domain has a long history, with a Tranco rank of #6, 1000 snapshots in the Wayback Machine, and a domain age of 35 years, indicating a low-risk, established site. The HTML content does not contain any suspicious elements such as password fields, login forms, or credential-harvesting JavaScript. The site is hosted on a reputable ASN and has a valid certificate. The meta tags and scripts used are consistent with a legitimate Microsoft Learn page."
Llama-3.3-70B (nomonitor),4381,0,0,1,0.95,0.95,0.35,1.0,0.86,high,4,5,5,3,1,1,0.2,1,,,"The webpage appears to be a legitimate Facebook page with a long domain history, a high Tranco rank, and a rich Certificate Transparency log, indicating it is a well-established site. The HTML content contains meta tags and scripts consistent with a Facebook page, including a canonical link to the Facebook domain and a manifest link. No suspicious indicators such as password fields, hidden iframes, or obfuscated content were found."
Llama-3.3-70B (nomonitor),4386,0,0,1,0.95,0.95,0.8,1.0,0.9500000000000001,very_high,4,5,5,3,2,0,0.0,1,,,"The webpage has a legitimate domain with a long history (30.2 years) and a high Tranco rank (#6,714), indicating it is a mainstream site. The HTML content contains no suspicious elements such as password fields, login forms, or credential-harvesting JavaScript. The presence of scripts from known providers like Taboola, Facebook, and Twitter, as well as a valid SSL certificate, further supports the legitimacy of the site. The Intelligence Dossier provides additional context that suggests the site"
Llama-3.3-70B (nomonitor),4391,0,0,1,0.95,0.95,0.8,1.0,0.9500000000000001,very_high,4,5,5,3,2,0,0.0,1,,,"The domain has a long history (26.9 years) and a mainstream Tranco rank (#6,278), indicating a low-risk, established website. The HTML content includes legitimate scripts and links from known services like Google Tag Manager and Dynamic Yield, and the presence of a rich Certificate Transparency log with multiple issuers suggests a genuine, secure connection. No suspicious or phishing-related indicators such as password fields with unusual actions, hidden iframes, or brand impersonation were foun"
Llama-3.3-70B (nomonitor),4394,0,0,1,0.9,0.9,0.375,0.25,0.405,low,4,6,6,4,1,1,0.16666666666666666,1,,,"The webpage contains a legitimate business's contact information, including address, phone number, and email, and has a clear description of the services offered. The HTML content includes schema.org markup for a HomeAndConstructionBusiness and a person, which suggests a genuine business presence. Additionally, the webpage has a legitimate SSL certificate and is hosted on a stable ASN. While the domain is not in the Tranco top 1M and has no Wayback Machine archive, these factors alone are not su"
Llama-3.3-70B (nomonitor),4406,0,0,1,0.95,0.95,0.25,1.0,0.8400000000000001,high,4,5,5,2,1,2,0.4,1,,,"The URL and HTML content do not exhibit suspicious patterns such as typosquatting, unusual TLDs, or credential-harvesting scripts. The Intelligence Dossier indicates a long domain age, rich Certificate Transparency history, and a high Tranco rank, which are all indicative of a legitimate website. The HTML content contains eBay-specific scripts and metadata, suggesting a genuine eBay page."
Llama-3.3-70B (nomonitor),4410,0,0,1,0.95,0.95,0.3,1.0,0.8500000000000001,high,4,5,5,2,2,1,0.2,1,,,"The webpage has a legitimate Facebook domain, a long Wayback history, and a high Tranco rank, indicating it is a well-established and popular site. The HTML content contains meta tags and scripts consistent with a genuine Facebook page, including a canonical link to https://www.facebook.com/newstribune and a manifest link. No suspicious indicators such as password fields, hidden iframes, or obfuscated content were found."
Llama-3.3-70B (nomonitor),4427,0,0,1,0.95,0.95,0.35714285714285715,1.0,0.8614285714285714,high,5,7,7,4,2,1,0.14285714285714285,1,,,"The domain has a long history, with a Tranco rank of #4,932 and 1000 snapshots in the Wayback Machine, indicating it is a mainstream site. The domain age is 30.8 years, which is low-risk. The HTML content does not contain any suspicious elements such as password fields or credential-harvesting JavaScript. The presence of legitimate scripts from known companies like Facebook and Google also suggests that the site is genuine. The meta tags and schema.org markup further support the site's legitimac"
Llama-3.3-70B (nomonitor),4445,0,0,1,0.95,0.95,0.8,1.0,0.9500000000000001,very_high,3,5,5,3,2,0,0.0,1,,,"The webpage has a well-established domain with a long history, as indicated by its Tranco rank of #4,640, Wayback Machine snapshots dating back 28.4 years, and a domain age of 27.8 years. The HTML content contains scripts from reputable sources such as Google, YouTube, and Chartbeat, and lacks any obvious phishing indicators like password fields or suspicious login forms. The presence of scripts for analytics, advertising, and content delivery networks further suggests a legitimate website."
Llama-3.3-70B (nomonitor),4446,0,0,1,0.95,0.95,0.35714285714285715,1.0,0.8614285714285714,high,4,7,7,4,2,1,0.14285714285714285,1,,,"The webpage has a legitimate domain, a high Tranco rank, and a long Wayback history, indicating it is a well-established site. The HTML content does not contain any suspicious elements such as password fields, login forms, or hidden iframes. The presence of a valid certificate and a rich Certificate Transparency history further supports the legitimacy of the site. The absence of typosquatting, unusual TLDs, free hosting, and lookalike brand impersonation also suggests the site is not phishing-re"
Llama-3.3-70B (nomonitor),4454,0,0,1,0.95,0.95,0.25,1.0,0.8400000000000001,high,4,5,5,2,1,2,0.4,1,,,"The domain has a long history (30.9 years), a high Tranco rank (#613), and a rich Certificate Transparency log, indicating a low-risk, established website. The HTML content contains various scripts from known providers (e.g., Facebook, Google, Amazon), but no obvious phishing indicators such as password fields or fake login forms were found. The presence of multiple scripts and trackers may be related to advertising and analytics, which is common on legitimate websites."
Llama-3.3-70B (nomonitor),4475,0,0,1,0.9,0.9,0.3409090909090909,1.0,0.8481818181818181,high,3,11,11,5,5,1,0.09090909090909091,1,,,"The domain has a long history (30.8 years) and a mainstream Tranco rank (#11,936), indicating a low-risk, established website. The HTML content does not contain any suspicious elements such as password fields, login forms, or credential-harvesting JavaScript. The presence of scripts from reputable sources like Google Tag Manager and TikTok analytics suggests legitimate tracking and analytics. The absence of hidden iframes, brand impersonation, fake CAPTCHA, redirects, obfuscated content, fake wa"
Llama-3.3-70B (nomonitor),4478,0,0,1,0.95,0.95,0.3125,1.0,0.8525,high,3,4,4,2,1,1,0.25,1,,,"The domain has a long history, with 1000 snapshots in the Wayback Machine and a domain age of 30.8 years, indicating a low-risk website. The HTML content does not contain any suspicious elements such as password fields, login forms, or hidden iframes. The website appears to be a legitimate classic car valuation tool, with a clear and descriptive title and meta tags. The presence of scripts from reputable sources such as Google Tag Manager and Facebook also suggests a legitimate website."
Llama-3.3-70B (nomonitor),4499,0,0,1,0.9,0.9,0.3,0.45,0.51,low,6,5,5,2,2,1,0.2,1,,,"The webpage contains a legitimate HTML structure with proper meta tags, a clear title, and a descriptive content, indicating a genuine article about fashion. The presence of a long Wayback Machine history, a Tranco rank, and a well-established domain age also suggest a legitimate website. No suspicious indicators such as password fields, hidden iframes, or obfuscated content were found."
Llama-3.3-70B (nomonitor),4503,0,0,1,0.95,0.95,0.3,1.0,0.8500000000000001,high,4,5,5,2,2,1,0.2,1,,,"The domain has a long history (29.9 years), a high Tranco rank (#854,520), and a rich Certificate Transparency history, indicating a legitimate and established organization. The HTML content does not contain any suspicious elements such as password fields, login forms, or hidden iframes. The presence of analytics and tracking scripts from reputable providers like Google and Hubspot further supports the legitimacy of the website."
Llama-3.3-70B (nomonitor),4508,0,0,1,0.95,0.95,0.8,1.0,0.9500000000000001,very_high,3,5,5,3,2,0,0.0,1,,,"The domain has a long history, with a Tranco rank of #2,071 and 1000 snapshots in the Wayback Machine, indicating it is a mainstream site. The domain age is 8,231 days, which is over 22 years, and the registrar record is present in RDAP. The HTML content does not contain any suspicious elements such as password fields, login forms, or credential-harvesting JavaScript. The site appears to be a legitimate health information website with a clear title, meta description, and keywords."
Llama-3.3-70B (nomonitor),4519,0,0,1,0.99,0.99,0.9,1.0,0.9780000000000001,very_high,5,5,5,4,1,0,0.0,1,,,"The domain has a long history, with a Tranco rank of #210, a domain age of 30.8 years, and a rich Certificate Transparency history, indicating a low-risk, established domain. The HTML content contains legitimate eBay scripts and metadata, with no suspicious password fields, login forms, or credential-harvesting JavaScript. The presence of dns-prefetch links to eBay static content and scripts from reputable sources like Bing and Facebook further supports the benign nature of the page."
Llama-3.3-70B (nomonitor),4562,0,0,1,0.95,0.95,0.875,1.0,0.9650000000000001,very_high,6,4,4,3,1,0,0.0,1,,,"The URL and HTML content do not exhibit typical phishing patterns such as typosquatting, unusual TLDs, or suspicious password fields. The Intelligence Dossier indicates a highly popular site with a long history, further supporting the benign classification. The HTML content contains legitimate eBay links and metadata, suggesting a genuine eBay page."
Llama-3.3-70B (nomonitor),4571,0,0,1,0.9,0.9,0.3,1.0,0.8400000000000001,high,5,5,5,2,2,1,0.2,1,,,"The domain has a long history (30.8 years) and a mainstream Tranco rank (#23,018), indicating a low-risk profile. The HTML content does not contain suspicious elements such as password fields or hidden iframes, and the scripts loaded are from reputable sources like Google Analytics and Facebook. The presence of a rich Certificate Transparency history and a valid registrar record further supports the benign nature of the site."
Llama-3.3-70B (nomonitor),4578,0,0,1,0.95,0.95,0.25,1.0,0.8400000000000001,high,5,5,5,1,3,1,0.2,1,,,"The domain has a long history (37.1 years) and a high Tranco rank (#3,784), indicating it is a mainstream site. The HTML content does not contain any suspicious elements such as password fields or hidden iframes. The presence of multiple scripts from known providers like Google and Bing, as well as the use of HTTPS, further supports the site's legitimacy. The site's age, archival history, and certificate transparency also suggest a low risk of phishing."
Llama-3.3-70B (nomonitor),4582,0,0,1,0.95,0.95,0.8,1.0,0.9500000000000001,very_high,4,5,5,3,2,0,0.0,1,,,"The domain has a high Tranco rank, a long Wayback history, and a multi-year RDAP age, indicating it is an established and legitimate site. The HTML content does not contain any suspicious elements such as password fields, login forms, or credential-harvesting JavaScript. The presence of Amazon-specific scripts and variables suggests that this is a genuine Amazon webpage."
Llama-3.3-70B (nomonitor),4587,0,0,1,0.95,0.95,0.8,1.0,0.9500000000000001,very_high,4,5,5,3,2,0,0.0,1,,,"The domain has a high Tranco rank, a long Wayback history, and a multi-year RDAP age, indicating it is an established and legitimate site. The HTML content does not contain any suspicious elements such as password fields, login forms, or credential-harvesting JavaScript. The presence of Amazon-specific scripts and variables suggests that this is a genuine Amazon webpage."
Llama-3.3-70B (nomonitor),4597,0,0,1,0.95,0.95,0.9,1.0,0.9700000000000001,very_high,5,5,5,4,1,0,0.0,1,,,"The webpage contains no suspicious login forms, password fields, or credential-harvesting JavaScript. The domain has a long history, with 1000 snapshots in the Wayback Machine and a Tranco rank of #59,263, indicating it is a mainstream site. The HTML content includes scripts from reputable sources such as Amazon, Reddit, and Google, and meta tags for Google site verification and Facebook domain verification, suggesting a legitimate website."
Llama-3.3-70B (nomonitor),4610,0,0,1,0.95,0.95,0.3333333333333333,1.0,0.8566666666666667,high,4,6,6,3,2,1,0.16666666666666666,1,,,"The domain has a long history (31.1 years) and a high Tranco rank (#2,097), indicating it is a mainstream site. The HTML content does not contain any suspicious elements such as password fields, login forms, or hidden iframes. The presence of multiple preconnect and dns-prefetch links to known services like Google, Amazon, and Taboola suggests a legitimate website with advertising and analytics integrations. The absence of typosquatting, unusual TLDs, and free hosting also supports the benign cl"
Llama-3.3-70B (nomonitor),4617,0,0,1,0.9,0.9,0.1875,1.0,0.8175,high,3,4,4,0,3,1,0.25,1,,,"The domain has a long history (30.7 years) and a mainstream Tranco rank (#31,329), indicating it is an established site. The HTML content contains various scripts from known services like Google Tag Manager, Facebook, and Reddit, but no obvious phishing indicators like password fields or fake CAPTCHAs were found. The presence of a rich Certificate Transparency history and a registrar record in RDAP further supports the site's legitimacy."
Llama-3.3-70B (nomonitor),4618,0,0,1,0.99,0.99,0.3125,1.0,0.8605,high,4,4,4,2,1,1,0.25,1,,,"The webpage has a legitimate domain with a long history, as indicated by its Tranco rank of #203, Wayback Machine snapshots dating back 27.5 years, and a domain age of 36.8 years. The HTML content does not contain any suspicious elements such as password fields, login forms, or hidden iframes. The page appears to be a legitimate news article from the BBC, with proper metadata and schema.org markup. The presence of scripts from reputable sources like Taboola and cxense also suggests a legitimate "
Llama-3.3-70B (nomonitor),4632,0,0,1,0.95,0.95,0.15,1.0,0.8200000000000001,high,5,5,5,1,1,3,0.6,1,,,"The domain has a long history (32.3 years), a high Tranco rank (#3,642), and a rich Certificate Transparency history, indicating it is a legitimate and established website. The HTML content contains no suspicious password fields, login forms, or credential-harvesting JavaScript, and the meta tags provide clear and accurate information about the business. The presence of multiple scripts from known providers (e.g., Google Tag Manager, Criteo) and the use of HTTPS also suggest a legitimate website"
Llama-3.3-70B (nomonitor),4636,0,0,1,0.95,0.95,0.8,1.0,0.9500000000000001,very_high,4,5,5,3,2,0,0.0,1,,,"The URL has a legitimate domain, and the HTML content does not contain any suspicious elements such as password fields, login forms, or credential-harvesting JavaScript. The Intelligence Dossier also indicates that the domain is extremely popular, has a long Wayback history, and a rich Certificate Transparency diversity, which are all indicators of a legitimate website. The HTML content is also rich in metadata and contains scripts from reputable sources such as Google and Visual Website Optimiz"
Llama-3.3-70B (nomonitor),4644,0,0,1,0.95,0.95,0.3,1.0,0.8500000000000001,high,5,5,5,2,2,1,0.2,1,,,"The domain has a long history with 1000 snapshots in the Wayback Machine and a Tranco rank of #34,885, indicating it is a mainstream site. The HTML content does not contain any suspicious elements such as password fields or hidden iframes, and the scripts loaded are from reputable sources like Google and Cookiebot. The presence of a valid certificate and rich Certificate Transparency diversity also supports the site's legitimacy."
Llama-3.3-70B (nomonitor),4645,0,0,1,0.9,0.9,0.875,1.0,0.9550000000000001,very_high,3,4,4,3,1,0,0.0,1,,,"The webpage has a legitimate domain with a long history, as indicated by its Tranco rank of #8,792 and 1000 snapshots in the Wayback Machine. The HTML content does not contain any suspicious elements such as password fields, login forms, or credential-harvesting JavaScript. The page has a clear and descriptive title, meta tags, and schema.org markup, which suggests a genuine article or news page. The presence of a valid SSL certificate and a legitimate SSL issuer also supports the benign nature "
Llama-3.3-70B (nomonitor),4671,0,0,1,0.95,0.95,0.3333333333333333,1.0,0.8566666666666667,high,4,6,6,3,2,1,0.16666666666666666,1,,,"The webpage has a long domain age of 30.9 years, a high Tranco rank of #942, and a rich Certificate Transparency history with 127 certificates, indicating a low-risk and established domain. The HTML content does not contain any suspicious elements such as password fields, login forms, or hidden iframes. The presence of scripts from well-known companies like Google, Facebook, and Adobe also suggests a legitimate webpage. The absence of indicators like typosquatting, unusual TLDs, and free hosting"
Llama-3.3-70B (nomonitor),4706,0,0,1,0.9,0.9,0.3,1.0,0.8400000000000001,high,4,5,5,2,2,1,0.2,1,,,"The domain has a long history (30.3 years) and is ranked #190,663 in Tranco, indicating it is an established website. The HTML content includes a legitimate Google reCAPTCHA script and a Google Tag Manager script, which suggests the website is using standard security and analytics tools. The meta tags and schema.org markup also appear to be legitimate and descriptive of the website's content. No suspicious indicators such as password fields, hidden iframes, or obfuscated content were found."
Llama-3.3-70B (nomonitor),4713,0,0,1,0.95,0.95,0.3,1.0,0.8500000000000001,high,4,5,5,2,2,1,0.2,1,,,"The domain has a long history (31.3 years) and is extremely popular (Tranco rank #53), with a rich archival history (1000 snapshots in the Wayback Machine). The HTML content does not contain any suspicious elements such as password fields, login forms, or hidden iframes. The presence of a large number of legitimate scripts and links from known domains (e.g., s.yimg.com, geo.yahoo.com) further supports the benign nature of the webpage."
Llama-3.3-70B (nomonitor),4721,0,0,1,0.95,0.95,0.3125,1.0,0.8525,high,4,4,4,2,1,1,0.25,1,,,"The webpage contains legitimate eBay links and scripts, and the domain has a long history with 1000 snapshots in the Wayback Machine and a Tranco rank of #24,970, indicating it is a mainstream site. The HTML content includes eBay-specific metadata and scripts, and there are no obvious phishing indicators such as password fields or suspicious redirects. The presence of multiple language options and regional eBay links further suggests a legitimate eBay page."
Llama-3.3-70B (nomonitor),4728,0,0,1,0.95,0.95,0.875,1.0,0.9650000000000001,very_high,4,4,4,3,1,0,0.0,1,,,"The webpage contains a legitimate online exhibit about the Black Death, with a clear and informative structure, including a title, introduction, and various sections with historical information and images. The domain has a high Tranco rank and a long Wayback history, indicating it is a mainstream site. The HTML content does not contain any suspicious elements such as password fields, login forms, or credential-harvesting JavaScript. The absence of these indicators, combined with the presence of "
Llama-3.3-70B (nomonitor),4733,0,0,1,0.95,0.95,0.35,1.0,0.86,high,5,5,5,3,1,1,0.2,1,,,"The domain has a long history, with a Tranco rank of #24,481 and 1000 snapshots in the Wayback Machine, indicating it is a mainstream site. The domain age is 31.1 years, which is low-risk. The HTML content does not contain any suspicious elements such as password fields, login forms, or hidden iframes. The scripts loaded are from reputable sources like Google Tag Manager, Facebook, and Clarity, which are commonly used for analytics and tracking. The presence of a canonical link and a valid SSL c"
Llama-3.3-70B (nomonitor),4751,0,0,1,0.9,0.9,0.3,1.0,0.8400000000000001,high,3,5,5,2,2,1,0.2,1,,,"The webpage has a long domain history, with 1000 snapshots in the Wayback Machine and a domain age of 29.4 years, indicating a low-risk established domain. The HTML content includes scripts from reputable sources such as Google Analytics and Facebook, and meta tags that suggest a legitimate business website. No suspicious indicators such as password fields, hidden iframes, or obfuscated content were found."
Llama-3.3-70B (nomonitor),4764,0,0,1,0.95,0.95,0.3,1.0,0.8500000000000001,high,4,5,5,2,2,1,0.2,1,,,"The webpage has a legitimate Facebook domain, a long domain age of 29.1 years, and a high Tranco rank of #5, indicating it is a popular and established site. The HTML content contains meta tags and scripts consistent with a genuine Facebook page, including a link to the Facebook Marketplace. No suspicious indicators such as password fields, hidden iframes, or obfuscated content were found. The presence of a rich set of meta tags, including those for Open Graph and Twitter Card, further supports "
Llama-3.3-70B (nomonitor),4768,0,0,1,0.95,0.95,0.1,1.0,0.81,high,5,5,5,0,2,3,0.6,1,,,"The webpage has a long domain age of 29.1 years, a high Tranco rank of #5, and a rich Certificate Transparency history with 100 certificates, indicating a low-risk and established domain. The HTML content does not contain any suspicious elements such as password fields, login forms, or credential-harvesting JavaScript. The page appears to be a legitimate Facebook webpage with proper metadata and scripts."
Llama-3.3-70B (nomonitor),4778,0,0,1,0.95,0.95,0.35,1.0,0.86,high,5,5,5,3,1,1,0.2,1,,,"The domain has a long history (21.8 years) and is hosted on a stable ASN (US), with a rich archival history (1000 snapshots) and no suspicious indicators in the HTML content, such as password fields or credential-harvesting JavaScript. The page contains legitimate metadata, including OpenGraph and Twitter card tags, and links to external scripts from reputable sources like Google Analytics and Facebook. The absence of phishing indicators, combined with the established domain age and legitimate c"
Llama-3.3-70B (nomonitor),4783,0,0,1,0.95,0.95,0.3,1.0,0.8500000000000001,high,4,5,5,2,2,1,0.2,1,,,"The webpage has a legitimate IMDb domain, a high Tranco rank, and a long domain age, indicating it is a well-established site. The HTML content contains no suspicious elements such as password fields, credential-harvesting JavaScript, or hidden iframes. The presence of a valid SSL certificate and a rich archival history on the Wayback Machine further supports the benign nature of the site."
Llama-3.3-70B (nomonitor),4806,0,0,1,0.9,0.9,0.8,1.0,0.9400000000000001,very_high,4,5,5,3,2,0,0.0,1,,,"The webpage contains a legitimate newsletter subscription form with a link to a HubSpot tracking URL, and the domain has a long history with 176 snapshots in the Wayback Machine and a Tranco rank of #6,365, indicating it is a mainstream site. The HTML content does not contain any suspicious elements such as password fields, hidden iframes, or obfuscated content. The domain age is 13 years, which is considered low-risk. The PhishGraph opinion of 72.7% towards phishing is not conclusive given the "
Llama-3.3-70B (nomonitor),4807,0,0,1,0.9,0.9,0.7857142857142857,1.0,0.9371428571428572,very_high,4,7,7,4,3,0,0.0,1,,,"The domain has a long history (30.9 years) and a mainstream Tranco rank (#41,993), indicating a low-risk, established website. The HTML content contains no suspicious elements such as password fields, login forms, or credential-harvesting JavaScript, and the provided context from the Intelligence Dossier suggests a legitimate site with a rich archival history and proper registrar records. The absence of indicators like typosquatting, unusual TLDs, free hosting, or lookalike domains of known bran"
Llama-3.3-70B (nomonitor),4862,0,0,1,0.95,0.95,0.8,1.0,0.9500000000000001,very_high,5,5,5,3,2,0,0.0,1,,,"The domain has a long history, with a Tranco rank of #1,243, a Wayback Machine history of 1000 snapshots over 16.1 years, and a domain age of 31.3 years, indicating a low-risk, established website. The HTML content does not contain any suspicious elements such as password fields, login forms, or credential-harvesting JavaScript. The presence of scripts from reputable sources like Google Tag Manager and Optimizely further supports the legitimacy of the site."
Llama-3.3-70B (nomonitor),4866,0,0,1,0.9,0.9,0.75,1.0,0.93,very_high,4,4,4,2,2,0,0.0,1,,,"The domain has a long history, with 1000 snapshots in the Wayback Machine and a domain age of 32 years, indicating a low-risk site. The Tranco rank of #23,732 also suggests a mainstream site. The HTML content does not contain any suspicious elements such as password fields or credential-harvesting JavaScript. The presence of a google-site-verification meta tag and a shopify-digital-wallet meta tag suggests a legitimate e-commerce site."
Llama-3.3-70B (nomonitor),4873,0,0,1,0.95,0.95,0.3125,1.0,0.8525,high,4,4,4,2,1,1,0.25,1,,,"The webpage has a legitimate Facebook domain, a long history of snapshots in the Wayback Machine, and a high Tranco rank, indicating it is a well-established and popular site. The HTML content contains meta tags and scripts consistent with a genuine Facebook page, including a canonical link to https://www.facebook.com/shins.my and a manifest link. No suspicious indicators such as password fields, hidden iframes, or obfuscated content were found."
Llama-3.3-70B (nomonitor),488,0,1,0,0.9,0.9,0.8,1.0,0.9400000000000001,very_high,2,5,5,3,2,0,0.0,1,,,"The page contains a legitimate Cloudflare error message indicating a connection timeout, with no suspicious login forms, password fields, or credential-harvesting scripts found. The domain age is 12.7 years, which is a low-risk indicator. Although the domain is not in the Tranco Top-1M and has no Wayback Machine archive history, the presence of a Cloudflare error page and the lack of phishing indicators suggest a benign page."
Llama-3.3-70B (nomonitor),4880,0,0,1,0.95,0.95,0.9,1.0,0.9700000000000001,very_high,4,5,5,4,1,0,0.0,1,,,"The domain has a long history, with a Tranco rank of #53, a Wayback Machine history of 1000 snapshots, and a domain age of 31.3 years, indicating a low-risk, established website. The HTML content does not contain any suspicious elements such as password fields, login forms, or credential-harvesting JavaScript. The presence of multiple scripts and stylesheets from reputable sources, such as Yahoo and ComingSoon.net, further supports the legitimacy of the website."
Llama-3.3-70B (nomonitor),4889,0,0,1,0.95,0.95,0.8,1.0,0.9500000000000001,very_high,5,5,5,3,2,0,0.0,1,,,"The domain has a long history (33.8 years) and is extremely popular (Tranco rank #732), with a rich archival history (1000 snapshots in the Wayback Machine) and a valid registrar record. The HTML content does not contain any suspicious elements such as password fields, login forms, or credential-harvesting JavaScript. The presence of scripts from reputable sources like Google Analytics and New Relic also suggests a legitimate website."
Llama-3.3-70B (nomonitor),4897,0,0,1,0.99,0.99,0.75,1.0,0.9480000000000001,very_high,4,4,4,2,2,0,0.0,1,,,"The URL and HTML content do not exhibit suspicious patterns such as typosquatting, unusual TLDs, or credential-harvesting scripts. The Intelligence Dossier indicates a long domain age, rich Certificate Transparency history, and a high Tranco rank, which are all indicative of a legitimate site. The HTML content contains eBay-specific scripts and metadata, suggesting an authentic eBay page."
Llama-3.3-70B (nomonitor),4904,0,0,1,0.99,0.99,0.8,1.0,0.9580000000000001,very_high,5,5,5,3,2,0,0.0,1,,,"The domain has a long history (30.4 years) and is extremely popular (Tranco rank #244), with a rich archival history (1000 snapshots in the Wayback Machine). The HTML content contains no suspicious elements such as password fields, login forms, or credential-harvesting JavaScript. The page appears to be a legitimate IMDb profile for Matthew Macfadyen, with proper metadata and OpenGraph protocol implementation."
Llama-3.3-70B (nomonitor),4919,0,0,1,0.9,0.9,0.8333333333333334,1.0,0.9466666666666668,very_high,3,6,6,4,2,0,0.0,1,,,"The domain has a long history (36.6 years) and a high Tranco rank (#5,939), indicating it is a mainstream site. The HTML content includes a strict Content Security Policy, allowing scripts from known domains like Salesforce, Google, and PayPal, which suggests a legitimate website. No suspicious or phishing-related indicators were found in the HTML content."
Llama-3.3-70B (nomonitor),4959,0,0,1,0.9,0.9,0.375,0.25,0.405,low,4,8,8,5,2,1,0.125,1,,,"The webpage contains a legitimate business website with a clear description of the company's products and services, including a link to the company's catalog and various product categories. The HTML content includes a canonical link to the website, a Google site verification meta tag, and a Drupal 8 generator meta tag, indicating a legitimate content management system. The presence of a long Wayback Machine history and a domain age that is not explicitly restricted also suggest a legitimate webs"
Llama-3.3-70B (nomonitor),4966,0,0,1,0.9,0.9,0.1,1.0,0.8,high,4,5,5,0,2,3,0.6,1,,,"The domain has a long history (31.4 years) and is hosted on a stable ASN (AS15557), with a rich Certificate Transparency history and 1000 snapshots in the Wayback Machine, indicating a legitimate and established website. The HTML content does not contain any suspicious elements such as password fields, login forms, or credential-harvesting JavaScript. The scripts and stylesheets are loaded from the same domain or a trusted CDN (cdn.diplomatie.gouv.fr), which suggests a legitimate use of resource"
Llama-3.3-70B (nomonitor),4983,0,0,1,0.8,0.8,0.875,1.0,0.935,very_high,4,4,4,3,1,0,0.0,1,,,"The webpage contains a legitimate Google Tag Manager script and a proper favicon link, indicating a level of professionalism and care in the site's development. The domain has a long history, with 1000 snapshots in the Wayback Machine and a domain age of 3.3 years, which suggests it is an established site. The HTML content does not contain any obvious phishing indicators such as password fields or suspicious scripts. However, the PhishGraph classifier opinion is 98.2% towards phishing, which is "
Llama-3.3-70B (nomonitor),4985,0,0,1,0.95,0.95,0.4,1.0,0.8700000000000001,high,4,5,5,4,0,1,0.2,1,,,"The domain has a long history, with a Tranco rank of #975, a Wayback Machine history of 1000 snapshots over 29.4 years, and a domain age of 31.1 years, indicating a low-risk, established site. The HTML content contains no suspicious elements such as password fields, login forms, or credential-harvesting JavaScript, and the meta tags and scripts appear to be from legitimate sources like Google Tag Manager and Chartbeat. The presence of a clear and descriptive title, meta description, and Open Gra"
Llama-3.3-70B (nomonitor),4987,0,0,1,0.9,0.9,0.8333333333333334,1.0,0.9466666666666668,very_high,3,3,3,2,1,0,0.0,1,,,"The domain has a long history (31.5 years) and is ranked #1,880 by Tranco, indicating it is a mainstream site. The HTML content does not contain any obvious phishing indicators such as password fields or fake login forms. The scripts loaded are from known services like Google Tag Manager and Marketo, which are commonly used for analytics and marketing purposes. The presence of New Relic scripts also suggests that the site is actively monitored for performance, which is consistent with a legitima"
Llama-3.3-70B (nomonitor),54,0,1,0,0.8,0.8,0.35,0.3,0.41000000000000003,low,4,5,5,3,1,1,0.2,1,,,"The webpage contains a legitimate WordPress site with proper metadata, canonical links, and OpenGraph protocol, indicating a genuine website. The presence of WordPress.com scripts and stylesheets further supports this assessment. Although the PhishGraph model suggests a 92.1% chance of phishing, the HTML content and context do not exhibit typical phishing patterns such as password fields, login forms, or suspicious redirects."
Llama-3.3-70B (nomonitor),559,1,1,1,0.98,0.98,0.875,0.15,0.7615000000000001,high,4,3,4,3,1,0,0.0,1,,,"The webpage contains a login form with email and password fields, and the PhishGraph classifier opinion is 99.7% towards PHISHING. The domain age is 8 years, which is low-risk, but the Wayback Machine has never archived the site, which is typical of brand-new or short-lived sites. The HTML content includes a script that alerts the user to sign in, which could be a phishing attempt. The presence of a login form and the PhishGraph opinion are strong indicators of phishing."
Llama-3.3-70B (nomonitor),568,0,1,0,0.95,0.95,0.875,1.0,0.9650000000000001,very_high,4,4,4,3,1,0,0.0,1,,,"The domain has a long history (30.4 years) and is extremely popular (Tranco rank #244), with a rich archival history (1000 snapshots in Wayback Machine) and a legitimate registrar record, which are all indicators of a legitimate website. The HTML content does not contain any suspicious elements such as password fields, login forms, or credential-harvesting JavaScript. The presence of scripts from known services like Amazon and Facebook also suggests a legitimate website."
Llama-3.3-70B (nomonitor),582,0,1,0,0.9,0.9,0.875,1.0,0.9550000000000001,very_high,3,8,8,6,2,0,0.0,1,,,"The domain age is 20.8 years, which is a low-risk indicator, and the Tranco rank is #9, indicating an extremely popular site. The HTML content does not contain any suspicious elements such as password fields, login forms, or credential-harvesting JavaScript. The page appears to be an error message from a server, with an 'AccessDenied' code and message. The absence of phishing indicators, combined with the domain's age and popularity, suggests that the site is legitimate."
Llama-3.3-70B (nomonitor),592,0,1,0,0.9,0.9,0.8,1.0,0.9400000000000001,very_high,3,5,5,3,2,0,0.0,1,,,"The webpage appears to be a legitimate blog hosted on Blogger, with a clear description and multiple posts related to programming topics. The domain age is 14.7 years, which is a low-risk indicator. Although the PhishGraph model suggests a 95.4% chance of phishing, the HTML content and context do not support this claim, as there are no suspicious password fields, login forms, or credential-harvesting scripts. The presence of Google Adsense and a clear blog structure further supports the legitima"
Llama-3.3-70B (nomonitor),611,0,1,0,0.8,0.8,0.8571428571428571,0.25,0.4814285714285715,low,6,7,7,5,2,0,0.0,1,,,"The webpage contains a legitimate e-commerce layout with product listings, a search bar, and a navigation menu, indicating a genuine online store. The presence of a canonical link, og metadata, and a clear site structure further supports this assessment. Although the domain is not in the Tranco top 1M and has a limited certificate transparency history, the overall HTML content and structure suggest a legitimate website."
Llama-3.3-70B (nomonitor),688,0,1,0,0.8,0.8,0.3,0.25,0.37000000000000005,low,5,5,5,2,2,1,0.2,1,,,"The webpage contains a legitimate-looking e-commerce site for Lululemon products, with a proper navigation menu, search function, and links to various product categories. The HTML content does not contain any suspicious elements such as password fields, hidden iframes, or obfuscated content. The domain has a relatively long history, with 163 snapshots in the Wayback Machine and 36 certificates in CT logs, which suggests that it is an established domain. However, the domain is not in the Tranco T"
Llama-3.3-70B (nomonitor),700,0,1,0,0.9,0.9,0.3125,1.0,0.8425,high,4,4,4,2,1,1,0.25,1,,,"The domain age is 31 years, which is a low-risk indicator. The Tranco rank is #911, indicating an extremely popular site. The HTML content contains various stylesheets and scripts from known plugins and libraries, such as WooCommerce, Elementor, and Google Fonts, but no obvious phishing indicators like password fields or suspicious redirects were found. The presence of a valid SSL certificate and the use of HTTPS also suggest a legitimate site."
Llama-3.3-70B (nomonitor),73,1,1,1,0.8,0.8,0.6,0.55,0.65,mid,5,4,5,1,4,0,0.0,1,,,"The webpage contains a CAPTCHA system that redirects to an unknown URL upon successful verification, which is a common phishing tactic to harvest credentials or lead users to malicious sites. The domain has a low Tranco rank and no archival history, indicating it may be a newly registered or short-lived site. The HTML content includes a script that detects and blocks bots, but also includes a meta tag referencing a Google Adsense account, which could be an attempt to appear legitimate. However, "
Llama-3.3-70B (nomonitor),745,0,1,0,0.9,0.9,0.8,1.0,0.9400000000000001,very_high,4,5,5,3,2,0,0.0,1,,,"The webpage appears to be a legitimate blog hosted on Blogger, with a long domain age of 19.3 years and a mainstream Tranco rank of #48,988. The HTML content contains no suspicious password fields, login forms, or credential-harvesting JavaScript. The presence of Google Adsense and a clear blog structure also suggest a legitimate website. However, the PhishGraph model opinion of 94.0% phishing probability is contradictory, but the overall context and HTML evidence lean towards a benign classific"
Llama-3.3-70B (nomonitor),755,0,1,0,0.8,0.8,0.1,1.0,0.78,high,3,5,5,1,0,4,0.8,1,,,"The webpage contains a Blogger template with legitimate Google APIs and fonts, and the domain is hosted on a mainstream ASN. Although the domain age is unknown and it has no archival history, the presence of legitimate scripts and the lack of suspicious HTML content suggest that the webpage is likely benign. The PhishGraph classifier opinion of 42.8% towards BENIGN also supports this assessment."
Llama-3.3-70B (nomonitor),758,0,1,0,0.8,0.8,0.3125,0.25,0.37250000000000005,low,4,4,4,2,1,1,0.25,1,,,"The webpage contains various legitimate scripts and plugins, such as WordPress, WooCommerce, and TikTok analytics, which are commonly used on genuine e-commerce sites. The presence of a valid SSL certificate and proper DNS configuration also suggests a legitimate website. Although the domain is not in the Tranco top 1M and has no Wayback Machine archive, these factors alone are not sufficient to indicate phishing. The HTML content does not contain any obvious phishing indicators, such as passwor"
Llama-3.3-70B (nomonitor),782,0,1,0,0.8,0.8,0.875,0.25,0.4850000000000001,low,4,8,8,6,2,0,0.0,1,,,"The webpage contains a legitimate HTML structure with proper meta tags, schema.org markup, and links to CSS and JavaScript files, indicating a genuine e-commerce website. The presence of WooCommerce and WordPress plugins also suggests a legitimate online store. Although the domain is not in the Tranco Top-1M and has a relatively short Wayback Machine history, the overall HTML content and structure do not exhibit typical phishing patterns."
Llama-3.3-70B (nomonitor),826,0,1,0,0.9,0.9,0.8,1.0,0.9400000000000001,very_high,4,5,5,3,2,0,0.0,1,,,"The webpage is hosted on blogspot.com, a legitimate blogging platform, and has a long history with 76 snapshots on the Wayback Machine, indicating it is not a fresh phishing site. The domain age is 25.8 years, which is low-risk. The HTML content does not contain any suspicious elements such as password fields, login forms, or credential-harvesting JavaScript. The presence of Google Adsense scripts and a legitimate favicon also suggest a benign website."
Llama-3.3-70B (nomonitor),839,1,1,1,0.9,0.9,0.6,1.0,0.77,high,5,4,5,1,4,0,0.0,1,,,"The webpage contains a login link with 'login.html' as the target, which could be used for credential harvesting, and the domain is not in the Tranco Top-1M list, indicating potentially low traffic and legitimacy. The webpage also promises services that seem too good to be true, such as viewing private Instagram stories and posts without being detected, which is a common phishing tactic. Additionally, the use of free issuers for certificates and the lack of a clear, established domain history ra"
Llama-3.3-70B (nomonitor),917,0,1,0,0.9,0.9,0.8,1.0,0.9400000000000001,very_high,4,5,5,3,2,0,0.0,1,,,"The webpage contains a legitimate 'Privacy Center' with various buttons and links, including a 'Privacy Policy' button, which suggests a genuine effort to provide privacy information. The domain age is 5.7 years, and the Tranco rank is #302, indicating an extremely popular site. The HTML content does not contain any suspicious elements such as password fields, login forms, or credential-harvesting JavaScript."
Llama-3.3-70B (nomonitor),920,0,1,0,0.8,0.8,0.8,1.0,0.92,very_high,5,5,5,3,2,0,0.0,1,,,"The domain age is 15.2 years, which is a low-risk indicator. The domain is also hosted on a long-established ASN and has a Tranco rank of #34,328, suggesting it is a mainstream site. The HTML content appears to be a standard Blogger template with no suspicious password fields, login forms, or credential-harvesting JavaScript. The presence of Google Adsense scripts and a Blogger favicon also suggests a legitimate blog."
Llama-3.3-70B (nomonitor),933,1,1,1,0.8,0.8,0.5,0.15,0.52,low,3,4,3,1,1,1,0.3333333333333333,1,,,"The webpage contains a suspicious domain 'trezorrloggin.blogspot.com' which is a lookalike of the known brand 'Trezor', indicating potential brand impersonation. The HTML content does not contain explicit password fields or login forms, but it provides detailed information about Trezor login and wallet setup, which could be used for social engineering or phishing attacks. The presence of Google Adsense and Blogger profiles may suggest a legitimate blog, but the overall context and the use of a s"
