model,sample_id,label_llm,gt_label,correct,confidence,t1,t2,t3,trust,trust_bucket,n_indicators_found,n_indicators_not_found,n_indicators_total,n_verified,n_unverifiable,n_contradicted,hallucination_rate,html_available,domain,url,reasoning_excerpt
DeepSeek-V4-Flash,1014,0,1,0,0.95,0.95,0.8,1.0,0.9500000000000001,very_high,6,10,10,6,4,0,0.0,1,,,"The page displays a generic 'Site Unavailable' message from InMotion Hosting, with no login forms, password fields, credential-harvesting scripts, or brand impersonation. The domain is 25.3 years old, ranked #2,699 by Tranco, and has 27 Wayback snapshots, all strongly indicating a legitimate, established site. The HTML content is static and contains no phishing indicators such as obfuscated JavaScript, hidden iframes, or fake CAPTCHA."
DeepSeek-V4-Flash,1040,0,1,0,0.95,0.95,0.7333333333333333,0.25,0.48666666666666664,low,0,15,15,7,8,0,0.0,1,,,"The URL domain 'medizinischestrahlung.de' is a legitimate German domain with a long history (first seen 13.1 years ago, 1000 Wayback snapshots). The HTML content is a fully functional WordPress site about medical radiation, with no login forms, password fields, credential-harvesting scripts, hidden iframes, or brand impersonation. The static classifier PhishGraph rates it as 21.3% phishing, which is low, and the OSINT dossier shows an established domain with no suspicious signals. No phishing in"
DeepSeek-V4-Flash,1047,1,1,1,0.92,0.92,0.4,0.15,0.506,low,5,7,5,0,4,1,0.2,1,,,"The page impersonates Meta for Business with a 'Page Appeal' title and uses Meta branding (logo, colors, 'Privacy Center' navigation), but the domain is not provided and the HTML contains no actual login form or credential submission endpoint visible in the static content. However, the static classifier (PhishGraph) gives 90.6% phishing probability, and the page is a React app with obfuscated JavaScript that likely handles credential harvesting dynamically. The domain is extremely popular (Tranc"
DeepSeek-V4-Flash,1060,1,1,1,0.95,0.95,0.5714285714285714,0.65,0.7007142857142857,mid,7,6,7,1,6,0,0.0,1,,,"The page immediately redirects via JavaScript to an external domain 'badutqiu.info' with a suspicious path, which is a classic redirect to a phishing landing. The visible content is a flashing 'Deposit 2000 USD -> GET 200 000 USD' scam offer, promising unrealistic returns, typical of investment fraud. The page is filled with numerous hidden links to 'badutqiu.info/aio/' that appear to be cloaking or SEO spam, and the domain itself is not in the Tranco top 1M, is only 311 days old, and has no CT "
DeepSeek-V4-Flash,1071,0,1,0,0.95,0.95,0.75,0.25,0.49,low,7,10,10,5,5,0,0.0,1,,,"The domain medizinischestrahlung.de is a German-language informational site about medical radiation, with a 13-year Wayback history and no credential-harvesting or login forms. The HTML content is a standard WordPress site with educational articles, no password fields, no obfuscated JavaScript, and no brand impersonation. The static classifier (PhishGraph) also rates it as benign at 21.3% phishing probability, and the OSINT signals (long domain age, consistent archival, legitimate ASN) support l"
DeepSeek-V4-Flash,1093,1,1,1,0.99,0.99,0.5,0.15,0.577,mid,6,6,6,0,6,0,0.0,1,,,"The page presents a fake CAPTCHA verification page for 'ARGENTA' (a Belgian bank) with a form that submits to 'telegramclick.php', a suspicious endpoint. It collects the user's IP address and user agent via JavaScript, which is typical of credential harvesting setups. The domain is extremely popular (Tranco rank #113) but has never been archived on the Wayback Machine, which is inconsistent with a legitimate site of that age and popularity, strongly suggesting a phishing page hosted on a comprom"
DeepSeek-V4-Flash,1097,1,1,1,0.95,0.95,0.4,0.15,0.515,low,5,9,5,1,2,2,0.4,1,,,"The page is hosted on a free Blogger subdomain (ledgerlivedownloaded.blogspot.com) and impersonates the official Ledger Live download site, using the brand name in the title and header. The profile name is set to 'ledger.com/start', which mimics a legitimate Ledger support URL. The page has no actual content (no posts), which is typical of a phishing landing page that would be used to host malicious downloads or redirects. The domain age and Tranco rank are irrelevant because the actual host is "
DeepSeek-V4-Flash,1119,0,1,0,0.95,0.95,0.3333333333333333,1.0,0.8566666666666667,high,5,12,12,5,6,1,0.08333333333333333,1,,,"The page is a legitimate Blogger blog hosted on blogspot.com, with the title 'Facebook' but no login forms, password fields, credential-harvesting JavaScript, or any phishing indicators. The domain is a subdomain of blogspot.com, which is a legitimate Google-owned platform, and the OSINT dossier shows a Tranco rank of #113, domain age of 25.8 years, and extensive Wayback history, all strongly supporting benign status. The HTML content is a standard blog layout with posts and sharing buttons, not"
DeepSeek-V4-Flash,1135,0,1,0,0.95,0.95,0.3333333333333333,1.0,0.8566666666666667,high,0,15,15,6,8,1,0.06666666666666667,1,,,"The page is an informational article about Ledger Live, containing no login forms, password fields, credential-harvesting JavaScript, hidden iframes, or any interactive elements that could capture user data. The domain is extremely popular (Tranco rank #302) and has been registered for over 5 years, which is inconsistent with typical phishing sites. The HTML content is purely descriptive and educational, with no phishing indicators such as fake CAPTCHAs, wallet drainers, or fake updates."
DeepSeek-V4-Flash,1146,1,1,1,0.85,0.85,0.5,0.65,0.635,mid,8,10,8,1,6,1,0.125,1,,,"The page loads external scripts from chancejs.com and unpkg.com, then uses Vue.js to dynamically generate fake user comments with random avatars and lorem-ipsum-like text, which is a common pattern for a 'comment spam' or 'engagement farm' page that can be used to lend false credibility to a phishing site. The page also displays a hardcoded IP address (66.35.53.87) and country code (US), which is unusual for a legitimate site and suggests the page may be part of a phishing kit that shows visitor"
DeepSeek-V4-Flash,1155,0,1,0,0.95,0.95,0.875,1.0,0.9650000000000001,very_high,5,8,8,6,2,0,0.0,1,,,"The page is a legitimate Blogger-hosted blog with a title and content about adult dating topics, but no credential-harvesting forms, password fields, fake login pages, or obfuscated scripts. The domain is a standard blogspot.com subdomain, which is a well-known free blogging platform, and the OSINT dossier shows a 5.9-year domain age, Tranco rank in the top 11k, and a legitimate ASN. No phishing indicators such as typosquatting, fake brand impersonation, or wallet drainers were found."
DeepSeek-V4-Flash,1157,1,1,1,0.95,0.95,0.5714285714285714,0.65,0.7007142857142857,mid,7,6,7,2,4,1,0.14285714285714285,1,,,"The page contains a JavaScript redirect to an external domain (mixannu.info) with a suspicious path, and displays a flashing 'Deposit 2000 USD -> GET 200 000 USD' scam offer typical of investment fraud. The domain is only 325 days old, not in the Tranco top 1M, and uses only free SSL issuers, all of which are common phishing indicators. The HTML is cluttered with numerous links to the same suspicious domain, suggesting a link farm or redirect chain. The combination of a fraudulent financial prom"
DeepSeek-V4-Flash,1158,1,1,1,0.92,0.92,0.5,0.65,0.656,mid,7,9,7,0,7,0,0.0,1,,,"The page is a generic betting site template with no actual brand name, but the URL domain is not provided and the domain age is only 325 days with no Tranco rank, indicating a low-traffic, recently registered site. The HTML contains a script with a `clickUrl` pointing to `bw-prm.com/redirector.html` and a `promoApiBaseUrl` to `bwapipub.com`, which are not the legitimate domains of known bookmakers. The PhishGraph classifier gives a 99% phishing probability, and the domain's short age and lack of"
DeepSeek-V4-Flash,1161,1,1,1,0.95,0.95,0.6428571428571429,0.15,0.6364285714285715,mid,7,5,7,2,5,0,0.0,1,,,"The page is a near-perfect visual clone of the Kraken login page, but the form action is set to '#' (empty) and the JavaScript function 'handleLoginAttempt' is not defined in the provided HTML, suggesting credentials are likely exfiltrated via an external script or a hidden endpoint. The domain is not provided, but the static classifier (PhishGraph) gives a 99.3% phishing probability, and the Wayback Machine shows no archival history despite the domain being 5.7 years old, which is anomalous for"
DeepSeek-V4-Flash,118,0,1,0,0.85,0.85,0.7857142857142857,0.25,0.47714285714285715,low,5,7,7,4,3,0,0.0,1,,,"The page is a fully functional WooCommerce-based online boutique with a legitimate brand name, product catalog, and standard e-commerce plugins. The URL domain 'angelasally.shop' is not a known typosquat of a major brand, and the HTML contains no credential-harvesting forms, obfuscated scripts, or fake login prompts. The Wayback Machine shows 159 snapshots over 1.3 years, indicating an established site, and the static classifier (PhishGraph) rates it as 0.5% phishing. Although the domain is not "
DeepSeek-V4-Flash,1188,0,1,0,0.95,0.95,0.34375,0.25,0.40874999999999995,low,6,8,8,4,3,1,0.125,1,,,"The domain unclaimedpallet.com has a 4.4-year Wayback history, 16 CT certificates with diverse issuers, and a first cert over 4.5 years ago, indicating an established legitimate site. The HTML content includes Facebook Pixel tracking scripts, e-commerce language strings (e.g., 'add to bag', 'PAY NOW', 'Order Number'), and no credential-harvesting forms, fake login pages, or obfuscated JavaScript. The PhishGraph classifier also rates it as 1.1% phishing probability, strongly supporting benign cla"
DeepSeek-V4-Flash,1211,0,1,0,0.95,0.95,0.7333333333333333,1.0,0.9366666666666668,very_high,0,15,15,7,8,0,0.0,1,,,"The URL is a legitimate blogspot.com subdomain (alexahindi.blogspot.com) with a Tranco rank of #55,358, indicating a mainstream site. The HTML content is a standard Blogger template with no password fields, login forms, credential-harvesting JavaScript, hidden iframes, or brand impersonation. The page is a Hindi knowledge blog with typical metadata and no phishing indicators."
DeepSeek-V4-Flash,1222,1,1,1,0.99,0.99,0.75,0.15,0.702,mid,6,6,6,3,3,0,0.0,1,,,"The page impersonates Ledger Live with a login form asking for email and password, but the form action is '#' (empty), indicating credentials are likely harvested client-side or via JavaScript. The domain is not provided, but the static classifier PhishGraph gives 99% phishing probability, and the Wayback Machine has never archived this page despite the domain being 5.7 years old, which is anomalous for a legitimate top-300 site. The page also includes a blog post about phishing scams, which is "
DeepSeek-V4-Flash,1225,1,1,1,0.92,0.92,0.5,0.65,0.656,mid,8,8,8,1,6,1,0.125,1,,,"The page immediately redirects via JavaScript to an external domain (playgwent-kouryaku.xyz) with a suspicious path containing a base64-encoded URL, which is a common cloaking technique. The visible content is a flashing 'Deposit 2000 USD -> GET 200 000 USD X100' scam offer, typical of investment fraud. The domain is only 325 days old, not in the Tranco top 1M, uses only free SSL issuers, and the HTML is filled with hundreds of hidden links (likely for SEO spam or bot traffic), all of which are "
DeepSeek-V4-Flash,1229,1,1,1,0.92,0.92,0.4444444444444444,0.65,0.6282222222222222,mid,9,8,9,0,8,1,0.1111111111111111,1,,,"The page is a fake eBook download site that impersonates a legitimate resource for 'Ally Financial Ceo Email' but requires free registration to download, which is a common credential harvesting tactic. The download links point to a suspicious domain 'humiliationintenseperpetual.com' with obfuscated parameters, and the page includes multiple ad scripts from the same domain. The domain is not in the Tranco top 1M, is only 265 days old, and has no recent Wayback snapshots, all consistent with a phi"
DeepSeek-V4-Flash,1244,1,1,1,0.99,0.99,0.5,0.65,0.6769999999999999,mid,8,10,8,0,8,0,0.0,1,,,"The page impersonates a crypto trading platform but contains a modal that solicits donations in USDT (TRC-20) to a hardcoded wallet address, which is a classic advance-fee scam pattern. The domain is only 325 days old, not in the Tranco top 1M, and the static classifier (PhishGraph) gives a 99% phishing probability. The combination of a fresh domain, lack of legitimate traffic, and a donation request for early access to a non-existent service strongly indicates phishing."
DeepSeek-V4-Flash,1256,1,1,1,0.92,0.92,0.625,1.0,0.7885,high,8,7,8,2,6,0,0.0,1,,,"The page impersonates the UK government's GOV.UK brand with a title 'Winter Fuel Payment 2025 - GOV.UK: Authorized' and loads multiple CSS files from a path '/k013_uk_subsidy_gov/theme/govukn/' that mimics official GOV.UK styling. The domain is not in the Tranco top 1M, has no Wayback Machine history, is only 200 days old, and uses only free SSL certificates (Let's Encrypt/ZeroSSL), all typical of phishing sites. The HTML contains obfuscated content via custom elements (z-span, z-strong) with ba"
DeepSeek-V4-Flash,1259,1,1,1,0.85,0.85,0.5,0.65,0.635,mid,7,10,7,0,7,0,0.0,1,,,"The page is a gambling or casino platform (skin variables, lobby max-width, jackpot text) but the domain is not in Tranco Top-1M, has no Wayback Machine history, and the HTML references a suspicious CDN domain 'pubsgppp.c1oudfront.com' which uses a homoglyph '1' in 'cloudfront' to impersonate Amazon CloudFront. The PhishGraph classifier scores it 64.9% phishing, and the lack of archival history combined with the suspicious CDN URL strongly indicates a phishing or scam site designed to harvest cr"
DeepSeek-V4-Flash,1266,1,1,1,0.95,0.95,0.5833333333333334,0.65,0.7066666666666667,mid,6,7,6,1,5,0,0.0,1,,,"The URL domain is not provided, but the static classifier PhishGraph gives a 95.4% phishing probability, and the OSINT dossier shows the domain is only 232 days old, not in Tranco Top-1M, never archived by Wayback Machine, and has no CT log hits — all strong signals of a fresh, short-lived phishing site. The HTML content is a truncated copy of Google Maps, which is a common brand impersonation tactic to host a fake login or credential-harvesting page. The combination of high-confidence static an"
DeepSeek-V4-Flash,1270,0,1,0,0.95,0.95,0.3409090909090909,0.25,0.40818181818181815,low,0,11,11,5,5,1,0.09090909090909091,1,,,"The page is a fully functional online casino/lobby interface with extensive CSS skin variables, a manifest, and a complex JavaScript framework. No login forms, password fields, credential-harvesting scripts, or brand impersonation of any known financial or tech entity are present. The URL domain was not provided, but the HTML content shows no phishing indicators."
DeepSeek-V4-Flash,1278,1,1,1,0.86,0.86,0.5,0.65,0.638,mid,5,8,5,0,5,0,0.0,1,,,"The page is a Vue Admin Template with no visible login form or credential harvesting elements in the truncated HTML, but the static classifier PhishGraph gives an 86.4% phishing probability, the domain is not in the Tranco top 1M, has no Wayback Machine history, and no Certificate Transparency logs, all consistent with a short-lived phishing site. The domain age of 376 days is slightly over a year but the lack of legitimate signals and the high classifier score outweigh this. The page likely loa"
DeepSeek-V4-Flash,128,0,1,0,0.95,0.95,0.3333333333333333,0.05,0.2866666666666667,very_low,6,12,12,5,6,1,0.08333333333333333,1,,,"The page is a standard domain parking/expired domain landing page from Dynadot. It contains no login forms, password fields, credential-harvesting JavaScript, or brand impersonation. The only interactive elements are links to the registrar's auction, registration, and transfer pages. The OSINT signals (2.8 years of Wayback history, free-issuer-only certs) are consistent with a parked domain, not a phishing site."
DeepSeek-V4-Flash,1298,0,1,0,0.95,0.95,0.3,0.25,0.39999999999999997,low,8,15,15,5,8,2,0.13333333333333333,1,,,"The URL domain is not provided, but the HTML content is a fully legitimate UPS homepage with canonical link to www.ups.com, official meta tags, brand assets, and complex JavaScript for analytics and service workers. The OSINT dossier shows a domain with 3.2 years of Wayback history, 60 certificates over 4 years, and only free issuers which is common for legitimate sites. No credential harvesting forms, fake login fields, obfuscated scripts, or suspicious redirects are present in the cleaned HTML"
DeepSeek-V4-Flash,1300,0,1,0,0.85,0.85,0.3409090909090909,0.25,0.3881818181818182,low,5,11,11,5,5,1,0.09090909090909091,1,,,"The page is a fully functional gambling/lottery platform with extensive CSS skin variables, a React-based SPA, and no credential-harvesting forms or password fields. The URL domain was not provided, but the HTML content shows no brand impersonation, no fake login, no obfuscated JavaScript, and no hidden iframes. The static classifier (PhishGraph) rates it 42.8% phishing, leaning benign, and the OSINT signals (no Tranco rank, no Wayback history) are typical of new or niche sites, not definitive p"
DeepSeek-V4-Flash,1311,0,1,0,0.85,0.85,0.8571428571428571,0.25,0.49142857142857144,low,8,7,7,5,2,0,0.0,1,,,"The domain probets.online is 325 days old, which is slightly above the typical phishing registration window, and has a Wayback Machine history spanning 11.6 years (likely from a previous owner), indicating established use. The HTML content is a fully functional sports prediction service with no credential-harvesting forms, no password fields, no obfuscated JavaScript, and no hidden iframes; it uses Google Sign-In via the official gsi/client library and links to legitimate CDN resources. The stat"
DeepSeek-V4-Flash,1317,1,1,1,0.92,0.92,0.6428571428571429,0.65,0.7274285714285714,mid,7,6,7,2,5,0,0.0,1,,,"The page is a crypto presale site for 'Little Pepe' that removes all href attributes from links and buttons, redirecting clicks to 'app/index.html' — a classic credential-harvesting or wallet-drainer pattern. The domain is only 252 days old, not in Tranco Top-1M, and has no Certificate Transparency logs, all consistent with a fresh phishing setup. The static classifier (PhishGraph) gives 90.6% phishing probability, and the page includes hidden tracking pixels and anti-devtool scripts, further in"
DeepSeek-V4-Flash,137,1,1,1,0.95,0.95,0.5833333333333334,0.15,0.6066666666666667,mid,6,6,6,1,5,0,0.0,1,,,"The page title and content claim to be a 'Monopoly Go Dice Generator' offering free in-game currency, which is a classic scam lure. The HTML contains a form asking for the user's Monopoly Go username/ID, and after a fake generation process, it demands 'anti-bot verification' — a common social engineering step to harvest credentials or trick users into completing a survey. The page uses multiple Google Analytics and Blogger meta tags, but the core functionality is a fraudulent generator that neve"
DeepSeek-V4-Flash,1370,1,1,1,0.97,0.97,0.5833333333333334,0.15,0.6126666666666667,mid,6,7,6,1,5,0,0.0,1,,,"The page is a near-perfect replica of the Robinhood login page, but the domain is not the legitimate robinhood.com. The HTML contains a login form with email and password fields, and the page includes extensive educational content about Robinhood to appear legitimate. The static classifier (PhishGraph) gives a 97.9% phishing probability, and the domain has never been archived on the Wayback Machine despite being 5.7 years old, which is anomalous for a legitimate top-1k site. The lack of CT logs "
DeepSeek-V4-Flash,1392,1,1,1,0.92,0.92,0.6666666666666666,1.0,0.8093333333333332,high,6,6,6,2,4,0,0.0,1,,,"The domain balsamhill.us.com is a lookalike of the legitimate balsamhill.com, using a .us.com subdomain which is a free hosting TLD often abused by phishers. The page claims to be an 'Outlets Store' for Balsam Hill, a known brand, and includes WooCommerce and contact forms that could harvest credentials or payment data. The OSINT dossier shows the domain is only 93 days old, uses only free SSL certificates (Let's Encrypt), and has minimal CT diversity, all consistent with phishing infrastructure"
DeepSeek-V4-Flash,142,0,1,0,0.95,0.95,0.7857142857142857,1.0,0.9471428571428572,very_high,6,7,7,4,3,0,0.0,1,,,"The page is an informational guide about BitMart login, not a login form itself. It contains no password fields, credential-harvesting JavaScript, hidden iframes, or any interactive input elements. The domain is extremely popular (Tranco rank #302), 5.7 years old, and hosted on a reputable ASN (Cloudflare). All links point to the legitimate bitmart.com. The content is purely educational, describing how to log in and security best practices."
DeepSeek-V4-Flash,1430,0,1,0,0.99,0.99,0.34615384615384615,1.0,0.8672307692307692,high,0,13,13,6,6,1,0.07692307692307693,1,,,"The URL domain is imdb.com, a top-250 Tranco site with a 30-year domain age and extensive Wayback history, strongly indicating legitimacy. The HTML content shows standard IMDb meta tags, Open Graph properties, and Amazon analytics scripts, with no password fields, login forms, credential-harvesting JavaScript, hidden iframes, or brand impersonation. The page title 'Private list' and description 'The creator of this list has not enabled public viewing' match a legitimate IMDb feature for private "
DeepSeek-V4-Flash,1443,1,1,1,0.99,0.99,0.5,0.15,0.577,mid,4,5,4,1,2,1,0.25,1,,,"The page impersonates Trezor, a well-known hardware wallet brand, using their branding and product names (Trezor Bridge) to appear legitimate. The HTML contains a button labeled 'Get Secure & Smooth Crypto Access' that triggers a JavaScript function named 'accessCrypto()', which is a common pattern for credential harvesting or wallet-draining scripts. The domain is not provided, but the static classifier PhishGraph gives a 98.8% phishing probability, and the Wayback Machine has never archived th"
DeepSeek-V4-Flash,1449,1,1,1,0.95,0.95,0.3333333333333333,0.15,0.4816666666666667,low,6,7,6,0,4,2,0.3333333333333333,1,,,"The page immediately redirects via JavaScript to a suspicious IP-based domain (190-2-145-38.hosted-by-worldstream.net) hosting a PHP script, which is a classic sign of a phishing or scam redirect chain. The visible content promotes an unrealistic 'Deposit 2000 USD -> GET 200 000 USD' scheme with a flashing X100 multiplier, typical of investment scams. The page also contains a large number of hidden links to the same IP-based domain, likely for SEO manipulation or tracking, and links to known SEO"
DeepSeek-V4-Flash,1480,0,1,0,0.85,0.85,0.3333333333333333,0.25,0.38666666666666666,low,4,6,6,3,2,1,0.16666666666666666,1,,,"The page is a fully functional single-page application (SPA) for an online casino or betting platform, as evidenced by extensive CSS skin variables, a manifest for PWA, and a complex JavaScript initialization for frame storage proxy. No login forms, password fields, credential-harvesting JavaScript, hidden iframes, or brand impersonation of known financial or tech entities are present. The OSINT signals (not in Tranco, no Wayback history, unknown domain age) are typical of a new or niche gamblin"
DeepSeek-V4-Flash,1490,1,1,1,0.92,0.92,0.625,0.65,0.7185,mid,8,7,8,2,6,0,0.0,1,,,"The page impersonates the UK government's 'Pay a parking fine' service using a suspicious base path '/uk_fine_gov/' and loads multiple CSS/JS assets from a 'govukn' theme directory, mimicking GOV.UK branding. The HTML contains extensive obfuscation via custom elements (z-span, z-strong) and a dedicated decoding script that decodes base64/URL-encoded content from data attributes, a common technique to hide credential-harvesting payloads. The domain is not in Tranco Top-1M, never archived by Wayba"
DeepSeek-V4-Flash,1493,1,1,1,0.95,0.95,0.42857142857142855,0.65,0.6292857142857142,mid,7,7,7,0,6,1,0.14285714285714285,1,,,"The page presents a fake AI crypto trading dashboard with a 'Join Waitlist' button that opens a modal asking for email and a USDT TRC-20 wallet address for 'donations' to be first to know, which is a classic advance-fee scam pattern. The domain is not in the Tranco top 1M, is only 325 days old, and has no CT log hits, all consistent with a freshly registered phishing domain. The PhishGraph classifier gives 99% phishing probability, and the HTML contains no legitimate login or payment flow, only "
DeepSeek-V4-Flash,1494,1,1,1,0.92,0.92,0.5,0.65,0.656,mid,7,8,7,0,7,0,0.0,1,,,"The page impersonates Reddit's design (using Reddit-specific CSS classes, subreddit name, and post layout) but contains a fake health testimonial and a multi-question quiz that leads to a product offer, which is a classic scam pattern. The domain is not in Tranco's top 1M, has no CT logs, and the HTML includes a Facebook pixel with an empty init ID, suggesting a low-effort phishing setup. The content promotes a penis enlargement gummy with a 'free trial' quiz, which is a known scam tactic to har"
DeepSeek-V4-Flash,1509,1,1,1,0.95,0.95,0.6666666666666666,0.15,0.6483333333333333,mid,6,6,6,2,4,0,0.0,1,,,"The page impersonates OTP Bank Radovljica branch but uses a suspicious domain 'onlinebanking.OTP Bank Radovljica branch bank.com' which contains spaces and is not a legitimate bank domain. The HTML includes a Google Translate redirect script that forces language change, likely to obfuscate the page's origin. The page references 'wellsfagoonlie Bank' in a mouseover event, indicating brand confusion or impersonation. The presence of a login form (implied by login.js and ia.js) without legitimate b"
DeepSeek-V4-Flash,1510,0,1,0,0.95,0.95,0.7727272727272727,0.25,0.4945454545454545,low,5,11,11,6,5,0,0.0,1,,,"The page is a fully functional gambling/lobby application with extensive CSS skin variables, a manifest for PWA, and a complex JavaScript module for cross-origin storage proxy. No login forms, password fields, credential-harvesting scripts, or brand impersonation of any known financial or tech entity are present. The domain is 269 days old and not in Tranco Top-1M, but the HTML content is clearly a legitimate gaming platform, not a phishing page."
DeepSeek-V4-Flash,1520,0,1,0,0.98,0.98,0.3333333333333333,1.0,0.8626666666666667,high,0,15,15,6,8,1,0.06666666666666667,1,,,"The URL domain is imdb.com, a top-1k Tranco-ranked site with a 30-year domain age and extensive Wayback history, strongly indicating legitimacy. The HTML content is a standard IMDb private list page with no password fields, login forms, credential-harvesting scripts, hidden iframes, or brand impersonation; it only displays a message that the list is private. No phishing indicators were found, and the static classifier (PhishGraph) also rated it as benign at 20.6%."
DeepSeek-V4-Flash,1523,0,1,0,0.85,0.85,0.7333333333333333,1.0,0.9166666666666667,very_high,0,15,15,7,8,0,0.0,1,,,"The domain is extremely popular (Tranco rank #286) and 13.1 years old, which strongly indicates a legitimate, established site. The HTML content is a minimal Angular application shell with no visible login forms, password fields, or credential-harvesting scripts. No phishing indicators such as brand impersonation, fake CAPTCHA, or obfuscated content were found."
DeepSeek-V4-Flash,1543,1,1,1,0.85,0.85,0.35714285714285715,0.65,0.5635714285714286,mid,7,6,7,0,5,2,0.2857142857142857,1,,,"The domain 'stanleyjeudy.shop' is not in the Tranco top 1M, has a .shop TLD often abused for phishing, and the canonical URL points to 'clean-commerce.com' while the page claims to be 'Sanctuary Clothing' — a clear brand impersonation mismatch. The HTML includes WooCommerce and contact forms, which could be used to harvest credentials or payment info, and the page has no legitimate connection to the claimed brand. The OSINT signals (low traffic, no CT logs, short history) further support suspici"
DeepSeek-V4-Flash,1544,0,1,0,0.97,0.97,0.2916666666666667,0.25,0.4023333333333333,low,5,6,6,2,3,1,0.16666666666666666,1,,,"The domain modon.com is a well-known brand (Modon Holding, an Abu Dhabi-based real estate and holding company) with a 7.3-year Wayback history and 1000 snapshots, indicating a long-established legitimate site. The HTML content is a full corporate website with proper branding, multiple analytics and advertising scripts (Facebook, TikTok, LinkedIn, Amazon), and no credential-harvesting forms, password fields, or obfuscated JavaScript. The PhishGraph classifier also rated it 1.9% phishing probabili"
DeepSeek-V4-Flash,1549,0,1,0,0.85,0.85,0.6785714285714286,0.25,0.45571428571428574,low,8,14,14,5,9,0,0.0,1,,,"The domain probets.online is 325 days old, has 237 Wayback snapshots over 3.1 years, and resolves to a legitimate ASN (Cloudflare). The HTML content is a fully featured sports prediction service with no password fields, login forms, credential-harvesting JavaScript, hidden iframes, or obfuscated content. The page promotes AI-powered betting tips and includes Google Sign-In integration, but no phishing indicators are present. The static classifier (PhishGraph) also rates it as benign at 32.1%."
DeepSeek-V4-Flash,1553,1,1,1,0.95,0.95,0.5,0.15,0.565,mid,6,10,6,1,4,1,0.16666666666666666,1,,,"The page is hosted on a free Blogger subdomain (blogspot.com) and impersonates the official Ledger Live download site. The profile name is set to 'ledger.com/start', a clear attempt to appear as the legitimate Ledger support domain. The page contains no actual content (no posts), which is typical of a phishing landing page that would later be updated with a fake download form. The static classifier PhishGraph gives a 99.1% phishing probability, and the domain has never been archived on Wayback M"
DeepSeek-V4-Flash,156,0,1,0,0.98,0.98,0.7727272727272727,0.05,0.3805454545454545,low,3,11,11,6,5,0,0.0,1,,,"The URL domain 'reset4fit.com' is not a known brand lookalike and the HTML content is a standard parked domain page from Hostinger, containing no login forms, password fields, credential-harvesting scripts, or any interactive elements. The page only displays the domain name and Hostinger branding with analytics scripts. OSINT signals show a medium-aged domain (342 days) with free SSL certificates, but the lack of any phishing indicators in the HTML content overrides the OSINT risk signals."
DeepSeek-V4-Flash,1568,1,1,1,0.95,0.95,0.5,0.65,0.6649999999999999,mid,6,7,6,1,4,1,0.16666666666666666,1,,,"The page immediately redirects to an external domain (dewavegas99.info) via JavaScript, which is a common phishing technique to evade detection. The visible content promotes a fraudulent 'Deposit 2000 USD -> GET 200 000 USD' scheme with a flashing 'X100' banner, typical of investment scams. The domain is not in the Tranco top 1M, is only 307 days old, and the HTML contains a large number of obfuscated links (aio/...) that appear to be click fraud or SEO spam, further indicating malicious intent."
DeepSeek-V4-Flash,1582,1,1,1,0.95,0.95,0.5,0.65,0.6649999999999999,mid,8,8,8,1,6,1,0.125,1,,,"The page immediately redirects via JavaScript to a suspicious domain (iyeastinfection.info) with a long obfuscated query string, a classic phishing redirect pattern. The visible content is a flashing 'Deposit 2000 USD -> GET 200 000 USD X100' scam offer, which is a classic investment scam lure. The page is cluttered with numerous links to unrelated domains (IndexJump, AIO, Semalt, Trustburn) and a large list of numbered links to the same suspicious domain, indicating a link farm or SEO spam. The"
DeepSeek-V4-Flash,1590,1,1,1,0.99,0.99,0.5,0.65,0.6769999999999999,mid,7,7,7,0,7,0,0.0,1,,,"The page impersonates Square with a 'Card verification' form requesting full card number, CVV, and expiry, which is a classic credential harvesting pattern. The domain is not in the Tranco top 1M, is only 200 days old, and has never been archived by the Wayback Machine, all consistent with a short-lived phishing site. The static classifier PhishGraph gives a 99.7% phishing probability, and the HTML contains a fake card UI with no legitimate transaction context."
DeepSeek-V4-Flash,161,0,1,0,0.95,0.95,0.7333333333333333,1.0,0.9366666666666668,very_high,0,15,15,7,8,0,0.0,1,,,"The page is a simple directory listing (Apache-style) with no login forms, password fields, credential-harvesting scripts, or brand impersonation. The domain is 12.7 years old, which is a strong signal of legitimacy. The static classifier (PhishGraph) also rates it as benign with 15.4% phishing probability. No phishing indicators were found in the URL or HTML content."
DeepSeek-V4-Flash,163,1,1,1,0.95,0.95,0.5,0.65,0.6649999999999999,mid,10,7,10,1,8,1,0.1,1,,,"The page presents a fake AI crypto trading dashboard with a 'Join Waitlist' button that opens a modal requesting email and a USDT TRC-20 wallet address for 'donations' to gain early access. The domain is not in the Tranco top 1M, is only 316 days old, and has a wildcard certificate, which are common phishing indicators. The PhishGraph classifier gives a 99% phishing probability. The combination of a fabricated trading leaderboard, a request for cryptocurrency donations with a hardcoded wallet ad"
DeepSeek-V4-Flash,1647,0,1,0,0.95,0.95,0.375,1.0,0.865,high,0,10,10,6,3,1,0.1,1,,,"The URL domain is not provided, but the HTML content is a legitimate informational page about Ledger Live download. It contains no password fields, login forms, credential-harvesting JavaScript, hidden iframes, or obfuscated content. The page links to the official Ledger website (ledger.com) for the actual download, and the OSINT dossier shows the domain is 5.7 years old, ranked #302 in Tranco, and hosted on a reputable ASN. No phishing indicators were found."
DeepSeek-V4-Flash,1656,0,1,0,0.95,0.95,0.75,1.0,0.9400000000000001,very_high,4,14,14,7,7,0,0.0,1,,,"The domain is 32 years old, ranked #2,075 in Tranco, has extensive Wayback history, and rich Certificate Transparency logs — all strong signals of a legitimate, well-established site. The HTML content contains only a meta refresh redirect and a Microsoft Dynamics 365 marketing tracking script, which is a common legitimate analytics/tracking service. No credential harvesting forms, fake login pages, obfuscated JavaScript, or other phishing indicators are present."
DeepSeek-V4-Flash,1664,1,1,1,0.85,0.85,0.42857142857142855,0.65,0.5992857142857143,mid,7,7,7,0,6,1,0.14285714285714285,1,,,"The page impersonates the Valmo logistics brand, using its logo, images, and company details (Fashnear Technologies) to appear legitimate. The registration form collects full name, email, phone, pin code, city, and franchise type, then submits via POST to 'process.php' — a classic credential harvesting pattern. The domain is not in the Tranco top 1M, has no Wayback Machine history, and is only 290 days old, which are typical of short-lived phishing sites. The presence of a disclaimer about offic"
DeepSeek-V4-Flash,1679,0,1,0,0.95,0.95,0.71875,1.0,0.9337500000000001,very_high,0,16,16,7,9,0,0.0,1,,,"The page is a standard Blogger error page (status-msg-body: 'A página que você está procurando neste blog não existe') with no login forms, password fields, credential-harvesting scripts, or brand impersonation. The domain is a long-established blogspot.com subdomain (18.6 years old, Tranco rank #38,729) and the HTML contains only Blogger framework code. No phishing indicators were found despite thorough checks."
DeepSeek-V4-Flash,1682,0,1,0,0.95,0.95,0.2708333333333333,1.0,0.8441666666666667,high,0,12,12,3,7,2,0.16666666666666666,1,,,"The URL domain is not provided, but the HTML content is a legitimate-looking Kraken login page with proper branding, security advice, and a form that posts to '/login' on the same domain. The OSINT dossier shows the domain is 5.7 years old, ranked #302 in Tranco, and has Wayback snapshots, all indicating a well-established site. No phishing indicators such as credential harvesting to external URLs, obfuscated scripts, or fake CAPTCHAs were found."
DeepSeek-V4-Flash,1719,1,1,1,0.99,0.99,0.6428571428571429,0.15,0.6484285714285715,mid,7,8,7,2,5,0,0.0,1,,,"The page is a near-perfect clone of the Ledger brand, complete with official logos, fonts, and security messaging, but it contains a login form that submits credentials via a client-side alert rather than to the legitimate Ledger Live app. The domain is not provided, but the static classifier (PhishGraph) gives a 99.4% phishing probability, and the Wayback Machine shows no archival history, which is typical of short-lived phishing sites. The page explicitly warns users in a disclaimer that it is"
DeepSeek-V4-Flash,1733,1,1,1,0.95,0.95,0.5,0.65,0.6649999999999999,mid,7,7,7,0,7,0,0.0,1,,,"The page presents a fake AI crypto trading dashboard with a 'Join Waitlist' button that opens a modal asking for an email and a USDT TRC-20 wallet address for 'donations' to be 'first to know'. The modal explicitly solicits cryptocurrency payments (300 USDT, 100 USDT, 30 USDT) under the guise of a waitlist, which is a classic advance-fee scam pattern. The domain is only 325 days old, not in the Tranco top 1M, and despite a long Wayback history, the current content is a fabricated trading leaderb"
DeepSeek-V4-Flash,1740,0,1,0,0.85,0.85,0.35714285714285715,0.25,0.39142857142857146,low,4,7,7,4,2,1,0.14285714285714285,1,,,"The page is a fully functional single-page application (SPA) for an online casino or betting platform, as evidenced by extensive CSS skin variables, a manifest for PWA, and a complex JavaScript initialization for storage proxy. No password fields, login forms, credential-harvesting scripts, hidden iframes, or brand impersonation of known financial or tech entities are present. The URL domain is not provided, but the HTML content shows no phishing indicators; the static classifier (PhishGraph) al"
DeepSeek-V4-Flash,1755,1,1,1,0.94,0.94,0.5714285714285714,0.65,0.6977142857142856,mid,7,9,7,1,6,0,0.0,1,,,"The page presents a login form for 'SS Global Services' but the domain is not in the Tranco top 1M, has no Wayback Machine history, is only 278 days old, and uses only free SSL certificates. The form action points to a subdomain of codersoftech.in, not the legitimate SS Global Services domain, and the page includes social login buttons that redirect to the same suspicious subdomain. These indicators strongly suggest credential harvesting."
DeepSeek-V4-Flash,1776,1,1,1,0.95,0.95,0.5833333333333334,0.65,0.7066666666666667,mid,6,8,6,1,5,0,0.0,1,,,"The page immediately redirects to an external domain (joeldellinger.info) via JavaScript, which is a common phishing technique to evade detection. The visible content promotes a fraudulent 'Deposit 2000 USD -> GET 200 000 USD' scheme with a flashing 'X100' banner, typical of investment scams. The page contains a large number of hidden links to the same external domain, likely for SEO manipulation or as a click farm. The domain is not in the Tranco top 1M, is only 325 days old, and has no CT log "
DeepSeek-V4-Flash,1780,1,1,1,0.92,0.92,0.5625,0.65,0.68725,mid,8,7,8,1,7,0,0.0,1,,,"The page presents a fake CAPTCHA verification flow that mimics Google's reCAPTCHA but uses a custom checkbox and JavaScript to simulate verification, then redirects to 'y11.html' — a classic credential harvesting or scam redirect pattern. The domain is not in the Tranco top 1M, is only 199 days old, has no Wayback Machine history, and no CT logs, all consistent with a short-lived phishing site. The HTML contains no actual reCAPTCHA API integration, and the privacy policy links are dead anchors, "
DeepSeek-V4-Flash,1817,1,1,1,0.97,0.97,0.625,0.15,0.6335,mid,4,10,4,1,3,0,0.0,1,,,"The page impersonates the Trezor brand with registered trademark symbols and official-sounding language, but contains no actual login form, password field, or credential-harvesting mechanism. The URL is not provided, but the domain is extremely popular (Tranco #302) and 5.7 years old, which is inconsistent with typical phishing domains. However, the static classifier (PhishGraph) gives a 96.9% phishing probability, and the lack of Wayback Machine archives and CT logs is suspicious for a legitima"
DeepSeek-V4-Flash,1818,1,1,1,0.94,0.94,0.5,0.65,0.662,mid,7,7,7,0,7,0,0.0,1,,,"The page contains a fake CAPTCHA that triggers form submission after a simulated verification, which is a common phishing technique to harvest credentials or bypass bot detection. The domain is not in the Tranco top 1M, has no Wayback Machine history, and is only 280 days old, all consistent with a short-lived phishing site. The static classifier PhishGraph gives a 94.4% phishing probability, and the HTML has no legitimate content beyond the fake verification widget."
DeepSeek-V4-Flash,1820,0,1,0,0.95,0.95,0.32142857142857145,0.25,0.40428571428571425,low,7,7,7,3,3,1,0.14285714285714285,1,,,"The URL domain is de.kleinanzeigen.com, which is the legitimate German classifieds site. The HTML content shows a standard landing page with a logo, navigation links (Anmelden, Merkliste, Hilfe), Google Analytics and AdSense scripts, a cookie consent banner, and no credential-harvesting forms or obfuscated JavaScript. The OSINT dossier indicates the domain has been in CT logs for over 2 years, has multiple certificates, and resolves on a long-established ASN, all consistent with a legitimate sit"
DeepSeek-V4-Flash,183,0,1,0,0.95,0.95,0.7333333333333333,0.3,0.5166666666666666,low,0,15,15,7,8,0,0.0,1,,,"The HTML content is a standard parked domain page from Hostinger, displaying only a domain name and branding, with no login forms, password fields, credential-harvesting scripts, or any interactive elements. The URL domain 'luvdress.shop' is not a typosquat of a known brand, and the OSINT dossier shows the domain is over a year old, has a consistent RDAP record, and uses only free SSL issuers, which is typical for low-traffic parked domains. No phishing indicators were found in the content or UR"
DeepSeek-V4-Flash,1832,0,1,0,0.85,0.85,0.3409090909090909,0.25,0.3881818181818182,low,5,11,11,5,5,1,0.09090909090909091,1,,,"The page is a fully functional gambling/casino lobby with extensive CSS skin variables, a React-based SPA, and no credential-harvesting forms, password fields, or login prompts. The URL domain was not provided, but the HTML content shows no brand impersonation, fake updates, or wallet drainers. The static classifier (PhishGraph) rates it 42.8% phishing, leaning benign, and the OSINT signals (no Tranco rank, no Wayback history) are typical of new or niche sites, not definitive phishing indicators"
DeepSeek-V4-Flash,1854,0,1,0,0.98,0.98,0.8571428571428571,0.3,0.5474285714285714,low,5,7,7,5,2,0,0.0,1,,,"The page is a standard domain parking page from Hostinger, displaying only the domain name 'bioladivane.shop' and Hostinger branding. There are no login forms, password fields, credential-harvesting scripts, hidden iframes, or any interactive elements that would indicate phishing. The OSINT signals (domain age >1 year, RDAP record present, CT logs with multiple certificates) are consistent with a legitimate parked domain, not a phishing site."
DeepSeek-V4-Flash,1875,1,1,1,0.95,0.95,0.5,0.65,0.6649999999999999,mid,7,10,7,0,7,0,0.0,1,,,"The page presents itself as a legitimate AI crypto trading platform but contains a modal that solicits cryptocurrency donations (USDT TRC-20) with a hardcoded wallet address, promising early access in return. The domain is not in the Tranco top 1M, is only 325 days old, and has no CT log hits, which are consistent with a phishing setup. The PhishGraph classifier gives a 99% phishing probability, and the combination of a donation request with a fake waitlist and no actual trading functionality st"
DeepSeek-V4-Flash,190,1,1,1,0.92,0.92,0.4,0.15,0.506,low,5,8,5,0,4,1,0.2,1,,,"The URL contains 'supportpayp' and '92993039ios' which mimic PayPal support, and the domain is a free Blogger subdomain (blogspot.com) with no actual content, typical of phishing landing pages. The page is empty except for Blogger boilerplate, indicating it is likely used as a redirect or placeholder for credential harvesting. The PhishGraph classifier scores it 89.9% phishing, and the lack of Wayback history despite an old domain age suggests the subdomain is newly created for malicious purpose"
DeepSeek-V4-Flash,1911,0,1,0,0.95,0.95,0.3409090909090909,0.25,0.40818181818181815,low,4,11,11,5,5,1,0.09090909090909091,1,,,"The page is a fully functional gambling/lobby application with extensive CSS skin variables, a manifest for PWA, and a complex JavaScript proxy for cross-origin storage. No password fields, login forms, credential-harvesting scripts, hidden iframes, or brand impersonation of any known financial or tech entity are present. The OSINT signals (not in Tranco, no Wayback history, unknown domain age) are typical of a niche or new gambling site and do not outweigh the strong benign HTML evidence."
DeepSeek-V4-Flash,1918,0,1,0,0.95,0.95,0.325,0.25,0.40499999999999997,low,9,10,10,4,5,1,0.1,1,,,"The URL domain is not provided, but the HTML content clearly belongs to the legitimate German classifieds site Kleinanzeigen.com, with proper branding, canonical links, and Google Analytics tracking. The OSINT dossier shows a domain with a 3.2-year Wayback history, 18 certificates, and a long-lived ASN, all consistent with a legitimate site. No credential-harvesting forms, obfuscated scripts, or suspicious redirects were found; the page is a standard search interface with a login link, not a phi"
DeepSeek-V4-Flash,1925,1,1,1,0.97,0.97,0.5,0.65,0.6709999999999999,mid,7,8,7,0,7,0,0.0,1,,,"The page presents a 'Metamask Login' button and a 'Get a crypto wallet' popup, which are classic wallet-drainer phishing lures. The domain is not in Tranco Top-1M, has no Wayback Machine history, and is only 200 days old, all consistent with a short-lived phishing site. The static classifier PhishGraph gives a 97.9% phishing probability, and the OSINT dossier shows no legitimate signals. The combination of a fresh, unarchived domain with a fake wallet login interface strongly indicates phishing."
DeepSeek-V4-Flash,194,1,1,1,0.92,0.92,0.5625,0.65,0.68725,mid,8,11,8,1,7,0,0.0,1,,,"The page is hosted on a domain not in the Tranco top 1M, only 204 days old, and never archived by the Wayback Machine, all consistent with a short-lived phishing site. The HTML content is a near-perfect replica of the legitimate Spectrum webmail login page, including the same CSS, JavaScript, and reCAPTCHA keys, but the form action is empty (action=""""), which would cause credentials to be submitted to the current page—a classic credential-harvesting technique. The static classifier PhishGraph ra"
DeepSeek-V4-Flash,1960,0,1,0,0.95,0.95,0.325,0.25,0.40499999999999997,low,4,10,10,4,5,1,0.1,1,,,"The page is a fully functional gambling/lobby application with extensive CSS skin variables, a manifest for PWA, and a complex JavaScript module for cross-origin storage proxy initialization. No password fields, login forms, credential-harvesting scripts, hidden iframes, or brand impersonation of any known financial or tech entity are present. The static classifier (PhishGraph) rates it as 42.8% phishing, which is well below the benign threshold, and the OSINT signals (no Tranco rank, no Wayback"
DeepSeek-V4-Flash,1965,1,1,1,0.95,0.95,0.5,0.65,0.6649999999999999,mid,9,8,9,0,9,0,0.0,1,,,"The page presents a fake AI crypto trading dashboard with a 'Join Waitlist' button that opens a modal requesting email and a USDT TRC-20 wallet address for donation, which is a classic advance-fee scam pattern. The domain is not in the Tranco top 1M, is only 315 days old, and has no CT log hits, all consistent with a freshly registered phishing domain. The PhishGraph classifier gives 99% phishing probability, and the HTML contains no legitimate login or payment flow, only a donation request to a"
DeepSeek-V4-Flash,1975,1,1,1,0.99,0.99,0.42857142857142855,0.65,0.6412857142857142,mid,7,5,7,0,6,1,0.14285714285714285,1,,,"The page impersonates ESL Federal Credit Union with a login form that submits credentials to 'pass.php' on the same domain, which is a classic credential harvesting pattern. The domain is only 206 days old, not in the Tranco top 1M, and has never been archived by the Wayback Machine, all consistent with a short-lived phishing site. The static classifier PhishGraph gives a 99.9% phishing probability, and the HTML contains a username field with no visible password field but a 'Next' button, sugges"
DeepSeek-V4-Flash,2004,0,1,0,0.98,0.98,0.7333333333333333,0.25,0.49266666666666664,low,6,15,15,7,8,0,0.0,1,,,"The URL domain 'express-full.shop' is not a known brand lookalike, and the HTML content is a standard parked domain page from Hostinger, displaying only the domain name and hosting branding with no login forms, password fields, credential-harvesting scripts, or any interactive elements. The page includes analytics scripts (Google Analytics and Google Tag Manager) which are typical for legitimate parked pages and not indicative of phishing. The OSINT signals (not in Tranco, no Wayback history, 35"
DeepSeek-V4-Flash,2017,1,1,1,0.92,0.92,0.4166666666666667,0.65,0.6143333333333334,mid,6,7,6,0,5,1,0.16666666666666666,1,,,"The page is a gambling/betting site that aggressively prompts for registration and deposit, with a suspicious domain not in the Tranco top 1M and only 325 days old. The HTML contains a click URL pointing to 'bw-prm.com/redirector.html' with an encoded parameter, which is a common pattern for affiliate-driven phishing or scam funnels. The PhishGraph classifier gives 93.6% phishing probability, and the OSINT dossier shows no CT log hits and a medium-risk domain age, reinforcing the phishing assess"
DeepSeek-V4-Flash,2025,0,1,0,0.95,0.95,0.8125,1.0,0.9525,very_high,5,8,8,5,3,0,0.0,1,,,"The URL is a legitimate blogspot.com subdomain (heathergrahamcelebflix.blogspot.com) hosted on Blogger, a Google-owned platform. The HTML content is a standard Blogger template with no login forms, password fields, credential-harvesting scripts, hidden iframes, or brand impersonation. The domain is 19.6 years old, ranked #5,387 in Tranco, and has a valid RDAP record, all consistent with a benign, long-standing site. The static classifier's 93.3% phishing score is likely a false positive due to t"
DeepSeek-V4-Flash,2037,0,1,0,0.85,0.85,0.75,0.25,0.47000000000000003,low,6,10,10,5,5,0,0.0,1,,,"The page is a fully functional online casino/lobby application with extensive CSS skin variables, a manifest for PWA, and a complex JavaScript module system for storage proxy. No login forms, password fields, credential-harvesting scripts, or brand impersonation of any known financial or tech company are present. The URL domain is not provided, but the HTML content shows no phishing indicators; the static classifier (PhishGraph) also rates it as benign at 42.8% (post-gate). The OSINT signals (no"
DeepSeek-V4-Flash,2070,1,1,1,0.85,0.85,0.4,0.65,0.585,mid,5,8,5,0,4,1,0.2,1,,,"The page loads an iframe from a raw IP address (72.60.234.160) which is a common phishing technique to bypass domain reputation checks. The domain itself is only 206 days old, not in the Tranco top 1M, and has no Wayback Machine history, all consistent with a short-lived phishing site. The iframe's sandbox attribute allows forms and scripts, enabling credential harvesting or other malicious actions without user awareness. The combination of a suspicious domain and an embedded iframe pointing to "
DeepSeek-V4-Flash,2108,1,1,1,0.85,0.85,0.42857142857142855,0.65,0.5992857142857143,mid,7,6,7,0,6,1,0.14285714285714285,1,,,"The page loads numerous JavaScript chunks from a static subdomain (static.asterdexstatic.com) that are marked as 'text/plain' and have 'data-savepage-src' attributes, which is a common obfuscation technique to hide malicious scripts from static analysis. The domain is not in the Tranco top 1M, is only 212 days old, and has no CT log hits, all of which are consistent with a freshly registered phishing site. The HTML contains Web3Modal CSS variables (--w3m-*) and references to wallet connection UI"
DeepSeek-V4-Flash,2130,1,1,1,0.94,0.94,0.5,0.65,0.662,mid,6,6,6,0,6,0,0.0,1,,,"The page presents a fake CAPTCHA verification that, upon clicking, submits a hidden form via POST without any visible credential fields, which is a common pattern for credential harvesting or session hijacking. The domain is not in the Tranco top 1M, has no Wayback Machine history, and is only 222 days old, all consistent with a phishing site. The static classifier PhishGraph gives a 93.8% phishing probability, and the HTML contains a hidden form with no legitimate purpose, confirming the malici"
DeepSeek-V4-Flash,2166,1,1,1,0.85,0.85,0.5,0.65,0.635,mid,6,7,6,0,6,0,0.0,1,,,"The page is a gambling/betting platform (skin variables like 'jackpot', 'vip', 'lobby', and 'btmnav' suggest a casino or sportsbook). The domain is not in the Tranco top 1M, has no Wayback Machine history, and no Certificate Transparency logs — all hallmarks of a fresh, short-lived site. The HTML contains a script that uses `window.parent.postMessage` with `'*'` target origin and attempts to proxy `localStorage` from an iframe, which is a known technique for credential or token harvesting across"
DeepSeek-V4-Flash,2187,0,1,0,0.92,0.92,0.3409090909090909,0.25,0.4021818181818182,low,5,11,11,5,5,1,0.09090909090909091,1,,,"The page is a fully functional gambling/lottery platform with extensive CSS skin variables, a manifest, and a complex JavaScript proxy for cross-frame storage. No password fields, login forms, credential-harvesting scripts, hidden iframes, or brand impersonation of known financial or tech entities were found. The domain is not in Tranco Top-1M and has no Wayback history, but the HTML content is consistent with a legitimate gaming site, not a phishing kit."
DeepSeek-V4-Flash,2191,0,1,0,0.95,0.95,0.8125,0.25,0.5025,low,6,8,8,5,3,0,0.0,1,,,"The domain fabriceviaut.com has a 2.2-year Wayback history and is not in the Tranco top 1M, but the HTML content shows a legitimate WordPress/WooCommerce site for a French fashion brand (Sessùn) with proper SEO metadata, canonical URL, and no credential-harvesting forms or obfuscated scripts. The static classifier PhishGraph rates it 0.6% phishing, strongly supporting benign. No phishing indicators like fake login, password fields, or brand impersonation were found."
DeepSeek-V4-Flash,220,0,1,0,0.95,0.95,0.7333333333333333,1.0,0.9366666666666668,very_high,0,15,15,7,8,0,0.0,1,,,"The URL domain 'rivadipaloresort.com' is a legitimate Italian beach resort with a 3.6-year domain age, 313 Wayback snapshots, and a valid RDAP record. The HTML content is a standard WordPress 404 page with no login forms, password fields, credential-harvesting scripts, or brand impersonation. The page includes Google Analytics and Complianz GDPR consent, consistent with a legitimate business site. No phishing indicators were found."
DeepSeek-V4-Flash,2213,1,1,1,0.97,0.97,0.6,0.15,0.621,mid,5,9,5,1,4,0,0.0,1,,,"The page impersonates Ledger, a well-known hardware wallet brand, using their logo and branding to appear legitimate. The title and meta description contain contradictory brand references (Ledger vs Trezor), indicating a sloppy phishing attempt. The page lacks any actual login form or credential-harvesting mechanism, but the combination of brand impersonation, contradictory content, and the static classifier's 96.7% phishing confidence strongly suggests this is a phishing page designed to deceiv"
DeepSeek-V4-Flash,2252,0,1,0,0.95,0.95,0.3055555555555556,0.25,0.4011111111111111,low,5,9,9,3,5,1,0.1111111111111111,1,,,"The HTML content is a complete copy of the legitimate Thermo Fisher Scientific homepage, including canonical links, structured data, and Adobe Analytics scripts. The URL was not provided, but the domain resolves to AS16509 (Amazon) and the page contains no credential-harvesting forms, password fields, or suspicious JavaScript. The OSINT signals (medium domain age, no Wayback history, no CT logs) are consistent with a legitimate site that may not be heavily crawled, and the static classifier's 60"
DeepSeek-V4-Flash,2256,1,1,1,0.92,0.92,0.5833333333333334,0.65,0.6976666666666668,mid,6,6,6,1,5,0,0.0,1,,,"The page presents a fake CAPTCHA verification flow that ultimately redirects to 'y11.html', a likely credential-harvesting page. The domain is not in the Tranco top 1M, has no Wayback Machine history, and is only 324 days old, consistent with short-lived phishing infrastructure. The HTML mimics a reCAPTCHA widget but uses custom JavaScript with a simulated verification process, a common pattern in phishing kits to trick users into proceeding to a fake login page."
DeepSeek-V4-Flash,2258,1,1,1,0.95,0.95,0.6666666666666666,0.65,0.7483333333333333,mid,6,8,6,2,4,0,0.0,1,,,"The page immediately redirects to a suspicious domain (canadian6cialis.top) via JavaScript, which is a classic phishing redirect pattern. The page content is minimal and contains a flashing 'Deposit 2000 USD -> GET 200 000 USD X100' scam offer, typical of investment fraud or advance-fee scams. The domain is only 311 days old, not in the Tranco top 1M, and despite a long Wayback history, the current behavior is clearly malicious. The presence of numerous numeric links to the same domain suggests "
DeepSeek-V4-Flash,2265,1,1,1,0.95,0.95,0.4166666666666667,0.15,0.5233333333333333,low,6,5,6,0,5,1,0.16666666666666666,1,,,"The page is hosted on a domain that is not blockfi.com, yet it impersonates BlockFi with a title 'Login | BlockFi*' and extensive brand references. The HTML contains no actual login form or credential-harvesting mechanism, but the entire page is a guide that directs users to the real blockfi.com, which is a common technique to build trust and potentially redirect users to a phishing site via links or future updates. The static classifier PhishGraph gives 98.3% phishing probability, and the domai"
DeepSeek-V4-Flash,2277,0,1,0,0.85,0.85,0.3,0.25,0.38,low,7,10,10,4,4,2,0.2,1,,,"The URL domain 'jewelryleastru.ru' is not a known brand lookalike and the HTML content reveals a fully functional WordPress/WooCommerce e-commerce site with standard plugins (Flatsome theme, Contact Form 7, WooCommerce Multi-Currency, PixelYourSite). There are no password fields, login forms, credential-harvesting scripts, hidden iframes, or fake CAPTCHAs. The TikTok pixel integration and analytics scripts are typical for legitimate online stores. The OSINT signals (no Tranco rank, no Wayback hi"
DeepSeek-V4-Flash,228,1,1,1,0.92,0.92,0.42857142857142855,0.65,0.6202857142857143,mid,7,5,7,0,6,1,0.14285714285714285,1,,,"The page is a gambling/betting site that aggressively prompts registration and deposit, with a suspicious domain not in Tranco Top-1M and only 317 days old. The HTML contains a click URL pointing to 'bw-prm.com' (a redirector) and a 'btag' parameter typical of affiliate tracking, which is often abused in phishing schemes. The PhishGraph classifier gives 93.6% phishing probability, and the domain's lack of CT logs and recent registration further support the phishing assessment."
DeepSeek-V4-Flash,2299,0,1,0,0.99,0.99,0.34375,1.0,0.86675,high,5,8,8,4,3,1,0.125,1,,,"The URL domain is youtube.com, a mainstream site ranked #13,105 by Tranco, and the HTML content is the legitimate YouTube homepage with standard YouTube scripts, favicons, meta tags, and canonical links. No password fields, login forms, credential-harvesting JavaScript, hidden iframes, or brand impersonation are present. The OSINT dossier confirms the domain is well-established and hosted on a reputable ASN, further supporting benign classification."
DeepSeek-V4-Flash,2334,1,1,1,0.92,0.92,0.6428571428571429,0.15,0.6274285714285714,mid,7,6,7,2,5,0,0.0,1,,,"The domain 'coinledgerlogi-docs.typedream.page' is a subdomain of a free hosting platform (Typedream) and contains a typosquat of 'CoinLedger' (missing 'n' in 'login'), which is a known cryptocurrency tax platform. The page title and meta tags explicitly impersonate CoinLedger with a login form, and the HTML includes excessive font loading typical of phishing kits. The domain is only 5.3 years old but has never been archived on Wayback Machine, and the PhishGraph classifier gives 76.8% probabili"
DeepSeek-V4-Flash,2344,0,1,0,0.98,0.98,0.7333333333333333,1.0,0.9426666666666668,very_high,7,15,15,7,8,0,0.0,1,,,"The URL is a legitimate Blogspot subdomain (whatsworkingnow.blogspot.com) with a Tranco rank of #11,755, indicating a mainstream site. The HTML content is a standard Blogger blog with no login forms, password fields, credential-harvesting scripts, hidden iframes, or brand impersonation. The page is a simple blog post about making money online, not a phishing page. The static classifier's high phishing score is likely a false positive due to the blog's marketing content, but the actual page struc"
DeepSeek-V4-Flash,2374,1,1,1,0.95,0.95,0.5,0.65,0.6649999999999999,mid,7,10,7,0,7,0,0.0,1,,,"The page presents a fake AI crypto trading dashboard with a 'Join Waitlist' button that opens a modal requesting email and a USDT TRC-20 wallet address for donation, which is a classic advance-fee scam pattern. The domain is only 325 days old, not in Tranco Top-1M, and the static classifier PhishGraph gives 99% phishing probability. The combination of a young domain, no legitimate traffic signal, and a donation-before-access scheme strongly indicates phishing."
DeepSeek-V4-Flash,2379,0,1,0,0.95,0.95,0.75,1.0,0.9400000000000001,very_high,4,14,14,7,7,0,0.0,1,,,"The page returns an AWS S3 AccessDenied XML error, not a login form or any credential-harvesting content. The domain is 20.8 years old, has 1000 Wayback snapshots, and is in RDAP, all consistent with a legitimate but misconfigured or access-restricted site. No phishing indicators such as password fields, fake forms, obfuscated scripts, or brand impersonation are present."
DeepSeek-V4-Flash,2396,1,1,1,0.92,0.92,0.625,0.65,0.7185,mid,8,8,8,2,6,0,0.0,1,,,"The page immediately redirects via JavaScript to an external domain 'baraqq.info' with a suspicious path containing 'click' and a long numeric parameter, which is a common redirector pattern. The visible content is a flashing 'Deposit 2000 USD -> GET 200 000 USD X100' offer, a classic get-rich-quick scam designed to lure victims into sending money. The page also contains a large list of links to 'baraqq.info/aio/' with numeric IDs, likely used for tracking or as a link farm, and links to known S"
DeepSeek-V4-Flash,2405,1,1,1,0.95,0.95,0.6428571428571429,0.65,0.7364285714285714,mid,7,8,7,3,3,1,0.14285714285714285,1,,,"The page immediately redirects via JavaScript to an external domain (vleesetendeplanten.info) with a suspicious path containing a base64-encoded URL pointing to an S3 bucket, a classic redirect chain used in phishing. The visible content is a flashing 'Deposit 2000 USD -> GET 200 000 USD' scam offer, which is a classic financial scam lure. The page is filled with numerous hidden links to 'aio' subdirectories on the same redirect domain, likely for SEO poisoning or cloaking. The domain is not in "
DeepSeek-V4-Flash,2409,1,1,1,0.85,0.85,0.5714285714285714,0.65,0.6707142857142857,mid,7,7,7,1,6,0,0.0,1,,,"The page is a gambling/casino platform (skin variables like 'jackpot_text', 'btmnav_active', 'lobby__max-width') that uses a suspicious CDN domain 'pubsgppp.c1oudfront.com' (note the '1' replacing 'l' in 'cloudfront', a classic typosquat). The domain is not in Tranco Top-1M, has no Wayback Machine history, and no CT log hits — all hallmarks of a fresh, short-lived phishing site. The HTML contains obfuscated JavaScript (CGFrameStorageProxy) that communicates via postMessage and reloads the page, "
DeepSeek-V4-Flash,2410,1,1,1,0.92,0.92,0.42857142857142855,0.65,0.6202857142857143,mid,7,10,7,0,6,1,0.14285714285714285,1,,,"The page is a bookmaker-themed site with a prominent registration form and a click URL pointing to an external redirector (bw-prm.com/redirector.html), which is a common pattern for credential harvesting or affiliate fraud. The domain is not in the Tranco top 1M, is only 325 days old, and has no CT log hits, all of which are consistent with a freshly registered phishing domain. The PhishGraph classifier gives a 93.6% phishing probability, and the HTML contains a Google reCAPTCHA script and a lar"
DeepSeek-V4-Flash,2431,1,1,1,0.99,0.99,0.5,0.15,0.577,mid,9,7,9,1,7,1,0.1111111111111111,1,,,"The page presents a fake webmail login form that pre-fills the email from the URL query parameter and sends credentials to an external domain (yimqwuy.com) via a POST request to /umamqlm/feedback.php. The form displays a fabricated 'session expired' error message and repeatedly shows 'unknown error' to trick users into re-entering passwords. The domain yimqwuy.com is unrelated to any legitimate email provider, and the page uses a geo-IP API to display the user's location, adding false legitimacy"
DeepSeek-V4-Flash,2464,0,1,0,0.95,0.95,0.8333333333333334,0.45,0.6266666666666667,mid,4,6,6,4,2,0,0.0,1,,,"The page is a standard IPFS gateway 504 timeout error page, containing no login forms, password fields, credential-harvesting scripts, or brand impersonation. The URL domain is not provided, but the HTML content is entirely legitimate and matches official IPFS documentation and error handling. The static classifier (PhishGraph) also rates it as benign at 18.5% phishing probability, and the OSINT signals (Tranco rank, ASN age) are not suspicious."
DeepSeek-V4-Flash,2495,0,1,0,0.95,0.95,0.7142857142857143,1.0,0.9328571428571429,very_high,0,14,14,6,8,0,0.0,1,,,"The URL domain is a Wix Studio subdomain (terinakrzemienhwl7.wixstudio.com), which is a legitimate hosting platform. The HTML content is standard Wix-generated code with no credential-harvesting forms, password fields, or suspicious JavaScript. The domain is 9.4 years old and has a Tranco rank of #33,067, indicating a mainstream site. No phishing indicators were found."
DeepSeek-V4-Flash,2511,0,0,1,0.99,0.99,0.21875,1.0,0.84175,high,5,8,8,2,3,3,0.375,1,,,"The URL domain is not provided, but the HTML content is clearly from the legitimate Los Angeles Times website (latimes.com), with proper Open Graph tags, article metadata, and a long list of standard analytics and advertising scripts. The OSINT dossier confirms the domain is extremely popular (Tranco rank #826), has a 35-year history, and is hosted on a reputable ASN. No credential-harvesting forms, fake login prompts, or obfuscated scripts were found. The page is a genuine news article about An"
DeepSeek-V4-Flash,2517,0,0,1,0.99,0.99,0.32142857142857145,1.0,0.8622857142857143,high,7,7,7,3,3,1,0.14285714285714285,1,,,"The URL is the legitimate IMDb domain (imdb.com) with a standard title page path. The HTML contains rich, authentic IMDb content including structured data (JSON-LD), Open Graph tags, and a canonical link, all pointing to the movie 'Willy Wonka & the Chocolate Factory'. No password fields, login forms, credential-harvesting scripts, hidden iframes, or brand impersonation are present. The OSINT dossier confirms a 30-year-old domain, Tranco top-250 ranking, and extensive Wayback history, all consis"
DeepSeek-V4-Flash,2539,0,0,1,0.98,0.98,0.32142857142857145,1.0,0.8602857142857143,high,0,14,14,5,8,1,0.07142857142857142,1,,,"The URL is hunterfan.com, a well-known brand for ceiling fans, and the domain has been registered for over 30 years with a rich history in the Wayback Machine and many SSL certificates. The HTML content is a legitimate Shopify storefront for Hunter Fan, featuring product listings, analytics scripts, and no credential-harvesting forms or suspicious redirects. The static classifier (PhishGraph) also rates it as benign at 0.2% phishing probability. No phishing indicators were found."
DeepSeek-V4-Flash,2565,0,0,1,0.99,0.99,0.34375,1.0,0.86675,high,5,8,8,4,3,1,0.125,1,,,"The URL domain is reuters.com, a highly reputable news organization ranked #282 by Tranco, with a 33-year domain age, extensive Wayback Machine history, and diverse Certificate Transparency logs. The HTML content is a legitimate Reuters fact-check article about Sam Smith, containing standard analytics scripts, ad tags, and no credential-harvesting forms, password fields, or suspicious redirects. No phishing indicators such as typosquatting, fake login forms, or obfuscated JavaScript were found. "
DeepSeek-V4-Flash,2575,0,0,1,0.98,0.98,0.375,1.0,0.871,high,5,8,8,5,2,1,0.125,1,,,"The URL is a legitimate subpage of cheapflights.co.za, a well-known flight metasearch engine with a Tranco rank of #95,075 and a 25-year Wayback history. The HTML content is a standard airline information page for Airlink, with no password fields, credential-harvesting scripts, hidden iframes, or obfuscated content. The page includes canonical links, hreflang tags, and standard analytics scripts, all consistent with a legitimate travel site."
DeepSeek-V4-Flash,2580,0,0,1,0.99,0.99,0.35714285714285715,1.0,0.8694285714285714,high,7,7,7,4,2,1,0.14285714285714285,1,,,"The URL domain is latimes.com, a well-known legitimate news site ranked #826 in Tranco with a 35-year domain age and extensive Wayback history. The HTML content is a standard news section page for UCLA sports, containing legitimate metadata, analytics scripts, and ad integrations typical of a major publisher. No credential-harvesting forms, fake login prompts, obfuscated scripts, or brand impersonation were found. The static classifier (PhishGraph) also rated it as benign with 0.9% phishing prob"
DeepSeek-V4-Flash,2594,0,0,1,0.99,0.99,0.35,1.0,0.868,high,6,10,10,5,4,1,0.1,1,,,"The URL domain is not provided, but the HTML content is clearly from Amazon Web Services (AWS) with a comprehensive Content Security Policy referencing numerous legitimate AWS and Amazon domains. The OSINT dossier shows the domain is extremely popular (Tranco rank #24), has a 31.5-year age, and extensive Wayback Machine history, all strong indicators of legitimacy. No credential-harvesting forms, obfuscated scripts, or suspicious redirects are present in the truncated HTML. The page appears to b"
DeepSeek-V4-Flash,2595,0,0,1,0.99,0.99,0.32142857142857145,1.0,0.8622857142857143,high,3,7,7,3,3,1,0.14285714285714285,1,,,"The URL domain is pcmag.com, a well-known, long-established technology publication with a Tranco rank of #2,305 and a Wayback history spanning over 29 years. The HTML content is a legitimate product review page for Radio Garden, containing standard metadata, advertising scripts from reputable networks (Google, Amazon, Taboola), and no credential-harvesting forms, password fields, or obfuscated JavaScript. The page's structure and content are consistent with PCMag's normal editorial output, and n"
DeepSeek-V4-Flash,2604,0,0,1,0.99,0.99,0.32142857142857145,1.0,0.8622857142857143,high,0,14,14,5,8,1,0.07142857142857142,1,,,"The URL resolves to a subdomain of usnews.com, a mainstream site ranked #1,243 by Tranco with a 31-year domain age and extensive Wayback history. The HTML content is a legitimate product ranking page for sunscreens, containing standard analytics, advertising, and consent scripts (OneTrust, Tealium, Google Analytics) with no credential-harvesting forms, password fields, or obfuscated JavaScript. No phishing indicators were found, and the OSINT dossier strongly supports legitimacy."
DeepSeek-V4-Flash,2608,0,0,1,0.99,0.99,0.25,1.0,0.8480000000000001,high,7,8,8,2,4,2,0.25,1,,,"The URL domain is ebay.com, a highly reputable and established site with a Tranco rank of #210, a domain age of over 30 years, and extensive Wayback Machine history. The HTML content contains legitimate eBay branding, meta tags, and scripts consistent with a genuine product listing page. No credential-harvesting forms, suspicious redirects, or obfuscated content were found."
DeepSeek-V4-Flash,2632,0,0,1,0.99,0.99,0.25,1.0,0.8480000000000001,high,6,8,8,2,4,2,0.25,1,,,"The URL resolves to a legitimate Facebook page (facebook.com) for 'San Antonio Express-News Obituaries', which is a real entity. The HTML contains standard Facebook meta tags, Open Graph data, and JavaScript bootloaders consistent with the genuine Facebook platform. No password fields, login forms, credential-harvesting scripts, hidden iframes, or suspicious redirects were found. The OSINT dossier confirms the domain is extremely popular (Tranco rank #5), has a 29-year history, rich Certificate "
DeepSeek-V4-Flash,2635,0,0,1,0.99,0.99,0.2916666666666667,1.0,0.8563333333333334,high,9,12,12,3,8,1,0.08333333333333333,1,,,"The URL domain is not provided, but the HTML content clearly belongs to the legitimate FOX 2 Detroit news website (fox2detroit.com). The page contains standard news metadata, analytics scripts (Google Analytics, Chartbeat, ScorecardResearch), and no credential-harvesting forms, password fields, or obfuscated JavaScript. The OSINT dossier confirms a 29.7-year-old domain, Tranco rank #30,211, extensive Wayback history, and a legitimate ASN, all strongly indicating a benign, established site."
DeepSeek-V4-Flash,2639,0,0,1,0.99,0.99,0.7333333333333333,1.0,0.9446666666666668,very_high,0,15,15,7,8,0,0.0,1,,,"The URL domain is health.ucdavis.edu, a legitimate subdomain of a well-known educational institution. The HTML content is a news article from UC Davis Health about an over-the-counter birth control pill, with no login forms, password fields, credential-harvesting scripts, or suspicious redirects. The OSINT dossier confirms the domain is established (Tranco rank #2,396, 9.2 years of Wayback history, 241 CT certificates, long-lived ASN). No phishing indicators were found."
DeepSeek-V4-Flash,264,0,1,0,0.92,0.92,0.7777777777777778,0.25,0.4895555555555556,low,4,9,9,5,4,0,0.0,1,,,"The page is a fully functional gambling/lobby application with extensive CSS skin variables, a React-based SPA structure, and no credential-harvesting forms, password fields, or login prompts. The URL domain is not provided, but the HTML content shows no brand impersonation, fake CAPTCHA, or obfuscated credential collection. The static classifier (PhishGraph) rates it 42.8% phishing, leaning benign, and the OSINT signals (no Tranco rank, no Wayback history) are typical of niche or new legitimate"
DeepSeek-V4-Flash,2640,0,0,1,0.95,0.95,0.625,1.0,0.915,very_high,7,8,8,2,6,0,0.0,1,,,"The page is a legitimate John Deere training portal for the Certified Technician program. The domain is extremely popular (Tranco rank #485), has a 36-year history, and extensive Wayback Machine snapshots. The HTML content contains no credential-harvesting forms, password fields, or obfuscated scripts; it only provides informational content and links to the official John Deere learning platform (successfactors.com and plateau.com). The static classifier's 88.9% phishing score is likely a false p"
DeepSeek-V4-Flash,2643,0,0,1,0.99,0.99,0.34375,1.0,0.86675,high,6,8,8,4,3,1,0.125,1,,,"The URL domain is not provided, but the HTML content is clearly from the legitimate Sam's Club website (samsclub.com) with proper canonical URL, Facebook app ID, and numerous static assets hosted on official Walmart/Sam's Club CDN domains (i5.walmartimages.com, i5.samsclubimages.com). The page is an informational page about free shipping, contains no login forms, password fields, credential-harvesting JavaScript, hidden iframes, or any phishing indicators. The OSINT dossier confirms a 30.8-year-"
DeepSeek-V4-Flash,2646,0,0,1,0.98,0.98,0.3235294117647059,0.45,0.5307058823529412,low,8,17,17,6,10,1,0.058823529411764705,1,,,"The domain blia.it is an established Italian site (Tranco rank #145,363, 20+ years of Wayback history, first seen 7,334 days ago) serving a legitimate ABI/CAB bank code lookup tool. The HTML contains no password fields, login forms, credential-harvesting JavaScript, hidden iframes, or any phishing indicators; it is a static informational page with Google AdSense ads and structured data for a bank branch address. The PhishGraph classifier also rates it as 0.2% phishing (benign), and the OSINT dos"
DeepSeek-V4-Flash,2660,0,0,1,0.99,0.99,0.3076923076923077,1.0,0.8595384615384616,high,7,13,13,4,8,1,0.07692307692307693,1,,,"The URL domain is nationalgeographic.com, a well-known brand with a Tranco rank of #926, domain age of 30.6 years, and extensive Wayback Machine history. The HTML content is a legitimate article page with standard analytics, advertising, and content delivery scripts (New Relic, Facebook, TikTok, Pinterest, etc.) and no credential-harvesting forms, password fields, or obfuscated JavaScript. The page is a normal news article about Northern Ireland history, not a phishing page."
DeepSeek-V4-Flash,2665,0,0,1,0.99,0.99,0.3333333333333333,1.0,0.8646666666666667,high,0,15,15,6,8,1,0.06666666666666667,1,,,"The URL is a legitimate allrecipes.com recipe page with a canonical link and standard meta tags. The HTML content is a fully featured recipe page with no login forms, password fields, credential-harvesting scripts, hidden iframes, or any phishing indicators. The OSINT dossier confirms a 27.9-year-old domain, Tranco rank #2,999, extensive Wayback history, and a legitimate ASN, all strongly supporting benign status."
DeepSeek-V4-Flash,2666,0,0,1,0.99,0.99,0.32142857142857145,1.0,0.8622857142857143,high,5,7,7,3,3,1,0.14285714285714285,1,,,"The URL domain is not provided, but the HTML content is clearly from Lonely Planet (lonelyplanet.com), a well-known travel publisher. The page contains standard travel article metadata, canonical link, social media tags, and analytics scripts (Google Tag Manager, New Relic, Airbrake). There are no password fields, login forms, credential-harvesting JavaScript, hidden iframes, or any phishing indicators. The OSINT dossier confirms a 31.7-year-old domain, Tranco rank #3,380, extensive Wayback hist"
DeepSeek-V4-Flash,2667,0,0,1,0.95,0.95,0.32142857142857145,1.0,0.8542857142857143,high,6,7,7,3,3,1,0.14285714285714285,1,,,"The domain melonbooks.co.jp is a well-established site with a Tranco rank of #18,912, a Wayback Machine history spanning over 26 years, and a legitimate Japanese e-commerce presence. The HTML content includes standard analytics, advertising, and CDN resources (e.g., Google Analytics, Google Tag Manager, Twitter Ads, Clarity, Akamai CDN) consistent with a legitimate commercial website. No credential-harvesting forms, obfuscated scripts, fake login pages, or suspicious redirects were found. The pa"
DeepSeek-V4-Flash,2709,0,0,1,0.99,0.99,0.2857142857142857,1.0,0.8551428571428572,high,5,7,7,2,4,1,0.14285714285714285,1,,,"The URL domain is not provided, but the HTML content clearly belongs to rollingstone.com, a well-known legitimate news and entertainment site. The page is a listicle titled '100 Best Songs of the 2000s' with no login forms, password fields, credential-harvesting scripts, or any phishing indicators. The OSINT dossier confirms the domain is 31.7 years old, ranked #2,292 by Tranco, and has extensive Wayback Machine history, all strongly supporting legitimacy. No suspicious elements like typosquatti"
DeepSeek-V4-Flash,2710,0,0,1,0.99,0.99,0.3333333333333333,1.0,0.8646666666666667,high,6,6,6,3,2,1,0.16666666666666666,1,,,"The URL domain is not provided, but the HTML content is a legitimate Nintendo Museum page with official branding, canonical links to museum.nintendo.com, and integration with Nintendo's own CDN and analytics (alps.cdn.nintendo.net, GTM-*). The page contains no password fields, login forms, credential-harvesting scripts, hidden iframes, or obfuscated content. The OSINT dossier confirms the domain is extremely popular (Tranco rank #624), has a 31-year age, extensive Wayback history, and a legitima"
DeepSeek-V4-Flash,2720,0,0,1,0.99,0.99,0.34375,1.0,0.86675,high,4,8,8,4,3,1,0.125,1,,,"The URL resolves to a legitimate domain (forest.watch.impress.co.jp) that is a well-known Japanese tech news site (窓の杜) with a Tranco rank of #7,686 and over 10 years of Wayback history. The HTML content is a genuine article about Excel tips, contains no login forms, password fields, credential-harvesting scripts, hidden iframes, or any phishing indicators. The page includes standard analytics and advertising scripts (Google Analytics, Taboola, Amazon APS) consistent with a legitimate news site."
DeepSeek-V4-Flash,2733,0,0,1,0.99,0.99,0.3333333333333333,1.0,0.8646666666666667,high,6,6,6,3,2,1,0.16666666666666666,1,,,"The URL domain is not provided, but the HTML content is a fully legitimate Walmart product page for Reese's Peanut Butter Cups, complete with canonical URL, schema.org product markup, reviews, and Walmart-specific meta tags. The OSINT dossier confirms the domain is extremely popular (Tranco rank #445), has a 31-year history, rich CT logs, and stable hosting, all of which strongly indicate a legitimate site. No phishing indicators such as credential-harvesting forms, fake login prompts, obfuscate"
DeepSeek-V4-Flash,2762,0,0,1,0.99,0.99,0.3125,1.0,0.8605,high,7,8,8,3,4,1,0.125,1,,,"The URL domain is youtube.com, a Tranco top-10 site with a 21-year domain age and extensive Wayback history, strongly indicating legitimacy. The cleaned HTML contains standard YouTube JavaScript (ytcfg, ytcsi, Polymer) and favicon references to youtube.com, with no credential-harvesting forms, password fields, or suspicious redirects. The only minor risk signal is the use of free-issuer-only TLS certificates, but this is common for large platforms and outweighed by all other benign indicators."
DeepSeek-V4-Flash,2768,0,0,1,0.98,0.98,0.3125,1.0,0.8585,high,5,8,8,3,4,1,0.125,1,,,"The URL domain is not provided, but the HTML content is a legitimate Lenovo product page for the Legion Pro 7i laptop, with proper meta tags, brand references, and standard analytics scripts. The OSINT dossier shows the domain is extremely popular (Tranco rank #818), has a 23.7-year history, and is hosted on a long-established ASN, all strong indicators of legitimacy. No credential-harvesting forms, obfuscated scripts, or suspicious redirects were found in the HTML. The page contains no password"
DeepSeek-V4-Flash,2773,0,0,1,0.97,0.97,0.6923076923076923,1.0,0.9324615384615385,very_high,7,13,13,5,8,0,0.0,1,,,"The page is a legitimate Salesforce Community site for Amazon's Kindle Direct Publishing (KDP). The domain is 8.7 years old, has a long Wayback history, and is ranked in the Tranco top 200k. The HTML contains a Salesforce Lightning Design System (SLDS) framework, a Content Security Policy with legitimate payment and CDN origins, and references to Amazon/KDP assets. No credential-harvesting forms, obfuscated scripts, or suspicious redirects were found. The static classifier (PhishGraph) also rate"
DeepSeek-V4-Flash,2796,0,0,1,0.99,0.99,0.32142857142857145,1.0,0.8622857142857143,high,0,14,14,5,8,1,0.07142857142857142,1,,,"The URL domain is not provided, but the HTML content is clearly from Yahoo News (www.yahoo.com), a highly reputable and long-established site. The page is a news article about a historical plane crash, containing standard news metadata, canonical link, and no credential-harvesting forms, password fields, or suspicious JavaScript. The OSINT dossier confirms the domain is extremely popular (Tranco rank #53), over 31 years old, with extensive Wayback history and rich CT logs, all strong signals of "
DeepSeek-V4-Flash,2802,0,0,1,0.98,0.98,0.25,1.0,0.8460000000000001,high,6,10,10,3,4,3,0.3,1,,,"The URL domain is amazon.com, a top-25 Tranco-ranked site with a 31.5-year registration history and extensive Wayback Machine archival, strongly indicating legitimacy. The HTML content is a full, complex Amazon page with standard Amazon scripts, analytics, and session identifiers (e.g., ue_sid, ue_mid), and no credential-harvesting forms, obfuscated JavaScript, or suspicious redirects. No phishing indicators such as typosquatting, fake login forms, or brand impersonation were found."
DeepSeek-V4-Flash,2807,0,0,1,0.99,0.99,0.75,1.0,0.9480000000000001,very_high,5,8,8,4,4,0,0.0,1,,,"The URL domain is not provided, but the HTML content clearly belongs to a legitimate 3M Safety Training / Fall Protection Group website. The page includes a cookie consent banner linking to 3M's official privacy policy and cookie notice, uses standard analytics and tag management scripts (Tealium, LinkedIn, Facebook), and contains no password fields, login forms, credential-harvesting JavaScript, hidden iframes, or any other phishing indicators. The OSINT dossier confirms the domain is 38 years "
DeepSeek-V4-Flash,2814,0,0,1,0.99,0.99,0.34375,1.0,0.86675,high,9,8,8,4,3,1,0.125,1,,,"The URL resolves to the legitimate DIRECTV domain (directv.com), which has a 31-year domain age, a Tranco rank of #10,327, and over 1000 Wayback Machine snapshots. The HTML content is a standard marketing page for the DIRECTV Sports Pack, with canonical tags, social media meta tags, and analytics scripts (Google Tag Manager, Bing, TikTok, Snapchat) consistent with a major brand. No credential-harvesting forms, obfuscated JavaScript, fake login prompts, or suspicious redirects were found. The sta"
DeepSeek-V4-Flash,2815,0,0,1,0.99,0.99,0.25,1.0,0.8480000000000001,high,8,9,9,2,5,2,0.2222222222222222,1,,,"The domain vfw.org is a well-established, 30-year-old site ranked #49,169 in Tranco with extensive Wayback history and diverse certificate transparency logs, all strongly indicating legitimacy. The HTML content contains numerous analytics and tracking scripts (Google Analytics, Facebook Pixel, LinkedIn, TikTok, etc.) typical of a mainstream marketing site, and no credential-harvesting forms, password fields, or obfuscated JavaScript were found. The page title 'Celebrating Iconic Black Veterans -"
DeepSeek-V4-Flash,2816,0,0,1,0.95,0.95,0.7857142857142857,1.0,0.9471428571428572,very_high,5,7,7,4,3,0,0.0,1,,,"The page is a maintenance page for Zilveren Kruis and its affiliated insurance brands (De Friesland, Pro Life, Zorgkantoor Friesland). It contains no login forms, password fields, credential-harvesting scripts, or suspicious redirects. The domain is 31.5 years old, has a long Wayback history, and is hosted on a reputable ASN (Microsoft). The HTML shows legitimate brand references and links to official app stores and social media. No phishing indicators were found."
DeepSeek-V4-Flash,2828,0,0,1,0.99,0.99,0.3333333333333333,1.0,0.8646666666666667,high,0,15,15,6,8,1,0.06666666666666667,1,,,"The URL domain is oracle.com, a globally recognized brand with a Tranco rank of #192, 37.5 years of domain age, and extensive Wayback Machine history. The HTML content is a legitimate informational article about customer service, with no password fields, login forms, credential-harvesting scripts, hidden iframes, or any other phishing indicators. The page includes proper canonical links, hreflang tags, and standard analytics scripts consistent with Oracle's official site."
DeepSeek-V4-Flash,2838,0,0,1,0.95,0.95,0.7857142857142857,1.0,0.9471428571428572,very_high,6,7,7,4,3,0,0.0,1,,,"The page displays a standard 404 error message ('The page you are looking for cannot be found') with no login forms, password fields, or credential-harvesting scripts. The domain is well-established (33.4 years old, Tranco rank #13,452, 639 Wayback snapshots, multiple CT certificates), and the HTML contains legitimate loyalty program branding and typical web application code. No phishing indicators such as fake CAPTCHA, obfuscated JavaScript, or suspicious redirects were found."
DeepSeek-V4-Flash,284,0,1,0,0.85,0.85,0.3409090909090909,0.25,0.3881818181818182,low,5,11,11,5,5,1,0.09090909090909091,1,,,"The page is a fully functional gambling/lobby application with extensive CSS skin variables, a React-based SPA structure, and no credential-harvesting forms or password fields. The URL domain is not provided, but the HTML content shows no brand impersonation, login forms, or obfuscated credential collection. The static classifier (PhishGraph) rates it 42.8% phishing, which is below the benign threshold, and the OSINT signals (no Tranco rank, no Wayback history) are typical of new or niche sites,"
DeepSeek-V4-Flash,2842,0,0,1,0.99,0.99,0.375,1.0,0.873,high,5,8,8,5,2,1,0.125,1,,,"The URL domain is not provided, but the HTML content is clearly from Best Buy's legitimate product listing page for Microsoft Surface Pro tablets. The page includes standard Best Buy assets, analytics, and ad scripts (e.g., Google AdSense, DoubleClick, Criteo), and the content structure matches a genuine e-commerce product list page. The OSINT dossier confirms the domain is extremely popular (Tranco rank #962), has a 32-year history, rich Certificate Transparency logs, and is hosted on a well-es"
DeepSeek-V4-Flash,2843,0,0,1,0.99,0.99,0.3125,1.0,0.8605,high,8,8,8,3,4,1,0.125,1,,,"The URL is elliott.gwu.edu, a subdomain of the legitimate George Washington University domain, which has a Tranco rank of #4,189 and a Wayback Machine history spanning 19 years. The HTML content is a standard Drupal-based informational page about international affairs careers, with no login forms, password fields, credential-harvesting scripts, or any phishing indicators. The page includes canonical links, structured data, and analytics scripts consistent with a legitimate university website."
DeepSeek-V4-Flash,2844,0,0,1,0.98,0.98,0.7142857142857143,0.25,0.4888571428571429,low,7,7,7,3,4,0,0.0,1,,,"The URL domain is not provided, but the HTML content clearly belongs to a legitimate Italian notary website (notaiotassitani.it) with a long history of 1000 Wayback snapshots over 4.4 years, proper schema.org markup, and no credential-harvesting forms or suspicious scripts. The page is an informational article about inheritance declarations and taxes, with no login fields, password inputs, or obfuscated JavaScript. The OSINT dossier shows an established domain with multi-year archival history, w"
DeepSeek-V4-Flash,2866,0,0,1,0.98,0.98,0.32142857142857145,1.0,0.8602857142857143,high,5,7,7,3,3,1,0.14285714285714285,1,,,"The URL domain is not provided, but the HTML content is a fully legitimate JCPenney product page for a Bali bra, with proper meta tags, brand references, and a complex React-based structure. The OSINT dossier shows a Tranco rank of #4,967, a domain age of 32.6 years, and 1000 Wayback snapshots, all strongly indicating a legitimate, well-established site. No credential-harvesting forms, obfuscated scripts, or suspicious redirects were found; the page is a standard e-commerce product listing."
DeepSeek-V4-Flash,2878,0,0,1,0.95,0.95,0.3181818181818182,1.0,0.8536363636363636,high,8,11,11,4,6,1,0.09090909090909091,1,,,"The page is the legitimate STARZ Help Center, as evidenced by the title 'STARZ Help Center', the use of official STARZ font assets from web-static-files.starz.com, and the integration of the Kustomer chat widget with a brand ID matching 'starz'. The domain is well-established (30.7 years old, Tranco rank #17,771, 506 Wayback snapshots, multiple CT certificates), and the HTML contains no credential-harvesting forms, password fields, or obfuscated scripts. The static classifier (PhishGraph) also r"
DeepSeek-V4-Flash,2883,0,0,1,0.99,0.99,0.2857142857142857,1.0,0.8551428571428572,high,7,14,14,4,8,2,0.14285714285714285,1,,,"The domain bankrate.com is a well-established, mainstream site with a Tranco rank of #4,281, a Wayback history spanning over 29 years, and a domain age of 31.2 years, all of which strongly indicate legitimacy. The HTML content contains standard analytics, advertising, and performance monitoring scripts (Google Analytics, Taboola, Facebook Pixel, New Relic) typical of a legitimate financial content site, with no password fields, login forms, credential-harvesting JavaScript, hidden iframes, or br"
DeepSeek-V4-Flash,2884,0,0,1,0.99,0.99,0.29545454545454547,1.0,0.8570909090909091,high,8,11,11,3,7,1,0.09090909090909091,1,,,"The URL domain is ebay.com, a top-210 Tranco-ranked site with a 30.8-year domain age, extensive Wayback history, and rich Certificate Transparency logs — all strong signals of a legitimate, well-established brand. The HTML content includes numerous references to ebaystatic.com, ebayimg.com, and other eBay-owned subdomains, along with standard analytics and tracking scripts (Bing, Google, Facebook, Criteo, Snapchat, Pinterest) typical of a major e-commerce site. No password fields, login forms, c"
DeepSeek-V4-Flash,290,1,1,1,0.92,0.92,0.5714285714285714,0.65,0.6917142857142857,mid,7,7,7,1,6,0,0.0,1,,,"The page presents a fake CAPTCHA verification flow that mimics Google's reCAPTCHA but uses custom JavaScript to simulate verification and then redirects to 'y11.html', a likely phishing page. The domain is not in the Tranco top 1M, has no Wayback Machine history, and lacks Certificate Transparency logs, all consistent with a short-lived phishing site. The HTML contains no actual reCAPTCHA API integration, only a mock checkbox and progress bar, confirming credential harvesting intent."
DeepSeek-V4-Flash,2906,0,0,1,0.99,0.99,0.2692307692307692,0.45,0.5218461538461538,low,10,13,13,3,8,2,0.15384615384615385,1,,,"The URL is a legitimate subpage of weekendesk.it, a well-known Italian travel booking site. The HTML contains extensive brand-consistent content, including meta tags, canonical links, hreflang tags, and references to static.booking.weekendesk.fr for images and favicons. The page promotes Easter weekend offers and includes standard analytics and tracking scripts (Google Tag Manager, Facebook Pixel, Hotjar, etc.), with no credential-harvesting forms, obfuscated JavaScript, or suspicious redirects."
DeepSeek-V4-Flash,2908,0,0,1,0.99,0.99,0.3392857142857143,1.0,0.8658571428571429,high,5,14,14,6,7,1,0.07142857142857142,1,,,"The domain scrubin.com is a well-established e-commerce site with a Tranco rank of #515,927, a Wayback history spanning over 26 years, and a domain age of 20.3 years, all of which are strong signals of legitimacy. The HTML content shows a fully functional product page for a Sport-Tek polo, with standard e-commerce scripts (Klevu search, LoyaltyLion, Klaviyo, Google Ads, reCAPTCHA) and no credential-harvesting forms, password fields, or obfuscated JavaScript. No phishing indicators such as typosq"
DeepSeek-V4-Flash,2931,0,0,1,0.95,0.95,0.35,0.25,0.41,low,7,10,10,5,4,1,0.1,1,,,"The domain myfamilyhotel.it is a legitimate Italian hotel booking site with a 6-year Wayback history, consistent content across multiple languages, and no credential-harvesting forms (the form submits to an internal ASPX endpoint). The page contains no password fields, obfuscated scripts, or brand impersonation. Static classifier PhishGraph rates it 2% phishing, and OSINT signals (long domain age, rich archival history, legitimate ASN) strongly support benign status."
DeepSeek-V4-Flash,2933,0,0,1,0.99,0.99,0.328125,0.45,0.533625,low,0,16,16,6,9,1,0.0625,1,,,"The domain wisemove.co.nz is a legitimate New Zealand moving services company with a 16-year history, 1000 Wayback snapshots, and 82 SSL certificates from diverse issuers. The HTML content is a genuine blog post about home appraisal versus valuation, with no login forms, password fields, credential-harvesting scripts, hidden iframes, or any phishing indicators. The page includes standard navigation links to services like moving companies and car transport, consistent with a legitimate business s"
DeepSeek-V4-Flash,2934,0,0,1,0.99,0.99,0.3125,1.0,0.8605,high,6,8,8,3,4,1,0.125,1,,,"The URL domain is not provided, but the HTML content is clearly from Toyota's official website (toyota.com), with extensive brand-specific CSS variables, scripts from toyota.com subdomains, and a long-established domain age of 31.4 years with a Tranco rank of #3,661. The page includes legitimate analytics and tracking scripts (Google Ads, Facebook, LinkedIn, etc.) typical of a major automotive brand. No credential-harvesting forms, fake login fields, obfuscated JavaScript, or suspicious redirect"
DeepSeek-V4-Flash,2946,0,0,1,0.99,0.99,0.2857142857142857,1.0,0.8551428571428572,high,5,7,7,2,4,1,0.14285714285714285,1,,,"The domain legacy.com is a well-established, mainstream site (Tranco rank #3,642, 32.3 years old, 1000+ Wayback snapshots, rich CT history). The HTML content is a legitimate obituary listing page for the Amherst New Era-Progress, with proper meta tags, canonical URL, structured data (schema.org SearchResultsPage), and standard analytics/advertising scripts (Google Tag Manager, Amazon APS, ScorecardResearch). No password fields, login forms, credential-harvesting JavaScript, hidden iframes, fake "
DeepSeek-V4-Flash,2947,0,0,1,0.98,0.98,0.7727272727272727,1.0,0.9505454545454546,very_high,5,11,11,6,5,0,0.0,1,,,"The URL domain is not provided, but the HTML content is a legitimate MkDocs-generated help page for 'PASCO Portal® Help', containing no login forms, password fields, credential-harvesting scripts, or suspicious redirects. The OSINT dossier shows a 32-year-old domain with a long Wayback history, Tranco ranking, and multiple certificates, all consistent with a legitimate site. The page is purely informational with navigation and search functionality, and the analytics script points to the legitima"
DeepSeek-V4-Flash,2957,0,0,1,0.99,0.99,0.7142857142857143,1.0,0.940857142857143,very_high,5,7,7,3,4,0,0.0,1,,,"The URL domain is www.msn.com, a highly reputable and long-established site (Tranco rank #62, domain age 31.5 years, extensive Wayback history). The HTML content is a legitimate MSN Money stock detail page for Exxon Mobil (XOM), with no credential-harvesting forms, password fields, or obfuscated scripts. The page includes standard Microsoft analytics and advertising configuration, consistent with a genuine financial news portal."
DeepSeek-V4-Flash,2960,0,0,1,0.99,0.99,0.296875,1.0,0.857375,high,0,16,16,5,9,2,0.125,1,,,"The URL domain is britannica.com, a Tranco top-1k site with a 30.9-year domain age, extensive Wayback history, and rich certificate transparency logs, all strongly indicating a legitimate, well-established entity. The cleaned HTML content shows standard advertising and analytics scripts (e.g., Google Tag Manager, Facebook Pixel, Confiant, LiveIntent) typical of a major content publisher, with no credential-harvesting forms, password fields, fake login pages, or obfuscated phishing payloads. The "
DeepSeek-V4-Flash,2964,0,0,1,0.99,0.99,0.32142857142857145,1.0,0.8622857142857143,high,6,14,14,5,8,1,0.07142857142857142,1,,,"The URL domain is 3m.com, a well-known legitimate brand with a Tranco rank of #5,490, a domain age of 38 years, and over 1,000 Wayback snapshots. The HTML content is a standard product page for 3M reflective tape, containing no password fields, login forms, credential-harvesting scripts, hidden iframes, or any other phishing indicators. The page includes extensive legitimate analytics and consent management scripts typical of a major corporate site."
DeepSeek-V4-Flash,2966,0,0,1,0.99,0.99,0.23333333333333334,1.0,0.8446666666666667,high,9,15,15,3,8,4,0.26666666666666666,1,,,"The URL domain is facebook.com, a top-5 Tranco site with a 29-year domain age, extensive Wayback history, and rich Certificate Transparency logs, all strongly indicating legitimacy. The HTML content is a standard Facebook permalink page for a post about a Baskin Robbins and One Piece collaboration, containing no password fields, login forms, credential-harvesting scripts, hidden iframes, or other phishing indicators. The static classifier (PhishGraph) also rates it as benign with 0.8% phishing p"
DeepSeek-V4-Flash,2971,0,0,1,0.95,0.95,0.3333333333333333,1.0,0.8566666666666667,high,0,15,15,6,8,1,0.06666666666666667,1,,,"The URL domain is icle.org, a legitimate, long-established domain (30.7 years old) with a Tranco rank of #884,877, extensive Wayback Machine history, and diverse certificate transparency logs. The HTML content is a standard ASP.NET error page ('Page Not Available') with no login forms, password fields, credential-harvesting JavaScript, hidden iframes, or brand impersonation. The presence of HubSpot analytics, Google Analytics, and Google Ads scripts is consistent with a legitimate commercial sit"
DeepSeek-V4-Flash,2974,0,0,1,0.99,0.99,0.3409090909090909,1.0,0.8661818181818182,high,9,11,11,5,5,1,0.09090909090909091,1,,,"The URL is a well-known, long-established news site (columbian.com) with a Tranco rank of #32,758, a domain age of 31.9 years, and over 1000 Wayback snapshots. The HTML content is a legitimate death notices page with proper meta tags, canonical link, and standard analytics/tracking scripts (Google Analytics, Facebook Pixel, Marfeel SDK). No password fields, login forms, credential-harvesting JavaScript, hidden iframes, or obfuscated content were found. The page does not impersonate any brand or "
DeepSeek-V4-Flash,2976,0,0,1,0.99,0.99,0.3,1.0,0.8580000000000001,high,9,15,15,5,8,2,0.13333333333333333,1,,,"The URL domain is landsend.com, a well-known legitimate e-commerce brand with a Tranco rank of #19,709, a 31.6-year domain age, 1000 Wayback snapshots, and rich Certificate Transparency history. The HTML content is a standard product page for women's swim shorts, containing legitimate analytics scripts (Google Analytics, Dynatrace), a PayPal SDK integration, and no credential-harvesting forms, password fields, or obfuscated content. No phishing indicators such as typosquatting, fake login forms,"
DeepSeek-V4-Flash,2989,0,0,1,0.99,0.99,0.34375,1.0,0.86675,high,6,8,8,4,3,1,0.125,1,,,"The URL resolves to logos.com, a well-established domain with a Tranco rank of #16,573, a 34-year domain age, and extensive Wayback Machine history. The HTML content is a legitimate blog article about Bible verses, with no password fields, login forms, credential-harvesting scripts, hidden iframes, or brand impersonation. The page contains standard analytics and tracking scripts (Google Analytics, Facebook Pixel, etc.) typical of a legitimate content site. The static classifier PhishGraph also r"
DeepSeek-V4-Flash,2993,0,0,1,0.99,0.99,0.3055555555555556,1.0,0.8591111111111112,high,8,9,9,3,5,1,0.1111111111111111,1,,,"The URL is a legitimate Harper's Bazaar article about Megan Fox and Machine Gun Kelly, hosted on the well-known domain harpersbazaar.com. The HTML content contains standard news article elements, meta tags, and analytics scripts from reputable third-party services (e.g., Google Tag Manager, Facebook Pixel, Sailthru). No password fields, login forms, credential-harvesting JavaScript, hidden iframes, or brand impersonation are present. The OSINT dossier confirms the domain is 30.7 years old, ranke"
DeepSeek-V4-Flash,3008,0,0,1,0.99,0.99,0.32142857142857145,1.0,0.8622857142857143,high,6,7,7,3,3,1,0.14285714285714285,1,,,"The URL domain is theguardian.com, a well-known legitimate news site ranked #188 in Tranco, with a domain age of 31.9 years and extensive Certificate Transparency history. The HTML content is a full news article with proper Guardian branding, structured data (NewsArticle schema), and no credential-harvesting forms, password fields, or obfuscated scripts. The static classifier (PhishGraph) also rates it as 0.1% phishing, strongly supporting benign classification."
DeepSeek-V4-Flash,3020,0,0,1,0.99,0.99,0.34375,1.0,0.86675,high,7,8,8,4,3,1,0.125,1,,,"The domain ewtn.com is a well-established, mainstream site (Tranco rank #21,019, 30+ years old, rich Wayback history, diverse CT certificates). The HTML content contains extensive analytics, advertising, and social media scripts (Google Analytics, Facebook Pixel, HubSpot, ShareThis) typical of a legitimate content publisher, and no password fields, login forms, credential-harvesting JavaScript, hidden iframes, or brand impersonation were found. The page appears to be a Catholic devotional articl"
DeepSeek-V4-Flash,3025,0,0,1,0.98,0.98,0.3,1.0,0.8560000000000001,high,9,10,10,3,6,1,0.1,1,,,"The domain is att.com, a mainstream site with a Tranco rank of #1,422, a 40-year domain age, extensive Wayback history, and rich Certificate Transparency logs. The HTML content includes legitimate AT&T scripts, canonical links, and Dynatrace monitoring code, with no credential-harvesting forms, obfuscated JavaScript, or suspicious redirects. The page appears to be a legitimate AT&T device unlock page, and the static classifier (PhishGraph) also rates it as benign at 3.6%."
DeepSeek-V4-Flash,3030,0,0,1,0.99,0.99,0.2857142857142857,1.0,0.8551428571428572,high,6,14,14,4,8,2,0.14285714285714285,1,,,"The URL domain is carmax.com, a well-known legitimate car retailer. The HTML content is a fully functional car search page for Tesla Model 3 vehicles, with no login forms, password fields, credential-harvesting scripts, or any phishing indicators. The OSINT dossier confirms the domain is 30.5 years old, ranked #5,525 by Tranco, has extensive Wayback Machine history, and a rich certificate transparency log, all consistent with a legitimate, established site."
DeepSeek-V4-Flash,3037,0,0,1,0.99,0.99,0.32142857142857145,1.0,0.8622857142857143,high,6,14,14,5,8,1,0.07142857142857142,1,,,"The URL domain is health.harvard.edu, a well-known legitimate site with a Tranco rank of #297, 26 years of Wayback history, and 125 SSL certificates from diverse issuers. The HTML content is a genuine health article about subconjunctival hemorrhage, with no login forms, password fields, credential-harvesting scripts, hidden iframes, or any phishing indicators. The page includes standard analytics and tracking scripts (Google Analytics, Hotjar, LinkedIn) typical of legitimate content sites."
DeepSeek-V4-Flash,3042,0,0,1,0.99,0.99,0.3333333333333333,1.0,0.8646666666666667,high,9,15,15,6,8,1,0.06666666666666667,1,,,"The URL domain is marvelcinematicuniverse.fandom.com, a well-known Fandom wiki subdomain with a Tranco rank of #513 and a domain age of 29.6 years, indicating a legitimate, long-established site. The HTML content is a standard Fandom wiki page about Wakanda from the Marvel Cinematic Universe, containing no login forms, password fields, credential-harvesting scripts, or any phishing indicators. The page includes typical wiki elements like categories, revision IDs, and analytics scripts, all consi"
DeepSeek-V4-Flash,3044,0,0,1,0.99,0.99,0.2647058823529412,1.0,0.8509411764705883,high,0,17,17,4,10,3,0.17647058823529413,1,,,"The URL domain is fedex.com, a well-known legitimate brand with a Tranco rank of #1,332, a domain age of 35.2 years, and extensive Wayback Machine history. The HTML content is a standard FedEx informational page about Freight Direct services, containing no password fields, login forms, credential-harvesting scripts, hidden iframes, or other phishing indicators. The page includes legitimate FedEx branding, canonical URL, and typical analytics and consent scripts. No suspicious elements were found"
DeepSeek-V4-Flash,3066,0,0,1,0.95,0.95,0.23214285714285715,1.0,0.8364285714285715,high,10,14,14,2,9,3,0.21428571428571427,1,,,"The domain bigmarker.com is a well-established site with a Tranco rank of #30,194, 22 years of Wayback history, and a domain age of 16.1 years, all of which strongly indicate legitimacy. The HTML content is a standard login page for BigMarker, a legitimate webinar platform, with proper meta tags, canonical URL, Google Analytics, and reCAPTCHA integration. No credential-harvesting forms, obfuscated scripts, or suspicious redirects were found. The static classifier's 57.3% phishing score is likely"
DeepSeek-V4-Flash,3076,0,0,1,0.98,0.98,0.7333333333333333,1.0,0.9426666666666668,very_high,0,15,15,7,8,0,0.0,1,,,"The domain is extremely well-established (Tranco rank #266, 40+ years old, 1000+ Wayback snapshots, RDAP record present). The HTML content is a legitimate HP store page with standard analytics (Google Tag Manager, New Relic, Dynamic Yield) and no credential-harvesting forms, password fields, or obfuscated scripts. No phishing indicators were found in the URL or content."
DeepSeek-V4-Flash,3077,0,0,1,0.95,0.95,0.8333333333333334,0.45,0.6266666666666667,mid,5,6,6,4,2,0,0.0,1,,,"The domain desertcart.com is a well-established e-commerce marketplace with a Tranco rank of #535,924, over 1000 Wayback Machine snapshots spanning 6 years, and a legitimate business presence. The HTML content loads numerous resources from static.desertcart.com, includes standard analytics and tracking scripts (Facebook Pixel, Google Tag Manager, CleverTap, Clarity), and references a legitimate app ID (1399518358) and Google site verification tokens. No credential-harvesting forms, fake login pa"
DeepSeek-V4-Flash,3082,0,0,1,0.99,0.99,0.3611111111111111,1.0,0.8702222222222222,high,7,9,9,5,3,1,0.1111111111111111,1,,,"The domain is 32 years old, ranked in Tranco, has 1000 Wayback snapshots, and a valid RDAP record — all strong signals of a legitimate, long-standing website. The HTML content contains extensive analytics and tracking scripts (Google Analytics, Facebook Pixel, LinkedIn Insight, Clarity, etc.) typical of a major corporate site, and the JavaScript dynamically sets a base href by probing a config API, which is a common pattern for multi-tenant web applications. No credential-harvesting forms, obfus"
DeepSeek-V4-Flash,3096,0,0,1,0.98,0.98,0.28846153846153844,1.0,0.8536923076923078,high,7,13,13,4,7,2,0.15384615384615385,1,,,"The domain is extremely popular (Tranco rank #24), has a 31.5-year registration history, and extensive Wayback Machine snapshots, all of which are strong signals of a legitimate, well-established site. The HTML content is heavily obfuscated with Amazon-specific JavaScript and analytics code, but no credential-harvesting forms, password fields, or suspicious redirects were found. The static classifier (PhishGraph) also rates it as benign with 3.6% phishing probability. The combination of OSINT an"
DeepSeek-V4-Flash,3103,0,0,1,0.99,0.99,0.34375,1.0,0.86675,high,6,8,8,4,3,1,0.125,1,,,"The URL resolves to ticketmaster.com, a mainstream site with a Tranco rank of #2,368, a 32-year domain age, and extensive Wayback Machine history. The HTML content is a legitimate Ticketmaster event page for Megan Moroney, containing canonical links, structured data (MusicEvent schema), and standard analytics/tracking scripts. No credential-harvesting forms, obfuscated JavaScript, fake login prompts, or brand impersonation indicators were found. The OSINT dossier strongly supports legitimacy, an"
DeepSeek-V4-Flash,3104,0,0,1,0.98,0.98,0.3125,1.0,0.8585,high,8,8,8,3,4,1,0.125,1,,,"The domain peacockalley.com is a well-established, legitimate e-commerce site with a 29.8-year age, Tranco rank #624,442, and 1000 Wayback snapshots dating back 25 years. The HTML content is a genuine Shopify-powered blog article about bath rugs vs. bath mats, containing no password fields, login forms, credential-harvesting scripts, hidden iframes, or obfuscated content. The page includes standard analytics, social media tags, and a canonical URL pointing to the same domain, all consistent with"
DeepSeek-V4-Flash,3105,0,0,1,0.99,0.99,0.3,1.0,0.8580000000000001,high,0,10,10,3,6,1,0.1,1,,,"The domain is extremely popular (Tranco rank #24), has a 31.5-year age, and extensive Wayback Machine history, all strongly indicating a legitimate, well-established site. The HTML content is a full copy of Amazon's real page, including authentic scripts, tracking code, and marketplace IDs, with no credential-harvesting forms, obfuscated JavaScript, or suspicious redirects. No phishing indicators were found in the URL or content, and the OSINT signals overwhelmingly support legitimacy."
DeepSeek-V4-Flash,3111,0,0,1,0.95,0.95,0.3269230769230769,1.0,0.8553846153846154,high,8,13,13,5,7,1,0.07692307692307693,1,,,"The URL domain mybookie.ag is a well-established site with a Tranco rank of #41,835, over 11 years of Wayback history, and a legitimate ASN allocation. The HTML content contains standard sportsbook branding, meta tags, and analytics scripts consistent with a legitimate gambling site. No credential-harvesting forms, obfuscated scripts, or suspicious redirects were found. The static classifier also rated it as 0% phishing, and the OSINT dossier strongly supports legitimacy."
DeepSeek-V4-Flash,3126,0,0,1,0.98,0.98,0.2916666666666667,1.0,0.8543333333333334,high,5,6,6,2,3,1,0.16666666666666666,1,,,"The domain is extremely popular (Tranco rank #24), has a 31.5-year registration history, and extensive Wayback Machine snapshots, all consistent with a legitimate, long-established site. The HTML content is truncated but begins with standard Amazon scripts, resource URLs (images-na.ssl-images-amazon.com), and typical Amazon tracking/analytics code (ue_csm, ue_id, etc.), showing no signs of credential harvesting, obfuscation, or brand impersonation. No phishing indicators such as suspicious forms"
DeepSeek-V4-Flash,3132,0,0,1,0.95,0.95,0.3333333333333333,0.25,0.4066666666666666,low,0,9,9,4,4,1,0.1111111111111111,1,,,"The URL domain uehira.co.jp is a legitimate Japanese concrete manufacturer's site with a 24-year Wayback history and no signs of typosquatting or brand impersonation. The HTML content is a genuine blog post comparing L-type and U-type gutters, with no password fields, login forms, credential-harvesting scripts, hidden iframes, or fake updates. The page includes standard analytics (Google Analytics, GTM) and a contact form, consistent with a legitimate business website. No phishing indicators wer"
DeepSeek-V4-Flash,3137,0,0,1,0.99,0.99,0.3055555555555556,1.0,0.8591111111111112,high,9,9,9,3,5,1,0.1111111111111111,1,,,"The URL resolves to a legitimate Netflix Tudum article about the movie 'Subservience'. The domain is netflix.com, a top-40 Tranco-ranked site with a 28.5-year history, extensive Wayback snapshots, and rich Certificate Transparency logs. The HTML contains no credential-harvesting forms, no password fields, no obfuscated JavaScript, and no brand impersonation; it is a standard article page with structured data, meta tags, and Netflix-owned assets. The static classifier (PhishGraph) also rates it a"
DeepSeek-V4-Flash,3139,0,0,1,0.99,0.99,0.25,1.0,0.8480000000000001,high,6,11,11,3,5,3,0.2727272727272727,1,,,"The URL domain is facebook.com, a top-5 Tranco-ranked site with a 29-year domain age, extensive Wayback history, and rich certificate transparency logs, all strongly indicating legitimacy. The HTML content is a standard Facebook page for Caribbean Airlines, containing only meta tags, stylesheets, and scripts from facebook.com domains, with no password fields, login forms, credential-harvesting JavaScript, hidden iframes, or any phishing indicators. The static classifier (PhishGraph) also rates i"
DeepSeek-V4-Flash,3151,0,0,1,0.99,0.99,0.3333333333333333,1.0,0.8646666666666667,high,0,15,15,6,8,1,0.06666666666666667,1,,,"The URL domain is not provided, but the HTML content is a legitimate Fandom wiki page for 'Kakashi Hatake' on Narutopedia. The page contains standard MediaWiki configuration, no login forms, password fields, or credential-harvesting scripts. The OSINT dossier confirms the domain is extremely popular (Tranco rank #513), has a 29.6-year age, extensive Wayback history, and a valid RDAP record, all consistent with a benign, established site. No phishing indicators were found in the HTML or context."
DeepSeek-V4-Flash,3168,0,0,1,0.99,0.99,0.2857142857142857,1.0,0.8551428571428572,high,0,14,14,4,8,2,0.14285714285714285,1,,,"The URL resolves to dailymail.co.uk, a top-400 Tranco-ranked domain with a 30-year registration history, rich Certificate Transparency logs, and no phishing indicators in the HTML. The page is a legitimate news article from Daily Mail Online, containing standard ad-related classes, meta tags, and content about Classic FM audience figures. No credential-harvesting forms, fake login prompts, obfuscated scripts, or brand impersonation were found. The OSINT dossier strongly supports legitimacy, and "
DeepSeek-V4-Flash,3173,0,0,1,0.99,0.99,0.25,1.0,0.8480000000000001,high,9,12,12,2,8,2,0.16666666666666666,1,,,"The URL domain is ebay.com, a top-210 Tranco-ranked site with a 30.8-year domain age, extensive Wayback history, and rich Certificate Transparency logs — all strong signals of a legitimate, well-established brand. The HTML content includes standard eBay elements such as dns-prefetch links to ebaystatic.com, ebayimg.com, and ebaydesc.com, along with eBay-specific meta tags, Open Graph properties, and a canonical URL pointing to an item listing. No password fields, login forms, credential-harvesti"
DeepSeek-V4-Flash,3176,0,0,1,0.99,0.99,0.2857142857142857,1.0,0.8551428571428572,high,0,14,14,4,8,2,0.14285714285714285,1,,,"The URL domain is yahoo.com, a top-53 Tranco-ranked site with a 31-year registration history and extensive Wayback Machine snapshots, strongly indicating legitimacy. The HTML content is a fully functional Yahoo Finance page with complex JavaScript for consent management, search, and feature flags, containing no password fields, credential-harvesting forms, or obfuscated phishing elements. No indicators of phishing were found, and the OSINT dossier confirms the domain is well-established and low-"
DeepSeek-V4-Flash,3182,0,0,1,0.98,0.98,0.3125,1.0,0.8585,high,8,8,8,3,4,1,0.125,1,,,"The URL domain is not provided, but the HTML content is clearly from HEB.com, a legitimate grocery retailer. The page includes standard Next.js framework assets, Google Tag Manager, New Relic monitoring, and canonical link to heb.com. The OSINT dossier confirms the domain is 31 years old, ranked #12,229 in Tranco, with extensive Wayback history and diverse certificate transparency logs. No credential-harvesting forms, obfuscated scripts, or suspicious redirects are present. The only minor anomal"
DeepSeek-V4-Flash,3192,0,0,1,0.98,0.98,0.17857142857142858,1.0,0.8317142857142857,high,5,7,7,1,3,3,0.42857142857142855,1,,,"The URL domain is not provided, but the HTML content is from skymilesforbusiness.delta.com, a legitimate subdomain of delta.com. The page includes a comprehensive Content-Security-Policy that allows connections to known Salesforce, PayPal, Stripe, Adyen, and Delta services, consistent with a legitimate business site. The OSINT dossier confirms the domain is well-established (Tranco rank #3,267, 32.5 years old, extensive Wayback history, multiple CT certificates). No credential-harvesting forms, "
DeepSeek-V4-Flash,3197,0,0,1,0.99,0.99,0.32142857142857145,1.0,0.8622857142857143,high,0,14,14,5,8,1,0.07142857142857142,1,,,"The domain is a well-established mainstream site (Tranco rank #2,836, 28+ years old, extensive Wayback history). The HTML content is a complex news website with standard analytics, advertising, and consent scripts (OneTrust, Google Tag Manager, ScorecardResearch, etc.) and no credential-harvesting forms, password fields, or obfuscated phishing payloads. The static classifier (PhishGraph) also rates it as benign at 0.6% phishing probability. No indicators of phishing were found."
DeepSeek-V4-Flash,3210,0,0,1,0.99,0.99,0.3333333333333333,1.0,0.8646666666666667,high,5,15,15,6,8,1,0.06666666666666667,1,,,"The URL domain is not provided, but the HTML content is a legitimate BBC News article about Ukraine, with proper BBC branding, canonical URL, and standard metadata. The page contains no login forms, password fields, credential-harvesting scripts, or any phishing indicators. The OSINT dossier confirms the domain is extremely popular (Tranco rank #203), has a 27.5-year Wayback history, and is 36.8 years old, all strongly indicative of a legitimate site."
DeepSeek-V4-Flash,3216,0,0,1,0.98,0.98,0.275,1.0,0.8510000000000001,high,9,10,10,3,5,2,0.2,1,,,"The URL domain is not provided, but the HTML content is a legitimate Facebook page for the University of Delaware, with canonical links to facebook.com, proper Open Graph and Twitter meta tags, and standard Facebook scripts and resources. The OSINT dossier shows the domain is extremely popular (Tranco rank #5), has a 29-year history, rich CT logs, and is hosted on a well-established ASN (AS32934). No credential-harvesting forms, obfuscated scripts, or suspicious redirects are present. The page i"
DeepSeek-V4-Flash,3224,0,0,1,0.95,0.95,0.3409090909090909,0.45,0.5281818181818182,low,5,11,11,5,5,1,0.09090909090909091,1,,,"The domain quickread.co.za has a long history with 1000 Wayback snapshots over 6.8 years, a Tranco rank of #409,367, and is hosted on a reputable ASN (AS13335, Cloudflare). The HTML content shows a standard WordPress site with WP Rocket lazy-loading scripts and Google AdSense code, with no credential-harvesting forms, password fields, fake login pages, or obfuscated JavaScript. No phishing indicators were found in the URL or content, and the OSINT dossier strongly supports legitimacy."
DeepSeek-V4-Flash,3225,0,0,1,0.98,0.98,0.3409090909090909,0.45,0.5341818181818182,low,4,11,11,5,5,1,0.09090909090909091,1,,,"The URL domain is fiscozen.it, a legitimate Italian tax consultancy site with a long history (first seen 8.7 years ago, 1000 Wayback snapshots) and a Tranco rank of #301,065, indicating an established presence. The HTML content is a full informational article about INPS contributions for artisans and merchants, with proper WordPress meta tags, author attribution, and no login forms, password fields, credential-harvesting scripts, or suspicious redirects. The page is clearly a legitimate blog pos"
DeepSeek-V4-Flash,323,0,1,0,0.95,0.95,0.71875,1.0,0.9337500000000001,very_high,0,16,16,7,9,0,0.0,1,,,"The URL domain is not provided, but the HTML content shows a legitimate Next.js application with standard framework assets, no password fields, login forms, or credential-harvesting scripts. The OSINT dossier indicates a Tranco rank of #985, domain age of 6.3 years, and a valid RDAP record, all consistent with a legitimate, established site. No phishing indicators such as typosquatting, fake CAPTCHA, hidden iframes, or obfuscated content were found."
DeepSeek-V4-Flash,3251,0,0,1,0.95,0.95,0.2857142857142857,0.45,0.5171428571428571,low,6,7,7,3,2,2,0.2857142857142857,1,,,"The domain smartkaigo.jp has a long history with 1000 Wayback snapshots spanning 11.8 years, a Tranco rank of #467,532, and resolves on a well-established ASN (AS19551). The HTML content is a fully functional e-commerce shopping cart page for a Japanese nursing care products store, with legitimate analytics, advertising, and social media tracking scripts (Google Analytics, Facebook Pixel, Bing, LINE, etc.). No credential-harvesting forms, obfuscated JavaScript, fake login prompts, or suspicious "
DeepSeek-V4-Flash,3256,0,0,1,0.99,0.99,0.7777777777777778,1.0,0.9535555555555556,very_high,7,9,9,5,4,0,0.0,1,,,"The URL domain is not provided, but the HTML content is a fully legitimate Apple Music web experience page, as evidenced by the presence of Apple-specific preconnect links (amp-api-edge.apps.apple.com, is1-ssl.mzstatic.com, etc.), a valid Apple JWT token in the configuration, and a Content Security Policy restricting resources to apple.com and mzstatic.com. The OSINT dossier confirms the domain is extremely popular (Tranco rank #10), has a 39-year age, extensive Wayback history, and a long-estab"
DeepSeek-V4-Flash,3259,0,0,1,0.99,0.99,0.34375,1.0,0.86675,high,7,8,8,4,3,1,0.125,1,,,"The URL domain is youtube.com, a top-10 Tranco site with a 21-year history, thousands of Wayback snapshots, and a valid RDAP record. The HTML contains standard YouTube JavaScript, Polymer framework initialization, and error-handling code consistent with the real YouTube front-end. No credential-harvesting forms, fake login prompts, obfuscated scripts, or brand impersonation patterns were found. The only minor risk signal is the use of free-issuer certificates, but this is common for large sites "
DeepSeek-V4-Flash,3273,0,0,1,0.99,0.99,0.3333333333333333,1.0,0.8646666666666667,high,8,9,9,4,4,1,0.1111111111111111,1,,,"The URL domain is not provided, but the HTML content is clearly from eBay, referencing legitimate eBay assets (ebaystatic.com, ebayimg.com, ebay.com) and a real product listing (Hello Kitty keychain). The OSINT dossier shows a Tranco rank of #210, 30.8-year domain age, 1000 Wayback snapshots, and rich CT certificate diversity, all strong signals of a legitimate, well-established site. No credential-harvesting forms, obfuscated scripts, or suspicious redirects are present; the page is a standard "
DeepSeek-V4-Flash,3275,0,0,1,0.95,0.95,0.2857142857142857,1.0,0.8471428571428572,high,5,7,7,2,4,1,0.14285714285714285,1,,,"The domain is well-established with a Tranco rank of #10,316 and a Wayback Machine history spanning 29.4 years, indicating a legitimate, long-standing site. The HTML content is heavily laden with legitimate advertising and analytics domains (e.g., doubleclick.net, google-analytics.com, facebook.net, pubmatic.com) and includes a Content-Security-Policy that permits these known trackers, which is typical of a mainstream news or content site. No credential-harvesting forms, fake login pages, obfusc"
DeepSeek-V4-Flash,3281,0,0,1,0.99,0.99,0.29545454545454547,1.0,0.8570909090909091,high,9,11,11,4,5,2,0.18181818181818182,1,,,"The URL domain is not provided, but the HTML content is a legitimate Walmart product listing page for Great Value eggs, with canonical URL pointing to walmart.com, proper Open Graph tags, and a valid schema.org CollectionPage with real product items. The OSINT dossier confirms the domain is extremely popular (Tranco rank #445), has a 31-year history, rich CT logs, and stable hosting on a long-established ASN. No credential harvesting forms, obfuscated scripts, fake login prompts, or brand impers"
DeepSeek-V4-Flash,3283,0,0,1,0.99,0.99,0.3409090909090909,1.0,0.8661818181818182,high,0,11,11,5,5,1,0.09090909090909091,1,,,"The URL domain is not provided, but the HTML content is a legitimate US News & World Report article about RISLA student loans, with proper metadata, analytics scripts, and no credential-harvesting forms. The OSINT dossier shows a Tranco rank of #1,243, 16 years of Wayback history, and a domain age of 31.3 years, all strongly indicative of a legitimate site. No phishing indicators such as password fields, fake login forms, or obfuscated scripts were found."
DeepSeek-V4-Flash,3305,0,0,1,0.98,0.98,0.32142857142857145,1.0,0.8602857142857143,high,4,7,7,3,3,1,0.14285714285714285,1,,,"The URL domain trex.com is a well-established, mainstream site (Tranco rank #60,326) with a 29.5-year domain age, extensive Wayback history, and diverse certificate transparency logs. The HTML content is a legitimate product page for composite deck railing, containing standard analytics scripts (Google Tag Manager, Hotjar, New Relic) and no credential-harvesting forms, password fields, or obfuscated JavaScript. No phishing indicators such as typosquatting, fake login forms, or suspicious redirec"
DeepSeek-V4-Flash,331,0,1,0,0.95,0.95,0.34375,1.0,0.85875,high,6,8,8,4,3,1,0.125,1,,,"The page displays a standard 'This Page Does Not Exist' error with no login forms, password fields, credential-harvesting JavaScript, hidden iframes, or brand impersonation. The domain is 2.9 years old, ranked #2,915 in Tranco, and hosted on a long-established ASN, all consistent with a legitimate site. The static classifier's 56.9% phishing probability is likely a false positive given the absence of any phishing indicators in the HTML content."
DeepSeek-V4-Flash,3310,0,0,1,0.98,0.98,0.25,1.0,0.8460000000000001,high,8,9,9,2,5,2,0.2222222222222222,1,,,"The domain is extremely popular (Tranco rank #24), has been registered for 31.5 years, and has extensive Wayback Machine history (1000 snapshots over 27.4 years). The HTML content is a legitimate Amazon page with standard Amazon scripts, analytics, and CDN references (images-na.ssl-images-amazon.com, m.media-amazon.com). No credential-harvesting forms, fake login fields, obfuscated JavaScript, or suspicious redirects were found. The static classifier (PhishGraph) also rates it as benign (4.9% ph"
DeepSeek-V4-Flash,3333,0,0,1,0.98,0.98,0.7727272727272727,0.45,0.6205454545454545,mid,7,11,11,6,5,0,0.0,1,,,"The URL domain is not provided, but the HTML content clearly belongs to the legitimate Estonian health portal 'Terviseportaal' (terviseportaal.ee). The page contains a standard Next.js application with official branding, a logo linking to the real domain, and no credential-harvesting forms, password fields, or suspicious JavaScript. The OSINT dossier confirms a 23.9-year Wayback history, Tranco rank #199,687, and a long-established ASN, all strongly supporting legitimacy. No phishing indicators "
DeepSeek-V4-Flash,3335,0,0,1,0.99,0.99,0.25,1.0,0.8480000000000001,high,6,6,6,2,2,2,0.3333333333333333,1,,,"The domain is marriott.com, a top-1k site with a 33-year history and extensive Wayback Machine snapshots, strongly indicating legitimacy. The HTML content includes numerous analytics and tracking scripts (Facebook, Pinterest, Google, etc.) typical of a major commercial website, and no credential-harvesting forms, password fields, or suspicious redirects were found. The static classifier PhishGraph also rated it as benign with 1.8% phishing probability. No phishing indicators were present."
DeepSeek-V4-Flash,3356,0,0,1,0.99,0.99,0.3333333333333333,1.0,0.8646666666666667,high,0,15,15,6,8,1,0.06666666666666667,1,,,"The URL domain is clarks.com, a well-known legitimate brand with a Tranco rank of #31,724, a domain age of 30.6 years, and over 1000 Wayback snapshots. The HTML content is a standard e-commerce product listing page for women's flat sandals, with no password fields, login forms, credential-harvesting scripts, hidden iframes, or obfuscated content. The page includes canonical links, hreflang tags, and structured data (BreadcrumbList) consistent with a legitimate retail site. No phishing indicators"
DeepSeek-V4-Flash,3360,0,0,1,0.98,0.98,0.28125,1.0,0.8522500000000001,high,8,8,8,2,5,1,0.125,1,,,"The URL domain is not provided, but the HTML content is clearly from a legitimate news article on eonline.com, a well-known entertainment news site. The page contains a standard news article layout with a title, meta description, and canonical link pointing to eonline.com, along with numerous scripts and stylesheets from Yahoo's CDN (s.yimg.com) and other legitimate third-party services like consent.cmp.oath.com. The OSINT dossier confirms the domain is extremely popular (Tranco rank #53), has a"
DeepSeek-V4-Flash,3366,0,0,1,0.99,0.99,0.32142857142857145,1.0,0.8622857142857143,high,3,7,7,3,3,1,0.14285714285714285,1,,,"The URL domain is liberty.edu, a well-known, long-established university domain with a Tranco rank of #17,669 and over 1000 Wayback Machine snapshots spanning 28 years. The HTML content is a legitimate academic page for Liberty University's master's degrees, containing standard WordPress assets, Google Analytics, Facebook Pixel, and no credential-harvesting forms, password fields, or obfuscated scripts. No phishing indicators such as typosquatting, fake login forms, or suspicious redirects were "
DeepSeek-V4-Flash,3372,0,0,1,0.99,0.99,0.2916666666666667,1.0,0.8563333333333334,high,4,6,6,2,3,1,0.16666666666666666,1,,,"The URL domain is yahoo.com, a top-53 Tranco-ranked site with a 31-year domain age and extensive Wayback history, strongly indicating legitimacy. The HTML content is a fully functional Yahoo Finance page with complex JavaScript, consent management, and feature flags, not a credential-harvesting form. No password fields, suspicious redirects, or obfuscated scripts were found, and the page structure matches a legitimate financial portal."
DeepSeek-V4-Flash,3386,0,0,1,0.99,0.99,0.275,1.0,0.8530000000000001,high,7,10,10,3,5,2,0.2,1,,,"The URL domain is not provided, but the HTML content is clearly from eBay's legitimate browsing page for 'Charcoal Pencils & Charcoals'. The page includes canonical links to ebay.com, proper meta tags, hreflang tags for internationalization, and references to eBay's static assets (ir.ebaystatic.com, i.ebayimg.com). The OSINT dossier confirms the domain is extremely popular (Tranco rank #210), has a 30.8-year history, extensive Wayback Machine snapshots, and rich Certificate Transparency logs, al"
DeepSeek-V4-Flash,3395,0,0,1,0.99,0.99,0.3125,1.0,0.8605,high,6,8,8,3,4,1,0.125,1,,,"The URL domain is alternet.org, a well-established news site with a Tranco rank of #12,150, a 31-year domain age, and over 1000 Wayback snapshots. The HTML content is a legitimate news article about USPS performance, with standard analytics, advertising, and social media scripts, and no credential-harvesting forms, password fields, or obfuscated JavaScript. The OSINT dossier confirms long-term registration, rich certificate transparency history, and a reputable hosting provider, all consistent w"
DeepSeek-V4-Flash,3401,0,0,1,0.99,0.99,0.7857142857142857,1.0,0.9551428571428572,very_high,7,7,7,4,3,0,0.0,1,,,"The domain puzzles.usatoday.com is a well-known subdomain of USA TODAY, ranked #546 in Tranco, with a 32-year domain age and extensive Wayback Machine history. The HTML content is a legitimate crossword archive page with proper meta tags, canonical URL, and references to Gannett CDN, Google Analytics, and Cookielaw, all consistent with a major news/puzzle site. No password fields, login forms, credential-harvesting scripts, hidden iframes, or obfuscated content were found. The static classifier "
DeepSeek-V4-Flash,3408,0,0,1,0.99,0.99,0.325,1.0,0.863,high,4,10,10,4,5,1,0.1,1,,,"The URL is www.britannica.com, a well-known encyclopedia site ranked #613 in Tranco, with a 30.9-year domain age, 1000 Wayback snapshots, and rich CT certificate history. The HTML content shows standard analytics, advertising, and user-tracking scripts (Google Tag Manager, Facebook Pixel, Braze, LiveIntent, Confiant) typical of a legitimate high-traffic content site. No password fields, login forms, credential-harvesting JavaScript, hidden iframes, brand impersonation, fake CAPTCHA, redirects, o"
DeepSeek-V4-Flash,3416,0,0,1,0.98,0.98,0.3055555555555556,1.0,0.8571111111111112,high,8,9,9,3,5,1,0.1111111111111111,1,,,"The domain onlinejobs.ph is a well-established site with a Tranco rank of #8,277, over 17 years of Wayback history, and a rich certificate transparency record, all strongly indicating legitimacy. The HTML content is a genuine job listing page for Filipino remote workers, containing standard meta tags, analytics scripts (Google Tag Manager, Facebook Pixel, Matomo), and no credential-harvesting forms, obfuscated scripts, or brand impersonation. The presence of a CSRF token and legitimate third-par"
DeepSeek-V4-Flash,3425,0,0,1,0.98,0.98,0.35714285714285715,0.25,0.4174285714285714,low,5,7,7,4,2,1,0.14285714285714285,1,,,"The domain baxterblue.com.au resolves to a legitimate Shopify store with a long Wayback Machine history (first seen 8.4 years ago, 1000 snapshots), indicating an established e-commerce site. The HTML content is a full Shopify store page with standard analytics, marketing pixels, and a blog post about reading glasses vs. progressive lenses, with no credential-harvesting forms, obfuscated scripts, or brand impersonation. The static classifier (PhishGraph) also rates it as 0.3% phishing, strongly s"
DeepSeek-V4-Flash,3429,0,0,1,0.95,0.95,0.2833333333333333,1.0,0.8466666666666667,high,13,15,15,3,11,1,0.06666666666666667,1,,,"The domain is 29.6 years old, ranks in Tranco's top 1M, has 82 Wayback snapshots over 4.2 years, and a rich certificate transparency history with 142 certificates from 9 issuers. The HTML content shows a legitimate multi-language portal for DKV EETS toll services, with proper CSRF tokens, Livewire framework, and no credential-harvesting forms, obfuscated scripts, or suspicious redirects. The static classifier (PhishGraph) also rates it as benign at 11.7% phishing probability. All evidence consis"
DeepSeek-V4-Flash,3430,0,0,1,0.99,0.99,0.35714285714285715,1.0,0.8694285714285714,high,7,7,7,4,2,1,0.14285714285714285,1,,,"The HTML content is a fully legitimate Airbnb page with proper branding, locale set to en-AU, and all resources loaded from Airbnb's official CDN (a0.muscache.com). The OSINT dossier confirms the domain is well-established with a Tranco rank of #30,632, 17 years of Wayback history, 50 SSL certificates, and hosting on a reputable ASN (AS20940). No phishing indicators such as credential-harvesting forms, fake login fields, obfuscated scripts, or suspicious redirects were found. The static classifi"
DeepSeek-V4-Flash,3445,0,0,1,0.99,0.99,0.3333333333333333,1.0,0.8646666666666667,high,6,15,15,6,8,1,0.06666666666666667,1,,,"The URL domain is cbsnews.com, a well-known legitimate news site ranked #637 by Tranco, with a 31.6-year domain age and extensive Wayback Machine history. The HTML content is a news article about a rare white penguin, containing no login forms, password fields, credential-harvesting scripts, hidden iframes, or any phishing indicators. The page includes standard news metadata, social media tags, and advertising scripts typical of a legitimate news website."
DeepSeek-V4-Flash,3448,0,0,1,0.99,0.99,0.75,1.0,0.9480000000000001,very_high,4,10,10,5,5,0,0.0,1,,,"The URL is a legitimate Britannica article about methanol, with a domain that has been established for over 30 years, ranked in the top 1k by Tranco, and has extensive Wayback Machine history and certificate transparency logs. The HTML content is a standard encyclopedia article with analytics, consent management, and A/B testing scripts, but no password fields, login forms, credential-harvesting JavaScript, hidden iframes, or any other phishing indicators. The static classifier also rates it as "
DeepSeek-V4-Flash,3451,0,0,1,0.95,0.95,0.25,0.25,0.38999999999999996,low,6,7,7,2,3,2,0.2857142857142857,1,,,"The domain larsson-italia.it has a 9.7-year Wayback history with 1000 snapshots and first capture returning HTTP 2xx, indicating a long-established legitimate e-commerce site. The HTML content is a fully functional motorcycle parts store with a search form, product categories, and links to other brand subdomains (e.g., matthies.de), consistent with a genuine online shop. No password fields, credential-harvesting scripts, hidden iframes, or obfuscated content were found. The static classifier (Ph"
DeepSeek-V4-Flash,3457,0,0,1,0.99,0.99,0.3333333333333333,1.0,0.8646666666666667,high,0,15,15,6,8,1,0.06666666666666667,1,,,"The URL is a legitimate yellowpages.com listing for a real business (CARQUEST Auto Parts). The domain is 30 years old, ranked #6,066 in Tranco, has extensive Wayback history, and rich CT certificate diversity. The HTML content is a standard business listing page with no password fields, login forms, credential-harvesting scripts, hidden iframes, or obfuscated content. The page includes standard analytics and advertising scripts (Google Ads, Google Analytics) typical for a legitimate directory si"
DeepSeek-V4-Flash,3458,0,0,1,0.95,0.95,0.71875,0.25,0.48375,low,0,16,16,7,9,0,0.0,1,,,"The URL is beacondefi.io, a legitimate domain with a 2.2-year Wayback history and 146 snapshots, indicating an established site. The HTML content is a standard Ghost CMS blog post about bear markets, with no login forms, password fields, credential-harvesting scripts, hidden iframes, or brand impersonation. The static classifier (PhishGraph) also rates it as 19.1% phishing, strongly supporting benign. No phishing indicators were found despite active checks for common attack patterns."
DeepSeek-V4-Flash,3463,0,0,1,0.99,0.99,0.325,0.45,0.533,low,5,10,10,4,5,1,0.1,1,,,"The URL domain is getyourguide.com, a well-known legitimate travel booking platform. The HTML content is a full-featured article about places to visit in Ireland, with no login forms, password fields, credential-harvesting scripts, or suspicious redirects. The page includes standard analytics and advertising scripts (Facebook, Bing, Criteo, Forter) typical of a legitimate commercial site. The OSINT dossier confirms a long history (13+ years), Tranco rank, and consistent archival snapshots, all s"
DeepSeek-V4-Flash,3464,0,0,1,0.99,0.99,0.20833333333333334,1.0,0.8396666666666667,high,4,6,6,2,1,3,0.5,1,,,"The URL domain is not provided but the HTML content is clearly from eBay, with numerous references to ebaystatic.com, ebayimg.com, and ebay.com. The page is a legitimate product listing for an auto trim removal tool kit, with standard eBay meta tags, tracking scripts, and a product image. The OSINT dossier confirms the domain is extremely popular (Tranco rank #210), has a 30.8-year history, extensive Wayback snapshots, and a rich certificate transparency log, all consistent with a legitimate eBa"
DeepSeek-V4-Flash,3469,0,0,1,0.99,0.99,0.2857142857142857,1.0,0.8551428571428572,high,0,14,14,4,8,2,0.14285714285714285,1,,,"The URL resolves to a legitimate, well-known news domain (independent.ie) with a Tranco rank of #3,946 and a Wayback Machine history spanning 29 years, indicating an established, reputable site. The HTML content is a full news article with standard metadata, advertising scripts, and no credential-harvesting forms, password fields, or suspicious JavaScript. No phishing indicators such as typosquatting, fake login forms, or obfuscated content were found."
DeepSeek-V4-Flash,3470,0,0,1,0.98,0.98,0.25,1.0,0.8460000000000001,high,7,9,9,3,3,3,0.3333333333333333,1,,,"The URL domain is not provided, but the HTML content is a legitimate Facebook page for 'Hedgies' (a game), with official Facebook meta tags, canonical URL, and no credential-harvesting forms or suspicious JavaScript. The OSINT dossier shows the domain is extremely popular (Tranco rank #5), has a 29-year history, rich certificate transparency, and is hosted on a well-established ASN (AS32934). No phishing indicators such as password fields, fake login forms, obfuscated scripts, or brand impersona"
DeepSeek-V4-Flash,3476,0,0,1,0.98,0.98,0.32142857142857145,1.0,0.8602857142857143,high,7,14,14,5,8,1,0.07142857142857142,1,,,"The URL domain is games.greatergood.com, a subdomain of a well-known charitable organization. The HTML content is a legitimate game page for Classic Solitaire, with no password fields, login forms, credential-harvesting scripts, hidden iframes, or brand impersonation. The OSINT dossier confirms a 27.5-year-old domain, Tranco rank #30,488, extensive Wayback history, and RDAP registration, all strongly indicating a legitimate site. The only minor note is the use of free SSL certificates, but this "
DeepSeek-V4-Flash,3521,0,0,1,0.99,0.99,0.35714285714285715,1.0,0.8694285714285714,high,6,7,7,4,2,1,0.14285714285714285,1,,,"The URL resolves to barrons.com, a mainstream financial news site ranked #4,398 by Tranco with a 30.8-year domain age and extensive Wayback history. The HTML contains legitimate Barron's stock page content for UNH (UnitedHealth Group), including proper meta tags, canonical URL, and standard analytics/ads scripts. No password fields, credential-harvesting forms, fake login prompts, or obfuscated JavaScript were found. The OSINT dossier strongly supports legitimacy, and the HTML content matches a "
DeepSeek-V4-Flash,3529,0,0,1,0.99,0.99,0.7857142857142857,1.0,0.9551428571428572,very_high,5,7,7,4,3,0,0.0,1,,,"The URL domain is xvideos.com, a top-1k site with a 28-year history and extensive Wayback Machine snapshots, indicating a legitimate, well-established brand. The HTML content is a standard pornstar profile page on XVIDEOS, containing no credential-harvesting forms, obfuscated scripts, or fake login prompts. The page includes a report form with a CAPTCHA, which is a normal feature for user-generated content sites, not a phishing indicator. No phishing patterns such as typosquatting, fake updates,"
DeepSeek-V4-Flash,3532,0,0,1,0.99,0.99,0.25,1.0,0.8480000000000001,high,9,12,12,2,8,2,0.16666666666666666,1,,,"The URL is indeed.com, a top-1k Tranco-ranked domain with a 28-year history and extensive Wayback Machine snapshots. The HTML content is a legitimate Indeed company reviews page for McDonald's, featuring standard Indeed navigation, analytics scripts, and no credential-harvesting forms or suspicious redirects. The OSINT dossier confirms long domain age, rich certificate transparency, and reputable hosting, all consistent with a benign site."
DeepSeek-V4-Flash,3568,0,0,1,0.99,0.99,0.3333333333333333,1.0,0.8646666666666667,high,0,15,15,6,8,1,0.06666666666666667,1,,,"The URL domain is reuters.com, a top-300 Tranco-ranked site with a 33-year domain age, extensive Wayback history, and rich Certificate Transparency logs, all strongly indicating legitimacy. The HTML content is a standard Reuters stock page for LMT (Lockheed Martin), containing numerous analytics, advertising, and consent management scripts typical of a major news site, with no credential-harvesting forms, fake login prompts, or obfuscated content. No phishing indicators were found in the URL or "
DeepSeek-V4-Flash,3588,0,0,1,0.99,0.99,0.28125,1.0,0.8542500000000001,high,13,8,8,2,5,1,0.125,1,,,"The domain is a well-established, long-lived site (Tranco rank #47,958, 28.3 years old, 1000 Wayback snapshots, rich CT history) belonging to the legitimate Spanish children's fashion brand Mayoral. The HTML content is a fully localized e-commerce homepage with proper meta tags, hreflang links, structured data (Organization, BreadcrumbList), and standard analytics scripts (Google, TikTok, Clarity, New Relic). No credential-harvesting forms, obfuscated JavaScript, fake login pages, or suspicious "
DeepSeek-V4-Flash,3590,0,0,1,0.99,0.99,0.3125,1.0,0.8605,high,6,8,8,3,4,1,0.125,1,,,"The URL domain is expedia.com, a well-known mainstream travel site ranked #1,998 in Tranco with a 30.5-year domain age and extensive Wayback Machine history. The HTML content is a legitimate hotel listing page for Sheraton Kauai Coconut Beach Resort, containing canonical links, hreflang tags, Open Graph metadata, and preloaded assets from Expedia's CDN (a.travel-assets.com, images.trvl-media.com). No password fields, login forms, credential-harvesting scripts, hidden iframes, or obfuscated conte"
DeepSeek-V4-Flash,3625,0,0,1,0.99,0.99,0.7272727272727273,1.0,0.9434545454545455,very_high,8,11,11,5,6,0,0.0,1,,,"The URL domain is not provided, but the HTML content clearly belongs to Hotels.com, a well-known legitimate travel booking site. The page contains extensive hreflang tags for international versions, a canonical link, and a meta description describing a hotel property, all consistent with a legitimate hotel listing page. The OSINT dossier confirms the domain is 32 years old, ranked #3,271 in Tranco, has 1000 Wayback snapshots, and a rich certificate history, all strong signals of legitimacy. No p"
DeepSeek-V4-Flash,3635,0,0,1,0.99,0.99,0.3,1.0,0.8580000000000001,high,4,5,5,2,2,1,0.2,1,,,"The URL domain is not provided, but the HTML content is clearly from youtube.com, as evidenced by references to 'youtube_web', 'youtube.com', 'www.youtube.com', and YouTube-specific configuration objects like 'ytcfg' and 'ytcsi'. The OSINT dossier confirms the domain is extremely popular (Tranco rank #8), has a 21-year history with 1000 Wayback snapshots, and a valid RDAP record. No credential-harvesting forms, password fields, fake login pages, or obfuscated scripts were found in the HTML. The "
DeepSeek-V4-Flash,3640,0,0,1,0.99,0.99,0.325,1.0,0.863,high,8,10,10,4,5,1,0.1,1,,,"The URL resolves to developer.nvidia.com, a legitimate subdomain of NVIDIA. The HTML content is a standard NVIDIA Developer page for the Reflex SDK, containing official branding, meta tags, analytics scripts (Marketo, Adobe, Facebook Pixel), and a CSRF token. The OSINT dossier confirms the domain is 33 years old, ranked #374 in Tranco, has extensive Wayback history, and a rich certificate transparency log. No credential-harvesting forms, obfuscated scripts, or suspicious redirects were found."
DeepSeek-V4-Flash,3641,0,0,1,0.98,0.98,0.17857142857142858,1.0,0.8317142857142857,high,6,7,7,1,3,3,0.42857142857142855,1,,,"The URL domain is not provided, but the HTML content is clearly from AT&T's legitimate business login portal (wireless.att.com). The page includes official AT&T scripts (Adobe DTM, Quantum Metric, Oracle Infinity), a valid OAuth flow with proper client_id and redirect_uri pointing to att.com subdomains, and standard login form elements with forgot username/password links to att.com. The OSINT dossier confirms a 40-year-old domain, Tranco rank #1,422, extensive Wayback history, and rich certifica"
DeepSeek-V4-Flash,3649,0,0,1,0.98,0.98,0.35714285714285715,0.45,0.5374285714285715,low,6,7,7,4,2,1,0.14285714285714285,1,,,"The domain seqwater.com.au is a long-established Australian water authority site with a Tranco rank of #690,012, 23.8 years of Wayback history, and 134 certificates from 13 issuers, all consistent with a legitimate organization. The HTML content is a standard Drupal-based informational page about a dam release notification service, with no password fields, login forms, credential-harvesting scripts, hidden iframes, or brand impersonation. The presence of Google Analytics, Clarity, and Siteimprov"
DeepSeek-V4-Flash,3651,0,0,1,0.98,0.98,0.3333333333333333,1.0,0.8626666666666667,high,5,6,6,3,2,1,0.16666666666666666,1,,,"The URL domain is not provided, but the HTML content is clearly from the legitimate Virgin Australia / Velocity Frequent Flyer website, as evidenced by references to 'virginaustralia.com', 'Velocity Frequent Flyer', and Tealium/New Relic analytics scripts. The page includes standard tracking and performance monitoring code (Tealium, New Relic, Adobe Helix RUM) and no credential-harvesting forms, password fields, or obfuscated JavaScript. The OSINT dossier confirms a 26.5-year-old domain, Tranco "
DeepSeek-V4-Flash,3655,0,0,1,0.95,0.95,0.3409090909090909,0.45,0.5281818181818182,low,5,11,11,5,5,1,0.09090909090909091,1,,,"The domain has a long history with 1000 Wayback snapshots over 4.4 years and a Tranco rank of #235,506, indicating an established legitimate site. The HTML content includes standard analytics scripts (Google Tag Manager, Facebook Pixel, New Relic) and a cookie consent service, which are typical of legitimate e-commerce or business websites. No credential-harvesting forms, obfuscated JavaScript, fake login pages, or suspicious redirects were found in the provided HTML."
DeepSeek-V4-Flash,3660,0,0,1,0.98,0.98,0.25,1.0,0.8460000000000001,high,6,9,9,3,3,3,0.3333333333333333,1,,,"The domain is extremely popular (Tranco rank #24), has been registered for over 31 years, and has extensive Wayback Machine history, all of which strongly indicate a legitimate, well-established site. The HTML content is heavily obfuscated with Amazon-specific JavaScript and tracking code, but this is consistent with Amazon's real page behavior and not indicative of credential harvesting or brand impersonation. No suspicious forms, password fields, or external credential-harvesting actions were "
DeepSeek-V4-Flash,3661,0,0,1,0.98,0.98,0.25,1.0,0.8460000000000001,high,6,7,7,2,3,2,0.2857142857142857,1,,,"The URL domain is not provided, but the HTML content is a complete copy of Amazon's real page, including legitimate Amazon scripts, tracking IDs, and CDN references. The OSINT dossier shows the domain is extremely popular (Tranco rank #24), over 31 years old, with extensive Wayback history and a legitimate ASN. No credential-harvesting forms, fake login fields, or suspicious redirects are present in the truncated HTML. The page appears to be a legitimate Amazon page, not a phishing attempt."
DeepSeek-V4-Flash,3673,0,0,1,0.99,0.99,0.3333333333333333,1.0,0.8646666666666667,high,0,15,15,6,8,1,0.06666666666666667,1,,,"The URL domain is howtotrainyourdragon.fandom.com, a well-known Fandom wiki subdomain with a Tranco rank of #513 and a domain age of 29.6 years. The HTML content is a legitimate wiki article about Astrid Hofferson, containing standard MediaWiki markup, categories, and no credential-harvesting forms, password fields, or suspicious JavaScript. The page includes typical Fandom features like featured videos and comment sections, consistent with a benign wiki page. No phishing indicators such as fake"
DeepSeek-V4-Flash,3691,0,0,1,0.99,0.99,0.3269230769230769,1.0,0.8633846153846154,high,0,13,13,5,7,1,0.07692307692307693,1,,,"The URL domain is nature.com, a highly reputable and long-established site (Tranco rank #298, domain age 31.8 years, 1000 Wayback snapshots). The HTML content is a legitimate scientific article page from Nature Aging, with proper metadata, DOIs, and no credential-harvesting forms, password fields, or obfuscated scripts. No phishing indicators were found; the page is a genuine research article."
DeepSeek-V4-Flash,3699,0,0,1,0.99,0.99,0.375,1.0,0.873,high,6,8,8,5,2,1,0.125,1,,,"The URL domain is npr.org, a well-known legitimate news organization with a Tranco rank of #476, a domain age of 32.4 years, and extensive Wayback Machine history. The HTML content is a full news article about Putin and Russia's oligarchy, with no password fields, login forms, credential-harvesting scripts, hidden iframes, or any other phishing indicators. The page includes standard analytics and advertising scripts (Google Tag Manager, Optimizely, CrazyEgg, OneTrust) that are typical for a legi"
DeepSeek-V4-Flash,370,0,1,0,0.95,0.95,0.7142857142857143,1.0,0.9328571428571429,very_high,9,14,14,6,8,0,0.0,1,,,"The URL is a legitimate blogspot.com subdomain (livegilfcams.blogspot.com) hosted on Blogger, a Google-owned platform. The HTML content is a standard Blogger template with no password fields, login forms, credential-harvesting scripts, hidden iframes, or any phishing indicators. The domain is 18.8 years old, has a Tranco rank in the top 1M, and is hosted on a reputable ASN (AS15169, Google). The page appears to be an adult-oriented blog with links to external cam sites, but it does not attempt t"
DeepSeek-V4-Flash,3708,0,0,1,0.99,0.99,0.7333333333333333,1.0,0.9446666666666668,very_high,0,15,15,7,8,0,0.0,1,,,"The URL domain is montana.edu, a legitimate .edu domain for Montana State University. The HTML content is a standard university help page about Word document formatting, with no login forms, password fields, credential-harvesting scripts, or suspicious redirects. The OSINT dossier confirms a long-established domain (Tranco rank #16,297, 29.4 years of Wayback history, rich certificate transparency logs). No phishing indicators were found."
DeepSeek-V4-Flash,3728,0,0,1,0.99,0.99,0.8125,1.0,0.9605,very_high,7,8,8,5,3,0,0.0,1,,,"The URL domain is not provided, but the HTML content is clearly from Apple's official web experience app (music.apple.com or similar), containing Apple-specific API tokens, CDN references to *.apple.com and *.mzstatic.com, and a content security policy that restricts resources to Apple domains. The OSINT dossier confirms a Tranco rank of #10, a domain age of 39.2 years, and extensive Wayback Machine history, all consistent with a legitimate, long-established Apple service. No phishing indicators"
DeepSeek-V4-Flash,3733,0,0,1,0.99,0.99,0.25,1.0,0.8480000000000001,high,6,6,6,2,2,2,0.3333333333333333,1,,,"The domain is ebay.com, a top-210 Tranco-ranked site with a 30.8-year registration history, extensive Wayback Machine snapshots, and rich Certificate Transparency logs — all strong signals of a legitimate, well-established domain. The HTML content includes standard eBay infrastructure (dns-prefetch links to ebaystatic.com, ebayimg.com, ebayrtm.com), eBay-specific JavaScript for analytics and logging (RUM logger, Google Tag Manager, Bing, Pinterest, Facebook pixels), and a product listing for a v"
DeepSeek-V4-Flash,3738,0,0,1,0.99,0.99,0.296875,1.0,0.857375,high,0,16,16,5,9,2,0.125,1,,,"The URL resolves to a legitimate Sports Illustrated subdomain (si.com) with a Tranco rank of #3,130, a 35.9-year domain age, and over 1,000 Wayback snapshots spanning 23 years. The HTML content is a standard news article about Ohio State football, containing no password fields, login forms, credential-harvesting scripts, hidden iframes, or obfuscated content. The page includes standard advertising and analytics scripts (Google Tag Manager, Amazon Ads, ScorecardResearch) typical of a mainstream s"
DeepSeek-V4-Flash,3740,0,0,1,0.99,0.99,0.3333333333333333,1.0,0.8646666666666667,high,0,15,15,6,8,1,0.06666666666666667,1,,,"The URL resolves to a legitimate Lonely Planet article about Sequoia National Park. The domain is 31.7 years old, ranked #3,380 by Tranco, has extensive Wayback Machine history, and a rich certificate transparency log. The HTML content contains standard travel article metadata, analytics scripts (Google Analytics, New Relic, Quantcast), and no credential-harvesting forms, password fields, or obfuscated JavaScript. No phishing indicators were found."
DeepSeek-V4-Flash,3744,0,0,1,0.99,0.99,0.3076923076923077,1.0,0.8595384615384616,high,8,13,13,4,8,1,0.07692307692307693,1,,,"The URL domain is www.msn.com, a Tranco top-62 site with a 31.5-year domain age, extensive Wayback history, and rich Certificate Transparency logs — all strong signals of a legitimate, well-established service. The HTML content is a fully featured MSN Weather page for Broomfield, CO, with no password fields, login forms, credential-harvesting JavaScript, hidden iframes, or any brand impersonation. The page loads legitimate Microsoft assets and APIs (assets.msn.com, ent-api.msn.com) and contains "
DeepSeek-V4-Flash,3755,0,0,1,0.99,0.99,0.3333333333333333,1.0,0.8646666666666667,high,0,15,15,6,8,1,0.06666666666666667,1,,,"The URL domain is travelandleisure.com, a well-known, long-established brand with a Tranco rank of #4,157 and a domain age of over 28 years. The HTML content is a legitimate article about stadium-approved bags, with no login forms, password fields, credential-harvesting scripts, or suspicious redirects. The page includes standard analytics and advertising scripts from Google and other reputable sources, consistent with a legitimate media site. No phishing indicators were found, and the OSINT dos"
DeepSeek-V4-Flash,376,1,1,1,0.98,0.98,0.5,0.65,0.674,mid,7,9,7,0,7,0,0.0,1,,,"The page presents a fake AI crypto trading dashboard with a 'Join Waitlist' button that opens a modal requesting email and a USDT TRC-20 wallet address for donation, which is a classic advance-fee scam pattern. The domain is not in the Tranco top 1M, is only 325 days old, and has no CT log hits, all consistent with a freshly registered phishing domain. The PhishGraph classifier scores it 99% phishing, and the combination of a fake investment dashboard with a direct cryptocurrency donation reques"
DeepSeek-V4-Flash,378,0,1,0,0.95,0.95,0.3409090909090909,0.25,0.40818181818181815,low,5,11,11,5,5,1,0.09090909090909091,1,,,"The page is a fully themed gambling/casino lobby with extensive CSS skin variables, a manifest for PWA, and no login forms, password fields, or credential-harvesting JavaScript. The URL domain was not provided, but the HTML content shows no brand impersonation, fake CAPTCHA, or wallet drainer patterns. The static classifier PhishGraph rates it 42.8% phishing, which is low, and the OSINT signals (no Tranco rank, no Wayback history) are typical of new or niche sites, not definitive phishing indica"
DeepSeek-V4-Flash,3796,0,0,1,0.99,0.99,0.325,1.0,0.863,high,7,10,10,4,5,1,0.1,1,,,"The URL domain is youtube.com, a top-10 Tranco site with a 21-year history, extensive Wayback snapshots, and a valid RDAP record. The HTML content is the legitimate YouTube front-end with standard Polymer framework, error handling, and performance tracking scripts. No credential-harvesting forms, obfuscated JavaScript, or brand impersonation patterns are present. The static classifier (PhishGraph) also rates it as 0.1% phishing, consistent with benign behavior."
DeepSeek-V4-Flash,3798,0,0,1,0.99,0.99,0.3333333333333333,0.45,0.5346666666666667,low,5,12,12,5,6,1,0.08333333333333333,1,,,"The URL resolves to a legitimate subdomain of digitalwallonia.be, a well-known Belgian government-backed digital initiative. The HTML content is a React-based informational page about 'Betrail', a trail running platform, with no login forms, password fields, credential-harvesting scripts, or any phishing indicators. The OSINT dossier confirms the domain is established (Tranco rank #536,644, 10.8 years of Wayback history, 1000 snapshots), which strongly supports benign status. No suspicious eleme"
DeepSeek-V4-Flash,3815,0,0,1,0.99,0.99,0.7777777777777778,1.0,0.9535555555555556,very_high,8,9,9,5,4,0,0.0,1,,,"The URL domain is www.msn.com, a top-100 Tranco-ranked site with a 31.5-year domain age, extensive Wayback history, and rich Certificate Transparency logs — all strong signals of a legitimate, well-established service. The HTML content is a fully featured MSN Weather page for Broomfield, CO, with no password fields, login forms, credential-harvesting JavaScript, hidden iframes, or any brand impersonation. The page loads legitimate Microsoft assets and configuration endpoints, and the static clas"
DeepSeek-V4-Flash,3826,0,0,1,0.99,0.99,0.39285714285714285,1.0,0.8765714285714286,high,5,7,7,5,1,1,0.14285714285714285,1,,,"The URL domain is not provided, but the HTML content is clearly a Reddit page (title 'Is is truly acceptable to visit Buddhist temples for tourism? : r/Buddhism') with standard Reddit scripts, configuration, and assets from redditstatic.com. The OSINT dossier shows the domain is extremely popular (Tranco rank #106), 21.1 years old, and has a registrar record, all strongly indicating legitimacy. No credential-harvesting forms, fake login prompts, or obfuscated content are present. The page is a g"
DeepSeek-V4-Flash,3827,0,0,1,0.99,0.99,0.32142857142857145,1.0,0.8622857142857143,high,5,7,7,3,3,1,0.14285714285714285,1,,,"The URL is a legitimate Microsoft Learn Q&A page (learn.microsoft.com), which is a well-known, highly ranked domain with a 35-year history, extensive Wayback Machine snapshots, and a rich certificate transparency log. The HTML content is a standard Q&A page about OneDrive file recovery, containing no password fields, login forms, credential-harvesting scripts, hidden iframes, or any other phishing indicators. The page is fully functional and matches the expected structure of a Microsoft support "
DeepSeek-V4-Flash,3835,0,0,1,0.99,0.99,0.35,1.0,0.868,high,5,5,5,3,1,1,0.2,1,,,"The URL domain is not provided, but the HTML content is clearly from the legitimate Dillard's website, with references to 'dimg.dillards.com', 'DillardsZoom', and a title 'Wedding Guest Dresses | Dresses to Wear to a Wedding | Dillard's'. The page includes complex React-based assets, a favicon from Dillard's CDN, and no credential-harvesting forms, fake login fields, or obfuscated scripts. The OSINT dossier confirms a 31-year-old domain, Tranco rank #17,517, and extensive Wayback history, all st"
DeepSeek-V4-Flash,3838,0,0,1,0.99,0.99,0.32142857142857145,1.0,0.8622857142857143,high,4,7,7,3,3,1,0.14285714285714285,1,,,"The URL domain is not provided, but the HTML content is clearly from a legitimate news site (NBC News / Today.com) with extensive branding, standard analytics scripts, and no credential-harvesting forms. The OSINT dossier shows a 28-year-old domain with a Tranco rank of #2,836, thousands of Wayback snapshots, and a valid RDAP record, all strongly indicating a legitimate, well-established site. No phishing indicators such as fake login forms, password fields, obfuscated JavaScript, or suspicious "
DeepSeek-V4-Flash,3843,0,0,1,0.99,0.99,0.325,1.0,0.863,high,10,10,10,4,5,1,0.1,1,,,"The URL domain is npr.org, a well-known legitimate news organization with a Tranco rank of #476, a domain age of 32.4 years, and extensive Wayback Machine history. The HTML content is a standard news article about tariffs, containing no password fields, login forms, credential-harvesting scripts, hidden iframes, or any other phishing indicators. The page includes standard analytics, advertising, and consent management scripts typical of a major media site. No evidence of brand impersonation, fak"
DeepSeek-V4-Flash,3845,0,0,1,0.99,0.99,0.2857142857142857,1.0,0.8551428571428572,high,7,7,7,2,4,1,0.14285714285714285,1,,,"The URL domain is 1800flowers.com, a well-known legitimate brand with a Tranco rank of #21,172, a domain age of 30.7 years, and over 1000 Wayback snapshots. The HTML content is a fully functional e-commerce page for flower arrangements, with legitimate tracking scripts (Google Analytics, Facebook Pixel, PayPal tag manager) and no credential-harvesting forms, obfuscated JavaScript, or suspicious redirects. The static classifier (PhishGraph) also rates it as benign at 4.8% phishing probability. Al"
DeepSeek-V4-Flash,3849,0,0,1,0.99,0.99,0.29545454545454547,1.0,0.8570909090909091,high,7,11,11,4,5,2,0.18181818181818182,1,,,"The URL domain is britannica.com, a top-1k Tranco-ranked site with a 30.9-year domain age, extensive Wayback history, and rich certificate transparency logs, all strongly indicating a legitimate, well-established entity. The cleaned HTML content shows a standard biography page for America Ferrera with complex but normal advertising and analytics scripts (e.g., Google Tag Manager, Facebook Pixel, Confiant, LiveIntent), and no credential-harvesting forms, password fields, fake login prompts, or ob"
DeepSeek-V4-Flash,3854,0,0,1,0.99,0.99,0.3333333333333333,1.0,0.8646666666666667,high,0,15,15,6,8,1,0.06666666666666667,1,,,"The URL is a legitimate IMDb title page (imdb.com/title/tt2016303/), confirmed by the domain's Tranco rank #244, 30-year age, extensive Wayback history, and valid RDAP registration. The HTML content is a standard IMDb movie page with structured data, Open Graph tags, and no credential-harvesting forms, password fields, or obfuscated scripts. No phishing indicators were found; the page is a genuine movie listing."
DeepSeek-V4-Flash,3856,0,0,1,0.99,0.99,0.3,1.0,0.8580000000000001,high,0,15,15,5,8,2,0.13333333333333333,1,,,"The URL resolves to a legitimate WIRED article about Amazon Fire tablets, as confirmed by the domain's Tranco rank (#518), 33.5-year age, and extensive Wayback Machine history. The HTML content contains standard WIRED article metadata, analytics scripts, and advertising code, with no password fields, login forms, credential-harvesting JavaScript, or brand impersonation. No phishing indicators were found, and the OSINT signals strongly support legitimacy."
DeepSeek-V4-Flash,3870,0,0,1,0.99,0.99,0.29411764705882354,1.0,0.8568235294117648,high,0,17,17,4,12,1,0.058823529411764705,1,,,"The domain is extremely popular (Tranco rank #24), has been registered for 31.5 years, and has 1000 Wayback snapshots spanning 27.4 years — all strong signals of a legitimate, well-established site. The HTML content is a full, complex Amazon page with standard Amazon scripts, analytics, and structure; no credential-harvesting forms, obfuscated JavaScript, or suspicious redirects were found. The static classifier (PhishGraph) also rates it as benign at 2.6% phishing probability. There is no evide"
DeepSeek-V4-Flash,388,1,1,1,0.99,0.99,0.42857142857142855,0.65,0.6412857142857142,mid,7,7,7,0,6,1,0.14285714285714285,1,,,"The page impersonates ESL Federal Credit Union with a login form that submits credentials to 'pass.php', a classic credential-harvesting endpoint. The domain is not in the Tranco top 1M, is only 208 days old, and has never been archived by the Wayback Machine, all consistent with a short-lived phishing site. The static classifier PhishGraph gives a 99.9% phishing probability, and the HTML contains a username field with no visible password field but a 'Next' button, suggesting a multi-step harves"
DeepSeek-V4-Flash,3892,0,0,1,0.99,0.99,0.2916666666666667,1.0,0.8563333333333334,high,0,18,18,5,11,2,0.1111111111111111,1,,,"The URL domain is three.co.uk, a legitimate UK mobile network operator, with a Tranco rank of #32,162 and a domain age of 29.1 years, strongly indicating a well-established site. The HTML content is a genuine support page about eSIMs, containing no password fields, login forms, credential-harvesting scripts, hidden iframes, or obfuscated content. The page includes standard analytics and third-party integrations (Adobe, BazaarVoice, OneTrust) typical of a legitimate enterprise site. No phishing i"
DeepSeek-V4-Flash,3906,0,0,1,0.99,0.99,0.234375,1.0,0.844875,high,0,16,16,3,9,4,0.25,1,,,"The URL domain is facebook.com, a top-5 Tranco-ranked site with a 29-year domain age, extensive Wayback history, and rich certificate transparency logs, all strongly indicating legitimacy. The HTML content contains standard Facebook meta tags, Open Graph properties, and JavaScript bootstrapping code typical of the real Facebook platform, with no password fields, login forms, credential-harvesting scripts, or obfuscated content. No phishing indicators were found, and the static classifier (PhishG"
DeepSeek-V4-Flash,391,0,1,0,0.95,0.95,0.25,1.0,0.8400000000000001,high,6,7,7,2,3,2,0.2857142857142857,1,,,"The HTML content is a PDF viewer (Mozilla's pdf.js) rendering a PDF file, not a standalone webpage with login forms or credential harvesting. The URL and domain were not provided, but the dossier shows a domain that is 1.8 years old, has 1000 Wayback snapshots, a Tranco rank, and rich CT certificate diversity—all indicators of a legitimate, established domain. The PDF title mentions 'Robinhood customer support contact numbers', which could be a support document, not a phishing page. No password "
DeepSeek-V4-Flash,3926,0,0,1,0.95,0.95,0.3333333333333333,0.25,0.4066666666666666,low,0,15,15,6,8,1,0.06666666666666667,1,,,"The URL resolves to a legitimate WordPress blog (fantagiochi.it) with a 22-year-old domain, extensive Wayback history, and no credential-harvesting forms or obfuscated scripts. The page is a blog post about an online chess game, containing only informational content, comments, and standard WordPress assets. No phishing indicators such as password fields, fake login forms, or brand impersonation were found."
DeepSeek-V4-Flash,3928,0,0,1,0.99,0.99,0.32142857142857145,1.0,0.8622857142857143,high,5,7,7,4,1,2,0.2857142857142857,1,,,"The URL is a legitimate TechRadar article comparing QLED and OLED TVs, with a domain that has been established for over 22 years, ranked #2,273 by Tranco, and has extensive Wayback Machine history. The HTML content is a standard news article with no password fields, login forms, credential-harvesting scripts, hidden iframes, or any other phishing indicators. The page includes typical advertising and analytics scripts, but no elements designed to steal credentials or impersonate brands."
DeepSeek-V4-Flash,3938,0,0,1,0.99,0.99,0.3125,1.0,0.8605,high,5,8,8,3,4,1,0.125,1,,,"The URL domain is macquarie.com.au, a legitimate Australian bank with a Tranco rank of ~79k, 29.5 years of Wayback history, and a rich certificate transparency log. The HTML content is a help article about reporting fraud, containing no login forms, password fields, credential-harvesting scripts, or suspicious redirects. The page includes standard analytics and tracking scripts (Google Tag Manager, Facebook Pixel, CrazyEgg) typical of a legitimate corporate site. No phishing indicators were foun"
DeepSeek-V4-Flash,394,1,1,1,0.99,0.99,1.0,0.15,0.827,high,5,6,5,5,0,0,0.0,1,,,"The page contains a login form impersonating Roblox, but the JavaScript exfiltrates credentials to a Discord webhook (https://discordapp.com/api/webhooks/1429753608878162100/...). The login button triggers credential harvesting via sendToWebhook() and then redirects to a legitimate Roblox profile to hide the attack. The domain is 8 years old and has a high Tranco rank, but the HTML content is clearly malicious, overriding any benign OSINT signals."
DeepSeek-V4-Flash,3944,0,0,1,0.99,0.99,0.25,1.0,0.8480000000000001,high,5,7,7,2,3,2,0.2857142857142857,1,,,"The URL domain is not provided but the HTML content is clearly a legitimate Facebook page for Cobie Smulders, containing official Facebook meta tags, Open Graph properties, and Facebook-specific scripts. The OSINT dossier shows the domain is extremely popular (Tranco rank #5), has a 29-year history, rich Certificate Transparency logs, and is hosted on a long-established ASN. No credential-harvesting forms, obfuscated scripts, or suspicious redirects were found in the HTML."
DeepSeek-V4-Flash,3966,0,0,1,0.99,0.99,0.32142857142857145,1.0,0.8622857142857143,high,6,7,7,3,3,1,0.14285714285714285,1,,,"The URL domain is indeed.com, a top-1k site with a 28-year history, extensive Wayback snapshots, and valid RDAP registration. The HTML content is a legitimate job search results page with Indeed's standard branding, stylesheets, and scripts from their CDN. No credential-harvesting forms, obfuscated JavaScript, or suspicious redirects were found. The static classifier also rates it as benign with 0.1% phishing probability."
DeepSeek-V4-Flash,3975,0,0,1,0.99,0.99,0.23333333333333334,1.0,0.8446666666666667,high,9,15,15,3,8,4,0.26666666666666666,1,,,"The domain legacy.com is a well-established, mainstream site with a Tranco rank of #3,642, a 32-year domain age, and extensive Wayback Machine history. The HTML content is a legitimate funeral home listing page for Robinson & Son Mortuary Inc., containing structured data (schema.org LocalBusiness), obituary information, and standard analytics scripts. No credential-harvesting forms, password fields, fake login prompts, or obfuscated JavaScript were found. The page is clearly a subpage of a reput"
DeepSeek-V4-Flash,3977,0,0,1,0.99,0.99,0.32142857142857145,1.0,0.8622857142857143,high,6,7,7,3,3,1,0.14285714285714285,1,,,"The URL is www.britannica.com, a top-1k Tranco-ranked domain with a 30.9-year age, extensive Wayback history, and rich certificate transparency logs, all strongly indicating a legitimate, well-established site. The cleaned HTML content shows complex ad-tech and analytics scripts (Google Tag Manager, Facebook Pixel, Braze, Prebid, Confiant) typical of a major publisher, with no credential-harvesting forms, password fields, fake login overlays, or obfuscated phishing payloads. The page is an artic"
DeepSeek-V4-Flash,3978,0,0,1,0.98,0.98,0.7857142857142857,1.0,0.9531428571428572,very_high,6,7,7,4,3,0,0.0,1,,,"The URL domain is not provided, but the HTML content is clearly from Apple's legitimate web experience app (music.apple.com or similar), with references to Apple's CDN, API endpoints, and a valid JWT token. The OSINT dossier shows a Tranco rank of #10, domain age of 39.2 years, and extensive Wayback Machine history, all strongly indicative of a legitimate, well-established site. No credential-harvesting forms, obfuscated scripts, or suspicious redirects were found in the HTML. The static classif"
DeepSeek-V4-Flash,398,1,1,1,0.98,0.98,0.4375,0.15,0.5427500000000001,low,8,9,8,0,7,1,0.125,1,,,"The page is a classic 'free data' scam targeting Tanzanian mobile users. It asks for a phone number, then demands sharing a WhatsApp message to 10 friends or 5 groups before claiming the reward, which is a typical social engineering propagation technique. The fake comments, fake like/share counters, and artificial progress bars are all designed to create false social proof and urgency. Although the domain is legitimate (maofatu.co.tz, Tranco #302, 5.7 years old), the HTML content is entirely fra"
DeepSeek-V4-Flash,3982,0,0,1,0.99,0.99,0.7727272727272727,1.0,0.9525454545454546,very_high,7,11,11,6,5,0,0.0,1,,,"The URL is a legitimate subdomain of saone-et-loire.gouv.fr, a French government domain. The HTML content is a standard government information page about the 'Médaille d'honneur du travail' with no login forms, password fields, credential-harvesting scripts, or suspicious redirects. The OSINT dossier confirms a 31-year-old domain, extensive Wayback history, and valid RDAP registration, all consistent with a benign government site."
DeepSeek-V4-Flash,400,0,1,0,0.95,0.95,0.75,0.25,0.49,low,8,10,10,5,5,0,0.0,1,,,"The domain pamstewart.shop is not a known brand impersonation; it appears to be a legitimate WooCommerce store for Ilse Jacobsen products. The HTML contains standard WordPress and WooCommerce assets, a valid Yoast SEO schema, and no credential-harvesting forms, password fields, or obfuscated JavaScript. The Wayback Machine shows 18 snapshots over 1.3 years, indicating an established site, and the static classifier (PhishGraph) rates it as 1.8% phishing, strongly supporting benign status."
DeepSeek-V4-Flash,4010,0,0,1,0.99,0.99,0.3333333333333333,1.0,0.8646666666666667,high,0,15,15,6,8,1,0.06666666666666667,1,,,"The URL domain is turtle-wow.fandom.com, a subdomain of the well-known Fandom platform. The HTML content is a standard Fandom wiki page for 'Turtle WoW Wiki', with no login forms, password fields, credential-harvesting scripts, or suspicious redirects. The OSINT dossier confirms the domain is extremely popular (Tranco rank #513), has a long Wayback history (1000 snapshots over 3.5 years), and is 29.6 years old, all strong indicators of legitimacy. No phishing indicators were found."
DeepSeek-V4-Flash,4011,0,0,1,0.98,0.98,0.3,0.45,0.526,low,0,15,15,5,8,2,0.13333333333333333,1,,,"The URL is a legitimate local news site (vicenzatoday.it) with a long history (14.9 years in Wayback, Tranco rank #166,747). The HTML content is a full news article about a vandalized mural, with no login forms, password fields, credential-harvesting scripts, or brand impersonation. The page includes standard analytics, cookie consent, and advertising scripts typical of a news website. No phishing indicators were found."
DeepSeek-V4-Flash,4031,0,0,1,0.95,0.95,0.3125,1.0,0.8525,high,8,8,8,3,4,1,0.125,1,,,"The domain is 30 years old, ranked in Tranco, has extensive Wayback history, and RDAP records, all indicating a legitimate, long-standing site. The HTML content includes standard analytics (Google Tag Manager, New Relic) and no credential-harvesting forms, password fields, or obfuscated scripts. The static classifier (PhishGraph) also rates it as 0.1% phishing, strongly supporting a benign verdict."
DeepSeek-V4-Flash,4037,0,0,1,0.95,0.95,0.3055555555555556,0.25,0.4011111111111111,low,5,9,9,3,5,1,0.1111111111111111,1,,,"The page is a standard 404 error page from Hatena Blog, a legitimate Japanese blogging platform. The HTML contains no login forms, password fields, credential-harvesting scripts, or any brand impersonation. The URL domain is not provided, but the content is clearly a Hatena Blog error page with links to Hatena Blog top and help pages. The static classifier (PhishGraph) gave a low phishing score (26.2%), and the OSINT dossier shows a 2.4-year-old domain with 1000 Wayback snapshots, which is incon"
DeepSeek-V4-Flash,4039,0,0,1,0.99,0.99,0.265625,1.0,0.851125,high,0,16,16,4,9,3,0.1875,1,,,"The URL domain is ebay.com, a top-1k Tranco-ranked site with a 30-year domain age, extensive Wayback history, and rich Certificate Transparency logs, all strongly indicating legitimacy. The HTML content is a genuine eBay product listing for a Dell laptop, with standard eBay static assets, tracking scripts, and meta tags, and no credential-harvesting forms, obfuscated JavaScript, or suspicious redirects. No phishing indicators were found, and the OSINT dossier overwhelmingly supports a benign ver"
DeepSeek-V4-Flash,4048,0,0,1,0.99,0.99,0.2777777777777778,1.0,0.8535555555555556,high,8,9,9,3,4,2,0.2222222222222222,1,,,"The URL domain is not provided, but the HTML content is clearly from Facebook's legitimate infrastructure: it includes Facebook-specific meta tags, canonical URL pointing to facebook.com, Facebook app store IDs, and references to static.xx.fbcdn.net. The OSINT dossier confirms the domain is extremely popular (Tranco rank #5), has a 29-year history, rich CT logs, and is hosted on a well-established ASN. No credential-harvesting forms, suspicious redirects, or obfuscated scripts were found in the "
DeepSeek-V4-Flash,4051,0,0,1,0.95,0.95,0.2857142857142857,1.0,0.8471428571428572,high,8,7,7,2,4,1,0.14285714285714285,1,,,"The domain winsornewton.com is a well-established brand with a Tranco rank of #137,555, a 29.9-year domain age, and over 1000 Wayback snapshots dating back 28 years. The HTML content is a legitimate Shopify storefront with standard e-commerce scripts (GDPR consent, analytics, Facebook pixel) and no credential-harvesting forms, obfuscated JavaScript, or suspicious redirects. The use of free SSL issuers is common for Shopify stores and not indicative of phishing. The static classifier (PhishGraph)"
DeepSeek-V4-Flash,4053,0,0,1,0.99,0.99,0.3269230769230769,1.0,0.8633846153846154,high,2,13,13,5,7,1,0.07692307692307693,1,,,"The URL resolves to wunderground.com, a well-known weather service with a Tranco rank of #2,097 and a domain age of 31.1 years. The HTML content is a legitimate weather forecast page for Warsaw, OH, containing standard weather data, advertising scripts, and no credential-harvesting forms, password fields, or obfuscated phishing elements. The presence of a script from 'fakedisguise.com' is suspicious but appears to be an ad-related script loaded by the page's extensive advertising network, not a "
DeepSeek-V4-Flash,4055,0,0,1,0.98,0.98,0.3541666666666667,1.0,0.8668333333333333,high,5,12,12,6,5,1,0.08333333333333333,1,,,"The URL domain is not provided, but the HTML content is clearly from the legitimate University of Missouri System website (umsystem.edu). The page contains a canonical link to umsystem.edu, references to Drupal 10, Google Analytics, and Google Tag Manager, and extensive navigation and content about the university. No password fields, login forms, credential-harvesting scripts, hidden iframes, or other phishing indicators are present. The OSINT dossier confirms a long-established domain with a Tr"
DeepSeek-V4-Flash,4057,0,0,1,0.99,0.99,0.7727272727272727,1.0,0.9525454545454546,very_high,8,11,11,6,5,0,0.0,1,,,"The URL domain is not provided, but the HTML content is a fully legitimate Apple Music web experience page, as evidenced by the presence of Apple-specific API endpoints (amp-api-edge.apps.apple.com), Apple CDN domains (is1-ssl.mzstatic.com), and a valid Apple JWT token in the configuration. The page contains no password fields, login forms, credential-harvesting JavaScript, hidden iframes, or any other phishing indicators. The OSINT dossier confirms the domain is extremely popular (Tranco rank #"
DeepSeek-V4-Flash,4059,0,0,1,0.95,0.95,0.3333333333333333,1.0,0.8566666666666667,high,6,6,6,3,2,1,0.16666666666666666,1,,,"The URL domain is amazon.com, a top-24 Tranco-ranked site with a 31.5-year registration history and extensive Wayback Machine snapshots, strongly indicating legitimacy. The HTML content is a full, complex Amazon page with standard Amazon JavaScript, analytics, and CDN references (images-na.ssl-images-amazon.com, m.media-amazon.com), and no credential-harvesting forms, fake login fields, or obfuscated scripts. No phishing indicators such as typosquatting, suspicious TLDs, or brand impersonation w"
DeepSeek-V4-Flash,4063,0,0,1,0.99,0.99,0.19230769230769232,1.0,0.8364615384615385,high,9,13,13,1,8,4,0.3076923076923077,1,,,"The URL resolves to the legitimate quiksilver.com domain, which has a 29-year history, extensive Wayback snapshots, and a high Tranco rank. The HTML content is a standard Shopify-powered blog article about GORE-TEX, with no password fields, login forms, credential-harvesting scripts, or brand impersonation. The presence of multiple analytics and marketing scripts (Facebook Pixel, Klarna, Smile.io) is consistent with a legitimate e-commerce site."
DeepSeek-V4-Flash,4077,0,0,1,0.99,0.99,0.32142857142857145,1.0,0.8622857142857143,high,5,7,7,3,3,1,0.14285714285714285,1,,,"The URL domain is not provided, but the HTML content is a legitimate BBC News topic page about Reddit, with canonical link to bbc.com, official BBC metadata, and references to BBC's static assets and analytics scripts. The OSINT dossier shows the domain is extremely popular (Tranco rank #203), has a 36.8-year age, and extensive Wayback history, all strongly indicating a legitimate site. No credential-harvesting forms, fake login prompts, or obfuscated scripts are present in the HTML."
DeepSeek-V4-Flash,4079,0,0,1,0.99,0.99,0.3125,1.0,0.8605,high,9,8,8,3,4,1,0.125,1,,,"The URL domain is not provided, but the HTML content clearly belongs to the legitimate The North Face website (thenorthface.com). The page includes standard brand assets, a manifest with the correct start URL, and references to official analytics and monitoring services (Dynatrace, Google Tag Manager, Optimizely, Monetate, Bloomreach). The OSINT dossier confirms a 30.6-year-old domain, Tranco rank #13,346, 1000 Wayback snapshots, and rich certificate transparency history, all consistent with a m"
DeepSeek-V4-Flash,408,0,1,0,0.95,0.95,0.8333333333333334,1.0,0.9566666666666668,very_high,8,9,9,6,3,0,0.0,1,,,"The domain pandoorajewlirys.us.com is 33.4 years old, ranked in the Tranco top 1k, and has a rich RDAP and CT history, all strong signals of legitimacy. The HTML content is a fully functional WooCommerce-based jewelry store with standard e-commerce features (product search, cart, checkout) and no credential-harvesting forms, password fields, or obfuscated scripts. The site uses a legitimate WordPress theme (Flatsome) and includes canonical links, favicon, and proper meta tags, consistent with a "
DeepSeek-V4-Flash,4082,0,0,1,0.98,0.98,0.7333333333333333,0.25,0.49266666666666664,low,0,15,15,7,8,0,0.0,1,,,"The URL domain is a legitimate Japanese municipal government site (town.nanbu.tottori.jp) with a .jp ccTLD, and the HTML content is a standard informational page about the town's history and organization, containing no login forms, password fields, credential-harvesting scripts, or suspicious redirects. The OSINT dossier confirms a long history (21.6 years), rich Certificate Transparency logs, and a stable hosting on a Japanese ASN, all consistent with a benign government website. No phishing in"
DeepSeek-V4-Flash,4083,0,0,1,0.99,0.99,0.25,1.0,0.8480000000000001,high,8,10,10,2,6,2,0.2,1,,,"The URL domain is hollisterco.com, a well-known brand with a Tranco rank of #12,543, a 24-year domain age, and extensive Wayback Machine history. The HTML content is a legitimate product listing page for Hollister sweatpants, with proper meta tags, canonical links, and standard analytics scripts (Facebook, TikTok, Pinterest, etc.). No credential-harvesting forms, fake login prompts, or obfuscated scripts were found. The static classifier (PhishGraph) also rates it as 0.1% phishing, strongly supp"
DeepSeek-V4-Flash,4097,0,0,1,0.99,0.99,0.3055555555555556,1.0,0.8591111111111112,high,10,9,9,4,3,2,0.2222222222222222,1,,,"The URL is www.britannica.com, a well-known encyclopedia site ranked #613 by Tranco, with a 30.9-year domain age, extensive Wayback history, and rich certificate transparency logs. The HTML content is a legitimate article about Tunisia's languages, containing no password fields, login forms, credential-harvesting scripts, hidden iframes, or any phishing indicators. The page includes standard analytics and advertising scripts typical of a major content publisher, and the static classifier (PhishG"
DeepSeek-V4-Flash,4107,0,0,1,0.99,0.99,0.20833333333333334,1.0,0.8396666666666667,high,5,6,6,1,3,2,0.3333333333333333,1,,,"The URL domain suncentral.sunlife.ca is a legitimate subdomain of sunlife.ca, a well-known financial services brand. The HTML content is a fully functional, complex web application with standard branding, analytics scripts (Qualtrics, LinkedIn, Google Tag Manager), and no credential-harvesting forms or suspicious redirects. The OSINT dossier confirms a 33-year-old domain, Tranco rank #17,296, extensive Wayback history, and rich certificate transparency logs, all consistent with a legitimate ente"
DeepSeek-V4-Flash,4109,1,0,0,0.92,0.92,0.4,0.15,0.506,low,5,4,5,0,4,1,0.2,1,,,"The page loads an obfuscated script from a suspicious path '/so-founter-fill-filter-liuery-of-the-not-of-a-di' which is typical of credential-harvesting JavaScript injection. The HTML contains New Relic monitoring code that is inconsistent with a simple login page, suggesting the page is instrumented to track victims. The domain is not in the Tranco top 1M and has no CT log hits, both of which are common in phishing setups despite its old age. The static classifier (PhishGraph) gives 83.9% phish"
DeepSeek-V4-Flash,411,0,1,0,0.85,0.85,0.75,0.25,0.47000000000000003,low,10,8,8,4,4,0,0.0,1,,,"The domain probets.online is 325 days old and has a Wayback Machine history spanning 5.3 years with 1000 snapshots, indicating established content. The HTML content is a fully featured sports prediction service with Nuxt.js framework, Google Sign-In integration, and no credential-harvesting forms, password fields, or obfuscated scripts. The page promotes a legitimate betting tips service with transparent statistics and pricing, and there is no evidence of brand impersonation, fake updates, or wa"
DeepSeek-V4-Flash,4121,0,0,1,0.95,0.95,0.7857142857142857,1.0,0.9471428571428572,very_high,6,7,7,4,3,0,0.0,1,,,"The page is a legitimate open-source project page for 'Google Messages for Desktop', hosted on a domain with a 7.9-year history and 291 Wayback snapshots. The HTML contains no credential-harvesting forms, password fields, or obfuscated scripts; it only provides download links to a GitHub releases page. The explicit disclaimer 'No affiliation with Google' and links to the official Google Messages web client further confirm its benign nature."
DeepSeek-V4-Flash,4123,0,0,1,0.99,0.99,0.3333333333333333,1.0,0.8646666666666667,high,7,6,6,3,2,1,0.16666666666666666,1,,,"The URL domain is not provided, but the HTML content is clearly from Trustpilot, a legitimate review platform. The page includes proper canonical and hreflang tags, references to official Trustpilot CDN assets, and analytics scripts from Segment, Google Tag Manager, and Hotjar, which are typical for a legitimate site. The OSINT dossier confirms the domain is extremely popular (Tranco rank #345), has a long history (18.9 years), and is hosted on a reputable ASN. No credential-harvesting forms, fa"
DeepSeek-V4-Flash,4124,0,0,1,0.95,0.95,0.75,0.25,0.49,low,4,10,10,5,5,0,0.0,1,,,"The URL domain is not provided, but the OSINT dossier shows a domain with a 3.6-year Wayback history, 1000 snapshots, and a first certificate 1,379 days ago, indicating an established site. The HTML content contains a large, complex JavaScript library (RocketLazyLoadScripts) for performance optimization, which is typical of legitimate sites using WP Rocket. No password fields, login forms, credential-harvesting scripts, hidden iframes, brand impersonation, fake CAPTCHA, redirects, obfuscated con"
DeepSeek-V4-Flash,4127,0,0,1,0.95,0.95,0.25,1.0,0.8400000000000001,high,8,8,8,2,4,2,0.25,1,,,"The URL domain is not provided, but the HTML content is clearly from Facebook's legitimate infrastructure, with canonical links to facebook.com, standard Facebook meta tags, and Facebook-specific scripts and resources. The OSINT dossier shows the domain is extremely popular (Tranco rank #5), has a 29-year history, rich certificate transparency logs, and is hosted on a well-established ASN (AS32934). No credential-harvesting forms, obfuscated JavaScript, fake login pages, or suspicious redirects "
DeepSeek-V4-Flash,414,1,1,1,0.94,0.94,0.35714285714285715,0.15,0.49057142857142855,low,7,7,7,0,5,2,0.2857142857142857,1,,,"The page is a 'Fortnite Skins Generator' that promises free in-game items, a classic scam pattern. It loads external JavaScript from a CloudFront CDN (d3k0q5ez56odtk.cloudfront.net) which can execute credential-harvesting or redirect logic. The page uses a no-referrer meta tag and has no visible login form, but the scam likely collects account credentials via the external script or subsequent steps. The domain is old (19.6 years) and has a Tranco rank, but the content is fraudulent, and the Wayb"
DeepSeek-V4-Flash,4146,0,0,1,0.99,0.99,0.8571428571428571,1.0,0.9694285714285715,very_high,5,7,7,5,2,0,0.0,1,,,"The URL domain is not provided, but the HTML content is a fully legitimate Apple Music web experience application, as evidenced by the extensive Apple-specific configuration, API endpoints (amp-api-edge.apps.apple.com), content security policy restricting resources to *.apple.com and *.mzstatic.com, and the presence of a valid Apple JWT token. The OSINT dossier confirms the domain is extremely popular (Tranco rank #10), has a 39-year age, and a long Wayback history, all strongly indicating a leg"
DeepSeek-V4-Flash,4149,0,0,1,0.85,0.85,0.7777777777777778,1.0,0.9255555555555556,very_high,6,9,9,5,4,0,0.0,1,,,"The domain is 27.5 years old, ranked #26,667 in Tranco, has 10 Wayback snapshots over 2.6 years, and is hosted on a long-established ASN — all strong signals of a legitimate, well-maintained site. The HTML content is a minimal Angular application shell with Ford branding (favicon, title 'Ford Protect', theme color) and no credential-harvesting forms, password fields, obfuscated scripts, or suspicious redirects. The static classifier's 77.2% phishing score is likely a false positive triggered by "
DeepSeek-V4-Flash,4160,0,0,1,0.99,0.99,0.3,1.0,0.8580000000000001,high,0,15,15,5,8,2,0.13333333333333333,1,,,"The URL domain is nolo.com, a well-established legal information site with a Tranco rank of #12,432 and a domain age of 32.2 years, which is consistent with a legitimate, long-standing website. The HTML content is a detailed legal article about capital gains tax on home sales, containing no password fields, login forms, credential-harvesting scripts, hidden iframes, or any other phishing indicators. The page is purely informational, with canonical links, structured data (schema.org Article), and"
DeepSeek-V4-Flash,4162,0,0,1,0.99,0.99,0.3235294117647059,1.0,0.8627058823529412,high,0,17,17,6,10,1,0.058823529411764705,1,,,"The URL domain is cbsnews.com, a well-known legitimate news site ranked #637 by Tranco with a 31.6-year domain age and extensive Wayback Machine history. The HTML content is a standard weather page for CBS Chicago, containing no password fields, login forms, credential-harvesting scripts, hidden iframes, or any other phishing indicators. The page includes proper schema.org markup, canonical links, and social media references consistent with the legitimate CBS News brand."
DeepSeek-V4-Flash,4171,0,0,1,0.95,0.95,0.32142857142857145,0.45,0.5242857142857144,low,5,7,7,3,3,1,0.14285714285714285,1,,,"The URL domain is not provided, but the HTML content clearly belongs to wikicasa.it, a legitimate Italian real estate aggregation platform. The page is a real estate agency profile for 'Primacasa Legnago' with proper Nuxt.js framework structure, canonical links, i18n alternates, and standard analytics scripts (Google Tag Manager, Criteo, Iubenda). No password fields, login forms, credential-harvesting JavaScript, hidden iframes, or obfuscated content are present. The OSINT dossier confirms a 17-"
DeepSeek-V4-Flash,4174,0,0,1,0.99,0.99,0.2692307692307692,1.0,0.8518461538461539,high,9,13,13,3,8,2,0.15384615384615385,1,,,"The URL domain is ebay.com, a top-210 Tranco-ranked site with a 30.8-year domain age, extensive Wayback history, and rich Certificate Transparency logs — all strong signals of legitimacy. The HTML content is a genuine eBay item listing for a Foredom flex arm hand grinder, containing standard eBay meta tags, dns-prefetch links to ebaystatic.com, and eBay's own RUM logging script. No password fields, credential-harvesting forms, obfuscated scripts, or brand impersonation were found. The static cla"
DeepSeek-V4-Flash,4177,0,0,1,0.99,0.99,0.2857142857142857,1.0,0.8551428571428572,high,0,14,14,4,8,2,0.14285714285714285,1,,,"The URL is a legitimate Microsoft support domain (support.microsoft.com) with a long history, high Tranco rank, and extensive CT logs. The HTML content is a genuine help article about AutoCAD drawings in Visio, with no login forms, credential harvesting, or suspicious scripts. No phishing indicators were found."
DeepSeek-V4-Flash,4178,0,0,1,0.99,0.99,0.3125,1.0,0.8605,high,10,8,8,3,4,1,0.125,1,,,"The URL domain is not provided, but the HTML content is a legitimate Walmart.com shop page for Pioneer Woman Mother's Day Gifting, with canonical link to walmart.com, proper meta tags, and a valid JSON-LD product listing. The OSINT dossier shows a top-1k Tranco rank, 31-year domain age, rich Wayback history, and diverse certificate transparency logs, all consistent with a legitimate, well-established site. No phishing indicators such as credential-harvesting forms, fake login fields, obfuscated "
DeepSeek-V4-Flash,4183,0,0,1,0.98,0.98,0.7777777777777778,1.0,0.9515555555555556,very_high,9,9,9,5,4,0,0.0,1,,,"The domain ilgm.com is a well-established, 30-year-old domain with a Tranco rank of #274,998, extensive Wayback Machine history, and a valid RDAP record, all of which are strong signals of legitimacy. The HTML content is a legitimate e-commerce page for cannabis seeds, with proper schema.org markup, canonical URL, and no credential-harvesting forms, password fields, or obfuscated scripts. The page is a standard Nuxt.js application for a known brand (ILGM) selling marijuana seeds, with no phishin"
DeepSeek-V4-Flash,4201,0,0,1,0.99,0.99,0.23333333333333334,1.0,0.8446666666666667,high,3,15,15,3,8,4,0.26666666666666666,1,,,"The URL domain is varesenews.it, a legitimate Italian news outlet with a Tranco rank of #50,008 and a Wayback Machine history spanning 26 years, indicating a well-established site. The HTML content is a standard news page for Samarate, featuring news articles, metadata, analytics scripts (Google Analytics, Facebook Pixel), and no login forms, password fields, credential-harvesting JavaScript, or brand impersonation. The page is a legitimate news aggregator with no phishing indicators."
DeepSeek-V4-Flash,421,0,1,0,0.95,0.95,0.8125,0.25,0.5025,low,7,8,8,5,3,0,0.0,1,,,"The page is a legitimate WordPress-based website offering WhatsApp group links, with proper SEO metadata, schema.org markup, and a clear author attribution. The domain age (239 days) and lack of Tranco rank are consistent with a new but genuine content site, not a phishing page. No credential-harvesting forms, fake login fields, obfuscated scripts, or brand impersonation were found in the HTML. The static classifier's 92% phishing score is likely a false positive due to the site's newness and ni"
DeepSeek-V4-Flash,4216,0,0,1,0.99,0.99,0.32142857142857145,1.0,0.8622857142857143,high,7,14,14,5,8,1,0.07142857142857142,1,,,"The URL domain is youtube.com, a top-10 Tranco site with a 21-year history and extensive Wayback Machine snapshots, indicating a well-established legitimate domain. The HTML content contains standard YouTube player scripts, configuration objects, and error handling code, with no password fields, login forms, credential-harvesting JavaScript, hidden iframes, or brand impersonation. The presence of free-issuer-only certificates (Let's Encrypt) is common for large sites and not suspicious given the"
DeepSeek-V4-Flash,422,0,1,0,0.95,0.95,0.6842105263157895,1.0,0.9268421052631579,very_high,0,19,19,7,12,0,0.0,1,,,"The URL is a legitimate Blogspot subdomain (symantecnortonantivirus90days.blogspot.com) with a long history (25.8 years domain age, 203 Wayback snapshots, Tranco rank #113). The HTML content is a standard Blogger blog offering a Norton trial download, with no password fields, credential-harvesting forms, obfuscated scripts, or suspicious redirects. The static classifier (PhishGraph) also rates it as benign at 39.3% phishing probability. No phishing indicators were found."
DeepSeek-V4-Flash,4222,0,0,1,0.99,0.99,0.32142857142857145,1.0,0.8622857142857143,high,5,7,7,3,3,1,0.14285714285714285,1,,,"The URL is the legitimate allianz.com.au domain, which has a Tranco rank of #96,625 and a Wayback Machine history spanning over 25 years with thousands of snapshots. The HTML content is a standard corporate 'About Us' page for Allianz Australia, containing no login forms, password fields, credential-harvesting scripts, hidden iframes, or any other phishing indicators. The page includes canonical tags, Open Graph metadata, and Adobe Analytics tracking, all consistent with a legitimate enterprise "
DeepSeek-V4-Flash,4224,0,0,1,0.99,0.99,0.3125,1.0,0.8605,high,9,8,8,3,4,1,0.125,1,,,"The URL domain is not provided, but the HTML content is a legitimate product page for an LG monitor on lg.com, with proper schema.org markup, canonical URL, and official LG tracking scripts (GTM, Forter, Optimizely). The OSINT dossier confirms the domain is 30+ years old, ranked #2,662 in Tranco, has extensive Wayback history, and rich certificate transparency logs, all strongly indicating a legitimate, well-established site. No credential-harvesting forms, fake login prompts, obfuscated scripts"
DeepSeek-V4-Flash,4229,0,0,1,0.99,0.99,0.296875,1.0,0.857375,high,0,16,16,5,9,2,0.125,1,,,"The URL domain is nytimes.com, a top-1k site with a 32-year registration history, and the HTML contains a legitimate New York Times news article with proper metadata, structured data, and no credential-harvesting forms or suspicious scripts. No phishing indicators such as password fields, fake login forms, or obfuscated content were found. The static classifier also rates it as benign at 3.4% phishing probability."
DeepSeek-V4-Flash,4237,0,0,1,0.98,0.98,0.325,0.25,0.411,low,9,10,10,4,5,1,0.1,1,,,"The URL resolves to a legitimate Queensland Government subdomain (apps.des.qld.gov.au) serving a heritage explorer page. The HTML contains official Queensland Government branding, stylesheets from static.qgov.net.au, Google Analytics and Tag Manager scripts, and a Google Maps API key, all consistent with a genuine government service. The OSINT dossier shows a 7.5-year Wayback history, multiple CT certificates, and hosting on an Australian ASN, further supporting legitimacy. No credential-harvest"
DeepSeek-V4-Flash,4254,0,0,1,0.99,0.99,0.3333333333333333,1.0,0.8646666666666667,high,0,15,15,6,8,1,0.06666666666666667,1,,,"The URL resolves to the legitimate mercer.com domain, which has a Tranco rank of #18,455, a 34-year domain age, and over 1000 Wayback snapshots. The HTML content is a genuine article about 2025 federal poverty levels, with no login forms, password fields, credential-harvesting scripts, or suspicious redirects. The page includes standard analytics and marketing tags (Google Tag Manager, Marketo, Bing, LinkedIn) consistent with a corporate website. No phishing indicators were found."
DeepSeek-V4-Flash,4266,0,0,1,0.99,0.99,0.25,1.0,0.8480000000000001,high,5,7,7,2,3,2,0.2857142857142857,1,,,"The URL domain is legacy.com, a well-known obituary and funeral home directory with a Tranco rank of #3,642, 28 years of Wayback history, and 57 CT certificates. The HTML content is a legitimate funeral home profile page with structured data (LocalBusiness, Events), analytics scripts (Google Tag Manager, Clarity), and no credential-harvesting forms, password fields, or obfuscated JavaScript. No phishing indicators such as typosquatting, fake login forms, or wallet drainers were found."
DeepSeek-V4-Flash,4270,0,0,1,0.99,0.99,0.2777777777777778,1.0,0.8535555555555556,high,5,9,9,3,4,2,0.2222222222222222,1,,,"The URL resolves to ebay.com, a domain with a 30.8-year history, Tranco rank #210, and over 1000 Wayback snapshots. The HTML content is a legitimate eBay product listing for a stainless steel pipe, with proper eBay static resource links, meta tags, and no credential-harvesting forms or obfuscated scripts. The OSINT dossier strongly confirms the domain's long-standing legitimacy, and no phishing indicators are present in the page content."
DeepSeek-V4-Flash,4282,0,0,1,0.99,0.99,0.35714285714285715,1.0,0.8694285714285714,high,4,7,7,4,2,1,0.14285714285714285,1,,,"The URL domain is petmd.com, a well-known pet health website with a Tranco rank of #15,369 and a domain age of 28.3 years, which strongly indicates legitimacy. The HTML content is a genuine article about rabbit cages, with no login forms, password fields, credential-harvesting scripts, or any phishing indicators. The page includes standard analytics and advertising scripts (Facebook Pixel, Google Analytics, Google Tag Manager) typical of legitimate content sites, and the content is coherent and "
DeepSeek-V4-Flash,4292,0,0,1,0.99,0.99,0.32142857142857145,1.0,0.8622857142857143,high,0,14,14,5,8,1,0.07142857142857142,1,,,"The URL is a legitimate IMDb title page (imdb.com/title/tt32641461/), confirmed by Tranco rank #244, 30-year domain age, and extensive Wayback history. The HTML contains standard IMDb metadata, Open Graph tags, structured data for a TV series, and no login forms, credential-harvesting scripts, or obfuscated content. No phishing indicators were found; the page is a genuine entertainment listing."
DeepSeek-V4-Flash,4309,0,0,1,0.99,0.99,0.2857142857142857,1.0,0.8551428571428572,high,6,14,14,4,8,2,0.14285714285714285,1,,,"The URL domain is yahoo.com, a top-53 Tranco-ranked site with a 31-year domain age and extensive Wayback history, strongly indicating legitimacy. The HTML content is a fully featured Yahoo Finance page with complex JavaScript, consent management, and feature flags, not a simplified phishing page. No credential-harvesting forms, suspicious redirects, or brand impersonation elements were found."
DeepSeek-V4-Flash,4330,0,0,1,0.95,0.95,0.3333333333333333,1.0,0.8566666666666667,high,5,6,6,3,2,1,0.16666666666666666,1,,,"The URL domain 'breadfinancial.com' is a legitimate, established domain with a Tranco rank of #99,626, a 6.9-year age, and over 1000 Wayback snapshots. The HTML content shows a genuine product selection page for Bread Savings, with proper branding, FDIC logos, and standard analytics scripts (Google Tag Manager, Facebook, Bing, etc.). No credential-harvesting forms, obfuscated JavaScript, or suspicious redirects were found. The static classifier's 94.3% phishing score is likely a false positive g"
DeepSeek-V4-Flash,4331,0,0,1,0.99,0.99,0.8125,0.45,0.6305000000000001,mid,7,8,8,5,3,0,0.0,1,,,"The URL domain is not provided, but the HTML content is a complete, legitimate website for the Museum of Contemporary Art Tokyo (MOT). The page includes official branding, museum hours, exhibition listings, and links to social media and external resources like the museum's collection search. The OSINT dossier shows a Tranco rank of #174,911, a 24-year Wayback history with 1000 snapshots, and a long-established ASN, all strongly indicating a legitimate, long-standing site. No phishing indicators "
DeepSeek-V4-Flash,4337,0,0,1,0.99,0.99,0.325,1.0,0.863,high,4,10,10,4,5,1,0.1,1,,,"The URL domain is aol.com, a highly popular site ranked #317 in Tranco, with a 30.9-year domain age and extensive Wayback Machine history, strongly indicating legitimacy. The HTML content is a news article about Costco locations, containing no password fields, login forms, credential-harvesting scripts, hidden iframes, or any phishing indicators. The presence of standard AOL/Yahoo metadata, canonical links, and analytics scripts further confirms this is a legitimate news page."
DeepSeek-V4-Flash,4358,0,0,1,0.99,0.99,0.3409090909090909,1.0,0.8661818181818182,high,0,11,11,5,5,1,0.09090909090909091,1,,,"The URL domain is not provided, but the HTML content is a legitimate Microsoft Learn documentation page for Partner Center, with canonical link to learn.microsoft.com, official Microsoft metadata, and no credential-harvesting forms or suspicious scripts. The OSINT dossier confirms the domain is extremely popular (Tranco rank #6), 35 years old, with extensive Wayback history and RDAP record, all strongly indicating a legitimate site. No phishing indicators such as password fields, fake login form"
DeepSeek-V4-Flash,4381,0,0,1,0.99,0.99,0.234375,1.0,0.844875,high,0,16,16,3,9,4,0.25,1,,,"The URL domain is facebook.com, a top-5 Tranco site with a 29-year domain age, extensive Wayback history, and rich Certificate Transparency logs, all strongly indicating legitimacy. The HTML content contains standard Facebook meta tags, scripts, and page structure for a public post about 'HIP HOP MIN5', with no password fields, credential-harvesting forms, or obfuscated phishing elements. No phishing indicators were found in the URL or content, and the OSINT dossier confirms a well-established, "
DeepSeek-V4-Flash,4383,0,0,1,0.99,0.99,0.32142857142857145,0.25,0.41228571428571426,low,9,14,14,5,8,1,0.07142857142857142,1,,,"The URL resolves to a legitimate government health domain (betterhealth.vic.gov.au) with extensive Wayback history (first seen 26 years ago), rich CT certificate diversity, and no typosquatting or suspicious TLD. The HTML content is a standard health information page about anal fissures, containing no password fields, login forms, credential-harvesting scripts, hidden iframes, or any phishing indicators. The static classifier (PhishGraph) also rates it as 0.4% phishing, strongly supporting benig"
DeepSeek-V4-Flash,4389,0,0,1,0.99,0.99,0.3,1.0,0.8580000000000001,high,6,10,10,4,4,2,0.2,1,,,"The URL domain is amazon.com, a top-25 Tranco site with a 31.5-year registration history and extensive Wayback Machine snapshots, which strongly indicates legitimacy. The HTML content is a full, complex Amazon page with standard Amazon JavaScript, analytics, and CDN references (images-na.ssl-images-amazon.com, m.media-amazon.com, fls-na.amazon.com), and no credential-harvesting forms, fake login fields, or obfuscated scripts. No phishing indicators such as typosquatting, suspicious TLDs, or bran"
DeepSeek-V4-Flash,4394,0,0,1,0.95,0.95,0.2857142857142857,0.25,0.39714285714285713,low,5,7,7,2,4,1,0.14285714285714285,1,,,"The URL domain 'dagostinoarchitetto.it' is a legitimate Italian architecture firm's site, with no typosquatting or suspicious TLD. The HTML content is a standard WordPress page with detailed structured data (schema.org) describing a real business, including address, phone, email, and opening hours, and contains no password fields, login forms, credential-harvesting scripts, hidden iframes, or fake brand impersonation. The OSINT dossier shows the domain has been in CT logs for over 3 years with m"
DeepSeek-V4-Flash,4404,0,0,1,0.98,0.98,0.29545454545454547,1.0,0.8550909090909091,high,5,11,11,4,5,2,0.18181818181818182,1,,,"The URL domain is not provided, but the HTML content is clearly from Yahoo's lifestyle section, with canonical link to yahoo.com, proper meta tags, and a legitimate article about blood sugar. The OSINT dossier confirms the domain is extremely popular (Tranco rank #53), over 31 years old, with extensive Wayback history and certificate transparency logs, all strong signals of a legitimate site. No credential harvesting forms, password fields, fake login prompts, or obfuscated scripts are present i"
DeepSeek-V4-Flash,4406,0,0,1,0.99,0.99,0.28125,1.0,0.8542500000000001,high,10,8,8,3,3,2,0.25,1,,,"The URL domain is not provided, but the HTML content is clearly from eBay.com, as evidenced by multiple canonical links to www.ebay.com, extensive use of ebaystatic.com and ebayimg.com subdomains, and standard eBay meta tags (og:site_name, twitter:site, fb:app_id). The OSINT dossier confirms the domain is extremely popular (Tranco rank #210), has a 30.8-year age, rich Wayback history, and diverse certificate transparency logs — all hallmarks of a legitimate, established site. No phishing indicat"
DeepSeek-V4-Flash,4410,0,0,1,0.99,0.99,0.225,1.0,0.8430000000000001,high,8,10,10,2,5,3,0.3,1,,,"The URL domain is not provided, but the HTML content is clearly from Facebook's legitimate infrastructure, with canonical links to facebook.com, proper Open Graph metadata, and standard Facebook scripts. The OSINT dossier shows the domain is extremely popular (Tranco rank #5), has a 29-year history, rich certificate transparency logs, and is hosted on a well-established ASN. No phishing indicators such as credential-harvesting forms, fake login pages, obfuscated content, or suspicious redirects "
DeepSeek-V4-Flash,4418,0,0,1,0.98,0.98,0.2857142857142857,1.0,0.8531428571428572,high,7,14,14,4,8,2,0.14285714285714285,1,,,"The domain is extremely popular (Tranco rank #24), has a 31.5-year age, and extensive Wayback Machine history, all strongly indicating a legitimate, well-established site. The HTML content is a truncated version of Amazon's real page, including authentic Amazon scripts, tracking code, and domain references (images-na.ssl-images-amazon.com, fls-na.amazon.com). No credential-harvesting forms, suspicious redirects, or obfuscated content were found in the provided HTML snippet."
DeepSeek-V4-Flash,4426,0,0,1,0.99,0.99,0.2647058823529412,1.0,0.8509411764705883,high,0,17,17,4,10,3,0.17647058823529413,1,,,"The URL domain is ebay.com, a top-210 Tranco-ranked site with a 30.8-year domain age, extensive Wayback history, and rich Certificate Transparency logs, all strongly indicating legitimacy. The HTML content is a standard eBay product listing page with canonical eBay resources (ebaystatic.com, ebayimg.com, ebaydesc.com), proper meta tags, and no credential-harvesting forms, obfuscated scripts, or suspicious redirects. No phishing indicators were found; the page is a genuine eBay item listing for a"
DeepSeek-V4-Flash,4427,0,0,1,0.99,0.99,0.6363636363636364,1.0,0.9252727272727274,very_high,12,11,11,3,8,0,0.0,1,,,"The domain is fandango.com, a well-known movie ticketing site with a Tranco rank of #4,932, a 30.8-year domain age, and over 1000 Wayback snapshots spanning 26 years. The HTML content includes legitimate Fandango branding, canonical URL, structured data for theater events, and standard analytics/tracking scripts (Facebook Pixel, ScorecardResearch, Google Publisher Tag). No password fields, login forms, credential-harvesting JavaScript, hidden iframes, or obfuscated content were found. The page i"
DeepSeek-V4-Flash,4429,0,0,1,0.99,0.99,0.75,1.0,0.9480000000000001,very_high,5,8,8,4,4,0,0.0,1,,,"The URL is a legitimate subdomain of zulipchat.com, a well-known open-source team chat platform, and the page is a public view of the rust-lang Zulip community. The HTML contains no password fields, login forms, credential-harvesting scripts, hidden iframes, or any other phishing indicators; it is a standard Zulip loading page with branding and assets served from static.zulipchat.com. The OSINT dossier confirms the domain is established (Tranco rank #21,678, 10.4 years old, 1000 Wayback snapshot"
DeepSeek-V4-Flash,444,0,1,0,0.85,0.85,0.8125,0.25,0.48250000000000004,low,3,8,8,5,3,0,0.0,1,,,"The domain probets.online is 325 days old, which is medium-risk, but it has 80 Wayback snapshots spanning 12.8 years, indicating a long-established site that was likely repurposed. The HTML content is a fully featured sports prediction service with no login forms, password fields, credential-harvesting JavaScript, hidden iframes, or obfuscated content. The page promotes AI-powered predictions and includes links to features, statistics, reviews, and pricing, consistent with a legitimate betting t"
DeepSeek-V4-Flash,4441,0,0,1,0.99,0.99,0.3,1.0,0.8580000000000001,high,7,15,15,5,8,2,0.13333333333333333,1,,,"The URL domain is not provided, but the HTML content is overwhelmingly from ebay.com, including dns-prefetch links to ebaystatic.com, ebayimg.com, and ebay.com subdomains, and scripts loaded from www.ebay.com. The OSINT dossier confirms the domain is extremely popular (Tranco rank #210), has a 30.8-year history, extensive Wayback snapshots, and rich certificate transparency logs, all consistent with a legitimate eBay page. No credential-harvesting forms, obfuscated scripts, or suspicious redirec"
DeepSeek-V4-Flash,4446,0,0,1,0.99,0.99,0.3333333333333333,1.0,0.8646666666666667,high,5,6,6,3,2,1,0.16666666666666666,1,,,"The URL domain is not provided, but the HTML content is from a legitimate Yahoo News article (hk.news.yahoo.com) about a celebrity, with proper meta tags, canonical link, and resources loaded from s.yimg.com. The OSINT dossier confirms the domain is extremely popular (Tranco rank #53), has a 31-year age, extensive Wayback history, and valid RDAP/CT records, all strongly indicating a legitimate site. No phishing indicators such as credential-harvesting forms, fake login pages, obfuscated scripts,"
DeepSeek-V4-Flash,4447,0,0,1,0.98,0.98,0.32142857142857145,1.0,0.8602857142857143,high,8,7,7,3,3,1,0.14285714285714285,1,,,"The URL domain is cromwell.co.uk, a well-known UK industrial supplier, and the page is a legitimate product listing for a Mitutoyo dial test indicator. The HTML contains standard e-commerce metadata, canonical links, social media tags, and analytics scripts (Google Tag Manager, Facebook Pixel, Bing, LinkedIn) consistent with a genuine retail site. The OSINT dossier confirms a 31-year-old domain, Tranco rank #113,633, extensive Wayback history, and multiple CT certificates, all strongly indicativ"
DeepSeek-V4-Flash,4454,0,0,1,0.99,0.99,0.32142857142857145,1.0,0.8622857142857143,high,5,7,7,3,3,1,0.14285714285714285,1,,,"The URL domain is britannica.com, a well-known, long-established site (Tranco rank #613, domain age 30.9 years, 1000 Wayback snapshots). The HTML content is a legitimate biography page for Jodie Comer, containing standard ad-tech scripts (Amazon, Confiant, LiveIntent, Facebook Pixel, Braze) and no credential-harvesting forms, password fields, or obfuscated phishing payloads. The static classifier (PhishGraph) rates it 2.8% phish, and the OSINT dossier strongly supports legitimacy. No phishing in"
DeepSeek-V4-Flash,4475,0,0,1,0.99,0.99,0.3125,1.0,0.8605,high,6,8,8,3,4,1,0.125,1,,,"The URL domain is ncl.com, a well-established brand (Norwegian Cruise Line) with a Tranco rank of #11,936, a domain age of 30.8 years, and 1000 Wayback snapshots. The HTML content is a legitimate Terms & Conditions page with standard analytics scripts (Google, TikTok, Taboola, Pinterest, Bing, LinkedIn) and Akamai service worker code, but no password fields, login forms, credential-harvesting JavaScript, hidden iframes, or any phishing indicators. The page is a genuine corporate legal page, not "
DeepSeek-V4-Flash,4478,0,0,1,0.99,0.99,0.35714285714285715,1.0,0.8694285714285714,high,5,7,7,4,2,1,0.14285714285714285,1,,,"The URL is a legitimate subpath of hagerty.com, a well-known classic car valuation site. The HTML contains standard Next.js framework assets, canonical link, and multiple analytics/tracking scripts (Google Tag Manager, Facebook Pixel, Tealium) consistent with a major commercial website. No password fields, login forms, credential-harvesting JavaScript, hidden iframes, or brand impersonation were found. The OSINT dossier confirms a 30-year-old domain, Tranco rank #19,811, extensive Wayback histor"
DeepSeek-V4-Flash,448,0,1,0,0.95,0.95,0.325,0.45,0.525,low,0,10,10,4,5,1,0.1,1,,,"The URL is a legitimate Blogger subdomain (tobilobablog.blogspot.com) with a canonical link to the same. The HTML content is a standard Blogger template for an educational blog named 'Buminfo', containing no login forms, password fields, credential-harvesting scripts, hidden iframes, or brand impersonation. The page includes Google Analytics, AdSense, and social media SDKs typical of a genuine blog. OSINT signals show a Tranco rank (#254,888) and hosting on a long-established ASN (AS15169, Googl"
DeepSeek-V4-Flash,4499,0,0,1,0.99,0.99,0.35714285714285715,0.45,0.5394285714285715,low,4,7,7,4,2,1,0.14285714285714285,1,,,"The URL domain is stylight.it, a legitimate Italian fashion magazine site with a 16.8-year Wayback history and Tranco rank #298,457. The HTML content is a full magazine article about jeans, with no password fields, login forms, credential-harvesting scripts, hidden iframes, or any phishing indicators. The page includes standard analytics, social media meta tags, and a canonical link to the same domain, confirming it is a genuine editorial post."
DeepSeek-V4-Flash,4502,0,0,1,0.99,0.99,0.7142857142857143,1.0,0.940857142857143,very_high,5,7,7,3,4,0,0.0,1,,,"The URL resolves to a legitimate Adobe domain (adobe.com) with a Tranco rank of #65, a domain age of 39.5 years, and extensive Wayback Machine history. The HTML content is a genuine Adobe Acrobat help article about converting DWF to PDF, containing no login forms, password fields, credential-harvesting scripts, or suspicious redirects. The page includes standard Adobe metadata, canonical link, and structured data (HowTo schema) consistent with official Adobe documentation."
DeepSeek-V4-Flash,4506,0,0,1,0.99,0.99,0.325,1.0,0.863,high,6,10,10,4,5,1,0.1,1,,,"The URL is a subdomain of blog.turbotax.intuit.com, which is a legitimate Intuit domain. The HTML content includes extensive Intuit-owned scripts (e.g., OneTrust, Adobe AEP, Segment), analytics from known providers (Google, Facebook, TikTok, Taboola), and a canonical link pointing to the same domain. The page is a blog article about student loan interest deduction, with no credential-harvesting forms, password fields, or suspicious redirects. OSINT confirms the domain is 32 years old, ranked #12"
DeepSeek-V4-Flash,4508,0,0,1,0.99,0.99,0.2857142857142857,1.0,0.8551428571428572,high,0,14,14,4,8,2,0.14285714285714285,1,,,"The URL domain is medicalnewstoday.com, a well-known health news site with a Tranco rank of #2,071, 22.5 years of age, and extensive Wayback Machine history. The HTML content is a legitimate article about RSV with no password fields, login forms, credential-harvesting scripts, hidden iframes, or brand impersonation. The page includes standard analytics and advertising scripts (Google Tag Manager, OneTrust, Bing, TikTok, Reddit) consistent with a legitimate publisher. No phishing indicators were "
DeepSeek-V4-Flash,4519,0,0,1,0.99,0.99,0.32142857142857145,1.0,0.8622857142857143,high,6,7,7,3,3,1,0.14285714285714285,1,,,"The URL domain is ebay.com, a top-210 Tranco-ranked site with a 30.8-year domain age, extensive Wayback history, and rich Certificate Transparency logs — all strong signals of a legitimate, well-established brand. The HTML content includes standard eBay assets (ebaystatic.com, ebayimg.com), tracking scripts (Bing, Pinterest, Facebook, Google), and a product listing for a vintage knife, with no password fields, login forms, credential-harvesting JavaScript, hidden iframes, or obfuscated content. "
DeepSeek-V4-Flash,454,1,1,1,0.95,0.95,0.55,0.65,0.6900000000000001,mid,10,8,10,1,9,0,0.0,1,,,"The page contains heavily obfuscated JavaScript that sets a suspicious cookie, performs anti-bot checks (checking for headless browsers, automation tools, and specific user agents), and makes an XHR request, all typical of credential-harvesting phishing kits. The domain is not in the Tranco top 1M, has no Wayback Machine history, and its certificates are short-lived (median 89 days), consistent with a newly created phishing site. The combination of obfuscated code, anti-analysis measures, and po"
DeepSeek-V4-Flash,4546,0,0,1,0.99,0.99,0.21428571428571427,0.45,0.5108571428571429,low,5,7,7,2,2,3,0.42857142857142855,1,,,"The URL domain is confcommercio.it, a legitimate Italian trade association. The HTML content is a news article about tax payments, with no password fields, login forms, credential-harvesting scripts, hidden iframes, or any other phishing indicators. The OSINT dossier shows a Tranco rank of #163,082, a Wayback history spanning 27.9 years with 1000 snapshots, and a domain that resolves to a US-based ASN allocated 8 years ago, all consistent with a legitimate, long-established site. The page includ"
DeepSeek-V4-Flash,4547,0,0,1,0.98,0.98,0.3269230769230769,1.0,0.8613846153846154,high,0,13,13,5,7,1,0.07692307692307693,1,,,"The URL domain is porch.com, a well-established site with a Tranco rank of #28,922, a Wayback history spanning 29.4 years, and a domain age of 32.8 years, all of which strongly indicate legitimacy. The HTML content is a legitimate checkout flow for a home improvement service, featuring a ZIP code input field, Google Analytics, Google Tag Manager, and Stripe integration, with no credential-harvesting forms, obfuscated scripts, or suspicious redirects. The static classifier (PhishGraph) also rates"
DeepSeek-V4-Flash,4562,0,0,1,0.99,0.99,0.34375,1.0,0.86675,high,8,8,8,4,3,1,0.125,1,,,"The URL resolves to a domain with a Tranco rank of #210, a 30.8-year registration history, and over 1000 Wayback snapshots, all consistent with a legitimate, well-established site. The HTML content includes standard eBay branding, dns-prefetch links to ebaystatic.com and ebayimg.com, and a canonical URL pointing to www.ebay.com/itm/256486236225, which is a genuine eBay item page. No password fields, credential-harvesting scripts, hidden iframes, or obfuscated content were found. The page is a le"
DeepSeek-V4-Flash,4578,0,0,1,0.99,0.99,0.3333333333333333,1.0,0.8646666666666667,high,5,6,6,3,2,1,0.16666666666666666,1,,,"The URL is the legitimate morningstar.com domain, which is a well-known financial data provider. The HTML content is a stock quote page for CrowdStrike (CRWD) with proper meta tags, canonical URL, and standard analytics scripts. No credential-harvesting forms, fake login prompts, or obfuscated JavaScript were found. The OSINT dossier confirms a 37-year-old domain, high Tranco rank, extensive Wayback history, and diverse certificate transparency logs, all strongly indicating a legitimate site."
DeepSeek-V4-Flash,4582,0,0,1,0.98,0.98,0.3125,1.0,0.8585,high,6,8,8,3,4,1,0.125,1,,,"The URL domain is amazon.com, a Tranco top-25 site with a 31.5-year registration history and extensive Wayback Machine archival, which strongly indicates legitimacy. The HTML content contains standard Amazon tracking and analytics scripts (e.g., images-na.ssl-images-amazon.com, fls-na.amazon.com, unagi-na.amazon.com) and no credential-harvesting forms, password fields, or suspicious redirects. No phishing indicators such as typosquatting, fake login forms, or obfuscated JavaScript were found. Th"
DeepSeek-V4-Flash,4587,0,0,1,0.99,0.99,0.3,1.0,0.8580000000000001,high,0,10,10,3,6,1,0.1,1,,,"The URL domain is amazon.com, a top-25 Tranco site with a 31.5-year registration history and extensive Wayback Machine snapshots, strongly indicating legitimacy. The HTML content is a full, complex Amazon page with standard scripts, analytics, and branding, containing no credential-harvesting forms, obfuscated JavaScript, or suspicious redirects. No phishing indicators were found in the URL, HTML, or OSINT context."
DeepSeek-V4-Flash,4592,0,0,1,0.99,0.99,0.6923076923076923,1.0,0.9364615384615385,very_high,7,13,13,5,8,0,0.0,1,,,"The URL domain is www.msn.com, a top-100 Tranco-ranked site with a 31.5-year domain age, extensive Wayback history, and rich Certificate Transparency logs. The HTML content is a legitimate MSN Weather page for Broomfield, CO, containing no password fields, login forms, credential-harvesting JavaScript, hidden iframes, or any phishing indicators. The page includes standard Microsoft telemetry and configuration scripts, consistent with a genuine news/weather portal."
DeepSeek-V4-Flash,4596,0,0,1,0.99,0.99,0.21875,1.0,0.84175,high,9,8,8,2,3,3,0.375,1,,,"The URL domain is not provided, but the HTML content is overwhelmingly consistent with the legitimate eBay website, including numerous references to ebaystatic.com, ebayimg.com, and ebay.com subdomains. The page includes standard eBay tracking scripts (Google Analytics, Facebook Pixel, Bing, Criteo, Snapchat, Pinterest) and a complex eBay RUM (Real User Monitoring) logger, which are typical of a large e-commerce site. The OSINT dossier confirms the domain is extremely popular (Tranco rank #210),"
DeepSeek-V4-Flash,4597,0,0,1,0.99,0.99,0.3,1.0,0.8580000000000001,high,0,15,15,5,8,2,0.13333333333333333,1,,,"The domain franklin.edu is a well-established, mainstream site (Tranco rank #59,263) with a 29-year Wayback history, 22 SSL certificates, and a legitimate ASN. The HTML content is a standard blog article about computer science difficulty, with no password fields, login forms, credential-harvesting scripts, hidden iframes, or brand impersonation. The page includes typical analytics and marketing scripts (Google Tag Manager, Marketo, Adobe) consistent with an educational institution's blog. No phi"
DeepSeek-V4-Flash,4610,0,0,1,0.99,0.99,0.3333333333333333,1.0,0.8646666666666667,high,7,15,15,6,8,1,0.06666666666666667,1,,,"The URL domain is wunderground.com, a well-known weather service with a Tranco rank of #2,097 and a domain age of 31.1 years, which is consistent with a legitimate, established site. The HTML content is a fully functional weather forecast page for Chino Valley, AZ, with no login forms, password fields, credential-harvesting scripts, hidden iframes, or any other phishing indicators. The page includes numerous legitimate third-party resources (e.g., Taboola, Google Ads, Mapbox) typical of a mainst"
DeepSeek-V4-Flash,4617,0,0,1,0.99,0.99,0.2222222222222222,1.0,0.8424444444444444,high,9,9,9,2,4,3,0.3333333333333333,1,,,"The URL domain is not provided, but the HTML content is clearly from wrangler.com, a well-known apparel brand. The page includes extensive legitimate analytics, advertising, and e-commerce scripts (Google Tag Manager, Facebook Pixel, Bing, Taboola, OneTrust cookie consent, Demandware/Salesforce Commerce Cloud). The OSINT dossier confirms a 30.7-year-old domain, Tranco rank #31,329, 1000 Wayback snapshots, and rich certificate transparency history—all strong signals of a legitimate, established s"
DeepSeek-V4-Flash,4618,0,0,1,0.99,0.99,0.3333333333333333,1.0,0.8646666666666667,high,0,15,15,6,8,1,0.06666666666666667,1,,,"The URL domain is not provided but the HTML content is a legitimate BBC News article about 'The Great Dictator' with canonical link to bbc.com, proper BBC branding, and no login forms or credential harvesting elements. The OSINT dossier confirms the domain is extremely popular (Tranco rank #203), very old (36.8 years), has extensive Wayback Machine history, and a valid RDAP record, all strongly indicating a legitimate site. No phishing indicators such as password fields, fake forms, obfuscated s"
DeepSeek-V4-Flash,4632,0,0,1,0.98,0.98,0.23214285714285715,1.0,0.8424285714285715,high,7,14,14,3,7,4,0.2857142857142857,1,,,"The domain legacy.com is a well-established, mainstream site with a Tranco rank of #3,642, a 32-year domain age, and over 1000 Wayback snapshots. The HTML content is a legitimate funeral home listing page with structured data (LocalBusiness schema), contact information, and no credential-harvesting forms, password fields, or obfuscated scripts. The presence of standard analytics and advertising scripts (Criteo, Google Tag Manager, Bing) is consistent with a legitimate commercial site. No phishin"
DeepSeek-V4-Flash,4636,0,0,1,0.99,0.99,0.7333333333333333,1.0,0.9446666666666668,very_high,0,15,15,7,8,0,0.0,1,,,"The URL is www.britannica.com, a well-known and established encyclopedia site with a Tranco rank of #613, a domain age of 30.9 years, and extensive Wayback Machine history. The HTML content is a legitimate video page about the dodo bird, containing standard analytics, consent management, and A/B testing scripts, with no credential-harvesting forms, password fields, or suspicious redirects. No phishing indicators were found in the URL or content, and the OSINT dossier strongly supports legitimacy"
DeepSeek-V4-Flash,464,1,1,1,0.85,0.85,0.5833333333333334,0.65,0.6766666666666666,mid,6,5,6,1,5,0,0.0,1,,,"The page is a gambling/betting platform (skin variables like 'jackpot_text', 'btmnav_active', 'lobby__max-width') that loads assets from a suspicious CDN domain 'pubsgppp.c1oudfront.com' which uses a homoglyph '1' in place of 'l' in 'cloudfront', a classic typosquatting technique. The domain is not in Tranco Top-1M, has no Wayback Machine archive, and no Certificate Transparency logs, all consistent with a fresh, short-lived phishing site. The page also contains obfuscated JavaScript and a frame"
DeepSeek-V4-Flash,4644,0,0,1,0.99,0.99,0.3333333333333333,1.0,0.8646666666666667,high,7,12,12,5,6,1,0.08333333333333333,1,,,"The domain netto-online.de is a well-established, mainstream site (Tranco rank #34,885) with a 26-year Wayback history, rich certificate transparency logs, and a legitimate ASN. The HTML content is a fully featured e-commerce page for Netto Marken-Discount, including proper schema.org organization markup, a canonical URL, Google reCAPTCHA integration, and no credential-harvesting forms or obfuscated scripts. No phishing indicators such as typosquatting, fake login forms, or suspicious redirects "
DeepSeek-V4-Flash,4645,0,0,1,0.98,0.98,0.7142857142857143,1.0,0.938857142857143,very_high,5,7,7,3,4,0,0.0,1,,,"The URL is a legitimate subpage of orizzontescuola.it, a well-established Italian news site with a Tranco rank of #8,792 and over 22 years of Wayback history. The HTML content is a standard WordPress article with no password fields, login forms, credential-harvesting scripts, hidden iframes, or obfuscated content. The page is a sponsored article about NoiPA stipends and PrestitoPiù, but it does not attempt to collect credentials or impersonate a brand for malicious purposes."
DeepSeek-V4-Flash,4649,0,0,1,0.99,0.99,0.3333333333333333,1.0,0.8646666666666667,high,4,6,6,3,2,1,0.16666666666666666,1,,,"The domain is a well-established mainstream site (Tranco rank #2,836, 28 years old, extensive Wayback history). The HTML content is a legitimate news page from TODAY.com (NBC), with standard analytics, advertising, and social media scripts. No credential harvesting forms, fake login prompts, or obfuscated content were found. The static classifier (PhishGraph) also rated it as benign with 0.8% phishing probability."
DeepSeek-V4-Flash,4667,0,0,1,0.99,0.99,0.32142857142857145,1.0,0.8622857142857143,high,5,7,7,3,3,1,0.14285714285714285,1,,,"The domain resolves to allstate.com, a mainstream insurance company ranked #3,200 by Tranco with a 31-year domain age and extensive Wayback history. The HTML content is a legitimate informational article about lienholders on insurance policies, with no credential-harvesting forms, password fields, or suspicious redirects. The page includes standard analytics scripts (Adobe Launch, Akamai service worker) and brand-consistent metadata, confirming it is an official Allstate resource."
DeepSeek-V4-Flash,4671,0,0,1,0.99,0.99,0.32142857142857145,1.0,0.8622857142857143,high,0,14,14,5,8,1,0.07142857142857142,1,,,"The URL domain is lowes.com, a top-1k Tranco-ranked site with a 30-year domain age, extensive Wayback history, and rich certificate transparency logs, all consistent with a legitimate major brand. The HTML content is a fully functional store locator page for Lowe's, containing canonical links, analytics scripts (Google, Facebook, Bing, Pinterest), and no credential-harvesting forms, password fields, or obfuscated content. No phishing indicators were found; the page appears to be the genuine Lowe"
DeepSeek-V4-Flash,4676,0,0,1,0.95,0.95,0.2692307692307692,1.0,0.8438461538461539,high,10,13,13,3,8,2,0.15384615384615385,1,,,"The domain thepetstable.com is a legitimate brand (The Pets Table, a HelloFresh subsidiary) with a 3.5-year history, Tranco rank #400,748, and extensive Wayback snapshots. The HTML content shows standard e-commerce scripts (Google Tag Manager, Hotjar, Clarity, Bing Ads) and Next.js framework assets, with no password fields, login forms, credential-harvesting JavaScript, hidden iframes, or obfuscated content. The page is a contact page for a legitimate pet food subscription service, and the OSINT"
DeepSeek-V4-Flash,4687,1,0,0,0.92,0.92,0.6,0.15,0.6060000000000001,mid,5,5,5,1,4,0,0.0,1,,,"The page presents a login form requesting a 'Duns No' and password, which is a classic credential harvesting pattern. The form action points to './newlogin.aspx', a generic path that does not match any known legitimate DUNS portal. The page includes a CAPTCHA label but no actual CAPTCHA widget, a common trick to appear legitimate. The static classifier PhishGraph gives a 98.4% phishing probability, and while the domain is old and has a Tranco rank, the HTML content is clearly a fake login page t"
DeepSeek-V4-Flash,4697,0,0,1,0.99,0.99,0.325,1.0,0.863,high,7,10,10,4,5,1,0.1,1,,,"The domain is a well-established, mainstream site (Tranco rank #4,594, 23 years old, 1000+ Wayback snapshots). The HTML content is a legitimate streaming search engine (JustWatch) with no credential-harvesting forms, no obfuscated scripts, no fake login prompts, and no brand impersonation. The OSINT dossier strongly supports legitimacy, and the static classifier (PhishGraph) rates it as 0.2% phishing probability."
DeepSeek-V4-Flash,4706,0,0,1,0.99,0.99,0.3333333333333333,1.0,0.8646666666666667,high,5,6,6,3,2,1,0.16666666666666666,1,,,"The URL domain is thevillages.com, a legitimate and well-known retirement community website. The HTML content is a standard WordPress page with detailed meta tags, schema.org structured data, and references to the official brand (The Villages). No password fields, login forms, credential-harvesting scripts, hidden iframes, or obfuscated content were found. The OSINT dossier confirms a 30-year-old domain with a long Wayback history, Tranco ranking, and RDAP record, all strongly indicative of a le"
DeepSeek-V4-Flash,4712,0,0,1,0.99,0.99,0.3333333333333333,1.0,0.8646666666666667,high,0,15,15,6,8,1,0.06666666666666667,1,,,"The URL is a legitimate imdb.com subpage for actor Dan Castellaneta, and the domain is extremely well-established (Tranco rank #244, 30+ years old, thousands of Wayback snapshots). The HTML content contains standard IMDb metadata, Open Graph tags, structured data, and analytics scripts, with no password fields, login forms, credential-harvesting JavaScript, hidden iframes, or any other phishing indicators. The static classifier (PhishGraph) also rates it as benign at 22% phishing probability, an"
DeepSeek-V4-Flash,4721,0,0,1,0.99,0.99,0.28125,1.0,0.8542500000000001,high,6,8,8,3,3,2,0.25,1,,,"The URL domain is not provided, but the HTML content is clearly from eBay (ebay.ie, ebay.com, etc.) with legitimate brand assets, canonical links, and hreflang tags. The OSINT dossier shows a long-established domain with a Tranco rank of #24,970, 25 years of Wayback history, and a rich certificate transparency log, all strongly indicating a legitimate site. No phishing indicators such as credential-harvesting forms, obfuscated scripts, or suspicious redirects were found in the cleaned HTML."
DeepSeek-V4-Flash,4724,0,0,1,0.99,0.99,0.32142857142857145,1.0,0.8622857142857143,high,0,14,14,5,8,1,0.07142857142857142,1,,,"The URL resolves to wunderground.com, a well-known weather service with a Tranco rank of #2,097, a domain age of 31.1 years, and over 1,000 Wayback snapshots. The HTML content is a legitimate weather forecast page for Willard, NC, with no password fields, login forms, credential-harvesting scripts, hidden iframes, or brand impersonation. The page includes standard advertising and analytics scripts (Taboola, Google Ads, ScorecardResearch) typical of a mainstream news/weather site. No phishing ind"
DeepSeek-V4-Flash,4733,0,0,1,0.99,0.99,0.32142857142857145,1.0,0.8622857142857143,high,0,14,14,5,8,1,0.07142857142857142,1,,,"The URL resolves to the legitimate kennedy-center.org domain, which has a 31-year registration history, a Tranco rank of #24,481, and over 1,000 Wayback snapshots. The HTML content is a standard artist biography page for Barbra Streisand with no login forms, password fields, credential-harvesting scripts, or suspicious redirects. The page includes canonical links, Google Tag Manager, and analytics scripts typical of a mainstream cultural institution site. No phishing indicators were found."
DeepSeek-V4-Flash,4759,0,0,1,0.99,0.99,0.75,1.0,0.9480000000000001,very_high,5,8,8,4,4,0,0.0,1,,,"The URL is a legitimate Apple Support page (support.apple.com/it-it/120267) with a canonical link to the same domain. The HTML content is a standard support article about transferring photos, with no login forms, password fields, credential-harvesting JavaScript, hidden iframes, or any other phishing indicators. The OSINT dossier confirms the domain is extremely popular (Tranco rank #10), has a 39-year age, extensive Wayback history, and rich certificate transparency logs, all strongly consisten"
DeepSeek-V4-Flash,476,1,1,1,0.95,0.95,0.5714285714285714,1.0,0.7707142857142857,high,7,7,7,1,6,0,0.0,1,,,"The page is a Google Forms clone (evidenced by Google CSS/JS assets and form structure) but the title claims 'BrightWave Solutions' and the domain is not a legitimate Google domain. The domain is only 208 days old, not in Tranco Top-1M, never archived by Wayback Machine, and uses only free SSL certificates (Let's Encrypt/ZeroSSL). The PhishGraph classifier gives 99.4% phishing probability. These indicators together strongly suggest a credential-harvesting phishing page impersonating a job applic"
DeepSeek-V4-Flash,4761,0,0,1,0.99,0.99,0.3333333333333333,1.0,0.8646666666666667,high,5,6,6,3,2,1,0.16666666666666666,1,,,"The URL domain is not provided, but the HTML content is clearly from homedepot.com, a top-1k Tranco site with a 33.8-year domain age and extensive Wayback history. The page includes legitimate preconnect hints to homedepot.com subdomains, a PayPal SDK script for payment, and New Relic monitoring code, all consistent with a genuine e-commerce site. No credential-harvesting forms, fake login fields, or obfuscated scripts are present. The static classifier (PhishGraph) also rates it as benign at 6."
DeepSeek-V4-Flash,4764,0,0,1,0.99,0.99,0.2857142857142857,1.0,0.8551428571428572,high,6,7,7,2,4,1,0.14285714285714285,1,,,"The URL domain is facebook.com, a top-5 Tranco site with a 29-year registration history and extensive Wayback Machine snapshots, strongly indicating legitimacy. The HTML contains standard Facebook Marketplace metadata, canonical links, and JavaScript bootstrapping code consistent with the real Facebook platform. No credential-harvesting forms, obfuscated scripts, or suspicious redirects were found. The static classifier (PhishGraph) also rates it as benign at 5.0% phishing probability."
DeepSeek-V4-Flash,4768,0,0,1,0.99,0.99,0.25,1.0,0.8480000000000001,high,8,9,9,2,5,2,0.2222222222222222,1,,,"The URL resolves to facebook.com, a Tranco top-5 domain with a 29-year history, extensive Wayback snapshots, and rich certificate transparency logs. The HTML content is the legitimate Facebook Reels page, containing official Facebook metadata, canonical links, and standard Facebook scripts and stylesheets. No credential-harvesting forms, fake login prompts, obfuscated JavaScript, or suspicious redirects were found. The static classifier (PhishGraph) also rates it as benign at 26.4% phishing prob"
DeepSeek-V4-Flash,4776,0,0,1,0.99,0.99,0.3,1.0,0.8580000000000001,high,0,15,15,5,8,2,0.13333333333333333,1,,,"The URL domain is indeed.com, a highly reputable and established site (Tranco rank #389, domain age 28 years, extensive Wayback history). The HTML content is a legitimate career advice article about inserting videos into Google Docs, with no login forms, password fields, credential-harvesting scripts, or brand impersonation. The page includes standard analytics and tracking scripts (Google Tag Manager, Snowplow) typical of a legitimate content site. No phishing indicators were found."
DeepSeek-V4-Flash,4778,0,0,1,0.98,0.98,0.2692307692307692,1.0,0.8498461538461539,high,10,13,13,3,8,2,0.15384615384615385,1,,,"The URL is a subpage of alcivia.com, a legitimate Wisconsin agricultural cooperative with a 21.8-year-old domain, extensive Wayback history, and valid RDAP registration. The HTML content is a standard WordPress page with Elementor styling, describing grain cash bids and containing no password fields, login forms, credential-harvesting scripts, hidden iframes, or obfuscated content. The page includes legitimate analytics and social media tracking scripts (Google Analytics, Facebook Pixel, Google "
DeepSeek-V4-Flash,4783,0,0,1,0.99,0.99,0.3333333333333333,1.0,0.8646666666666667,high,0,15,15,6,8,1,0.06666666666666667,1,,,"The URL is a legitimate IMDb page (www.imdb.com/name/nm0001301/) for actor Charles Grodin, confirmed by Tranco rank #244, 30-year domain age, and extensive Wayback history. The HTML contains standard IMDb metadata, Open Graph tags, schema.org structured data, and no credential-harvesting forms, password fields, or suspicious redirects. No phishing indicators were found; the page is a genuine celebrity biography."
DeepSeek-V4-Flash,4792,0,0,1,0.99,0.99,0.2857142857142857,1.0,0.8551428571428572,high,5,7,7,3,2,2,0.2857142857142857,1,,,"The URL domain is not provided, but the HTML content is clearly from Amazon's real website, as evidenced by the use of Amazon-specific JavaScript variables (ue_mid='A1F83G8C2ARO7P', ue_sid, ue_sn='www.amazon.co.uk'), CDN links to images-na.ssl-images-amazon.com, and standard Amazon tracking and analytics code. The OSINT dossier confirms the domain is extremely popular (Tranco rank #315), has a 31.5-year age, extensive Wayback history, and a legitimate ASN allocation, all of which strongly indica"
DeepSeek-V4-Flash,4809,0,0,1,0.99,0.99,0.3392857142857143,1.0,0.8658571428571429,high,10,14,14,6,7,1,0.07142857142857142,1,,,"The URL domain is ndtv.com, a well-known Indian news site ranked #862 by Tranco, with a 29.6-year domain age, extensive Wayback history, and rich certificate transparency logs. The HTML content is a legitimate news article about an Air India Boeing 787 crash, containing standard news metadata, Open Graph tags, Twitter card tags, and links to NDTV's own CDN, analytics, and advertising partners. No password fields, login forms, credential-harvesting scripts, hidden iframes, or brand impersonation "
DeepSeek-V4-Flash,4862,0,0,1,0.99,0.99,0.35714285714285715,1.0,0.8694285714285714,high,5,7,7,4,2,1,0.14285714285714285,1,,,"The URL domain is travel.usnews.com, a well-known mainstream site ranked #1,243 in Tranco with a 31-year domain age and extensive Wayback history. The HTML content is a legitimate travel guide page about Sanibel Island, containing no password fields, login forms, credential-harvesting scripts, hidden iframes, or any phishing indicators. The page includes standard analytics, advertising, and consent management scripts typical of a legitimate news/travel site."
DeepSeek-V4-Flash,4866,0,0,1,0.99,0.99,0.32142857142857145,1.0,0.8622857142857143,high,6,7,7,3,3,1,0.14285714285714285,1,,,"The domain gibson.com is a well-established, mainstream site with a Tranco rank of #23,732, a 32-year domain age, and over 1000 Wayback snapshots dating back 29 years. The HTML content is a legitimate Shopify-powered e-commerce page for Gibson guitars, with canonical links, hreflang tags, and standard Shopify checkout tokens. No credential-harvesting forms, obfuscated scripts, or suspicious redirects were found. The static classifier PhishGraph also rates it as 0.3% phishing, strongly supporting"
DeepSeek-V4-Flash,4873,0,0,1,0.99,0.99,0.23333333333333334,1.0,0.8446666666666667,high,8,15,15,3,8,4,0.26666666666666666,1,,,"The URL domain is not provided, but the HTML content is clearly from Facebook's legitimate infrastructure: it includes Facebook-specific meta tags (al:android:package, al:ios:app_store_id), canonical link to facebook.com, and references to fbcdn.net static resources. The OSINT dossier confirms the domain is extremely popular (Tranco rank #5), has a 29-year history, rich Certificate Transparency logs, and is hosted on a well-established ASN. No credential-harvesting forms, obfuscated scripts, or "
DeepSeek-V4-Flash,4880,0,0,1,0.98,0.98,0.32142857142857145,1.0,0.8602857142857143,high,5,7,7,3,3,1,0.14285714285714285,1,,,"The URL domain is not provided, but the HTML content clearly belongs to Yahoo Entertainment (yahoo.com), a top-50 Tranco-ranked site with a 31-year domain age, extensive Wayback history, and rich CT logs. The page is a news article about a TV show, containing no password fields, login forms, credential-harvesting scripts, hidden iframes, or any phishing indicators. The static classifier (PhishGraph) also rates it as benign at 10.2% phishing probability. All evidence points to a legitimate news p"
DeepSeek-V4-Flash,4883,0,0,1,0.99,0.99,0.7,1.0,0.9380000000000001,very_high,7,10,10,4,6,0,0.0,1,,,"The URL is www.jdsports.co.uk, a well-known legitimate domain with a Tranco rank of #16,677, a 29-year domain age, and extensive Wayback Machine history. The HTML content is a standard sale page for JD Sports UK, with proper meta tags, canonical links, and references to official mobile apps and social media accounts. No credential-harvesting forms, obfuscated scripts, or suspicious redirects were found. The static classifier (PhishGraph) also rates it as benign at 1.2%."
DeepSeek-V4-Flash,4888,0,0,1,0.99,0.99,0.7142857142857143,1.0,0.940857142857143,very_high,7,7,7,3,4,0,0.0,1,,,"The URL domain is not provided but the HTML content clearly belongs to justwatch.com, a legitimate streaming guide site. The page is a movie detail page for Jurassic Park with standard meta tags, Open Graph data, structured data (schema.org Movie), and no login forms, password fields, credential-harvesting scripts, or suspicious redirects. OSINT signals confirm the domain is 23 years old, in the Tranco top 5k, has extensive Wayback history, and valid RDAP registration, all consistent with a beni"
DeepSeek-V4-Flash,4889,0,0,1,0.99,0.99,0.29411764705882354,1.0,0.8568235294117648,high,8,17,17,4,12,1,0.058823529411764705,1,,,"The domain is extremely well-established (Tranco rank #732, 33.8 years old, 1000 Wayback snapshots, RDAP record present) which strongly leans legitimate. The HTML content includes standard analytics scripts (Google Analytics, New Relic), reCAPTCHA, and a Google site verification meta tag, all consistent with a legitimate e-commerce site. No password fields, login forms, credential-harvesting JavaScript, hidden iframes, or other phishing indicators were found in the cleaned HTML. The static class"
DeepSeek-V4-Flash,4896,0,0,1,0.99,0.99,0.3333333333333333,1.0,0.8646666666666667,high,0,15,15,6,8,1,0.06666666666666667,1,,,"The URL domain is wunderground.com, a well-known weather service with a Tranco rank of #2,097, a 31-year domain age, and extensive Wayback Machine history. The HTML content is a legitimate weather page for Le Sueur, MN, with no password fields, login forms, credential-harvesting scripts, hidden iframes, or brand impersonation. The page includes standard advertising and analytics scripts (Taboola, Google Ads, ScorecardResearch) typical of a mainstream news/weather site. No phishing indicators wer"
DeepSeek-V4-Flash,4897,0,0,1,0.99,0.99,0.23076923076923078,1.0,0.8441538461538463,high,7,13,13,2,8,3,0.23076923076923078,1,,,"The URL domain is ebay.com, a top-210 Tranco-ranked site with a 30-year domain age, extensive Wayback history, and rich Certificate Transparency logs, all strongly indicating legitimacy. The HTML content is a standard eBay product listing page for a vintage item, with no credential-harvesting forms, obfuscated scripts, or brand impersonation. The static classifier (PhishGraph) also rates it as 1.6% phishing probability, consistent with benign."
DeepSeek-V4-Flash,4904,0,0,1,0.99,0.99,0.328125,1.0,0.8636250000000001,high,0,16,16,6,9,1,0.0625,1,,,"The URL is a legitimate IMDb actor page (imdb.com/name/nm0532193/), and the domain imdb.com is a top-250 Tranco-ranked site with a 30-year history, extensive Wayback snapshots, and a valid RDAP record. The HTML content is a standard IMDb biography page with structured data, Open Graph tags, and no credential-harvesting forms, password fields, or obfuscated scripts. No phishing indicators were found; the page is clearly a legitimate entertainment database entry."
DeepSeek-V4-Flash,4919,0,0,1,0.95,0.95,0.7222222222222222,1.0,0.9344444444444445,very_high,6,9,9,4,5,0,0.0,1,,,"The domain is extremely old (36.6 years), ranked #5,939 in Tranco, and has 1,000 Wayback snapshots over 3.9 years, all strong signals of a legitimate, well-established site. The HTML content is a Salesforce-based page with a Content-Security-Policy that whitelists numerous legitimate domains (honda.com, salesforce.com, paypal.com, etc.) and includes no credential-harvesting forms, obfuscated scripts, or fake login elements. The page title 'Manuals Search' and the extensive CSP with analytics, pa"
DeepSeek-V4-Flash,4924,0,0,1,0.99,0.99,0.3125,1.0,0.8605,high,0,20,20,6,13,1,0.05,1,,,"The URL domain is medparkhospital.com, which is a legitimate hospital website with a long history (7.3 years old, 1000 Wayback snapshots, first seen 5.2 years ago, Tranco rank #234,893). The HTML content is a genuine medical article about frequent urination, with no password fields, login forms, credential-harvesting scripts, hidden iframes, or brand impersonation. The page includes standard analytics and social media pixels (Google Analytics, TikTok, Facebook) typical of legitimate content site"
DeepSeek-V4-Flash,4959,0,0,1,0.95,0.95,0.3333333333333333,0.25,0.4066666666666666,low,0,15,15,6,8,1,0.06666666666666667,1,,,"The URL domain airplast.it is a legitimate Italian company website with a 25-year Wayback history, no typosquatting, and a valid Drupal CMS structure. The HTML content is a fully functional product catalog for mechanical ventilation systems, with no password fields, login forms, credential-harvesting scripts, hidden iframes, or obfuscated content. The page includes standard e-commerce elements like Google Analytics, Iubenda cookie consent, and a Google Site Verification meta tag, all consistent "
DeepSeek-V4-Flash,4967,0,0,1,0.99,0.99,0.3125,1.0,0.8605,high,8,8,8,3,4,1,0.125,1,,,"The URL domain is not provided, but the HTML content clearly belongs to the legitimate CARFAX website (carfax.com). The page is a used car listing for a BMW Z4, with standard analytics, tag management (Google Tag Manager, Optimizely, Segment, Branch), and a captcha-display script for anti-bot protection. The OSINT dossier confirms a 28.8-year-old domain, Tranco rank #3,930, and extensive Wayback history, all consistent with a well-established legitimate site. No credential harvesting forms, fake"
DeepSeek-V4-Flash,4983,0,0,1,0.85,0.85,0.71875,1.0,0.9137500000000001,very_high,8,16,16,7,9,0,0.0,1,,,"The page is a React-based SPA that displays a 'No state found in URL' error toast and a loading spinner, indicating it expects URL parameters to load content. No password fields, login forms, credential-harvesting JavaScript, hidden iframes, brand impersonation, fake CAPTCHA, redirects, obfuscated content, wallet drainers, fake updates, or fake stores are present. The domain is 3.3 years old, has 1000 Wayback snapshots, a Tranco rank of #126,594, and a valid RDAP record, all of which are consist"
DeepSeek-V4-Flash,4984,0,0,1,0.95,0.95,0.2857142857142857,1.0,0.8471428571428572,high,0,14,14,4,8,2,0.14285714285714285,1,,,"The domain safetygear.com is 21.9 years old, has 1000 Wayback snapshots, a Tranco rank (though not in Top-1M), and a rich CT certificate history, all indicating a long-established legitimate site. The HTML content is a fully functional Shopify e-commerce store selling custom hard hats and PPE, with standard Shopify scripts, payment integrations, and no credential-harvesting forms, fake login pages, or obfuscated content. The presence of a Sitejabber widget and a canonical link to the same domain"
DeepSeek-V4-Flash,4989,0,0,1,0.95,0.95,0.3409090909090909,1.0,0.8581818181818182,high,5,11,11,5,5,1,0.09090909090909091,1,,,"The domain is 29.7 years old, has 792 Wayback snapshots over 3.9 years, and is hosted on a well-established ASN (AS16509). The HTML includes legitimate analytics scripts (Google Analytics, HubSpot, New Relic) and references a known commercial real estate platform (Catylist). No password fields, login forms, credential-harvesting JavaScript, hidden iframes, or brand impersonation were found. The static classifier (PhishGraph) also rates it as benign at 25.1%."
DeepSeek-V4-Flash,507,0,1,0,0.95,0.95,0.7333333333333333,1.0,0.9366666666666668,very_high,0,15,15,7,8,0,0.0,1,,,"The page is a static informational guide about BlockFi login procedures, containing no login forms, password fields, credential-harvesting JavaScript, hidden iframes, or redirects. The domain is well-established (Tranco rank #302, age 5.7 years, RDAP record present) and the HTML content is purely educational with placeholder images and a dead support link. No phishing indicators were found despite active checks for common attack patterns."
DeepSeek-V4-Flash,518,0,1,0,0.95,0.95,0.3333333333333333,1.0,0.8566666666666667,high,10,15,15,6,8,1,0.06666666666666667,1,,,"The URL is a legitimate Blogger subdomain (freetweetfollowers.blogspot.com) with a 15.7-year-old domain, Tranco rank #44,902, and RDAP record. The HTML content is a standard, empty Blogger blog with no login forms, password fields, credential-harvesting scripts, hidden iframes, or any phishing indicators. The page simply displays 'No posts' and contains only Blogger framework code."
DeepSeek-V4-Flash,527,1,1,1,0.95,0.95,0.42857142857142855,0.65,0.6292857142857142,mid,7,9,7,0,6,1,0.14285714285714285,1,,,"The page presents a fake AI crypto trading dashboard with a 'Join Waitlist' button that opens a modal asking for email and a USDT TRC-20 wallet address, explicitly requesting donations in cryptocurrency. The modal text 'Donate to be first to know' and the tiered donation amounts (300, 100, 30 USDT) are classic advance-fee scam patterns. The domain is not in the Tranco top 1M, is only 316 days old, and the static classifier PhishGraph gives 99% phishing probability, all consistent with a phishing"
DeepSeek-V4-Flash,54,0,1,0,0.95,0.95,0.3333333333333333,0.3,0.43666666666666665,low,0,15,15,6,8,1,0.06666666666666667,1,,,"The page is a standard WordPress.com site with no login forms, password fields, credential-harvesting JavaScript, or brand impersonation. The URL is a legitimate WordPress.com subdomain (vkfdeewww.wordpress.com), and the HTML content shows typical WordPress infrastructure (dns-prefetch to s0.wp.com, wordpress.com, af.pubmine.com; wp-emoji-release; Jetpack settings; actionbar data). The domain is over a year old and has Wayback snapshots, consistent with a benign blog. No phishing indicators were"
DeepSeek-V4-Flash,552,0,1,0,0.95,0.95,0.35,1.0,0.86,high,0,10,10,5,4,1,0.1,1,,,"The page is a legitimate informational blog hosted on blogspot.com (a Google-owned platform) that explains how to use a Trezor hardware wallet. The URL domain is trezorloggin.blogspot.com, which is a subdomain of blogspot.com, not a typosquatting domain of trezor.io. The HTML content contains no login forms, password fields, credential-harvesting JavaScript, hidden iframes, or any interactive elements that collect sensitive data. The page is purely educational with text, images, and links to the"
DeepSeek-V4-Flash,554,0,1,0,0.95,0.95,0.7916666666666666,1.0,0.9483333333333334,very_high,0,12,12,7,5,0,0.0,1,,,"The URL domain is not provided, but the OSINT dossier shows a Tranco rank of #302 (extremely popular), domain age of 5.7 years, and a legitimate ASN allocation, all of which strongly indicate a benign site. The HTML content is a static informational page about Phantom Wallet with no login forms, password fields, credential-harvesting JavaScript, hidden iframes, or any interactive elements that collect sensitive data. The page only contains descriptive text and an accordion FAQ, with no phishing "
DeepSeek-V4-Flash,559,1,1,1,0.99,0.99,0.625,0.15,0.6395,mid,8,6,8,2,6,0,0.0,1,,,"The page displays a Yahoo-branded login form with a background image from Yahoo, but the domain is not provided and the HTML is heavily obfuscated via base64 encoding. The static classifier PhishGraph gives a 99.7% phishing probability, and the page includes a fake alert claiming the user has been signed out, which is a common social engineering tactic. The form has a pre-filled email field and a password field, indicating credential harvesting. Despite the domain being 8 years old and in Tranco"
DeepSeek-V4-Flash,561,1,1,1,0.92,0.92,0.42857142857142855,0.15,0.5202857142857144,low,7,6,7,0,6,1,0.14285714285714285,1,,,"The page impersonates Meta for Business with a 'Privacy Center' and 'Page Appeal' title, but the domain is not a legitimate Meta domain. The HTML contains a React-based app with a sidebar mimicking Meta's privacy center, yet the page is served from an unknown domain with noindex/nofollow meta tags, typical of phishing pages. The static classifier PhishGraph gives 90.6% phishing probability, and the domain, despite being old (5.7 years) and in Tranco top 1k, has never been archived on Wayback Mac"
DeepSeek-V4-Flash,568,0,1,0,0.95,0.95,0.3409090909090909,1.0,0.8581818181818182,high,6,11,11,5,5,1,0.09090909090909091,1,,,"The URL is imdb.com, a top-250 Tranco-ranked domain with a 30-year history and extensive Wayback Machine snapshots, strongly indicating legitimacy. The HTML content is a standard IMDb private list page with no password fields, login forms, credential-harvesting scripts, hidden iframes, or brand impersonation. The page simply displays a message that the list is private, and all scripts and metadata are consistent with Amazon/IMDb infrastructure."
DeepSeek-V4-Flash,575,1,1,1,0.92,0.92,0.4,0.15,0.506,low,5,8,5,0,4,1,0.2,1,,,"The page title and meta description repeatedly embed a phone number [+1-808-319-1085] in a fake Robinhood support context, urging users to call that number to withdraw money. This is a classic tech-support scam pattern where victims are tricked into calling a premium-rate or fraudulent number. The domain is not Robinhood's official domain, and the page uses a generic event-ticket template with no actual login form, but the repeated phone number and brand impersonation are strong phishing indicat"
DeepSeek-V4-Flash,582,0,1,0,0.95,0.95,0.7727272727272727,1.0,0.9445454545454546,very_high,2,11,11,6,5,0,0.0,1,,,"The URL domain is extremely popular (Tranco rank #9) and 20.8 years old, which strongly indicates a legitimate site. The HTML content is an AWS S3 AccessDenied error page, containing no login forms, password fields, credential-harvesting scripts, or any phishing indicators. The static classifier also rates it as benign (29.4% phishing probability)."
DeepSeek-V4-Flash,611,1,1,1,0.85,0.85,0.375,0.65,0.5725,mid,8,6,8,0,6,2,0.25,1,,,"The domain 'holgersasse.shop' uses a generic .shop TLD and is not in the Tranco top 1M, with a first Wayback snapshot only 1.3 years ago and no recent archival activity, which is atypical for a legitimate luxury brand store. The HTML content heavily impersonates the Safiyaa brand, using their logo, product images, and descriptions, but the site is hosted on a domain unrelated to the official Safiyaa website (safiyaa.com). The page includes a full e-commerce structure with product listings, price"
DeepSeek-V4-Flash,612,1,1,1,0.85,0.85,0.4166666666666667,0.15,0.4933333333333334,low,6,9,6,1,3,2,0.3333333333333333,1,,,"The page is hosted on a blogspot.com subdomain (trezor-walleett.blogspot.com) which is a free hosting platform, and the domain name contains a typo-squatting variation of the legitimate Trezor brand ('walleett' instead of 'wallet'). The HTML content is purely informational with no login forms or credential harvesting elements, but the combination of a suspicious subdomain and brand impersonation (using Trezor logos and content) strongly suggests a phishing attempt to deceive users into trusting "
DeepSeek-V4-Flash,615,0,1,0,0.85,0.85,0.3409090909090909,0.25,0.3881818181818182,low,4,11,11,5,5,1,0.09090909090909091,1,,,"The page is a fully functional gambling/lobby application with extensive CSS skin variables, a manifest for PWA, and a complex JavaScript module for cross-origin storage proxy. No password fields, login forms, credential-harvesting scripts, hidden iframes, or brand impersonation of known financial or tech entities are present. The URL domain was not provided, but the HTML content shows no phishing indicators; the static classifier PhishGraph also rated it as benign at 42.8% (below the phishing t"
DeepSeek-V4-Flash,631,0,1,0,0.85,0.85,0.3333333333333333,0.25,0.38666666666666666,low,0,15,15,6,8,1,0.06666666666666667,1,,,"The URL domain 'aliamazonlots.store' is a Shopify-hosted store (evidenced by Shopify CDN links, 'myshopify.com' in font URLs, and standard Shopify theme assets). The page is a legitimate product collection page for 'BROOKS' with no password fields, login forms, credential-harvesting scripts, or obfuscated content. The domain is not in Tranco Top-1M but has a Wayback history of 10 snapshots over 453 days, indicating established operation. The static classifier PhishGraph rates it 13% phishing (BE"
DeepSeek-V4-Flash,665,1,1,1,0.92,0.92,0.5,0.65,0.656,mid,8,6,8,1,6,1,0.125,1,,,"The page title and content promote a 'Bookmaker company' with a bonus on first deposit, which is a common scam lure. The HTML loads resources from a suspicious CDN domain 'cdn-a914bb88.com' and includes a click URL pointing to 'bw-prm.com', a domain not associated with any legitimate bookmaker. The static classifier PhishGraph gives a 93.6% phishing probability, and the domain is not in the Tranco top 1M, has a medium age of 325 days, and shows a wildcard certificate, all consistent with phishin"
DeepSeek-V4-Flash,700,1,1,1,0.95,0.95,0.625,0.15,0.6275,mid,8,8,8,2,6,0,0.0,1,,,"The domain longchampio.eu.com is a clear typosquat of the legitimate Longchamp brand (longchamp.com), using a .eu.com TLD which is unusual for a US-focused luxury brand. The page is a fully functional WooCommerce store impersonating Longchamp, with product listings, cart, and checkout capabilities, designed to harvest payment credentials and personal information. The OSINT dossier shows a 31-year-old domain age, but the domain is actually longchampio.eu.com, which is likely a recently registered"
DeepSeek-V4-Flash,705,0,1,0,0.95,0.95,0.7333333333333333,0.25,0.48666666666666664,low,0,15,15,7,8,0,0.0,1,,,"The URL domain is not provided, but the HTML content is a legitimate German school website (Dr.-Frank-Gymnasium) with no login forms, password fields, credential-harvesting scripts, or suspicious redirects. The page contains only informational content, navigation menus, and static assets. The OSINT dossier shows a long Wayback history (23.8 years), consistent with a legitimate educational institution. No phishing indicators were found."
DeepSeek-V4-Flash,719,1,1,1,0.95,0.95,0.8,0.15,0.7150000000000001,mid,5,6,5,3,2,0,0.0,1,,,"The page contains a functional login form with password field and a 'KuCoin Login' button, which is a classic credential harvesting pattern. The domain is not the official KuCoin domain (kucoin.com), and the page is hosted on a domain that is not the legitimate one, despite the OSINT signals of age and rank. The presence of a mock login form on a guide page is a strong indicator of phishing, as it mimics the login interface to capture credentials."
DeepSeek-V4-Flash,72,0,1,0,0.95,0.95,0.3409090909090909,0.25,0.40818181818181815,low,7,11,11,5,5,1,0.09090909090909091,1,,,"The page is a fully functional gambling/lobby application with extensive CSS skin variables, a React-based SPA structure, and references to a CDN (pubsgppp.c1oudfront.com) that appears to be a legitimate asset server. No password fields, login forms, credential-harvesting JavaScript, hidden iframes, or brand impersonation of known financial or tech companies are present. The static classifier (PhishGraph) rates it as 42.8% phishing, which is below the benign threshold, and the OSINT signals (no "
DeepSeek-V4-Flash,729,0,1,0,0.95,0.95,0.7083333333333334,0.25,0.4816666666666667,low,8,12,12,5,7,0,0.0,1,,,"The URL domain is not provided, but the HTML content is a legitimate German school website (Dr.-Frank-Gymnasium) with no login forms, password fields, credential-harvesting scripts, or suspicious redirects. The page contains only informational content, navigation menus, and static assets. OSINT signals show a long Wayback history (23.8 years), a stable ASN, and no phishing indicators in the HTML. The static classifier also rates it as benign with 9.1% phishing probability."
DeepSeek-V4-Flash,730,1,1,1,0.99,0.99,0.42857142857142855,0.15,0.5412857142857143,low,7,5,7,0,6,1,0.14285714285714285,1,,,"The page impersonates Free's webmail (Zimbra) with a login form for 'Adresse mail free' and 'Mot de passe', but the domain is a Framer subdomain (yummy-world-851642.framer.app) unrelated to Free or Zimbra. The form submits to the same page with no visible legitimate action URL, and the page is built with Framer, a site builder commonly abused for phishing. The static classifier (PhishGraph) gives 98.8% phishing confidence, and the domain has no Wayback history despite being 5.6 years old, which "
DeepSeek-V4-Flash,736,1,1,1,0.85,0.85,0.5,0.65,0.635,mid,7,6,7,0,7,0,0.0,1,,,"The page is a fully functional online casino/gambling lobby, which is a common vector for phishing scams. The domain is not in the Tranco top 1M, has no Wayback Machine history, and no Certificate Transparency logs, all consistent with a newly created or short-lived phishing site. The HTML contains extensive skin customization variables and a complex JavaScript proxy for localStorage, which could be used to exfiltrate credentials or session data. The presence of a 'CGFrameStorageProxy' script th"
DeepSeek-V4-Flash,745,0,1,0,0.99,0.99,0.75,1.0,0.9480000000000001,very_high,0,10,10,5,5,0,0.0,1,,,"The URL is a legitimate Blogger blogspot.com subdomain (cibopassionemente.blogspot.com) with a 19-year-old domain, Tranco rank #48,988, and RDAP registration. The HTML content is a standard Blogger template with no login forms, password fields, credential-harvesting scripts, hidden iframes, or brand impersonation. The page is a food blog in Italian, consistent with its title and navigation links. No phishing indicators were found."
DeepSeek-V4-Flash,750,0,1,0,0.95,0.95,0.71875,1.0,0.9337500000000001,very_high,0,16,16,7,9,0,0.0,1,,,"The page is a standard Blogger blog with no login forms, password fields, credential-harvesting scripts, or brand impersonation. The domain is a long-established blogspot.com subdomain (16.8 years old) with a Tranco rank of #3,317, and the HTML content shows only a default empty blog template. No phishing indicators were found in the URL, HTML, or OSINT data."
DeepSeek-V4-Flash,754,0,1,0,0.95,0.95,0.3,1.0,0.8500000000000001,high,0,15,15,5,8,2,0.13333333333333333,1,,,"The URL is a legitimate blogspot.com subdomain (tobilobablog.blogspot.com) with a Tranco rank of #49,911, indicating a mainstream site. The HTML content is a standard Blogger template for an educational blog named 'Buminfo', containing no password fields, login forms, credential-harvesting scripts, hidden iframes, or brand impersonation. The page includes Google Analytics, AdSense, and Facebook SDK scripts typical of legitimate blogs. No phishing indicators were found."
DeepSeek-V4-Flash,755,0,1,0,0.95,0.95,0.21875,1.0,0.83375,high,0,16,16,3,8,5,0.3125,1,,,"The URL is a standard blogspot.com subdomain (lilbedwordweave.blogspot.com), which is a legitimate Google-owned blogging platform. The HTML content is a typical Blogger template with blog posts, comments, and standard Google APIs (jQuery, Blogger widgets, Google Fonts, Font Awesome). There are no password fields, login forms, credential-harvesting scripts, hidden iframes, brand impersonation, fake CAPTCHAs, redirects, obfuscated content, wallet drainers, fake updates, or fake stores. The OSINT d"
DeepSeek-V4-Flash,759,1,1,1,0.92,0.92,0.5714285714285714,0.65,0.6917142857142857,mid,7,7,7,1,6,0,0.0,1,,,"The page presents a fake CAPTCHA verification flow that mimics reCAPTCHA but is entirely client-side JavaScript with no actual server-side validation. After the fake verification, it redirects to 'y11.html', a likely phishing page. The domain is not in the Tranco top 1M, has no Wayback Machine history, and no Certificate Transparency logs, consistent with a short-lived phishing site. The combination of a fake CAPTCHA, redirect to an unknown page, and lack of legitimate brand signals strongly ind"
DeepSeek-V4-Flash,760,0,1,0,0.98,0.98,0.6944444444444444,1.0,0.9348888888888889,very_high,8,18,18,7,11,0,0.0,1,,,"The page is a legitimate Blogger-hosted sports magazine blog (Revista DxT) with a 19-year-old domain, no login forms, no credential-harvesting scripts, and no brand impersonation. The HTML contains only standard Blogger widgets, AdSense ads, and navigation links to external sites like Issuu and Amazon. The PhishGraph classifier's 93.3% phishing score is a false positive, likely due to generic HTML structure or ad-related patterns, but the actual content and OSINT signals strongly indicate benign"
DeepSeek-V4-Flash,761,1,1,1,0.92,0.92,0.5833333333333334,1.0,0.7676666666666667,high,6,8,6,1,5,0,0.0,1,,,"The page is a fake CAPTCHA that mimics Google's reCAPTCHA but uses a custom checkbox and JavaScript to simulate verification, then redirects to 'y11.html' — a classic credential harvesting or scam flow. The domain is only 11 days old, not in Tranco Top-1M, and has no recent Wayback snapshots, all consistent with a phishing setup. The HTML contains no actual reCAPTCHA API calls, and the redirect after 'verification' is a strong indicator of a phishing funnel."
DeepSeek-V4-Flash,763,0,1,0,0.95,0.95,0.28846153846153844,0.45,0.5176923076923077,low,7,13,13,4,7,2,0.15384615384615385,1,,,"The URL is a legitimate Blogger subdomain (tobilobablog.blogspot.com) with a canonical link to the same, and the HTML content is a standard Blogger template for an educational blog called 'Buminfo' with no login forms, password fields, credential-harvesting scripts, or brand impersonation. The page includes Google Analytics, AdSense, and Facebook SDK scripts typical of legitimate blogs, and the domain has a Tranco rank of #179,501, indicating established presence. No phishing indicators such as "
DeepSeek-V4-Flash,771,0,1,0,0.95,0.95,0.75,0.25,0.49,low,6,6,6,3,3,0,0.0,1,,,"The domain probets.online has a 2.5-year Wayback history with 21 snapshots and a first capture serving HTTP 2xx, indicating an established site. The HTML content is a fully functional sports prediction service with no password fields, login forms, credential-harvesting JavaScript, hidden iframes, or obfuscated content. The page includes legitimate features like Google Sign-In integration, Nuxt.js framework assets, and a professional layout with transparent statistics and pricing. No phishing ind"
DeepSeek-V4-Flash,782,1,1,1,0.85,0.85,0.4375,0.65,0.60375,mid,8,5,8,0,7,1,0.125,1,,,"The domain 'mcthicsbertram.shop' is a clear typosquat of the legitimate brand 'Aimee Kestenberg', using a .shop TLD and a nonsensical name that mimics the brand's product line. The page is a fully functional WooCommerce store that impersonates the brand, with product listings, cart, and checkout flows designed to harvest payment credentials and personal information. OSINT signals are weak: the domain is not in Tranco's top 1M, has only 11 Wayback snapshots with the last one 309 days ago, and no "
DeepSeek-V4-Flash,798,1,1,1,0.92,0.92,0.42857142857142855,0.15,0.5202857142857144,low,7,10,7,0,6,1,0.14285714285714285,1,,,"The page is hosted on a blogspot.com subdomain (robiux50kiu.blogspot.com) and impersonates Roblox with a 'Robux Booster' scheme, asking for a username and platform selection — classic credential harvesting for gaming accounts. The domain is old (14.7 years) but the specific subdomain is likely newly created or repurposed for phishing, as evidenced by no Wayback archive and the use of obfuscated third-party scripts (e.g., from dtscout.com, cloudfront.net) that can dynamically load malicious conte"
DeepSeek-V4-Flash,816,0,1,0,0.98,0.98,0.8,1.0,0.9560000000000001,very_high,6,10,10,6,4,0,0.0,1,,,"The page is a legitimate Blogger blog titled 'Happy Halls' with content dating back to 2009, hosted on blogspot.com. The HTML contains no login forms, password fields, credential-harvesting scripts, hidden iframes, or any brand impersonation. The domain is 14.7 years old, has a Tranco rank, and is hosted on a reputable ASN (Google). The static classifier's high phishing score is likely a false positive due to generic HTML structure or lack of content, but the actual page content and OSINT signal"
DeepSeek-V4-Flash,826,0,1,0,0.95,0.95,0.7333333333333333,1.0,0.9366666666666668,very_high,0,15,15,7,8,0,0.0,1,,,"The URL is a legitimate Blogger subdomain (david-beckham-gallery.blogspot.com) with a long history (25.8 years domain age, Tranco rank #113, 76 Wayback snapshots). The HTML content is a standard Blogger mobile template with no login forms, password fields, credential-harvesting scripts, hidden iframes, or brand impersonation. The page is a simple fan gallery for David Beckham with blog posts and no phishing indicators."
DeepSeek-V4-Flash,828,1,1,1,0.92,0.92,0.5625,1.0,0.75725,high,8,6,8,1,7,0,0.0,1,,,"The page presents a fake CAPTCHA verification flow that ultimately redirects to 'y11.html', a likely credential-harvesting page. The domain is only 11 days old, not in Tranco top 1M, never archived by Wayback Machine, and has no CT logs — all hallmarks of a short-lived phishing site. The HTML mimics Google's reCAPTCHA branding but uses a custom script with no actual reCAPTCHA API, and the redirect after 'verification' is a common phishing pattern to lead victims to a login form."
DeepSeek-V4-Flash,86,0,1,0,0.95,0.95,0.3055555555555556,1.0,0.8511111111111112,high,5,9,9,3,5,1,0.1111111111111111,1,,,"The page is a legitimate Blogger-hosted blog for an independent Stampin' Up! demonstrator. The URL is a standard blogspot.com subdomain, the HTML contains no login forms, password fields, credential-harvesting scripts, or brand impersonation. The domain is 18.8 years old, has a Tranco rank, and the content is typical of a personal crafting blog with Google Analytics and AdSense. The PhishGraph score is contradicted by all other evidence and likely a false positive."
DeepSeek-V4-Flash,862,1,1,1,0.95,0.95,0.5,0.65,0.6649999999999999,mid,9,9,9,0,9,0,0.0,1,,,"The page presents a fake AI crypto trading dashboard with a 'Join Waitlist' button that opens a modal asking for email and a USDT TRC-20 wallet address, explicitly requesting donations in exchange for early access. The domain is not in the Tranco top 1M, is only 302 days old, and has no CT log hits, all consistent with a fresh phishing setup. The PhishGraph classifier gives 99% phishing probability, and the combination of a donation request with a fake waitlist and cryptocurrency wallet address "
DeepSeek-V4-Flash,866,1,1,1,0.99,0.99,0.8,0.15,0.7270000000000001,mid,5,4,5,3,2,0,0.0,1,,,"The page impersonates PayPal with a cloned login form, but the form's submit handler sends credentials to a Telegram bot via a hardcoded bot token and chat ID, which is a classic credential harvesting technique. Additionally, the page includes a behavior-tracking script that exfiltrates mouse and keyboard data to a server endpoint, further confirming malicious intent. The domain is 2.9 years old and has a Tranco rank, but the HTML content overrides any OSINT signals of legitimacy."
DeepSeek-V4-Flash,878,1,1,1,0.98,0.98,0.5,0.65,0.674,mid,8,9,8,0,8,0,0.0,1,,,"The page presents a fake AI crypto trading dashboard with a 'Join Waitlist' button that opens a modal requesting email and a USDT TRC-20 wallet address for 'donations' to be first to access the platform. The domain is only 325 days old, not in the Tranco top 1M, and has no recent Wayback snapshots, which is consistent with a phishing setup. The static classifier PhishGraph gives 99% phishing probability. The combination of a fresh domain, a request for cryptocurrency donations under the guise of"
DeepSeek-V4-Flash,881,0,1,0,0.95,0.95,0.275,1.0,0.8450000000000001,high,4,10,10,3,5,2,0.2,1,,,"The page is a PDF viewer (Mozilla's pdf.js) rendering a file named 'talk-to-a-live-person-at-robinhood-customer-service...pdf.tmp'. No login forms, password fields, credential-harvesting JavaScript, hidden iframes, or brand impersonation are present. The domain is 7.6 years old, has 1000 Wayback snapshots, and is ranked in Tranco, all consistent with a legitimate site. The static classifier's 99.2% phishing score is likely a false positive triggered by the PDF viewer's unusual HTML structure, no"
DeepSeek-V4-Flash,90,1,1,1,0.85,0.85,0.5625,1.0,0.7362500000000001,mid,8,8,8,1,7,0,0.0,1,,,"The domain is not in the Tranco top 1M, is only 223 days old, uses only free SSL certificates (Let's Encrypt), and has no recent Wayback snapshots, all of which are consistent with phishing infrastructure. The HTML content impersonates WhatsApp with a Chinese-language brand page titled 'whatsapp國內版' and includes download buttons linking to '/watz.php', which likely leads to credential harvesting or malware. The page also contains multiple links to '/watz.php' for downloads, a common phishing pat"
DeepSeek-V4-Flash,912,0,1,0,0.95,0.95,0.3409090909090909,0.25,0.40818181818181815,low,4,11,11,5,5,1,0.09090909090909091,1,,,"The page is a fully functional gambling/casino lobby with extensive CSS skin variables, a manifest for PWA, and a complex JavaScript module for cross-frame storage proxy. No login forms, password fields, credential-harvesting scripts, fake CAPTCHAs, or brand impersonation of any known financial or tech entity are present. The URL domain was not provided, but the HTML content shows no phishing indicators; the static classifier (PhishGraph) also rated it as benign at 42.8% probability of phishing."
DeepSeek-V4-Flash,929,0,1,0,0.85,0.85,0.8333333333333334,0.3,0.5166666666666666,low,4,6,6,4,2,0,0.0,1,,,"The page is a cryptocurrency information site for Avalanche (AVAX), providing price data and market trends. The domain is 537 days old, which is not typical of short-lived phishing sites, and the HTML contains no credential-harvesting forms, password fields, or obfuscated scripts. The static classifier (PhishGraph) also rates it as benign at 44.7% probability of phishing. Although the domain is not in the Tranco top 1M and has no Wayback history, these are not strong phishing indicators given th"
DeepSeek-V4-Flash,933,1,1,1,0.92,0.92,0.35714285714285715,0.15,0.48457142857142865,low,7,7,7,1,3,3,0.42857142857142855,1,,,"The page is hosted on a blogspot.com subdomain (trezorrloggin.blogspot.com) which is a free hosting platform, and the domain name contains a typo-squatting variant of 'trezor' with an extra 'r' and 'loggin' instead of 'login'. The HTML content impersonates the Trezor brand, includes multiple references to 'Trezor login' and 'Trezor Suite', and contains a large image of the Trezor start page, but lacks any actual login form or credential-harvesting mechanism visible in the cleaned HTML. However, "
DeepSeek-V4-Flash,943,0,1,0,0.95,0.95,0.3409090909090909,0.25,0.40818181818181815,low,4,11,11,5,5,1,0.09090909090909091,1,,,"The page is a fully functional gambling/lottery platform with extensive CSS theming, a manifest for PWA, and a complex JavaScript module for cross-origin storage proxy. No login forms, password fields, credential-harvesting scripts, or brand impersonation of any known financial or tech company are present. The URL domain was not provided, but the HTML content shows no phishing indicators; the static classifier (PhishGraph) also rates it as benign at 42.8% probability of phishing, which aligns wi"
DeepSeek-V4-Flash,951,1,1,1,0.95,0.95,0.6,0.15,0.615,mid,5,9,5,1,4,0,0.0,1,,,"The page impersonates Bitbuy, a known Canadian crypto platform, with a login form requesting email and password. The form has no visible action attribute, suggesting credentials are harvested client-side or sent to an external endpoint. The domain is not provided, but the static classifier (PhishGraph) gives 99% phishing probability, and the Wayback Machine shows no archival history despite the domain being 5.7 years old, which is anomalous for a legitimate top-300 site. These indicators collect"
DeepSeek-V4-Flash,971,1,1,1,0.92,0.92,0.4,0.65,0.6060000000000001,mid,5,8,5,0,4,1,0.2,1,,,"The page is a gambling/casino platform that requests credentials and financial data, which is a common scam type. The domain is not in the Tranco top 1M, has no Wayback Machine history, and no Certificate Transparency logs, all typical of short-lived phishing sites. The HTML contains extensive skin theming and a login/registration flow, but the lack of any legitimate brand association and the suspicious domain profile strongly indicate a phishing/scam operation."
DeepSeek-V4-Flash,974,0,1,0,0.85,0.85,0.7727272727272727,0.25,0.47454545454545455,low,0,11,11,6,5,0,0.0,1,,,"The domain probets.online is 325 days old, which is medium-risk, but the Wayback Machine shows 1000 snapshots over 6.7 years, indicating a long-established site. The HTML content is a fully functional sports prediction service with no credential-harvesting forms, no password fields, no obfuscated scripts, and no brand impersonation. The page uses legitimate third-party resources (Google Sign-In, Font Awesome, Nuxt framework) and promotes a subscription service with transparent features. No phish"
