row_idx,sample_id,gt,pred,prob_phish,live_round,cum_FN,cum_FP,cum_errors,rolling_f1w_w200,rolling_recall_phish_w200
0,2571,0,0,0.03043404686659911,0,0,0,0,,
1,2685,0,0,0.000489246858778382,0,0,0,0,,
2,2697,0,0,0.001228971786608914,0,0,0,0,,
3,2886,0,0,4.021877140360176e-05,0,0,0,0,,
4,2891,0,0,0.003957782991507663,0,0,0,0,,
5,3121,0,0,5.329237843894164e-06,0,0,0,0,,
6,3319,0,0,0.00010621025189605297,0,0,0,0,,
7,3362,0,0,3.3011081115911635e-05,0,0,0,0,,
8,3379,0,0,0.0011864650116200405,0,0,0,0,,
9,3596,0,0,0.0068516400674112484,0,0,0,0,,
10,3706,0,0,0.0008238078929102242,0,0,0,0,,
11,4031,0,0,5.513010375533409e-05,0,0,0,0,,
12,4131,0,0,1.7190943893151888e-05,0,0,0,0,,
13,4318,0,0,0.0005363109147823538,0,0,0,0,,
14,4547,0,0,1.204377995164882e-05,0,0,0,0,,
15,4750,0,0,0.001018123766972649,0,0,0,0,,
16,4754,0,0,0.014493084373192366,0,0,0,0,,
17,4884,0,0,0.0006158227369854503,0,0,0,0,,
18,4980,0,0,2.1511910140116075e-05,0,0,0,0,,
19,241,1,0,0.005238064767293257,0,1,0,1,,
20,575,1,0,0.0003499345802523118,0,2,0,2,,
21,1468,1,0,0.0022550381685480804,0,3,0,3,,
22,2585,0,0,0.003018898399581602,0,3,0,3,,
23,2655,0,0,0.00023953029565359655,0,3,0,3,,
24,2682,0,0,0.004289862765626352,0,3,0,3,,
25,2843,0,0,0.4488238684208146,0,3,0,3,,
26,2982,0,0,2.3111932647188394e-05,0,3,0,3,,
27,3044,0,0,0.0002773830286692281,0,3,0,3,,
28,3126,0,0,0.00016830853540023135,0,3,0,3,,
29,3208,0,0,0.0008943009802058829,0,3,0,3,,
30,3498,0,0,0.002076041932473076,0,3,0,3,,
31,3559,0,0,0.0016876233368862963,0,3,0,3,,
32,3577,0,0,0.0017181230238690086,0,3,0,3,,
33,3696,0,0,1.7657057396303914e-05,0,3,0,3,,
34,3774,0,0,0.000869387329968629,0,3,0,3,,
35,3782,0,0,0.005071830698438188,0,3,0,3,,
36,3814,0,0,8.563381728839351e-05,0,3,0,3,,
37,3821,0,0,0.0007406738544500236,0,3,0,3,,
38,3866,0,0,0.0023237944376081274,0,3,0,3,,
39,3923,0,0,1.5088370864064297e-05,0,3,0,3,,
40,4022,0,0,0.001956033098789777,0,3,0,3,,
41,4160,0,0,6.736988350884596e-05,0,3,0,3,,
42,4235,0,0,7.3896240725928574e-06,0,3,0,3,,
43,4306,0,0,0.0021675182877582714,0,3,0,3,,
44,4497,0,0,0.00010218068844360967,0,3,0,3,,
45,4697,0,0,0.00010377184237776405,0,3,0,3,,
46,4710,0,0,0.0011657768913222876,0,3,0,3,,
47,4797,0,0,0.004107708726738636,0,3,0,3,,
48,4887,0,0,0.017886604364000032,0,3,0,3,,
49,4920,0,0,0.0009612271381141676,0,3,0,3,,
50,154,1,0,0.0013156287529156364,0,4,0,4,,
51,2437,1,1,0.9994133416442795,0,4,0,4,,
52,2720,0,1,0.9236913197002707,0,4,1,5,,
53,2863,0,0,0.0002201358005555837,0,4,1,5,,
54,2957,0,0,4.631271017271324e-05,0,4,1,5,,
55,3080,0,0,0.0072297029529940745,0,4,1,5,,
56,3108,0,0,0.01834411203890144,0,4,1,5,,
57,3132,0,1,0.7798863948498381,0,4,2,6,,
58,3195,0,0,4.330621573329757e-06,0,4,2,6,,
59,3220,0,0,0.0052761317150192,0,4,2,6,,
60,3274,0,0,0.0008014037154407698,0,4,2,6,,
61,3372,0,0,0.00030365709499065535,0,4,2,6,,
62,3395,0,0,9.171010554246518e-05,0,4,2,6,,
63,3818,0,0,0.05725707045033576,0,4,2,6,,
64,4033,0,0,0.00025897829732301857,0,4,2,6,,
65,4389,0,0,0.00020408505039740097,0,4,2,6,,
66,4415,0,0,0.0002875527308449808,0,4,2,6,,
67,4446,0,0,5.609948887955047e-05,0,4,2,6,,
68,4712,0,0,0.0002760933430872024,0,4,2,6,,
69,4725,0,0,0.00027371302507774893,0,4,2,6,,
70,4876,0,0,2.375710831521055e-05,0,4,2,6,,
71,4946,0,0,0.0002675886958725197,0,4,2,6,,
72,4967,0,0,0.00035814049567210217,0,4,2,6,,
73,31,1,1,0.785755118264194,0,4,2,6,,
74,81,1,1,0.9017454502291762,0,4,2,6,,
75,443,1,0,0.029854148147762338,0,5,2,7,,
76,1164,1,0,0.00032929331702361887,0,6,2,8,,
77,1180,1,0,2.692071359525293e-06,0,7,2,9,,
78,2270,1,0,2.4962846784067584e-05,0,8,2,10,,
79,3633,0,0,0.0003287921186172122,0,8,2,10,,
80,4592,0,0,6.78115561720388e-05,0,8,2,10,,
81,2458,1,0,5.928511746550187e-07,0,9,2,11,,
82,2710,0,0,0.0006638097900795657,0,9,2,11,,
83,2733,0,0,0.0004096596422882296,0,9,2,11,,
84,2888,0,0,1.3066326554541966e-05,0,9,2,11,,
85,2974,0,0,0.0002931214025200264,0,9,2,11,,
86,3024,0,0,0.0018601966677788343,0,9,2,11,,
87,3037,0,1,0.8332078236687807,0,9,3,12,,
88,3082,0,0,0.0002733238231296161,0,9,3,12,,
89,3113,0,0,0.00014637343479549417,0,9,3,12,,
90,3154,0,0,0.000473989723289777,0,9,3,12,,
91,3183,0,0,0.0013322307013419127,0,9,3,12,,
92,3658,0,0,0.0001475370822014846,0,9,3,12,,
93,3815,0,0,6.824605505770186e-05,0,9,3,12,,
94,3980,0,0,2.853536923658539e-06,0,9,3,12,,
95,4114,0,0,0.12510079496829563,0,9,3,12,,
96,4141,0,0,0.000964950773835279,0,9,3,12,,
97,4188,0,0,0.000935678334365008,0,9,3,12,,
98,4198,0,0,2.670479618174721e-06,0,9,3,12,,
99,4337,0,0,6.627097809740724e-05,0,9,3,12,,
100,4381,0,0,0.0003360183004507859,0,9,3,12,,
101,4568,0,0,0.005079686994932791,0,9,3,12,,
102,4647,0,0,0.0031182653428029517,0,9,3,12,,
103,4693,0,0,0.08472695602220777,0,9,3,12,,
104,4716,0,0,0.00010463444835135321,0,9,3,12,,
105,4802,0,0,8.232023336430768e-06,0,9,3,12,,
106,4873,0,0,0.0007383824586693975,0,9,3,12,,
107,4902,0,1,0.9990049207674543,0,9,4,13,,
108,4924,0,0,0.4700633958597466,0,9,4,13,,
109,4993,0,0,6.630852211862344e-05,0,9,4,13,,
110,2595,0,0,0.0001156637133796982,0,9,4,13,,
111,2603,0,0,6.33616900036283e-07,0,9,4,13,,
112,2694,0,0,0.0003862247847526959,0,9,4,13,,
113,2759,0,0,0.0003430837991835811,0,9,4,13,,
114,3179,0,0,8.027760010640106e-05,0,9,4,13,,
115,3364,0,0,0.002438520725380749,0,9,4,13,,
116,3579,0,0,0.029271953369564424,0,9,4,13,,
117,3626,0,0,0.00015717550103587353,0,9,4,13,,
118,3698,0,0,0.002366671518497699,0,9,4,13,,
119,3928,0,0,0.0007331343593912752,0,9,4,13,,
120,4068,0,0,0.001096179507598979,0,9,4,13,,
121,4179,0,0,1.8736870800926943e-05,0,9,4,13,,
122,4238,0,0,0.0022503659681362446,0,9,4,13,,
123,4251,0,0,5.185042658520006e-05,0,9,4,13,,
124,4259,0,0,0.00023722753168621994,0,9,4,13,,
125,4382,0,0,0.00038861307531068304,0,9,4,13,,
126,4480,0,0,0.003727287421951968,0,9,4,13,,
127,4778,0,0,0.00032594265464256923,0,9,4,13,,
128,4852,0,0,0.0003856672036030225,0,9,4,13,,
129,4904,0,0,0.00029809430467717785,0,9,4,13,,
130,282,1,0,0.0001270166046928838,0,10,4,14,,
131,2792,0,0,0.000743172171682732,0,10,4,14,,
132,2815,0,0,3.605151052485613e-05,0,10,4,14,,
133,2955,0,0,0.001397601333824094,0,10,4,14,,
134,3040,0,0,0.019550537880870068,0,10,4,14,,
135,3266,0,0,0.00018804031347580564,0,10,4,14,,
136,3281,0,0,0.00042606430402924506,0,10,4,14,,
137,3295,0,0,0.0014990243232781578,0,10,4,14,,
138,3302,0,0,0.002245608930186956,0,10,4,14,,
139,3336,0,0,0.0008776438152507882,0,10,4,14,,
140,3415,0,0,0.0006563611470037293,0,10,4,14,,
141,3540,0,0,0.0014726397267839464,0,10,4,14,,
142,3606,0,0,1.0532180658457712e-05,0,10,4,14,,
143,3828,0,0,0.0020212822667841058,0,10,4,14,,
144,3900,0,1,0.9494638902821391,0,10,5,15,,
145,3939,0,0,0.00020309734353981772,0,10,5,15,,
146,3974,0,0,2.9923044891769197e-05,0,10,5,15,,
147,4011,0,1,0.6407322433150222,0,10,6,16,,
148,4065,0,0,0.0010332780017928704,0,10,6,16,,
149,4107,0,0,0.0009420687109239772,0,10,6,16,,
150,4122,0,0,0.00039694538436868386,0,10,6,16,,
151,4130,0,0,0.00044189011184568133,0,10,6,16,,
152,4137,0,0,6.300236826391354e-06,0,10,6,16,,
153,4229,0,0,0.0004066695203555404,0,10,6,16,,
154,4264,0,0,0.005128985300066681,0,10,6,16,,
155,4416,0,0,0.00024769327579689514,0,10,6,16,,
156,4763,0,0,0.0006961080249546196,0,10,6,16,,
157,4780,0,0,7.516084403753787e-06,0,10,6,16,,
158,4807,0,0,6.465542059048094e-05,0,10,6,16,,
159,4999,0,0,0.00044511072875487635,0,10,6,16,,
160,776,1,1,0.9908038602731243,0,10,6,16,,
161,846,1,0,0.007455692509303656,0,11,6,17,,
162,1065,1,0,0.026070230418899627,0,12,6,18,,
163,2758,0,0,0.0024278532252353844,0,12,6,18,,
164,2794,0,0,0.00019933711782335226,0,12,6,18,,
165,2912,0,0,0.00012724826015252317,0,12,6,18,,
166,3116,0,0,0.00040646451904362724,0,12,6,18,,
167,3209,0,0,3.935146401017928e-06,0,12,6,18,,
168,3299,0,0,7.583777585713226e-05,0,12,6,18,,
169,3370,0,0,0.007575455737160802,0,12,6,18,,
170,3646,0,0,0.003176193208199697,0,12,6,18,,
171,3664,0,0,0.007759199924286891,0,12,6,18,,
172,4494,0,0,5.907217464267812e-07,0,12,6,18,,
173,4563,0,1,0.9630386808794674,0,12,7,19,,
174,4803,0,0,0.0007226833250275606,0,12,7,19,,
175,4942,0,0,1.5962320377999152e-05,0,12,7,19,,
176,69,1,0,0.003269674211583038,0,13,7,20,,
177,1419,1,1,0.9988172332479531,0,13,7,20,,
178,1558,1,0,0.11419693382059036,0,14,7,21,,
179,2557,0,0,0.0014334999777722076,0,14,7,21,,
180,2627,0,0,0.0004784514425840656,0,14,7,21,,
181,2665,0,0,0.00042263798745978436,0,14,7,21,,
182,2885,0,0,0.00026916457540070545,0,14,7,21,,
183,2932,0,0,0.0003416909475808588,0,14,7,21,,
184,2959,0,0,4.278966246054326e-05,0,14,7,21,,
185,2987,0,0,0.0005188046696203627,0,14,7,21,,
186,3045,0,0,0.002033696103785294,0,14,7,21,,
187,3093,0,0,0.0010006491559952056,0,14,7,21,,
188,3151,0,0,0.0004681661850879154,0,14,7,21,,
189,3287,0,0,0.003027232950631665,0,14,7,21,,
190,3421,0,0,0.0008121978743420848,0,14,7,21,,
191,3643,0,0,0.0016149632614170643,0,14,7,21,,
192,3686,0,0,0.0005798779933426082,0,14,7,21,,
193,3701,0,0,0.007244173245161581,0,14,7,21,,
194,3750,0,0,0.0004957004897176299,0,14,7,21,,
195,3819,0,0,0.014800344439143768,0,14,7,21,,
196,4133,0,0,0.00010870801711436085,0,14,7,21,,
197,4136,0,0,4.062714764382193e-06,0,14,7,21,,
198,4192,0,0,2.8602998555077633e-05,0,14,7,21,,
199,4231,0,0,0.0007518170649809537,0,14,7,21,0.8841410962496723,0.2631578947368421
200,4322,0,0,0.0007178065265659305,0,14,7,21,0.8841410962496723,0.2631578947368421
201,4676,0,0,0.0061753226322139535,0,14,7,21,0.8841410962496723,0.2631578947368421
202,4881,0,0,3.945924597439936e-05,0,14,7,21,0.8841410962496723,0.2631578947368421
203,39,1,0,0.04304727749139154,0,15,7,22,0.877445652173913,0.25
204,174,1,1,0.973065513203552,0,15,7,22,0.8782610093217614,0.2857142857142857
205,473,1,0,0.0012189429459299765,0,16,7,23,0.8716320939334637,0.2727272727272727
206,568,1,0,0.0002746750310184745,0,17,7,24,0.8649816849816849,0.2608695652173913
207,622,1,0,0.018727502540852193,0,18,7,25,0.8583128583128583,0.25
208,650,1,0,0.05737064809439985,0,19,7,26,0.851628380343123,0.24
209,772,1,0,8.140836304558667e-07,0,20,7,27,0.8449307479224377,0.23076923076923078
210,1038,1,0,0.0015287005179008448,0,21,7,28,0.8382222222222222,0.2222222222222222
211,1041,1,1,0.9993589215174431,0,21,7,28,0.8394040968342645,0.25
212,1080,1,0,2.0409000188390464e-06,0,22,7,29,0.8327555208129763,0.2413793103448276
213,1359,1,0,0.0006139124084036028,0,23,7,30,0.8260980592441265,0.23333333333333334
214,1694,1,0,0.0015287023732261922,0,24,7,31,0.8194334898278561,0.22580645161290322
215,1727,1,0,0.0012221833573855426,0,25,7,32,0.8127634487840826,0.21875
216,2445,1,0,7.651260821283118e-05,0,26,7,33,0.8060894460852269,0.21212121212121213
217,2452,1,0,1.1571030521181014e-05,0,27,7,34,0.7994128787878787,0.20588235294117646
218,2564,0,0,0.0007475178993476113,0,27,7,34,0.7994128787878787,0.20588235294117646
219,2629,0,0,0.005301826239799039,0,27,7,34,0.8060894460852269,0.21212121212121213
220,2639,0,1,0.8958213104912097,0,27,8,35,0.8091326622867822,0.21875
221,2796,0,0,7.871583462520949e-05,0,27,8,35,0.8157897322525177,0.22580645161290322
222,2909,0,0,0.00023953045550273113,0,27,8,35,0.8157897322525177,0.22580645161290322
223,2968,0,0,2.7364211136788728e-05,0,27,8,35,0.8157897322525177,0.22580645161290322
224,2972,0,0,0.0001613794343737016,0,27,8,35,0.8157897322525177,0.22580645161290322
225,3004,0,0,0.0007448653414549438,0,27,8,35,0.8157897322525177,0.22580645161290322
226,3057,0,0,0.0015787844317638588,0,27,8,35,0.8157897322525177,0.22580645161290322
227,3198,0,0,0.0036407059701691505,0,27,8,35,0.8157897322525177,0.22580645161290322
228,3242,0,0,0.002228186451384464,0,27,8,35,0.8157897322525177,0.22580645161290322
229,3275,0,1,0.805241651434236,0,27,9,36,0.8121758784883372,0.22580645161290322
230,3369,0,0,0.004535908549461933,0,27,9,36,0.8121758784883372,0.22580645161290322
231,3429,0,0,0.007145199711917442,0,27,9,36,0.8121758784883372,0.22580645161290322
232,3480,0,0,0.0024448721280221166,0,27,9,36,0.8121758784883372,0.22580645161290322
233,3509,0,0,0.0020802814317980537,0,27,9,36,0.8121758784883372,0.22580645161290322
234,3773,0,0,0.000261163377128523,0,27,9,36,0.8121758784883372,0.22580645161290322
235,3830,0,0,0.032202789124112625,0,27,9,36,0.8121758784883372,0.22580645161290322
236,3879,0,0,0.0001034331779042388,0,27,9,36,0.8121758784883372,0.22580645161290322
237,4112,0,0,0.004466168777319806,0,27,9,36,0.8121758784883372,0.22580645161290322
238,4256,0,0,0.0003902225266920643,0,27,9,36,0.8121758784883372,0.22580645161290322
239,4363,0,0,0.00011953102952345428,0,27,9,36,0.8121758784883372,0.22580645161290322
240,4366,0,0,0.0003843362697424747,0,27,9,36,0.8121758784883372,0.22580645161290322
241,4500,0,0,0.00012767771476008036,0,27,9,36,0.8121758784883372,0.22580645161290322
242,4509,0,0,0.0009971814449915007,0,27,9,36,0.8121758784883372,0.22580645161290322
243,4537,0,0,0.00045518493778438153,0,27,9,36,0.8121758784883372,0.22580645161290322
244,4635,0,0,0.0022946755811529993,0,27,9,36,0.8121758784883372,0.22580645161290322
245,4680,0,1,0.9731743981828306,0,27,10,37,0.8085890151515152,0.22580645161290322
246,4737,0,0,0.0009117268469398381,0,27,10,37,0.8085890151515152,0.22580645161290322
247,4883,0,0,0.0005900570438031445,0,27,10,37,0.8085890151515152,0.22580645161290322
248,4905,0,0,0.006063981388529075,0,27,10,37,0.8085890151515152,0.22580645161290322
249,193,1,0,0.000558599127647968,0,28,10,38,0.801953601953602,0.21875
250,469,1,0,0.0005588373349925596,0,29,10,39,0.801953601953602,0.21875
251,1081,1,0,0.0005603970919701924,0,30,10,40,0.7940909090909091,0.1875
252,1254,1,0,0.004843208407029904,0,31,10,41,0.7908522727272727,0.18181818181818182
253,1430,1,0,0.0002622495274040227,0,32,10,42,0.7841397755683471,0.17647058823529413
254,1517,1,0,0.0005596459656510476,0,33,10,43,0.7774285714285715,0.17142857142857143
255,1520,1,0,0.0002622499633324687,0,34,10,44,0.770719703354121,0.16666666666666666
256,1600,1,0,0.0018000906593773772,0,35,10,45,0.7640141467727675,0.16216216216216217
257,2102,1,0,0.0005562066389155967,0,36,10,46,0.7607427055702918,0.15789473684210525
258,2274,1,0,1.5284928808874523e-05,0,37,10,47,0.7540356696210102,0.15384615384615385
259,2293,1,0,0.0005562188739447787,0,38,10,48,0.747334617854849,0.15
260,2547,0,0,0.2723740082268262,0,38,10,48,0.747334617854849,0.15
261,2570,0,0,0.0008121578370308063,0,38,10,48,0.747334617854849,0.15
262,2646,0,0,0.42743865381983265,0,38,10,48,0.747334617854849,0.15
263,2726,0,0,7.499983211961883e-05,0,38,10,48,0.747334617854849,0.15
264,2784,0,0,0.003370593439197877,0,38,10,48,0.747334617854849,0.15
265,2872,0,0,0.00018805052783795573,0,38,10,48,0.747334617854849,0.15
266,2892,0,0,0.00552149468547301,0,38,10,48,0.747334617854849,0.15
267,2944,0,0,1.2900741584176366e-05,0,38,10,48,0.747334617854849,0.15
268,2975,0,0,1.6973584409701403e-05,0,38,10,48,0.747334617854849,0.15
269,2988,0,0,0.003638554164641056,0,38,10,48,0.747334617854849,0.15
270,3180,0,0,0.0005091944706186825,0,38,10,48,0.747334617854849,0.15
271,3246,0,0,0.06156982787266466,0,38,10,48,0.747334617854849,0.15
272,3495,0,0,2.7045504724766958e-05,0,38,10,48,0.747334617854849,0.15
273,3525,0,0,9.390483202961124e-05,0,38,10,48,0.7453448275862068,0.1282051282051282
274,3805,0,0,0.00016111019665174993,0,38,10,48,0.7432000000000001,0.10526315789473684
275,3877,0,0,0.04617783437973201,0,38,10,48,0.7500046514332229,0.10810810810810811
276,4083,0,0,0.0016560596628517961,0,38,10,48,0.7568181818181818,0.1111111111111111
277,4219,0,0,0.0042307649740674245,0,38,10,48,0.7636399252606836,0.11428571428571428
278,4461,0,0,2.0104674868808446e-05,0,38,10,48,0.7704691721935643,0.11764705882352941
279,4589,0,0,0.002759258085415021,0,38,10,48,0.7704691721935643,0.11764705882352941
280,4679,0,0,0.0017961551546263868,0,38,10,48,0.7704691721935643,0.11764705882352941
281,4703,0,0,0.0035395629315771635,0,38,10,48,0.7773051643192488,0.12121212121212122
282,4928,0,0,0.00043942090793949056,0,38,10,48,0.7773051643192488,0.12121212121212122
283,4989,0,0,0.009763789741036,0,38,10,48,0.7773051643192488,0.12121212121212122
284,1136,1,0,3.2634107812461615e-05,0,39,10,49,0.7704691721935643,0.11764705882352941
285,2554,0,0,0.002572727441138206,0,39,10,49,0.7704691721935643,0.11764705882352941
286,2622,0,0,0.0765896757136076,0,39,10,49,0.7704691721935643,0.11764705882352941
287,2742,0,0,0.0001968416336567321,0,39,10,49,0.7737151799687011,0.11764705882352941
288,2780,0,0,0.0006241675496282675,0,39,10,49,0.7737151799687011,0.11764705882352941
289,2847,0,0,0.0006242132689057158,0,39,10,49,0.7737151799687011,0.11764705882352941
290,3002,0,0,0.0001241002774410256,0,39,10,49,0.7737151799687011,0.11764705882352941
291,3064,0,0,1.141674784368352e-06,0,39,10,49,0.7737151799687011,0.11764705882352941
292,3202,0,0,9.417823311136751e-05,0,39,10,49,0.7737151799687011,0.11764705882352941
293,3207,0,0,0.002383981367602782,0,39,10,49,0.7737151799687011,0.11764705882352941
294,3243,0,0,0.00017002034961052705,0,39,10,49,0.7737151799687011,0.11764705882352941
295,3401,0,0,0.007100907711267534,0,39,10,49,0.7737151799687011,0.11764705882352941
296,3471,0,0,9.08193001470145e-05,0,39,10,49,0.7737151799687011,0.11764705882352941
297,3533,0,0,2.4742146822700143e-06,0,39,10,49,0.7737151799687011,0.11764705882352941
298,3537,0,0,0.00032545586534916786,0,39,10,49,0.7737151799687011,0.11764705882352941
299,3599,0,0,0.0001334813440319581,0,39,10,49,0.7737151799687011,0.11764705882352941
300,3729,0,1,0.9318442941562244,0,39,11,50,0.7704691721935643,0.11764705882352941
301,3754,0,0,3.7101557629462875e-07,0,39,11,50,0.7704691721935643,0.11764705882352941
302,3945,0,0,0.0010384993513431393,0,39,11,50,0.7704691721935643,0.11764705882352941
303,3982,0,0,0.0006800326685822037,0,39,11,50,0.7704691721935643,0.11764705882352941
304,4150,0,0,5.229315570512117e-07,0,39,11,50,0.7704691721935643,0.11764705882352941
305,4211,0,0,0.0004261306773926145,0,39,11,50,0.7704691721935643,0.11764705882352941
306,4315,0,0,0.005006826789775881,0,39,11,50,0.7704691721935643,0.11764705882352941
307,4417,0,0,4.085842129966664e-05,0,39,11,50,0.7737151799687011,0.11764705882352941
308,4468,0,0,9.322466872764393e-07,0,39,11,50,0.7737151799687011,0.11764705882352941
309,4528,0,0,0.0002001916070740602,0,39,11,50,0.7737151799687011,0.11764705882352941
310,4540,0,0,0.017052835870833147,0,39,11,50,0.7737151799687011,0.11764705882352941
311,4548,0,0,0.008711270447098247,0,39,11,50,0.7737151799687011,0.11764705882352941
312,4564,0,0,0.0017849573988735481,0,39,11,50,0.7737151799687011,0.11764705882352941
313,4587,0,0,0.00014512937262761518,0,39,11,50,0.7737151799687011,0.11764705882352941
314,4606,0,0,0.000595032104861476,0,39,11,50,0.7737151799687011,0.11764705882352941
315,4639,0,0,0.0001352665221235169,0,39,11,50,0.7737151799687011,0.11764705882352941
316,4688,0,0,0.00019181888282630822,0,39,11,50,0.7737151799687011,0.11764705882352941
317,4729,0,0,2.8324178190621304e-05,0,39,11,50,0.7737151799687011,0.11764705882352941
318,4760,0,0,0.0035787032896503297,0,39,11,50,0.7737151799687011,0.11764705882352941
319,4779,0,0,3.691854448592131e-06,0,39,11,50,0.7737151799687011,0.11764705882352941
320,4927,0,0,0.004551496616674116,0,39,11,50,0.7737151799687011,0.11764705882352941
321,4939,0,0,0.1675626797119822,0,39,11,50,0.7737151799687011,0.11764705882352941
322,4955,0,0,0.00345749519322382,0,39,11,50,0.7737151799687011,0.11764705882352941
323,51,1,0,1.7400596618620043e-07,0,40,11,51,0.7668754605747974,0.11428571428571428
324,231,1,0,7.977415970243875e-07,0,41,11,52,0.7600433970224821,0.1111111111111111
325,621,1,0,1.9076490709371928e-05,0,42,11,53,0.7532196969696969,0.10810810810810811
326,720,1,0,8.135459019646376e-07,0,43,11,54,0.7464050235478809,0.10526315789473684
327,1298,1,0,0.28422536757356937,0,44,11,55,0.7396,0.10256410256410256
328,1426,1,0,5.8659720625657646e-06,0,45,11,56,0.732805213776055,0.1
329,1821,1,0,8.813019388677183e-07,0,46,11,57,0.7260212201591513,0.0975609756097561
330,1828,1,0,8.436757049178441e-07,0,47,11,58,0.7260212201591513,0.0975609756097561
331,1955,1,0,9.508142353718886e-07,0,48,11,59,0.7192485454842041,0.09523809523809523
332,2586,0,0,0.0001751795482070578,0,48,11,59,0.7192485454842041,0.09523809523809523
333,2604,0,0,0.0007405902016129673,0,48,11,59,0.7192485454842041,0.09523809523809523
334,2695,0,0,0.0010296536050870592,0,48,11,59,0.7192485454842041,0.09523809523809523
335,2711,0,0,0.00019614373272633183,0,48,11,59,0.7192485454842041,0.09523809523809523
336,2816,0,0,0.0011512982727655155,0,48,11,59,0.7192485454842041,0.09523809523809523
337,2830,0,0,1.875803032507043e-05,0,48,11,59,0.7192485454842041,0.09523809523809523
338,2883,0,0,0.00045749514066497287,0,48,11,59,0.7192485454842041,0.09523809523809523
339,2925,0,0,0.00020106402769281382,0,48,11,59,0.7192485454842041,0.09523809523809523
340,2962,0,0,0.00307625657982606,0,48,11,59,0.7192485454842041,0.09523809523809523
341,3157,0,0,1.1856166110838807e-05,0,48,11,59,0.7192485454842041,0.09523809523809523
342,3197,0,0,0.0002743645020030991,0,48,11,59,0.7192485454842041,0.09523809523809523
343,3230,0,0,7.034748497247687e-06,0,48,11,59,0.7192485454842041,0.09523809523809523
344,3245,0,0,0.05098647187248722,0,48,11,59,0.7224226348364279,0.09523809523809523
345,3247,0,0,3.841763571497379e-05,0,48,11,59,0.7224226348364279,0.09523809523809523
346,3431,0,0,0.0010883000303734528,0,48,11,59,0.7224226348364279,0.09523809523809523
347,3497,0,0,3.814490830072039e-06,0,48,11,59,0.7256059329175797,0.09523809523809523
348,3522,0,0,0.0017222468991810347,0,48,11,59,0.7256059329175797,0.09523809523809523
349,3783,0,0,0.0017212160449649864,0,48,11,59,0.7256059329175797,0.09523809523809523
350,3829,0,0,1.549555545281842e-05,0,48,11,59,0.7256059329175797,0.09523809523809523
351,3954,0,0,0.0002736881308335573,0,48,11,59,0.7256059329175797,0.09523809523809523
352,4097,0,0,0.00027499292486339133,0,48,11,59,0.7256059329175797,0.09523809523809523
353,4165,0,0,2.287754056454343e-05,0,48,11,59,0.7256059329175797,0.09523809523809523
354,4327,0,0,0.000229915737673565,0,48,11,59,0.7256059329175797,0.09523809523809523
355,4408,0,0,2.2801546710264547e-05,0,48,11,59,0.7256059329175797,0.09523809523809523
356,4431,0,0,0.012683581130961828,0,48,11,59,0.7256059329175797,0.09523809523809523
357,4482,0,0,0.007069645869192071,0,48,11,59,0.7256059329175797,0.09523809523809523
358,4508,0,0,0.0038640327472247316,0,48,11,59,0.7256059329175797,0.09523809523809523
359,4527,0,0,0.0007914547404702333,0,48,11,59,0.7256059329175797,0.09523809523809523
360,4594,0,0,7.670919292319302e-06,0,48,11,59,0.7227088784231641,0.07317073170731707
361,4677,0,0,0.0010849130407029567,0,48,11,59,0.7295454545454545,0.075
362,614,1,0,4.943500812511085e-06,0,49,11,60,0.7295454545454545,0.075
363,1223,1,0,1.5741716481182008e-05,0,50,11,61,0.7227088784231641,0.07317073170731707
364,1384,1,0,1.0265645004003448e-07,0,51,11,62,0.7158857142857142,0.07142857142857142
365,1665,1,0,3.986586293626e-06,0,52,11,63,0.7090763526040789,0.06976744186046512
366,1815,1,0,0.19355773101906565,0,53,11,64,0.7022811671087532,0.06818181818181818
367,2635,0,0,0.0008410955598950297,0,53,11,64,0.7022811671087532,0.06818181818181818
368,2786,0,0,0.0005141681149489717,0,53,11,64,0.7022811671087532,0.06818181818181818
369,2995,0,0,0.003038289259273363,0,53,11,64,0.7022811671087532,0.06818181818181818
370,3285,0,0,0.001355598386151471,0,53,11,64,0.7022811671087532,0.06818181818181818
371,3466,0,0,1.9899265848841168e-05,0,53,11,64,0.7022811671087532,0.06818181818181818
372,3478,0,0,0.0001828999828778891,0,53,11,64,0.7022811671087532,0.06818181818181818
373,3739,0,1,0.9662140950461535,0,53,12,65,0.7022811671087532,0.06818181818181818
374,3809,0,0,0.0008430554632151639,0,53,12,65,0.7022811671087532,0.06818181818181818
375,4098,0,0,0.0019800845673573985,0,53,12,65,0.7022811671087532,0.06818181818181818
376,4176,0,0,0.0009919442780010974,0,53,12,65,0.7090763526040789,0.06976744186046512
377,4181,0,0,0.00042658043703728584,0,53,12,65,0.7058608058608058,0.047619047619047616
378,4290,0,0,0.0005757825181692323,0,53,12,65,0.7127083333333333,0.04878048780487805
379,4457,0,0,8.737967488151717e-05,0,53,12,65,0.7127083333333333,0.04878048780487805
380,4506,0,0,0.0019229665821317978,0,53,12,65,0.7127083333333333,0.04878048780487805
381,4616,0,0,0.000986889689735022,0,53,12,65,0.7127083333333333,0.04878048780487805
382,4659,0,0,0.0010161455138836541,0,53,12,65,0.7127083333333333,0.04878048780487805
383,4727,0,0,3.63552022163858e-05,0,53,12,65,0.7127083333333333,0.04878048780487805
384,4759,0,0,0.0014625952451099537,0,53,12,65,0.7127083333333333,0.04878048780487805
385,4814,0,0,3.858483698855286e-05,0,53,12,65,0.7127083333333333,0.04878048780487805
386,4865,0,0,0.0005378482458998407,0,53,12,65,0.7127083333333333,0.04878048780487805
387,4936,0,0,5.36252499751742e-06,0,53,12,65,0.7127083333333333,0.04878048780487805
388,4959,0,1,0.7091639093289592,0,53,13,66,0.7098116169544741,0.04878048780487805
389,4963,0,0,5.205428132504598e-06,0,53,13,66,0.7098116169544741,0.04878048780487805
390,4977,0,0,0.0024196657505483857,0,53,13,66,0.7098116169544741,0.04878048780487805
391,2242,1,0,0.07801952799900387,0,54,13,67,0.7029714285714286,0.047619047619047616
392,2578,0,1,0.7851985868473826,0,54,14,68,0.7000809034215405,0.047619047619047616
393,2623,0,0,0.0001257630660102499,0,54,14,68,0.7000809034215405,0.047619047619047616
394,2660,0,0,0.0062600277180858265,0,54,14,68,0.7000809034215405,0.047619047619047616
395,2760,0,0,0.015901466428997754,0,54,14,68,0.7000809034215405,0.047619047619047616
396,2788,0,0,0.0004442384346169645,0,54,14,68,0.7000809034215405,0.047619047619047616
397,2933,0,1,0.5822849855613381,0,54,15,69,0.6971883289124667,0.047619047619047616
398,2940,0,0,0.00038743097523100004,0,54,15,69,0.6971883289124667,0.047619047619047616
399,2961,0,0,5.499750738303212e-06,0,54,15,69,0.6971883289124667,0.047619047619047616
400,3053,0,0,0.0005842331416409254,0,54,15,69,0.6971883289124667,0.047619047619047616
401,3087,0,0,0.0039963141230264215,0,54,15,69,0.6971883289124667,0.047619047619047616
402,3143,0,0,0.0001135935693023089,0,54,15,69,0.6971883289124667,0.047619047619047616
403,3254,0,0,0.0006287384563504478,0,54,15,69,0.7040153941232654,0.04878048780487805
404,3452,0,0,0.011777918401031514,0,54,15,69,0.7010407581836153,0.025
405,3528,0,0,5.529233313263027e-07,0,54,15,69,0.7079261363636362,0.02564102564102564
406,3759,0,0,0.01021931029852683,0,54,15,69,0.7148273160147067,0.02631578947368421
407,3794,0,0,0.13375505647106298,0,54,15,69,0.721744043232621,0.02702702702702703
408,3796,0,0,7.193102509057214e-05,0,54,15,69,0.7286760563380282,0.027777777777777776
409,3854,0,0,0.000290393566235626,0,54,15,69,0.7356230847803882,0.02857142857142857
410,3873,0,0,0.0009331986510646592,0,54,15,69,0.7425848478926454,0.029411764705882353
411,4084,0,0,0.0003206132003192554,0,54,15,69,0.7396378830083564,0.0
412,4171,0,1,0.749418746012394,0,54,16,70,0.744066852367688,0.0
413,4252,0,0,0.0009665175667565613,0,54,16,70,0.751111111111111,0.0
414,4262,0,0,0.022003683130690073,0,54,16,70,0.7581717451523546,0.0
415,4339,0,0,0.00034661718986801445,0,54,16,70,0.7652486187845304,0.0
416,4502,0,0,0.0001013980461207156,0,54,16,70,0.7723415977961432,0.0
417,4556,0,0,4.657270195583625e-06,0,54,16,70,0.7794505494505495,0.0
418,4630,0,0,1.2629560759095986e-05,0,54,16,70,0.7794505494505495,0.0
419,4764,0,0,0.0005736326281425632,0,54,16,70,0.7794505494505495,0.0
420,313,1,0,0.00012566592734490108,0,55,16,71,0.774945054945055,0.0
421,432,1,0,0.00012478141478956988,0,56,16,72,0.7678512396694215,0.0
422,477,1,0,0.0011646837437023442,0,57,16,73,0.7607734806629834,0.0
423,547,1,0,6.278684593486766e-06,0,58,16,74,0.7537119113573408,0.0
424,563,1,0,0.026152993927454057,0,59,16,75,0.7466666666666666,0.0
425,589,1,0,6.284917767742002e-06,0,60,16,76,0.7396378830083564,0.0
426,778,1,0,0.029961528882575902,0,61,16,77,0.7326256983240224,0.0
427,956,1,0,0.002424473007992912,0,62,16,78,0.7256302521008403,0.0
428,1026,1,0,1.0294963437889665e-06,0,63,16,79,0.7186516853932585,0.0
429,1525,1,0,6.2852242194402075e-06,0,64,16,80,0.7142696629213483,0.0
430,1651,1,0,6.284911160619579e-06,0,65,16,81,0.7073239436619718,0.0
431,2079,1,0,0.0005923714945852095,0,66,16,82,0.7003954802259886,0.0
432,2528,0,0,0.0019753670064911986,0,66,16,82,0.7003954802259886,0.0
433,2666,0,0,0.00029025837899812845,0,66,16,82,0.7003954802259886,0.0
434,2721,0,0,7.549829002623148e-05,0,66,16,82,0.7003954802259886,0.0
435,2771,0,0,0.00952436346539339,0,66,16,82,0.7003954802259886,0.0
436,2881,0,0,0.00327939535861475,0,66,16,82,0.7003954802259886,0.0
437,2896,0,0,0.0013552962546993302,0,66,16,82,0.7003954802259886,0.0
438,2939,0,0,0.00021725804689990173,0,66,16,82,0.7003954802259886,0.0
439,2991,0,0,0.0007701547771051045,0,66,16,82,0.7003954802259886,0.0
440,3041,0,0,0.0004570015154136924,0,66,16,82,0.7003954802259886,0.0
441,3127,0,0,0.00028426679289486156,0,66,16,82,0.7003954802259886,0.0
442,3233,0,0,7.1731017113435895e-06,0,66,16,82,0.7003954802259886,0.0
443,3355,0,0,0.07569727951524625,0,66,16,82,0.7003954802259886,0.0
444,3474,0,0,0.005733849191137055,0,66,16,82,0.7003954802259886,0.0
445,3481,0,0,0.00010556975637313419,0,66,16,82,0.7029577464788731,0.0
446,3529,0,0,0.00018258102826418656,0,66,16,82,0.7029577464788731,0.0
447,3622,0,0,0.009571786280310536,0,66,16,82,0.7029577464788731,0.0
448,3651,0,0,0.004977103554007073,0,66,16,82,0.7029577464788731,0.0
449,3761,0,0,0.0001650204985322777,0,66,16,82,0.7098876404494382,0.0
450,3765,0,0,0.00020973616124033063,0,66,16,82,0.7168347338935575,0.0
451,3812,0,0,0.22148779909714483,0,66,16,82,0.7237988826815642,0.0
452,4012,0,0,0.001914824614787476,0,66,16,82,0.7307799442896936,0.0
453,4091,0,0,0.00044229558310876564,0,66,16,82,0.7377777777777778,0.0
454,4094,0,0,0.01052717968322772,0,66,16,82,0.7447922437673131,0.0
455,4149,0,0,0.2534265938740205,0,66,16,82,0.7518232044198895,0.0
456,4232,0,0,0.004637892953729482,0,66,16,82,0.7588705234159779,0.0
457,4297,0,0,0.02000886128486453,0,66,16,82,0.765934065934066,0.0
458,4409,0,0,1.0888884330479267e-05,0,66,16,82,0.7730136986301369,0.0
459,4447,0,0,0.00031362141668934794,0,66,16,82,0.7801092896174864,0.0
460,4495,0,0,6.566676282578884e-05,0,66,16,82,0.7801092896174864,0.0
461,4633,0,0,0.0005122143592836404,0,66,16,82,0.7801092896174864,0.0
462,4783,0,0,0.00022216742753377268,0,66,16,82,0.7801092896174864,0.0
463,58,1,0,0.0002746769214813152,0,67,16,83,0.7730136986301369,0.0
464,1323,1,0,0.0022816383689277164,0,68,16,84,0.765934065934066,0.0
465,2509,0,0,0.0006044777259363054,0,68,16,84,0.765934065934066,0.0
466,2643,0,0,0.0006684755504083859,0,68,16,84,0.765934065934066,0.0
467,2740,0,0,0.49064058195879745,0,68,16,84,0.765934065934066,0.0
468,2807,0,0,0.00011076606435696738,0,68,16,84,0.765934065934066,0.0
469,3210,0,0,4.6009040699160655e-05,0,68,16,84,0.765934065934066,0.0
470,3215,0,0,0.002190094217619146,0,68,16,84,0.765934065934066,0.0
471,3227,0,0,0.00025341508037611093,0,68,16,84,0.765934065934066,0.0
472,3290,0,0,0.0003325705226679767,0,68,16,84,0.765934065934066,0.0
473,3403,0,0,1.3377354608171629e-05,0,68,16,84,0.765934065934066,0.0
474,3450,0,0,7.876641673477642e-06,0,68,16,84,0.765934065934066,0.0
475,3490,0,0,4.334075417141827e-07,0,68,16,84,0.765934065934066,0.0
476,3504,0,0,0.00016359605532699189,0,68,16,84,0.765934065934066,0.0
477,3566,0,0,0.0005253109774912059,0,68,16,84,0.765934065934066,0.0
478,3624,0,0,0.00022156313454542412,0,68,16,84,0.765934065934066,0.0
479,3650,0,0,0.003912071221635945,0,68,16,84,0.765934065934066,0.0
480,3699,0,0,6.248985551446606e-05,0,68,16,84,0.765934065934066,0.0
481,3733,0,0,0.00029351771387060545,0,68,16,84,0.765934065934066,0.0
482,3988,0,0,0.0011595594557974923,0,68,16,84,0.765934065934066,0.0
483,4077,0,0,4.160032695971851e-05,0,68,16,84,0.765934065934066,0.0
484,4174,0,0,0.0002963012007731367,0,68,16,84,0.7730136986301369,0.0
485,4282,0,0,0.00017194551133385276,0,68,16,84,0.7730136986301369,0.0
486,4326,0,0,0.0001177865224358808,0,68,16,84,0.7730136986301369,0.0
487,4349,0,0,0.26655583545691247,0,68,16,84,0.7730136986301369,0.0
488,4406,0,0,0.0002924999727039975,0,68,16,84,0.7730136986301369,0.0
489,4660,0,0,0.00025504157792912216,0,68,16,84,0.7730136986301369,0.0
490,4808,0,0,6.968845593550392e-06,0,68,16,84,0.7730136986301369,0.0
491,4919,0,0,0.001839638309589711,0,68,16,84,0.7730136986301369,0.0
492,1664,1,0,0.021954598299942212,0,69,16,85,0.765934065934066,0.0
493,2431,1,0,0.4531841643596595,0,70,16,86,0.7588705234159779,0.0
494,2587,0,0,1.6083344369630395e-05,0,70,16,86,0.7588705234159779,0.0
495,2599,0,0,2.668130166512901e-06,0,70,16,86,0.7588705234159779,0.0
496,2698,0,0,0.004131378956573471,0,70,16,86,0.7588705234159779,0.0
497,2785,0,0,0.0003823842330688202,0,70,16,86,0.7588705234159779,0.0
498,2801,0,0,0.0036965665928282996,0,70,16,86,0.7588705234159779,0.0
499,3019,0,0,1.0805625008116784e-06,0,70,16,86,0.7588705234159779,0.0
500,3137,0,0,0.00031159104236286214,0,70,16,86,0.7614285714285713,0.0
501,3228,0,0,7.315867119512436e-06,0,70,16,86,0.7614285714285713,0.0
502,3590,0,0,0.00044696480166162245,0,70,16,86,0.7614285714285713,0.0
503,3880,0,0,0.0025451979616751942,0,70,16,86,0.7614285714285713,0.0
504,3899,0,0,0.003413286213128682,0,70,16,86,0.7614285714285713,0.0
505,3971,0,0,1.1844275011343202e-05,0,70,16,86,0.7614285714285713,0.0
506,4768,0,0,0.0016153624949524635,0,70,16,86,0.7614285714285713,0.0
507,4889,0,0,0.0003743086568491751,0,70,16,86,0.7614285714285713,0.0
508,4897,0,0,0.00029479287787569677,0,70,16,86,0.7614285714285713,0.0
509,551,1,0,0.07230742610526751,0,71,16,87,0.7543801652892561,0.0
510,653,1,0,9.941157172864694e-07,0,72,16,88,0.7473480662983425,0.0
511,2753,0,0,9.517955372615989e-05,0,72,16,88,0.7473480662983425,0.0
512,2762,0,0,6.631633279338394e-05,0,72,16,88,0.7473480662983425,0.0
513,2795,0,0,0.000201263557537006,0,72,16,88,0.7473480662983425,0.0
514,2841,0,0,5.38833470886103e-05,0,72,16,88,0.7473480662983425,0.0
515,2869,0,0,4.020892568124215e-06,0,72,16,88,0.7473480662983425,0.0
516,2931,0,1,0.9091852505511856,0,72,17,89,0.7447922437673131,0.0
517,2976,0,0,0.0003921276028439294,0,72,17,89,0.7447922437673131,0.0
518,3048,0,0,0.00020459932397877927,0,72,17,89,0.7447922437673131,0.0
519,3146,0,0,2.1001804757599116e-05,0,72,17,89,0.7447922437673131,0.0
520,3235,0,0,0.00011891440626018576,0,72,17,89,0.7447922437673131,0.0
521,3393,0,0,0.0011254140188697612,0,72,17,89,0.7447922437673131,0.0
522,3455,0,0,0.006419815773177753,0,72,17,89,0.7447922437673131,0.0
523,3665,0,0,0.0010150404067404807,0,72,17,89,0.7518232044198895,0.0
524,3886,0,0,0.0007294586296279199,0,72,17,89,0.7588705234159779,0.0
525,3966,0,0,3.128317352261135e-05,0,72,17,89,0.765934065934066,0.0
526,3999,0,0,0.011503533869599623,0,72,17,89,0.7730136986301369,0.0
527,4037,0,0,0.3343070666026636,0,72,17,89,0.7801092896174864,0.0
528,4085,0,0,0.00011576676965650338,0,72,17,89,0.7872207084468665,0.0
529,4101,0,0,2.74796346005349e-06,0,72,17,89,0.7943478260869564,0.0
530,4222,0,1,0.8022709456660747,0,72,18,90,0.7989130434782608,0.0
531,4227,0,0,0.00030365229125950524,0,72,18,90,0.806070460704607,0.0
532,4317,0,0,0.002040631731064388,0,72,18,90,0.806070460704607,0.0
533,4367,0,0,0.0019824938608195746,0,72,18,90,0.806070460704607,0.0
534,4467,0,0,0.002107841455853348,0,72,18,90,0.806070460704607,0.0
535,4486,0,0,0.0010609831096748336,0,72,18,90,0.806070460704607,0.0
536,4644,0,1,0.8754083877088082,0,72,19,91,0.8034782608695652,0.0
537,4682,0,0,0.0075564126599029086,0,72,19,91,0.8034782608695652,0.0
538,4863,0,0,0.4724894600143901,0,72,19,91,0.8034782608695652,0.0
539,2524,0,0,0.04032006192348126,0,72,19,91,0.8034782608695652,0.0
540,2534,0,0,0.00017426194548346638,0,72,19,91,0.8034782608695652,0.0
541,2560,0,0,8.103581371373535e-06,0,72,19,91,0.8034782608695652,0.0
542,2565,0,0,9.510302206730908e-05,0,72,19,91,0.8034782608695652,0.0
543,2600,0,0,4.3679191388317816e-07,0,72,19,91,0.8034782608695652,0.0
544,2631,0,0,4.069062000539957e-05,0,72,19,91,0.8034782608695652,0.0
545,2661,0,1,0.9941093569960765,0,72,20,92,0.8008719346049047,0.0
546,2672,0,0,0.0007189208783632613,0,72,20,92,0.8008719346049047,0.0
547,2751,0,0,0.0008020459220023975,0,72,20,92,0.8008719346049047,0.0
548,2774,0,0,0.33373031398290853,0,72,20,92,0.8008719346049047,0.0
549,2781,0,0,0.0018675374948062622,0,72,20,92,0.8008719346049047,0.0
550,2797,0,1,0.9790298424980803,0,72,21,93,0.7982513661202186,0.0
551,2875,0,0,0.3345438512690115,0,72,21,93,0.7982513661202186,0.0
552,2950,0,0,0.0005282733562053232,0,72,21,93,0.7982513661202186,0.0
553,3085,0,0,0.003038921574484555,0,72,21,93,0.7982513661202186,0.0
554,3094,0,0,0.0038038250126068117,0,72,21,93,0.7982513661202186,0.0
555,3100,0,0,0.00418987954961871,0,72,21,93,0.7982513661202186,0.0
556,3118,0,0,8.185972961466669e-06,0,72,21,93,0.7982513661202186,0.0
557,3423,0,0,0.004477880338464935,0,72,21,93,0.7982513661202186,0.0
558,3457,0,0,0.0003223751691015701,0,72,21,93,0.7982513661202186,0.0
559,3475,0,0,0.003262167997695329,0,72,21,93,0.7982513661202186,0.0
560,3569,0,0,0.02383677707166526,0,72,21,93,0.7982513661202186,0.0
561,3687,0,0,0.00010530390840546124,0,72,21,93,0.7982513661202186,0.0
562,3700,0,0,0.00030463781592319843,0,72,21,93,0.8054223433242507,0.0
563,3849,0,0,0.00029754153959196976,0,72,21,93,0.8126086956521739,0.0
564,3878,0,0,0.000638297607103812,0,72,21,93,0.819810298102981,0.0
565,3962,0,0,0.00011592458614225294,0,72,21,93,0.8270270270270271,0.0
566,4106,0,0,2.9195455117078076e-06,0,72,21,93,0.8342587601078166,0.0
567,4196,0,0,8.970715991944634e-06,0,72,21,93,0.8342587601078166,0.0
568,4284,0,1,0.9586847733100282,0,72,22,94,0.8316216216216216,0.0
569,4383,0,1,0.9167355974968557,0,72,23,95,0.8289701897018971,0.0
570,4399,0,0,5.633060287414594e-07,0,72,23,95,0.8289701897018971,0.0
571,4412,0,0,0.0002355765338107614,0,72,23,95,0.8289701897018971,0.0
572,4471,0,0,2.5059702488928636e-05,0,72,23,95,0.8289701897018971,0.0
573,4777,0,0,7.187699925507732e-05,0,72,23,95,0.8316216216216216,0.0
574,4990,0,0,0.0006899917902874369,0,72,23,95,0.8316216216216216,0.0
575,586,1,0,2.1892601896777604e-05,0,73,23,96,0.824390243902439,0.0
576,856,1,0,1.223549866386727e-05,0,74,23,97,0.8171739130434783,0.0
577,898,1,1,0.9990845806036134,0,74,23,97,0.8186563805850209,0.045454545454545456
578,1032,1,0,1.1801166180213785e-05,0,75,23,98,0.8115577299412916,0.043478260869565216
579,1186,1,0,0.003214007582986433,0,76,23,99,0.8044688644688646,0.041666666666666664
580,1767,1,1,0.9990285863531712,0,76,23,99,0.8059755742948531,0.08
581,2020,1,1,0.9994067873604783,0,76,23,99,0.8073333333333333,0.11538461538461539
582,2546,0,0,0.008385905836414012,0,76,23,99,0.8073333333333333,0.11538461538461539
583,2820,0,0,0.00011730812375454158,0,76,23,99,0.8073333333333333,0.11538461538461539
584,3068,0,0,3.6648734473691995e-05,0,76,23,99,0.8073333333333333,0.11538461538461539
585,3192,0,0,0.006088152495241758,0,76,23,99,0.8073333333333333,0.11538461538461539
586,3366,0,1,0.7781861174248536,0,76,24,100,0.8042054487397242,0.11538461538461539
587,3374,0,1,0.9990169746165256,0,76,25,101,0.8010853950518755,0.11538461538461539
588,3398,0,0,9.652101628943078e-06,0,76,25,101,0.8042054487397242,0.11538461538461539
589,3534,0,0,0.0012522473808500043,0,76,25,101,0.8042054487397242,0.11538461538461539
590,3875,0,0,1.6945096786643283e-05,0,76,25,101,0.8042054487397242,0.11538461538461539
591,4023,0,0,0.00521214273632084,0,76,25,101,0.8111111111111111,0.12
592,4081,0,0,0.00012646494513203276,0,76,25,101,0.8142446196462817,0.12
593,4166,0,0,1.7950815840111508e-05,0,76,25,101,0.8142446196462817,0.12
594,4301,0,0,0.00010684806761254365,0,76,25,101,0.8142446196462817,0.12
595,4499,0,1,0.6821602870051291,0,76,26,102,0.8111111111111111,0.12
596,4557,0,0,0.0006321230661329727,0,76,26,102,0.8111111111111111,0.12
597,4731,0,0,0.0003582758125047383,0,76,26,102,0.8142446196462817,0.12
598,4901,0,0,0.02119175956572,0,76,26,102,0.8142446196462817,0.12
599,4949,0,0,0.00016526724726202826,1,76,26,102,0.8142446196462817,0.12
600,405,1,0,0.11130508133585833,1,77,26,103,0.8073333333333333,0.11538461538461539
601,1085,1,0,0.0008974962607247402,1,78,26,104,0.8004246212378558,0.1111111111111111
602,1725,1,0,0.0014879855977392718,1,79,26,105,0.7935195530726257,0.10714285714285714
603,2514,0,0,0.0022225269427693863,1,79,26,105,0.7935195530726257,0.10714285714285714
604,2609,0,0,6.219289692805006e-05,1,79,26,105,0.7935195530726257,0.10714285714285714
605,2743,0,0,9.845918295020608e-05,1,79,26,105,0.7935195530726257,0.10714285714285714
606,2790,0,0,0.0008733576164853944,1,79,26,105,0.7935195530726257,0.10714285714285714
607,2818,0,0,0.005711864397823434,1,79,26,105,0.7935195530726257,0.10714285714285714
608,2844,0,1,0.8230257108508157,1,79,27,106,0.7904032310598658,0.10714285714285714
609,2900,0,0,0.000153060893396931,1,79,27,106,0.7904032310598658,0.10714285714285714
610,2907,0,0,7.019824881769452e-06,1,79,27,106,0.7904032310598658,0.10714285714285714
611,3103,0,0,0.001246939550571546,1,79,27,106,0.7904032310598658,0.10714285714285714
612,3150,0,0,0.0008649190689513399,1,79,27,106,0.7935195530726257,0.10714285714285714
613,3251,0,1,0.5954547193919126,1,79,28,107,0.7904032310598658,0.10714285714285714
614,3268,0,0,9.765077256962045e-05,1,79,28,107,0.7904032310598658,0.10714285714285714
615,3283,0,0,3.09590038734202e-05,1,79,28,107,0.7904032310598658,0.10714285714285714
616,3313,0,0,0.00024640682829288714,1,79,28,107,0.7904032310598658,0.10714285714285714
617,3371,0,0,5.011378202746557e-06,1,79,28,107,0.7904032310598658,0.10714285714285714
618,3384,0,0,0.003199043965955902,1,79,28,107,0.7904032310598658,0.10714285714285714
619,3407,0,0,0.0003263221865927354,1,79,28,107,0.7904032310598658,0.10714285714285714
620,3437,0,0,0.06138403316696839,1,79,28,107,0.7973024740622506,0.1111111111111111
621,3548,0,0,0.008529366440005898,1,79,28,107,0.8042054487397242,0.11538461538461539
622,3562,0,0,0.017882907146850917,1,79,28,107,0.8111111111111111,0.12
623,3641,0,0,0.0030661373751311866,1,79,28,107,0.8180183251651395,0.125
624,3712,0,0,0.0060144732108683725,1,79,28,107,0.824925850537947,0.13043478260869565
625,3986,0,0,0.00014260578972449296,1,79,28,107,0.8318323281959646,0.13636363636363635
626,4079,0,0,0.0013388469949247388,1,79,28,107,0.8387362637362636,0.14285714285714285
627,4143,0,0,0.0032114879640184803,1,79,28,107,0.8456360078277886,0.15
628,4193,0,0,1.2703017042801402e-06,1,79,28,107,0.8525297332047573,0.15789473684210525
629,4215,0,0,0.0006535692298525687,1,79,28,107,0.8594154074808026,0.16666666666666666
630,4267,0,0,3.0061331373510373e-06,1,79,28,107,0.8662907608695654,0.17647058823529413
631,4280,0,0,0.0007512911996288991,1,79,28,107,0.8731532476615088,0.1875
632,4351,0,0,2.0132402205077077e-05,1,79,28,107,0.8731532476615088,0.1875
633,4485,0,0,0.0001589422325404499,1,79,28,107,0.8731532476615088,0.1875
634,4623,0,0,0.0003120037664337787,1,79,28,107,0.8731532476615088,0.1875
635,4858,0,0,0.0006756121003122998,1,79,28,107,0.8731532476615088,0.1875
636,4984,0,0,0.0022387987902118905,1,79,28,107,0.8731532476615088,0.1875
637,4996,0,0,0.003823100978662009,1,79,28,107,0.8731532476615088,0.1875
638,192,1,0,0.010118963289310537,1,80,28,108,0.8662907608695654,0.17647058823529413
639,319,1,0,0.012384835940240084,1,81,28,109,0.8594154074808026,0.16666666666666666
640,717,1,0,0.010430614878107002,1,82,28,110,0.8525297332047573,0.15789473684210525
641,1255,1,1,0.9796700649845951,1,82,28,110,0.8529914529914531,0.2
642,1425,1,0,0.00021826261483833684,1,83,28,111,0.8462013252922344,0.19047619047619047
643,1770,1,0,8.987386198112556e-06,1,84,28,112,0.839400988659494,0.18181818181818182
644,1777,1,0,0.18533121907685252,1,85,28,113,0.8325925136728461,0.17391304347826086
645,1869,1,0,0.0011704665285731742,1,86,28,114,0.8257777777777778,0.16666666666666666
646,2220,1,0,2.1174920955026085e-05,1,87,28,115,0.8189584890277871,0.16
647,2400,1,0,0.012503497724228428,1,88,28,116,0.8121362064378824,0.15384615384615385
648,2614,0,0,0.0002214419542446864,1,88,28,116,0.8121362064378824,0.15384615384615385
649,2669,0,0,0.0007791016140643186,1,88,28,116,0.8121362064378824,0.15384615384615385
650,2691,0,0,0.0009722323306000465,1,88,28,116,0.8121362064378824,0.15384615384615385
651,2766,0,0,0.0020020302263484865,1,88,28,116,0.8121362064378824,0.15384615384615385
652,2867,0,0,0.0010395362124871132,1,88,28,116,0.8121362064378824,0.15384615384615385
653,2947,0,0,2.354400803312722e-05,1,88,28,116,0.8121362064378824,0.15384615384615385
654,2965,0,0,0.00021106332483219244,1,88,28,116,0.8121362064378824,0.15384615384615385
655,3350,0,0,0.01593606606263494,1,88,28,116,0.8121362064378824,0.15384615384615385
656,3410,0,0,0.0003125968369645152,1,88,28,116,0.8121362064378824,0.15384615384615385
657,3635,0,0,3.68739610752862e-05,1,88,28,116,0.8121362064378824,0.15384615384615385
658,3746,0,0,0.0810945688921108,1,88,28,116,0.8121362064378824,0.15384615384615385
659,3785,0,0,0.0006315542148979088,1,88,28,116,0.8121362064378824,0.15384615384615385
660,3845,0,0,0.0005106439613657579,1,88,28,116,0.8121362064378824,0.15384615384615385
661,3927,0,0,0.0433565907230723,1,88,28,116,0.8121362064378824,0.15384615384615385
662,3964,0,0,5.4862656543203915e-05,1,88,28,116,0.8121362064378824,0.15384615384615385
663,4082,0,1,0.6070115654087076,1,88,29,117,0.815708965150306,0.16
664,4201,0,1,0.7073759626313753,1,88,30,118,0.8192817238627295,0.16666666666666666
665,4361,0,0,0.001365816122393342,1,88,30,118,0.8192817238627295,0.16666666666666666
666,4503,0,0,2.6309685602423407e-05,1,88,30,118,0.8192817238627295,0.16666666666666666
667,4573,0,0,0.013763024344683598,1,88,30,118,0.8192817238627295,0.16666666666666666
668,4650,0,0,0.0022488822029434227,1,88,30,118,0.8192817238627295,0.16666666666666666
669,4862,0,0,7.13079247340107e-05,1,88,30,118,0.8192817238627295,0.16666666666666666
670,4864,0,0,0.002288786496971766,1,88,30,118,0.8192817238627295,0.16666666666666666
671,4866,0,0,0.00011048932971435863,1,88,30,118,0.8192817238627295,0.16666666666666666
672,83,1,0,0.00039361260849264353,1,89,30,119,0.8124715002279982,0.16
673,2406,1,0,0.048190671679247746,1,90,30,120,0.805658835546476,0.15384615384615385
674,2592,0,0,2.6691773958174048e-05,1,90,30,120,0.805658835546476,0.15384615384615385
675,2633,0,0,0.0019324096708278223,1,90,30,120,0.805658835546476,0.15384615384615385
676,2717,0,0,8.823297492351519e-07,1,90,30,120,0.805658835546476,0.15384615384615385
677,2926,0,0,0.2851314992578851,1,90,30,120,0.805658835546476,0.15384615384615385
678,2960,0,0,0.00017102719489159193,1,90,30,120,0.805658835546476,0.15384615384615385
679,3058,0,1,0.9507998640383627,1,90,31,121,0.8024350547730831,0.15384615384615385
680,3092,0,0,1.668391290824296e-05,1,90,31,121,0.8024350547730831,0.15384615384615385
681,3417,0,0,2.6873319278903853e-06,1,90,31,121,0.8024350547730831,0.15384615384615385
682,3564,0,0,1.1088772707176166e-05,1,90,31,121,0.8024350547730831,0.15384615384615385
683,3611,0,0,0.001667460878974059,1,90,31,121,0.8024350547730831,0.15384615384615385
684,3753,0,0,0.00047536235033372785,1,90,31,121,0.8024350547730831,0.15384615384615385
685,3827,0,0,0.0014361832740824069,1,90,31,121,0.8024350547730831,0.15384615384615385
686,3831,0,0,0.00010428132236180535,1,90,31,121,0.8024350547730831,0.15384615384615385
687,4034,0,0,0.00127427842001008,1,90,31,121,0.8024350547730831,0.15384615384615385
688,4314,0,0,0.0037684567212611896,1,90,31,121,0.8024350547730831,0.15384615384615385
689,4414,0,0,0.00010432299207638404,1,90,31,121,0.8024350547730831,0.15384615384615385
690,4649,0,0,0.00014206254028397455,1,90,31,121,0.8024350547730831,0.15384615384615385
691,4674,0,0,1.9079028128512897e-05,1,90,31,121,0.8024350547730831,0.15384615384615385
692,4758,0,0,7.776409956247461e-05,1,90,31,121,0.8092441266598569,0.16
693,4829,0,1,0.9964973097396658,1,90,32,122,0.812829417773238,0.16666666666666666
694,1849,1,0,9.850833285182953e-06,1,91,32,123,0.8060250391236308,0.16
695,2602,0,0,0.0022179409814812815,1,91,32,123,0.8060250391236308,0.16
696,2680,0,0,3.5007371159471984e-05,1,91,32,123,0.8060250391236308,0.16
697,2749,0,0,0.00011807005445339085,1,91,32,123,0.8060250391236308,0.16
698,2879,0,0,0.0019175832808773603,1,91,32,123,0.8060250391236308,0.16
699,2954,0,0,0.12814803596853194,1,91,32,123,0.8060250391236308,0.16
700,3013,0,0,0.0006609395082710879,1,91,32,123,0.8060250391236308,0.16
701,3067,0,0,0.002846212142537765,1,91,32,123,0.8060250391236308,0.16
702,3312,0,0,8.189004304644e-05,1,91,32,123,0.8060250391236308,0.16
703,3347,0,0,0.00017668143554011283,1,91,32,123,0.8060250391236308,0.16
704,3360,0,0,7.545900728881104e-05,1,91,32,123,0.8060250391236308,0.16
705,3390,0,0,0.003072623904954237,1,91,32,123,0.8060250391236308,0.16
706,3593,0,0,0.009390492315078647,1,91,32,123,0.8060250391236308,0.16
707,3619,0,0,3.955610578906369e-05,1,91,32,123,0.8060250391236308,0.16
708,3838,0,0,0.00016348016217986492,1,91,32,123,0.8060250391236308,0.16
709,4060,0,0,0.0008620709065616515,1,91,32,123,0.812829417773238,0.16666666666666666
710,4113,0,0,2.056644618917679e-05,1,91,32,123,0.8196306429548563,0.17391304347826086
711,4287,0,0,8.15771413746308e-05,1,91,32,123,0.8196306429548563,0.17391304347826086
712,4304,0,0,0.003519060358714591,1,91,32,123,0.8196306429548563,0.17391304347826086
713,4523,0,0,3.662967245312612e-05,1,91,32,123,0.8196306429548563,0.17391304347826086
714,4550,0,0,0.002758673846853074,1,91,32,123,0.8196306429548563,0.17391304347826086
715,4608,0,0,0.00014748151152492003,1,91,32,123,0.8196306429548563,0.17391304347826086
716,4719,0,0,8.098016127704673e-05,1,91,32,123,0.822854482575153,0.17391304347826086
717,4771,0,1,0.9909786554530648,1,91,33,124,0.8196306429548563,0.17391304347826086
718,4906,0,0,9.341745069043639e-05,1,91,33,124,0.8196306429548563,0.17391304347826086
719,4912,0,0,0.00555118867488642,1,91,33,124,0.8196306429548563,0.17391304347826086
720,4957,0,0,0.029718576535421773,1,91,33,124,0.8196306429548563,0.17391304347826086
721,2667,0,1,0.5815591166496116,1,91,34,125,0.816414708886619,0.17391304347826086
722,2670,0,0,1.2117012683295572e-05,1,91,34,125,0.816414708886619,0.17391304347826086
723,3025,0,0,4.322509268348927e-05,1,91,34,125,0.816414708886619,0.17391304347826086
724,3088,0,0,0.0009830419834042305,1,91,34,125,0.816414708886619,0.17391304347826086
725,3115,0,0,0.1808849560124214,1,91,34,125,0.816414708886619,0.17391304347826086
726,3158,0,0,1.2608466270565646e-05,1,91,34,125,0.816414708886619,0.17391304347826086
727,3189,0,0,3.9086858706617624e-06,1,91,34,125,0.816414708886619,0.17391304347826086
728,3343,0,0,0.0001271298922776055,1,91,34,125,0.816414708886619,0.17391304347826086
729,3493,0,0,1.9837588977126006e-06,1,91,34,125,0.816414708886619,0.17391304347826086
730,3618,0,0,0.00016085662099202353,1,91,34,125,0.8196306429548563,0.17391304347826086
731,4043,0,0,0.0005737749880436303,1,91,34,125,0.8196306429548563,0.17391304347826086
732,4145,0,0,0.001603537230011284,1,91,34,125,0.8196306429548563,0.17391304347826086
733,4177,0,0,0.0031736906799143985,1,91,34,125,0.8196306429548563,0.17391304347826086
734,4237,0,0,0.41200846934731733,1,91,34,125,0.8196306429548563,0.17391304347826086
735,4690,0,0,3.7200176021997254e-06,1,91,34,125,0.8196306429548563,0.17391304347826086
736,4722,0,0,5.4359732875772745e-06,1,91,34,125,0.822854482575153,0.17391304347826086
737,4751,0,0,6.843288396531467e-05,1,91,34,125,0.822854482575153,0.17391304347826086
738,4907,0,0,3.87846734296219e-06,1,91,34,125,0.822854482575153,0.17391304347826086
739,804,1,0,0.13214274764563438,1,92,34,126,0.8160510715914273,0.16666666666666666
740,2121,1,0,0.00031411673577367736,1,93,34,127,0.8092441266598569,0.16
741,2597,0,0,9.388327273629575e-07,1,93,34,127,0.8092441266598569,0.16
742,2779,0,0,0.001681359394100774,1,93,34,127,0.8092441266598569,0.16
743,3035,0,0,0.0001620109874770024,1,93,34,127,0.8092441266598569,0.16
744,3155,0,0,0.0001619726656550768,1,93,34,127,0.8092441266598569,0.16
745,3226,0,0,0.0002741223654295365,1,93,34,127,0.8124715002279982,0.16
746,3323,0,0,1.1973630613875243e-06,1,93,34,127,0.8124715002279982,0.16
747,3448,0,0,0.0014074088970493206,1,93,34,127,0.8124715002279982,0.16
748,3942,0,0,7.173235642041479e-06,1,93,34,127,0.8124715002279982,0.16
749,4163,0,0,0.003037536496385541,1,93,34,127,0.8124715002279982,0.16
750,4268,0,0,0.0038451905289562096,1,93,34,127,0.815708965150306,0.16
751,4294,0,0,8.428728579167729e-06,1,93,34,127,0.815708965150306,0.16
752,4307,0,0,0.00013689689143329958,1,93,34,127,0.815708965150306,0.16
753,4343,0,0,0.0007803022874561637,1,93,34,127,0.815708965150306,0.16
754,4443,0,0,0.004770736074922535,1,93,34,127,0.815708965150306,0.16
755,4473,0,0,0.00025412976635927706,1,93,34,127,0.815708965150306,0.16
756,4685,0,0,0.0005317059867304021,1,93,34,127,0.815708965150306,0.16
757,4805,0,0,7.734361670471345e-05,1,93,34,127,0.815708965150306,0.16
758,310,1,0,0.04769901141913639,1,94,34,128,0.8088919288645691,0.15384615384615385
759,1720,1,0,7.715121206474976e-06,1,95,34,129,0.802073544433095,0.14814814814814814
760,2601,0,0,1.62110789184863e-06,1,95,34,129,0.802073544433095,0.14814814814814814
761,2621,0,0,8.454713629521024e-05,1,95,34,129,0.802073544433095,0.14814814814814814
762,2644,0,0,0.00027492511908177236,1,95,34,129,0.802073544433095,0.14814814814814814
763,2857,0,0,0.032544732704852405,1,95,34,129,0.802073544433095,0.14814814814814814
764,2905,0,0,0.008981253001715792,1,95,34,129,0.802073544433095,0.14814814814814814
765,3069,0,0,0.08554530947900144,1,95,34,129,0.802073544433095,0.14814814814814814
766,3075,0,0,0.0007236918991968224,1,95,34,129,0.802073544433095,0.14814814814814814
767,3408,0,0,0.00017987976583855685,1,95,34,129,0.802073544433095,0.14814814814814814
768,3542,0,0,0.007715170854889566,1,95,34,129,0.8053123575011399,0.14814814814814814
769,3551,0,0,0.0003780899809558653,1,95,34,129,0.808563447725459,0.14814814814814814
770,3617,0,0,0.0004419957488653735,1,95,34,129,0.808563447725459,0.14814814814814814
771,4104,0,0,2.001523275980223e-06,1,95,34,129,0.808563447725459,0.14814814814814814
772,4260,0,0,1.3239738928138151e-05,1,95,34,129,0.808563447725459,0.14814814814814814
773,4340,0,0,5.4629789322282565e-05,1,95,34,129,0.808563447725459,0.14814814814814814
774,4444,0,0,0.0007193312936448217,1,95,34,129,0.808563447725459,0.14814814814814814
775,4732,0,0,0.0011701283185866892,1,95,34,129,0.8153937088117398,0.15384615384615385
776,4816,0,0,1.8955527253504126e-05,1,95,34,129,0.8222222222222222,0.16
777,418,1,0,0.0006732013805650877,1,96,34,130,0.8142446196462817,0.12
778,1007,1,1,0.9987328835993624,1,96,34,130,0.8222222222222222,0.16
779,1668,1,0,2.228103929990076e-05,1,97,34,131,0.8222222222222222,0.16
780,1683,1,0,0.1214516878027951,1,98,34,132,0.8142446196462817,0.12
781,1716,1,0,0.0078092257070613335,1,99,34,133,0.8059755742948531,0.08
782,1944,1,0,2.0783328449608332e-05,1,100,34,134,0.7989843028624192,0.07692307692307693
783,2141,1,0,0.0006475208285985713,1,101,34,135,0.792,0.07407407407407407
784,2874,0,0,0.00028092846295262654,1,101,34,135,0.792,0.07407407407407407
785,2980,0,0,9.105160067238815e-05,1,101,34,135,0.792,0.07407407407407407
786,3032,0,0,0.40656049086573964,1,101,34,135,0.7949818879181761,0.07407407407407407
787,3117,0,0,0.0003790442296223811,1,101,34,135,0.7979674323931376,0.07407407407407407
788,3223,0,0,5.3778389897098446e-05,1,101,34,135,0.7979674323931376,0.07407407407407407
789,3279,0,0,2.119308659549777e-06,1,101,34,135,0.7979674323931376,0.07407407407407407
790,3463,0,1,0.8474759621514147,1,101,35,136,0.7949818879181761,0.07407407407407407
791,3572,0,0,0.0009164081429928028,1,101,35,136,0.7949818879181761,0.07407407407407407
792,3595,0,0,0.007741109952755952,1,101,35,136,0.7949818879181761,0.07407407407407407
793,3649,0,1,0.6180033301767797,1,101,36,137,0.792,0.07407407407407407
794,3734,0,0,1.98178735647933e-06,1,101,36,137,0.792,0.07407407407407407
795,3764,0,0,8.361472825906606e-05,1,101,36,137,0.7949818879181761,0.07407407407407407
796,3772,0,0,8.16206600552185e-05,1,101,36,137,0.7949818879181761,0.07407407407407407
797,4063,0,0,0.00047299015448951396,1,101,36,137,0.7949818879181761,0.07407407407407407
798,4080,0,0,9.691962243428455e-07,1,101,36,137,0.7949818879181761,0.07407407407407407
799,4087,0,0,0.04066637081991763,1,101,36,137,0.7949818879181761,0.07407407407407407
800,4126,0,0,0.000378600835121759,1,101,36,137,0.8019715033439954,0.07692307692307693
801,4249,0,0,0.0018901794975458377,1,101,36,137,0.808968058968059,0.08
802,4254,0,0,6.35176499206099e-05,1,101,36,137,0.8159706959706959,0.08333333333333333
803,4255,0,0,4.197348861493823e-06,1,101,36,137,0.8159706959706959,0.08333333333333333
804,4362,0,0,0.008287774475404039,1,101,36,137,0.8159706959706959,0.08333333333333333
805,4588,0,0,4.2097013917929675e-05,1,101,36,137,0.8159706959706959,0.08333333333333333
806,4601,0,1,0.9798050774822823,1,101,37,138,0.8129729729729729,0.08333333333333333
807,4661,0,0,0.01264931134126363,1,101,37,138,0.8129729729729729,0.08333333333333333
808,4740,0,0,0.00011353626870993009,1,101,37,138,0.8159706959706959,0.08333333333333333
809,4845,0,0,0.0005837471706067042,1,101,37,138,0.8159706959706959,0.08333333333333333
810,191,1,0,5.133660988474692e-05,1,102,37,139,0.808968058968059,0.08
811,329,1,0,0.009163665301889846,1,103,37,140,0.8019715033439954,0.07692307692307693
812,471,1,0,0.0013819724994128793,1,104,37,141,0.7949818879181761,0.07407407407407407
813,852,1,0,0.009163665440573876,1,105,37,142,0.7909794729739328,0.07142857142857142
814,1397,1,0,0.009163665083544282,1,106,37,143,0.784,0.06896551724137931
815,1722,1,1,0.9797548705189008,1,106,37,143,0.7859537110933759,0.1
816,2360,1,0,0.0007952623573597421,1,107,37,144,0.7790508761644194,0.0967741935483871
817,2489,1,0,0.009163665261787924,1,108,37,145,0.7721552604698673,0.09375
818,2507,0,0,0.0003991287478136186,1,108,37,145,0.7721552604698673,0.09375
819,2583,0,0,0.0003840821957519243,1,108,37,145,0.7721552604698673,0.09375
820,2593,0,0,0.0001791004797889802,1,108,37,145,0.7721552604698673,0.09375
821,2596,0,0,0.005256385702845041,1,108,37,145,0.7721552604698673,0.09375
822,2687,0,0,5.412246693369331e-06,1,108,37,145,0.7721552604698673,0.09375
823,2741,0,0,0.00023248919467385508,1,108,37,145,0.7721552604698673,0.09375
824,2754,0,0,1.0510984551001458e-06,1,108,37,145,0.7721552604698673,0.09375
825,2800,0,0,0.0003137676019216767,1,108,37,145,0.7721552604698673,0.09375
826,2930,0,0,8.611717162130589e-05,1,108,37,145,0.7721552604698673,0.09375
827,2948,0,0,0.00015078057542043267,1,108,37,145,0.7721552604698673,0.09375
828,3166,0,0,0.00020717911220743057,1,108,37,145,0.7721552604698673,0.09375
829,3178,0,0,0.0008175573088486871,1,108,37,145,0.7721552604698673,0.09375
830,3273,0,0,0.0001652249244340812,1,108,37,145,0.7721552604698673,0.09375
831,3324,0,0,0.00027837240137716337,1,108,37,145,0.7721552604698673,0.09375
832,3439,0,0,0.00026678983754381465,1,108,37,145,0.7721552604698673,0.09375
833,3492,0,0,0.050755908415028445,1,108,37,145,0.7721552604698673,0.09375
834,3568,0,0,5.4150966182076445e-05,1,108,37,145,0.7721552604698673,0.09375
835,3657,0,0,0.00374204293487999,1,108,37,145,0.7721552604698673,0.09375
836,3692,0,0,0.0028223671700925083,1,108,37,145,0.7721552604698673,0.09375
837,3738,0,0,4.4020126898821436e-05,1,108,37,145,0.7721552604698673,0.09375
838,3926,0,1,0.8032504137327048,1,108,38,146,0.7759397344228804,0.0967741935483871
839,4049,0,0,0.0008885681810649052,1,108,38,146,0.7828349944629014,0.1
840,4053,0,0,0.001468907499563178,1,108,38,146,0.7897366320830008,0.10344827586206896
841,4064,0,0,0.08905923684365723,1,108,38,146,0.7880000000000001,0.07142857142857142
842,4173,0,0,0.0012724788993789713,1,108,38,146,0.7949818879181761,0.07407407407407407
843,4313,0,0,1.8680564442201133e-05,1,108,38,146,0.8019715033439954,0.07692307692307693
844,4438,0,0,6.612942137908106e-05,1,108,38,146,0.808968058968059,0.08
845,4476,0,0,9.88453547344103e-06,1,108,38,146,0.8159706959706959,0.08333333333333333
846,4621,0,0,9.369763548044686e-05,1,108,38,146,0.8229784735812133,0.08695652173913043
847,4626,0,0,0.05545038740299613,1,108,38,146,0.8299903567984572,0.09090909090909091
848,4655,0,0,0.00010122631962707703,1,108,38,146,0.8299903567984572,0.09090909090909091
849,4698,0,0,0.0073035909241146195,1,108,38,146,0.8299903567984572,0.09090909090909091
850,4714,0,0,0.0005084443167333944,1,108,38,146,0.8299903567984572,0.09090909090909091
851,4930,0,0,0.00048730056932455085,1,108,38,146,0.8299903567984572,0.09090909090909091
852,4998,0,0,0.0003804779399540151,1,108,38,146,0.8299903567984572,0.09090909090909091
853,18,1,0,0.00038651823722287847,1,109,38,147,0.8229784735812133,0.08695652173913043
854,409,1,0,5.7837746485284396e-08,1,110,38,148,0.8159706959706959,0.08333333333333333
855,2580,0,0,0.0001779308524956704,1,110,38,148,0.8159706959706959,0.08333333333333333
856,2773,0,0,0.38174511704341685,1,110,38,148,0.8159706959706959,0.08333333333333333
857,2802,0,0,0.0001097029928889452,1,110,38,148,0.8159706959706959,0.08333333333333333
858,2824,0,0,0.0003817395574052918,1,110,38,148,0.8159706959706959,0.08333333333333333
859,3005,0,0,0.0018109220693082663,1,110,38,148,0.8159706959706959,0.08333333333333333
860,3011,0,1,0.9288418272139506,1,110,39,149,0.8129729729729729,0.08333333333333333
861,3021,0,0,0.006437808877049775,1,110,39,149,0.8129729729729729,0.08333333333333333
862,3464,0,0,0.00016900913387510194,1,110,39,149,0.8129729729729729,0.08333333333333333
863,3502,0,0,0.009563419616226945,1,110,39,149,0.8159706959706959,0.08333333333333333
864,3589,0,0,4.0696321950763085e-05,1,110,39,149,0.8189745596868885,0.08333333333333333
865,3659,0,0,0.00011363188235168374,1,110,39,149,0.8189745596868885,0.08333333333333333
866,3817,0,0,0.00010680767678595441,1,110,39,149,0.8189745596868885,0.08333333333333333
867,3842,0,0,0.00012761107582986438,1,110,39,149,0.8189745596868885,0.08333333333333333
868,3874,0,0,0.0001878254532480067,1,110,39,149,0.8189745596868885,0.08333333333333333
869,3883,0,1,0.9430625427960029,1,110,40,150,0.8159706959706959,0.08333333333333333
870,3930,0,0,0.03928684222053742,1,110,40,150,0.8159706959706959,0.08333333333333333
871,3956,0,0,5.809310748703551e-05,1,110,40,150,0.8159706959706959,0.08333333333333333
872,4030,0,0,3.285731911241425e-05,1,110,40,150,0.8229784735812133,0.08695652173913043
873,4047,0,0,0.41988197722126025,1,110,40,150,0.8299903567984572,0.09090909090909091
874,4152,0,0,0.0005837273953897067,1,110,40,150,0.8299903567984572,0.09090909090909091
875,4341,0,0,2.0382381822449647e-05,1,110,40,150,0.8299903567984572,0.09090909090909091
876,4348,0,0,0.005393338605264217,1,110,40,150,0.8299903567984572,0.09090909090909091
877,4466,0,0,0.0227735077956281,1,110,40,150,0.8299903567984572,0.09090909090909091
878,4487,0,0,0.00015744654618336391,1,110,40,150,0.8299903567984572,0.09090909090909091
879,4521,0,0,0.0019927623272060187,1,110,40,150,0.833006357856494,0.09090909090909091
880,4695,0,0,0.0002712064789803995,1,110,40,150,0.833006357856494,0.09090909090909091
881,4841,0,0,0.005333963926381361,1,110,40,150,0.833006357856494,0.09090909090909091
882,739,1,0,0.0033946245753544543,1,111,40,151,0.8259884281581487,0.08695652173913043
883,1434,1,0,0.0859432996948295,1,112,40,152,0.8189745596868885,0.08333333333333333
884,1657,1,1,0.5662786698658675,1,112,40,152,0.8205457523639342,0.12
885,2523,0,0,7.059288862763777e-05,1,112,40,152,0.8205457523639342,0.12
886,2725,0,0,1.4406444464679048e-05,1,112,40,152,0.8205457523639342,0.12
887,2768,0,0,0.00016418621895224073,1,112,40,152,0.8205457523639342,0.12
888,2893,0,0,0.00011357754391996605,1,112,40,152,0.8205457523639342,0.12
889,3256,0,0,0.00013040241868157964,1,112,40,152,0.8205457523639342,0.12
890,3288,0,0,0.00022212322191226785,1,112,40,152,0.8205457523639342,0.12
891,3342,0,0,0.08038925275653896,1,112,40,152,0.8205457523639342,0.12
892,3382,0,0,0.0054941785575407225,1,112,40,152,0.8205457523639342,0.12
893,3449,0,0,1.0353941716391537e-05,1,112,40,152,0.8237179487179486,0.12
894,3470,0,0,0.0003646297652886176,1,112,40,152,0.8306536203522503,0.125
895,3645,0,0,0.006208153835867364,1,112,40,152,0.8306536203522503,0.125
896,3670,0,0,0.0001859561661907118,1,112,40,152,0.8306536203522503,0.125
897,3763,0,0,8.508451940727379e-06,1,112,40,152,0.8306536203522503,0.125
898,3993,0,0,0.2715264655445741,1,112,40,152,0.8306536203522503,0.125
899,4073,0,0,0.06023170472725011,1,112,40,152,0.8306536203522503,0.125
900,4186,0,0,0.0007343939668312826,1,112,40,152,0.8306536203522503,0.125
901,4274,0,0,0.00020829069262204284,1,112,40,152,0.8306536203522503,0.125
902,4419,0,0,0.00015012105812193402,1,112,40,152,0.8306536203522503,0.125
903,4439,0,0,6.198031659439665e-05,1,112,40,152,0.8306536203522503,0.125
904,4489,0,0,6.236391178709091e-06,1,112,40,152,0.8306536203522503,0.125
905,4524,0,0,0.0020196942308394476,1,112,40,152,0.8306536203522503,0.125
906,4555,0,0,0.00011365451393012145,1,112,40,152,0.8306536203522503,0.125
907,4582,0,0,0.00015086276747946695,1,112,40,152,0.8306536203522503,0.125
908,4774,0,0,0.004917059014002858,1,112,40,152,0.8306536203522503,0.125
909,4792,0,0,0.00013461934999152705,1,112,40,152,0.8306536203522503,0.125
910,4855,0,0,0.015388453136413514,1,112,40,152,0.8306536203522503,0.125
911,544,1,0,0.000730204720383781,1,113,40,153,0.8237179487179486,0.12
912,876,1,1,0.9060602791113842,1,113,40,153,0.8252689735388193,0.15384615384615385
913,2522,0,0,0.001179663870450738,1,113,40,153,0.8252689735388193,0.15384615384615385
914,2551,0,0,7.37041622410359e-05,1,113,40,153,0.8252689735388193,0.15384615384615385
915,2637,0,0,7.336670240753992e-05,1,113,40,153,0.8252689735388193,0.15384615384615385
916,2688,0,0,1.3565123710815168e-05,1,113,40,153,0.8252689735388193,0.15384615384615385
917,2739,0,0,0.00042912545071772815,1,113,40,153,0.8286039758767031,0.15384615384615385
918,2817,0,0,0.0003369321900569889,1,113,40,153,0.8286039758767031,0.15384615384615385
919,2952,0,0,1.2961808876381152e-05,1,113,40,153,0.8286039758767031,0.15384615384615385
920,3015,0,0,0.0006138861220165181,1,113,40,153,0.8286039758767031,0.15384615384615385
921,3020,0,0,6.0019995585842157e-05,1,113,40,153,0.8319658119658119,0.15384615384615385
922,3056,0,0,0.006891911227690694,1,113,40,153,0.8319658119658119,0.15384615384615385
923,3141,0,0,5.529382089968052e-05,1,113,40,153,0.8319658119658119,0.15384615384615385
924,3225,0,1,0.7477817829043613,1,113,41,154,0.8286039758767031,0.15384615384615385
925,3248,0,0,0.0004438114319012635,1,113,41,154,0.8286039758767031,0.15384615384615385
926,3317,0,0,8.570109839427835e-05,1,113,41,154,0.8286039758767031,0.15384615384615385
927,3444,0,1,0.9076485964185232,1,113,42,155,0.8252689735388193,0.15384615384615385
928,3453,0,0,8.640152845266755e-05,1,113,42,155,0.8252689735388193,0.15384615384615385
929,3456,0,0,0.00016373557812894161,1,113,42,155,0.8252689735388193,0.15384615384615385
930,3482,0,0,0.000989300036501933,1,113,42,155,0.8252689735388193,0.15384615384615385
931,3510,0,0,0.00012272937883549078,1,113,42,155,0.8252689735388193,0.15384615384615385
932,3683,0,1,0.9785662552473932,1,113,43,156,0.8219575253924285,0.15384615384615385
933,3684,0,0,7.5603962952878365e-06,1,113,43,156,0.8219575253924285,0.15384615384615385
934,3786,0,0,7.023245692139421e-05,1,113,43,156,0.8219575253924285,0.15384615384615385
935,3843,0,0,3.5596710621133636e-05,1,113,43,156,0.8219575253924285,0.15384615384615385
936,3983,0,0,0.002308971467979805,1,113,43,156,0.8219575253924285,0.15384615384615385
937,3991,0,0,0.00010331535269138431,1,113,43,156,0.8219575253924285,0.15384615384615385
938,4135,0,0,3.751257387634117e-06,1,113,43,156,0.8219575253924285,0.15384615384615385
939,4197,0,0,1.6034283289813116e-05,1,113,43,156,0.8288019773189881,0.16
940,4233,0,1,0.9596988573274572,1,113,44,157,0.8323349810991567,0.16666666666666666
941,4356,0,0,0.0002371327823938848,1,113,44,157,0.8323349810991567,0.16666666666666666
942,4387,0,0,0.000408522616889593,1,113,44,157,0.8323349810991567,0.16666666666666666
943,4518,0,0,0.001710918035903744,1,113,44,157,0.8323349810991567,0.16666666666666666
944,4543,0,0,0.0023144551177629166,1,113,44,157,0.8323349810991567,0.16666666666666666
945,4561,0,0,0.001507017650367201,1,113,44,157,0.8323349810991567,0.16666666666666666
946,4643,0,0,8.331201327717411e-07,1,113,44,157,0.8323349810991567,0.16666666666666666
947,4706,0,0,0.0010669624388334883,1,113,44,157,0.8323349810991567,0.16666666666666666
948,4715,0,0,0.015339476014426862,1,113,44,157,0.8323349810991567,0.16666666666666666
949,4772,0,0,0.0004694068117745923,1,113,44,157,0.8323349810991567,0.16666666666666666
950,4821,0,0,0.004345170406035555,1,113,44,157,0.8323349810991567,0.16666666666666666
951,4824,0,0,3.75917647645199e-06,1,113,44,157,0.8323349810991567,0.16666666666666666
952,4890,0,0,3.741275703960763e-06,1,113,44,157,0.8323349810991567,0.16666666666666666
953,4913,0,0,2.287427431611146e-05,1,113,44,157,0.8323349810991567,0.16666666666666666
954,90,1,0,0.003114336515420166,1,114,44,158,0.8255025214859011,0.16
955,1977,1,0,3.23356468128645e-05,1,115,44,159,0.8186666666666667,0.15384615384615385
956,2563,0,0,0.0002452784831584696,1,115,44,159,0.8186666666666667,0.15384615384615385
957,2569,0,0,0.0005132561732110289,1,115,44,159,0.8186666666666667,0.15384615384615385
958,2642,0,0,0.0026670096880235133,1,115,44,159,0.8255025214859011,0.16
959,2659,0,0,0.00016833468881746354,1,115,44,159,0.8323349810991567,0.16666666666666666
960,2693,0,0,8.165778444974436e-05,1,115,44,159,0.8323349810991567,0.16666666666666666
961,2709,0,0,0.0005676337600167178,1,115,44,159,0.8323349810991567,0.16666666666666666
962,2729,0,0,0.0017539601495145743,1,115,44,159,0.8323349810991567,0.16666666666666666
963,2738,0,0,0.00011805722938571254,1,115,44,159,0.8323349810991567,0.16666666666666666
964,2756,0,0,0.024426566821511248,1,115,44,159,0.8323349810991567,0.16666666666666666
965,2928,0,0,0.18779142988464276,1,115,44,159,0.8323349810991567,0.16666666666666666
966,3001,0,0,0.0006872247868691428,1,115,44,159,0.8323349810991567,0.16666666666666666
967,3023,0,0,6.068114995468294e-05,1,115,44,159,0.8323349810991567,0.16666666666666666
968,3029,0,0,7.795040736210331e-06,1,115,44,159,0.8323349810991567,0.16666666666666666
969,3036,0,0,2.402508551409302e-06,1,115,44,159,0.8323349810991567,0.16666666666666666
970,3059,0,0,0.003365710936302767,1,115,44,159,0.8323349810991567,0.16666666666666666
971,3184,0,0,0.0013831700642697137,1,115,44,159,0.8323349810991567,0.16666666666666666
972,3296,0,0,2.580018507261216e-05,1,115,44,159,0.8323349810991567,0.16666666666666666
973,3307,0,0,8.02859489890395e-05,1,115,44,159,0.8323349810991567,0.16666666666666666
974,3315,0,0,4.0554670957262215e-05,1,115,44,159,0.8323349810991567,0.16666666666666666
975,3331,0,0,0.0009143627663391615,1,115,44,159,0.8323349810991567,0.16666666666666666
976,3367,0,0,0.0019257503421809396,1,115,44,159,0.8323349810991567,0.16666666666666666
977,3381,0,0,0.0029863787327151625,1,115,44,159,0.8391623855260218,0.17391304347826086
978,3389,0,0,0.0011783794028517344,1,115,44,159,0.8381448140900196,0.13636363636363635
979,3411,0,0,0.0004948450214249435,1,115,44,159,0.8450594664095147,0.14285714285714285
980,3440,0,0,0.0006481817244547108,1,115,44,159,0.8519692841218727,0.15
981,3447,0,0,0.0007166362738707547,1,115,44,159,0.8588722826086956,0.15789473684210525
982,3489,0,0,2.475544206564434e-05,1,115,44,159,0.8657662383075443,0.16666666666666666
983,3556,0,0,5.570839918497305e-05,1,115,44,159,0.8726486486486487,0.17647058823529413
984,3588,0,0,0.0004622242661007365,1,115,44,159,0.8726486486486487,0.17647058823529413
985,3625,0,0,3.7736576677372006e-05,1,115,44,159,0.8726486486486487,0.17647058823529413
986,3630,0,0,2.5952682458595002e-05,1,115,44,159,0.8726486486486487,0.17647058823529413
987,3697,0,0,7.765627368962103e-05,1,115,44,159,0.8726486486486487,0.17647058823529413
988,3803,0,0,0.0010135500587172559,1,115,44,159,0.8726486486486487,0.17647058823529413
989,3823,0,0,0.0029279673686629305,1,115,44,159,0.8726486486486487,0.17647058823529413
990,3826,0,0,0.0002191294948502833,1,115,44,159,0.875861139511107,0.17647058823529413
991,3872,0,0,0.0004394160488028998,1,115,44,159,0.875861139511107,0.17647058823529413
992,3901,0,0,9.520331967733959e-05,1,115,44,159,0.875861139511107,0.17647058823529413
993,3920,0,0,0.0004528142927545786,1,115,44,159,0.8791013824884792,0.17647058823529413
994,3979,0,1,0.632667050160513,1,115,45,160,0.875861139511107,0.17647058823529413
995,3990,0,0,0.000803626280981402,1,115,45,160,0.875861139511107,0.17647058823529413
996,4055,0,1,0.6464030025905174,1,115,46,161,0.8726486486486487,0.17647058823529413
997,4100,0,0,1.7336724132699084e-05,1,115,46,161,0.8726486486486487,0.17647058823529413
998,4168,0,0,0.00011004448733887214,1,115,46,161,0.8726486486486487,0.17647058823529413
999,4169,0,1,0.5055643313498746,1,115,47,162,0.8694597429845266,0.17647058823529413
1000,4175,0,0,0.00012146564224385002,1,115,47,162,0.8694597429845266,0.17647058823529413
1001,4182,0,0,0.0003663456381119321,1,115,47,162,0.8694597429845266,0.17647058823529413
1002,4226,0,1,0.9542481787871724,1,115,48,163,0.8662907608695654,0.17647058823529413
1003,4263,0,0,0.00016474943972161476,1,115,48,163,0.8662907608695654,0.17647058823529413
1004,4275,0,0,0.0008019132817948632,1,115,48,163,0.8662907608695654,0.17647058823529413
1005,4393,0,0,5.1387912505624015e-05,1,115,48,163,0.8662907608695654,0.17647058823529413
1006,4434,0,0,1.9111561348373784e-06,1,115,48,163,0.8694597429845266,0.17647058823529413
1007,4600,0,0,0.001157773374949238,1,115,48,163,0.8694597429845266,0.17647058823529413
1008,4611,0,0,1.1473376029550922e-05,1,115,48,163,0.8694597429845266,0.17647058823529413
1009,4707,0,0,0.0005125644408882332,1,115,48,163,0.8694597429845266,0.17647058823529413
1010,4766,0,0,9.1596526863336e-05,1,115,48,163,0.8763243243243243,0.1875
1011,4767,0,0,0.00011322428640239224,1,115,48,163,0.8831722279022215,0.2
1012,4806,0,1,0.6269030827899456,1,115,49,164,0.8868277720977786,0.21428571428571427
1013,4850,0,1,0.9595826609544504,1,115,50,165,0.8904833162933358,0.23076923076923078
1014,4965,0,0,0.06394635222672294,1,115,50,165,0.8972657450076806,0.25
1015,4994,0,0,2.4099150512494504e-05,1,115,50,165,0.8978733031674208,0.18181818181818182
1016,4995,0,0,6.025272219822357e-05,1,115,50,165,0.9047999999999999,0.2
1017,62,1,1,0.9996474833183722,1,115,50,165,0.9107363225010284,0.3
1018,2645,0,0,0.00043791149803459406,1,115,50,165,0.9107363225010284,0.3
1019,2723,0,0,0.008319926934468438,1,115,50,165,0.9107363225010284,0.3
1020,2789,0,0,7.701009946823393e-05,1,115,50,165,0.9107363225010284,0.3
1021,2859,0,0,6.94771783675512e-05,1,115,50,165,0.9107363225010284,0.3
1022,2906,0,1,0.6819569704795198,1,115,51,166,0.9076258564194221,0.3
1023,2956,0,0,2.1565932947278575e-05,1,115,51,166,0.9076258564194221,0.3
1024,3018,0,0,0.0029090316692542595,1,115,51,166,0.9076258564194221,0.3
1025,3316,0,0,0.0007863616304493946,1,115,51,166,0.9076258564194221,0.3
1026,3378,0,0,9.654914665411656e-06,1,115,51,166,0.9076258564194221,0.3
1027,3400,0,0,0.00031632123721484173,1,115,51,166,0.9076258564194221,0.3
1028,3708,0,1,0.6650170536527987,1,115,52,167,0.904531490015361,0.3
1029,3792,0,0,0.0011897989425746509,1,115,52,167,0.904531490015361,0.3
1030,3887,0,0,5.83475398114832e-05,1,115,52,167,0.904531490015361,0.3
1031,3916,0,0,0.002555770524223224,1,115,52,167,0.904531490015361,0.3
1032,3924,0,0,0.002469016125161683,1,115,52,167,0.904531490015361,0.3
1033,3948,0,0,0.044323447948721145,1,115,52,167,0.904531490015361,0.3
1034,3949,0,0,0.10558454014089054,1,115,52,167,0.904531490015361,0.3
1035,3978,0,0,0.0003529945742335956,1,115,52,167,0.904531490015361,0.3
1036,4070,0,0,8.268631735014754e-05,1,115,52,167,0.904531490015361,0.3
1037,4146,0,0,0.00028370020313232196,1,115,52,167,0.904531490015361,0.3
1038,4162,0,0,2.7539047684705145e-05,1,115,52,167,0.9076258564194221,0.3
1039,4225,0,0,0.00014604723750603085,1,115,52,167,0.9076258564194221,0.3
1040,4261,0,0,9.10172477778954e-06,1,115,52,167,0.9076258564194221,0.3
1041,4270,0,0,0.00016557214986686139,1,115,52,167,0.9076258564194221,0.3
1042,4530,0,0,0.0007881837137394161,1,115,52,167,0.9076258564194221,0.3
1043,4615,0,0,0.0008869749750554561,1,115,52,167,0.9076258564194221,0.3
1044,4670,0,0,8.169043223997933e-06,1,115,52,167,0.9076258564194221,0.3
1045,4700,0,0,2.108353992978727e-05,1,115,52,167,0.9076258564194221,0.3
1046,4735,0,0,4.757602060901668e-06,1,115,52,167,0.9076258564194221,0.3
1047,4742,0,0,0.001726079737647886,1,115,52,167,0.9076258564194221,0.3
1048,4748,0,0,0.00022608526865831963,1,115,52,167,0.9076258564194221,0.3
1049,4811,0,0,1.99726215602355e-06,1,115,52,167,0.9076258564194221,0.3
1050,4917,0,0,0.00034463347606392483,1,115,52,167,0.9076258564194221,0.3
1051,4945,0,0,8.620079581234675e-05,1,115,52,167,0.9076258564194221,0.3
1052,537,1,0,9.128985485548765e-05,1,116,52,168,0.9008986175115209,0.2727272727272727
1053,883,1,0,2.710552169260138e-05,1,117,52,169,0.9008986175115209,0.2727272727272727
1054,2134,1,0,0.0005227331328345401,1,118,52,170,0.9008986175115209,0.2727272727272727
1055,2324,1,0,0.00018778862138169925,1,119,52,171,0.8941388604888929,0.25
1056,2335,1,1,0.9995963441385012,1,119,52,171,0.8934950607570592,0.3076923076923077
1057,2495,1,0,0.49357209044219247,1,120,52,172,0.8868478260869566,0.2857142857142857
1058,2581,0,0,0.0007629522472888501,1,120,52,172,0.8868478260869566,0.2857142857142857
1059,2615,0,0,0.0014059299420429833,1,120,52,172,0.8868478260869566,0.2857142857142857
1060,2776,0,0,0.0642186697685805,1,120,52,172,0.8900970364542355,0.2857142857142857
1061,2811,0,0,0.01045913057643839,1,120,52,172,0.8900970364542355,0.2857142857142857
1062,2861,0,0,0.0001613631893743077,1,120,52,172,0.8900970364542355,0.2857142857142857
1063,2884,0,0,0.00017042322898861852,1,120,52,172,0.8900970364542355,0.2857142857142857
1064,2938,0,0,0.00047005952459091963,1,120,52,172,0.8900970364542355,0.2857142857142857
1065,2942,0,0,5.609871815586472e-05,1,120,52,172,0.8900970364542355,0.2857142857142857
1066,3042,0,0,0.00928419625787373,1,120,52,172,0.8900970364542355,0.2857142857142857
1067,3054,0,0,0.00010270454593928184,1,120,52,172,0.8900970364542355,0.2857142857142857
1068,3182,0,0,2.4530892785643293e-05,1,120,52,172,0.8900970364542355,0.2857142857142857
1069,3259,0,0,4.372155327051958e-05,1,120,52,172,0.8933693693693694,0.2857142857142857
1070,3269,0,0,6.726458506010075e-05,1,120,52,172,0.8933693693693694,0.2857142857142857
1071,3321,0,0,0.0005512756210452025,1,120,52,172,0.8933693693693694,0.2857142857142857
1072,3334,0,0,1.26573831961136e-06,1,120,52,172,0.8933693693693694,0.2857142857142857
1073,3356,0,0,0.00011175734292018904,1,120,52,172,0.8933693693693694,0.2857142857142857
1074,3376,0,0,0.00045230959169893396,1,120,52,172,0.8933693693693694,0.2857142857142857
1075,3505,0,0,0.2556679458900718,1,120,52,172,0.8933693693693694,0.2857142857142857
1076,3632,0,0,8.688559959116768e-05,1,120,52,172,0.8933693693693694,0.2857142857142857
1077,3728,0,0,0.00016268805984356275,1,120,52,172,0.8933693693693694,0.2857142857142857
1078,3853,0,0,0.04908020841991314,1,120,52,172,0.8933693693693694,0.2857142857142857
1079,4038,0,0,0.0003318465260622333,1,120,52,172,0.8933693693693694,0.2857142857142857
1080,4184,0,0,0.0012069121020679722,1,120,52,172,0.8933693693693694,0.2857142857142857
1081,4266,0,0,6.584944507972905e-05,1,120,52,172,0.8933693693693694,0.2857142857142857
1082,4331,0,1,0.8584472335296374,1,120,53,173,0.8967387387387388,0.3076923076923077
1083,4350,0,0,4.101360959052797e-05,1,120,53,173,0.9033441769681199,0.3333333333333333
1084,4425,0,0,4.885168678313346e-05,1,120,53,173,0.9040184688710159,0.2727272727272727
1085,4453,0,0,2.383310509449114e-06,1,120,53,173,0.9040184688710159,0.2727272727272727
1086,4454,0,0,0.0002753076904722393,1,120,53,173,0.9040184688710159,0.2727272727272727
1087,4531,0,0,0.00018835006300328545,1,120,53,173,0.9040184688710159,0.2727272727272727
1088,4538,0,0,0.004033679605203788,1,120,53,173,0.9040184688710159,0.2727272727272727
1089,4562,0,0,0.00016348805496887124,1,120,53,173,0.9040184688710159,0.2727272727272727
1090,4597,0,1,0.6630638353824811,1,120,54,174,0.9008986175115209,0.2727272727272727
1091,4709,0,0,0.00041137207847855137,1,120,54,174,0.9008986175115209,0.2727272727272727
1092,4746,0,0,2.113999440975169e-05,1,120,54,174,0.9008986175115209,0.2727272727272727
1093,4786,0,0,5.894753339192449e-06,1,120,54,174,0.9008986175115209,0.2727272727272727
1094,217,1,0,1.3191896904110696e-07,1,121,54,175,0.8941388604888929,0.25
1095,489,1,0,0.13596960970273048,1,122,54,176,0.8873513513513513,0.23076923076923078
1096,553,1,0,0.17602631481498912,1,123,54,177,0.8805402570154734,0.21428571428571427
1097,583,1,0,0.002943035440170927,1,124,54,178,0.8737092391304349,0.2
1098,714,1,1,0.9951685452462032,1,124,54,178,0.8734683381549341,0.25
1099,1119,1,0,0.06318035123629179,1,125,54,179,0.866743639921722,0.23529411764705882
1100,1440,1,1,0.9974588213066132,1,125,54,179,0.8666383739111012,0.2777777777777778
1101,1844,1,0,0.000715787708803243,1,126,54,180,0.86,0.2631578947368421
1102,1881,1,0,0.037716315954763505,1,127,54,181,0.8533418566659564,0.25
1103,2064,1,1,0.9992631610604412,1,127,54,181,0.8534336571777975,0.2857142857142857
1104,2715,0,0,7.350714554618016e-05,1,127,54,181,0.8534336571777975,0.2857142857142857
1105,2783,0,0,0.0009860811215945575,1,127,54,181,0.8534336571777975,0.2857142857142857
1106,2834,0,0,0.000567306922001476,1,127,54,181,0.8534336571777975,0.2857142857142857
1107,2850,0,0,0.001209664809159796,1,127,54,181,0.8534336571777975,0.2857142857142857
1108,2858,0,0,0.42189963295057603,1,127,54,181,0.8534336571777975,0.2857142857142857
1109,2969,0,0,0.00597504070832324,1,127,54,181,0.8534336571777975,0.2857142857142857
1110,2985,0,0,0.2818171920014172,1,127,54,181,0.8534336571777975,0.2857142857142857
1111,3119,0,0,3.314792422061898e-05,1,127,54,181,0.86,0.3
1112,3123,0,0,8.520394028538459e-05,1,127,54,181,0.86,0.2631578947368421
1113,3134,0,0,7.813562820409911e-06,1,127,54,181,0.86,0.2631578947368421
1114,3212,0,0,4.993626775405337e-05,1,127,54,181,0.86,0.2631578947368421
1115,3284,0,0,3.2384163731595095e-05,1,127,54,181,0.86,0.2631578947368421
1116,3373,0,0,0.00044033000560839597,1,127,54,181,0.86,0.2631578947368421
1117,3445,0,0,2.700285210753085e-05,1,127,54,181,0.86,0.2631578947368421
1118,3512,0,0,0.037364855781876684,1,127,54,181,0.86,0.2631578947368421
1119,3937,0,0,4.547735292289278e-05,1,127,54,181,0.86,0.2631578947368421
1120,4017,0,0,0.005861326854101989,1,127,54,181,0.86,0.2631578947368421
1121,4183,0,0,1.8502717285602903e-05,1,127,54,181,0.86,0.2631578947368421
1122,4214,0,0,0.027320533107022652,1,127,54,181,0.86,0.2631578947368421
1123,4311,0,0,0.0009912385051514968,1,127,54,181,0.86,0.2631578947368421
1124,4372,0,0,6.545239508064887e-06,1,127,54,181,0.8633616260888988,0.2631578947368421
1125,4436,0,0,0.001097707679082838,1,127,54,181,0.8633616260888988,0.2631578947368421
1126,4519,0,0,0.0001742271883750739,1,127,54,181,0.8633616260888988,0.2631578947368421
1127,4554,0,0,0.0920455380043424,1,127,54,181,0.8667460317460318,0.2631578947368421
1128,4691,0,0,0.0024152002464811594,1,127,54,181,0.8667460317460318,0.2631578947368421
1129,4694,0,0,0.00028171072643817704,1,127,54,181,0.8667460317460318,0.2631578947368421
1130,4721,0,0,0.3670112531392887,1,127,54,181,0.8667460317460318,0.2631578947368421
1131,4931,0,0,5.08868417887837e-06,1,127,54,181,0.8667460317460318,0.2631578947368421
1132,4976,0,0,9.220553803874966e-06,1,127,54,181,0.870156555772994,0.2631578947368421
1133,157,1,0,0.017710385515333653,1,128,54,182,0.8634920634920634,0.25
1134,2533,0,0,0.0009155692491499291,1,128,54,182,0.8634920634920634,0.25
1135,2689,0,0,9.959355080698771e-05,1,128,54,182,0.8634920634920634,0.25
1136,2813,0,0,6.501156767822537e-05,1,128,54,182,0.8634920634920634,0.25
1137,2899,0,0,4.952865906443863e-06,1,128,54,182,0.8634920634920634,0.25
1138,2994,0,0,0.0006497143179150409,1,128,54,182,0.8634920634920634,0.25
1139,3096,0,0,0.0001126625929099236,1,128,54,182,0.8634920634920634,0.25
1140,3156,0,0,0.05167199645042234,1,128,54,182,0.8669275929549901,0.25
1141,3177,0,0,3.418503008830076e-05,1,128,54,182,0.8669275929549901,0.25
1142,3181,0,0,0.004273443067299764,1,128,54,182,0.8669275929549901,0.25
1143,3186,0,0,1.5206281543041508e-06,1,128,54,182,0.8669275929549901,0.25
1144,3353,0,0,6.763968183131016e-05,1,128,54,182,0.8669275929549901,0.25
1145,3430,0,1,0.8105894217363524,1,128,55,183,0.8634920634920634,0.25
1146,3499,0,0,0.0009416417385332843,1,128,55,183,0.8634920634920634,0.25
1147,3586,0,0,0.00012851357634024012,1,128,55,183,0.8634920634920634,0.25
1148,3604,0,0,3.528836158929032e-06,1,128,55,183,0.8634920634920634,0.25
1149,3623,0,0,0.023146834991418473,1,128,55,183,0.8634920634920634,0.25
1150,3644,0,0,0.0006208086060195578,1,128,55,183,0.8634920634920634,0.25
1151,3766,0,1,0.9973803699478744,1,128,56,184,0.8600848782666966,0.25
1152,3816,0,0,0.007886898140833085,1,128,56,184,0.8600848782666966,0.25
1153,3832,0,0,0.041581779106856204,1,128,56,184,0.8600848782666966,0.25
1154,3870,0,0,0.00010827538605812459,1,128,56,184,0.8667460317460318,0.2631578947368421
1155,3969,0,0,0.00026822984158280706,1,128,56,184,0.873385518590998,0.2777777777777778
1156,3984,0,0,0.0008163333810874356,1,128,56,184,0.873385518590998,0.2777777777777778
1157,4066,0,0,4.561255226448305e-05,1,128,56,184,0.873385518590998,0.2777777777777778
1158,4093,0,0,7.979508986149097e-05,1,128,56,184,0.873385518590998,0.2777777777777778
1159,4109,0,0,0.27457785134358953,1,128,56,184,0.873385518590998,0.2777777777777778
1160,4195,0,1,0.9728742025344355,1,128,57,185,0.87,0.2777777777777778
1161,4208,0,0,7.845903728781996e-05,1,128,57,185,0.87,0.2777777777777778
1162,4392,0,0,0.38414208469864336,1,128,57,185,0.87,0.2777777777777778
1163,4413,0,0,3.244299571141173e-05,1,128,57,185,0.87,0.2777777777777778
1164,4442,0,0,0.0007619948217903037,1,128,57,185,0.87,0.2777777777777778
1165,4470,0,0,7.215477389017615e-05,1,128,57,185,0.87,0.2777777777777778
1166,4658,0,0,0.014625838292992254,1,128,57,185,0.87,0.2777777777777778
1167,4662,0,0,0.004319862925466595,1,128,57,185,0.87,0.2777777777777778
1168,4799,0,0,1.0032723986848233e-05,1,128,57,185,0.87,0.2777777777777778
1169,4899,0,0,7.906170176919433e-05,1,128,57,185,0.87,0.2777777777777778
1170,4923,0,0,0.0028728248097654317,1,128,57,185,0.87,0.2777777777777778
1171,54,1,0,0.25042977548910134,1,129,57,186,0.8633616260888988,0.2631578947368421
1172,85,1,0,0.00047875021583002167,1,130,57,187,0.8567025298051759,0.25
1173,1629,1,0,0.055889427689018036,1,131,57,188,0.8500255699978692,0.23809523809523808
1174,2516,0,0,0.0003476834318454778,1,131,57,188,0.8500255699978692,0.23809523809523808
1175,2589,0,0,0.0013577515973132396,1,131,57,188,0.8500255699978692,0.23809523809523808
1176,2681,0,0,2.5971974407048715e-06,1,131,57,188,0.8500255699978692,0.23809523809523808
1177,2712,0,0,0.00011314287175832224,1,131,57,188,0.8500255699978692,0.23809523809523808
1178,2777,0,0,5.2954297728883934e-05,1,131,57,188,0.8500255699978692,0.23809523809523808
1179,2870,0,0,9.201975982842994e-05,1,131,57,188,0.8500255699978692,0.23809523809523808
1180,2924,0,0,1.2433247438062514e-06,1,131,57,188,0.8500255699978692,0.23809523809523808
1181,2986,0,0,0.0002381477434740415,1,131,57,188,0.8500255699978692,0.23809523809523808
1182,3014,0,0,1.3565116889229398e-05,1,131,57,188,0.8500255699978692,0.23809523809523808
1183,3377,0,0,0.00023331956027720726,1,131,57,188,0.8500255699978692,0.23809523809523808
1184,3420,0,0,0.054328209876794896,1,131,57,188,0.8500255699978692,0.23809523809523808
1185,3472,0,0,0.0004543218916442676,1,131,57,188,0.8500255699978692,0.23809523809523808
1186,3491,0,0,2.6627269327739084e-05,1,131,57,188,0.8500255699978692,0.23809523809523808
1187,3517,0,0,0.002563642881886922,1,131,57,188,0.8500255699978692,0.23809523809523808
1188,3662,0,0,0.000621069450985073,1,131,57,188,0.8500255699978692,0.23809523809523808
1189,3674,0,0,0.0006340794053071568,1,131,57,188,0.8500255699978692,0.23809523809523808
1190,3731,0,0,0.0006224240199796174,1,131,57,188,0.8500255699978692,0.23809523809523808
1191,3807,0,0,0.00016069070425351548,1,131,57,188,0.8500255699978692,0.23809523809523808
1192,3813,0,0,0.010432538108190583,1,131,57,188,0.8500255699978692,0.23809523809523808
1193,3862,0,0,0.0006791379119025314,1,131,57,188,0.8500255699978692,0.23809523809523808
1194,4028,0,0,0.0017373995913060657,1,131,57,188,0.8534050596103517,0.23809523809523808
1195,4059,0,0,0.00010816240334405034,1,131,57,188,0.8534050596103517,0.23809523809523808
1196,4213,0,0,7.328377214485931e-07,1,131,57,188,0.8568081304444941,0.23809523809523808
1197,4272,0,0,0.008205716841906435,1,131,57,188,0.8568081304444941,0.23809523809523808
1198,4298,0,0,7.336316353974203e-05,1,131,57,188,0.8568081304444941,0.23809523809523808
1199,4378,0,0,0.06077166819794051,1,131,57,188,0.8602380952380954,0.23809523809523808
1200,4595,0,0,0.0008752046999826811,1,131,57,188,0.8602380952380954,0.23809523809523808
1201,4654,0,0,0.006020466725235723,1,131,57,188,0.8602380952380954,0.23809523809523808
1202,4664,0,0,9.915664990928003e-06,1,131,57,188,0.8636986301369862,0.23809523809523808
1203,4761,0,0,0.00047662013009659206,1,131,57,188,0.8636986301369862,0.23809523809523808
1204,4782,0,0,0.0003186824096138447,1,131,57,188,0.8636986301369862,0.23809523809523808
1205,4832,0,0,0.0003204027326883239,1,131,57,188,0.8636986301369862,0.23809523809523808
1206,2014,1,0,3.271745227750846e-05,1,132,57,189,0.856984126984127,0.22727272727272727
1207,2244,1,1,0.9968487347749888,1,132,57,189,0.857752253562082,0.2608695652173913
1208,2611,0,0,0.02712302491426747,1,132,57,189,0.857752253562082,0.2608695652173913
1209,2671,0,0,0.0059580887324829634,1,132,57,189,0.857752253562082,0.2608695652173913
1210,2828,0,0,0.00017547045812104156,1,132,57,189,0.857752253562082,0.2608695652173913
1211,2971,0,0,0.00011048415120263302,1,132,57,189,0.857752253562082,0.2608695652173913
1212,3009,0,0,0.0007576433886627865,1,132,57,189,0.8613468840741568,0.2608695652173913
1213,3203,0,0,6.673612581358236e-05,1,132,57,189,0.8649816849816849,0.2608695652173913
1214,3272,0,0,3.0917997321609207e-06,1,132,57,189,0.8649816849816849,0.2608695652173913
1215,3358,0,0,0.001345926458984161,1,132,57,189,0.8649816849816849,0.2608695652173913
1216,3391,0,0,0.0015116561181844138,1,132,57,189,0.8649816849816849,0.2608695652173913
1217,3476,0,0,0.0006943364747741291,1,132,57,189,0.8639922854387657,0.22727272727272727
1218,3585,0,0,0.0008082044018137667,1,132,57,189,0.8639922854387657,0.22727272727272727
1219,3693,0,0,0.001373440903829771,1,132,57,189,0.8639922854387657,0.22727272727272727
1220,3741,0,0,1.7552067768656877e-06,1,132,57,189,0.8639922854387657,0.22727272727272727
1221,3910,0,0,7.410209956990046e-06,1,132,57,189,0.8639922854387657,0.22727272727272727
1222,4132,0,0,0.0014174365655320639,1,132,57,189,0.86755676657584,0.22727272727272727
1223,4257,0,1,0.9983207869407076,1,132,58,190,0.8639922854387657,0.22727272727272727
1224,4269,0,0,0.014386185985534561,1,132,58,190,0.8639922854387657,0.22727272727272727
1225,4386,0,0,4.598013098342984e-05,1,132,58,190,0.8639922854387657,0.22727272727272727
1226,4395,0,0,0.0010155500812891452,1,132,58,190,0.8639922854387657,0.22727272727272727
1227,4465,0,0,0.23535923434128134,1,132,58,190,0.8639922854387657,0.22727272727272727
1228,4469,0,0,0.0019659757431741156,1,132,58,190,0.86755676657584,0.22727272727272727
1229,4609,0,0,0.0011548209764868594,1,132,58,190,0.86755676657584,0.22727272727272727
1230,4663,0,0,0.00016910615379585838,1,132,58,190,0.86755676657584,0.22727272727272727
1231,4678,0,0,0.00024405897343882059,1,132,58,190,0.86755676657584,0.22727272727272727
1232,4929,0,0,1.7958029277104408e-07,1,132,58,190,0.86755676657584,0.22727272727272727
1233,4934,0,0,3.0263152592413118e-06,1,132,58,190,0.86755676657584,0.22727272727272727
1234,4941,0,0,2.316908673216556e-06,1,132,58,190,0.86755676657584,0.22727272727272727
1235,4952,0,0,6.744059664120019e-06,1,132,58,190,0.86755676657584,0.22727272727272727
1236,4954,0,0,0.0005156402544286376,1,132,58,190,0.86755676657584,0.22727272727272727
1237,4979,0,0,0.3776841203750942,1,132,58,190,0.86755676657584,0.22727272727272727
1238,1088,1,0,0.015248020002140329,1,133,58,191,0.8607907425265188,0.21739130434782608
1239,2252,1,0,0.008291647970894742,1,134,58,192,0.8540117416829746,0.20833333333333334
1240,2513,0,0,1.4046984149443518e-05,1,134,58,192,0.8540117416829746,0.20833333333333334
1241,2620,0,0,0.0009139141709535856,1,134,58,192,0.8540117416829746,0.20833333333333334
1242,2651,0,0,0.00021229889736359506,1,134,58,192,0.8540117416829746,0.20833333333333334
1243,2654,0,0,0.011389488380495983,1,134,58,192,0.8540117416829746,0.20833333333333334
1244,2684,0,0,0.0016866411388850408,1,134,58,192,0.8540117416829746,0.20833333333333334
1245,2696,0,0,0.000559164451620504,1,134,58,192,0.8540117416829746,0.20833333333333334
1246,2703,0,0,8.081792354774485e-05,1,134,58,192,0.8540117416829746,0.20833333333333334
1247,2871,0,0,0.000794154309047305,1,134,58,192,0.8540117416829746,0.20833333333333334
1248,2895,0,0,0.0002713699613786437,1,134,58,192,0.8540117416829746,0.20833333333333334
1249,2918,0,0,0.000659742788808261,1,134,58,192,0.8540117416829746,0.20833333333333334
1250,2921,0,0,0.00011630673349311874,1,134,58,192,0.8540117416829746,0.20833333333333334
1251,2929,0,0,0.0018785217072636391,1,134,58,192,0.8540117416829746,0.20833333333333334
1252,3072,0,0,0.14720496430106075,1,134,58,192,0.8607907425265188,0.21739130434782608
1253,3084,0,0,0.0007465901632989374,1,134,58,192,0.86755676657584,0.22727272727272727
1254,3104,0,0,0.0004329483685396753,1,134,58,192,0.8743070652173912,0.23809523809523808
1255,3172,0,0,7.36808917291288e-06,1,134,58,192,0.881038552321007,0.25
1256,3211,0,0,0.0017736752293758089,1,134,58,192,0.8799804814573845,0.21052631578947367
1257,3214,0,0,0.00011677055440904842,1,134,58,192,0.88678955453149,0.2222222222222222
1258,3224,0,1,0.8228351984723535,1,134,59,193,0.8833181522446324,0.2222222222222222
1259,3276,0,0,0.00012065433425518851,1,134,59,193,0.8833181522446324,0.2222222222222222
1260,3322,0,0,0.0002016816645056977,1,134,59,193,0.8833181522446324,0.2222222222222222
1261,3337,0,0,0.07935467919237263,1,134,59,193,0.8833181522446324,0.2222222222222222
1262,3402,0,0,0.0008271119984463089,1,134,59,193,0.8833181522446324,0.2222222222222222
1263,3406,0,0,0.0004015828025465957,1,134,59,193,0.8833181522446324,0.2222222222222222
1264,3460,0,0,0.00021859079412021997,1,134,59,193,0.8833181522446324,0.2222222222222222
1265,3479,0,1,0.9966210182512866,1,134,60,194,0.8798918918918921,0.2222222222222222
1266,3496,0,0,6.422782843133901e-05,1,134,60,194,0.8798918918918921,0.2222222222222222
1267,3736,0,0,0.00019292361316553504,1,134,60,194,0.8798918918918921,0.2222222222222222
1268,3804,0,1,0.664587226055612,1,134,61,195,0.8765049392429408,0.2222222222222222
1269,3811,0,0,0.009843855194112667,1,134,61,195,0.8765049392429408,0.2222222222222222
1270,3835,0,0,0.0002165229788953351,1,134,61,195,0.8765049392429408,0.2222222222222222
1271,3906,0,0,0.0005988092194894977,1,134,61,195,0.8765049392429408,0.2222222222222222
1272,3932,0,0,0.00019552866558545176,1,134,61,195,0.8765049392429408,0.2222222222222222
1273,3944,0,0,0.0003501854606340425,1,134,61,195,0.8765049392429408,0.2222222222222222
1274,3975,0,0,6.429397914545951e-05,1,134,61,195,0.8765049392429408,0.2222222222222222
1275,4041,0,0,0.07604426450152971,1,134,61,195,0.8765049392429408,0.2222222222222222
1276,4096,0,0,0.0006123095744491511,1,134,61,195,0.8765049392429408,0.2222222222222222
1277,4154,0,0,0.0021796929898579643,1,134,61,195,0.8765049392429408,0.2222222222222222
1278,4207,0,0,0.00010047328321806257,1,134,61,195,0.8765049392429408,0.2222222222222222
1279,4218,0,0,0.0012376026498061325,1,134,61,195,0.8765049392429408,0.2222222222222222
1280,4258,0,0,0.00029933337691355423,1,134,61,195,0.8765049392429408,0.2222222222222222
1281,4316,0,0,0.03126860157014082,1,134,61,195,0.8765049392429408,0.2222222222222222
1282,4338,0,0,0.010502418413255847,1,134,61,195,0.8798918918918921,0.2222222222222222
1283,4360,0,0,0.00035477587475239605,1,134,61,195,0.8798918918918921,0.2222222222222222
1284,4427,0,0,0.00027634933452292515,1,134,61,195,0.8798918918918921,0.2222222222222222
1285,4483,0,0,0.005901578990642821,1,134,61,195,0.8798918918918921,0.2222222222222222
1286,4542,0,0,8.790698287000871e-05,1,134,61,195,0.8798918918918921,0.2222222222222222
1287,4553,0,0,0.001236595922141052,1,134,61,195,0.8798918918918921,0.2222222222222222
1288,4607,0,0,0.0009454116130636547,1,134,61,195,0.8798918918918921,0.2222222222222222
1289,4628,0,0,0.001349637337818856,1,134,61,195,0.8798918918918921,0.2222222222222222
1290,4667,0,0,0.0002742097472304055,1,134,61,195,0.8833181522446324,0.2222222222222222
1291,4789,0,0,0.31730170225154025,1,134,61,195,0.8833181522446324,0.2222222222222222
1292,4794,0,0,0.0023630902036999002,1,134,61,195,0.8833181522446324,0.2222222222222222
1293,4822,0,0,0.0035501617684667477,1,134,61,195,0.8833181522446324,0.2222222222222222
1294,4837,0,0,0.000621487862183679,1,134,61,195,0.8900921658986175,0.23529411764705882
1295,4894,0,0,0.0002506771903779114,1,134,61,195,0.8968404329262237,0.25
1296,130,1,0,0.003954632609005286,1,135,61,196,0.8968404329262237,0.25
1297,347,1,0,0.0021519523623065684,1,136,61,197,0.8968404329262237,0.25
1298,2486,1,1,0.9983893764354528,1,136,61,197,0.8968404329262237,0.25
1299,2530,0,0,0.0001556484433504715,1,136,61,197,0.9035582064993829,0.26666666666666666
1300,2531,0,0,0.0012386040975877286,1,136,61,197,0.9029787234042552,0.21428571428571427
1301,2572,0,0,6.130777040756708e-06,1,136,61,197,0.9097947180256025,0.23076923076923078
1302,2641,0,0,0.00015965430720788488,1,136,61,197,0.9165752765752767,0.25
1303,2663,0,0,0.04269731904216623,1,136,61,197,0.9162105263157894,0.18181818181818182
1304,2714,0,0,1.718163251003506e-05,1,136,61,197,0.9162105263157894,0.18181818181818182
1305,2747,0,0,4.3619560093920975e-07,1,136,61,197,0.9162105263157894,0.18181818181818182
1306,2852,0,0,2.6368308319544685e-05,1,136,61,197,0.9162105263157894,0.18181818181818182
1307,2862,0,0,0.0001855835417712492,1,136,61,197,0.9162105263157894,0.18181818181818182
1308,2916,0,0,0.0002615002071550003,1,136,61,197,0.9162105263157894,0.18181818181818182
1309,2937,0,0,7.541434972000356e-05,1,136,61,197,0.9162105263157894,0.18181818181818182
1310,3017,0,0,1.4574749416563777e-05,1,136,61,197,0.9162105263157894,0.18181818181818182
1311,3125,0,0,0.0005123999572533887,1,136,61,197,0.9162105263157894,0.18181818181818182
1312,3138,0,0,1.1721224778786913e-05,1,136,61,197,0.9162105263157894,0.18181818181818182
1313,3201,0,0,0.0001403775938585927,1,136,61,197,0.9162105263157894,0.18181818181818182
1314,3216,0,0,0.0005132582968774703,1,136,61,197,0.9162105263157894,0.18181818181818182
1315,3412,0,0,3.191051357583825e-06,1,136,61,197,0.9162105263157894,0.18181818181818182
1316,3418,0,0,8.387803485895616e-05,1,136,61,197,0.9162105263157894,0.18181818181818182
1317,3424,0,0,0.004326637135863373,1,136,61,197,0.9162105263157894,0.18181818181818182
1318,3425,0,1,0.8466333830753893,1,136,62,198,0.9130883276793569,0.18181818181818182
1319,3535,0,1,0.9594859238955049,1,136,63,199,0.91,0.18181818181818182
1320,3549,0,0,0.0008591230594113389,1,136,63,199,0.91,0.18181818181818182
1321,3561,0,0,2.032628993467289e-06,1,136,63,199,0.91,0.18181818181818182
1322,3638,0,0,0.005902750101145252,1,136,63,199,0.91,0.18181818181818182
1323,3656,0,0,0.0004949900173173825,1,136,63,199,0.91,0.18181818181818182
1324,3721,0,0,0.0003830039903690165,1,136,63,199,0.91,0.18181818181818182
1325,3740,0,0,0.0001791046626228373,1,136,63,199,0.91,0.18181818181818182
1326,3802,0,0,0.0005672685149373021,1,136,63,199,0.91,0.18181818181818182
1327,3808,0,0,0.00024517524886015594,1,136,63,199,0.91,0.18181818181818182
1328,3885,0,0,3.6808482020323974e-06,1,136,63,199,0.91,0.18181818181818182
1329,3891,0,0,0.0005178808196920606,1,136,63,199,0.91,0.18181818181818182
1330,3947,0,0,0.00010781555776923826,1,136,63,199,0.91,0.18181818181818182
1331,3959,0,0,0.0002390698956132788,1,136,63,199,0.91,0.18181818181818182
1332,3985,0,0,0.0043760218967327956,1,136,63,199,0.91,0.18181818181818182
1333,3987,0,1,0.8200141455119192,1,136,64,200,0.9138528138528137,0.2
1334,4000,0,0,0.0010229160879030568,1,136,64,200,0.9138528138528137,0.2
1335,4018,0,0,0.0001634571082552265,1,136,64,200,0.9138528138528137,0.2
1336,4042,0,0,0.00025746079462077846,1,136,64,200,0.9138528138528137,0.2
1337,4054,0,0,0.00863851881180966,1,136,64,200,0.9138528138528137,0.2
1338,4105,0,0,0.0009610096433787576,1,136,64,200,0.9138528138528137,0.2
1339,4216,0,0,3.680891769051873e-05,1,136,64,200,0.9138528138528137,0.2
1340,4220,0,0,0.00098201181742236,1,136,64,200,0.9138528138528137,0.2
1341,4286,0,0,1.0070213127584481e-05,1,136,64,200,0.9138528138528137,0.2
1342,4330,0,1,0.507425776525746,1,136,65,201,0.9108176680890323,0.2
1343,4332,0,0,3.3097238700013794e-05,1,136,65,201,0.9108176680890323,0.2
1344,4342,0,0,0.0029632344826303536,1,136,65,201,0.9108176680890323,0.2
1345,4357,0,0,4.319657944774166e-07,1,136,65,201,0.9138528138528137,0.2
1346,4398,0,0,0.0004449921458599445,1,136,65,201,0.9138528138528137,0.2
1347,4433,0,0,0.00017128534273811499,1,136,65,201,0.9138528138528137,0.2
1348,4435,0,0,0.0005392751193945497,1,136,65,201,0.9138528138528137,0.2
1349,4463,0,0,1.1091000270239503e-05,1,136,65,201,0.9138528138528137,0.2
1350,4545,0,0,4.133075948502941e-05,1,136,65,201,0.9138528138528137,0.2
1351,4565,0,0,0.00016128754738859146,1,136,65,201,0.9169116723206433,0.2
1352,4571,0,0,0.00018607857893287406,1,136,65,201,0.9169116723206433,0.2
1353,4593,0,0,2.9953127150614716e-05,1,136,65,201,0.9169116723206433,0.2
1354,4610,0,0,0.001472206798467262,1,136,65,201,0.9169116723206433,0.2
1355,4618,0,0,2.6507230586636125e-05,1,136,65,201,0.9169116723206433,0.2
1356,4638,0,0,8.632815707640279e-05,1,136,65,201,0.9169116723206433,0.2
1357,4646,0,0,0.001840306458402617,1,136,65,201,0.9169116723206433,0.2
1358,4826,0,0,0.0008957348595401103,1,136,65,201,0.9169116723206433,0.2
1359,4857,0,0,0.00010615337489972308,1,136,65,201,0.9169116723206433,0.2
1360,4933,0,0,0.002693645486210189,1,136,65,201,0.92,0.2
1361,4992,0,0,0.0005321537320148238,1,136,65,201,0.92,0.2
1362,10,1,0,0.00010041039644981792,1,137,65,202,0.9130883276793569,0.18181818181818182
1363,23,1,0,0.0002897537896916818,1,138,65,203,0.9061471861471861,0.16666666666666666
1364,182,1,1,0.9944319548912326,1,138,65,203,0.9064893617021277,0.23076923076923078
1365,211,1,0,0.002315010966926632,1,139,65,204,0.89968,0.21428571428571427
1366,238,1,0,0.0011917771856423817,1,140,65,205,0.892842451665981,0.2
1367,251,1,0,0.002209964642599782,1,141,65,206,0.8859815311289841,0.1875
1368,283,1,1,0.9879708089325295,1,141,65,206,0.8866558230318802,0.23529411764705882
1369,289,1,1,0.972934201035787,1,141,65,206,0.8872436401783373,0.2777777777777778
1370,349,1,1,0.9584121704918466,1,141,65,206,0.8877607134010403,0.3157894736842105
1371,394,1,1,0.6402594193331341,1,141,65,206,0.8946640951462552,0.3684210526315789
1372,427,1,1,0.9995722034601221,1,141,65,206,0.9013189823874755,0.42105263157894735
1373,460,1,1,0.9787407625015306,1,141,65,206,0.9077472527472527,0.47368421052631576
1374,463,1,0,0.3113787405981284,1,142,65,207,0.9015412106321198,0.45
1375,570,1,0,0.000577132083323239,1,143,65,208,0.8952893282931085,0.42857142857142855
1376,596,1,0,0.01196151395825163,1,144,65,209,0.8889963775836353,0.4090909090909091
1377,626,1,0,1.1068450046529769e-05,1,145,65,210,0.8826666666666667,0.391304347826087
1378,628,1,0,0.07462832863555556,1,146,65,211,0.8763040967457028,0.375
1379,663,1,1,0.7350459275679463,1,146,65,211,0.8767669858641131,0.4
1380,861,1,1,0.7571933635258377,1,146,65,211,0.8771893583724569,0.4230769230769231
1381,924,1,0,0.05276860337450916,1,147,65,212,0.8709211495946941,0.4074074074074074
1382,963,1,1,0.997079700335724,1,147,65,212,0.8713636363636362,0.42857142857142855
1383,977,1,0,0.0008005092656516779,1,148,65,213,0.8651229722658295,0.41379310344827586
1384,1075,1,0,0.24755360062737503,1,149,65,214,0.8588571428571429,0.4
1385,1113,1,0,2.076794865562039e-05,1,150,65,215,0.852568683633912,0.3870967741935484
1386,1198,1,0,0.001076251267490489,1,151,65,216,0.8462599469496022,0.375
1387,1237,1,0,2.6018335986158773e-05,1,152,65,217,0.8399331194606057,0.36363636363636365
1388,1281,1,1,0.9999363424900385,1,152,65,217,0.8405955204216073,0.38235294117647056
1389,1293,1,0,0.0039000201299883037,1,153,65,218,0.8343023255813954,0.37142857142857144
1390,1642,1,1,0.997311922653547,1,153,65,218,0.8349667271627343,0.3888888888888889
1391,1656,1,0,0.028748391949873928,1,154,65,219,0.8287057010785824,0.3783783783783784
1392,1797,1,0,0.34920155267063707,1,155,65,220,0.8224313725490197,0.3684210526315789
1393,1861,1,0,0.0007306487174472442,1,156,65,221,0.8161453648629043,0.358974358974359
1394,1874,1,1,0.9992594733928286,1,156,65,221,0.8168998163063443,0.375
1395,1882,1,0,2.2353217757217356e-07,1,157,65,222,0.8106473214285714,0.36585365853658536
1396,1966,1,0,0.06331939062006266,1,158,65,223,0.8043857634902412,0.35714285714285715
1397,1989,1,0,0.020350812526493504,1,159,65,224,0.7981164942841589,0.3488372093023256
1398,2065,1,0,4.585751449796241e-06,1,160,65,225,0.7918407960199005,0.3409090909090909
1399,2071,1,1,0.9922859437742985,1,160,65,225,0.7927164061473796,0.35555555555555557
1400,2225,1,0,0.0003563329158197493,1,161,65,226,0.7864761904761906,0.34782608695652173
1401,2231,1,1,0.9999206183963519,1,161,65,226,0.7873441734417344,0.3617021276595745
1402,2387,1,0,0.0016199552343928478,1,162,65,227,0.7811386200829458,0.3541666666666667
1403,2504,0,0,0.0003192601848666644,1,162,65,227,0.7811386200829458,0.3541666666666667
1404,2505,0,0,0.0035630780605986163,1,162,65,227,0.7811386200829458,0.3541666666666667
1405,2508,0,0,0.0004561981190107379,1,162,65,227,0.7811386200829458,0.3541666666666667
1406,2521,0,0,3.232914112801948e-06,1,162,65,227,0.7873441734417344,0.3617021276595745
1407,2526,0,0,0.00022020689709516752,1,162,65,227,0.7864761904761906,0.34782608695652173
1408,2539,0,0,0.00015925728074427892,1,162,65,227,0.7864761904761906,0.34782608695652173
1409,2555,0,0,0.0001840585231071597,1,162,65,227,0.7864761904761906,0.34782608695652173
1410,2561,0,0,1.618785657203573e-05,1,162,65,227,0.7864761904761906,0.34782608695652173
1411,2567,0,0,5.0327080226757984e-05,1,162,65,227,0.7864761904761906,0.34782608695652173
1412,2584,0,1,0.5538094885518201,1,162,66,228,0.7823853760863051,0.34782608695652173
1413,2608,0,0,0.00017853481897337105,1,162,66,228,0.7823853760863051,0.34782608695652173
1414,2647,0,0,9.553419946064732e-05,1,162,66,228,0.7823853760863051,0.34782608695652173
1415,2652,0,0,0.006179273180267086,1,162,66,228,0.7823853760863051,0.34782608695652173
1416,2653,0,0,1.5562097516601922e-06,1,162,66,228,0.7823853760863051,0.34782608695652173
1417,2674,0,0,9.99599287096629e-05,1,162,66,228,0.7823853760863051,0.34782608695652173
1418,2727,0,0,1.0736557739663614e-05,1,162,66,228,0.7823853760863051,0.34782608695652173
1419,2798,0,0,0.0006692232274090777,1,162,66,228,0.7823853760863051,0.34782608695652173
1420,2840,0,0,0.00037373895503943,1,162,66,228,0.7823853760863051,0.34782608695652173
1421,2865,0,0,8.618476987568297e-05,1,162,66,228,0.7823853760863051,0.34782608695652173
1422,2897,0,0,0.00010303666125701675,1,162,66,228,0.7823853760863051,0.34782608695652173
1423,3000,0,0,0.001215814697987345,1,162,66,228,0.7864761904761906,0.34782608695652173
1424,3038,0,0,0.0004348673160897999,1,162,66,228,0.7864761904761906,0.34782608695652173
1425,3074,0,0,0.00019234826787097877,1,162,66,228,0.7864761904761906,0.34782608695652173
1426,3083,0,0,0.0012433840555843702,1,162,66,228,0.7864761904761906,0.34782608695652173
1427,3089,0,0,0.04493940268610892,1,162,66,228,0.7864761904761906,0.34782608695652173
1428,3091,0,0,0.0001244543230313457,1,162,66,228,0.7864761904761906,0.34782608695652173
1429,3131,0,0,9.255501931086757e-05,1,162,66,228,0.7864761904761906,0.34782608695652173
1430,3164,0,0,0.32976752930408704,1,162,66,228,0.7864761904761906,0.34782608695652173
1431,3219,0,0,0.0002792068549713095,1,162,66,228,0.7864761904761906,0.34782608695652173
1432,3249,0,0,7.189727343735205e-05,1,162,66,228,0.7864761904761906,0.34782608695652173
1433,3310,0,0,0.00011096042853143794,1,162,66,228,0.7864761904761906,0.34782608695652173
1434,3318,0,0,3.1187181574807386e-06,1,162,66,228,0.7864761904761906,0.34782608695652173
1435,3335,0,0,0.0001695400521610551,1,162,66,228,0.7864761904761906,0.34782608695652173
1436,3354,0,0,0.0002467650069024305,1,162,66,228,0.7864761904761906,0.34782608695652173
1437,3409,0,0,0.001010534196446173,1,162,66,228,0.7864761904761906,0.34782608695652173
1438,3469,0,0,0.49232210107976293,1,162,66,228,0.7927164061473796,0.35555555555555557
1439,3501,0,0,5.837643004094585e-06,1,162,66,228,0.798951098511694,0.36363636363636365
1440,3508,0,0,5.633926471406251e-06,1,162,66,228,0.798951098511694,0.36363636363636365
1441,3521,0,0,0.0001764217305949635,1,162,66,228,0.798951098511694,0.36363636363636365
1442,3523,0,0,3.1390707978929045e-05,1,162,66,228,0.798951098511694,0.36363636363636365
1443,3538,0,1,0.6377026690547984,1,162,67,229,0.7948386531809625,0.36363636363636365
1444,3546,0,0,0.0003509149950479095,1,162,67,229,0.7948386531809625,0.36363636363636365
1445,3567,0,0,0.0016232910867086917,1,162,67,229,0.7948386531809625,0.36363636363636365
1446,3575,0,0,0.015083198582655428,1,162,67,229,0.7948386531809625,0.36363636363636365
1447,3610,0,0,5.697892263170549e-06,1,162,67,229,0.7948386531809625,0.36363636363636365
1448,3689,0,0,0.00625885910686219,1,162,67,229,0.7948386531809625,0.36363636363636365
1449,3691,0,0,0.00017385105571752425,1,162,67,229,0.7948386531809625,0.36363636363636365
1450,3727,0,0,0.06070043949108456,1,162,67,229,0.7948386531809625,0.36363636363636365
1451,3751,0,0,0.00011393088611496115,1,162,67,229,0.7948386531809625,0.36363636363636365
1452,3755,0,0,0.0007690028592873677,1,162,67,229,0.7948386531809625,0.36363636363636365
1453,3784,0,0,5.059785378505604e-06,1,162,67,229,0.7948386531809625,0.36363636363636365
1454,3907,0,0,0.02025306743784203,1,162,67,229,0.7948386531809625,0.36363636363636365
1455,3931,0,0,0.0014901185011230778,1,162,67,229,0.7948386531809625,0.36363636363636365
1456,3935,0,0,0.09564532237819479,1,162,67,229,0.7948386531809625,0.36363636363636365
1457,3938,0,1,0.7893439580969708,1,162,68,230,0.7907532467532468,0.36363636363636365
1458,3953,0,0,0.0015392075885782383,1,162,68,230,0.7948386531809625,0.36363636363636365
1459,3992,0,0,0.00011489325252972326,1,162,68,230,0.7948386531809625,0.36363636363636365
1460,4044,0,0,2.9144839383358873e-06,1,162,68,230,0.7948386531809625,0.36363636363636365
1461,4123,0,0,0.00026094212515096447,1,162,68,230,0.7948386531809625,0.36363636363636365
1462,4142,0,0,0.0004661128688851984,1,162,68,230,0.7948386531809625,0.36363636363636365
1463,4148,0,0,0.0009240507957331073,1,162,68,230,0.7948386531809625,0.36363636363636365
1464,4159,0,0,0.0006057858678726408,1,162,68,230,0.7948386531809625,0.36363636363636365
1465,4167,0,0,0.0003118387044891384,1,162,68,230,0.798951098511694,0.36363636363636365
1466,4178,0,0,0.0002443086822716282,1,162,68,230,0.798951098511694,0.36363636363636365
1467,4199,0,0,1.4099483351116613e-05,1,162,68,230,0.798951098511694,0.36363636363636365
1468,4200,0,0,8.684259400710645e-05,1,162,68,230,0.8030926448836897,0.36363636363636365
1469,4217,0,0,0.0011046817269840235,1,162,68,230,0.8030926448836897,0.36363636363636365
1470,4355,0,0,0.006870985849145366,1,162,68,230,0.8030926448836897,0.36363636363636365
1471,4370,0,0,0.0007359256149140986,1,162,68,230,0.8030926448836897,0.36363636363636365
1472,4396,0,0,0.005670761168932926,1,162,68,230,0.8030926448836897,0.36363636363636365
1473,4426,0,0,0.00016270287330306474,1,162,68,230,0.8030926448836897,0.36363636363636365
1474,4428,0,0,0.001487671996727712,1,162,68,230,0.8030926448836897,0.36363636363636365
1475,4455,0,0,0.19873166165003098,1,162,68,230,0.8030926448836897,0.36363636363636365
1476,4462,0,0,0.0005558398587286464,1,162,68,230,0.8030926448836897,0.36363636363636365
1477,4478,0,0,0.00023978576935400307,1,162,68,230,0.8030926448836897,0.36363636363636365
1478,4505,0,0,9.28502621579981e-05,1,162,68,230,0.8030926448836897,0.36363636363636365
1479,4513,0,0,5.2742676159437e-05,1,162,68,230,0.8030926448836897,0.36363636363636365
1480,4533,0,1,0.9820130763847449,1,162,69,231,0.798951098511694,0.36363636363636365
1481,4567,0,0,0.0006173459873971441,1,162,69,231,0.798951098511694,0.36363636363636365
1482,4636,0,0,0.0014832555138733796,1,162,69,231,0.798951098511694,0.36363636363636365
1483,4657,0,0,4.7385010688652154e-05,1,162,69,231,0.798951098511694,0.36363636363636365
1484,4692,0,0,0.12740580055630185,1,162,69,231,0.798951098511694,0.36363636363636365
1485,4705,0,0,5.061022061910603e-05,1,162,69,231,0.798951098511694,0.36363636363636365
1486,4781,0,0,0.0007029744634693329,1,162,69,231,0.798951098511694,0.36363636363636365
1487,4820,0,0,0.0035561383765336605,1,162,69,231,0.798951098511694,0.36363636363636365
1488,4856,0,0,0.012096353949575013,1,162,69,231,0.798951098511694,0.36363636363636365
1489,4875,0,1,0.5037386956441671,1,162,70,232,0.7948386531809625,0.36363636363636365
1490,4880,0,0,4.5395373818523155e-05,1,162,70,232,0.7948386531809625,0.36363636363636365
1491,4908,0,0,4.114395849075043e-06,1,162,70,232,0.7948386531809625,0.36363636363636365
1492,4921,0,0,4.275325528521545e-06,1,162,70,232,0.7948386531809625,0.36363636363636365
1493,48,1,0,0.00023638745600766992,1,163,70,233,0.7886147186147187,0.35555555555555557
1494,181,1,0,0.1544911582319304,1,164,70,234,0.7823853760863051,0.34782608695652173
1495,242,1,0,5.655360127199149e-05,1,165,70,235,0.7761517615176152,0.3404255319148936
1496,285,1,1,0.999849666845923,1,165,70,235,0.7832135226844288,0.3617021276595745
1497,386,1,1,0.9977096477981036,1,165,70,235,0.7901525451832201,0.3829787234042553
1498,475,1,0,0.04454943268877908,1,166,70,236,0.7832135226844288,0.3617021276595745
1499,523,1,1,0.9958567117573274,1,166,70,236,0.7839999999999999,0.375
1500,534,1,1,0.9964645113675339,1,166,70,236,0.7847481001970167,0.3877551020408163
1501,536,1,0,0.00011580569747060434,1,167,70,237,0.7786271699315178,0.38
1502,542,1,1,0.9902131811315796,1,167,70,237,0.779375,0.39215686274509803
1503,559,1,1,0.5548156453541061,1,167,70,237,0.7800889707010278,0.40384615384615385
1504,560,1,1,0.9997006550206005,1,167,70,237,0.7807715491259795,0.41509433962264153
1505,580,1,0,0.019114559586225977,1,168,70,238,0.77474883286648,0.4074074074074074
1506,598,1,1,0.9998917070860036,1,168,70,238,0.7754342477323638,0.41818181818181815
1507,625,1,1,0.9966718099541032,1,168,70,238,0.7760916218071462,0.42857142857142855
1508,742,1,0,0.029354040530293352,1,169,70,239,0.7701290322580645,0.42105263157894735
1509,798,1,0,0.41091093485117,1,170,70,240,0.7641644439702692,0.41379310344827586
1510,821,1,0,0.08811432938541705,1,171,70,241,0.758198757763975,0.4067796610169492
1511,830,1,1,0.9619195929795106,1,171,70,241,0.7589208733138645,0.4166666666666667
1512,843,1,1,0.9981313087715948,1,171,70,241,0.7596162280701755,0.4262295081967213
1513,860,1,0,0.10984534621319464,1,172,70,242,0.7537103194855567,0.41935483870967744
1514,905,1,1,0.9979421095274021,1,172,70,242,0.7544095439444277,0.42857142857142855
1515,967,1,0,0.17396601135504416,1,173,70,243,0.7485333333333334,0.421875
1516,1000,1,1,0.9897927030212768,1,173,70,243,0.7492367416765364,0.4307692307692308
1517,1114,1,0,0.04048130048163865,1,174,70,244,0.7433905397012194,0.42424242424242425
1518,1139,1,0,0.13424908851397294,1,175,70,245,0.7419002320944069,0.417910447761194
1519,1178,1,0,0.0012721199573964659,1,176,70,246,0.7404099244875944,0.4117647058823529
1520,1219,1,0,0.002355551146484705,1,177,70,247,0.7345530145530145,0.4057971014492754
1521,1258,1,0,0.15520602774366604,1,178,70,248,0.7287005649717514,0.4
1522,1275,1,0,3.004840914039744e-06,1,179,70,249,0.7228532922603003,0.39436619718309857
1523,1278,1,0,0.4411852322454394,1,180,70,250,0.7170118975471277,0.3888888888888889
1524,1317,1,0,0.0004068553580054401,1,181,70,251,0.7111770674784372,0.3835616438356164
1525,1335,1,1,0.976617900444895,1,181,70,251,0.7121253918495297,0.3918918918918919
1526,1338,1,0,0.10358619054109984,1,182,70,252,0.7063265687833161,0.38666666666666666
1527,1339,1,1,0.9962146730428844,1,182,70,252,0.7072751379852611,0.39473684210526316
1528,1343,1,1,0.9957997530757188,1,182,70,252,0.7081967963386728,0.4025974025974026
1529,1351,1,0,0.05439977506572525,1,183,70,253,0.7024623603691111,0.3974358974358974
1530,1367,1,1,0.9970974952686463,1,183,70,253,0.7033862243058059,0.4050632911392405
1531,1388,1,0,0.015852203149364866,1,184,70,254,0.6976883280002392,0.4
1532,1424,1,0,0.0007154757237170269,1,185,70,255,0.6920000000000001,0.3950617283950617
1533,1427,1,1,0.997737858336917,1,185,70,255,0.6973281199087651,0.4024390243902439
1534,1439,1,0,2.1698491770514702e-05,1,186,70,256,0.6916664701026065,0.39759036144578314
1535,1446,1,0,0.0002113169481046313,1,187,70,257,0.6860156731531214,0.39285714285714285
1536,1462,1,1,0.9992786210788862,1,187,70,257,0.6870181818181819,0.4
1537,1488,1,1,0.9941060020016268,1,187,70,257,0.687996885004759,0.4069767441860465
1538,1501,1,0,0.00163997335815952,1,188,70,258,0.6824126838235294,0.40229885057471265
1539,1586,1,0,0.026302714464928583,1,189,70,259,0.6768408707342887,0.3977272727272727
1540,1603,1,0,0.0014380213596045677,1,190,70,260,0.6712820512820512,0.39325842696629215
1541,1654,1,1,0.9991922817254059,1,190,70,260,0.6723202170963364,0.4
1542,1705,1,0,0.07913057747469622,1,191,70,261,0.6711668928086838,0.3956043956043956
1543,1749,1,0,0.00044150865927349985,1,192,70,262,0.6656517698741234,0.391304347826087
1544,1779,1,1,0.723200807613166,1,192,70,262,0.6667379454926625,0.3978494623655914
1545,1814,1,0,0.0298840684244854,1,193,70,263,0.6612655971479501,0.39361702127659576
1546,1858,1,0,0.004208617946595537,1,194,70,264,0.6558088867919291,0.3894736842105263
1547,1905,1,0,0.001639973348396968,1,195,70,265,0.6503684035844673,0.3854166666666667
1548,1908,1,1,0.9962453016448488,1,195,70,265,0.6515164835164835,0.3917525773195876
1549,1918,1,0,0.35387996951640777,1,196,70,266,0.6461211971850269,0.3877551020408163
1550,1982,1,1,0.9970819260233006,1,196,70,266,0.6472762645914396,0.3939393939393939
1551,1991,1,1,0.9913883723765331,1,196,70,266,0.6484110885733604,0.4
1552,1995,1,1,0.9912296542242325,1,196,70,266,0.6495267672286306,0.40594059405940597
1553,2001,1,1,0.9543211861600026,1,196,70,266,0.6506243482446056,0.4117647058823529
1554,2015,1,1,0.960553763794254,1,196,70,266,0.6517048325753345,0.4174757281553398
1555,2031,1,1,0.9419318489452434,1,196,70,266,0.6527691778465772,0.4230769230769231
1556,2035,1,1,0.9957460471542541,1,196,70,266,0.6538183015141541,0.42857142857142855
1557,2043,1,0,0.12886720734794824,1,197,70,267,0.6486380832282472,0.42452830188679247
1558,2050,1,1,0.9932639169338008,1,197,70,267,0.6497008055235903,0.42990654205607476
1559,2057,1,0,0.00163997335815952,1,198,70,268,0.6445690127612934,0.42592592592592593
1560,2090,1,0,0.0031593085223634797,1,199,70,269,0.6394583333333334,0.42201834862385323
1561,2128,1,1,0.9929907660057422,1,199,70,269,0.6405643738977074,0.42727272727272725
1562,2139,1,1,0.9967462443854362,1,199,70,269,0.6467111904946805,0.43636363636363634
1563,2171,1,0,9.000695181320897e-05,1,200,70,270,0.6467111904946805,0.43636363636363634
1564,2193,1,0,0.030089665371971944,1,201,70,271,0.6405643738977074,0.42727272727272725
1565,2196,1,0,0.017230597365340588,1,202,70,272,0.6405643738977074,0.42727272727272725
1566,2234,1,1,0.9959722485389059,1,202,70,272,0.6467111904946805,0.43636363636363634
1567,2259,1,0,1.1335769054413076e-05,1,203,70,273,0.6467111904946805,0.43636363636363634
1568,2383,1,1,0.9372552076805901,1,203,70,273,0.6467111904946805,0.43636363636363634
1569,2415,1,0,0.00511119416725046,1,204,70,274,0.6405643738977074,0.42727272727272725
1570,2511,0,0,0.00017008516320850828,1,204,70,274,0.6394583333333334,0.42201834862385323
1571,2544,0,0,0.0037766632120894814,1,204,70,274,0.6383387383617533,0.4166666666666667
1572,2575,0,1,0.889878189887875,1,204,71,275,0.6328355744279311,0.411214953271028
1573,2618,0,0,0.000950151320007094,1,204,71,275,0.6316971691902568,0.4056603773584906
1574,2630,0,0,0.0003626828463867525,1,204,71,275,0.6368810051736881,0.4095238095238095
1575,2683,0,0,0.0010432271684691018,1,204,71,275,0.6420851525495488,0.41346153846153844
1576,2737,0,1,0.5500679193259304,1,204,72,276,0.6429184197295652,0.4174757281553398
1577,2772,0,0,0.000576498057028872,1,204,72,276,0.6481494057724957,0.4215686274509804
1578,2822,0,0,7.42387887430918e-05,1,204,72,276,0.6533990265698556,0.42574257425742573
1579,2836,0,1,0.6923866873770733,1,204,73,277,0.648,0.42
1580,2864,0,0,5.087868923534575e-05,1,204,73,277,0.646994851994852,0.41414141414141414
1581,2903,0,0,0.000515187821181548,1,204,73,277,0.6523056653491436,0.41836734693877553
1582,2917,0,0,0.0002458255954253452,1,204,73,277,0.6513116970926301,0.41237113402061853
1583,2966,0,0,0.0001967552912644288,1,204,73,277,0.6566666666666667,0.4166666666666667
1584,3051,0,0,5.56799170514662e-05,1,204,73,277,0.6620377676797911,0.42105263157894735
1585,3105,0,0,8.547633099601034e-05,1,204,73,277,0.6674243913090949,0.425531914893617
1586,3139,0,0,0.0007776516061411524,1,204,73,277,0.6728259262301816,0.43010752688172044
1587,3168,0,0,0.00021956000834219233,1,204,73,277,0.6782417582417583,0.43478260869565216
1588,3173,0,0,0.0001748602244081758,1,204,73,277,0.6773647527381347,0.42857142857142855
1589,3176,0,0,0.0002742637766190107,1,204,73,277,0.6828203491437929,0.43333333333333335
1590,3237,0,0,0.008378433921666062,1,204,73,277,0.6819524807826696,0.42696629213483145
1591,3241,0,0,5.045643230062777e-06,1,204,73,277,0.6874469756480753,0.4318181818181818
1592,3255,0,0,0.0029010900759875364,1,204,73,277,0.6929534510433387,0.4367816091954023
1593,3293,0,0,2.0542962818432106e-05,1,204,73,277,0.6984712799638172,0.4418604651162791
1594,3304,0,0,8.545410107421004e-05,1,204,73,277,0.6976638176638177,0.43529411764705883
1595,3348,0,0,0.0017581015102885952,1,204,73,277,0.7032180554363683,0.44047619047619047
1596,3414,0,0,0.0004771442233792323,1,204,73,277,0.7087821691176471,0.4457831325301205
1597,3461,0,0,0.0009671439983679258,1,204,73,277,0.714355513253151,0.45121951219512196
1598,3483,0,0,0.0009146747812700918,1,204,73,277,0.7199374348279458,0.4567901234567901
1599,3500,0,1,0.7012357674252465,1,204,74,278,0.7147636363636363,0.45
1600,3506,0,0,0.0001217850103775946,1,204,74,278,0.7203693314633006,0.45569620253164556
1601,3654,0,0,0.00031541533607812506,1,204,74,278,0.7196697723788182,0.44871794871794873
1602,3666,0,0,7.150604701312481e-05,1,204,74,278,0.7253079178885631,0.45454545454545453
1603,3703,0,0,0.001099317220753462,1,204,74,278,0.7253079178885631,0.45454545454545453
1604,3714,0,0,0.0011992185040134774,1,204,74,278,0.7253079178885631,0.45454545454545453
1605,3723,0,0,5.259461426700192e-05,1,204,74,278,0.7253079178885631,0.45454545454545453
1606,3790,0,0,0.0009060043875321055,1,204,74,278,0.7253079178885631,0.45454545454545453
1607,3825,0,0,0.0002603267783444228,1,204,74,278,0.7253079178885631,0.45454545454545453
1608,3836,0,0,0.01662330188353962,1,204,74,278,0.7253079178885631,0.45454545454545453
1609,3840,0,0,0.015380955121810914,1,204,74,278,0.7253079178885631,0.45454545454545453
1610,3884,0,0,0.0003716190178687423,1,204,74,278,0.7253079178885631,0.45454545454545453
1611,3892,0,0,0.00011865605526955611,1,204,74,278,0.7253079178885631,0.45454545454545453
1612,3894,0,0,0.0016785419688659861,1,204,74,278,0.7297619047619048,0.45454545454545453
1613,3908,0,0,0.00010234366296485929,1,204,74,278,0.7297619047619048,0.45454545454545453
1614,3952,0,0,8.82611226902524e-05,1,204,74,278,0.7297619047619048,0.45454545454545453
1615,3963,0,0,0.006843301904399774,1,204,74,278,0.7297619047619048,0.45454545454545453
1616,4052,0,0,0.0011071806498179184,1,204,74,278,0.7297619047619048,0.45454545454545453
1617,4092,0,0,5.0690937188603426e-05,1,204,74,278,0.7297619047619048,0.45454545454545453
1618,4151,0,0,1.6080296728242345e-05,1,204,74,278,0.7297619047619048,0.45454545454545453
1619,4221,0,0,0.0004348348203629228,1,204,74,278,0.7297619047619048,0.45454545454545453
1620,4308,0,0,2.52558742248567e-06,1,204,74,278,0.7297619047619048,0.45454545454545453
1621,4309,0,0,0.0003021614860274257,1,204,74,278,0.7297619047619048,0.45454545454545453
1622,4320,0,0,0.4627804211312527,1,204,74,278,0.7297619047619048,0.45454545454545453
1623,4354,0,0,0.00027201351817396287,1,204,74,278,0.7297619047619048,0.45454545454545453
1624,4404,0,0,8.154088929144247e-05,1,204,74,278,0.7297619047619048,0.45454545454545453
1625,4410,0,0,0.0009021328233435482,1,204,74,278,0.7297619047619048,0.45454545454545453
1626,4422,0,0,8.224400936021446e-06,1,204,74,278,0.7297619047619048,0.45454545454545453
1627,4450,0,0,0.0006002252259759686,1,204,74,278,0.7297619047619048,0.45454545454545453
1628,4458,0,0,0.0004911187895539694,1,204,74,278,0.7297619047619048,0.45454545454545453
1629,4492,0,0,0.14109191572384527,1,204,74,278,0.7297619047619048,0.45454545454545453
1630,4536,0,0,0.0005588857797437637,1,204,74,278,0.7297619047619048,0.45454545454545453
1631,4558,0,0,2.026712671200039e-06,1,204,74,278,0.7297619047619048,0.45454545454545453
1632,4579,0,0,0.004165081805563941,1,204,74,278,0.7297619047619048,0.45454545454545453
1633,4586,0,0,1.2262169575146584e-05,1,204,74,278,0.7297619047619048,0.45454545454545453
1634,4625,0,0,0.0001103025998191842,1,204,74,278,0.7297619047619048,0.45454545454545453
1635,4641,0,0,0.0001565507378097678,1,204,74,278,0.7297619047619048,0.45454545454545453
1636,4671,0,0,0.00011174228052851989,1,204,74,278,0.7297619047619048,0.45454545454545453
1637,4681,0,0,0.008011018302661916,1,204,74,278,0.7297619047619048,0.45454545454545453
1638,4689,0,0,0.0009905442873600371,1,204,74,278,0.7297619047619048,0.45454545454545453
1639,4739,0,0,0.1940563935876434,1,204,74,278,0.7297619047619048,0.45454545454545453
1640,4741,0,0,0.02483974010340863,1,204,74,278,0.7297619047619048,0.45454545454545453
1641,4790,0,0,0.00034453662669807434,1,204,74,278,0.7297619047619048,0.45454545454545453
1642,4854,0,0,3.441520681723351e-05,1,204,74,278,0.7297619047619048,0.45454545454545453
1643,4888,0,0,7.134477082426882e-05,1,204,74,278,0.7342285953527318,0.45454545454545453
1644,4944,0,0,2.4270565230901936e-05,1,204,74,278,0.7342285953527318,0.45454545454545453
1645,4953,0,0,5.911930173707793e-05,1,204,74,278,0.7342285953527318,0.45454545454545453
1646,4958,0,0,0.010993401286273559,1,204,74,278,0.7342285953527318,0.45454545454545453
1647,1,1,0,0.0001554330584755303,1,205,74,279,0.7285714285714286,0.44871794871794873
1648,87,1,0,0.058219891239698035,1,206,74,280,0.7229209988447525,0.4430379746835443
1649,101,1,0,0.0009999037466607305,1,207,74,281,0.7172779808939734,0.4375
1650,113,1,0,0.0006980603541233752,1,208,74,282,0.7116430395350883,0.43209876543209874
1651,140,1,1,0.9992096238041146,1,208,74,282,0.712450909090909,0.43902439024390244
1652,149,1,0,0.0012327679027119027,1,209,74,283,0.7068508863399374,0.43373493975903615
1653,150,1,0,0.015590769535905626,1,210,74,284,0.7012604193706556,0.42857142857142855
1654,209,1,0,0.0004187579034522865,1,211,74,285,0.6956801470588235,0.4235294117647059
1655,212,1,0,2.5474666233516727e-06,1,212,74,286,0.690110701107011,0.4186046511627907
1656,222,1,0,0.00910926781855818,1,213,74,287,0.6845527065527065,0.41379310344827586
1657,236,1,0,0.0005491295909776495,1,214,74,288,0.6833960113960115,0.4090909090909091
1658,249,1,0,0.05674433112736943,1,215,74,289,0.6778515281364398,0.4044943820224719
1659,250,1,0,0.006185933152826018,1,216,74,290,0.6723202170963364,0.4
1660,265,1,0,1.4128227183020112e-05,1,217,74,291,0.666802680859452,0.3956043956043956
1661,267,1,1,0.6766003235884133,1,217,74,291,0.6678462613556954,0.40217391304347827
1662,327,1,0,1.655144389210401e-05,1,218,74,292,0.6623707664884135,0.3978494623655914
1663,362,1,0,0.010357691134966908,1,219,74,293,0.6569104382337432,0.39361702127659576
1664,445,1,1,0.999827131465591,1,219,74,293,0.6579880922847928,0.4
1665,458,1,0,0.003059694338122189,1,220,74,294,0.6525714285714287,0.3958333333333333
1666,510,1,0,0.005296418639918778,1,221,74,295,0.6471713354692078,0.3917525773195876
1667,525,1,1,0.8944443775336982,1,221,74,295,0.6482844004244782,0.3979591836734694
1668,612,1,1,0.8657029766666162,1,221,74,295,0.6493779580797836,0.40404040404040403
1669,689,1,1,0.5104231838323018,1,221,74,295,0.650453066602135,0.41
1670,700,1,0,2.454756153692491e-05,1,222,74,296,0.6451544401544402,0.40594059405940597
1671,704,1,1,0.9994588984110174,1,222,74,296,0.6462399999999999,0.4117647058823529
1672,736,1,1,0.6670781816583612,1,222,74,296,0.6473089983022072,0.4174757281553398
1673,868,1,0,8.277267378010358e-06,1,223,74,297,0.6420851525495488,0.41346153846153844
1674,870,1,0,0.001727784098189021,1,224,74,298,0.6368810051736881,0.4095238095238095
1675,884,1,0,0.0006786857910198728,1,225,74,299,0.6316971691902568,0.4056603773584906
1676,927,1,0,0.00018113323355022158,1,226,74,300,0.6265342580916351,0.40186915887850466
1677,929,1,0,0.27420654875872436,1,227,74,301,0.621392886162879,0.39814814814814814
1678,940,1,1,0.9352284791349431,1,227,74,301,0.6225895769722593,0.4036697247706422
1679,984,1,0,1.1418154007086153e-05,1,228,74,302,0.6175,0.4
1680,1009,1,1,0.9974168700545304,1,228,74,302,0.6230517944853036,0.40540540540540543
1681,1036,1,0,0.0006851495495460874,1,229,74,303,0.6180018674136322,0.4017857142857143
1682,1079,1,1,0.9999866576294191,1,229,74,303,0.6192393551054155,0.40707964601769914
1683,1170,1,0,3.2899986047752405e-07,1,230,74,304,0.6142437137330755,0.40350877192982454
1684,1191,1,1,0.9989656744715811,1,230,74,304,0.6154981881730102,0.40869565217391307
1685,1218,1,0,0.000392114707002641,1,231,74,305,0.6105582922824303,0.4051724137931034
1686,1229,1,0,0.006897030893015102,1,232,74,306,0.6056443556443556,0.4017094017094017
1687,1230,1,0,0.05338190624477766,1,233,74,307,0.6007570332480818,0.3983050847457627
1688,1294,1,0,0.08518272536871221,1,234,74,308,0.5958969840905028,0.3949579831932773
1689,1306,1,1,0.9999789543906328,1,234,74,308,0.6015503875968993,0.4
1690,1330,1,0,0.00022668575171080652,1,235,74,309,0.596735759211632,0.39669421487603307
1691,1365,1,1,0.7156837258246551,1,235,74,309,0.5981333333333333,0.4016393442622951
1692,1376,1,1,0.9952541485965624,1,235,74,309,0.5995204073877024,0.4065040650406504
1693,1494,1,0,0.4248987042030998,1,236,74,310,0.5995204073877024,0.4065040650406504
1694,1510,1,0,0.015445376575179718,1,237,74,311,0.5995204073877024,0.4065040650406504
1695,1524,1,0,0.015590769435307671,1,238,74,312,0.5995204073877024,0.4065040650406504
1696,1529,1,1,0.9994046584486604,1,238,74,312,0.5995204073877024,0.4065040650406504
1697,1538,1,0,1.7164608703520467e-05,1,239,74,313,0.5933806818181818,0.3983739837398374
1698,1569,1,0,0.005385926717050322,1,240,74,314,0.5933806818181818,0.3983739837398374
1699,1572,1,1,0.950383659325007,1,240,74,314,0.5933806818181818,0.3983739837398374
1700,1588,1,1,0.9968723956661897,1,240,74,314,0.5933806818181818,0.3983739837398374
1701,1628,1,0,0.002758068451792822,1,241,74,315,0.5933806818181818,0.3983739837398374
1702,1637,1,1,0.8815261399595624,1,241,74,315,0.5933806818181818,0.3983739837398374
1703,1653,1,0,4.136253319802192e-05,1,242,74,316,0.5871936507936507,0.3902439024390244
1704,1684,1,1,0.9998785595934716,1,242,74,316,0.5871936507936507,0.3902439024390244
1705,1687,1,0,0.007141208758653808,1,243,74,317,0.5871936507936507,0.3902439024390244
1706,1692,1,0,0.0010480811790930143,1,244,74,318,0.5809581934696368,0.3821138211382114
1707,1744,1,0,0.000816395969281106,1,245,74,319,0.5746731684958365,0.37398373983739835
1708,1812,1,1,0.774196587169097,1,245,74,319,0.5809581934696368,0.3821138211382114
1709,1817,1,0,0.3945850273694465,1,246,74,320,0.5809581934696368,0.3821138211382114
1710,1878,1,1,0.8494365959665555,1,246,74,320,0.5871936507936507,0.3902439024390244
1711,1888,1,0,8.866532558886706e-06,1,247,74,321,0.5809581934696368,0.3821138211382114
1712,1904,1,0,0.002231773906131048,1,248,74,322,0.5746731684958365,0.37398373983739835
1713,1927,1,0,3.662394523552439e-05,1,249,74,323,0.5746731684958365,0.37398373983739835
1714,1958,1,1,0.9997806021595935,1,249,74,323,0.5746731684958365,0.37398373983739835
1715,2007,1,0,0.0003376629421006167,1,250,74,324,0.5746731684958365,0.37398373983739835
1716,2016,1,1,0.9980636155987304,1,250,74,324,0.5746731684958365,0.37398373983739835
1717,2108,1,0,0.0006820345450290131,1,251,74,325,0.5746731684958365,0.37398373983739835
1718,2150,1,0,0.07858002561607969,1,252,74,326,0.5746731684958365,0.37398373983739835
1719,2164,1,0,0.20393991066801104,1,253,74,327,0.5746731684958365,0.37398373983739835
1720,2166,1,1,0.6894693988073171,1,253,74,327,0.5809581934696368,0.3821138211382114
1721,2185,1,0,2.975792910623524e-05,1,254,74,328,0.5809581934696368,0.3821138211382114
1722,2224,1,1,0.9934384007817367,1,254,74,328,0.5871936507936507,0.3902439024390244
1723,2237,1,1,0.9980046588156255,1,254,74,328,0.5933806818181818,0.3983739837398374
1724,2239,1,0,8.729298816716465e-05,1,255,74,329,0.5933806818181818,0.3983739837398374
1725,2287,1,0,0.059070164186307283,1,256,74,330,0.5871936507936507,0.3902439024390244
1726,2305,1,0,0.008482524712504724,1,257,74,331,0.5871936507936507,0.3902439024390244
1727,2309,1,0,0.0008197111517029265,1,258,74,332,0.5809581934696368,0.3821138211382114
1728,2369,1,0,0.044950154420307274,1,259,74,333,0.5746731684958365,0.37398373983739835
1729,2384,1,0,2.0242096692867075e-05,1,260,74,334,0.5746731684958365,0.37398373983739835
1730,2409,1,1,0.6269513894109043,1,260,74,334,0.5746731684958365,0.37398373983739835
1731,2446,1,1,0.9970452689022362,1,260,74,334,0.5809581934696368,0.3821138211382114
1732,2448,1,0,0.0021654360586252077,1,261,74,335,0.5809581934696368,0.3821138211382114
1733,2456,1,1,0.9999015282635555,1,261,74,335,0.5809581934696368,0.3821138211382114
1734,2467,1,0,9.78800865762719e-06,1,262,74,336,0.5809581934696368,0.3821138211382114
1735,2471,1,0,0.01633498343342208,1,263,74,337,0.5809581934696368,0.3821138211382114
1736,2476,1,0,1.5441465167837206e-05,1,264,74,338,0.5746731684958365,0.37398373983739835
1737,2480,1,1,0.9998851148189839,1,264,74,338,0.5746731684958365,0.37398373983739835
1738,2506,0,0,4.8144004284322644e-05,1,264,74,338,0.579436964504284,0.3770491803278688
1739,2517,0,0,0.00021753554863982545,1,264,74,338,0.5842307004775402,0.38016528925619836
1740,2549,0,0,1.4625822875014105e-05,1,264,74,338,0.5890537084398977,0.38333333333333336
1741,2552,0,0,7.944081179632925e-05,1,264,74,338,0.5875862068965517,0.37815126050420167
1742,2559,0,0,2.4828886555818413e-05,1,264,74,338,0.5924705096245277,0.3813559322033898
1743,2598,0,0,0.00023698835220836898,1,264,74,338,0.5973823499124704,0.38461538461538464
1744,2636,0,0,8.673143437199055e-05,1,264,74,338,0.5959652749069864,0.3793103448275862
1745,2675,0,0,0.00761949450372942,1,264,74,338,0.6009357769666848,0.3826086956521739
1746,2718,0,0,1.1553413832284474e-06,1,264,74,338,0.605932150638033,0.38596491228070173
1747,2750,0,0,0.0002501200285432384,1,264,74,338,0.6109537669897867,0.3893805309734513
1748,2778,0,0,0.0009347366848972137,1,264,74,338,0.6096150734622511,0.38392857142857145
1749,2787,0,0,0.0011569108664579134,1,264,74,338,0.6146919133800607,0.38738738738738737
1750,2821,0,0,0.005409374700013228,1,264,74,338,0.6133669609079445,0.38181818181818183
1751,2826,0,0,0.0002866833048220319,1,264,74,338,0.6120240734874881,0.3761467889908257
1752,2860,0,0,0.00014620166277012705,1,264,74,338,0.6106621392190152,0.37037037037037035
1753,2882,0,0,0.0001755151370554094,1,264,74,338,0.6092799999999999,0.3644859813084112
1754,2934,0,0,4.542810690692379e-05,1,264,74,338,0.6078764478764478,0.3584905660377358
1755,2935,0,1,0.985000044853988,1,264,75,339,0.6022303783173348,0.3523809523809524
1756,2967,0,0,0.0015066356228040198,1,264,75,339,0.6007951318458418,0.34615384615384615
1757,2993,0,0,0.00039709796882165204,1,264,75,339,0.60609375,0.34951456310679613
1758,3030,0,0,7.122035736007163e-05,1,264,75,339,0.6046642646577137,0.3431372549019608
1759,3039,0,0,0.11127414850158329,1,264,75,339,0.6100142391631753,0.3465346534653465
1760,3061,0,0,0.00133115411929828,1,264,75,339,0.6153846153846153,0.35
1761,3077,0,1,0.6499958866413595,1,264,76,340,0.6097827944540919,0.3434343434343434
1762,3159,0,0,0.0008639209513385967,1,264,76,340,0.6083777857955649,0.336734693877551
1763,3222,0,0,0.0005011290301361125,1,264,76,340,0.6138146167557932,0.3402061855670103
1764,3234,0,0,0.00028154991801561033,1,264,76,340,0.6192704402515723,0.34375
1765,3250,0,0,0.08898798324460756,1,264,76,340,0.6247446975648075,0.3473684210526316
1766,3257,0,0,1.8642517150040356e-05,1,264,76,340,0.6234011759384894,0.3404255319148936
1767,3261,0,1,0.7014708622708915,1,264,77,341,0.624708276797829,0.34408602150537637
1768,3292,0,0,0.0017308315068270293,1,264,77,341,0.6233846153846154,0.33695652173913043
1769,3427,0,0,3.801355106160201e-06,1,264,77,341,0.6289404731256615,0.34065934065934067
1770,3433,0,0,9.408150456685871e-05,1,264,77,341,0.6289404731256615,0.34065934065934067
1771,3532,0,0,1.8736817487602763e-05,1,264,77,341,0.6289404731256615,0.34065934065934067
1772,3591,0,0,0.00018642009177038087,1,264,77,341,0.6331479779411765,0.34065934065934067
1773,3608,0,0,0.0001573929750784417,1,264,77,341,0.6331479779411765,0.34065934065934067
1774,3609,0,0,7.43842593789339e-05,1,264,77,341,0.6331479779411765,0.34065934065934067
1775,3612,0,0,0.010532852850955853,1,264,77,341,0.6331479779411765,0.34065934065934067
1776,3634,0,0,0.0004872182110758823,1,264,77,341,0.6373640794900637,0.34065934065934067
1777,3637,0,0,1.19075095724381e-06,1,264,77,341,0.6373640794900637,0.34065934065934067
1778,3660,0,0,0.00010436821514323129,1,264,77,341,0.6373640794900637,0.34065934065934067
1779,3661,0,0,9.569967375906553e-05,1,264,77,341,0.6415896188158962,0.34065934065934067
1780,3668,0,0,0.0017741594532508593,1,264,77,341,0.6415896188158962,0.34065934065934067
1781,3673,0,0,0.0011401199965976221,1,264,77,341,0.6415896188158962,0.34065934065934067
1782,3685,0,0,0.0012458866051529537,1,264,77,341,0.6415896188158962,0.34065934065934067
1783,3743,0,0,0.0003314699234486879,1,264,77,341,0.6415896188158962,0.34065934065934067
1784,3745,0,0,1.3277735884760253e-05,1,264,77,341,0.6415896188158962,0.34065934065934067
1785,3748,0,0,0.0005673880485226011,1,264,77,341,0.6415896188158962,0.34065934065934067
1786,3777,0,0,8.382945810057225e-05,1,264,77,341,0.6415896188158962,0.34065934065934067
1787,3798,0,1,0.883556830678597,1,264,78,342,0.6373640794900637,0.34065934065934067
1788,3889,0,0,5.3277964087845225e-06,1,264,78,342,0.6373640794900637,0.34065934065934067
1789,3972,0,0,0.02348644184963393,1,264,78,342,0.6373640794900637,0.34065934065934067
1790,3977,0,0,0.00015857716802194396,1,264,78,342,0.6373640794900637,0.34065934065934067
1791,4003,0,0,9.412522644442248e-05,1,264,78,342,0.6373640794900637,0.34065934065934067
1792,4007,0,0,5.3893278947253704e-05,1,264,78,342,0.6373640794900637,0.34065934065934067
1793,4048,0,0,0.0009972504828944764,1,264,78,342,0.6373640794900637,0.34065934065934067
1794,4124,0,1,0.639963797533,1,264,79,343,0.6331479779411765,0.34065934065934067
1795,4185,0,0,0.0024313647421401632,1,264,79,343,0.6331479779411765,0.34065934065934067
1796,4204,0,0,0.013801455862116561,1,264,79,343,0.6331479779411765,0.34065934065934067
1797,4205,0,0,0.00018891710223221657,1,264,79,343,0.6331479779411765,0.34065934065934067
1798,4250,0,0,8.479345852132792e-05,1,264,79,343,0.6331479779411765,0.34065934065934067
1799,4253,0,0,0.011964728808604145,1,264,79,343,0.6373640794900637,0.34065934065934067
1800,4265,0,0,6.521520767302948e-05,1,264,79,343,0.6373640794900637,0.34065934065934067
1801,4271,0,0,0.011663046256770906,1,264,79,343,0.6373640794900637,0.34065934065934067
1802,4292,0,0,0.00018439999881517504,1,264,79,343,0.6373640794900637,0.34065934065934067
1803,4305,0,0,0.0004894773158956916,1,264,79,343,0.6373640794900637,0.34065934065934067
1804,4310,0,0,0.018043263205154765,1,264,79,343,0.6373640794900637,0.34065934065934067
1805,4345,0,0,0.006996935693312532,1,264,79,343,0.6373640794900637,0.34065934065934067
1806,4374,0,0,0.00035292677077095584,1,264,79,343,0.6373640794900637,0.34065934065934067
1807,4385,0,0,0.007242572047578207,1,264,79,343,0.6373640794900637,0.34065934065934067
1808,4390,0,0,0.00011211102737753027,1,264,79,343,0.6373640794900637,0.34065934065934067
1809,4394,0,1,0.857631671278243,1,264,80,344,0.6331479779411765,0.34065934065934067
1810,4402,0,0,0.0008297227001143597,1,264,80,344,0.6331479779411765,0.34065934065934067
1811,4441,0,0,0.00016977461574567158,1,264,80,344,0.6331479779411765,0.34065934065934067
1812,4477,0,0,5.7314999200967606e-05,1,264,80,344,0.6331479779411765,0.34065934065934067
1813,4569,0,0,0.003449941861004386,1,264,80,344,0.6331479779411765,0.34065934065934067
1814,4570,0,0,2.0624548557739132e-06,1,264,80,344,0.6331479779411765,0.34065934065934067
1815,4575,0,0,0.023747058538213208,1,264,80,344,0.6331479779411765,0.34065934065934067
1816,4603,0,0,0.0001075540874929305,1,264,80,344,0.6331479779411765,0.34065934065934067
1817,4605,0,0,1.1178938952830076e-05,1,264,80,344,0.6331479779411765,0.34065934065934067
1818,4612,0,0,7.819639472252579e-07,1,264,80,344,0.6331479779411765,0.34065934065934067
1819,4668,0,0,0.021542639721388212,1,264,80,344,0.6331479779411765,0.34065934065934067
1820,4702,0,0,2.2725575706740442e-05,1,264,80,344,0.6331479779411765,0.34065934065934067
1821,4704,0,0,0.0005375092471090619,1,264,80,344,0.6331479779411765,0.34065934065934067
1822,4738,0,0,0.0005577777645768405,1,264,80,344,0.6331479779411765,0.34065934065934067
1823,4795,0,0,2.791728912566324e-05,1,264,80,344,0.6331479779411765,0.34065934065934067
1824,4915,0,0,0.0010676830107186916,1,264,80,344,0.6331479779411765,0.34065934065934067
1825,4971,0,0,1.1440322780147968e-05,1,264,80,344,0.6331479779411765,0.34065934065934067
1826,4985,0,0,5.1300170757060984e-05,1,264,80,344,0.6331479779411765,0.34065934065934067
1827,4986,0,0,0.0018053786711402626,1,264,80,344,0.6331479779411765,0.34065934065934067
1828,4987,0,0,5.4023397213880204e-05,1,264,80,344,0.6331479779411765,0.34065934065934067
1829,4997,0,0,7.140429947805262e-05,1,264,80,344,0.6331479779411765,0.34065934065934067
1830,20,1,1,0.9948124088944184,1,264,80,344,0.6344615384615385,0.34782608695652173
1831,24,1,1,0.9930691790089262,1,264,80,344,0.6357462686567164,0.3548387096774194
1832,53,1,0,0.001895367010991107,1,265,80,345,0.630236828025119,0.35106382978723405
1833,89,1,0,0.028728473972062494,1,266,80,346,0.6247446975648075,0.3473684210526316
1834,104,1,1,0.9900350253137804,1,266,80,346,0.6260606060606061,0.3541666666666667
1835,136,1,1,0.9998802253671334,1,266,80,346,0.6273503706162186,0.36082474226804123
1836,166,1,1,0.9930020076195765,1,266,80,346,0.6286153846153846,0.3673469387755102
1837,168,1,1,0.9999964967038001,1,266,80,346,0.6298569712850748,0.37373737373737376
1838,199,1,0,0.0022062734858632957,1,267,80,347,0.6245000136050719,0.37
1839,206,1,1,0.9798882368144562,1,267,80,347,0.6257484787018255,0.37623762376237624
1840,240,1,1,0.9947851488658919,1,267,80,347,0.6269758812615955,0.38235294117647056
1841,260,1,0,0.00037089481756478934,1,268,80,348,0.6216966966966967,0.3786407766990291
1842,273,1,1,0.9988718650986795,1,268,80,348,0.6229333333333333,0.38461538461538464
1843,278,1,1,0.8718284829826441,1,268,80,348,0.6241511035653651,0.3904761904761905
1844,284,1,1,0.7888394737219465,1,268,80,348,0.6253510716925351,0.39622641509433965
1845,395,1,0,0.14452254855861307,1,269,80,349,0.6201803818301513,0.3925233644859813
1846,397,1,0,0.016014715437474163,1,270,80,350,0.6150315258511979,0.3888888888888889
1847,415,1,0,0.13665012674703267,1,271,80,351,0.6150315258511979,0.3888888888888889
1848,428,1,0,0.03280358719272459,1,272,80,352,0.6150315258511979,0.3888888888888889
1849,431,1,1,0.9958090877518773,1,272,80,352,0.621392886162879,0.39814814814814814
1850,500,1,1,0.9997830664046102,1,272,80,352,0.6277016424312166,0.4074074074074074
1851,552,1,1,0.9270704583056698,1,272,80,352,0.6277016424312166,0.4074074074074074
1852,615,1,1,0.7368573887430696,1,272,80,352,0.6339591325452126,0.4166666666666667
1853,645,1,1,0.9993757284314676,1,272,80,352,0.6401666666666667,0.42592592592592593
1854,656,1,0,0.0013923270994393624,1,273,80,353,0.6401666666666667,0.42592592592592593
1855,716,1,1,0.9996531367821637,1,273,80,353,0.6463255282101926,0.4351851851851852
1856,744,1,1,0.9996406421138487,1,273,80,353,0.652436974789916,0.4444444444444444
1857,851,1,1,0.9949450254606008,1,273,80,353,0.6585022391343739,0.4537037037037037
1858,871,1,1,0.9990764460471234,1,273,80,353,0.6645225299710624,0.46296296296296297
1859,908,1,1,0.9959405844349979,1,273,80,353,0.6704990328820116,0.4722222222222222
1860,910,1,1,0.9962535253139508,1,273,80,353,0.6764329111317063,0.48148148148148145
1861,912,1,1,0.7366755091242644,1,273,80,353,0.6764329111317063,0.48148148148148145
1862,933,1,1,0.9578132074842703,1,273,80,353,0.6823253064686078,0.49074074074074076
1863,943,1,1,0.7320302701467476,1,273,80,353,0.6881773399014779,0.5
1864,957,1,1,0.999756970134637,1,273,80,353,0.6881773399014779,0.5
1865,1014,1,1,0.7893025832469152,1,273,80,353,0.693990112451651,0.5092592592592593
1866,1016,1,1,0.9681862641629398,1,273,80,353,0.6997647058823528,0.5185185185185185
1867,1019,1,0,0.0011483794630460305,1,274,80,354,0.693990112451651,0.5092592592592593
1868,1097,1,0,0.16901400497855945,1,275,80,355,0.6881773399014779,0.5
1869,1112,1,1,0.8583868361872603,1,275,80,355,0.6881773399014779,0.5
1870,1117,1,1,0.9956589885562569,1,275,80,355,0.693990112451651,0.5092592592592593
1871,1131,1,0,0.0004893631938901209,1,276,80,356,0.6881773399014779,0.5
1872,1195,1,0,0.06870545825016448,1,277,80,357,0.6823253064686078,0.49074074074074076
1873,1202,1,0,0.34631698733331984,1,278,80,358,0.6823253064686078,0.49074074074074076
1874,1238,1,1,0.9988842858918111,1,278,80,358,0.6881773399014779,0.5
1875,1249,1,0,0.0062169137349694535,1,279,80,359,0.6881773399014779,0.5
1876,1271,1,0,0.039612811638602,1,280,80,360,0.6881773399014779,0.5
1877,1326,1,1,0.9982631450717042,1,280,80,360,0.693990112451651,0.5092592592592593
1878,1380,1,0,3.699778152630599e-06,1,281,80,361,0.6881773399014779,0.5
1879,1438,1,0,3.5155025404135614e-05,1,282,80,362,0.6881773399014779,0.5
1880,1472,1,1,0.5628922939779581,1,282,80,362,0.6881773399014779,0.5
1881,1497,1,1,0.6177416920520088,1,282,80,362,0.693990112451651,0.5092592592592593
1882,1509,1,0,0.39250662199106756,1,283,80,363,0.6881773399014779,0.5
1883,1535,1,1,0.9729983461132021,1,283,80,363,0.693990112451651,0.5092592592592593
1884,1553,1,0,0.4876141660711081,1,284,80,364,0.6881773399014779,0.5
1885,1579,1,1,0.9999379439526548,1,284,80,364,0.693990112451651,0.5092592592592593
1886,1589,1,1,0.984105602790412,1,284,80,364,0.6997647058823528,0.5185185185185185
1887,1610,1,0,2.39371667843494e-05,1,285,80,365,0.6997647058823528,0.5185185185185185
1888,1754,1,0,0.0012001067214687084,1,286,80,366,0.6997647058823528,0.5185185185185185
1889,1786,1,0,0.01589801548247827,1,287,80,367,0.693990112451651,0.5092592592592593
1890,1802,1,1,0.9972135789071526,1,287,80,367,0.6997647058823528,0.5185185185185185
1891,1824,1,1,0.9991455639671254,1,287,80,367,0.6997647058823528,0.5185185185185185
1892,1832,1,1,0.736290755010888,1,287,80,367,0.6997647058823528,0.5185185185185185
1893,1842,1,0,0.05997586220694189,1,288,80,368,0.6997647058823528,0.5185185185185185
1894,1850,1,0,0.00037089481756478934,1,289,80,369,0.6997647058823528,0.5185185185185185
1895,1870,1,1,0.9995342222006243,1,289,80,369,0.7055021834061135,0.5277777777777778
1896,1892,1,0,0.0010046020688311492,1,290,80,370,0.6997647058823528,0.5185185185185185
1897,1911,1,1,0.7365803268976259,1,290,80,370,0.7055021834061135,0.5277777777777778
1898,1917,1,0,0.0006630569564727133,1,291,80,371,0.7055021834061135,0.5277777777777778
1899,1931,1,1,0.999986922193513,1,291,80,371,0.7055021834061135,0.5277777777777778
1900,2027,1,0,0.0006630569564727133,1,292,80,372,0.6997647058823528,0.5185185185185185
1901,2040,1,0,0.0003238363762185175,1,293,80,373,0.6997647058823528,0.5185185185185185
1902,2122,1,1,0.9986489656018259,1,293,80,373,0.6997647058823528,0.5185185185185185
1903,2146,1,0,0.010844360798076677,1,294,80,374,0.6997647058823528,0.5185185185185185
1904,2167,1,1,0.9995263418537004,1,294,80,374,0.6997647058823528,0.5185185185185185
1905,2187,1,1,0.7887171207246275,1,294,80,374,0.7055021834061135,0.5277777777777778
1906,2197,1,1,0.9961241545679526,1,294,80,374,0.711203590371277,0.5370370370370371
1907,2203,1,0,0.04582798736904688,1,295,80,375,0.711203590371277,0.5370370370370371
1908,2275,1,0,3.789200750738397e-05,1,296,80,376,0.7055021834061135,0.5277777777777778
1909,2302,1,0,0.036204413198479314,1,297,80,377,0.7055021834061135,0.5277777777777778
1910,2355,1,1,0.9966692774351835,1,297,80,377,0.7055021834061135,0.5277777777777778
1911,2357,1,1,0.9863446086364126,1,297,80,377,0.711203590371277,0.5370370370370371
1912,2364,1,0,0.004891324148371061,1,298,80,378,0.711203590371277,0.5370370370370371
1913,2373,1,1,0.9939923411226176,1,298,80,378,0.7168699549285732,0.5462962962962963
1914,2404,1,1,0.9854205699244901,1,298,80,378,0.7168699549285732,0.5462962962962963
1915,2425,1,1,0.9984419784979939,1,298,80,378,0.7225022886786695,0.5555555555555556
1916,2429,1,0,0.004790502368942638,1,299,80,379,0.7168699549285732,0.5462962962962963
1917,2535,0,0,7.38106870721942e-05,1,299,80,379,0.7219033047735618,0.5514018691588785
1918,2550,0,1,0.9995300852289281,1,299,81,380,0.7222888616891067,0.5566037735849056
1919,2619,0,0,3.0315015256397237e-05,1,299,81,380,0.7273462039377921,0.5619047619047619
1920,2690,0,0,0.00010512324603426188,1,299,81,380,0.7267932067932068,0.5576923076923077
1921,2699,0,0,0.05884243096681595,1,299,81,380,0.731888341543514,0.5631067961165048
1922,2752,0,0,0.00017905967389584477,1,299,81,380,0.7313520749665328,0.5588235294117647
1923,2757,0,0,0.0005820661577192269,1,299,81,380,0.7308102521703184,0.5544554455445545
1924,2814,0,0,0.00024141228239408453,1,299,81,380,0.7359633454997282,0.56
1925,2839,0,0,0.000197485742885539,1,299,81,380,0.7411297852474322,0.5656565656565656
1926,2866,0,0,0.00020325676174878348,1,299,81,380,0.7463088957613243,0.5714285714285714
1927,2945,0,0,0.00017549688183911085,1,299,81,380,0.7515000000000001,0.5773195876288659
1928,3052,0,1,0.9991733763202645,1,299,82,381,0.7519999999999999,0.5833333333333334
1929,3066,0,0,0.1948845968082159,1,299,82,381,0.7572053028523709,0.5894736842105263
1930,3097,0,0,9.081148283744908e-05,1,299,82,381,0.7567890749914813,0.5851063829787234
1931,3163,0,0,2.163340716173528e-06,1,299,82,381,0.7563673469387754,0.5806451612903226
1932,3175,0,0,4.21097180490422e-07,1,299,82,381,0.761621792841305,0.5869565217391305
1933,3193,0,0,0.037584809701247265,1,299,82,381,0.7612139219015279,0.5824175824175825
1934,3238,0,0,2.2303361199865366e-06,1,299,82,381,0.7664964493736535,0.5888888888888889
1935,3264,0,0,9.256478277628969e-05,1,299,82,381,0.7717866666666666,0.5955056179775281
1936,3344,0,0,4.86075867863291e-06,1,299,82,381,0.7770838792481082,0.6022727272727273
1937,3385,0,0,0.018284748566311702,1,299,82,381,0.7767274340566266,0.5977011494252874
1938,3392,0,0,0.0050868094227756325,1,299,82,381,0.7767274340566266,0.5977011494252874
1939,3487,0,0,9.250318144688722e-06,1,299,82,381,0.7767274340566266,0.5977011494252874
1940,3511,0,0,1.7952265151864664e-05,1,299,82,381,0.7767274340566266,0.5977011494252874
1941,3527,0,0,2.419672282952252e-06,1,299,82,381,0.7767274340566266,0.5977011494252874
1942,3536,0,0,0.00033789401383656296,1,299,82,381,0.7767274340566266,0.5977011494252874
1943,3547,0,0,0.0005361783478849059,1,299,82,381,0.7767274340566266,0.5977011494252874
1944,3580,0,0,0.0013498344126388019,1,299,82,381,0.7767274340566266,0.5977011494252874
1945,3620,0,0,0.00037427160744567863,1,299,82,381,0.7767274340566266,0.5977011494252874
1946,3676,0,0,0.001125079023561494,1,299,82,381,0.7767274340566266,0.5977011494252874
1947,3682,0,1,0.9727504300934036,1,299,83,382,0.772024882024882,0.5977011494252874
1948,3737,0,0,0.00014936864168007248,1,299,83,382,0.772024882024882,0.5977011494252874
1949,3810,0,0,1.4112619764597356e-05,1,299,83,382,0.772024882024882,0.5977011494252874
1950,3846,0,0,0.00024525073276162213,1,299,83,382,0.772024882024882,0.5977011494252874
1951,3848,0,0,0.0013018640479336315,1,299,83,382,0.772024882024882,0.5977011494252874
1952,3850,0,0,0.0060485062098620205,1,299,83,382,0.772024882024882,0.5977011494252874
1953,3909,0,0,0.0017929906005621124,1,299,83,382,0.772024882024882,0.5977011494252874
1954,3940,0,0,8.74685461227294e-06,1,299,83,382,0.772024882024882,0.5977011494252874
1955,4005,0,0,0.0005104398119651865,1,299,83,382,0.7767274340566266,0.5977011494252874
1956,4010,0,0,0.001332017164763616,1,299,83,382,0.7767274340566266,0.5977011494252874
1957,4032,0,0,0.0008092074543705711,1,299,83,382,0.7767274340566266,0.5977011494252874
1958,4078,0,0,0.0011139505568244761,1,299,83,382,0.7767274340566266,0.5977011494252874
1959,4111,0,0,0.0007328391049554546,1,299,83,382,0.7767274340566266,0.5977011494252874
1960,4121,0,0,0.17002930113286002,1,299,83,382,0.7767274340566266,0.5977011494252874
1961,4125,0,0,1.9037832956332314e-05,1,299,83,382,0.7814378168482363,0.5977011494252874
1962,4127,0,0,0.0006474746498317127,1,299,83,382,0.7814378168482363,0.5977011494252874
1963,4230,0,0,7.807061041343736e-06,1,299,83,382,0.7814378168482363,0.5977011494252874
1964,4248,0,0,0.0014034443848963667,1,299,83,382,0.7814378168482363,0.5977011494252874
1965,4369,0,0,0.002500763348691543,1,299,83,382,0.7814378168482363,0.5977011494252874
1966,4377,0,0,4.073662349009746e-06,1,299,83,382,0.7814378168482363,0.5977011494252874
1967,4380,0,0,0.0012726613907283965,1,299,83,382,0.786156862745098,0.5977011494252874
1968,4460,0,0,0.00026204502911553326,1,299,83,382,0.786156862745098,0.5977011494252874
1969,4490,0,0,2.7648514320160517e-06,1,299,83,382,0.786156862745098,0.5977011494252874
1970,4590,0,0,0.22140140315612947,1,299,83,382,0.786156862745098,0.5977011494252874
1971,4624,0,0,8.953080940322891e-05,1,299,83,382,0.786156862745098,0.5977011494252874
1972,4632,0,0,6.781230765499906e-05,1,299,83,382,0.786156862745098,0.5977011494252874
1973,4642,0,0,9.188207880987766e-05,1,299,83,382,0.786156862745098,0.5977011494252874
1974,4666,0,0,0.0009322665245852131,1,299,83,382,0.786156862745098,0.5977011494252874
1975,4669,0,0,0.0023823895311346783,1,299,83,382,0.786156862745098,0.5977011494252874
1976,4686,0,0,0.0008234053430150495,1,299,83,382,0.786156862745098,0.5977011494252874
1977,4788,0,0,0.0008109480547339468,1,299,83,382,0.786156862745098,0.5977011494252874
1978,4801,0,0,0.09932655982295559,1,299,83,382,0.786156862745098,0.5977011494252874
1979,4815,0,0,0.03271946482245223,1,299,83,382,0.786156862745098,0.5977011494252874
1980,4825,0,0,0.015723720266778214,1,299,83,382,0.786156862745098,0.5977011494252874
1981,4872,0,0,0.0014917940284247101,1,299,83,382,0.786156862745098,0.5977011494252874
1982,4882,0,0,0.000680856711219633,1,299,83,382,0.786156862745098,0.5977011494252874
1983,4926,0,0,0.000697472426022188,1,299,83,382,0.786156862745098,0.5977011494252874
1984,4981,0,0,7.964098564081972e-05,1,299,83,382,0.786156862745098,0.5977011494252874
1985,9,1,1,0.9970219912342331,1,299,83,382,0.7865279234223334,0.6022727272727273
1986,11,1,1,0.9998753575311489,1,299,83,382,0.7868929650525415,0.6067415730337079
1987,13,1,1,0.8443033442213703,1,299,83,382,0.7919999999999999,0.6111111111111112
1988,21,1,1,0.9976080942811875,1,299,83,382,0.7923599320882851,0.6153846153846154
1989,26,1,1,0.997684812143758,1,299,83,382,0.7927146024706999,0.6195652173913043
1990,34,1,1,0.9954130900864222,1,299,83,382,0.793064312736444,0.6236559139784946
1991,37,1,0,2.390435517262762e-05,1,300,83,383,0.7878372781840581,0.6170212765957447
1992,43,1,1,0.9999928616155399,1,300,83,383,0.7882003705733447,0.6210526315789474
1993,55,1,1,0.9988905031930359,1,300,83,383,0.7885589542347773,0.625
1994,59,1,0,0.26091430285326705,1,301,83,384,0.7881434028950857,0.6185567010309279
1995,66,1,0,0.001106763722487694,1,302,83,385,0.7829629629629631,0.6122448979591837
1996,86,1,0,0.14519972063380904,1,303,83,386,0.7777927053402708,0.6060606060606061
1997,93,1,0,5.2907814739728164e-05,1,304,83,387,0.7726333195535346,0.6
1998,97,1,1,0.9979165922757331,1,304,83,387,0.77306765523633,0.6039603960396039
1999,100,1,1,0.9954336396313714,1,304,83,387,0.7734975369458128,0.6078431372549019
2000,114,1,1,0.9948701414844894,1,304,83,387,0.7739232736572891,0.6116504854368932
2001,115,1,0,0.03788813258017593,1,305,83,388,0.7688347506320387,0.6057692307692307
2002,118,1,1,0.7570291601417527,1,305,83,388,0.769276310763668,0.6095238095238096
2003,121,1,1,0.993358963502098,1,305,83,388,0.7697142857142858,0.6132075471698113
2004,127,1,1,0.9998967460847099,1,305,83,388,0.7701489701299689,0.616822429906542
2005,133,1,1,0.999944363492505,1,305,83,388,0.7705806516848251,0.6203703703703703
2006,151,1,0,0.04102805998075297,1,306,83,389,0.7655858585858586,0.6146788990825688
2007,156,1,0,0.0013273350093169231,1,307,83,390,0.7606069779762354,0.6090909090909091
2008,183,1,0,0.05950570543524141,1,308,83,391,0.7556447222502268,0.6036036036036037
2009,187,1,1,0.9902964653392209,1,308,83,391,0.7608753242174713,0.6071428571428571
2010,190,1,0,0.48121631819914784,1,309,83,392,0.7559420289855072,0.6017699115044248
2011,224,1,1,0.9890301893532493,1,309,83,392,0.7564546276756104,0.6052631578947368
2012,234,1,1,0.9996349406468074,1,309,83,392,0.7569650742673625,0.6086956521739131
2013,256,1,1,0.9966346016224011,1,309,83,392,0.7574736842105263,0.6120689655172413
2014,296,1,1,0.9929942743870802,1,309,83,392,0.7579807692307692,0.6153846153846154
2015,298,1,1,0.9995526441378333,1,309,83,392,0.7584866379741768,0.6186440677966102
2016,299,1,1,0.9985489002196352,1,309,83,392,0.7589915966386553,0.6218487394957983
2017,305,1,0,0.00016254671171493922,1,310,83,393,0.7542096971818659,0.6166666666666667
2018,309,1,0,0.044950154420307274,1,311,83,394,0.7494499449944995,0.6115702479338843
2019,314,1,0,0.026892007466534286,1,312,83,395,0.7447131178279457,0.6065573770491803
2020,317,1,0,0.1565816264319473,1,313,83,396,0.74,0.6016260162601627
2021,320,1,1,0.9989216488444549,1,313,83,396,0.7405980598059806,0.6048387096774194
2022,321,1,1,0.9995357593536166,1,313,83,396,0.7411964785914367,0.608
2023,338,1,1,0.9993362803782169,1,313,83,396,0.741795616054449,0.6111111111111112
2024,355,1,1,0.9992024768008656,1,313,83,396,0.7423958333333333,0.6141732283464567
2025,369,1,0,0.12718460535612344,1,314,83,397,0.7378080613241815,0.609375
2026,370,1,0,0.1115187474555945,1,315,83,398,0.7332481203007519,0.6046511627906976
2027,373,1,1,0.919187744705961,1,315,83,398,0.7339020473705338,0.6076923076923076
2028,380,1,1,0.9995994000112324,1,315,83,398,0.7345583358456438,0.6106870229007634
2029,413,1,0,0.011203681494325738,1,316,83,399,0.7300817096165935,0.6060606060606061
2030,422,1,0,0.3273739209285546,1,317,83,400,0.7249241282283188,0.5984848484848485
2031,433,1,1,0.9997276709167111,1,317,83,400,0.7249241282283188,0.5984848484848485
2032,436,1,1,0.999995572026606,1,317,83,400,0.7300817096165935,0.6060606060606061
2033,438,1,1,0.9972880791716636,1,317,83,400,0.7352173913043478,0.6136363636363636
2034,439,1,1,0.9921496535784325,1,317,83,400,0.7352173913043478,0.6136363636363636
2035,442,1,1,0.9998689684662343,1,317,83,400,0.7352173913043478,0.6136363636363636
2036,446,1,0,0.06623144235162848,1,318,83,401,0.7300817096165935,0.6060606060606061
2037,448,1,1,0.6381523150512266,1,318,83,401,0.7300817096165935,0.6060606060606061
2038,479,1,1,0.9926463801545709,1,318,83,401,0.7352173913043478,0.6136363636363636
2039,481,1,0,0.0031098311089177272,1,319,83,402,0.7300817096165935,0.6060606060606061
2040,486,1,1,0.996696812180021,1,319,83,402,0.7300817096165935,0.6060606060606061
2041,501,1,1,0.9989508457873005,1,319,83,402,0.7352173913043478,0.6136363636363636
2042,502,1,1,0.9999871399138691,1,319,83,402,0.7352173913043478,0.6136363636363636
2043,508,1,1,0.9807878471331076,1,319,83,402,0.7352173913043478,0.6136363636363636
2044,511,1,1,0.9969538154774725,1,319,83,402,0.7352173913043478,0.6136363636363636
2045,513,1,0,2.3904358108973766e-05,1,320,83,403,0.7352173913043478,0.6136363636363636
2046,517,1,1,0.9986224962930139,1,320,83,403,0.7403318979627811,0.6212121212121212
2047,518,1,0,0.24739139301311164,1,321,83,404,0.7403318979627811,0.6212121212121212
2048,524,1,0,0.15654059733159656,1,322,83,405,0.7403318979627811,0.6212121212121212
2049,535,1,1,0.9450646367367326,1,322,83,405,0.7403318979627811,0.6212121212121212
2050,538,1,1,0.9989379272864178,1,322,83,405,0.7403318979627811,0.6212121212121212
2051,573,1,1,0.9598130994750568,1,322,83,405,0.7403318979627811,0.6212121212121212
2052,584,1,0,0.0003513369457717296,1,323,83,406,0.7352173913043478,0.6136363636363636
2053,592,1,1,0.5845145620797402,1,323,83,406,0.7352173913043478,0.6136363636363636
2054,595,1,1,0.9996770722094626,1,323,83,406,0.7403318979627811,0.6212121212121212
2055,600,1,1,0.9992526321188901,1,323,83,406,0.7403318979627811,0.6212121212121212
2056,610,1,1,0.9814608928545954,1,323,83,406,0.7403318979627811,0.6212121212121212
2057,617,1,0,0.0004362130606805504,1,324,83,407,0.7352173913043478,0.6136363636363636
2058,627,1,0,0.036139723602641956,1,325,83,408,0.7300817096165935,0.6060606060606061
2059,629,1,0,0.0023058243360371752,1,326,83,409,0.7249241282283188,0.5984848484848485
2060,640,1,1,0.9997332206115574,1,326,83,409,0.7249241282283188,0.5984848484848485
2061,668,1,0,0.044950154420307274,1,327,83,410,0.7197439180537772,0.5909090909090909
2062,670,1,1,0.9893136027170203,1,327,83,410,0.7197439180537772,0.5909090909090909
2063,684,1,1,0.9989534070303371,1,327,83,410,0.7197439180537772,0.5909090909090909
2064,693,1,1,0.9974363502213137,1,327,83,410,0.7197439180537772,0.5909090909090909
2065,710,1,1,0.9992350581427651,1,327,83,410,0.7197439180537772,0.5909090909090909
2066,713,1,0,0.03247503425557027,1,328,83,411,0.7145403452428744,0.5833333333333334
2067,723,1,1,0.9998076870611423,1,328,83,411,0.7197439180537772,0.5909090909090909
2068,728,1,0,0.00010358886918407942,1,329,83,412,0.7197439180537772,0.5909090909090909
2069,743,1,1,0.9955003389007184,1,329,83,412,0.7197439180537772,0.5909090909090909
2070,745,1,0,0.22417734349388388,1,330,83,413,0.7145403452428744,0.5833333333333334
2071,748,1,1,0.9989839720868411,1,330,83,413,0.7197439180537772,0.5909090909090909
2072,750,1,0,0.4043989982230431,1,331,83,414,0.7197439180537772,0.5909090909090909
2073,754,1,1,0.9347530283672133,1,331,83,414,0.7249241282283188,0.5984848484848485
2074,755,1,1,0.7602968808885714,1,331,83,414,0.7249241282283188,0.5984848484848485
2075,757,1,0,0.035567925762317563,1,332,83,415,0.7249241282283188,0.5984848484848485
2076,760,1,0,0.10799888563616662,1,333,83,416,0.7249241282283188,0.5984848484848485
2077,763,1,1,0.9307044696427228,1,333,83,416,0.7249241282283188,0.5984848484848485
2078,783,1,1,0.9996093469844278,1,333,83,416,0.7300817096165935,0.6060606060606061
2079,800,1,1,0.9984524972775566,1,333,83,416,0.7352173913043478,0.6136363636363636
2080,816,1,0,0.3844271510481523,1,334,83,417,0.7300817096165935,0.6060606060606061
2081,817,1,1,0.9958471712552812,1,334,83,417,0.7300817096165935,0.6060606060606061
2082,824,1,1,0.9970871254420268,1,334,83,417,0.7352173913043478,0.6136363636363636
2083,825,1,1,0.9996054541235225,1,334,83,417,0.7352173913043478,0.6136363636363636
2084,826,1,0,0.17048533231822088,1,335,83,418,0.7352173913043478,0.6136363636363636
2085,838,1,1,0.9998205957991048,1,335,83,418,0.7352173913043478,0.6136363636363636
2086,847,1,0,0.047026084836950074,1,336,83,419,0.7300817096165935,0.6060606060606061
2087,848,1,1,0.8125518715143858,1,336,83,419,0.7352173913043478,0.6136363636363636
2088,872,1,1,0.9996419652617886,1,336,83,419,0.7403318979627811,0.6212121212121212
2089,873,1,1,0.998426590307786,1,336,83,419,0.7454259501965924,0.6287878787878788
2090,877,1,1,0.9991570520269553,1,336,83,419,0.7454259501965924,0.6287878787878788
2091,882,1,1,0.997421984026108,1,336,83,419,0.7454259501965924,0.6287878787878788
2092,885,1,1,0.9999660218183553,1,336,83,419,0.7454259501965924,0.6287878787878788
2093,901,1,0,0.03460499753718179,1,337,83,420,0.7454259501965924,0.6287878787878788
2094,902,1,1,0.9987254418255014,1,337,83,420,0.7505002648906379,0.6363636363636364
2095,903,1,0,0.004922200326546169,1,338,83,421,0.7454259501965924,0.6287878787878788
2096,904,1,1,0.9999940527795413,1,338,83,421,0.7505002648906379,0.6363636363636364
2097,911,1,1,0.9970745724925059,1,338,83,421,0.7505002648906379,0.6363636363636364
2098,913,1,1,0.996590909736134,1,338,83,421,0.7555555555555555,0.6439393939393939
2099,916,1,0,0.08418528609383936,1,339,83,422,0.7505002648906379,0.6363636363636364
2100,920,1,1,0.5266570233465019,1,339,83,422,0.7555555555555555,0.6439393939393939
2101,923,1,1,0.9990333809662744,1,339,83,422,0.7605925326727168,0.6515151515151515
2102,950,1,1,0.999466013724548,1,339,83,422,0.7605925326727168,0.6515151515151515
2103,995,1,0,0.37734574898698,1,340,83,423,0.7605925326727168,0.6515151515151515
2104,1004,1,1,0.622014173201592,1,340,83,423,0.7605925326727168,0.6515151515151515
2105,1022,1,1,0.9992374617226177,1,340,83,423,0.7605925326727168,0.6515151515151515
2106,1023,1,1,0.9998431224860611,1,340,83,423,0.7605925326727168,0.6515151515151515
2107,1025,1,1,0.9997870457818117,1,340,83,423,0.7656119040388703,0.6590909090909091
2108,1037,1,1,0.9999966986796657,1,340,83,423,0.7706143751108407,0.6666666666666666
2109,1054,1,1,0.9994667032109381,1,340,83,423,0.7756006493506493,0.6742424242424242
2110,1058,1,0,0.0014750575286401394,1,341,83,424,0.7706143751108407,0.6666666666666666
2111,1087,1,1,0.7882766440628031,1,341,83,424,0.7706143751108407,0.6666666666666666
2112,1093,1,0,0.36646346805031405,1,342,83,425,0.7706143751108407,0.6666666666666666
2113,1107,1,0,0.000748991139533632,1,343,83,426,0.7656119040388703,0.6590909090909091
2114,1108,1,1,0.9997236556431518,1,343,83,426,0.7656119040388703,0.6590909090909091
2115,1109,1,1,0.9952178908190235,1,343,83,426,0.7656119040388703,0.6590909090909091
2116,1115,1,1,0.9988840869325231,1,343,83,426,0.7706143751108407,0.6666666666666666
2117,1120,1,0,0.034452539004611156,1,344,83,427,0.7661363636363636,0.6616541353383458
2118,1127,1,0,0.029144000931970844,1,345,83,428,0.7664285714285713,0.6567164179104478
2119,1128,1,1,0.9998521363342452,1,345,83,428,0.7669819957277998,0.6592592592592592
2120,1129,1,1,0.9959364914086737,1,345,83,428,0.7675397796817626,0.6617647058823529
2121,1137,1,1,0.9995118798284485,1,345,83,428,0.7681023017902813,0.6642335766423357
2122,1144,1,0,0.17944676943485538,1,346,83,429,0.7637547068316298,0.6594202898550725
2123,1153,1,1,0.9863902991262413,1,346,83,429,0.7643501837526663,0.6618705035971223
2124,1155,1,0,0.340634004626308,1,347,83,430,0.7600659046442179,0.6571428571428571
2125,1182,1,1,0.9996035777789702,1,347,83,430,0.760696568830095,0.6595744680851063
2126,1185,1,1,0.9951096269816844,1,347,83,430,0.7613341632949476,0.6619718309859155
2127,1190,1,0,0.040103427485578,1,348,83,431,0.7571472751370878,0.6573426573426573
2128,1209,1,1,0.9999455925356099,1,348,83,431,0.7625,0.6597222222222222
2129,1213,1,1,0.9934141607777124,1,348,83,431,0.7631812951145517,0.6620689655172414
2130,1221,1,1,0.9982166424215987,1,348,83,431,0.7638713745271122,0.6643835616438356
2131,1231,1,1,0.9988469413348892,1,348,83,431,0.7645707950585999,0.6666666666666666
2132,1235,1,1,0.9994536706414453,1,348,83,431,0.7652801358234295,0.668918918918919
2133,1246,1,1,0.9928950436330279,1,348,83,431,0.7659999999999999,0.6711409395973155
2134,1253,1,0,0.0016889451280868108,1,349,83,432,0.7620390919543303,0.6666666666666666
2135,1257,1,1,0.9997146329181109,1,349,83,432,0.7628063241106718,0.6688741721854304
2136,1266,1,0,0.0010730782283878764,1,350,83,433,0.7589299967641031,0.6644736842105263
2137,1291,1,1,0.9997004800156162,1,350,83,433,0.7597482638888888,0.6666666666666666
2138,1297,1,1,0.9996521919911078,1,350,83,433,0.7605808494377115,0.6688311688311688
2139,1299,1,1,0.9984655818303692,1,350,83,433,0.7614285714285713,0.6709677419354839
2140,1301,1,1,0.9971717985477774,1,350,83,433,0.7622922889700188,0.6730769230769231
2141,1315,1,0,0.07529634829177866,1,351,83,434,0.7586309011684383,0.6687898089171974
2142,1318,1,0,0.06058772526916327,1,352,83,435,0.7550267379679144,0.6645569620253164
2143,1328,1,0,0.023742594391856508,1,353,83,436,0.7514814814814815,0.660377358490566
2144,1336,1,1,0.9964991450615323,1,353,83,436,0.75249922559207,0.6625
2145,1337,1,1,0.9998539723171459,1,353,83,436,0.753538692925452,0.6645962732919255
2146,1340,1,0,0.03247503425557022,1,354,83,437,0.7501538461538462,0.6604938271604939
2147,1352,1,1,0.9995948484126875,1,354,83,437,0.7557181269487114,0.6625766871165644
2148,1368,1,0,0.023245839613113252,1,355,83,438,0.7524264705882352,0.6585365853658537
2149,1378,1,1,0.9926870975024231,1,355,83,438,0.7536090835360909,0.6606060606060606
2150,1387,1,0,0.043652651170326254,1,356,83,439,0.7504436363636364,0.6566265060240963
2151,1403,1,1,0.9991964137835874,1,356,83,439,0.7517134806727128,0.6586826347305389
2152,1408,1,1,0.7410633976378915,1,356,83,439,0.7530151959477471,0.6607142857142857
2153,1409,1,0,0.21587013818708117,1,357,83,440,0.7500476190476191,0.6568047337278107
2154,1417,1,1,0.9967191637808713,1,357,83,440,0.751448491405217,0.6588235294117647
2155,1450,1,1,0.998874589647714,1,357,83,440,0.7528873239436621,0.6608187134502924
2156,1470,1,0,0.000246488412360218,1,358,83,441,0.75013882532418,0.6569767441860465
2157,1496,1,1,0.9983399329086963,1,358,83,441,0.7516909746847154,0.6589595375722543
2158,1502,1,1,0.9972012019374568,1,358,83,441,0.753288444153496,0.6609195402298851
2159,1512,1,0,0.038174761805976974,1,359,83,442,0.7507836990595612,0.6571428571428571
2160,1515,1,1,0.9998876386985354,1,359,83,442,0.7525114155251141,0.6590909090909091
2161,1518,1,1,0.9995186023193674,1,359,83,442,0.7542934154793993,0.6610169491525424
2162,1523,1,1,0.6279807515605935,1,359,83,442,0.7561330561330561,0.6629213483146067
2163,1528,1,0,6.159432134245458e-05,1,360,83,443,0.7539939851590337,0.659217877094972
2164,1540,1,1,0.9989482496890164,1,360,83,443,0.7559919202622604,0.6611111111111111
2165,1559,1,0,0.16326158711583552,1,361,83,444,0.7540666666666667,0.6574585635359116
2166,1592,1,1,0.9941215157459774,1,361,83,444,0.7562400324368157,0.6593406593406593
2167,1599,1,1,0.99764706300322,1,361,83,444,0.7584923245614036,0.6612021857923497
2168,1604,1,1,0.9996750385310595,1,361,83,444,0.7608288137950217,0.6630434782608695
2169,1605,1,1,0.9988509793329396,1,361,83,444,0.7632552230378318,0.6648648648648648
2170,1631,1,0,0.07819595925697898,1,362,83,445,0.7619268110530247,0.6612903225806451
2171,1655,1,1,0.9986008409719377,1,362,83,445,0.7645836193504101,0.6631016042780749
2172,1658,1,1,0.999844194326005,1,362,83,445,0.7673504461826596,0.6648936170212766
2173,1660,1,1,0.9926217477512781,1,362,83,445,0.7702352941176471,0.6666666666666666
2174,1670,1,1,0.9721686628824826,1,362,83,445,0.7732469309414313,0.6684210526315789
2175,1673,1,1,0.9986467354287101,1,362,83,445,0.7763949843260188,0.6701570680628273
2176,1674,1,1,0.9882519840012506,1,362,83,445,0.7796900508695138,0.671875
2177,1688,1,1,0.9995203120494266,1,362,83,445,0.7831438221221504,0.6735751295336787
2178,1689,1,1,0.9922930168068509,1,362,83,445,0.7867692307692308,0.6752577319587629
2179,1709,1,1,0.9879537346907673,1,362,83,445,0.790580620836999,0.676923076923077
2180,1715,1,1,0.9972821313848058,1,362,83,445,0.7945939466586754,0.6785714285714286
2181,1730,1,1,0.9973387026955954,1,362,83,445,0.798827006436359,0.6802030456852792
2182,1736,1,1,0.9994116036921895,1,362,83,445,0.8032997176280758,0.6818181818181818
2183,1758,1,1,0.99455124762821,1,362,83,445,0.8080344431687715,0.6834170854271356
2184,1771,1,1,0.999751679411689,1,362,83,445,0.8130563798219584,0.685
2185,1800,1,1,0.5383086669220195,1,362,83,445,0.8130563798219584,0.685
2186,1801,1,1,0.9990337295844061,1,362,83,445,0.8130563798219584,0.685
2187,1829,1,0,1.101807088360228e-05,1,363,83,446,0.8095238095238095,0.68
2188,1831,1,1,0.9996366377967917,1,363,83,446,0.8095238095238095,0.68
2189,1836,1,1,0.9983790268401759,1,363,83,446,0.8095238095238095,0.68
2190,1840,1,1,0.9735809442899133,1,363,83,446,0.8095238095238095,0.68
2191,1843,1,1,0.9968316674246365,1,363,83,446,0.8130563798219584,0.685
2192,1845,1,1,0.9946799223573355,1,363,83,446,0.8130563798219584,0.685
2193,1852,1,0,3.232202530804089e-05,1,364,83,447,0.8095238095238095,0.68
2194,1854,1,0,0.12465980332247545,1,365,83,448,0.8095238095238095,0.68
2195,1855,1,1,0.9675718997649253,1,365,83,448,0.8130563798219584,0.685
2196,1864,1,0,7.559525747510518e-05,1,366,83,449,0.8130563798219584,0.685
2197,1872,1,1,0.9558632659781846,1,366,83,449,0.8165680473372781,0.69
2198,1879,1,1,0.6581541103706834,1,366,83,449,0.8165680473372781,0.69
2199,1903,1,0,0.1769300647611333,1,367,83,450,0.8130563798219584,0.685
2200,1909,1,1,0.9963420957392908,1,367,83,450,0.8130563798219584,0.685
2201,1914,1,0,0.03598846957819409,1,368,83,451,0.8130563798219584,0.685
2202,1915,1,0,0.001161999118328342,1,369,83,452,0.8095238095238095,0.68
2203,1928,1,1,0.9217132740560001,1,369,83,452,0.8095238095238095,0.68
2204,1929,1,1,0.9997667521761324,1,369,83,452,0.8095238095238095,0.68
2205,1937,1,1,0.6800198248469826,1,369,83,452,0.8095238095238095,0.68
2206,1942,1,1,0.9815935081493594,1,369,83,452,0.8130563798219584,0.685
2207,1947,1,1,0.8440559244191038,1,369,83,452,0.8165680473372781,0.69
2208,1948,1,1,0.9999958047490242,1,369,83,452,0.8200589970501475,0.695
2209,1959,1,1,0.9931656246415071,1,369,83,452,0.8200589970501475,0.695
2210,1996,1,1,0.9889961377968833,1,369,83,452,0.8235294117647058,0.7
2211,2004,1,0,0.03032882898864578,1,370,83,453,0.8200589970501475,0.695
2212,2009,1,1,0.991772297305274,1,370,83,453,0.8200589970501475,0.695
2213,2025,1,0,0.2586399566708073,1,371,83,454,0.8165680473372781,0.69
2214,2041,1,1,0.9998690843930539,1,371,83,454,0.8165680473372781,0.69
2215,2042,1,1,0.9993756633273413,1,371,83,454,0.8165680473372781,0.69
2216,2046,1,0,0.122564192661905,1,372,83,455,0.8130563798219584,0.685
2217,2056,1,1,0.9992903743905307,1,372,83,455,0.8165680473372781,0.69
2218,2087,1,1,0.9980335742137352,1,372,83,455,0.8200589970501475,0.695
2219,2113,1,1,0.9994437616071817,1,372,83,455,0.8235294117647058,0.7
2220,2115,1,1,0.9991603573241411,1,372,83,455,0.8269794721407625,0.705
2221,2135,1,0,0.011014256832546136,1,373,83,456,0.8235294117647058,0.7
2222,2151,1,1,0.9983348382975756,1,373,83,456,0.8235294117647058,0.7
2223,2160,1,1,0.9998065577280016,1,373,83,456,0.8235294117647058,0.7
2224,2172,1,0,0.00019198053587077003,1,374,83,457,0.8200589970501475,0.695
2225,2214,1,1,0.9978102821975567,1,374,83,457,0.8235294117647058,0.7
2226,2216,1,0,4.110357831833632e-05,1,375,83,458,0.8235294117647058,0.7
2227,2228,1,1,0.9979840475452719,1,375,83,458,0.8235294117647058,0.7
2228,2229,1,0,4.5694028770622794e-08,1,376,83,459,0.8200589970501475,0.695
2229,2238,1,1,0.9995785007397554,1,376,83,459,0.8235294117647058,0.7
2230,2248,1,1,0.999995321311153,1,376,83,459,0.8269794721407625,0.705
2231,2254,1,1,0.997122842172052,1,376,83,459,0.8269794721407625,0.705
2232,2262,1,1,0.9999212703137147,1,376,83,459,0.8269794721407625,0.705
2233,2272,1,0,0.03408775205631678,1,377,83,460,0.8235294117647058,0.7
2234,2278,1,1,0.9997590920607858,1,377,83,460,0.8235294117647058,0.7
2235,2281,1,1,0.9997709298654416,1,377,83,460,0.8235294117647058,0.7
2236,2282,1,1,0.9993872887465437,1,377,83,460,0.8269794721407625,0.705
2237,2290,1,1,0.7855027503694785,1,377,83,460,0.8269794721407625,0.705
2238,2298,1,0,0.07279272851870625,1,378,83,461,0.8235294117647058,0.7
2239,2300,1,1,0.9904238821780954,1,378,83,461,0.8269794721407625,0.705
2240,2303,1,1,0.9930234059813668,1,378,83,461,0.8269794721407625,0.705
2241,2310,1,1,0.9999077141149403,1,378,83,461,0.8269794721407625,0.705
2242,2316,1,1,0.9874623343394183,1,378,83,461,0.8269794721407625,0.705
2243,2320,1,1,0.9905083036948321,1,378,83,461,0.8269794721407625,0.705
2244,2322,1,1,0.9994607153029156,1,378,83,461,0.8269794721407625,0.705
2245,2323,1,0,2.3904355086218462e-05,1,379,83,462,0.8269794721407625,0.705
2246,2334,1,0,0.4722111566368079,1,380,83,463,0.8235294117647058,0.7
2247,2341,1,0,0.011738308675479486,1,381,83,464,0.8235294117647058,0.7
2248,2344,1,1,0.9450081378691736,1,381,83,464,0.8269794721407625,0.705
2249,2363,1,1,0.9996672681229876,1,381,83,464,0.8269794721407625,0.705
2250,2371,1,1,0.9987669493139029,1,381,83,464,0.8269794721407625,0.705
2251,2390,1,1,0.9942699295709584,1,381,83,464,0.8269794721407625,0.705
2252,2402,1,1,0.9364340127202362,1,381,83,464,0.8304093567251463,0.71
2253,2413,1,1,0.9995652459196249,1,381,83,464,0.8304093567251463,0.71
2254,2428,1,0,0.04650465635669609,1,382,83,465,0.8269794721407625,0.705
2255,2433,1,1,0.999365300124009,1,382,83,465,0.8269794721407625,0.705
2256,2439,1,1,0.991555191319577,1,382,83,465,0.8269794721407625,0.705
2257,2440,1,1,0.9953706644496852,1,382,83,465,0.8304093567251463,0.71
2258,2449,1,1,0.9979622399290372,1,382,83,465,0.8338192419825073,0.715
2259,2460,1,1,0.9997691061539973,1,382,83,465,0.8372093023255814,0.72
2260,2462,1,0,0.02860346528647494,1,383,83,466,0.8338192419825073,0.715
2261,2481,1,0,0.00046986829392844004,1,384,83,467,0.8338192419825073,0.715
2262,2499,1,1,0.9985793382660529,1,384,83,467,0.8338192419825073,0.715
2263,2538,0,0,0.0002951241071283325,1,384,83,467,0.8288498434315821,0.7135678391959799
2264,2558,0,0,0.00015725663544551255,1,384,83,467,0.8241955607137676,0.7121212121212122
2265,2594,0,0,0.00017854377548155457,1,384,83,467,0.8198261975413311,0.7106598984771574
2266,2632,0,0,0.0005692140528050313,1,384,83,467,0.8191666666666667,0.7142857142857143
2267,2829,0,0,0.004143200027808442,1,384,83,467,0.8153148248956632,0.7128205128205128
2268,2838,0,0,0.0007891380499001938,1,384,83,467,0.8151629241181478,0.7164948453608248
2269,2842,0,0,0.00028926097540846104,1,384,83,467,0.8117540172511931,0.7150259067357513
2270,2854,0,0,6.247939569425034e-05,1,384,83,467,0.8120519480519479,0.71875
2271,2878,0,0,0.00037211500738628197,1,384,83,467,0.8090243902439025,0.7172774869109948
2272,2880,0,0,5.116446509233787e-05,1,384,83,467,0.8097230949687906,0.7210526315789474
2273,2943,0,0,0.0020708653550506194,1,384,83,467,0.807025641025641,0.7195767195767195
2274,2977,0,0,8.38092024536266e-06,1,384,83,467,0.8044598126331873,0.7180851063829787
2275,2979,0,0,0.004134758043876515,1,384,83,467,0.805672877846791,0.7219251336898396
2276,3027,0,0,0.3075784375810637,1,384,83,467,0.8070531172364841,0.7258064516129032
2277,3065,0,0,0.0010629069421504253,1,384,83,467,0.8048937652385928,0.7243243243243244
2278,3079,0,0,0.0010039589559389533,1,384,83,467,0.8028307551974458,0.7228260869565217
2279,3109,0,0,1.3491882150050495e-05,1,384,83,467,0.8008571428571429,0.7213114754098361
2280,3111,0,1,0.6774439984646865,1,384,84,468,0.7986666666666666,0.7252747252747253
2281,3171,0,0,0.0007350654178049348,1,384,84,468,0.7968502809298227,0.7237569060773481
2282,3204,0,0,0.0034862819350243222,1,384,84,468,0.795108204776184,0.7222222222222222
2283,3218,0,0,2.3944278385858226e-05,1,384,84,468,0.7934353995519043,0.7206703910614525
2284,3221,0,0,0.0012941527944417498,1,384,84,468,0.7957368718238282,0.7247191011235955
2285,3252,0,0,0.43943121224411175,1,384,84,468,0.7942219440967877,0.7231638418079096
2286,3305,0,0,0.00021108599069673303,1,384,84,468,0.7967282139775669,0.7272727272727273
2287,3333,0,1,0.896940166227769,1,384,85,469,0.7909813596491228,0.7257142857142858
2288,3349,0,0,0.00036490926973947133,1,384,85,469,0.7896337342884173,0.7241379310344828
2289,3352,0,0,0.0015712387053036375,1,384,85,469,0.7883333333333334,0.7225433526011561
2290,3357,0,0,0.004728910456690385,1,384,85,469,0.7870772470061851,0.7209302325581395
2291,3359,0,0,0.0002913519934338764,1,384,85,469,0.7858627858627859,0.7192982456140351
2292,3368,0,1,0.997529342073543,1,384,86,470,0.7801937046004842,0.7176470588235294
2293,3426,0,0,2.9864853723043296e-05,1,384,86,470,0.783179309459633,0.7218934911242604
2294,3477,0,0,6.839512464163383e-06,1,384,86,470,0.7820903094875697,0.7202380952380952
2295,3488,0,0,0.013964840119185706,1,384,86,470,0.7852243135029479,0.7245508982035929
2296,3503,0,0,7.821411980491356e-06,1,384,86,470,0.784228311356339,0.7228915662650602
2297,3709,0,1,0.7502676575580096,1,384,87,471,0.7786458333333333,0.7212121212121212
2298,3724,0,0,6.094055022537571e-05,1,384,87,471,0.777695988222304,0.7195121951219512
2299,3787,0,0,0.00018605025772035569,1,384,87,471,0.7810511060259344,0.7239263803680982
2300,3839,0,0,8.536748630024942e-05,1,384,87,471,0.7801800006040288,0.7222222222222222
2301,3852,0,0,0.00013578122157123867,1,384,87,471,0.7793322168725142,0.7204968944099379
2302,3855,0,0,0.0001968228371730056,1,384,87,471,0.7785064723481147,0.71875
2303,3881,0,0,0.00012374806604597982,1,384,87,471,0.7820780752447223,0.7232704402515723
2304,3897,0,0,0.0004173948461532308,1,384,87,471,0.7813183730715287,0.7215189873417721
2305,3911,0,0,1.978678300459533e-05,1,384,87,471,0.7805769899200555,0.7197452229299363
2306,3913,0,0,0.05130259038637653,1,384,87,471,0.7798529411764705,0.717948717948718
2307,3921,0,0,0.00031071720652241014,1,384,87,471,0.7791452991452991,0.7161290322580646
2308,4058,0,0,9.908345945901193e-05,1,384,87,471,0.7784531886024424,0.7142857142857143
2309,4283,0,0,0.014563106501552271,1,384,87,471,0.7777757827404332,0.7124183006535948
2310,4346,0,0,0.06628990906308141,1,384,87,471,0.7816519916142559,0.7171052631578947
2311,4397,0,0,0.00014700704305754995,1,384,87,471,0.7810249507368655,0.7152317880794702
2312,4420,0,0,0.00026557944507384795,1,384,87,471,0.7849872773536896,0.72
2313,4423,0,0,0.004468149196271918,1,384,87,471,0.7889977673033987,0.7248322147651006
2314,4475,0,0,3.513816668634929e-05,1,384,87,471,0.7884498480243161,0.722972972972973
2315,4560,0,0,0.00024173542671304804,1,384,87,471,0.7879118935539168,0.7210884353741497
2316,4699,0,0,0.0002918923339554826,1,384,87,471,0.7873833671399595,0.7191780821917808
2317,4736,0,0,0.0003762723763396483,1,384,87,471,0.7915327364901305,0.7241379310344828
2318,4747,0,0,1.1317695005877214e-05,1,384,87,471,0.7957236965932617,0.7291666666666666
2319,4776,0,0,2.7686287698258814e-05,1,384,87,471,0.7952616380117115,0.7272727272727273
2320,4818,0,0,0.0001386279251428431,1,384,87,471,0.7948067767759781,0.7253521126760564
2321,4834,0,0,0.0001083895956302942,1,384,87,471,0.7943587097457067,0.723404255319149
2322,4842,0,0,9.72235641803758e-05,1,384,87,471,0.798669623059867,0.7285714285714285
2323,4918,0,0,0.003890343886429027,1,384,87,471,0.7982534678436317,0.7266187050359713
2324,4943,0,0,0.0005892266709054233,1,384,87,471,0.8026248329008413,0.7318840579710145
2325,4961,0,0,0.0002535680907847966,1,384,87,471,0.8022383151961168,0.7299270072992701
2326,4983,0,1,0.5395051216144052,1,384,88,472,0.7969999999999999,0.7279411764705882
2327,12,1,0,0.08783023133413255,1,385,88,473,0.7969999999999999,0.7279411764705882
2328,160,1,0,8.952283832678195e-05,1,386,88,474,0.7921910652563736,0.7205882352941176
2329,165,1,0,0.00032361099118042566,1,387,88,475,0.7873721340388008,0.7132352941176471
2330,207,1,0,0.03392501778051793,1,388,88,476,0.7825425176671585,0.7058823529411765
2331,253,1,0,0.0002576526070285756,1,389,88,477,0.7777015295576684,0.6985294117647058
2332,383,1,1,0.9205477136486063,1,389,88,477,0.7777015295576684,0.6985294117647058
2333,399,1,1,0.9957605550231083,1,389,88,477,0.7777015295576684,0.6985294117647058
2334,406,1,0,0.0011098958126103291,1,390,88,478,0.7777015295576684,0.6985294117647058
2335,408,1,0,8.580728270543472e-05,1,391,88,479,0.772848484848485,0.6911764705882353
2336,616,1,0,0.020304258094370687,1,392,88,480,0.772848484848485,0.6911764705882353
2337,703,1,0,0.08822570862694702,1,393,88,481,0.7679827000308928,0.6838235294117647
2338,732,1,0,0.15793289627590773,1,394,88,482,0.7631034925856441,0.6764705882352942
2339,811,1,0,0.009055777502643992,1,395,88,483,0.7582101806239737,0.6691176470588235
2340,968,1,0,1.1739040852556786e-05,1,396,88,484,0.7533020825328518,0.6617647058823529
2341,982,1,0,0.00893442542709397,1,397,88,485,0.7533020825328518,0.6617647058823529
2342,1049,1,1,0.9999356688526223,1,397,88,485,0.7582101806239737,0.6691176470588235
2343,1051,1,0,0.0012376913073843376,1,398,88,486,0.7582101806239737,0.6691176470588235
2344,1073,1,0,0.003635675788437246,1,399,88,487,0.7533020825328518,0.6617647058823529
2345,1092,1,1,0.9969115864552316,1,399,88,487,0.7533020825328518,0.6617647058823529
2346,1140,1,0,8.658138533383254e-06,1,400,88,488,0.7533020825328518,0.6617647058823529
2347,1151,1,0,0.0015980552386141574,1,401,88,489,0.7483785166240409,0.6544117647058824
2348,1161,1,0,0.45323901968954017,1,402,88,490,0.7483785166240409,0.6544117647058824
2349,1166,1,0,0.021085656129134395,1,403,88,491,0.743438800786537,0.6470588235294118
2350,1199,1,0,0.002848926107852082,1,404,88,492,0.743438800786537,0.6470588235294118
2351,1245,1,1,0.9801562693842286,1,404,88,492,0.743438800786537,0.6470588235294118
2352,1252,1,0,0.03967405677585824,1,405,88,493,0.7384822521419829,0.6397058823529411
2353,1354,1,0,0.0023209190525787485,1,406,88,494,0.7384822521419829,0.6397058823529411
2354,1402,1,0,0.012441569691061811,1,407,88,495,0.7335081867026559,0.6323529411764706
2355,1416,1,1,0.6652750119243682,1,407,88,495,0.7335081867026559,0.6323529411764706
2356,1620,1,0,0.020480868863657655,1,408,88,496,0.7335081867026559,0.6323529411764706
2357,1650,1,0,4.227329459997941e-05,1,409,88,497,0.7285159190316347,0.625
2358,1682,1,0,0.2068837694242962,1,410,88,498,0.7235047619047619,0.6176470588235294
2359,1686,1,0,0.005160892861630161,1,411,88,499,0.7235047619047619,0.6176470588235294
2360,1699,1,0,0.000853641500135183,1,412,88,500,0.7184740259740261,0.6102941176470589
2361,1781,1,0,0.12082944372803743,1,413,88,501,0.713423019431988,0.6029411764705882
2362,1783,1,0,0.011233325525827457,1,414,88,502,0.7083510476768903,0.5955882352941176
2363,1820,1,1,0.9502967796276363,1,414,88,502,0.713423019431988,0.6029411764705882
2364,1891,1,0,6.689870640817339e-06,1,415,88,503,0.7083510476768903,0.5955882352941176
2365,1932,1,1,0.9999342248493008,1,415,88,503,0.713423019431988,0.6029411764705882
2366,1971,1,0,0.0041452725891205884,1,416,88,504,0.7083510476768903,0.5955882352941176
2367,1999,1,0,0.0027374534867138913,1,417,88,505,0.7032574129780833,0.5882352941176471
2368,2019,1,0,0.03125539110657177,1,418,88,506,0.6981414141414142,0.5808823529411765
2369,2058,1,1,0.9966382118878666,1,418,88,506,0.6981414141414142,0.5808823529411765
2370,2066,1,0,7.26734823780418e-05,1,419,88,507,0.6981414141414142,0.5808823529411765
2371,2067,1,1,0.7332654853371122,1,419,88,507,0.6981414141414142,0.5808823529411765
2372,2098,1,0,0.00010970527864687747,1,420,88,508,0.6930023461742223,0.5735294117647058
2373,2208,1,0,0.028658579978234844,1,421,88,509,0.6878394999495917,0.5661764705882353
2374,2222,1,1,0.9961123082773018,1,421,88,509,0.6878394999495917,0.5661764705882353
2375,2296,1,0,0.0009568776936148634,1,422,88,510,0.6826521618695071,0.5588235294117647
2376,2311,1,1,0.7405623447420301,1,422,88,510,0.6826521618695071,0.5588235294117647
2377,2319,1,1,0.9996753547331679,1,422,88,510,0.6826521618695071,0.5588235294117647
2378,2367,1,0,0.009115813958997132,1,423,88,511,0.6774396135265701,0.5514705882352942
2379,2378,1,0,6.689870640817339e-06,1,424,88,512,0.6722011313639221,0.5441176470588235
2380,2422,1,0,0.0009206975374739917,1,425,88,513,0.6669359863330319,0.5367647058823529
2381,2566,0,0,0.13145136974370775,1,425,88,513,0.6659373745483741,0.5333333333333333
2382,2577,0,0,2.2357602152337854e-06,1,425,88,513,0.6649423558897243,0.5298507462686567
2383,2700,0,0,0.0006746487463533073,1,425,88,513,0.6639503205128205,0.5263157894736842
2384,2823,0,0,0.004530060893515162,1,425,88,513,0.6629606645981383,0.5227272727272727
2385,2868,0,0,5.330835344914214e-05,1,425,88,513,0.6619727891156463,0.5190839694656488
2386,2876,0,0,6.900578286988886e-05,1,425,88,513,0.660986098609861,0.5153846153846153
2387,2890,0,0,0.0001059799700355215,1,425,88,513,0.6654773869346734,0.5193798449612403
2388,2910,0,0,0.0007089754830627807,1,425,88,513,0.6645226130653267,0.515625
2389,2964,0,0,1.5141334243150338e-05,1,425,88,513,0.6635675526993573,0.5118110236220472
2390,3022,0,0,0.00020455318052363478,1,425,88,513,0.662611632270169,0.5079365079365079
2391,3046,0,0,0.00010978998463597928,1,425,88,513,0.6616542764886987,0.504
2392,3073,0,0,0.0038423258911132754,1,425,88,513,0.6606949071870538,0.5
2393,3081,0,0,7.852883893977989e-05,1,425,88,513,0.6653684210526316,0.5040650406504065
2394,3133,0,0,9.779028080019546e-05,1,425,88,513,0.6700694601168534,0.5081967213114754
2395,3144,0,0,0.031759480883496415,1,425,88,513,0.6691659762496549,0.5041322314049587
2396,3170,0,0,1.246725230288974e-05,1,425,88,513,0.673922218872475,0.5083333333333333
2397,3194,0,0,0.00953993064550723,1,425,88,513,0.6730434782608696,0.5042016806722689
2398,3301,0,1,0.5769196991181382,1,425,89,514,0.6676260985621113,0.5
2399,3451,0,1,0.8949461170048466,1,425,90,515,0.6679043589937297,0.5042735042735043
2400,3519,0,0,2.7784521735405994e-05,1,425,90,515,0.667055172935745,0.5
2401,3539,0,0,1.4354800020055238e-05,1,425,90,515,0.671919191919192,0.5043478260869565
2402,3584,0,0,0.00048347508889177315,1,425,90,515,0.6768062893399732,0.5087719298245614
2403,3680,0,0,0.0746369508172927,1,425,90,515,0.6760059284031315,0.504424778761062
2404,3768,0,0,0.0019366039801654458,1,425,90,515,0.6752000000000001,0.5
2405,3776,0,0,0.0001221236712349557,1,425,90,515,0.6743879707672329,0.4954954954954955
2406,3789,0,1,0.9986219743676634,1,425,91,516,0.6690330477356181,0.4909090909090909
2407,3797,0,0,7.162115068735274e-05,1,425,91,516,0.6682148337595908,0.48623853211009177
2408,3865,0,0,4.2609150220996795e-06,1,425,91,516,0.6673891625615763,0.48148148148148145
2409,3890,0,0,0.00013028477111973102,1,425,91,516,0.6665554525795488,0.4766355140186916
2410,3941,0,0,0.0006394988254137912,1,425,91,516,0.6657131045886728,0.4716981132075472
2411,3951,0,0,0.0006289203424223082,1,425,91,516,0.670820066785742,0.47619047619047616
2412,4051,0,0,4.064819793304415e-05,1,425,91,516,0.6699945424777151,0.47115384615384615
2413,4057,0,0,0.00015091139519212427,1,425,91,516,0.6751458333333333,0.47572815533980584
2414,4090,0,0,5.488965181225028e-05,1,425,91,516,0.6743362276388742,0.47058823529411764
2415,4128,0,0,0.1011047068431253,1,425,91,516,0.6735161832702816,0.46534653465346537
2416,4129,0,0,0.0016911994020552905,1,425,91,516,0.6787360105332456,0.47
2417,4379,0,0,0.0005633993978861673,1,425,91,516,0.677930459633246,0.46464646464646464
2418,4432,0,0,0.00015725675406626796,1,425,91,516,0.6771132210963057,0.45918367346938777
2419,4496,0,0,0.03028128307946008,1,425,91,516,0.6762835904703334,0.4536082474226804
2420,4522,0,1,0.5329593095902109,1,425,92,517,0.6709824109824108,0.4479166666666667
2421,4559,0,0,0.00029223838685821793,1,425,92,517,0.6763101287946008,0.45263157894736844
2422,4578,0,0,0.0002865117081667487,1,425,92,517,0.6754915483434754,0.44680851063829785
2423,4720,0,0,7.877573134973679e-06,1,425,92,517,0.6746589208456912,0.44086021505376344
2424,4800,0,0,0.30683560768921003,1,425,92,517,0.6800524074680642,0.44565217391304346
2425,4847,0,0,0.00011665615552076548,1,425,92,517,0.6792307692307693,0.43956043956043955
2426,4868,0,0,9.203153873786581e-06,1,425,92,517,0.6846633038396868,0.4444444444444444
2427,4968,0,0,0.00022950284846749665,1,425,92,517,0.6838519608115234,0.43820224719101125
2428,4969,0,0,0.45931499901487366,1,425,92,517,0.6893226381461676,0.4431818181818182
2429,60,1,0,0.00032749321977465777,1,426,92,518,0.6830244584206849,0.4318181818181818
2430,68,1,0,0.18291638724056408,1,427,92,519,0.6766692851531815,0.42045454545454547
2431,128,1,0,0.2249965554121611,1,428,92,520,0.6702554138154375,0.4090909090909091
2432,169,1,0,0.010787463747088038,1,429,92,521,0.6637810945273631,0.3977272727272727
2433,213,1,0,0.0007475933509629222,1,430,92,522,0.6637810945273631,0.3977272727272727
2434,220,1,1,0.6039261496139126,1,430,92,522,0.6637810945273631,0.3977272727272727
2435,312,1,0,5.238271244407121e-06,1,431,92,523,0.6572445302080081,0.38636363636363635
2436,315,1,0,0.0013949398079965152,1,432,92,524,0.6506438746438746,0.375
2437,333,1,0,0.03224214995608136,1,433,92,525,0.6439772304699791,0.36363636363636365
2438,356,1,0,0.0008540879343672206,1,434,92,526,0.6439772304699791,0.36363636363636365
2439,357,1,0,0.012012204347748762,1,435,92,527,0.6372426470588235,0.3522727272727273
2440,388,1,0,0.014369745564181184,1,436,92,528,0.630438118312134,0.3409090909090909
2441,400,1,1,0.8286133252299576,1,436,92,528,0.630438118312134,0.3409090909090909
2442,416,1,1,0.9368118086543235,1,436,92,528,0.630438118312134,0.3409090909090909
2443,488,1,1,0.885938019359348,1,436,92,528,0.630438118312134,0.3409090909090909
2444,550,1,0,0.1389562699158644,1,437,92,529,0.6235615803499015,0.32954545454545453
2445,578,1,0,0.0048381072648669065,1,438,92,530,0.6235615803499015,0.32954545454545453
2446,591,1,0,0.002096685495403353,1,439,92,531,0.6235615803499015,0.32954545454545453
2447,603,1,0,0.1940320770883196,1,440,92,532,0.6235615803499015,0.32954545454545453
2448,635,1,0,0.001048627831518401,1,441,92,533,0.6166109090909092,0.3181818181818182
2449,654,1,1,0.9918139745907244,1,441,92,533,0.6166109090909092,0.3181818181818182
2450,659,1,0,0.0006861625935216891,1,442,92,534,0.60958391771856,0.3068181818181818
2451,674,1,1,0.9967478742912456,1,442,92,534,0.60958391771856,0.3068181818181818
2452,685,1,0,0.0007381651671352689,1,443,92,535,0.6024783540254175,0.29545454545454547
2453,712,1,0,0.0016264531065701988,1,444,92,536,0.5952918976294375,0.2840909090909091
2454,795,1,0,0.21905872919547173,1,445,92,537,0.5952918976294375,0.2840909090909091
2455,998,1,0,0.0022900191024738054,1,446,92,538,0.5880221570544151,0.2727272727272727
2456,1011,1,0,0.0013898059650551467,1,447,92,539,0.5806666666666667,0.26136363636363635
2457,1018,1,0,2.0035253802777352e-05,1,448,92,540,0.5732228834594335,0.25
2458,1090,1,0,0.0028151250301346616,1,449,92,541,0.5656881836759226,0.23863636363636365
2459,1236,1,0,0.10019445788277934,1,450,92,542,0.5580598592612727,0.22727272727272727
2460,1274,1,0,0.004355887355197534,1,451,92,543,0.5580598592612727,0.22727272727272727
2461,1279,1,0,5.550879755792615e-07,1,452,92,544,0.5580598592612727,0.22727272727272727
2462,1292,1,1,0.999975835277155,1,452,92,544,0.5580598592612727,0.22727272727272727
2463,1381,1,0,0.059705591416094425,1,453,92,545,0.5523368193292463,0.2247191011235955
2464,1386,1,0,2.335365276615117e-06,1,454,92,546,0.5466341696821078,0.2222222222222222
2465,1392,1,0,5.480030131083499e-05,1,455,92,547,0.540952380952381,0.21978021978021978
2466,1415,1,1,0.5454126806572436,1,455,92,547,0.5429649722844675,0.22826086956521738
2467,1461,1,0,0.00013545829566154522,1,456,92,548,0.5373364444835783,0.22580645161290322
2468,1504,1,0,0.00014873562626652317,1,457,92,549,0.5317297802711548,0.22340425531914893
2469,1539,1,0,0.0014224288154795098,1,458,92,550,0.5261454545454546,0.22105263157894736
2470,1552,1,0,5.537111594792614e-05,1,459,92,551,0.5205839416058394,0.21875
2471,1593,1,1,0.9979106968614768,1,459,92,551,0.5226746323529412,0.2268041237113402
2472,1685,1,1,0.996903728001925,1,459,92,551,0.5247179487179487,0.23469387755102042
2473,1690,1,0,0.00205527420580701,1,460,92,552,0.51924430318681,0.23232323232323232
2474,1697,1,0,0.01220791370146782,1,461,92,553,0.5137946630483944,0.23
2475,1740,1,0,0.4460465123285223,1,462,92,554,0.5083695193038777,0.22772277227722773
2476,1790,1,0,0.19724218948619418,1,463,92,555,0.5029693637077769,0.22549019607843138
2477,1940,1,1,0.9210526256482408,1,463,92,555,0.5050980392156863,0.23300970873786409
2478,1975,1,0,0.023081924410928514,1,464,92,556,0.49975632094585215,0.23076923076923078
2479,1978,1,0,0.00478680917416894,1,465,92,557,0.49444075672087623,0.22857142857142856
2480,2030,1,0,0.0006016606751828752,1,466,92,558,0.4928974444075672,0.22641509433962265
2481,2069,1,1,0.6842756992162728,1,466,92,558,0.4951098901098901,0.2336448598130841
2482,2070,1,0,0.006638138526488126,1,467,92,559,0.48986774008050604,0.23148148148148148
2483,2072,1,1,0.9996870473285635,1,467,92,559,0.49207286876547585,0.23853211009174313
2484,2157,1,0,0.038967025921792034,1,468,92,560,0.4868923611111111,0.23636363636363636
2485,2233,1,1,0.994038064389207,1,468,92,560,0.489092870240535,0.24324324324324326
2486,2245,1,0,0.0017247995900366753,1,469,92,561,0.48397515527950313,0.24107142857142858
2487,2250,1,1,0.9999778073712992,1,469,92,561,0.4899742599742599,0.24778761061946902
2488,2264,1,0,0.014492432427799405,1,470,92,562,0.48490547875611645,0.24561403508771928
2489,2325,1,0,0.0002682836747936189,1,471,92,563,0.47986666666666666,0.24347826086956523
2490,2426,1,0,0.008559921082917758,1,472,92,564,0.47485837389292274,0.2413793103448276
2491,2475,1,0,0.11112993692919891,1,473,92,565,0.46988115449915113,0.23931623931623933
2492,2500,0,0,0.00014587789882741922,1,473,92,565,0.4736203090507726,0.23931623931623933
2493,2501,0,0,0.0036369755057361164,1,473,92,565,0.4736203090507726,0.23931623931623933
2494,2536,0,0,0.000316194000531417,1,473,92,565,0.4736203090507726,0.23931623931623933
2495,2562,0,0,1.4560653334442668e-05,1,473,92,565,0.4736203090507726,0.23931623931623933
2496,2573,0,0,0.0009549829120213313,1,473,92,565,0.4736203090507726,0.23931623931623933
2497,2591,0,0,0.0004692969518555887,1,473,92,565,0.47736000000000006,0.23931623931623933
2498,2664,0,0,0.0005636970478432669,1,473,92,565,0.47736000000000006,0.23931623931623933
2499,2708,0,0,0.001116935016394789,1,473,92,565,0.47736000000000006,0.23931623931623933
2500,2735,0,0,7.01729543523507e-05,1,473,92,565,0.47736000000000006,0.23931623931623933
2501,2746,0,0,0.00019290309118150055,1,473,92,565,0.47736000000000006,0.23931623931623933
2502,2793,0,0,0.0002399266651868935,1,473,92,565,0.47736000000000006,0.23931623931623933
2503,2808,0,1,0.8650611460645784,1,473,93,566,0.4736203090507726,0.23931623931623933
2504,2889,0,0,0.0012238799770094098,1,473,93,566,0.4736203090507726,0.23931623931623933
2505,2908,0,0,0.00029134533332635885,1,473,93,566,0.4736203090507726,0.23931623931623933
2506,2941,0,0,0.0002504170153795874,1,473,93,566,0.4736203090507726,0.23931623931623933
2507,2949,0,0,0.0012300617001424349,1,473,93,566,0.4736203090507726,0.23931623931623933
2508,2984,0,0,4.3414400148603056e-05,1,473,93,566,0.4736203090507726,0.23931623931623933
2509,2992,0,0,6.215524395856592e-05,1,473,93,566,0.4736203090507726,0.23931623931623933
2510,3008,0,0,0.00041023460083967184,1,473,93,566,0.4736203090507726,0.23931623931623933
2511,3016,0,0,7.742586517367322e-06,1,473,93,566,0.4736203090507726,0.23931623931623933
2512,3095,0,0,0.0001623837964168121,1,473,93,566,0.4736203090507726,0.23931623931623933
2513,3267,0,0,7.081183243127854e-05,1,473,93,566,0.4736203090507726,0.23931623931623933
2514,3338,0,0,0.00010817611162087723,1,473,93,566,0.4736203090507726,0.23931623931623933
2515,3339,0,0,0.0008984898976747633,1,473,93,566,0.4736203090507726,0.23931623931623933
2516,3399,0,0,2.0357841102415427e-06,1,473,93,566,0.4736203090507726,0.23931623931623933
2517,3416,0,1,0.8655376157302301,1,473,94,567,0.46988115449915113,0.23931623931623933
2518,3442,0,0,2.098749531110964e-06,1,473,94,567,0.46988115449915113,0.23931623931623933
2519,3458,0,1,0.8935633186353384,1,473,95,568,0.4661419385567992,0.23931623931623933
2520,3574,0,0,3.92378043719394e-05,1,473,95,568,0.4661419385567992,0.23931623931623933
2521,3600,0,0,3.993726776162252e-06,1,473,95,568,0.4661419385567992,0.23931623931623933
2522,3627,0,0,2.8859029189286458e-05,1,473,95,568,0.4661419385567992,0.23931623931623933
2523,3716,0,0,0.005527483590844298,1,473,95,568,0.4661419385567992,0.23931623931623933
2524,3718,0,0,0.0004825934160543332,1,473,95,568,0.4661419385567992,0.23931623931623933
2525,3756,0,0,0.21286855061965954,1,473,95,568,0.4661419385567992,0.23931623931623933
2526,3847,0,0,0.00013242803588125565,1,473,95,568,0.46988115449915113,0.23931623931623933
2527,3888,0,0,0.0003536930343417912,1,473,95,568,0.47485837389292274,0.2413793103448276
2528,3912,0,0,9.13344393908833e-05,1,473,95,568,0.47986666666666666,0.24347826086956523
2529,3918,0,0,1.1853381263708425e-05,1,473,95,568,0.48490547875611645,0.24561403508771928
2530,4016,0,0,0.0003645766016385769,1,473,95,568,0.4899742599742599,0.24778761061946902
2531,4025,0,0,0.0013516969018447635,1,473,95,568,0.4950724637681159,0.25
2532,4099,0,0,0.012538340400726662,1,473,95,568,0.49288573360378635,0.24324324324324326
2533,4117,0,0,0.00021919441970252623,1,473,95,568,0.4906614785992218,0.23636363636363636
2534,4138,0,0,5.683882116108321e-05,1,473,95,568,0.49585653455617434,0.23853211009174313
2535,4153,0,0,7.936519079154895e-06,1,473,95,568,0.5010794381007146,0.24074074074074073
2536,4189,0,0,0.00020595582369510647,1,473,95,568,0.5063296703296704,0.24299065420560748
2537,4244,0,1,0.943255874808674,1,473,96,569,0.5077802197802198,0.24528301886792453
2538,4247,0,0,0.0007310515832372232,1,473,96,569,0.5130695443645084,0.24761904761904763
2539,4276,0,0,0.0001413454541530806,1,473,96,569,0.5183847770771103,0.25
2540,4299,0,0,4.986431860863946e-06,1,473,96,569,0.5237254031250866,0.2524271844660194
2541,4375,0,0,0.0027491825494961823,1,473,96,569,0.5290909090909091,0.2549019607843137
2542,4445,0,0,6.5840371805517e-05,1,473,96,569,0.5271170463472113,0.24752475247524752
2543,4448,0,0,0.1257590434016943,1,473,96,569,0.5325392132015432,0.25
2544,4464,0,0,7.823263337861909e-05,1,473,96,569,0.5379850746268656,0.25252525252525254
2545,4580,0,0,4.2818248617056256e-06,1,473,96,569,0.536034188034188,0.24489795918367346
2546,4599,0,0,4.0247861013197e-05,1,473,96,569,0.5415352269801769,0.24742268041237114
2547,4617,0,0,0.0003146299678517911,1,473,96,569,0.5470588235294118,0.25
2548,4619,0,0,0.08333271697232686,1,473,96,569,0.5526044821320412,0.25263157894736843
2549,4683,0,0,0.01248225786527042,1,473,96,569,0.55817170663886,0.2553191489361702
2550,4724,0,0,0.0014873594876029443,1,473,96,569,0.5637599999999999,0.25806451612903225
2551,4733,0,0,0.0005598262160372546,1,473,96,569,0.5619242170761057,0.25
2552,4769,0,0,0.001420375924289093,1,473,96,569,0.5675645712937847,0.25274725274725274
2553,4809,0,0,5.6561553141432766e-05,1,473,96,569,0.573224917799698,0.25555555555555554
2554,4840,0,1,0.9995457011367088,1,473,97,570,0.5749800053319114,0.25842696629213485
2555,4874,0,0,0.017871319484659438,1,473,97,570,0.5732228834594335,0.25
2556,22,1,0,0.10222151612178078,1,474,97,571,0.5732228834594335,0.25
2557,49,1,1,0.7793778585988088,1,474,97,571,0.5806666666666667,0.26136363636363635
2558,61,1,1,0.999260173100444,1,474,97,571,0.5880221570544151,0.2727272727272727
2559,72,1,1,0.5124954357775791,1,474,97,571,0.5952918976294375,0.2840909090909091
2560,124,1,1,0.996445431699687,1,474,97,571,0.6024783540254175,0.29545454545454547
2561,126,1,1,0.999465504389045,1,474,97,571,0.60958391771856,0.3068181818181818
2562,137,1,0,0.3438395943543138,1,475,97,572,0.60958391771856,0.3068181818181818
2563,155,1,0,0.1139676191889291,1,476,97,573,0.6024783540254175,0.29545454545454547
2564,196,1,1,0.895081606257039,1,476,97,573,0.60958391771856,0.3068181818181818
2565,292,1,1,0.933070138908694,1,476,97,573,0.60958391771856,0.3068181818181818
2566,297,1,0,0.00031950961197972996,1,477,97,574,0.60958391771856,0.3068181818181818
2567,323,1,1,0.8051829360696267,1,477,97,574,0.6166109090909092,0.3181818181818182
2568,324,1,0,0.05326717410067266,1,478,97,575,0.6166109090909092,0.3181818181818182
2569,341,1,1,0.998388340426307,1,478,97,575,0.6166109090909092,0.3181818181818182
2570,414,1,0,0.2212839914361587,1,479,97,576,0.6166109090909092,0.3181818181818182
2571,441,1,0,6.195577709638388e-05,1,480,97,577,0.60958391771856,0.3068181818181818
2572,452,1,1,0.9994869166635474,1,480,97,577,0.6166109090909092,0.3181818181818182
2573,464,1,1,0.8799632199994446,1,480,97,577,0.6235615803499015,0.32954545454545453
2574,465,1,1,0.9869734304644209,1,480,97,577,0.6235615803499015,0.32954545454545453
2575,476,1,0,0.004654178921492385,1,481,97,578,0.6235615803499015,0.32954545454545453
2576,509,1,1,0.9962155112692959,1,481,97,578,0.6235615803499015,0.32954545454545453
2577,531,1,1,0.9980698312859363,1,481,97,578,0.6235615803499015,0.32954545454545453
2578,540,1,0,2.903097486296636e-06,1,482,97,579,0.6235615803499015,0.32954545454545453
2579,557,1,1,0.9999934207646218,1,482,97,579,0.630438118312134,0.3409090909090909
2580,567,1,0,0.008561461805291545,1,483,97,580,0.630438118312134,0.3409090909090909
2581,611,1,1,0.8643642286150773,1,483,97,580,0.6316619468520267,0.34831460674157305
2582,631,1,1,0.8353489528382104,1,483,97,580,0.6328584806606317,0.35555555555555557
2583,690,1,1,0.9948564092517401,1,483,97,580,0.6340291740587424,0.3626373626373626
2584,696,1,0,0.00010352657519537252,1,484,97,581,0.6285220513971496,0.358695652173913
2585,738,1,1,0.977319437292545,1,484,97,581,0.6296969696969696,0.3655913978494624
2586,796,1,0,0.00023337376837176887,1,485,97,582,0.624235241875052,0.3617021276595745
2587,827,1,1,0.9916239339385737,1,485,97,582,0.6254155296452493,0.3684210526315789
2588,849,1,0,9.991334814607869e-05,1,486,97,583,0.62,0.3645833333333333
2589,875,1,1,0.9992840763122656,1,486,97,583,0.6211868107872038,0.3711340206185567
2590,934,1,1,0.9999866407416382,1,486,97,583,0.6223524305555556,0.37755102040816324
2591,962,1,0,0.04874969607744345,1,487,97,584,0.6170128465179175,0.37373737373737376
2592,971,1,1,0.7266916313725476,1,487,97,584,0.6181871958269474,0.38
2593,985,1,1,0.9999998227984924,1,487,97,584,0.6193424957886574,0.38613861386138615
2594,1008,1,1,0.9892525393120168,1,487,97,584,0.6204797999946807,0.39215686274509803
2595,1020,1,0,0.006323913639142957,1,488,97,585,0.6152461799660442,0.3883495145631068
2596,1070,1,1,0.9942433024711468,1,488,97,585,0.6163953120050681,0.3942307692307692
2597,1111,1,0,0.09608848613335938,1,489,97,586,0.611211323238973,0.3904761904761905
2598,1145,1,0,0.35691136485813335,1,490,97,587,0.6103462804476629,0.3867924528301887
2599,1203,1,0,0.0010544963752679977,2,491,97,588,0.6094812376563529,0.38317757009345793
2600,1205,1,1,0.8469287072483372,2,491,97,588,0.6107278970407066,0.3888888888888889
2601,1215,1,0,1.1521635623479437e-06,2,492,97,589,0.6056146040380793,0.3853211009174312
2602,1277,1,0,0.22219357426840983,2,493,97,590,0.6005245439599155,0.38181818181818183
2603,1300,1,1,0.6890928217549526,2,493,97,590,0.6018152758647574,0.38738738738738737
2604,1320,1,1,0.9655789662925348,2,493,97,590,0.6030907820144443,0.39285714285714285
2605,1321,1,0,0.003508658268595438,2,494,97,591,0.5980859859446052,0.3893805309734513
2606,1349,1,0,0.0004278948865457138,2,495,97,592,0.5973790822653989,0.38596491228070173
2607,1357,1,1,0.9957533945315487,2,495,97,592,0.5987127999176193,0.391304347826087
2608,1363,1,1,0.9923398001865928,2,495,97,592,0.600032840722496,0.39655172413793105
2609,1382,1,0,4.660849208005772e-06,2,496,97,593,0.5951282051282051,0.39316239316239315
2610,1404,1,1,0.9965988065041903,2,496,97,593,0.5964672233713832,0.3983050847457627
2611,1420,1,1,0.998804014485444,2,496,97,593,0.5977945557790736,0.40336134453781514
2612,1521,1,0,0.005037957793633514,2,497,97,594,0.592981385413488,0.4
2613,1526,1,0,2.394587392681783e-06,2,498,97,595,0.5881968253968254,0.39669421487603307
2614,1532,1,0,0.00593815821909898,2,499,97,596,0.5834415584415585,0.39344262295081966
2615,1545,1,1,0.9860318919464929,2,499,97,596,0.5848567668792388,0.3983739837398374
2616,1606,1,0,0.07034249346365398,2,500,97,597,0.5801653226825754,0.3951612903225806
2617,1617,1,0,0.015073179886962692,2,501,97,598,0.5755050505050504,0.392
2618,1693,1,1,0.9219775986342182,2,501,97,598,0.5769795342272407,0.3968253968253968
2619,1735,1,0,0.01039068067981757,2,502,97,599,0.57238624058825,0.3937007874015748
2620,1769,1,1,0.9964150850014091,2,502,97,599,0.5781159420289854,0.3984375
2621,1778,1,1,0.962295905611728,2,502,97,599,0.5796171239071449,0.40310077519379844
2622,1782,1,0,0.0003894552027671239,2,503,97,600,0.5751123496773869,0.4
2623,1807,1,1,0.5152752789882674,2,503,97,600,0.5766435968805638,0.40458015267175573
2624,1830,1,0,0.0004799107867228582,2,504,97,601,0.5722105263157894,0.4015151515151515
2625,1877,1,0,0.00041586037476764806,2,505,97,602,0.5678135724842807,0.39849624060150374
2626,1886,1,1,0.9610137456094489,2,505,97,602,0.5694150334159345,0.40298507462686567
2627,1906,1,1,0.9973956562858659,2,505,97,602,0.5710131332082551,0.4074074074074074
2628,1951,1,0,0.00010258506964127682,2,506,97,603,0.5667306922769108,0.40441176470588236
2629,1964,1,1,0.9916000066007653,2,506,97,603,0.5726088369883224,0.4117647058823529
2630,1987,1,0,0.0002231032946544594,2,507,97,604,0.5726088369883224,0.4117647058823529
2631,2018,1,1,0.9999961822007666,2,507,97,604,0.5784458445844585,0.41911764705882354
2632,2170,1,0,0.0002793469051392931,2,508,97,605,0.5784458445844585,0.41911764705882354
2633,2173,1,1,0.9999376402218603,2,508,97,605,0.5842426060651517,0.4264705882352941
2634,2189,1,1,0.9995233279084769,2,508,97,605,0.5842426060651517,0.4264705882352941
2635,2195,1,0,0.026148537015594622,2,509,97,606,0.5842426060651517,0.4264705882352941
2636,2199,1,0,6.058347933924251e-05,2,510,97,607,0.5842426060651517,0.4264705882352941
2637,2257,1,0,0.00018110747352837448,2,511,97,608,0.5842426060651517,0.4264705882352941
2638,2271,1,1,0.9960000467546258,2,511,97,608,0.59,0.4338235294117647
2639,2299,1,1,0.7731900478526866,2,511,97,608,0.5957188929723243,0.4411764705882353
2640,2331,1,0,0.05664020058348953,2,512,97,609,0.5957188929723243,0.4411764705882353
2641,2352,1,1,0.9920009177476664,2,512,97,609,0.5957188929723243,0.4411764705882353
2642,2362,1,0,0.025051838099922678,2,513,97,610,0.59,0.4338235294117647
2643,2370,1,0,0.003323997610227796,2,514,97,611,0.5842426060651517,0.4264705882352941
2644,2403,1,1,0.998856579446663,2,514,97,611,0.59,0.4338235294117647
2645,2484,1,0,0.07680246573686951,2,515,97,612,0.59,0.4338235294117647
2646,2502,0,1,0.9067874060883624,2,515,98,613,0.59,0.43703703703703706
2647,2668,0,0,0.023748667639117753,2,515,98,613,0.5943013575339383,0.44029850746268656
2648,2765,0,0,0.0003188649336339775,2,515,98,613,0.5986398639863986,0.44360902255639095
2649,2914,0,0,0.0005905209839103694,2,515,98,613,0.5972789115646259,0.4393939393939394
2650,2989,0,0,2.1380530775697515e-05,2,515,98,613,0.6016898061288305,0.44274809160305345
2651,2996,0,0,0.00015458198205136518,2,515,98,613,0.6003629446071437,0.43846153846153846
2652,3063,0,0,0.002213981619036696,2,515,98,613,0.60484375,0.4418604651162791
2653,3086,0,0,0.002058029477030201,2,515,98,613,0.609357949848443,0.4453125
2654,3107,0,0,0.0036065287013744055,2,515,98,613,0.613904761904762,0.44881889763779526
2655,3153,0,0,2.1435221630003396e-05,2,515,98,613,0.6184834123222749,0.4523809523809524
2656,3231,0,0,1.4377949322202216e-06,2,515,98,613,0.6230931352870334,0.456
2657,3300,0,0,2.0510660811625083e-05,2,515,98,613,0.6277331726544652,0.4596774193548387
2658,3387,0,0,0.017003390254750266,2,515,98,613,0.6324027735905939,0.4634146341463415
2659,3434,0,0,0.04380397247210117,2,515,98,613,0.6371011942174732,0.4672131147540984
2660,3616,0,0,1.3455839536652082e-05,2,515,98,613,0.6418276972624798,0.47107438016528924
2661,3636,0,0,9.892132913372385e-05,2,515,98,613,0.6465815517111129,0.475
2662,3640,0,0,4.9374034930630544e-05,2,515,98,613,0.645574055854083,0.47058823529411764
2663,3642,0,0,0.0014484731142707825,2,515,98,613,0.6503838383838384,0.4745762711864407
2664,3652,0,0,4.86952463087788e-05,2,515,98,613,0.6552190399150635,0.47863247863247865
2665,3655,0,1,0.8489744115476329,2,515,99,614,0.6555747111908795,0.4827586206896552
2666,3681,0,0,1.6623493313727315e-07,2,515,99,614,0.6546540498087203,0.4782608695652174
2667,3715,0,0,9.112537286757305e-05,2,515,99,614,0.6595535714285714,0.4824561403508772
2668,3744,0,0,9.734234757265695e-06,2,515,99,614,0.6644761904761904,0.48672566371681414
2669,3820,0,0,0.00010863895396914318,2,515,99,614,0.6694212185942428,0.49107142857142855
2670,3833,0,1,0.5711073226424084,2,515,100,615,0.6698443698504729,0.4954954954954955
2671,3882,0,0,5.593838909489104e-06,2,515,100,615,0.6690330477356181,0.4909090909090909
2672,3904,0,0,7.88030288128813e-05,2,515,100,615,0.6682148337595908,0.48623853211009177
2673,3925,0,0,2.1038614091877725e-05,2,515,100,615,0.6732436793975256,0.49074074074074076
2674,3970,0,0,2.180122672241182e-05,2,515,100,615,0.6782922824302133,0.4953271028037383
2675,3976,0,0,0.0005815918248902295,2,515,100,615,0.6833599753283133,0.5
2676,4013,0,0,0.00041557317673382736,2,515,100,615,0.68844609206055,0.5047619047619047
2677,4039,0,0,5.860079457814691e-05,2,515,100,615,0.687722199255891,0.5
2678,4045,0,0,0.07923192884045503,2,515,100,615,0.6928505604307421,0.5048543689320388
2679,4046,0,0,0.11017867532646934,2,515,100,615,0.697995642701525,0.5098039215686274
2680,4069,0,0,0.06280040013392496,2,515,100,615,0.7031567868187842,0.5148514851485149
2681,4076,0,0,0.00039949959299288753,2,515,100,615,0.7024974555703437,0.51
2682,4108,0,0,0.00046800822972593083,2,515,100,615,0.707697457893085,0.5151515151515151
2683,4139,0,0,0.0001766525876341934,2,515,100,615,0.7070533837746953,0.5102040816326531
2684,4164,0,0,0.20500729790543604,2,515,100,615,0.7122909809084925,0.5154639175257731
2685,4228,0,0,0.010697984705500872,2,515,100,615,0.7116615067079463,0.5104166666666666
2686,4278,0,0,2.6688869611480426e-05,2,515,100,615,0.7169354838709677,0.5157894736842106
2687,4303,0,0,0.0005834580782072593,2,515,100,615,0.7163200000000001,0.5106382978723404
2688,4324,0,0,0.0005319087648100085,2,515,100,615,0.7216291879462017,0.5161290322580645
2689,4325,0,0,0.004355176827690293,2,515,100,615,0.726949806949807,0.5217391304347826
2690,4371,0,0,1.3776893943187537e-05,2,515,100,615,0.7322811970638058,0.5274725274725275
2691,4459,0,0,0.20332520131727833,2,515,100,615,0.7376226944234711,0.5333333333333333
2692,4479,0,0,0.002830138336188433,2,515,100,615,0.7376226944234711,0.5333333333333333
2693,4484,0,1,0.9140891016662763,2,515,101,616,0.7330079858030168,0.5333333333333333
2694,4517,0,0,0.00010470282340232464,2,515,101,616,0.7330079858030168,0.5333333333333333
2695,4574,0,0,2.30617613204123e-06,2,515,101,616,0.7330079858030168,0.5333333333333333
2696,4613,0,0,0.0033006982950598398,2,515,101,616,0.7330079858030168,0.5333333333333333
2697,4645,0,1,0.7923140508365358,2,515,102,617,0.7283998283998284,0.5333333333333333
2698,4652,0,0,8.723493570551002e-05,2,515,102,617,0.7283998283998284,0.5333333333333333
2699,4749,0,0,0.0007176044235896867,2,515,102,617,0.7283998283998284,0.5333333333333333
2700,4757,0,0,0.00024642766430960517,2,515,102,617,0.7283998283998284,0.5333333333333333
2701,4827,0,0,0.00023001666212476868,2,515,102,617,0.7283998283998284,0.5333333333333333
2702,4910,0,0,3.549141471094982e-05,2,515,102,617,0.7283998283998284,0.5333333333333333
2703,0,1,0,0.009161126497776537,2,516,102,618,0.7276748176748177,0.5274725274725275
2704,56,1,0,0.0994025860712784,2,517,102,619,0.7223519345437043,0.5217391304347826
2705,70,1,1,0.9092895472901152,2,517,102,619,0.7229125774621665,0.5268817204301075
2706,78,1,0,0.08676914611766422,2,518,102,620,0.7176230899830222,0.5212765957446809
2707,82,1,1,0.9865144649077033,2,518,102,620,0.718197656002534,0.5263157894736842
2708,96,1,0,0.05256448653007309,2,519,102,621,0.7129427254772877,0.5208333333333334
2709,125,1,0,0.06357046960975306,2,520,102,622,0.7077007145859605,0.5154639175257731
2710,142,1,1,0.5601897737139577,2,520,102,622,0.7083125849984307,0.5204081632653061
2711,143,1,1,0.8038054495834677,2,520,102,622,0.7089166666666668,0.5252525252525253
2712,161,1,0,0.241148904864113,2,521,102,623,0.7037345045349411,0.52
2713,179,1,1,0.9998937757445874,2,521,102,623,0.7043542750640677,0.5247524752475248
2714,194,1,0,0.17109944597725002,2,522,102,624,0.6992104175279041,0.5196078431372549
2715,205,1,0,0.0012724837897713582,2,523,102,625,0.6940825274016763,0.5145631067961165
2716,235,1,0,0.0005091702208285383,2,524,102,626,0.6889712696941612,0.5096153846153846
2717,239,1,0,0.0005507343966687556,2,525,102,627,0.68844609206055,0.5047619047619047
2718,243,1,1,0.9999816371313965,2,525,102,627,0.6891625615763547,0.5094339622641509
2719,246,1,0,0.014302525134624327,2,526,102,628,0.6886699507389163,0.5046728971962616
2720,259,1,0,0.0001549884924628212,2,527,102,629,0.6836168959245882,0.5
2721,262,1,0,0.10090100676130459,2,528,102,630,0.6785831202046037,0.4954128440366973
2722,277,1,0,0.09672825249195242,2,529,102,631,0.6735692944150771,0.4909090909090909
2723,301,1,1,0.9700176609450174,2,529,102,631,0.6743879707672329,0.4954954954954955
2724,302,1,0,0.04043024839918297,2,530,102,632,0.6694212185942428,0.49107142857142855
2725,340,1,0,9.544891975111569e-06,2,531,102,633,0.6644761904761904,0.48672566371681414
2726,359,1,0,0.07909419029354643,2,532,102,634,0.6595535714285714,0.4824561403508772
2727,364,1,0,8.933084153062638e-07,2,533,102,635,0.6546540498087203,0.4782608695652174
2728,365,1,1,0.9992240334771851,2,533,102,635,0.6555747111908795,0.4827586206896552
2729,382,1,1,0.9737268881847466,2,533,102,635,0.6564895683543983,0.48717948717948717
2730,398,1,0,0.4571696475437525,2,534,102,636,0.6516705313035588,0.4830508474576271
2731,407,1,0,0.0356713361839118,2,535,102,637,0.6468769358616001,0.4789915966386555
2732,424,1,0,0.01320982449842178,2,536,102,638,0.6421095008051529,0.475
2733,426,1,1,0.9808037581001331,2,536,102,638,0.6431062204803537,0.4793388429752066
2734,430,1,0,0.005510532746627054,2,537,102,639,0.6383957219251337,0.47540983606557374
2735,451,1,1,0.9909959174358238,2,537,102,639,0.6394184909350785,0.4796747967479675
2736,453,1,0,0.00024668087954663186,2,538,102,640,0.6347669172932331,0.47580645161290325
2737,454,1,0,0.31276445663565583,2,539,102,641,0.6345864661654136,0.472
2738,455,1,0,0.001319257429488092,2,540,102,642,0.6299802099250984,0.46825396825396826
2739,468,1,0,0.15308154082392017,2,541,102,643,0.6254046474358975,0.4645669291338583
2740,482,1,0,0.07541122095453472,2,542,102,644,0.6208605541788691,0.4609375
2741,490,1,0,0.03219679135543942,2,543,102,645,0.6163487138424582,0.4573643410852713
2742,495,1,0,0.14013051203727425,2,544,102,646,0.6118699186991869,0.45384615384615384
2743,496,1,0,0.0008391842234787213,2,545,102,647,0.6074249699879952,0.45038167938931295
2744,504,1,1,0.9998744659288088,2,545,102,647,0.6087128712871287,0.45454545454545453
2745,519,1,0,0.00014323224568162264,2,546,102,648,0.6043383584589614,0.45112781954887216
2746,520,1,0,0.005133269677599824,2,547,102,649,0.6,0.44776119402985076
2747,522,1,0,0.05910849347555584,2,548,102,650,0.5956986424660616,0.4444444444444444
2748,541,1,1,0.9995605436723497,2,548,102,650,0.5970963466780026,0.4485294117647059
2749,549,1,0,0.07316662903865126,2,549,102,651,0.5928711484593837,0.44525547445255476
2750,558,1,0,0.03612979522232396,2,550,102,652,0.5886854283927454,0.4420289855072464
2751,572,1,0,0.008150131629438917,2,551,102,653,0.5845400860774697,0.43884892086330934
2752,607,1,0,0.028190681665906676,2,552,102,654,0.5804360341418238,0.4357142857142857
2753,608,1,0,0.0008560081153624869,2,553,102,655,0.5763741987179487,0.4326241134751773
2754,613,1,0,0.22053540793522153,2,554,102,656,0.5765464743589744,0.4295774647887324
2755,649,1,0,0.03168903273055196,2,555,102,657,0.5725516671259301,0.42657342657342656
2756,657,1,0,0.033331782774022795,2,556,102,658,0.5725516671259301,0.42657342657342656
2757,676,1,1,0.9957731790100223,2,556,102,658,0.5725516671259301,0.42657342657342656
2758,683,1,0,0.0030628400271046395,2,557,102,659,0.5668749999999999,0.4195804195804196
2759,730,1,1,0.6344733946587032,2,557,102,659,0.5668749999999999,0.4195804195804196
2760,733,1,0,0.0015669812785876554,2,558,102,660,0.5611596705964808,0.4125874125874126
2761,765,1,0,0.00046256573680360935,2,559,102,661,0.5554048643779401,0.40559440559440557
2762,784,1,0,2.048985351399131e-05,2,560,102,662,0.5554048643779401,0.40559440559440557
2763,786,1,0,0.1747656921281554,2,561,102,663,0.5554048643779401,0.40559440559440557
2764,790,1,1,0.9957855516680377,2,561,102,663,0.5554048643779401,0.40559440559440557
2765,797,1,1,0.9659594237884221,2,561,102,663,0.5554048643779401,0.40559440559440557
2766,823,1,0,0.04038171633506999,2,562,102,664,0.5554048643779401,0.40559440559440557
2767,832,1,0,0.004857971683128043,2,563,102,665,0.549609756097561,0.3986013986013986
2768,837,1,1,0.9070651713219194,2,563,102,665,0.5554048643779401,0.40559440559440557
2769,855,1,1,0.8115980912506648,2,563,102,665,0.5554048643779401,0.40559440559440557
2770,859,1,0,0.023350654869237663,2,564,102,666,0.5554048643779401,0.40559440559440557
2771,880,1,0,0.0733978304333113,2,565,102,667,0.5554048643779401,0.40559440559440557
2772,897,1,0,0.0013218497725609414,2,566,102,668,0.549609756097561,0.3986013986013986
2773,900,1,0,1.0861627295814791e-05,2,567,102,669,0.5437735094037616,0.3916083916083916
2774,915,1,0,0.012112195784014491,2,568,102,670,0.5378952764371984,0.38461538461538464
2775,919,1,1,0.9416254781400176,2,568,102,670,0.5437735094037616,0.3916083916083916
2776,932,1,0,0.007488948372016076,2,569,102,671,0.5378952764371984,0.38461538461538464
2777,949,1,0,0.0007720278050500327,2,570,102,672,0.5319741974197421,0.3776223776223776
2778,960,1,0,0.4289763613907218,2,571,102,673,0.5319741974197421,0.3776223776223776
2779,979,1,0,0.031457113939119756,2,572,102,674,0.526009400235006,0.3706293706293706
2780,999,1,0,0.009427699180072044,2,573,102,675,0.526009400235006,0.3706293706293706
2781,1006,1,0,0.08686962661116929,2,574,102,676,0.52,0.36363636363636365
2782,1028,1,1,0.9999924934775299,2,574,102,676,0.52,0.36363636363636365
2783,1029,1,0,0.18643808767616613,2,575,102,677,0.5139450986274656,0.35664335664335667
2784,1030,1,1,0.9764749662786392,2,575,102,677,0.52,0.36363636363636365
2785,1044,1,0,0.041077702153151874,2,576,102,678,0.5139450986274656,0.35664335664335667
2786,1052,1,1,0.9488909760121066,2,576,102,678,0.52,0.36363636363636365
2787,1066,1,0,0.10419068461745037,2,577,102,679,0.5139450986274656,0.35664335664335667
2788,1067,1,0,2.0472414262027747e-05,2,578,102,680,0.5139450986274656,0.35664335664335667
2789,1086,1,0,0.006619351797571882,2,579,102,681,0.5078437843784378,0.34965034965034963
2790,1096,1,0,0.00034748920853721027,2,580,102,682,0.501695131404566,0.34265734265734266
2791,1102,1,0,0.000553790241458991,2,581,102,683,0.501695131404566,0.34265734265734266
2792,1116,1,1,0.927694259179736,2,581,102,683,0.501695131404566,0.34265734265734266
2793,1122,1,0,0.060353432674169254,2,582,102,684,0.49549819927971184,0.3356643356643357
2794,1134,1,0,0.020473433785355356,2,583,102,685,0.48925203252032523,0.32867132867132864
2795,1143,1,0,5.5821370959887286e-05,2,584,102,686,0.48925203252032523,0.32867132867132864
2796,1149,1,0,0.0013425982124216527,2,585,102,687,0.4829556600940846,0.32167832167832167
2797,1159,1,0,0.026503117443114437,2,586,102,688,0.4829556600940846,0.32167832167832167
2798,1217,1,0,0.02581526775705054,2,587,102,689,0.4829556600940846,0.32167832167832167
2799,1232,1,0,0.43832151768953337,2,588,102,690,0.4829556600940846,0.32167832167832167
2800,1260,1,0,0.00041088340221989526,2,589,102,691,0.4766080949162725,0.3146853146853147
2801,1280,1,0,0.0005093189673672708,2,590,102,692,0.4766080949162725,0.3146853146853147
2802,1282,1,0,0.18483958176826654,2,591,102,693,0.4766080949162725,0.3146853146853147
2803,1309,1,0,0.00030671904418897876,2,592,102,694,0.4702083333333333,0.3076923076923077
2804,1364,1,0,0.0712691525362745,2,593,102,695,0.4637553545930509,0.3006993006993007
2805,1373,1,1,0.9640082283285978,2,593,102,695,0.4702083333333333,0.3076923076923077
2806,1389,1,0,0.0002462222386937952,2,594,102,696,0.4702083333333333,0.3076923076923077
2807,1405,1,1,0.9977736015565644,2,594,102,696,0.4702083333333333,0.3076923076923077
2808,1412,1,0,0.0005713767252911652,2,595,102,697,0.4637553545930509,0.3006993006993007
2809,1421,1,0,0.0007151260718735628,2,596,102,698,0.4637553545930509,0.3006993006993007
2810,1422,1,1,0.9965191192888357,2,596,102,698,0.4637553545930509,0.3006993006993007
2811,1428,1,0,0.0006100083751733666,2,597,102,699,0.45724812030075185,0.2937062937062937
2812,1460,1,0,0.00025310075630477697,2,598,102,700,0.45724812030075185,0.2937062937062937
2813,1466,1,0,0.0037271585248155126,2,599,102,701,0.45724812030075185,0.2937062937062937
2814,1476,1,0,1.7183672881047476e-05,2,600,102,702,0.45724812030075185,0.2937062937062937
2815,1514,1,0,0.08271811223012676,2,601,102,703,0.4506855738609293,0.2867132867132867
2816,1530,1,0,0.004023901778677661,2,602,102,704,0.4506855738609293,0.2867132867132867
2817,1591,1,0,0.00017835584461821472,2,603,102,705,0.4506855738609293,0.2867132867132867
2818,1594,1,0,0.07459718569836843,2,604,102,706,0.4440666399036532,0.27972027972027974
2819,1602,1,0,0.031257603538418284,2,605,102,707,0.4440666399036532,0.27972027972027974
2820,1615,1,1,0.9918044230554829,2,605,102,707,0.4440666399036532,0.27972027972027974
2821,1616,1,0,0.08931873957188412,2,606,102,708,0.4373902236951118,0.2727272727272727
2822,1621,1,0,0.01948557304834624,2,607,102,709,0.4373902236951118,0.2727272727272727
2823,1647,1,1,0.684775771583547,2,607,102,709,0.4373902236951118,0.2727272727272727
2824,1652,1,1,0.6896243013501049,2,607,102,709,0.4440666399036532,0.27972027972027974
2825,1680,1,0,0.00016093802685627248,2,608,102,710,0.4440666399036532,0.27972027972027974
2826,1695,1,0,0.011752187617296527,2,609,102,711,0.4373902236951118,0.2727272727272727
2827,1702,1,0,0.1711491113488995,2,610,102,712,0.4306552105316049,0.26573426573426573
2828,1707,1,0,0.004886639717532035,2,611,102,713,0.4306552105316049,0.26573426573426573
2829,1731,1,1,0.9489191760683942,2,611,102,713,0.4306552105316049,0.26573426573426573
2830,1751,1,1,0.9891359295843466,2,611,102,713,0.4373902236951118,0.2727272727272727
2831,1775,1,0,0.0005926136688596536,2,612,102,714,0.4306552105316049,0.26573426573426573
2832,1789,1,0,0.009739070580672339,2,613,102,715,0.4306552105316049,0.26573426573426573
2833,1806,1,0,0.10961818621121874,2,614,102,716,0.4238604651162791,0.25874125874125875
2834,1833,1,1,0.9985338746740868,2,614,102,716,0.4238604651162791,0.25874125874125875
2835,1857,1,0,4.344092314999951e-05,2,615,102,717,0.4238604651162791,0.25874125874125875
2836,1859,1,1,0.8549855671164892,2,615,102,717,0.4306552105316049,0.26573426573426573
2837,1862,1,1,0.9224710867223195,2,615,102,717,0.4373902236951118,0.2727272727272727
2838,1873,1,0,0.03936981552586596,2,616,102,718,0.4306552105316049,0.26573426573426573
2839,1885,1,0,9.794162822007519e-05,2,617,102,719,0.4238604651162791,0.25874125874125875
2840,1897,1,0,0.04869020298942306,2,618,102,720,0.4238604651162791,0.25874125874125875
2841,1921,1,0,0.45979431032105345,2,619,102,721,0.4170048309178744,0.2517482517482518
2842,1922,1,1,0.975555551926218,2,619,102,721,0.4238604651162791,0.25874125874125875
2843,1933,1,0,0.008917316226957728,2,620,102,722,0.4238604651162791,0.25874125874125875
2844,1957,1,0,7.27075464102895e-06,2,621,102,723,0.4170048309178744,0.2517482517482518
2845,1986,1,1,0.9998564677549635,2,621,102,723,0.4238604651162791,0.25874125874125875
2846,1988,1,0,0.001945131644707637,2,622,102,724,0.4234418604651163,0.2569444444444444
2847,2006,1,1,0.9964150524266031,2,622,102,724,0.42634254726218274,0.2620689655172414
2848,2013,1,0,0.18927880251720447,2,623,102,725,0.4224648735447611,0.2602739726027397
2849,2048,1,0,0.0207847943851517,2,624,102,726,0.41863612427593466,0.2585034013605442
2850,2051,1,0,0.00020927168950715978,2,625,102,727,0.41485714285714287,0.25675675675675674
2851,2083,1,0,0.0077520361502196366,2,626,102,728,0.4111287857912272,0.2550335570469799
2852,2085,1,0,0.004309175465636327,2,627,102,729,0.4074519230769231,0.25333333333333335
2853,2088,1,0,0.1746473753404946,2,628,102,730,0.40382743861230014,0.25165562913907286
2854,2109,1,0,0.0008665745669572309,2,629,102,731,0.40025623060754684,0.25
2855,2119,1,0,0.08935506502414521,2,630,102,732,0.3967392120075047,0.24836601307189543
2856,2127,1,0,0.05840203776720374,2,631,102,733,0.3932773109243698,0.24675324675324675
2857,2129,1,1,0.9754325023485871,2,631,102,733,0.39663966396639666,0.25161290322580643
2858,2136,1,0,0.02527832103336394,2,632,102,734,0.39329083227080675,0.25
2859,2138,1,1,0.9956737888703253,2,632,102,734,0.3967091677291933,0.25477707006369427
2860,2149,1,1,0.9970043015782833,2,632,102,734,0.4001285289190068,0.25949367088607594
2861,2154,1,0,0.0011547649921010946,2,633,102,735,0.3969567827130852,0.2578616352201258
2862,2174,1,1,0.98794623175936,2,633,102,735,0.4004403963567211,0.2625
2863,2175,1,0,8.931489574795015e-06,2,634,102,736,0.397392055267703,0.2608695652173913
2864,2182,1,0,0.00098133307741633,2,635,102,737,0.3944070512820512,0.25925925925925924
2865,2213,1,0,0.4326329802279491,2,636,102,738,0.3946554487179488,0.25766871165644173
2866,2246,1,0,5.871458788333391e-05,2,637,102,739,0.3917683308700118,0.25609756097560976
2867,2289,1,0,0.0002610434438236123,2,638,102,740,0.3889473684210526,0.2545454545454545
2868,2304,1,0,0.07234987646217535,2,639,102,741,0.38619373605155594,0.25301204819277107
2869,2314,1,0,0.00016215223719027126,2,640,102,742,0.38350863107185873,0.25149700598802394
2870,2326,1,1,0.9979942755839586,2,640,102,742,0.3904918279731867,0.25595238095238093
2871,2327,1,0,0.0988967839779056,2,641,102,743,0.3879127725856698,0.25443786982248523
2872,2358,1,0,0.00020454682430743704,2,642,102,744,0.3854054054054054,0.2529411764705882
2873,2359,1,0,0.003413381075254245,2,643,102,745,0.3829710144927536,0.25146198830409355
2874,2365,1,0,0.05483047288104509,2,644,102,746,0.38061091385258494,0.25
2875,2377,1,0,0.0004709879838400669,2,645,102,747,0.3783264441980039,0.24855491329479767
2876,2386,1,0,0.14626387018494794,2,646,102,748,0.37611897373798525,0.2471264367816092
2877,2411,1,0,0.04556233201676519,2,647,102,749,0.373989898989899,0.24571428571428572
2878,2424,1,0,0.027217525446515966,2,648,102,750,0.3719406456179377,0.24431818181818182
2879,2427,1,0,0.0008574328257819357,2,649,102,751,0.369972669298512,0.24293785310734464
2880,2450,1,1,0.9874350415907458,2,649,102,751,0.37464285714285717,0.24719101123595505
2881,2453,1,0,0.0013890839124083723,2,650,102,752,0.3728444444444445,0.24581005586592178
2882,2455,1,1,0.9923727584292137,2,650,102,752,0.37763744238751246,0.25
2883,2490,1,0,0.089819693490899,2,651,102,753,0.376015911872705,0.24861878453038674
2884,2496,1,1,0.9964980938142813,2,651,102,753,0.3809411764705882,0.25274725274725274
2885,2542,0,0,5.320841031048865e-06,2,651,102,753,0.3809411764705882,0.25274725274725274
2886,2605,0,0,0.002942860306222611,2,651,102,753,0.3809411764705882,0.25274725274725274
2887,2617,0,0,0.009058418323117975,2,651,102,753,0.3809411764705882,0.25274725274725274
2888,2634,0,0,3.949375725693202e-05,2,651,102,753,0.3809411764705882,0.25274725274725274
2889,2640,0,0,0.00010485190069070372,2,651,102,753,0.3809411764705882,0.25274725274725274
2890,2657,0,0,2.470716301691306e-06,2,651,102,753,0.3809411764705882,0.25274725274725274
2891,2728,0,0,3.9103788243809005e-05,2,651,102,753,0.3809411764705882,0.25274725274725274
2892,2731,0,0,3.6850339861455054e-05,2,651,102,753,0.3809411764705882,0.25274725274725274
2893,2744,0,0,2.866442406617847e-05,2,651,102,753,0.3834842564927603,0.25274725274725274
2894,2848,0,0,0.22048912356167286,2,651,102,753,0.3834842564927603,0.25274725274725274
2895,2853,0,0,0.0009827840565020487,2,651,102,753,0.3834842564927603,0.25274725274725274
2896,2855,0,0,0.0006979978483173131,2,651,102,753,0.3834842564927603,0.25274725274725274
2897,2946,0,0,1.7864526185738502e-05,2,651,102,753,0.3860301917584659,0.25274725274725274
2898,2999,0,0,3.901069510597759e-05,2,651,102,753,0.3860301917584659,0.25274725274725274
2899,3167,0,0,0.00024696826525046333,2,651,102,753,0.3860301917584659,0.25274725274725274
2900,3263,0,0,0.00021593962146346202,2,651,102,753,0.3860301917584659,0.25274725274725274
2901,3278,0,0,2.6207275525639093e-05,2,651,102,753,0.3860301917584659,0.25274725274725274
2902,3330,0,0,6.261286226655961e-06,2,651,102,753,0.3860301917584659,0.25274725274725274
2903,3386,0,0,5.010415666480009e-05,2,651,102,753,0.3876511929922844,0.2541436464088398
2904,3428,0,0,1.761623384083093e-05,2,651,102,753,0.3893601871630557,0.25555555555555554
2905,3531,0,1,0.6688648281240608,2,651,103,754,0.382,0.25139664804469275
2906,3592,0,0,0.0001891190210026167,2,651,103,754,0.3838392857142857,0.25280898876404495
2907,3760,0,0,0.00015261051908953543,2,651,103,754,0.37923777710294565,0.24858757062146894
2908,3778,0,0,0.30571010208172866,2,651,103,754,0.3812452286458201,0.25
2909,3841,0,0,3.262666607269746e-06,2,651,103,754,0.38333333333333336,0.25142857142857145
2910,3856,0,0,2.1957610946561967e-05,2,651,103,754,0.37892529488859766,0.2471264367816092
2911,3860,0,0,0.00017283495146240495,2,651,103,754,0.37454106280193245,0.24277456647398843
2912,3936,0,0,1.8951201919337392e-05,2,651,103,754,0.37686486486486487,0.2441860465116279
2913,4019,0,0,1.2315390892322367e-05,2,651,103,754,0.37257738947051294,0.23976608187134502
2914,4088,0,0,1.943431912255523e-06,2,651,103,754,0.37505018065034124,0.2411764705882353
2915,4134,0,0,0.0799893445826298,2,651,103,754,0.3775949747987662,0.24260355029585798
2916,4194,0,0,0.00011856796845145262,2,651,103,754,0.38021052631578944,0.24404761904761904
2917,4224,0,0,3.761678882572401e-05,2,651,103,754,0.3828956136175756,0.24550898203592814
2918,4246,0,0,1.0909291481845224e-06,2,651,103,754,0.3789076618858101,0.24096385542168675
2919,4295,0,0,5.5979323263904984e-05,2,651,103,754,0.38172855570013015,0.24242424242424243
2920,4296,0,0,0.002049179103236513,2,651,103,754,0.3846153846153846,0.24390243902439024
2921,4358,0,0,8.719970643691803e-05,2,651,103,754,0.38756702681072425,0.24539877300613497
2922,4391,0,0,0.000856599732631864,2,651,103,754,0.390582381035733,0.24691358024691357
2923,4488,0,0,4.683928155223595e-06,2,651,103,754,0.3868604215105378,0.2422360248447205
2924,4546,0,1,0.7872717373382063,2,651,104,755,0.3868296707417686,0.24375
2925,4604,0,0,0.00037884424896561606,2,651,104,755,0.39,0.24528301886792453
2926,4622,0,0,3.54123068340818e-05,2,651,104,755,0.3932303307582689,0.2468354430379747
2927,4627,0,0,0.007847245737242443,2,651,104,755,0.39651965196519656,0.2484076433121019
2928,4687,0,0,0.47237804519576054,2,651,104,755,0.39303721488595433,0.24358974358974358
2929,4708,0,0,3.634379155015557e-05,2,651,104,755,0.38955059553598237,0.23870967741935484
2930,4730,0,0,0.0004191290237517087,2,651,104,755,0.39301093839953943,0.24025974025974026
2931,4744,0,0,0.0012268511222534014,2,651,104,755,0.39652644230769235,0.24183006535947713
2932,4762,0,0,0.0002534968403377651,2,651,104,755,0.4000961947944588,0.24342105263157895
2933,4791,0,0,0.4398972106636671,2,651,104,755,0.39676596705032724,0.23841059602649006
2934,4819,0,0,8.180097634602452e-05,2,651,104,755,0.4004415897230028,0.24
2935,4835,0,0,6.395523617715404e-05,2,651,104,755,0.397152045020601,0.2348993288590604
2936,4836,0,0,1.73226704209524e-05,2,651,104,755,0.40093023255813953,0.23648648648648649
2937,4966,0,0,0.003083269897851376,2,651,104,755,0.40475845410628025,0.23809523809523808
2938,4991,0,0,0.0004176557384968824,2,651,104,755,0.40863589433658176,0.23972602739726026
2939,92,1,1,0.9999326865115907,2,651,104,755,0.41565217391304343,0.2465753424657534
2940,116,1,0,5.419042120088151e-06,2,652,104,756,0.41565217391304343,0.2465753424657534
2941,164,1,0,0.014608387870984877,2,653,104,757,0.41565217391304343,0.2465753424657534
2942,221,1,0,0.014227864027722645,2,654,104,758,0.41565217391304343,0.2465753424657534
2943,350,1,1,0.6877966652235764,2,654,104,758,0.4226046511627907,0.2534246575342466
2944,483,1,0,0.0004302105825526458,2,655,104,759,0.41565217391304343,0.2465753424657534
2945,493,1,0,5.4787467265213605e-05,2,656,104,760,0.41565217391304343,0.2465753424657534
2946,571,1,0,0.009922101588781878,2,657,104,761,0.41565217391304343,0.2465753424657534
2947,601,1,0,9.260779370038474e-05,2,658,104,762,0.41565217391304343,0.2465753424657534
2948,699,1,0,0.003022775954397967,2,659,104,763,0.40863589433658176,0.23972602739726026
2949,706,1,0,0.04712758881789144,2,660,104,764,0.40863589433658176,0.23972602739726026
2950,767,1,0,0.0003020968815475279,2,661,104,765,0.40863589433658176,0.23972602739726026
2951,810,1,0,0.05089068444527947,2,662,104,766,0.40863589433658176,0.23972602739726026
2952,814,1,0,7.69427088055007e-05,2,663,104,767,0.40863589433658176,0.23972602739726026
2953,818,1,0,2.1934645641194063e-06,2,664,104,768,0.40863589433658176,0.23972602739726026
2954,829,1,0,0.0009040985227604272,2,665,104,769,0.40863589433658176,0.23972602739726026
2955,834,1,1,0.8289648257880364,2,665,104,769,0.41565217391304343,0.2465753424657534
2956,986,1,0,0.0030684339887034405,2,666,104,770,0.41565217391304343,0.2465753424657534
2957,1024,1,1,0.6084495404771846,2,666,104,770,0.41565217391304343,0.2465753424657534
2958,1027,1,0,0.0029989307181036906,2,667,104,771,0.41565217391304343,0.2465753424657534
2959,1060,1,0,0.17771856538292366,2,668,104,772,0.40863589433658176,0.23972602739726026
2960,1061,1,0,0.007938277440637064,2,669,104,773,0.40863589433658176,0.23972602739726026
2961,1095,1,0,0.0006906010960194839,2,670,104,774,0.40863589433658176,0.23972602739726026
2962,1148,1,0,1.0397629072673583e-06,2,671,104,775,0.40863589433658176,0.23972602739726026
2963,1157,1,0,0.020933622202434377,2,672,104,776,0.40863589433658176,0.23972602739726026
2964,1194,1,0,0.009448468350330709,2,673,104,777,0.401554592196794,0.2328767123287671
2965,1201,1,0,6.222621040451149e-06,2,674,104,778,0.39440702338605915,0.22602739726027396
2966,1225,1,0,0.20628089085315796,2,675,104,779,0.39440702338605915,0.22602739726027396
2967,1241,1,0,3.1918752043773476e-07,2,676,104,780,0.39440702338605915,0.22602739726027396
2968,1242,1,0,7.85262698712623e-05,2,677,104,781,0.3871919191919192,0.2191780821917808
2969,1360,1,0,0.0002004648025393055,2,678,104,782,0.3799079855405849,0.21232876712328766
2970,1418,1,0,2.212746437759279e-07,2,679,104,783,0.3799079855405849,0.21232876712328766
2971,1436,1,0,0.000452721905850903,2,680,104,784,0.3799079855405849,0.21232876712328766
2972,1448,1,1,0.9998548525217315,2,680,104,784,0.3871919191919192,0.2191780821917808
2973,1522,1,0,5.911023991826373e-07,2,681,104,785,0.3871919191919192,0.2191780821917808
2974,1555,1,0,0.04647172915853359,2,682,104,786,0.3871919191919192,0.2191780821917808
2975,1557,1,0,0.49351934407477865,2,683,104,787,0.3799079855405849,0.21232876712328766
2976,1582,1,0,0.09082547347899719,2,684,104,788,0.3799079855405849,0.21232876712328766
2977,1583,1,1,0.9757289208508285,2,684,104,788,0.3871919191919192,0.2191780821917808
2978,1627,1,0,0.000815600075625387,2,685,104,789,0.3871919191919192,0.2191780821917808
2979,1717,1,0,0.0019550585737371567,2,686,104,790,0.3871919191919192,0.2191780821917808
2980,1776,1,0,0.3430153673233643,2,687,104,791,0.3871919191919192,0.2191780821917808
2981,1794,1,0,0.004429498099409028,2,688,104,792,0.3871919191919192,0.2191780821917808
2982,1834,1,0,0.014775858418053964,2,689,104,793,0.3799079855405849,0.21232876712328766
2983,1838,1,0,9.558423958201911e-06,2,690,104,794,0.3799079855405849,0.21232876712328766
2984,1884,1,1,0.9999905952732826,2,690,104,794,0.3799079855405849,0.21232876712328766
2985,1945,1,0,7.395816279870632e-05,2,691,104,795,0.3799079855405849,0.21232876712328766
2986,2005,1,0,2.7070843533824775e-06,2,692,104,796,0.3725539022168236,0.2054794520547945
2987,2206,1,0,0.003026522511452251,2,693,104,797,0.3725539022168236,0.2054794520547945
2988,2236,1,0,5.939377712615182e-05,2,694,104,798,0.3725539022168236,0.2054794520547945
2989,2255,1,0,0.029489703910558232,2,695,104,799,0.3725539022168236,0.2054794520547945
2990,2258,1,0,0.39772570929793216,2,696,104,800,0.3725539022168236,0.2054794520547945
2991,2268,1,0,3.240162547977948e-06,2,697,104,801,0.3725539022168236,0.2054794520547945
2992,2336,1,0,0.24722628448812886,2,698,104,802,0.3651283220592334,0.19863013698630136
2993,2396,1,0,0.014721046238589245,2,699,104,803,0.3651283220592334,0.19863013698630136
2994,2405,1,0,0.24828417208262393,2,700,104,804,0.3651283220592334,0.19863013698630136
2995,2414,1,0,0.11426799610387545,2,701,104,805,0.3651283220592334,0.19863013698630136
2996,2447,1,0,0.00020639042630164178,2,702,104,806,0.3651283220592334,0.19863013698630136
2997,2465,1,1,0.9852591969123099,2,702,104,806,0.3725539022168236,0.2054794520547945
2998,2473,1,0,0.004912912691298418,2,703,104,807,0.3725539022168236,0.2054794520547945
2999,2487,1,0,0.04631881291963704,2,704,104,808,0.3725539022168236,0.2054794520547945
3000,2519,0,0,1.2460249913897654e-05,2,704,104,808,0.3764802006536445,0.20689655172413793
3001,2532,0,0,0.0072462204981300245,2,704,104,808,0.3804545454545455,0.20833333333333334
3002,2556,0,0,0.0037187902623005277,2,704,104,808,0.38447619047619047,0.2097902097902098
3003,2606,0,0,0.15890135094872757,2,704,104,808,0.3885444003661886,0.2112676056338028
3004,2610,0,0,8.427621063219107e-05,2,704,104,808,0.39265845025591406,0.2127659574468085
3005,2626,0,0,0.26037241172564773,2,704,104,808,0.3893919660869787,0.20714285714285716
3006,2650,0,0,7.676321392320235e-05,2,704,104,808,0.3935959079283887,0.20863309352517986
3007,2656,0,0,0.017555427079131988,2,704,104,808,0.3903448275862069,0.2028985507246377
3008,2658,0,0,1.4880638678594586e-06,2,704,104,808,0.3946362211199917,0.20437956204379562
3009,2769,0,0,0.002019184990456775,2,704,104,808,0.3989702399340953,0.20588235294117646
3010,2831,0,0,2.8965241374234474e-05,2,704,104,808,0.395773046713518,0.2
3011,2877,0,0,0.0001463574976196414,2,704,104,808,0.4001910382853148,0.20149253731343283
3012,2920,0,0,0.00013132398154624503,2,704,104,808,0.4046498599439775,0.20300751879699247
3013,2970,0,0,0.028204812145270295,2,704,104,808,0.4091488864055719,0.20454545454545456
3014,2978,0,0,0.30447384625926305,2,704,104,808,0.41368750000000004,0.20610687022900764
3015,3026,0,1,0.9926192627486884,2,704,105,809,0.4147916666666667,0.2076923076923077
3016,3076,0,0,4.592438952916023e-06,2,704,105,809,0.41938855398105374,0.20930232558139536
3017,3099,0,0,5.627067315362309e-06,2,704,105,809,0.424023433413537,0.2109375
3018,3265,0,0,6.582876955373418e-05,2,704,105,809,0.42869570915572325,0.2125984251968504
3019,3270,0,0,7.29192140213501e-05,2,704,105,809,0.433404791929382,0.21428571428571427
3020,3277,0,0,0.00018843201845430418,2,704,105,809,0.4305511561609123,0.208
3021,3282,0,0,0.0030625506111398863,2,704,105,809,0.43533433886375067,0.20967741935483872
3022,3326,0,1,0.971062681769872,2,704,106,810,0.4365904580455664,0.21138211382113822
3023,3397,0,0,0.0008769362504270384,2,704,106,810,0.43379398388255,0.20491803278688525
3024,3563,0,0,3.0390989785948588e-05,2,704,106,810,0.43095510575149065,0.19834710743801653
3025,3597,0,0,0.000336512492405014,2,704,106,810,0.43586443586443585,0.2
3026,3717,0,0,7.876230897486271e-06,2,704,106,810,0.4408074534161491,0.20168067226890757
3027,3775,0,0,0.0016131949899231013,2,704,106,810,0.4457836263617733,0.2033898305084746
3028,3791,0,0,0.003513756519260488,2,704,106,810,0.4507924273157539,0.20512820512820512
3029,3806,0,0,0.00010624793158635027,2,704,106,810,0.44805202579521647,0.19827586206896552
3030,3863,0,0,9.991325301715562e-05,2,704,106,810,0.445262739943591,0.19130434782608696
3031,4006,0,0,0.03021131320131477,2,704,106,810,0.4503736263736263,0.19298245614035087
3032,4008,0,0,0.0007120343892886712,2,704,106,810,0.455515587529976,0.19469026548672566
3033,4026,0,0,4.207365479740159e-05,2,704,106,810,0.46068812921783375,0.19642857142857142
3034,4029,0,1,0.5348768048010476,2,704,107,811,0.45440454053453977,0.1891891891891892
3035,4102,0,0,0.00047338284626446915,2,704,107,811,0.45962566844919783,0.19090909090909092
3036,4155,0,0,0.00010994764586697295,2,704,107,811,0.45689709347996854,0.1834862385321101
3037,4172,0,0,0.001037964844339093,2,704,107,811,0.45411126187245593,0.17592592592592593
3038,4334,0,0,0.01073099395294333,2,704,107,811,0.4594287579102698,0.17757009345794392
3039,4388,0,0,0.0034498109848279538,2,704,107,811,0.46477492877492876,0.1792452830188679
3040,4418,0,0,2.476602057081959e-05,2,704,107,811,0.47014931777224744,0.18095238095238095
3041,4429,0,0,0.22638759110624396,2,704,107,811,0.47555147058823527,0.18269230769230768
3042,4456,0,0,0.0028703412725120496,2,704,107,811,0.4728362877997915,0.17475728155339806
3043,4472,0,0,0.47895500436692445,2,704,107,811,0.47829818181818184,0.17647058823529413
3044,4498,0,0,1.4073611796626112e-05,2,704,107,811,0.48378681626928477,0.1782178217821782
3045,4504,0,0,1.537149711785932e-07,2,704,107,811,0.4810708810001179,0.17
3046,4596,0,0,5.228698341631336e-05,2,704,107,811,0.48661779081133927,0.1717171717171717
3047,4640,0,0,0.0009131366124961368,2,704,107,811,0.4838643500104668,0.16326530612244897
3048,4684,0,0,2.965472364737644e-05,2,704,107,811,0.4894686861401611,0.16494845360824742
3049,4728,0,1,0.8040845352942988,2,704,108,812,0.4915879312417358,0.16666666666666666
3050,4796,0,1,0.535663223107857,2,704,109,813,0.4937071763433105,0.16842105263157894
3051,4831,0,0,9.005892203597138e-06,2,704,109,813,0.4993597293950651,0.1702127659574468
3052,4896,0,0,0.0004482747692537774,2,704,109,813,0.5050364254492472,0.17204301075268819
3053,4950,0,0,8.436003290440506e-05,2,704,109,813,0.510736842105263,0.17391304347826086
3054,4970,0,0,0.004488922003439754,2,704,109,813,0.5164605569868729,0.17582417582417584
3055,2,1,0,0.00014908202524262123,2,705,109,814,0.5164605569868729,0.17582417582417584
3056,17,1,0,0.12644342690779892,2,706,109,815,0.5164605569868729,0.17582417582417584
3057,19,1,0,0.00018457058513232465,2,707,109,816,0.5081832197588727,0.16483516483516483
3058,32,1,1,0.9963562828442294,2,707,109,816,0.5164605569868729,0.17582417582417584
3059,64,1,1,0.9999861096113166,2,707,109,816,0.5164605569868729,0.17582417582417584
3060,71,1,0,3.5640706788288274e-05,2,708,109,817,0.5081832197588727,0.16483516483516483
3061,94,1,0,0.0008184291319533091,2,709,109,818,0.5081832197588727,0.16483516483516483
3062,99,1,1,0.9999914278134587,2,709,109,818,0.5081832197588727,0.16483516483516483
3063,148,1,0,0.003638210260374434,2,710,109,819,0.5081832197588727,0.16483516483516483
3064,159,1,1,0.9999589588644378,2,710,109,819,0.5164605569868729,0.17582417582417584
3065,184,1,1,0.6870722955903538,2,710,109,819,0.5246270022883296,0.18681318681318682
3066,195,1,0,0.0002649063705256823,2,711,109,820,0.5246270022883296,0.18681318681318682
3067,228,1,0,0.11296132802593234,2,712,109,821,0.5246270022883296,0.18681318681318682
3068,247,1,0,0.029222166993870178,2,713,109,822,0.5246270022883296,0.18681318681318682
3069,300,1,0,0.0010359218044744443,2,714,109,823,0.5246270022883296,0.18681318681318682
3070,325,1,0,0.0005377027039886753,2,715,109,824,0.5164605569868729,0.17582417582417584
3071,376,1,0,0.08027646928765864,2,716,109,825,0.5164605569868729,0.17582417582417584
3072,389,1,0,7.858830259458063e-06,2,717,109,826,0.5164605569868729,0.17582417582417584
3073,391,1,0,0.17529416058620487,2,718,109,827,0.5164605569868729,0.17582417582417584
3074,411,1,0,0.2002192208262176,2,719,109,828,0.5164605569868729,0.17582417582417584
3075,444,1,0,0.17806473004463141,2,720,109,829,0.5164605569868729,0.17582417582417584
3076,478,1,0,0.004222304375025862,2,721,109,830,0.5164605569868729,0.17582417582417584
3077,485,1,1,0.9984244974203474,2,721,109,830,0.5246270022883296,0.18681318681318682
3078,527,1,0,0.015001748690731877,2,722,109,831,0.5246270022883296,0.18681318681318682
3079,546,1,1,0.9652035747897528,2,722,109,831,0.5326857697911608,0.1978021978021978
3080,599,1,0,0.1361384318208253,2,723,109,832,0.5246270022883296,0.18681318681318682
3081,619,1,0,0.00012849968305766738,2,724,109,833,0.5246270022883296,0.18681318681318682
3082,632,1,1,0.5015156335597022,2,724,109,833,0.5246270022883296,0.18681318681318682
3083,651,1,0,0.15269113083646135,2,725,109,834,0.5246270022883296,0.18681318681318682
3084,661,1,0,0.00034346705084443676,2,726,109,835,0.5164605569868729,0.17582417582417584
3085,665,1,0,0.06375199003724256,2,727,109,836,0.510736842105263,0.17391304347826086
3086,697,1,1,0.9999118463736544,2,727,109,836,0.5132200779197246,0.1827956989247312
3087,698,1,1,0.9995983263459635,2,727,109,836,0.5156368312449535,0.19148936170212766
3088,771,1,0,0.18006656832756757,2,728,109,837,0.51,0.18947368421052632
3089,799,1,1,0.9924878993007883,2,728,109,837,0.5123858945630381,0.19791666666666666
3090,808,1,0,0.1084450403343887,2,729,109,838,0.5068049073992544,0.1958762886597938
3091,831,1,0,0.001869678199205458,2,730,109,839,0.5012482468443197,0.19387755102040816
3092,862,1,0,0.1457296919700707,2,731,109,840,0.4957163636363637,0.1919191919191919
3093,878,1,0,0.03639640961950296,2,732,109,841,0.4902097091878113,0.19
3094,887,1,0,0.42103761637555576,2,733,109,842,0.4847287358310981,0.18811881188118812
3095,930,1,0,0.00019134117843475299,2,734,109,843,0.4792738970588235,0.18627450980392157
3096,931,1,0,0.316741313553024,2,735,109,844,0.4738456477588032,0.18446601941747573
3097,964,1,1,0.9222311308268193,2,735,109,844,0.47639944379806465,0.19230769230769232
3098,969,1,1,0.9998319138474583,2,735,109,844,0.47889808791642025,0.2
3099,974,1,0,0.03040665690417964,2,736,109,845,0.473563012007631,0.19811320754716982
3100,981,1,1,0.9930982303406813,2,736,109,845,0.4760427807486631,0.205607476635514
3101,990,1,1,0.8422409588341807,2,736,109,845,0.47847328244274806,0.21296296296296297
3102,1031,1,1,0.8288800921302734,2,736,109,845,0.48085714285714287,0.22018348623853212
3103,1048,1,1,0.9984597578797724,2,736,109,845,0.4831968555519161,0.22727272727272727
3104,1091,1,1,0.9776748109109439,2,736,109,845,0.4854947916666667,0.23423423423423423
3105,1094,1,0,0.3808575349448267,2,737,109,846,0.48409722222222223,0.23214285714285715
3106,1124,1,1,0.8586550056583675,2,737,109,846,0.48641354762161576,0.23893805309734514
3107,1152,1,0,7.460928596081295e-05,2,738,109,847,0.48132451399532145,0.23684210526315788
3108,1187,1,1,0.9958747197010777,2,738,109,847,0.48363726302842325,0.24347826086956523
3109,1188,1,1,0.7427115580631,2,738,109,847,0.48591398707412436,0.25
3110,1196,1,1,0.958301127894713,2,738,109,847,0.48815670397713745,0.2564102564102564
3111,1208,1,1,0.997594821033148,2,738,109,847,0.4903673469387755,0.2627118644067797
3112,1244,1,0,0.09576242111114532,2,739,109,848,0.4854497688104245,0.2605042016806723
3113,1250,1,0,0.0071460164526266105,2,740,109,849,0.4805640743361904,0.25833333333333336
3114,1272,1,1,0.9627998599790242,2,740,109,849,0.482816618387745,0.2644628099173554
3115,1295,1,1,0.997312311750007,2,740,109,849,0.4850411912991502,0.27049180327868855
3116,1307,1,0,0.0003940489352727398,2,741,109,850,0.48026143790849674,0.2682926829268293
3117,1311,1,0,0.1401222189153707,2,742,109,851,0.4755155186249385,0.2661290322580645
3118,1314,1,1,0.8609574461559552,2,742,109,851,0.4777885235332044,0.272
3119,1329,1,0,0.0004393757395625286,2,743,109,852,0.4731150241993615,0.2698412698412698
3120,1333,1,1,0.5834984780694723,2,743,109,852,0.4754022988505747,0.2755905511811024
3121,1374,1,1,0.7728995317957263,2,743,109,852,0.4776675191815857,0.28125
3122,1375,1,1,0.699645100067251,2,743,109,852,0.4799122807017544,0.2868217054263566
3123,1452,1,1,0.9699258808368946,2,743,109,852,0.48213813447258674,0.2923076923076923
3124,1464,1,0,0.006244215640355636,2,744,109,853,0.48149018411148403,0.2900763358778626
3125,1484,1,1,0.9998759210339251,2,744,109,853,0.48375,0.29545454545454547
3126,1537,1,0,0.003409984341050145,2,745,109,854,0.4793288743634567,0.2932330827067669
3127,1541,1,0,0.0002922340491641402,2,746,109,855,0.4749468569693289,0.291044776119403
3128,1549,1,0,0.09821002438854821,2,747,109,856,0.47060466644758464,0.28888888888888886
3129,1576,1,0,0.009337948154610348,2,748,109,857,0.46630303030303033,0.2867647058823529
3130,1607,1,1,0.6505923031022981,2,748,109,857,0.46871357999798363,0.291970802919708
3131,1612,1,0,0.12271929029423,2,749,109,858,0.4644964871194379,0.2898550724637681
3132,1635,1,1,0.9866772900856643,2,749,109,858,0.46693777498428657,0.2949640287769784
3133,1666,1,1,0.9879405489090205,2,749,109,858,0.46936808013858555,0.3
3134,1704,1,1,0.6721543766671427,2,749,109,858,0.4717889114571578,0.3049645390070922
3135,1733,1,0,0.10061401767835189,2,750,109,859,0.46774937343358397,0.3028169014084507
3136,1746,1,1,0.999984266247689,2,750,109,859,0.4702083333333333,0.3076923076923077
3137,1803,1,0,0.005944640416651736,2,751,109,860,0.46626116993316813,0.3055555555555556
3138,1837,1,1,0.993124546578131,2,751,109,860,0.46876172607879923,0.3103448275862069
3139,1866,1,0,0.468850065559587,2,752,109,861,0.4623611250125112,0.30344827586206896
3140,1875,1,0,0.02837559307591461,2,753,109,862,0.4623611250125112,0.30344827586206896
3141,1876,1,0,0.007916394178934846,2,754,109,863,0.4623611250125112,0.30344827586206896
3142,1930,1,1,0.9981202765699105,2,754,109,863,0.46876172607879923,0.3103448275862069
3143,1946,1,0,0.0006628950611151279,2,755,109,864,0.4623611250125112,0.30344827586206896
3144,1952,1,1,0.5894574755688714,2,755,109,864,0.46876172607879923,0.3103448275862069
3145,1965,1,0,0.04322911907050327,2,756,109,865,0.46876172607879923,0.3103448275862069
3146,1967,1,1,0.8432354237502838,2,756,109,865,0.47511004401760704,0.31724137931034485
3147,1980,1,0,0.012882460723751274,2,757,109,866,0.47511004401760704,0.31724137931034485
3148,1992,1,0,0.38810999701875715,2,758,109,867,0.47511004401760704,0.31724137931034485
3149,2055,1,0,0.1729673734073274,2,759,109,868,0.47511004401760704,0.31724137931034485
3150,2120,1,1,0.7537624740075657,2,759,109,868,0.48140706658998267,0.32413793103448274
3151,2165,1,1,0.886217258343484,2,759,109,868,0.4876537653765377,0.3310344827586207
3152,2169,1,0,0.002199046519632991,2,760,109,869,0.4876537653765377,0.3310344827586207
3153,2181,1,0,0.0036429251916881332,2,761,109,870,0.4876537653765377,0.3310344827586207
3154,2227,1,0,0.0002486627156269159,2,762,109,871,0.4876537653765377,0.3310344827586207
3155,2276,1,0,0.00015815259750447038,2,763,109,872,0.48140706658998267,0.32413793103448274
3156,2279,1,1,0.9988290275867578,2,763,109,872,0.4876537653765377,0.3310344827586207
3157,2312,1,1,0.9999927776403362,2,763,109,872,0.4876537653765377,0.3310344827586207
3158,2315,1,0,0.0005458641293002222,2,764,109,873,0.4876537653765377,0.3310344827586207
3159,2356,1,0,0.000275238390398864,2,765,109,874,0.4876537653765377,0.3310344827586207
3160,2374,1,0,0.004776979673480493,2,766,109,875,0.4876537653765377,0.3310344827586207
3161,2410,1,0,0.07213339882028806,2,767,109,876,0.4876537653765377,0.3310344827586207
3162,2512,0,0,0.0013856118690456496,2,767,109,876,0.49155259933485035,0.3333333333333333
3163,2518,0,0,0.023565640058901268,2,767,109,876,0.49549819927971184,0.3356643356643357
3164,2628,0,0,0.0006083677758040818,2,767,109,876,0.4994896810506567,0.3380281690140845
3165,2763,0,0,2.586765084112309e-05,2,767,109,876,0.5035261735562007,0.3404255319148936
3166,2804,0,0,0.0026976251107132822,2,767,109,876,0.5076068183524818,0.34285714285714286
3167,2812,0,0,0.003295002277148822,2,767,109,876,0.5117307692307692,0.34532374100719426
3168,2845,0,0,6.541993929382925e-06,2,767,109,876,0.5158971918134221,0.34782608695652173
3169,2887,0,0,2.54266465998888e-06,2,767,109,876,0.5201052631578947,0.35036496350364965
3170,3351,0,0,8.647954212510209e-06,2,767,109,876,0.5243541713683894,0.35294117647058826
3171,3396,0,0,3.8204561932447496e-05,2,767,109,876,0.5286431152147731,0.35555555555555557
3172,3404,0,0,1.0385373229215746e-06,2,767,109,876,0.5267329916591297,0.35074626865671643
3173,3507,0,0,1.2045505380312673e-05,2,767,109,876,0.5311011942174734,0.3533834586466165
3174,3594,0,0,0.00027011836884582874,2,767,109,876,0.5355072463768117,0.3560606060606061
3175,3695,0,0,0.007355966797387062,2,767,109,876,0.5399503915791594,0.35877862595419846
3176,3917,0,0,2.008144514886127e-05,2,767,109,876,0.544429882044561,0.36153846153846153
3177,3960,0,0,8.091774991553226e-05,2,767,109,876,0.5426666666666666,0.35658914728682173
3178,4002,0,0,0.00015049821573804082,2,767,109,876,0.5472190904724589,0.359375
3179,4015,0,0,0.49876398573908115,2,767,109,876,0.5518058507946149,0.36220472440944884
3180,4437,0,0,1.2094993842502173e-05,2,767,109,876,0.556426236984115,0.36507936507936506
3181,4598,0,0,4.0331644500560895e-05,2,767,109,876,0.5610795454545454,0.368
3182,4713,0,0,8.488787779470002e-05,2,767,109,876,0.5657650793650792,0.3709677419354839
3183,4773,0,0,3.9513954971478115e-05,2,767,109,876,0.5704821483063778,0.37398373983739835
3184,4851,0,0,0.4469287955844095,2,767,109,876,0.5689228886168911,0.36885245901639346
3185,4948,0,0,5.507420193672691e-05,2,767,109,876,0.5737048954263387,0.371900826446281
3186,4978,0,0,4.103730670551632e-05,2,767,109,876,0.5785166240409207,0.375
3187,6,1,0,0.0006515973483421411,2,768,109,877,0.5785166240409207,0.375
3188,36,1,0,0.0003165390745057934,2,769,109,878,0.5785166240409207,0.375
3189,45,1,0,0.006720202439101809,2,770,109,879,0.5785166240409207,0.375
3190,52,1,1,0.9687020708301207,2,770,109,879,0.5848157511683137,0.38333333333333336
3191,102,1,0,0.0010038498115264316,2,771,109,880,0.5848157511683137,0.38333333333333336
3192,163,1,0,0.026363995331412395,2,772,109,881,0.5848157511683137,0.38333333333333336
3193,175,1,0,0.10453397186088685,2,773,109,882,0.5848157511683137,0.38333333333333336
3194,197,1,0,0.0004468011446603509,2,774,109,883,0.5848157511683137,0.38333333333333336
3195,200,1,0,0.00036069663744169424,2,775,109,884,0.5848157511683137,0.38333333333333336
3196,254,1,0,0.005031437614205088,2,776,109,885,0.5848157511683137,0.38333333333333336
3197,257,1,0,0.026304104792552636,2,777,109,886,0.5785166240409207,0.375
3198,274,1,0,0.01506157184811257,2,778,109,887,0.5785166240409207,0.375
3199,276,1,0,0.0008548316421876658,2,779,109,888,0.5785166240409207,0.375
3200,326,1,0,0.0009089145795306167,2,780,109,889,0.5737048954263387,0.371900826446281
3201,337,1,0,0.0014649965048026154,2,781,109,890,0.5689228886168911,0.36885245901639346
3202,348,1,0,0.004886001484744211,2,782,109,891,0.5641712714216598,0.36585365853658536
3203,363,1,1,0.9790472782067762,2,782,109,891,0.5657650793650792,0.3709677419354839
3204,466,1,1,0.9240724494767059,2,782,109,891,0.5673469129234122,0.376
3205,556,1,0,0.0014989299069746173,2,783,109,892,0.5626966292134832,0.373015873015873
3206,569,1,1,0.9960648569824228,2,783,109,892,0.5643030303030303,0.3779527559055118
3207,581,1,0,0.0005331657659246153,2,784,109,893,0.5597214864148944,0.375
3208,605,1,0,0.0006097833523204734,2,785,109,894,0.5551739086601473,0.37209302325581395
3209,641,1,1,0.9975676433759288,2,785,109,894,0.5568438003220613,0.3769230769230769
3210,686,1,0,0.00011500902595042885,2,786,109,895,0.5523683218101823,0.37404580152671757
3211,718,1,1,0.5527349923797551,2,786,109,895,0.5540679370339686,0.3787878787878788
3212,735,1,0,0.006623486333977652,2,787,109,896,0.5496668004817343,0.37593984962406013
3213,758,1,1,0.7057769312120096,2,787,109,896,0.5513984962406014,0.3805970149253731
3214,785,1,1,0.9982442742290557,2,787,109,896,0.553125,0.3851851851851852
3215,792,1,1,0.9925571466240677,2,787,109,896,0.5589787489674852,0.3897058823529412
3216,793,1,0,0.0011330500134106476,2,788,109,897,0.5547152437193473,0.38686131386861317
3217,833,1,0,0.00020700743982280355,2,789,109,898,0.5504915572232645,0.38405797101449274
3218,869,1,0,0.05662891606775167,2,790,109,899,0.5463085234093638,0.381294964028777
3219,890,1,1,0.9789531566881102,2,790,109,899,0.5481548154815481,0.38571428571428573
3220,892,1,0,0.31861926080669767,2,791,109,900,0.5440558513962849,0.3829787234042553
3221,894,1,0,0.012327400873691014,2,792,109,901,0.54,0.38028169014084506
3222,922,1,0,0.00023032104300576775,2,793,109,902,0.54,0.3776223776223776
3223,939,1,0,0.0005382283616115434,2,794,109,903,0.536011400285007,0.375
3224,942,1,0,0.06529553528000574,2,795,109,904,0.5320682068206821,0.3724137931034483
3225,955,1,0,0.0007809116624074673,2,796,109,905,0.528171338551174,0.3698630136986301
3226,973,1,1,0.9999293886227743,2,796,109,905,0.5302876797998749,0.3741496598639456
3227,997,1,0,8.507851304303596e-07,2,797,109,906,0.5264858372535283,0.3716216216216216
3228,1034,1,0,0.03739139685820903,2,798,109,907,0.5227330980451054,0.3691275167785235
3229,1039,1,1,0.6026900563713868,2,798,109,907,0.5249505248127458,0.37333333333333335
3230,1045,1,1,0.9938537350206864,2,798,109,907,0.5271739512023872,0.37748344370860926
3231,1105,1,1,0.9992646892152144,2,798,109,907,0.5294047350053979,0.3815789473684211
3232,1189,1,1,0.7531337548801138,2,798,109,907,0.5316442489000629,0.38562091503267976
3233,1192,1,0,0.003332642275871301,2,799,109,908,0.5281481481481481,0.38311688311688313
3234,1204,1,0,0.005847187197154946,2,800,109,909,0.5285426731078905,0.38064516129032255
3235,1247,1,0,2.859274145802005e-07,2,801,109,910,0.5251310719951651,0.3782051282051282
3236,1248,1,0,1.9785605639415468e-05,2,802,109,911,0.5217763887488658,0.37579617834394907
3237,1276,1,0,0.005894742219755986,2,803,109,912,0.518479780014632,0.37341772151898733
3238,1283,1,0,0.002837016841148732,2,804,109,913,0.5152424242424243,0.3710691823899371
3239,1358,1,0,0.09846955486823358,2,805,109,914,0.5120655223842867,0.36875
3240,1370,1,0,0.37164844346503595,2,806,109,915,0.50895029861322,0.36645962732919257
3241,1432,1,0,0.23886711406602948,2,807,109,916,0.5058980010640723,0.36419753086419754
3242,1443,1,0,0.42884266398377097,2,808,109,917,0.5029099025974026,0.3619631901840491
3243,1493,1,0,0.08546796796544882,2,809,109,918,0.4999873015873016,0.3597560975609756
3244,1534,1,0,0.0002079327153085047,2,810,109,919,0.4971315227342082,0.3575757575757576
3245,1554,1,1,0.9958650190078578,2,810,109,919,0.5000979192166463,0.3614457831325301
3246,1570,1,1,0.9802274235992016,2,810,109,919,0.5030895140664962,0.3652694610778443
3247,1609,1,1,0.9074148033326821,2,810,109,919,0.5061083743842364,0.36904761904761907
3248,1641,1,0,0.10446052484161693,2,811,109,920,0.5035319061447919,0.3668639053254438
3249,1711,1,1,0.8242363970418283,2,811,109,920,0.5101019462465246,0.37058823529411766
3250,1750,1,0,0.0001969266144480796,2,812,109,921,0.511047265987025,0.3684210526315789
3251,1757,1,0,0.03561288586209698,2,813,109,922,0.5086215344938749,0.36627906976744184
3252,1788,1,0,6.32283745405722e-05,2,814,109,923,0.5062732534105002,0.36416184971098264
3253,1816,1,1,0.9951023683677916,2,814,109,923,0.509627554725594,0.367816091954023
3254,1825,1,1,0.9923673079415597,2,814,109,923,0.5130208333333333,0.37142857142857144
3255,1856,1,0,0.07594253327961001,2,815,109,924,0.5130208333333333,0.37142857142857144
3256,1860,1,1,0.9999784359919448,2,815,109,924,0.5185612881338241,0.37714285714285717
3257,1867,1,0,0.012683238263390694,2,816,109,925,0.5185612881338241,0.37714285714285717
3258,1962,1,1,0.539826390146872,2,816,109,925,0.5185612881338241,0.37714285714285717
3259,1972,1,0,0.017474345014781636,2,817,109,926,0.5130208333333333,0.37142857142857144
3260,1981,1,0,0.006373480281450676,2,818,109,927,0.5130208333333333,0.37142857142857144
3261,1985,1,0,0.03919672378694262,2,819,109,928,0.5130208333333333,0.37142857142857144
3262,2017,1,0,0.05393435285822839,2,820,109,929,0.5074391226383221,0.3657142857142857
3263,2062,1,1,0.9790472781296611,2,820,109,929,0.5130208333333333,0.37142857142857144
3264,2089,1,0,0.02703936081728278,2,821,109,930,0.5074391226383221,0.3657142857142857
3265,2093,1,0,0.0014989300091564225,2,822,109,931,0.5018155410312273,0.36
3266,2137,1,0,0.008795758518585892,2,823,109,932,0.5018155410312273,0.36
3267,2152,1,0,0.006246923208086796,2,824,109,933,0.5018155410312273,0.36
3268,2249,1,0,1.726691767549229e-05,2,825,109,934,0.5018155410312273,0.36
3269,2261,1,0,0.0014925857650855256,2,826,109,935,0.5018155410312273,0.36
3270,2295,1,0,0.0011942204435035947,2,827,109,936,0.5018155410312273,0.36
3271,2297,1,1,0.9772554111790335,2,827,109,936,0.5074391226383221,0.3657142857142857
3272,2339,1,1,0.98682511170651,2,827,109,936,0.5130208333333333,0.37142857142857144
3273,2348,1,0,6.938483649347239e-05,2,828,109,937,0.5130208333333333,0.37142857142857144
3274,2351,1,0,0.002636404303142378,2,829,109,938,0.5130208333333333,0.37142857142857144
3275,2366,1,0,0.001395174367977386,2,830,109,939,0.5130208333333333,0.37142857142857144
3276,2376,1,0,0.03208357115175679,2,831,109,940,0.5130208333333333,0.37142857142857144
3277,2388,1,1,0.9184492272126658,2,831,109,940,0.5130208333333333,0.37142857142857144
3278,2412,1,0,0.005135849725225785,2,832,109,941,0.5130208333333333,0.37142857142857144
3279,2416,1,0,0.006156608112684668,2,833,109,942,0.5074391226383221,0.3657142857142857
3280,2432,1,1,0.5681945691322394,2,833,109,942,0.5130208333333333,0.37142857142857144
3281,2443,1,0,0.014748286016079476,2,834,109,943,0.5130208333333333,0.37142857142857144
3282,2461,1,0,0.00613963547327828,2,835,109,944,0.5074391226383221,0.3657142857142857
3283,2483,1,0,0.042835161401864795,2,836,109,945,0.5074391226383221,0.3657142857142857
3284,30,1,1,0.5204204114537675,2,836,109,945,0.5130208333333333,0.37142857142857144
3285,35,1,1,0.9996300069429438,2,836,109,945,0.5185612881338241,0.37714285714285717
3286,50,1,0,0.4845145105487825,2,837,109,946,0.5130208333333333,0.37142857142857144
3287,75,1,0,0.11286779905680344,2,838,109,947,0.5074391226383221,0.3657142857142857
3288,129,1,1,0.9999169939892757,2,838,109,947,0.5130208333333333,0.37142857142857144
3289,141,1,1,0.9968598261404261,2,838,109,947,0.5130208333333333,0.37142857142857144
3290,198,1,1,0.775926233194521,2,838,109,947,0.5185612881338241,0.37714285714285717
3291,202,1,0,0.08987384092392446,2,839,109,948,0.5185612881338241,0.37714285714285717
3292,271,1,0,7.362780099154457e-05,2,840,109,949,0.5185612881338241,0.37714285714285717
3293,331,1,1,0.7034441456347456,2,840,109,949,0.5240610942567215,0.38285714285714284
3294,342,1,1,0.9980646084728574,2,840,109,949,0.5295208513538309,0.38857142857142857
3295,360,1,1,0.9899088915372531,2,840,109,949,0.5349411517444304,0.3942857142857143
3296,372,1,0,3.954604889517351e-06,2,841,109,950,0.5349411517444304,0.3942857142857143
3297,412,1,0,0.038418831596672046,2,842,109,951,0.5295208513538309,0.38857142857142857
3298,429,1,0,0.00026038762633590854,2,843,109,952,0.5240610942567215,0.38285714285714284
3299,494,1,1,0.7765190894284707,2,843,109,952,0.5295208513538309,0.38857142857142857
3300,499,1,0,3.573300008713442e-05,2,844,109,953,0.5240610942567215,0.38285714285714284
3301,503,1,1,0.9900923527678498,2,844,109,953,0.5240610942567215,0.38285714285714284
3302,594,1,0,0.0004974061634772974,2,845,109,954,0.5185612881338241,0.37714285714285717
3303,620,1,0,0.0031900252944651623,2,846,109,955,0.5130208333333333,0.37142857142857144
3304,660,1,0,0.04059745584206288,2,847,109,956,0.5074391226383221,0.3657142857142857
3305,662,1,0,0.004241775918608009,2,848,109,957,0.5074391226383221,0.3657142857142857
3306,673,1,1,0.9999177079045818,2,848,109,957,0.5074391226383221,0.3657142857142857
3307,682,1,0,0.0020610164251811777,2,849,109,958,0.5074391226383221,0.3657142857142857
3308,702,1,1,0.9755213123104657,2,849,109,958,0.5074391226383221,0.3657142857142857
3309,708,1,0,0.04097624745206939,2,850,109,959,0.5018155410312273,0.36
3310,722,1,0,0.0002852627085159232,2,851,109,960,0.4961494654552044,0.35428571428571426
3311,741,1,1,0.9979411717766455,2,851,109,960,0.4961494654552044,0.35428571428571426
3312,749,1,0,0.0009089145302038629,2,852,109,961,0.4961494654552044,0.35428571428571426
3313,789,1,0,0.000345097157419727,2,853,109,962,0.4961494654552044,0.35428571428571426
3314,840,1,1,0.9926059789340917,2,853,109,962,0.4961494654552044,0.35428571428571426
3315,874,1,0,0.0009158223496413209,2,854,109,963,0.49044026457213724,0.3485714285714286
3316,896,1,1,0.9969119175253127,2,854,109,963,0.4961494654552044,0.35428571428571426
3317,946,1,1,0.999905949928993,2,854,109,963,0.5018155410312273,0.36
3318,947,1,1,0.8364670570141552,2,854,109,963,0.5018155410312273,0.36
3319,952,1,1,0.913826681267024,2,854,109,963,0.5074391226383221,0.3657142857142857
3320,972,1,1,0.9431284898799468,2,854,109,963,0.5074391226383221,0.3657142857142857
3321,991,1,1,0.6680691322421566,2,854,109,963,0.5074391226383221,0.3657142857142857
3322,1013,1,0,0.0001530759722894319,2,855,109,964,0.5018155410312273,0.36
3323,1069,1,0,0.00046976207788859133,2,856,109,965,0.4961494654552044,0.35428571428571426
3324,1076,1,1,0.978272004484032,2,856,109,965,0.5018155410312273,0.36
3325,1100,1,0,0.0010022546390929452,2,857,109,966,0.4961494654552044,0.35428571428571426
3326,1118,1,1,0.9930129667678118,2,857,109,966,0.5018155410312273,0.36
3327,1121,1,1,0.9405955916117844,2,857,109,966,0.5074391226383221,0.3657142857142857
3328,1133,1,1,0.993405659016102,2,857,109,966,0.5130208333333333,0.37142857142857144
3329,1146,1,0,0.43746613477217766,2,858,109,967,0.5130208333333333,0.37142857142857144
3330,1147,1,0,0.0002921892631397521,2,859,109,968,0.5074391226383221,0.3657142857142857
3331,1210,1,1,0.9973700745948393,2,859,109,968,0.5130208333333333,0.37142857142857144
3332,1211,1,1,0.7068754202405267,2,859,109,968,0.5130208333333333,0.37142857142857144
3333,1220,1,0,0.0012808819813430608,2,860,109,969,0.5074391226383221,0.3657142857142857
3334,1304,1,0,2.979793881953184e-05,2,861,109,970,0.5018155410312273,0.36
3335,1325,1,1,0.9830670568404739,2,861,109,970,0.5074391226383221,0.3657142857142857
3336,1346,1,0,0.000638667150028045,2,862,109,971,0.5018155410312273,0.36
3337,1385,1,1,0.9983388259866033,2,862,109,971,0.5074391226383221,0.3657142857142857
3338,1401,1,0,0.00023569362412382406,2,863,109,972,0.5018155410312273,0.36
3339,1411,1,0,0.03961230735019988,2,864,109,973,0.5018155410312273,0.36
3340,1453,1,0,0.006751083884227744,2,865,109,974,0.5018155410312273,0.36
3341,1480,1,1,0.7811674888781814,2,865,109,974,0.5074391226383221,0.3657142857142857
3342,1491,1,0,5.69300598134772e-06,2,866,109,975,0.5018155410312273,0.36
3343,1565,1,0,0.05229271225921745,2,867,109,976,0.5018155410312273,0.36
3344,1568,1,0,0.0962443097069055,2,868,109,977,0.4961494654552044,0.35428571428571426
3345,1571,1,1,0.9999572143347545,2,868,109,977,0.5018155410312273,0.36
3346,1578,1,0,0.003947171754131073,2,869,109,978,0.4961494654552044,0.35428571428571426
3347,1614,1,1,0.9989204703746833,2,869,109,978,0.5018155410312273,0.36
3348,1669,1,1,0.8468141938199593,2,869,109,978,0.5074391226383221,0.3657142857142857
3349,1679,1,0,0.4416587871288187,2,870,109,979,0.5074391226383221,0.3657142857142857
3350,1793,1,0,0.06242170999996388,2,871,109,980,0.5018155410312273,0.36
3351,1847,1,0,0.001707820577399052,2,872,109,981,0.4961494654552044,0.35428571428571426
3352,1863,1,0,0.0004038219520923939,2,873,109,982,0.4961494654552044,0.35428571428571426
3353,1883,1,0,0.004503791715742503,2,874,109,983,0.4961494654552044,0.35428571428571426
3354,1887,1,1,0.9953277035608699,2,874,109,983,0.5018155410312273,0.36
3355,1943,1,1,0.9990002428126237,2,874,109,983,0.5074391226383221,0.3657142857142857
3356,1953,1,0,0.16257658785823476,2,875,109,984,0.5018155410312273,0.36
3357,1954,1,0,0.00034621142936568534,2,876,109,985,0.4961494654552044,0.35428571428571426
3358,1960,1,1,0.8692761621438775,2,876,109,985,0.5018155410312273,0.36
3359,1968,1,1,0.9834855196156268,2,876,109,985,0.5074391226383221,0.3657142857142857
3360,1983,1,0,0.002996267512076591,2,877,109,986,0.5074391226383221,0.3657142857142857
3361,2008,1,1,0.9063422550570707,2,877,109,986,0.5130208333333333,0.37142857142857144
3362,2010,1,0,0.0055023229898371875,2,878,109,987,0.5109152117748375,0.3693181818181818
3363,2037,1,1,0.7817276459357079,2,878,109,987,0.5144350082566642,0.3728813559322034
3364,2038,1,1,0.9791875191545746,2,878,109,987,0.5180013166556946,0.37640449438202245
3365,2054,1,0,0.00035199344360731656,2,879,109,988,0.5161566888396156,0.3743016759776536
3366,2092,1,0,0.2130285384187736,2,880,109,989,0.5144029001614141,0.37222222222222223
3367,2140,1,1,0.9914583106972941,2,880,109,989,0.5182044735232321,0.3756906077348066
3368,2143,1,0,0.0015394298693266065,2,881,109,990,0.51664,0.37362637362637363
3369,2168,1,0,0.00542973609578021,2,882,109,991,0.5151728655846413,0.37158469945355194
3370,2178,1,1,0.9999651460066651,2,882,109,991,0.5192331478045764,0.375
3371,2190,1,0,4.660574684766856e-07,2,883,109,992,0.5179700140222199,0.372972972972973
3372,2191,1,1,0.5970157803221035,2,883,109,992,0.5222048611111112,0.3763440860215054
3373,2210,1,1,0.9739218957798724,2,883,109,992,0.5265138115514794,0.37967914438502676
3374,2218,1,0,0.003039666195674453,2,884,109,993,0.5255795613242422,0.3776595744680851
3375,2269,1,1,0.9909737206199121,2,884,109,993,0.5300843463160505,0.38095238095238093
3376,2338,1,0,0.039128444151047416,2,885,109,994,0.5293837813917469,0.37894736842105264
3377,2353,1,1,0.7496060422893706,2,885,109,994,0.5340998217468805,0.38219895287958117
3378,2379,1,1,0.5881889919506362,2,885,109,994,0.5389114577488496,0.3854166666666667
3379,2389,1,1,0.9997714639784527,2,885,109,994,0.5438240615106287,0.38860103626943004
3380,2399,1,0,0.0007519866454111876,2,886,109,995,0.5436402849116037,0.3865979381443299
3381,2408,1,0,0.08080337320533199,2,887,109,996,0.5435897435897437,0.38461538461538464
3382,2441,1,0,1.9420452642082325e-05,2,888,109,997,0.543675734431763,0.3826530612244898
3383,2459,1,0,0.23575420462409466,2,889,109,998,0.5439016544117647,0.38071065989847713
3384,2469,1,1,0.9749763667537578,2,889,109,998,0.5495145406094312,0.3838383838383838
3385,2485,1,0,0.0010540955278031208,2,890,109,999,0.5500436363636364,0.38190954773869346
3386,2491,1,1,0.9975510358155678,2,890,109,999,0.555956678700361,0.385
3387,3,1,0,0.00019865271197039267,2,891,109,1000,0.555956678700361,0.385
3388,108,1,0,0.2715187466427769,2,892,109,1001,0.555956678700361,0.385
3389,147,1,0,4.207584707084808e-05,2,893,109,1002,0.555956678700361,0.385
3390,153,1,0,0.0038389124870173963,2,894,109,1003,0.5507246376811594,0.38
3391,170,1,0,0.05363391383215247,2,895,109,1004,0.5507246376811594,0.38
3392,177,1,1,0.9999907088266635,2,895,109,1004,0.555956678700361,0.385
3393,201,1,0,3.2192990913936933e-06,2,896,109,1005,0.555956678700361,0.385
3394,232,1,0,0.0007562024015331905,2,897,109,1006,0.555956678700361,0.385
3395,281,1,0,0.021740585840330003,2,898,109,1007,0.555956678700361,0.385
3396,344,1,0,0.04044613004710027,2,899,109,1008,0.555956678700361,0.385
3397,351,1,1,0.6326368401356316,2,899,109,1008,0.5611510791366906,0.39
3398,366,1,1,0.9993021507170031,2,899,109,1008,0.5663082437275986,0.395
3399,421,1,0,0.053787380094169016,2,900,109,1009,0.5663082437275986,0.395
3400,470,1,0,0.012472569842583034,2,901,109,1010,0.5663082437275986,0.395
3401,491,1,0,0.48388726256084585,2,902,109,1011,0.5663082437275986,0.395
3402,590,1,1,0.9950569688087749,2,902,109,1011,0.5714285714285714,0.4
3403,679,1,0,0.0006645086072281661,2,903,109,1012,0.5663082437275986,0.395
3404,705,1,1,0.8334932448482797,2,903,109,1012,0.5663082437275986,0.395
3405,709,1,0,2.18651286207009e-05,2,904,109,1013,0.5663082437275986,0.395
3406,724,1,1,0.9999972527567543,2,904,109,1013,0.5663082437275986,0.395
3407,725,1,0,0.02550053942796031,2,905,109,1014,0.5663082437275986,0.395
3408,729,1,1,0.8334931643545,2,905,109,1014,0.5714285714285714,0.4
3409,770,1,1,0.975733184921676,2,905,109,1014,0.5714285714285714,0.4
3410,777,1,1,0.8691909356808676,2,905,109,1014,0.5765124555160143,0.405
3411,813,1,1,0.919228711933192,2,905,109,1014,0.5765124555160143,0.405
3412,841,1,0,0.03914297181147384,2,906,109,1015,0.5765124555160143,0.405
3413,926,1,1,0.9966113224563141,2,906,109,1015,0.5765124555160143,0.405
3414,983,1,1,0.9699657003336647,2,906,109,1015,0.5765124555160143,0.405
3415,1015,1,0,0.0009632902418341893,2,907,109,1016,0.5714285714285714,0.4
3416,1040,1,1,0.6596842708361528,2,907,109,1016,0.5765124555160143,0.405
3417,1043,1,0,1.687291615243057e-05,2,908,109,1017,0.5765124555160143,0.405
3418,1059,1,1,0.9999977961031998,2,908,109,1017,0.5815602836879432,0.41
3419,1071,1,1,0.6596842704198652,2,908,109,1017,0.5815602836879432,0.41
3420,1077,1,0,0.0037948545328904256,2,909,109,1018,0.5815602836879432,0.41
3421,1101,1,1,0.8734489158078516,2,909,109,1018,0.5865724381625441,0.415
3422,1123,1,1,0.9969118332833716,2,909,109,1018,0.5915492957746479,0.42
3423,1138,1,1,0.5796311422377429,2,909,109,1018,0.5964912280701754,0.425
3424,1176,1,1,0.9995009678397119,2,909,109,1018,0.6013986013986014,0.43
3425,1193,1,0,0.0023783679625037687,2,910,109,1019,0.6013986013986014,0.43
3426,1197,1,0,0.0024307790612546495,2,911,109,1020,0.5964912280701754,0.425
3427,1256,1,0,0.009211789390550673,2,912,109,1021,0.5964912280701754,0.425
3428,1259,1,1,0.8033139262873449,2,912,109,1021,0.6013986013986014,0.43
3429,1262,1,0,0.012798699857437802,2,913,109,1022,0.5964912280701754,0.425
3430,1285,1,0,0.05034756364242,2,914,109,1023,0.5915492957746479,0.42
3431,1303,1,0,5.13710075275595e-05,2,915,109,1024,0.5865724381625441,0.415
3432,1356,1,0,1.4815973510965672e-06,2,916,109,1025,0.5815602836879432,0.41
3433,1361,1,0,0.0006742976500926095,2,917,109,1026,0.5815602836879432,0.41
3434,1372,1,0,0.04048133399157073,2,918,109,1027,0.5815602836879432,0.41
3435,1410,1,0,0.034134191656569106,2,919,109,1028,0.5815602836879432,0.41
3436,1423,1,1,0.5757936306601458,2,919,109,1028,0.5865724381625441,0.415
3437,1431,1,0,0.1981592486746243,2,920,109,1029,0.5865724381625441,0.415
3438,1447,1,0,0.005103870534876728,2,921,109,1030,0.5865724381625441,0.415
3439,1458,1,0,0.00021994576942613563,2,922,109,1031,0.5865724381625441,0.415
3440,1481,1,0,0.028210926299238447,2,923,109,1032,0.5865724381625441,0.415
3441,1505,1,0,0.24489905778906185,2,924,109,1033,0.5865724381625441,0.415
3442,1543,1,1,0.7976538728113065,2,924,109,1033,0.5915492957746479,0.42
3443,1561,1,0,0.0035675242700914218,2,925,109,1034,0.5915492957746479,0.42
3444,1562,1,1,0.9999973216098186,2,925,109,1034,0.5964912280701754,0.425
3445,1564,1,0,0.10262680970818108,2,926,109,1035,0.5915492957746479,0.42
3446,1574,1,1,0.8007167545288804,2,926,109,1035,0.5915492957746479,0.42
3447,1590,1,0,0.02149075381472126,2,927,109,1036,0.5865724381625441,0.415
3448,1624,1,0,0.0002662015378242587,2,928,109,1037,0.5865724381625441,0.415
3449,1630,1,0,0.0005237879150650527,2,929,109,1038,0.5815602836879432,0.41
3450,1639,1,0,0.00036931947052249765,2,930,109,1039,0.5815602836879432,0.41
3451,1644,1,0,0.0016246422089468877,2,931,109,1040,0.5815602836879432,0.41
3452,1645,1,0,0.00014009903898693814,2,932,109,1041,0.5815602836879432,0.41
3453,1698,1,0,0.24958318847490976,2,933,109,1042,0.5765124555160143,0.405
3454,1712,1,0,0.002438097791976101,2,934,109,1043,0.5714285714285714,0.4
3455,1726,1,1,0.9955725566203842,2,934,109,1043,0.5765124555160143,0.405
3456,1760,1,0,0.029205709773983013,2,935,109,1044,0.5714285714285714,0.4
3457,1762,1,0,0.0013777805869789872,2,936,109,1045,0.5714285714285714,0.4
3458,1808,1,0,0.005226820977717685,2,937,109,1046,0.5663082437275986,0.395
3459,1809,1,0,0.001925446452083174,2,938,109,1047,0.5663082437275986,0.395
3460,1839,1,1,0.9984440062936354,2,938,109,1047,0.5714285714285714,0.4
3461,1868,1,0,0.050966404526805065,2,939,109,1048,0.5714285714285714,0.4
3462,1894,1,1,0.994806233563381,2,939,109,1048,0.5765124555160143,0.405
3463,1899,1,0,0.04277000461650269,2,940,109,1049,0.5714285714285714,0.4
3464,1925,1,0,0.024127223770480852,2,941,109,1050,0.5714285714285714,0.4
3465,1938,1,0,9.965537224198194e-06,2,942,109,1051,0.5714285714285714,0.4
3466,2073,1,0,0.021740585839358655,2,943,109,1052,0.5714285714285714,0.4
3467,2097,1,0,0.0001348612442920194,2,944,109,1053,0.5714285714285714,0.4
3468,2103,1,0,0.41488317122138846,2,945,109,1054,0.5714285714285714,0.4
3469,2110,1,0,0.06284686551433866,2,946,109,1055,0.5714285714285714,0.4
3470,2132,1,0,0.0028450932104588473,2,947,109,1056,0.5714285714285714,0.4
3471,2158,1,0,1.1953548999876718e-05,2,948,109,1057,0.5663082437275986,0.395
3472,2184,1,0,0.0018866345763029467,2,949,109,1058,0.5611510791366906,0.39
3473,2235,1,0,0.013490714250358839,2,950,109,1059,0.5611510791366906,0.39
3474,2256,1,0,0.052458449885143865,2,951,109,1060,0.5611510791366906,0.39
3475,2277,1,1,0.8263520785874497,2,951,109,1060,0.5663082437275986,0.395
3476,2375,1,0,0.042770008521342814,2,952,109,1061,0.5663082437275986,0.395
3477,2381,1,1,0.9427758619644641,2,952,109,1061,0.5663082437275986,0.395
3478,2382,1,0,0.0032884294368752,2,953,109,1062,0.5663082437275986,0.395
3479,2435,1,0,0.0032884294368752,2,954,109,1063,0.5663082437275986,0.395
3480,2479,1,0,0.0014848756123174557,2,955,109,1064,0.5611510791366906,0.39
3481,25,1,0,0.3181092378796803,2,956,109,1065,0.5611510791366906,0.39
3482,77,1,1,0.991011313460973,2,956,109,1065,0.5663082437275986,0.395
3483,80,1,0,0.00043854003797992586,2,957,109,1066,0.5663082437275986,0.395
3484,135,1,0,0.0017612153667442686,2,958,109,1067,0.5611510791366906,0.39
3485,178,1,0,0.0013777799479934843,2,959,109,1068,0.555956678700361,0.385
3486,216,1,0,0.014130109170868497,2,960,109,1069,0.555956678700361,0.385
3487,244,1,0,8.053225115102224e-05,2,961,109,1070,0.555956678700361,0.385
3488,264,1,1,0.9382889514467865,2,961,109,1070,0.555956678700361,0.385
3489,266,1,0,0.0474751814740445,2,962,109,1071,0.5507246376811594,0.38
3490,339,1,0,0.4300535753596728,2,963,109,1072,0.5454545454545454,0.375
3491,371,1,1,0.999319665188807,2,963,109,1072,0.5507246376811594,0.38
3492,378,1,1,0.8839387989402581,2,963,109,1072,0.555956678700361,0.385
3493,512,1,0,0.05699752822663992,2,964,109,1073,0.5507246376811594,0.38
3494,548,1,0,0.006959432870600904,2,965,109,1074,0.5454545454545454,0.375
3495,554,1,1,0.6332723364046319,2,965,109,1074,0.5454545454545454,0.375
3496,579,1,1,0.5199687315757578,2,965,109,1074,0.5507246376811594,0.38
3497,639,1,1,0.9615494860290714,2,965,109,1074,0.555956678700361,0.385
3498,652,1,0,0.04547346495234258,2,966,109,1075,0.555956678700361,0.385
3499,672,1,1,0.9912026993500498,2,966,109,1075,0.555956678700361,0.385
3500,719,1,0,0.30700211867178545,2,967,109,1076,0.555956678700361,0.385
3501,794,1,0,4.2561785478182645e-06,2,968,109,1077,0.5507246376811594,0.38
3502,806,1,0,2.1750747164896932e-05,2,969,109,1078,0.5507246376811594,0.38
3503,879,1,0,0.2632713087769087,2,970,109,1079,0.5507246376811594,0.38
3504,918,1,0,0.04322566643897248,2,971,109,1080,0.5507246376811594,0.38
3505,976,1,0,0.00018772622930110145,2,972,109,1081,0.5507246376811594,0.38
3506,1173,1,0,1.267267614332364e-06,2,973,109,1082,0.5454545454545454,0.375
3507,1179,1,0,0.003330363863828862,2,974,109,1083,0.5454545454545454,0.375
3508,1270,1,1,0.9382889722691059,2,974,109,1083,0.5454545454545454,0.375
3509,1286,1,1,0.987245734627564,2,974,109,1083,0.5507246376811594,0.38
3510,1289,1,1,0.8894808083113356,2,974,109,1083,0.555956678700361,0.385
3511,1296,1,0,0.006010781060108667,2,975,109,1084,0.5507246376811594,0.38
3512,1305,1,0,0.383102389567524,2,976,109,1085,0.5507246376811594,0.38
3513,1395,1,1,0.989192358499948,2,976,109,1085,0.555956678700361,0.385
3514,1398,1,0,0.00043393243664485053,2,977,109,1086,0.5507246376811594,0.38
3515,1492,1,0,0.05807590354015903,2,978,109,1087,0.5507246376811594,0.38
3516,1531,1,0,0.00032256323801287877,2,979,109,1088,0.5454545454545454,0.375
3517,1633,1,0,0.05445899305747638,2,980,109,1089,0.5401459854014599,0.37
3518,1646,1,1,0.9913076465527849,2,980,109,1089,0.5401459854014599,0.37
3519,1648,1,0,0.03417621167383482,2,981,109,1090,0.5347985347985348,0.365
3520,1723,1,0,0.001060897740004547,2,982,109,1091,0.5294117647058824,0.36
3521,1724,1,1,0.8733856804471025,2,982,109,1091,0.5294117647058824,0.36
3522,1728,1,0,0.020872927228903798,2,983,109,1092,0.5294117647058824,0.36
3523,1741,1,0,0.0003285371994298283,2,984,109,1093,0.5294117647058824,0.36
3524,1772,1,0,0.0014167974266982896,2,985,109,1094,0.5239852398523985,0.355
3525,1780,1,0,0.009663999887039353,2,986,109,1095,0.5239852398523985,0.355
3526,1798,1,0,0.00034472567637113487,2,987,109,1096,0.5185185185185185,0.35
3527,1813,1,1,0.9974124443221546,2,987,109,1096,0.5185185185185185,0.35
3528,1846,1,0,0.0007748456384873352,2,988,109,1097,0.5130111524163569,0.345
3529,1848,1,0,5.769565509693379e-05,2,989,109,1098,0.5130111524163569,0.345
3530,1902,1,0,0.1350108967209101,2,990,109,1099,0.5130111524163569,0.345
3531,1924,1,0,0.0007454301568488164,2,991,109,1100,0.5074626865671642,0.34
3532,1934,1,0,0.0015139211176340085,2,992,109,1101,0.50187265917603,0.335
3533,1970,1,0,0.02452906761260284,2,993,109,1102,0.50187265917603,0.335
3534,2049,1,1,0.9994263229590014,2,993,109,1102,0.5074626865671642,0.34
3535,2075,1,0,0.0334830040005798,2,994,109,1103,0.50187265917603,0.335
3536,2153,1,0,0.029760653740942347,2,995,109,1104,0.50187265917603,0.335
3537,2163,1,1,0.9976818667498232,2,995,109,1104,0.50187265917603,0.335
3538,2207,1,1,0.9960096165358948,2,995,109,1104,0.5074626865671642,0.34
3539,2280,1,0,0.0007781758786473186,2,996,109,1105,0.5074626865671642,0.34
3540,2294,1,0,0.1689488289209834,2,997,109,1106,0.5074626865671642,0.34
3541,2321,1,0,0.03005191230865364,2,998,109,1107,0.50187265917603,0.335
3542,2328,1,0,0.0002456883640086241,2,999,109,1108,0.50187265917603,0.335
3543,2347,1,1,0.6693977026281516,2,999,109,1108,0.5074626865671642,0.34
3544,2494,1,1,0.9979372655840262,2,999,109,1108,0.5130111524163569,0.345
3545,28,1,1,0.9996483030038288,2,999,109,1108,0.5130111524163569,0.345
3546,44,1,1,0.9830973793873516,2,999,109,1108,0.5185185185185185,0.35
3547,67,1,0,0.00019168369799312272,2,1000,109,1109,0.5130111524163569,0.345
3548,73,1,1,0.5754360043493779,2,1000,109,1109,0.5130111524163569,0.345
3549,84,1,0,0.00021412690723497514,2,1001,109,1110,0.5130111524163569,0.345
3550,106,1,0,0.06191757635347945,2,1002,109,1111,0.5130111524163569,0.345
3551,109,1,1,0.9998930864531976,2,1002,109,1111,0.5185185185185185,0.35
3552,117,1,0,0.0015781520629216828,2,1003,109,1112,0.5185185185185185,0.35
3553,123,1,0,0.00189673873771674,2,1004,109,1113,0.5185185185185185,0.35
3554,134,1,0,0.0017783223321967507,2,1005,109,1114,0.5130111524163569,0.345
3555,152,1,0,0.0760956007382652,2,1006,109,1115,0.5074626865671642,0.34
3556,162,1,1,0.9999835351626576,2,1006,109,1115,0.5130111524163569,0.345
3557,185,1,1,0.9999440203707609,2,1006,109,1115,0.5185185185185185,0.35
3558,210,1,0,0.0010135318603234052,2,1007,109,1116,0.5130111524163569,0.345
3559,214,1,1,0.9931427759916279,2,1007,109,1116,0.5130111524163569,0.345
3560,245,1,0,0.0019655623033964583,2,1008,109,1117,0.5130111524163569,0.345
3561,258,1,0,0.0001934701386951993,2,1009,109,1118,0.5074626865671642,0.34
3562,261,1,1,0.8594818460646064,2,1009,109,1118,0.5130111524163569,0.345
3563,270,1,0,0.0004842438128340499,2,1010,109,1119,0.5074626865671642,0.34
3564,291,1,0,0.00106557662802446,2,1011,109,1120,0.50187265917603,0.335
3565,316,1,0,0.0527653734818837,2,1012,109,1121,0.50187265917603,0.335
3566,328,1,1,0.7774704068151653,2,1012,109,1121,0.5074626865671642,0.34
3567,374,1,1,0.9999017205058489,2,1012,109,1121,0.5074626865671642,0.34
3568,377,1,0,0.0002626728562172579,2,1013,109,1122,0.5074626865671642,0.34
3569,387,1,0,0.00029645232469704,2,1014,109,1123,0.5074626865671642,0.34
3570,419,1,1,0.8502376182426299,2,1014,109,1123,0.5074626865671642,0.34
3571,457,1,0,0.0050130160661245775,2,1015,109,1124,0.5074626865671642,0.34
3572,472,1,0,0.0006319930358559321,2,1016,109,1125,0.50187265917603,0.335
3573,492,1,0,0.17443264406194978,2,1017,109,1126,0.49624060150375937,0.33
3574,498,1,0,0.283412469965917,2,1018,109,1127,0.49624060150375937,0.33
3575,507,1,0,0.13954032302619232,2,1019,109,1128,0.49056603773584906,0.325
3576,514,1,0,0.0008003171597435949,2,1020,109,1129,0.49056603773584906,0.325
3577,530,1,0,0.0054114924763694295,2,1021,109,1130,0.48484848484848486,0.32
3578,533,1,0,0.022614045888147256,2,1022,109,1131,0.4790874524714829,0.315
3579,561,1,0,0.39483587090762184,2,1023,109,1132,0.47328244274809156,0.31
3580,602,1,0,0.0006582417775948335,2,1024,109,1133,0.47328244274809156,0.31
3581,688,1,1,0.7914349443788046,2,1024,109,1133,0.4790874524714829,0.315
3582,747,1,0,1.2938248197975012e-05,2,1025,109,1134,0.4790874524714829,0.315
3583,761,1,0,0.00013610068146658575,2,1026,109,1135,0.4790874524714829,0.315
3584,782,1,1,0.9195636142427795,2,1026,109,1135,0.4790874524714829,0.315
3585,812,1,0,0.01794969723465182,2,1027,109,1136,0.4790874524714829,0.315
3586,815,1,1,0.9870484332073656,2,1027,109,1136,0.4790874524714829,0.315
3587,822,1,1,0.9282958255387227,2,1027,109,1136,0.48484848484848486,0.32
3588,828,1,0,0.0004098542843066686,2,1028,109,1137,0.48484848484848486,0.32
3589,839,1,1,0.7111083879518397,2,1028,109,1137,0.49056603773584906,0.325
3590,842,1,0,0.00032681491173863287,2,1029,109,1138,0.49056603773584906,0.325
3591,889,1,0,4.083571489196746e-06,2,1030,109,1139,0.49056603773584906,0.325
3592,914,1,0,0.0002879149228158073,2,1031,109,1140,0.48484848484848486,0.32
3593,966,1,1,0.999724535915946,2,1031,109,1140,0.49056603773584906,0.325
3594,975,1,1,0.960543319415274,2,1031,109,1140,0.49624060150375937,0.33
3595,980,1,0,0.017943793034388054,2,1032,109,1141,0.49624060150375937,0.33
3596,987,1,1,0.9977702954445121,2,1032,109,1141,0.50187265917603,0.335
3597,1021,1,0,0.008050521469312443,2,1033,109,1142,0.49624060150375937,0.33
3598,1047,1,1,0.5694757992641051,2,1033,109,1142,0.49624060150375937,0.33
3599,1062,1,0,0.0010655766473898084,2,1034,109,1143,0.49624060150375937,0.33
3600,1106,1,1,0.999937255346341,2,1034,109,1143,0.50187265917603,0.335
3601,1162,1,1,0.9947717288652399,2,1034,109,1143,0.5074626865671642,0.34
3602,1183,1,0,0.0375483118512911,2,1035,109,1144,0.50187265917603,0.335
3603,1214,1,0,2.7741362081098354e-07,2,1036,109,1145,0.50187265917603,0.335
3604,1265,1,1,0.6075676713059819,2,1036,109,1145,0.50187265917603,0.335
3605,1327,1,0,0.0015473535726676032,2,1037,109,1146,0.50187265917603,0.335
3606,1331,1,0,0.0025819577015988365,2,1038,109,1147,0.49624060150375937,0.33
3607,1342,1,0,0.014579487630889156,2,1039,109,1148,0.49624060150375937,0.33
3608,1371,1,0,0.007816086494050311,2,1040,109,1149,0.49056603773584906,0.325
3609,1390,1,0,0.06173154580419056,2,1041,109,1150,0.48484848484848486,0.32
3610,1435,1,0,0.009926334768084865,2,1042,109,1151,0.4790874524714829,0.315
3611,1465,1,0,1.5564022986013941e-06,2,1043,109,1152,0.47328244274809156,0.31
3612,1471,1,0,0.07247396054707142,2,1044,109,1153,0.47328244274809156,0.31
3613,1485,1,0,0.0019385169294447275,2,1045,109,1154,0.4674329501915709,0.305
3614,1490,1,0,0.008779380280429294,2,1046,109,1155,0.4615384615384615,0.3
3615,1533,1,0,0.00016678040304611387,2,1047,109,1156,0.4615384615384615,0.3
3616,1542,1,1,0.9999224611869727,2,1047,109,1156,0.4615384615384615,0.3
3617,1566,1,0,0.005103188126612405,2,1048,109,1157,0.4615384615384615,0.3
3618,1584,1,1,0.9971305329570861,2,1048,109,1157,0.4615384615384615,0.3
3619,1625,1,0,0.012853759415564821,2,1049,109,1158,0.4555984555984556,0.295
3620,1649,1,0,0.45102545393201077,2,1050,109,1159,0.4555984555984556,0.295
3621,1667,1,0,0.026393181357356743,2,1051,109,1160,0.4496124031007752,0.29
3622,1671,1,0,6.767363976295016e-05,2,1052,109,1161,0.44357976653696496,0.285
3623,1718,1,0,0.000478169917350253,2,1053,109,1162,0.4375,0.28
3624,1719,1,0,0.43930200679575004,2,1054,109,1163,0.43137254901960786,0.275
3625,1721,1,0,0.0017783404959832918,2,1055,109,1164,0.43137254901960786,0.275
3626,1734,1,1,0.960384940248529,2,1055,109,1164,0.4375,0.28
3627,1739,1,1,0.9999653296850517,2,1055,109,1164,0.44357976653696496,0.285
3628,1755,1,0,0.005802611636606843,2,1056,109,1165,0.4375,0.28
3629,1764,1,1,0.9742998585156749,2,1056,109,1165,0.44357976653696496,0.285
3630,1784,1,1,0.998882528095295,2,1056,109,1165,0.4496124031007752,0.29
3631,1792,1,1,0.987048456190925,2,1056,109,1165,0.4555984555984556,0.295
3632,1818,1,0,0.0093081055391915,2,1057,109,1166,0.4555984555984556,0.295
3633,1835,1,1,0.9999590893615652,2,1057,109,1166,0.4615384615384615,0.3
3634,1871,1,0,0.006456919105027951,2,1058,109,1167,0.4615384615384615,0.3
3635,1912,1,0,0.0025375717847956974,2,1059,109,1168,0.4615384615384615,0.3
3636,1916,1,1,0.9954190334589196,2,1059,109,1168,0.4615384615384615,0.3
3637,1969,1,0,0.0022056635498544693,2,1060,109,1169,0.4615384615384615,0.3
3638,2021,1,0,0.0008826242421674646,2,1061,109,1170,0.4615384615384615,0.3
3639,2034,1,1,0.9949742270690745,2,1061,109,1170,0.4674329501915709,0.305
3640,2074,1,0,2.7821551789495752e-06,2,1062,109,1171,0.4674329501915709,0.305
3641,2076,1,0,0.03734812610771512,2,1063,109,1172,0.4674329501915709,0.305
3642,2078,1,0,0.003214868495070764,2,1064,109,1173,0.4615384615384615,0.3
3643,2125,1,1,0.9382756494309584,2,1064,109,1173,0.4674329501915709,0.305
3644,2126,1,0,0.03430516803603403,2,1065,109,1174,0.4615384615384615,0.3
3645,2130,1,0,0.014252594659527582,2,1066,109,1175,0.4615384615384615,0.3
3646,2131,1,0,0.14628632503158573,2,1067,109,1176,0.4555984555984556,0.295
3647,2133,1,1,0.9999836419069282,2,1067,109,1176,0.4615384615384615,0.3
3648,2176,1,0,0.009791326520394801,2,1068,109,1177,0.4615384615384615,0.3
3649,2180,1,1,0.6259120801351974,2,1068,109,1177,0.4674329501915709,0.305
3650,2183,1,0,0.0010869257869818025,2,1069,109,1178,0.4674329501915709,0.305
3651,2265,1,0,0.28882039857706815,2,1070,109,1179,0.4674329501915709,0.305
3652,2397,1,1,0.99681276667277,2,1070,109,1179,0.47328244274809156,0.31
3653,2418,1,0,0.02249772810705469,2,1071,109,1180,0.47328244274809156,0.31
3654,2463,1,0,0.033631247721851124,2,1072,109,1181,0.47328244274809156,0.31
3655,2464,1,1,0.9198242248596445,2,1072,109,1181,0.47328244274809156,0.31
3656,2472,1,1,0.9924378942854334,2,1072,109,1181,0.4790874524714829,0.315
3657,2540,0,0,0.00027224380526996717,2,1072,109,1181,0.47858391414979534,0.3165829145728643
3658,3114,0,0,0.0001830468962979774,2,1072,109,1181,0.47821880426693136,0.3181818181818182
3659,3573,0,1,0.6643855440092422,2,1072,110,1182,0.47594889605556934,0.3197969543147208
3660,3598,0,0,0.00017927600327064712,2,1072,110,1182,0.4700402530189764,0.3163265306122449
3661,4514,0,1,0.7663956645679098,2,1072,111,1183,0.46785919658260083,0.31794871794871793
3662,4718,0,0,0.2235728307538634,2,1072,111,1183,0.4621452477483606,0.31443298969072164
3663,4935,0,1,0.8867123740615586,2,1072,112,1184,0.46005142717204967,0.3160621761658031
3664,4,1,0,0.4356428014547599,2,1073,112,1185,0.46005142717204967,0.3160621761658031
3665,27,1,0,0.06921435922369625,2,1074,112,1186,0.46005142717204967,0.3160621761658031
3666,40,1,0,0.1304766080321507,2,1075,112,1187,0.46005142717204967,0.3160621761658031
3667,46,1,1,0.9930875414341234,2,1075,112,1187,0.4657702805983186,0.32124352331606215
3668,74,1,1,0.9942754271764921,2,1075,112,1187,0.4714452750622964,0.32642487046632124
3669,88,1,0,0.0021447169380937408,2,1076,112,1188,0.4714452750622964,0.32642487046632124
3670,120,1,0,0.053671290882634906,2,1077,112,1189,0.4714452750622964,0.32642487046632124
3671,158,1,1,0.6059859980308047,2,1077,112,1189,0.4770769230769231,0.3316062176165803
3672,171,1,0,0.10788249578407426,2,1078,112,1190,0.4770769230769231,0.3316062176165803
3673,186,1,0,0.11562501250845139,2,1079,112,1191,0.4770769230769231,0.3316062176165803
3674,215,1,1,0.8994741969250661,2,1079,112,1191,0.4826657294853772,0.33678756476683935
3675,218,1,1,0.882039828347866,2,1079,112,1191,0.4826657294853772,0.33678756476683935
3676,223,1,0,4.618344564656978e-06,2,1080,112,1192,0.4826657294853772,0.33678756476683935
3677,269,1,0,0.0005197593190622767,2,1081,112,1193,0.4770769230769231,0.3316062176165803
3678,290,1,0,0.2525064652070509,2,1082,112,1194,0.4770769230769231,0.3316062176165803
3679,295,1,1,0.7076888425271977,2,1082,112,1194,0.4826657294853772,0.33678756476683935
3680,307,1,0,0.002466667640576864,2,1083,112,1195,0.4826657294853772,0.33678756476683935
3681,393,1,0,0.03980688011050616,2,1084,112,1196,0.4826657294853772,0.33678756476683935
3682,402,1,1,0.9366896613591696,2,1084,112,1196,0.4826657294853772,0.33678756476683935
3683,450,1,1,0.9988287744443075,2,1084,112,1196,0.4882121916141166,0.34196891191709844
3684,459,1,1,0.9190301176689978,2,1084,112,1196,0.4937167994227194,0.3471502590673575
3685,497,1,0,0.007687126876828325,2,1085,112,1197,0.4937167994227194,0.3471502590673575
3686,528,1,1,0.9996067631355621,2,1085,112,1197,0.49918003565062385,0.35233160621761656
3687,529,1,0,0.17013402883694348,2,1086,112,1198,0.49918003565062385,0.35233160621761656
3688,532,1,0,0.22798685515974218,2,1087,112,1199,0.4937167994227194,0.3471502590673575
3689,582,1,1,0.9929775536192196,2,1087,112,1199,0.49918003565062385,0.35233160621761656
3690,588,1,1,0.895854674329036,2,1087,112,1199,0.5046023759608665,0.35751295336787564
3691,623,1,1,0.9927023563453538,2,1087,112,1199,0.5046023759608665,0.35751295336787564
3692,648,1,1,0.8807120527831459,2,1087,112,1199,0.5046023759608665,0.35751295336787564
3693,667,1,1,0.9966392382884247,2,1087,112,1199,0.5099842890809111,0.3626943005181347
3694,694,1,0,5.589590688427378e-05,2,1088,112,1200,0.5099842890809111,0.3626943005181347
3695,695,1,0,0.0005848009756685541,2,1089,112,1201,0.5046023759608665,0.35751295336787564
3696,721,1,0,0.011919175752025918,2,1090,112,1202,0.49918003565062385,0.35233160621761656
3697,737,1,0,0.0009269041632981035,2,1091,112,1203,0.4937167994227194,0.3471502590673575
3698,759,1,0,0.2525064652070509,2,1092,112,1204,0.4937167994227194,0.3471502590673575
3699,764,1,0,0.0002760496936853968,2,1093,112,1205,0.4882121916141166,0.34196891191709844
3700,774,1,0,0.003055977933690418,2,1094,112,1206,0.4882121916141166,0.34196891191709844
3701,775,1,0,0.0006555481442746058,2,1095,112,1207,0.4882121916141166,0.34196891191709844
3702,857,1,1,0.9960641379557204,2,1095,112,1207,0.4937167994227194,0.3471502590673575
3703,858,1,0,0.0007363335539780267,2,1096,112,1208,0.4937167994227194,0.3471502590673575
3704,866,1,0,0.43479857388691834,2,1097,112,1209,0.4937167994227194,0.3471502590673575
3705,881,1,0,0.22819144082863038,2,1098,112,1210,0.4937167994227194,0.3471502590673575
3706,891,1,1,0.9456077500821747,2,1098,112,1210,0.49918003565062385,0.35233160621761656
3707,907,1,1,0.9670579272937454,2,1098,112,1210,0.5046023759608665,0.35751295336787564
3708,917,1,1,0.8002687823251217,2,1098,112,1210,0.5046023759608665,0.35751295336787564
3709,921,1,0,0.0061898146143992755,2,1099,112,1211,0.49918003565062385,0.35233160621761656
3710,951,1,0,0.4368478383238611,2,1100,112,1212,0.4937167994227194,0.3471502590673575
3711,993,1,0,0.021833631577540577,2,1101,112,1213,0.4937167994227194,0.3471502590673575
3712,1125,1,0,0.000307788676891644,2,1102,112,1214,0.4937167994227194,0.3471502590673575
3713,1130,1,0,0.12439499131774528,2,1103,112,1215,0.4882121916141166,0.34196891191709844
3714,1135,1,0,0.4806257312852821,2,1104,112,1216,0.4882121916141166,0.34196891191709844
3715,1158,1,0,0.024906839861924827,2,1105,112,1217,0.4882121916141166,0.34196891191709844
3716,1168,1,0,0.003922983797701637,2,1106,112,1218,0.4882121916141166,0.34196891191709844
3717,1177,1,1,0.9767324011923469,2,1106,112,1218,0.4937167994227194,0.3471502590673575
3718,1222,1,0,0.3362438507421806,2,1107,112,1219,0.4882121916141166,0.34196891191709844
3719,1284,1,0,0.10639814334215726,2,1108,112,1220,0.4882121916141166,0.34196891191709844
3720,1345,1,0,0.07897424063937075,2,1109,112,1221,0.4882121916141166,0.34196891191709844
3721,1396,1,1,0.9987265638316193,2,1109,112,1221,0.4882121916141166,0.34196891191709844
3722,1407,1,0,0.17556648391268156,2,1110,112,1222,0.4882121916141166,0.34196891191709844
3723,1441,1,1,0.6751536151966698,2,1110,112,1222,0.4937167994227194,0.3471502590673575
3724,1449,1,1,0.9455362012128029,2,1110,112,1222,0.49918003565062385,0.35233160621761656
3725,1454,1,0,0.10051796979052038,2,1111,112,1223,0.49918003565062385,0.35233160621761656
3726,1463,1,0,0.10296813751905118,2,1112,112,1224,0.49918003565062385,0.35233160621761656
3727,1469,1,1,0.9939695728307161,2,1112,112,1224,0.49918003565062385,0.35233160621761656
3728,1473,1,0,0.0007066005294328371,2,1113,112,1225,0.49918003565062385,0.35233160621761656
3729,1489,1,0,6.691627201226977e-05,2,1114,112,1226,0.49918003565062385,0.35233160621761656
3730,1508,1,1,0.9939183970430185,2,1114,112,1226,0.5046023759608665,0.35751295336787564
3731,1511,1,0,0.10120108833073432,2,1115,112,1227,0.5046023759608665,0.35751295336787564
3732,1513,1,0,0.07941175695376342,2,1116,112,1228,0.5046023759608665,0.35751295336787564
3733,1544,1,1,0.6655145287995737,2,1116,112,1228,0.5099842890809111,0.3626943005181347
3734,1608,1,1,0.9927023563453538,2,1116,112,1228,0.5099842890809111,0.3626943005181347
3735,1713,1,0,0.002206218859346615,2,1117,112,1229,0.5099842890809111,0.3626943005181347
3736,1743,1,0,0.030686013621212486,2,1118,112,1230,0.5099842890809111,0.3626943005181347
3737,1747,1,0,0.00035884937673972715,2,1119,112,1231,0.5046023759608665,0.35751295336787564
3738,1752,1,0,0.2609905288749302,2,1120,112,1232,0.49918003565062385,0.35233160621761656
3739,1761,1,0,0.000155583875992971,2,1121,112,1233,0.49918003565062385,0.35233160621761656
3740,1774,1,0,0.02454846894972815,2,1122,112,1234,0.49918003565062385,0.35233160621761656
3741,1796,1,0,0.029214582659070315,2,1123,112,1235,0.49918003565062385,0.35233160621761656
3742,1851,1,0,0.003922983938519157,2,1124,112,1236,0.49918003565062385,0.35233160621761656
3743,1890,1,0,0.3252964071319012,2,1125,112,1237,0.4937167994227194,0.3471502590673575
3744,1923,1,1,0.9961701481710471,2,1125,112,1237,0.4937167994227194,0.3471502590673575
3745,1973,1,0,0.4152169286258264,2,1126,112,1238,0.4882121916141166,0.34196891191709844
3746,1974,1,0,0.019340561863143462,2,1127,112,1239,0.4826657294853772,0.33678756476683935
3747,2029,1,1,0.9153501375556501,2,1127,112,1239,0.4882121916141166,0.34196891191709844
3748,2045,1,1,0.9981979284965296,2,1127,112,1239,0.4882121916141166,0.34196891191709844
3749,2063,1,0,0.06717581260531205,2,1128,112,1240,0.4882121916141166,0.34196891191709844
3750,2077,1,0,0.20793963515843458,2,1129,112,1241,0.4882121916141166,0.34196891191709844
3751,2095,1,0,0.0001555839109523706,2,1130,112,1242,0.4826657294853772,0.33678756476683935
3752,2100,1,0,0.0003449717502411964,2,1131,112,1243,0.4826657294853772,0.33678756476683935
3753,2145,1,0,0.0007332324864447983,2,1132,112,1244,0.4826657294853772,0.33678756476683935
3754,2155,1,0,0.0034445660483024007,2,1133,112,1245,0.4826657294853772,0.33678756476683935
3755,2179,1,1,0.9975512102350955,2,1133,112,1245,0.4882121916141166,0.34196891191709844
3756,2217,1,0,0.0061628159075568425,2,1134,112,1246,0.4826657294853772,0.33678756476683935
3757,2240,1,0,0.07158909970729185,2,1135,112,1247,0.4770769230769231,0.3316062176165803
3758,2247,1,0,0.02652891555238107,2,1136,112,1248,0.4770769230769231,0.3316062176165803
3759,2251,1,0,0.1957649892117364,2,1137,112,1249,0.4714452750622964,0.32642487046632124
3760,2267,1,0,0.41409609029005584,2,1138,112,1250,0.4714452750622964,0.32642487046632124
3761,2313,1,0,0.03183571376541357,2,1139,112,1251,0.4714452750622964,0.32642487046632124
3762,2368,1,1,0.5698160195271631,2,1139,112,1251,0.4714452750622964,0.32642487046632124
3763,2391,1,0,0.004726849332894516,2,1140,112,1252,0.4714452750622964,0.32642487046632124
3764,2392,1,0,0.030413087941490197,2,1141,112,1253,0.4714452750622964,0.32642487046632124
3765,2401,1,1,0.9147249444253306,2,1141,112,1253,0.4770769230769231,0.3316062176165803
3766,2419,1,0,0.002925049035972952,2,1142,112,1254,0.4714452750622964,0.32642487046632124
3767,2468,1,0,0.002142722843568189,2,1143,112,1255,0.4657702805983186,0.32124352331606215
3768,2474,1,0,0.24091222179774252,2,1144,112,1256,0.4657702805983186,0.32124352331606215
3769,2478,1,1,0.9957949223318157,2,1144,112,1256,0.4714452750622964,0.32642487046632124
3770,2503,0,0,0.00039191926197648625,2,1144,112,1256,0.465987864275802,0.3229166666666667
3771,2590,0,0,0.0437339359599183,2,1144,112,1256,0.466328125,0.32460732984293195
3772,2616,0,0,4.498437181705414e-05,2,1144,112,1256,0.46678837052062205,0.3263157894736842
3773,2713,0,0,5.3351114275009985e-05,2,1144,112,1256,0.46736597993743934,0.328042328042328
3774,2748,0,1,0.9372075056432627,2,1144,113,1257,0.46547298026102907,0.32978723404255317
3775,2902,0,1,0.5379309540573547,2,1144,114,1258,0.46357998058461874,0.3315508021390374
3776,2915,0,0,1.1266868669341464e-05,2,1144,114,1258,0.4643817052512704,0.3333333333333333
3777,2990,0,0,0.09044448087629267,2,1144,114,1258,0.4652938652938653,0.33513513513513515
3778,3206,0,0,0.009482741901245656,2,1144,114,1258,0.4663140725687853,0.33695652173913043
3779,3388,0,0,7.826263984037229e-05,2,1144,114,1258,0.46744,0.33879781420765026
3780,3438,0,0,0.00023232145603587195,2,1144,114,1258,0.468669379504774,0.34065934065934067
3781,3459,0,0,8.679296488206748e-05,2,1144,114,1258,0.4643896694980286,0.3370165745856354
3782,3788,0,0,0.00018154160359830644,2,1144,114,1258,0.4658219828951536,0.3388888888888889
3783,3851,0,0,0.0021793167570422567,2,1144,114,1258,0.46735088874259373,0.3407821229050279
3784,3933,0,0,0.0014107679674703123,2,1144,114,1258,0.4633278288904616,0.33707865168539325
3785,4118,0,0,0.0004856921392971469,2,1144,114,1258,0.4650455068521812,0.3389830508474576
3786,4236,0,0,0.002716300635990439,2,1144,114,1258,0.46116666666666667,0.3352272727272727
3787,4300,0,0,8.308589919309903e-06,2,1144,114,1258,0.4573347857661583,0.3314285714285714
3788,4335,0,0,4.19094362481023e-05,2,1144,114,1258,0.459319717325464,0.3333333333333333
3789,4566,0,0,0.00011019788873186405,2,1144,114,1258,0.4556170212765957,0.32947976878612717
3790,4577,0,0,6.104744017096071e-07,2,1144,114,1258,0.45776953969725054,0.3313953488372093
3791,4651,0,0,0.0006218702220006518,2,1144,114,1258,0.46000282696409756,0.3333333333333333
3792,4753,0,0,0.48564947272635517,2,1144,114,1258,0.4623152709359606,0.3352941176470588
3793,4870,0,0,0.00348997354000696,2,1144,114,1258,0.45889002557544756,0.33136094674556216
3794,4964,0,0,0.0020046957270796477,2,1144,114,1258,0.45549571603427175,0.3273809523809524
3795,2624,0,0,0.09416773291077254,2,1144,114,1258,0.45803595528507046,0.32934131736526945
3796,2724,0,0,1.1839469275777765e-05,2,1144,114,1258,0.4547428571428571,0.3253012048192771
3797,2901,0,0,9.7268126022072e-06,2,1144,114,1258,0.4574269480519481,0.32727272727272727
3798,3142,0,0,7.941439502658963e-05,2,1144,114,1258,0.4542281607450147,0.3231707317073171
3799,3327,0,0,2.6331036649530693e-05,2,1144,114,1258,0.4570502287722137,0.32515337423312884
3800,3526,0,1,0.8756927039890622,2,1144,115,1259,0.4504646464646464,0.32098765432098764
3801,3530,0,0,0.01280964969327579,2,1144,115,1259,0.4473656618610747,0.3167701863354037
3802,3543,0,0,6.110927382373302e-06,2,1144,115,1259,0.4503538062501574,0.31875
3803,3576,0,0,3.377593709575533e-05,2,1144,115,1259,0.45340579710144924,0.32075471698113206
3804,3799,0,0,0.011001269914556643,2,1144,115,1259,0.4504492010853181,0.31645569620253167
3805,3837,0,0,3.561921450433222e-05,2,1144,115,1259,0.45362481484271044,0.3184713375796178
3806,3929,0,0,0.0020238506483869624,2,1144,115,1259,0.4568606985146528,0.32051282051282054
3807,3965,0,1,0.6004143338808093,2,1144,116,1260,0.45652348454435965,0.3225806451612903
3808,3998,0,0,3.904870083217024e-05,2,1144,116,1260,0.4598495448732416,0.3246753246753247
3809,4067,0,0,0.0014665322437631078,2,1144,116,1260,0.46323308270676683,0.32679738562091504
3810,4110,0,0,3.252492622172807e-05,2,1144,116,1260,0.4666730128510234,0.32894736842105265
3811,4239,0,0,3.4327008171465314e-05,2,1144,116,1260,0.47016826923076926,0.33112582781456956
3812,4281,0,0,0.001865319965191487,2,1144,116,1260,0.4737178043102801,0.3333333333333333
3813,4839,0,0,0.00017939981021032814,2,1144,116,1260,0.47732058852967674,0.33557046979865773
3814,4853,0,0,0.00039189567086581647,2,1144,116,1260,0.48097560975609754,0.33783783783783783
3815,4860,0,0,0.4379827973076325,2,1144,116,1260,0.48468187274909963,0.3401360544217687
3816,4972,0,0,0.0020205547299980793,2,1144,116,1260,0.48234023402340237,0.3356164383561644
3817,2722,0,0,0.00018215221326774072,2,1144,116,1260,0.4861459036475912,0.33793103448275863
3818,3767,0,0,0.00011712709018624753,2,1144,116,1260,0.48385409635240884,0.3333333333333333
3819,4368,0,0,0.00029208128674355454,2,1144,116,1260,0.4877557755775577,0.3356643356643357
3820,4411,0,0,0.0009506998979333374,2,1144,116,1260,0.49170413343002184,0.3380281690140845
