sample_id,domain,label,is_in_tranco_1m,tranco_rank,tranco_rank_log,wayback_first_seen_days,wayback_last_seen_days,wayback_n_snapshots,wayback_active_window_days,wayback_first_status_ok,cert_history_count,cert_first_seen_days,cert_last_seen_days,cert_issuer_diversity,cert_is_free_only,cert_has_wildcard,cert_validity_median_days,cert_san_max,rdap_domain_age_days,rdap_age_risk,rdap_has_registrar,dns_resolved,asn_number,asn_age_days,asn_country
0,10fastfingers.com,0,1,34647,4.539665636066127,5591,2330,1000,3261,0,-1,-1,-1,-1,-1,-1,-1,-1,6763,1,1,1,13335,5790,US
1,10footwave.com,0,1,129061,5.110795025816817,6796,277,1000,6518,1,355,3969,41,11,0,1,89,2,6903,1,1,1,16509,9513,US
2,11st.co.kr,0,1,7191,3.8567892887533164,6652,2507,1000,4144,0,-1,-1,-1,-1,-1,-1,-1,-1,-1,-1,-1,1,9644,-1,KR
3,11xplay.com,0,1,387649,5.588438667977803,1148,82,524,1066,0,137,1222,55,15,0,1,89,5,1236,1,1,1,16509,9513,US
4,123telugu.com,0,1,67926,4.832036040778336,7148,3059,1000,4088,1,469,5182,45,26,0,1,190,3,7651,1,1,1,14618,7503,US
5,126.com,0,1,17377,4.239974801116937,10031,7986,1000,2044,1,605,7149,72,26,0,1,366,3,10309,1,1,1,139203,-1,CN
6,16honeys.com,0,1,72843,4.862387823677194,5353,60,1000,5293,1,265,3283,79,21,0,1,90,2,5661,1,1,1,13335,5790,US
7,178.248.234.15,0,0,-1,-1.0,1268,943,216,325,1,0,-1,-1,0,-1,-1,-1,-1,-1,-1,-1,1,51115,5830,
8,18read.net,0,1,195245,5.290579920909319,2027,95,1000,1931,1,99,1859,28,11,0,1,90,2,2231,1,1,1,13335,5790,US
9,18xxx.org,0,0,-1,-1.0,6073,310,1000,5763,1,347,3362,27,11,0,1,89,7,2516,1,1,1,63949,-1,SG
10,1c.eu,0,1,24449,4.388261100540889,7114,74,1000,7039,0,65,3951,20,9,0,1,190,3,-1,-1,-1,1,29066,8398,
11,1filmy4wep.lol,0,0,-1,-1.0,991,307,18,684,0,219,1014,207,8,1,1,89,2,-1,-1,-1,0,-1,-1,
12,1password.com,0,1,2701,3.431524584187451,9004,2903,1000,6101,1,-1,-1,-1,-1,-1,-1,-1,-1,8208,1,1,1,13335,5790,US
14,20bet.com,0,1,53135,4.725380684914793,6575,627,1000,5948,1,-1,-1,-1,-1,-1,-1,-1,-1,5043,1,1,1,13335,5790,US
15,212xnxx.com,0,0,-1,-1.0,1329,397,1000,931,1,-1,-1,-1,-1,-1,-1,-1,-1,1521,1,1,1,63949,-1,SG
16,24.hu,0,1,6887,3.8380300829853202,5180,3047,1000,2132,1,260,3660,43,15,0,1,394,3,-1,-1,-1,1,16509,9513,US
17,24smi.info,0,1,76821,4.885479956196187,4387,2019,1000,2367,0,194,3605,24,17,0,1,89,2,4011,1,1,1,13335,5790,US
18,24timezones.com,0,1,27148,4.433737840519429,8119,2931,1000,5187,1,852,3300,26,22,0,1,89,6,7629,1,1,1,13335,5790,US
19,24tv.ua,0,1,15362,4.186447760774917,5649,4196,1000,1453,1,1050,5526,22,32,0,1,89,3,5649,1,1,1,13335,5790,US
20,2k.com,0,1,11090,4.04493154614916,9507,4129,1000,5377,1,2314,6026,30,39,0,1,184,38,9598,1,1,1,16509,9513,US
21,2trk.info,0,1,22441,4.351042205739445,2002,81,1000,1920,1,169,2092,29,11,0,1,90,5,2097,1,1,1,13335,5790,US
22,360.yandex.com,0,1,380,2.57978359661681,1674,660,1000,1014,0,84,1792,47,2,0,0,181,8,10101,1,1,1,208398,1213,
23,3cx.net,0,1,43723,4.640709952883036,9113,394,1000,8718,1,433,3716,20,25,0,1,89,3,8072,1,1,1,13335,5790,US
24,3hentai.net,0,1,3622,3.5589484459780394,1797,19,1000,1778,0,-1,-1,-1,-1,-1,-1,-1,-1,2004,1,1,1,16276,20594,
25,4-russianbride.com,0,1,387032,5.58774687418915,8318,278,1000,8039,1,114,2354,44,16,0,1,89,2,2476,1,1,1,13335,5790,US
26,4geo.ru,0,1,124170,5.094016681120422,6320,1413,1000,4906,1,-1,-1,-1,-1,-1,-1,-1,-1,-1,-1,-1,1,49063,6256,
27,4lordserials.xyz,0,1,744677,5.871967940485859,1337,144,1000,1192,1,204,1338,26,13,0,1,89,18,182,2,1,1,133618,-1,AU
28,4pda.to,0,1,5747,3.7594411971336976,4692,1169,1000,3522,1,327,4196,69,14,0,1,190,2,5115,1,1,1,13335,5790,US
29,51cg1.com,0,1,7326,3.864866914328526,1463,154,1000,1308,1,65,1556,41,9,0,1,90,2,1556,1,1,1,16509,9513,US
30,5278.cc,0,1,20963,4.321453434333344,6654,1262,1000,5392,1,483,3290,29,17,1,1,90,2,6739,1,1,1,13335,5790,US
31,5lovelanguages.com,0,1,54483,4.736261013140681,8119,2885,1000,5233,1,472,2890,25,21,0,1,89,2,8388,1,1,1,13335,5790,US
32,6789000000.com,0,0,-1,-1.0,1159,95,1000,1064,1,78,1160,28,13,0,1,90,4,359,2,1,1,13335,5790,US
33,7plus.com.au,0,1,83138,4.919799572739221,3393,2129,1000,1263,0,-1,-1,-1,-1,-1,-1,-1,-1,-1,-1,-1,1,16509,9513,US
34,85tube.com,0,0,-1,-1.0,5587,13,1000,5574,1,466,2915,34,21,0,1,90,2,3199,1,1,1,13335,5790,US
35,8book.com,0,1,153154,5.185128343977995,8638,1485,1000,7152,1,583,2785,24,13,0,1,89,2,6546,1,1,1,13335,5790,US
36,8freeporn.com,0,1,143901,5.158063811955874,5478,480,1000,4997,1,291,2687,32,14,0,1,89,2,2037,1,1,1,13335,5790,US
37,8x8.vc,0,1,24674,4.392239560398111,2467,43,1000,2423,1,1188,2640,23,20,0,1,90,3,-1,-1,-1,1,13335,5790,US
38,911memorial.org,0,1,41130,4.614158709509175,8318,4233,1000,4084,1,1135,5729,26,36,0,1,90,5,9017,1,1,1,19324,5700,US
39,95516.com,0,1,42613,4.629542110064862,8173,234,1000,7939,1,336,4385,62,28,0,1,396,3,9272,1,1,1,54994,1134,CA
40,9anime.gs,0,0,-1,-1.0,1460,71,1000,1388,1,-1,-1,-1,-1,-1,-1,-1,-1,795,1,1,1,133618,-1,AU
41,9anime.ph,0,0,-1,-1.0,1166,502,1000,663,0,-1,-1,-1,-1,-1,-1,-1,-1,-1,-1,-1,1,23470,2841,US
42,aade.gr,0,1,8498,3.9293167267534956,3331,1267,1000,2063,1,-1,-1,-1,-1,-1,-1,-1,-1,-1,-1,-1,1,6799,20594,
43,aafa.org,0,1,34431,4.536949636360645,10337,5693,1000,4644,1,396,7078,38,21,0,1,89,2,10865,1,1,1,13335,5790,US
44,aas.org,0,1,34384,4.536356398147368,10696,5127,1000,5568,1,1925,7385,21,33,0,1,89,9,12741,1,1,1,13335,5790,US
45,abc30.com,0,1,38672,4.587396633063575,10022,3777,1000,6244,0,319,3981,99,9,0,0,394,4,10590,1,1,1,16509,9513,US
46,abc7.com,0,1,11235,4.050573076755148,10032,4071,1000,5960,0,319,3981,99,9,0,0,394,4,10517,1,1,1,16509,9513,US
47,abc7chicago.com,0,1,13947,4.144480800902749,10029,4148,1000,5880,0,-1,-1,-1,-1,-1,-1,-1,-1,10801,1,1,1,16509,9513,US
48,abcnews.go.com,0,1,429,2.632457292184724,9977,8985,1000,992,1,907,6407,25,18,0,1,365,12,10359,1,1,1,16509,9513,US
49,abdm.gov.in,0,1,64498,4.809546247930918,1696,767,1000,928,0,-1,-1,-1,-1,-1,-1,-1,-1,1696,1,1,1,16509,9513,US
50,academic.ru,0,1,13755,4.138460594725703,9180,1833,1000,7346,1,-1,-1,-1,-1,-1,-1,-1,-1,-1,-1,-1,1,50340,3138,
51,access.clarivate.com,0,1,10387,4.016490131620828,3116,2292,1000,824,1,-1,-1,-1,-1,-1,-1,-1,-1,6440,1,1,1,1975,12308,US
52,accesspressthemes.com,0,1,37980,4.579554960400999,4324,2688,1000,1636,1,-1,-1,-1,-1,-1,-1,-1,-1,4383,1,1,1,16509,9513,US
53,account.idcfcloud.com,0,1,29707,4.472858796225402,4085,68,1000,4017,1,-1,-1,-1,-1,-1,-1,-1,-1,4479,1,1,1,25773,2264,US
54,accounts.google.com,0,1,1,0.0,6392,5190,1000,1201,1,-1,-1,-1,-1,-1,-1,-1,-1,10475,1,1,1,15169,9548,US
57,aceex.io,0,1,425271,5.628665768396159,2465,2300,1000,165,1,-1,-1,-1,-1,-1,-1,-1,-1,-1,-1,-1,1,46636,6411,US
58,activebeat.com,0,1,416842,5.619971470966327,8937,3295,1000,5642,1,-1,-1,-1,-1,-1,-1,-1,-1,9162,1,1,1,16509,9513,US
59,activerain.com,0,1,39857,4.600504606645504,8095,6241,1000,1853,1,268,6510,38,13,0,1,89,5,8293,1,1,1,16509,9513,US
60,adage.com,0,1,5971,3.7760470711817797,10801,7605,1000,3196,1,-1,-1,-1,-1,-1,-1,-1,-1,11396,1,1,1,20940,8665,
61,adalyser.com,0,1,36782,4.5656353400556435,6263,750,1000,5513,1,61,5116,56,9,0,1,90,2,5613,1,1,1,16509,9513,US
62,adamieva.info,0,1,10044,4.001906704040885,6391,249,1000,6142,1,195,4103,37,22,0,1,90,3,5391,1,1,1,13335,5790,US
63,adavoid.org,0,1,128882,5.110192266875969,1514,31,1000,1483,0,80,2415,66,11,0,1,89,2,2414,1,1,1,13335,5790,US
64,adcanvas.com,0,1,33388,4.523590404829204,4524,67,1000,4456,0,879,3871,25,26,0,1,90,4,7290,1,1,1,13335,5790,US
65,addictpodcast.com,0,1,98938,4.99536312699296,3345,222,279,3122,0,158,2583,64,12,1,1,89,2,4401,1,1,1,13335,5790,US
66,adekstra.com,0,1,51620,4.71281800020785,1713,314,171,1399,0,196,2266,40,13,0,1,89,3,2303,1,1,1,16509,9513,US
67,adgone.org,0,1,55930,4.747644819328248,1914,1767,1000,146,1,145,2059,49,12,0,1,89,2,2066,1,1,1,14618,7503,US
68,adguard.com,0,1,2678,3.42781057267599,10031,3516,1000,6515,1,-1,-1,-1,-1,-1,-1,-1,-1,8191,1,1,1,13335,5790,US
69,adkernel.com,0,1,2011,3.303412070596742,4329,1743,1000,2585,1,605,3923,53,22,0,1,89,5,5475,1,1,1,27257,-1,
70,admicro.vn,0,1,24482,4.388846893599511,5616,2833,1000,2782,1,4990,4409,95,12,0,1,89,2,-1,-1,-1,1,45899,-1,VN
71,administracionelectronica.gob.es,0,1,3914,3.592620821321982,5618,1164,1000,4453,1,75,5633,245,17,0,1,89,2,-1,-1,-1,1,200521,3991,
72,adoric.com,0,1,103374,5.014411321384473,4773,595,1000,4177,1,704,4248,25,22,0,1,89,6,4793,1,1,1,13335,5790,US
73,adpone.com,0,1,17996,4.255175984493529,6805,2132,1000,4673,1,445,3484,22,28,0,1,89,2,3901,1,1,1,13335,5790,US
74,adpredictive.com,0,1,631860,5.800620863151413,5931,75,1000,5856,1,396,5952,30,24,0,1,90,3,6117,1,1,1,20473,9141,US
75,adr.org,0,1,15095,4.178833117359116,10800,7332,1000,3468,1,1088,7462,29,30,0,1,89,8,11200,1,1,1,35280,4067,
76,adroll.com,0,1,1966,3.2935835134961167,7514,4049,1000,3465,1,2705,6504,23,59,0,1,90,9,7890,1,1,1,54113,5343,US
77,adsinteractive.com,0,1,15481,4.189799010639827,9178,67,1000,9110,1,-1,-1,-1,-1,-1,-1,-1,-1,5949,1,1,1,14061,4986,US
78,adsource.tech,0,1,867417,5.938227929380467,1052,383,1000,669,1,26,1063,353,3,0,1,89,2,-1,-1,-1,0,-1,-1,
79,adsrvr.org,0,1,264,2.4216039268698313,5687,2565,1000,3121,1,-1,-1,-1,-1,-1,-1,-1,-1,5896,1,1,1,16509,9513,US
80,adtelligent.com,0,1,2511,3.3998467127129226,8402,2042,1000,6359,0,5030,3114,2178,4,0,1,90,2,8502,1,1,1,213230,2197,
81,adultchatdatingsites.com,0,1,298762,5.4753253580704,2113,54,1000,2059,1,103,2352,24,13,0,1,89,2,2365,1,1,1,13335,5790,US
82,adultdeepfakes.com,0,1,63182,4.800593369198384,3000,11,1000,2989,0,284,3025,30,22,0,1,89,2,3024,1,1,1,30860,8185,
83,adultsexchat.org,0,0,-1,-1.0,7702,262,1000,7440,1,112,1872,47,10,0,1,89,2,1875,1,1,1,13335,5790,US
84,advmusic.com,0,1,6074,3.7834747875822465,7953,67,1000,7885,0,624,2136,30,18,0,1,89,2,5191,1,1,1,57724,3823,
85,aeolservice.es,0,1,9988,3.99947853367931,4726,58,1000,4667,0,-1,-1,-1,-1,-1,-1,-1,-1,-1,-1,-1,1,13335,5790,US
86,afsp.org,0,1,27922,4.445946522756832,10331,4142,1000,6189,1,-1,-1,-1,-1,-1,-1,-1,-1,10663,1,1,1,13335,5790,US
87,agregatoreat.ru,0,1,34002,4.53150446302514,2883,84,1000,2798,1,298,2920,50,12,0,1,89,3,-1,-1,-1,1,43298,1895,
88,ahrefs.com,0,1,2135,3.329397879361043,5564,4491,1000,1072,1,-1,-1,-1,-1,-1,-1,-1,-1,5655,1,1,1,13335,5790,US
89,ahvideoscdn.net,0,1,98583,4.993802030126489,1378,43,1000,1334,1,504,1468,47,12,0,1,89,2,1468,1,1,1,13335,5790,US
90,aida.de,0,1,24484,4.38888237082715,10737,4222,1000,6515,1,1395,6958,23,38,0,1,381,169,-1,-1,-1,1,20940,8665,
91,ajaib.co.id,0,1,101856,5.007986616940909,2781,5,1000,2776,1,1370,3020,20,23,0,1,89,3,3032,1,1,1,13335,5790,US
92,ajax.systems,0,1,6967,3.8430458105345693,3999,13,1000,3985,1,-1,-1,-1,-1,-1,-1,-1,-1,4368,1,1,1,16509,9513,US
93,akket.com,0,1,859719,5.9343565248585,4791,834,1000,3956,1,-1,-1,-1,-1,-1,-1,-1,-1,3977,1,1,1,13335,5790,US
94,alchemy.net,0,1,238134,5.3768214069891425,10256,83,1000,10172,1,-1,-1,-1,-1,-1,-1,-1,-1,10818,1,1,1,13335,5790,US
95,alexandriava.gov,0,1,84739,4.928083334611343,8099,2734,1000,5364,1,-1,-1,-1,-1,-1,-1,-1,-1,8288,1,1,1,54113,5343,US
96,aliant.bell.ca,0,1,5697,3.75564621945668,3436,14,1000,3422,0,-1,-1,-1,-1,-1,-1,-1,-1,9352,1,1,1,20940,8665,
97,allcommonstories.com,0,0,-1,-1.0,1166,315,1000,851,0,-1,-1,-1,-1,-1,-1,-1,-1,422,1,1,0,-1,-1,
98,alle.com,0,1,56378,4.75110966528567,10327,29,1000,10298,1,-1,-1,-1,-1,-1,-1,-1,-1,9918,1,1,1,16509,9513,US
99,allhen.online,0,1,8920,3.950364854376123,1638,76,1000,1561,1,299,1518,26,10,1,1,89,9,-1,-1,-1,1,204601,3022,
100,allsugardaddy.com,0,1,335823,5.526110436980762,2126,73,1000,2053,1,87,2345,37,11,0,1,89,2,2344,1,1,1,13335,5790,US
101,alltdesign.com,0,1,34395,4.53649531378562,5247,66,1000,5180,1,-1,-1,-1,-1,-1,-1,-1,-1,3848,1,1,1,13335,5790,US
102,alphacoders.com,0,1,20006,4.301160264469209,7799,3598,1000,4201,1,2111,5103,34,26,0,1,90,7,7848,1,1,1,16276,20594,
103,alteg.io,0,1,39039,4.591498684505818,1483,197,1000,1285,0,-1,-1,-1,-1,-1,-1,-1,-1,-1,-1,-1,1,13335,5790,US
104,altema.jp,0,1,20779,4.317624643080059,4190,70,1000,4120,1,98,4119,64,19,0,1,366,4,-1,-1,-1,1,20940,8665,
105,amara.org,0,1,47734,4.678827828775207,5369,4423,1000,945,1,693,4908,34,22,0,1,89,3,9563,1,1,1,14618,7503,US
106,ambientweather.net,0,1,24984,4.397661971222142,3306,23,1000,3283,1,578,3394,27,20,0,1,90,3,3549,1,1,1,13335,5790,US
107,amcdn.vn,0,1,42828,4.631727794003285,2978,2347,1000,630,0,-1,-1,-1,-1,-1,-1,-1,-1,-1,-1,-1,1,45899,-1,VN
108,amcrestview.com,0,1,25828,4.412090777733802,4059,22,949,4036,1,17,3781,96,5,0,1,397,2,4181,1,1,1,14618,7503,US
109,americafirst.com,0,1,65504,4.816267820982412,10802,6371,1000,4430,1,3069,7000,19,54,0,1,365,19,11159,1,1,1,17150,9425,US
110,americanaddictioncenters.org,0,1,34743,4.540867316333106,4392,1056,1000,3335,1,318,4413,30,26,0,1,89,4,4466,1,1,1,13335,5790,US
111,amp.dev,0,1,34902,4.542850314182012,2602,2529,1000,73,0,893,2841,22,15,0,0,90,3,2926,1,1,1,16509,9513,US
112,amxrtb.com,0,1,3043,3.483301952358167,2297,1724,1000,573,1,2038,2305,26,22,0,1,89,2,3039,1,1,1,16509,9513,US
113,an1.com,0,1,1644,3.215901813204032,9006,10,1000,8995,1,38,2318,114,3,0,1,89,2,10206,1,1,1,14061,4986,US
114,anadolu.edu.tr,0,1,29727,4.473151083130739,10561,5724,1000,4837,1,-1,-1,-1,-1,-1,-1,-1,-1,-1,-1,-1,1,9121,8644,
115,androidforums.com,0,1,88826,4.948540105460969,6578,3745,1000,2832,1,-1,-1,-1,-1,-1,-1,-1,-1,6771,1,1,1,14061,4986,US
116,androidwaves.com,0,1,925157,5.96621543916916,4714,75,1000,4638,1,-1,-1,-1,-1,-1,-1,-1,-1,2482,1,1,1,13335,5790,US
117,angkakompas.org,0,0,-1,-1.0,1637,306,212,1331,0,-1,-1,-1,-1,-1,-1,-1,-1,-1,-1,-1,0,-1,-1,
118,anime-suba.com,0,0,-1,-1.0,2114,226,1000,1888,1,-1,-1,-1,-1,-1,-1,-1,-1,2206,1,1,1,13335,5790,US
119,anime-world.in,0,0,-1,-1.0,5470,377,1000,5093,1,-1,-1,-1,-1,-1,-1,-1,-1,2075,1,1,0,-1,-1,
120,animeflv.sh,0,0,-1,-1.0,1034,447,1000,587,1,-1,-1,-1,-1,-1,-1,-1,-1,-1,-1,-1,1,16509,9513,US
121,aniview.com,0,1,1792,3.2533380053261065,8280,2752,1000,5527,1,2567,3943,22,44,0,1,90,9,6025,1,1,1,16509,9513,US
122,aniwatch.to,0,1,274645,5.438771696959505,2003,2,1000,2000,1,253,2080,48,7,0,1,90,3,1343,1,1,1,13335,5790,US
123,ankiweb.net,0,1,15299,4.18466304462968,4877,209,1000,4668,0,1005,5362,22,26,0,1,89,2,5674,1,1,1,24940,8753,
124,anondns.net,0,1,11440,4.058426024457005,7683,64,1000,7618,1,3833,3567,693,10,0,0,89,24,4299,1,1,1,136258,-1,CA
125,ansi.org,0,1,14285,4.154880244718762,10700,6578,1000,4122,1,1088,7477,25,36,0,1,90,8,11510,1,1,1,13335,5790,US
126,anydns.com,0,1,15895,4.201260532250791,9742,71,1000,9670,0,-1,-1,-1,-1,-1,-1,-1,-1,10219,1,1,1,399522,1872,US
127,anykey.ch,0,1,484562,5.68534935318284,9142,1,1000,9140,1,5062,2946,2121,3,0,0,90,2,-1,-1,-1,1,29691,8224,
128,anyporn.com,0,1,32757,4.515304120710322,9346,2567,1000,6779,1,528,3047,39,9,0,1,89,9,9952,1,1,1,39572,3843,
129,aopa.org,0,1,33122,4.520116552833233,10796,6040,1000,4756,1,-1,-1,-1,-1,-1,-1,-1,-1,11186,1,1,1,13335,5790,US
130,apalon.com,0,1,300217,5.477435280835814,8099,1495,1000,6603,0,-1,-1,-1,-1,-1,-1,-1,-1,8981,1,1,1,396982,2836,US
131,apha.org,0,1,35314,4.547946912678907,10627,7444,1000,3183,1,-1,-1,-1,-1,-1,-1,-1,-1,11205,1,1,1,13335,5790,US
132,api.bz,0,1,242084,5.383966086668766,6279,662,937,5616,1,163,6033,24,17,0,1,90,3,-1,-1,-1,1,13335,5790,US
133,apiip.net,0,1,458410,5.661254082993908,1637,2,1000,1634,0,147,1666,48,12,0,1,89,2,1751,1,1,1,13335,5790,US
134,apkadmin.com,0,1,72169,4.858350687596641,2114,24,1000,2090,0,638,2423,22,19,0,1,89,2,2422,1,1,1,13335,5790,US
135,aplaut.com,0,1,993548,5.9971888534604965,9071,72,1000,8999,1,-1,-1,-1,-1,-1,-1,-1,-1,2732,1,1,1,49505,6180,
136,aporntv.com,0,1,55037,4.740654753008081,5853,13,1000,5840,1,850,3852,24,25,0,1,89,2,4243,1,1,1,13335,5790,US
137,app.datadoghq.eu,0,1,10577,4.024362504353282,1980,1018,1000,962,0,2,752,660,1,0,0,365,1,-1,-1,-1,1,396982,2836,US
138,app.suntcontent.se,0,1,39905,4.601027315144486,2994,221,192,2772,0,0,-1,-1,0,-1,-1,-1,-1,-1,-1,-1,1,396982,2836,US
139,appen.com,0,1,80900,4.907948521612273,10032,2120,1000,7911,1,-1,-1,-1,-1,-1,-1,-1,-1,10452,1,1,1,209242,2625,
140,applinzi.com,0,1,145256,5.162134080567176,3778,286,1000,3492,1,-1,-1,-1,-1,-1,-1,-1,-1,3853,1,1,1,4837,-1,CN
141,appshield.verimatrixcloud.net,0,1,81608,4.911732734557229,1993,66,271,1926,1,-1,-1,-1,-1,-1,-1,-1,-1,2380,1,1,1,16509,9513,US
142,apptimize.com,0,1,10946,4.0392554438064865,9069,29,1000,9040,1,-1,-1,-1,-1,-1,-1,-1,-1,7181,1,1,1,396982,2836,US
143,arbitrum.io,0,1,23942,4.379160426466545,2844,709,1000,2135,0,2610,2046,19,27,0,1,89,3,-1,-1,-1,1,13335,5790,US
144,arcai.com,0,1,101601,5.0068979824788515,8817,3544,1000,5272,1,587,3053,30,16,0,1,90,2,9306,1,1,1,13335,5790,US
145,archive.is,0,1,2513,3.400192488592576,5106,3476,1000,1630,1,-1,-1,-1,-1,-1,-1,-1,-1,5117,1,0,1,215467,821,
146,archive.md,0,1,18875,4.275886960301226,4351,813,1000,3538,0,-1,-1,-1,-1,-1,-1,-1,-1,-1,-1,-1,1,215467,821,
147,archive.signalvnoise.com,0,1,46690,4.669223873930806,1862,855,1000,1007,1,-1,-1,-1,-1,-1,-1,-1,-1,4507,1,1,0,-1,-1,
148,arcteryx.com,0,1,22018,4.342777867387247,10358,3941,1000,6417,1,-1,-1,-1,-1,-1,-1,-1,-1,11258,1,1,1,54113,5343,US
149,arenabreakout.com,0,1,30383,4.48263065363212,1294,28,1000,1266,1,-1,-1,-1,-1,-1,-1,-1,-1,1546,1,1,1,139341,-1,SG
150,armut.com,0,1,47045,4.672513472868508,9539,2115,1000,7423,1,1050,5191,22,27,0,1,90,12,8385,1,1,1,16509,9513,US
151,arreya.com,0,1,385112,5.585587051348223,6609,66,1000,6543,1,-1,-1,-1,-1,-1,-1,-1,-1,4558,1,1,1,13335,5790,US
152,artfire.com,0,1,106301,5.026537350058942,10022,5497,1000,4524,1,-1,-1,-1,-1,-1,-1,-1,-1,8983,1,1,1,13335,5790,US
153,articlesbase.com,0,1,65512,4.816320858105504,7515,5232,1000,2282,1,-1,-1,-1,-1,-1,-1,-1,-1,7566,1,1,1,13335,5790,US
154,artofproblemsolving.com,0,1,29651,4.47203934482198,8571,4237,1000,4334,0,-1,-1,-1,-1,-1,-1,-1,-1,8762,1,1,1,13335,5790,US
155,arzdigital.com,0,1,157221,5.196510554267013,3227,20,1000,3206,0,-1,-1,-1,-1,-1,-1,-1,-1,3243,1,1,1,48551,4124,
156,ascon.ru,0,1,31603,4.4997283111501725,10646,2394,1000,8252,1,-1,-1,-1,-1,-1,-1,-1,-1,-1,-1,-1,1,34879,7698,
157,asean.org,0,1,26937,4.4303492262795166,7166,3186,1000,3980,1,-1,-1,-1,-1,-1,-1,-1,-1,7667,1,1,1,30148,4115,US
158,asem.it,0,1,43091,4.634386572747978,10642,71,1000,10571,1,-1,-1,-1,-1,-1,-1,-1,-1,-1,-1,-1,1,24940,8753,
159,asg.to,0,1,21292,4.328216457500718,6312,2608,1000,3704,1,90,6008,20,9,0,1,89,2,6361,1,1,1,16276,20594,
160,asianbrides.org,0,1,175288,5.243752185847552,4765,70,1000,4695,1,105,2423,60,14,0,1,89,2,7920,1,1,1,13335,5790,US
161,asiansbrides.com,0,1,175543,5.24438351610279,2067,158,1000,1908,1,113,2103,30,11,0,1,89,2,2137,1,1,1,13335,5790,US
162,asic.gov.au,0,1,20923,4.320623955053538,9986,4347,1000,5638,1,2121,6796,22,38,0,1,376,10,-1,-1,-1,1,16509,9513,US
163,ask.fm,0,1,29124,4.4642510223795595,5819,4646,1000,1173,1,791,4952,100,16,0,1,90,33,5847,1,1,0,-1,-1,
164,askubuntu.com,0,1,6903,3.839037873388306,5700,4000,1000,1700,1,-1,-1,-1,-1,-1,-1,-1,-1,5773,1,1,1,13335,5790,US
165,asq.org,0,1,28861,4.460311374815615,10230,4851,1000,5378,1,1384,7142,21,35,0,1,89,8,10844,1,1,1,13335,5790,US
166,asta-net.pl,0,1,83501,4.921691676583977,8027,1948,1000,6078,1,19,5680,127,7,0,1,365,2,8044,1,1,1,35191,7639,
167,asustogel35.com,0,0,-1,-1.0,731,73,23,658,1,62,1099,41,14,0,1,89,2,453,1,1,1,13335,5790,US
168,atol.ru,0,1,5522,3.742096402303244,8935,1151,1000,7783,1,4117,5805,21,29,0,1,89,8,-1,-1,-1,1,43298,1895,
169,atrungroi.com,0,1,22903,4.359892373087113,3798,72,1000,3726,1,-1,-1,-1,-1,-1,-1,-1,-1,3806,1,1,1,13335,5790,US
170,auction.co.kr,0,1,15815,4.199069196251742,10030,7753,1000,2277,1,-1,-1,-1,-1,-1,-1,-1,-1,-1,-1,-1,1,4766,-1,KR
171,audacyinc.com,0,1,218829,5.340104875729956,1877,1150,1000,727,1,186,1879,32,12,0,0,89,1,1987,1,1,1,209242,2625,
172,audiomob.com,0,1,208792,5.319713854376127,5996,7,1000,5988,1,-1,-1,-1,-1,-1,-1,-1,-1,6567,1,1,1,396982,2836,US
173,august.com,0,1,12343,4.091420728992051,10022,2404,1000,7618,1,-1,-1,-1,-1,-1,-1,-1,-1,12418,1,1,1,13335,5790,US
174,auth0.com,0,1,1525,3.1832698436828046,4816,3245,1000,1571,1,-1,-1,-1,-1,-1,-1,-1,-1,4962,1,1,1,13335,5790,US
175,av19.org,0,0,-1,-1.0,4827,101,1000,4725,1,-1,-1,-1,-1,-1,-1,-1,-1,1303,1,1,1,46475,6443,US
176,avidreaders.ru,0,1,9075,3.95784663370815,-1,-1,-1,-1,-1,-1,-1,-1,-1,-1,-1,-1,-1,-1,-1,-1,1,44051,3457,
177,aviewfrommyseat.com,0,1,36646,4.564026577265476,5820,775,1000,5045,1,-1,-1,-1,-1,-1,-1,-1,-1,5865,1,1,1,13335,5790,US
178,avsubthai.tv,0,0,-1,-1.0,1866,316,1000,1549,1,81,1916,45,6,0,1,90,2,1928,1,1,1,13335,5790,US
179,aws.amazon.com,0,1,24,1.380211241711606,7508,5339,1000,2169,0,-1,-1,-1,-1,-1,-1,-1,-1,11524,1,1,1,16509,9513,US
180,ayobelajarbareng.com,0,0,-1,-1.0,1922,70,1000,1852,0,83,1993,33,13,0,1,89,2,1993,1,1,1,13335,5790,US
181,az.unibet.com,0,1,16781,4.22481783739504,1714,1170,1000,543,1,3,1725,1028,1,0,0,364,7,10388,1,1,1,47171,6586,
182,azaronline.com,0,1,140183,5.146695349908507,9346,7,1000,9338,0,-1,-1,-1,-1,-1,-1,-1,-1,6155,1,1,1,13335,5790,US
183,b.2ch2.net,0,1,9809,3.9916247345340055,2679,5,1000,2673,1,-1,-1,-1,-1,-1,-1,-1,-1,9029,1,1,1,13335,5790,US
184,bab.la,0,1,12839,4.108531198857869,7063,3178,1000,3885,1,285,4245,27,20,0,1,190,3,-1,-1,-1,1,13335,5790,US
185,backinstock.org,0,1,102663,5.011413950986591,5444,681,1000,4762,0,-1,-1,-1,-1,-1,-1,-1,-1,4678,1,1,1,13335,5790,US
186,backorder.ru,0,1,25247,4.402209780044745,6260,25,1000,6234,1,785,3366,22,17,0,1,89,3,-1,-1,-1,1,210550,1664,
187,baginya.org,0,1,23863,4.377725041243148,6278,188,1000,6089,1,-1,-1,-1,-1,-1,-1,-1,-1,6291,1,1,1,13335,5790,US
188,balkanjizz.com,0,1,22950,4.36078268987328,4433,16,1000,4416,1,-1,-1,-1,-1,-1,-1,-1,-1,4622,1,1,1,43641,6832,
189,ballotpedia.org,0,1,14504,4.161487791087453,6795,3380,1000,3414,1,-1,-1,-1,-1,-1,-1,-1,-1,6939,1,1,1,16509,9513,US
190,bambuser.com,0,1,6616,3.8205954965444904,7025,5014,1000,2010,1,-1,-1,-1,-1,-1,-1,-1,-1,7049,1,1,1,16509,9513,US
191,banahosting.com,0,1,4160,3.6190933306267428,6883,3339,1000,3543,1,4285,6674,419,31,0,1,90,9,7027,1,1,1,13335,5790,US
192,bandarjaya2023.com,0,0,-1,-1.0,724,700,3,23,1,14,1100,724,4,0,1,89,2,-1,-1,-1,0,-1,-1,
193,bank.gov.ua,0,1,20186,4.305050268917223,9977,2875,1000,7102,1,-1,-1,-1,-1,-1,-1,-1,-1,-1,-1,-1,1,13335,5790,US
194,bannernow.com,0,1,63241,4.80099872860755,8637,1230,1000,7407,1,601,3990,24,32,0,1,90,2,8672,1,1,1,13335,5790,US
195,banrisul.com.br,0,1,31974,4.504796970624556,10447,3071,1000,7376,1,-1,-1,-1,-1,-1,-1,-1,-1,11272,1,0,1,28631,-1,
196,banyanops.com,0,1,19677,4.293958885621698,4021,3,1000,4017,1,4932,4086,1244,8,0,1,89,3,4125,1,1,1,16509,9513,US
197,barbend.com,0,1,57504,4.7596980554288795,4387,1287,1000,3099,1,540,3838,27,28,0,1,90,2,3845,1,1,1,16509,9513,US
198,baymard.com,0,1,28197,4.45020290432103,6642,778,1000,5864,1,648,4985,29,31,0,1,89,2,6734,1,1,1,13335,5790,US
199,bcbloggers.com,0,1,52799,4.722625697181642,7276,19,1000,7257,0,98,3074,25,7,0,1,90,2,2049,1,1,1,13335,5790,US
200,bcgame.top,0,1,95023,4.977828737542654,1636,20,1000,1615,1,-1,-1,-1,-1,-1,-1,-1,-1,1689,1,1,1,13335,5790,US
201,beatport.com,0,1,10182,4.007833092701319,8267,6750,1000,1516,1,-1,-1,-1,-1,-1,-1,-1,-1,8427,1,1,1,13335,5790,US
202,beautybride.org,0,1,242059,5.383921234787991,4953,169,1000,4784,1,-1,-1,-1,-1,-1,-1,-1,-1,2476,1,1,1,13335,5790,US
203,beautyforbrides.net,0,1,674857,5.829211756993578,5621,8,1000,5613,1,-1,-1,-1,-1,-1,-1,-1,-1,2476,1,1,1,13335,5790,US
204,beboo.ru,0,1,3411,3.5328817194073974,5835,1426,1000,4408,1,-1,-1,-1,-1,-1,-1,-1,-1,-1,-1,-1,1,13335,5790,US
205,beincrypto.com,0,1,20708,4.316138156309818,2982,1249,1000,1733,1,-1,-1,-1,-1,-1,-1,-1,-1,3178,1,1,1,13335,5790,US
206,belluna.jp,0,1,9309,3.968903030303828,6260,3861,1000,2398,0,-1,-1,-1,-1,-1,-1,-1,-1,-1,-1,-1,1,20940,8665,
207,beltelecom.by,0,1,17839,4.251370505496703,10022,2827,1000,7195,1,901,5711,20,21,0,1,89,9,-1,-1,-1,1,6697,8801,
208,beop.io,0,1,95192,4.978600451516357,2615,167,1000,2448,1,501,2771,30,24,0,1,89,2,-1,-1,-1,1,13335,5790,US
209,bereal.com,0,1,16971,4.229707433460072,9070,1111,1000,7959,1,889,1786,24,19,0,1,89,7,9092,1,1,1,16509,9513,US
210,berkshirehathaway.com,0,1,31128,4.4931512177956865,10582,7101,1000,3480,1,102,2619,47,10,0,0,90,9,10849,1,1,1,30148,4115,US
211,bershka.com,0,1,23798,4.376540460188395,9345,4171,1000,5174,1,-1,-1,-1,-1,-1,-1,-1,-1,10122,1,1,1,20940,8665,
212,best-hit.tv,0,1,9473,3.97648753730519,5423,51,1000,5371,1,-1,-1,-1,-1,-1,-1,-1,-1,5473,1,1,1,24282,-1,JP
213,besttoolbars.net,0,1,60605,4.782508455566158,8657,5169,1000,3487,1,548,2754,33,18,0,1,89,2,8673,1,1,1,54113,5343,US
214,beta.character.ai,0,1,932,2.9694159123539814,1378,1123,1000,254,1,6,1465,1349,1,1,0,89,1,2896,1,1,1,13335,5790,US
215,betcityru.com,0,1,33273,4.522091960012432,5378,1563,1000,3815,1,1220,5495,22,18,0,1,89,16,5524,1,1,1,13335,5790,US
217,betfury.io,0,1,231325,5.364222570839501,2403,19,1000,2383,1,814,2439,36,19,0,1,89,2,-1,-1,-1,1,13335,5790,US
218,betgid03.com,0,0,-1,-1.0,1004,314,9,689,0,-1,-1,-1,-1,-1,-1,-1,-1,1016,1,1,1,13335,5790,US
219,betpix.io,0,0,-1,-1.0,1564,156,1000,1408,1,-1,-1,-1,-1,-1,-1,-1,-1,-1,-1,-1,1,13335,5790,US
220,betpix365.com,0,1,887550,5.948192828332693,1680,409,1000,1271,0,230,1688,46,18,0,1,89,2,1756,1,1,1,13335,5790,US
221,betterme.world,0,1,25602,4.4082738932429555,2725,12,1000,2713,1,-1,-1,-1,-1,-1,-1,-1,-1,2921,1,1,1,16509,9513,US
222,betterttv.com,0,1,332076,5.52123748913585,4865,538,1000,4326,0,-1,-1,-1,-1,-1,-1,-1,-1,5051,1,1,1,13335,5790,US
223,bewarespray.com,0,1,70924,4.850793221132768,1918,9,1000,1909,1,-1,-1,-1,-1,-1,-1,-1,-1,1984,1,1,1,39572,3843,
224,bgpview.io,0,1,235145,5.371335748570102,3284,171,1000,3113,0,-1,-1,-1,-1,-1,-1,-1,-1,-1,-1,-1,0,-1,-1,
225,bidsxchange.com,0,1,53151,4.725511439892173,7813,98,1000,7715,1,-1,-1,-1,-1,-1,-1,-1,-1,4001,1,1,0,-1,-1,
226,bifit.com,0,1,24960,4.397244581010386,9719,35,1000,9684,1,2673,6902,19,20,0,0,89,7,9958,1,1,1,51464,5741,
227,bighappy.co,0,1,33588,4.526184144513787,2155,7,1000,2148,0,508,2889,24,19,0,1,89,10,-1,-1,-1,1,209242,2625,
228,bigissue.com,0,1,39758,4.599424529376927,10027,2703,1000,7323,1,582,4566,30,29,0,1,90,9,10450,1,1,1,2635,4980,US
229,biglobe.ne.jp,0,1,4494,3.65263306808311,10646,7175,1000,3470,1,5622,8190,2066,42,0,1,399,5,-1,-1,-1,1,16509,9513,US
230,bigsport.today,0,0,-1,-1.0,2841,455,1000,2385,0,164,3004,476,7,0,1,90,2,-1,-1,-1,0,-1,-1,
232,bigwin.buzz,0,0,-1,-1.0,1403,101,374,1302,1,129,1480,58,11,0,1,89,3,305,2,1,1,13335,5790,US
233,bip.com,0,1,4797,3.680969718465897,10795,1457,1000,9337,1,88,2617,43,6,0,1,90,2,9367,1,1,1,34984,7678,
234,bipartisanpolicy.org,0,1,33705,4.52769433147481,7011,3341,1000,3670,1,763,5682,40,39,0,1,89,2,7432,1,1,1,13335,5790,US
235,bit-ly.cdn.ampproject.org,0,1,277,2.4424797690644486,2974,854,1000,2119,0,0,-1,-1,0,-1,-1,-1,-1,3915,1,1,1,15169,9548,US
236,bitbucket.io,0,1,16023,4.204743832688799,3729,622,1000,3106,0,145,4459,20,7,0,1,366,2,-1,-1,-1,1,16509,9513,US
237,bitbucket.org,0,1,2099,3.3220124385824006,10032,4017,1000,6014,1,1228,6507,30,24,0,1,135,4,10405,1,1,1,16509,9513,US
238,bitcoin.org,0,1,7074,3.8496650554787326,6318,4338,1000,1980,1,360,5478,39,18,0,1,89,3,6484,1,1,1,13335,5790,US
239,bitcoinist.com,0,1,16064,4.205853695464925,4770,1935,1000,2834,1,415,3395,42,18,0,1,90,3,5504,1,1,1,2635,4980,US
240,bitlabs.ai,0,1,53220,4.72607487021537,2116,44,1000,2071,1,869,2509,25,22,0,1,90,2,2567,1,1,1,16509,9513,US
241,bitly.com,0,1,3405,3.532117116248804,6328,5295,1000,1032,1,1410,5580,21,24,0,1,89,2,8226,1,1,1,396982,2836,US
242,bitnami.com,0,1,2704,3.4320066872695985,6783,2741,1000,4041,1,1603,4810,18,21,0,1,90,4,7972,1,1,1,13335,5790,US
243,bitso.com,0,1,45834,4.661187760411323,8824,1796,1000,7027,1,-1,-1,-1,-1,-1,-1,-1,-1,8245,1,1,1,13335,5790,US
244,bizfluent.com,0,1,91336,4.9606419880464765,9133,660,1000,8473,1,-1,-1,-1,-1,-1,-1,-1,-1,4117,1,1,1,13335,5790,US
245,bizj.us,0,1,69945,4.844756674510173,5263,3175,1000,2087,0,832,3740,74,25,0,1,1,3,-1,-1,-1,1,14618,7503,US
246,blabbermouth.net,0,1,29110,4.464042205438811,9611,6368,1000,3243,1,747,4663,46,32,0,1,90,5,9569,1,1,1,13335,5790,US
247,blog.atinternet.com,0,1,209961,5.3221386325541316,5534,372,1000,5162,0,94,3317,331,4,1,0,89,1,10963,1,1,1,16276,20594,
248,blog.seesaa.jp,0,1,89463,4.951643457458373,8215,5282,1000,2933,1,216,4781,24,16,0,1,392,2,-1,-1,-1,1,31898,5540,US
249,blog2news.com,0,1,44170,4.645127399258391,6592,47,1000,6544,1,-1,-1,-1,-1,-1,-1,-1,-1,2342,1,1,1,13335,5790,US
250,blog5star.com,0,1,46056,4.663286216447077,3675,24,1000,3651,1,-1,-1,-1,-1,-1,-1,-1,-1,2342,1,1,1,13335,5790,US
251,blogadvize.com,0,1,37370,4.572523097849637,3147,83,1000,3063,0,73,3152,30,8,0,1,89,6,2588,1,1,1,13335,5790,US
252,blogdon.net,0,1,34673,4.539991419593507,7413,13,1000,7399,1,62,1953,54,9,0,1,89,2,3848,1,1,1,13335,5790,US
253,blogocial.com,0,1,24653,4.391869775709361,5581,17,1000,5563,1,-1,-1,-1,-1,-1,-1,-1,-1,4011,1,1,1,13335,5790,US
254,blogofchange.com,0,1,49508,4.694675382269517,6535,89,1000,6445,0,-1,-1,-1,-1,-1,-1,-1,-1,2342,1,1,1,13335,5790,US
255,blogpayz.com,0,1,39459,4.5961460748344445,-1,-1,0,-1,-1,-1,-1,-1,-1,-1,-1,-1,-1,2049,1,1,1,13335,5790,US
256,blogproducer.com,0,1,36521,4.562542660662262,6370,47,1000,6322,1,-1,-1,-1,-1,-1,-1,-1,-1,2588,1,1,1,13335,5790,US
257,blogripley.com,0,1,43441,4.637899814036665,4302,19,1000,4282,1,-1,-1,-1,-1,-1,-1,-1,-1,2342,1,1,1,13335,5790,US
258,bloguerosa.com,0,1,45947,4.662257160423346,3678,22,1000,3656,1,171,2958,22,9,0,1,190,2,2049,1,1,1,13335,5790,US
259,bloguetechno.com,0,1,28282,4.4515101179343155,7004,17,1000,6986,1,-1,-1,-1,-1,-1,-1,-1,-1,3782,1,1,1,13335,5790,US
260,blogzet.com,0,1,33440,4.524266268766978,4904,27,1000,4877,1,-1,-1,-1,-1,-1,-1,-1,-1,3848,1,1,1,13335,5790,US
261,blubrry.com,0,1,16288,4.211867760656665,7356,3537,1000,3818,1,4208,6826,25,20,0,1,89,3,7442,1,1,1,16509,9513,US
262,bluechew.com,0,1,49573,4.695245201818642,8927,517,1000,8409,1,2198,2981,22,21,0,1,90,4,7762,1,1,1,54113,5343,US
263,bmstu.ru,0,1,28507,4.454951515731092,10638,4085,1000,6552,1,-1,-1,-1,-1,-1,-1,-1,-1,-1,-1,-1,1,6868,20594,
264,bngpt.com,0,1,134365,5.128286156467681,2242,70,1000,2171,0,66,2255,85,6,0,0,395,2,2254,1,1,1,48684,4181,
265,bobaedream.co.kr,0,1,8395,3.9240207004740677,9402,6348,1000,3053,1,22,6139,353,7,0,1,630,2,-1,-1,-1,1,9318,-1,KR
266,bokep2022.pics,0,0,-1,-1.0,1004,310,25,693,0,-1,-1,-1,-1,-1,-1,-1,-1,119,2,1,1,13335,5790,US
267,bokepid.mom,0,0,-1,-1.0,1004,702,31,301,0,34,1100,701,5,1,1,89,2,-1,-1,-1,0,-1,-1,
268,bokepindo13.top,0,0,-1,-1.0,1009,315,151,693,1,105,1049,201,9,0,1,89,2,14,3,1,1,16509,9513,US
269,bold.dk,0,1,19294,4.285422274188247,9577,5875,1000,3702,1,520,4368,21,23,0,1,166,3,-1,-1,-1,1,54113,5343,US
270,boldcommerce.com,0,1,43196,4.635443532501082,4173,2188,1000,1984,0,3053,4136,23,38,0,1,90,6,4261,1,1,1,13335,5790,US
271,bollyflix.asia,0,0,-1,-1.0,1013,300,1000,713,1,-1,-1,-1,-1,-1,-1,-1,-1,1076,1,1,1,63949,-1,SG
274,bolt.eu,0,1,7973,3.901621764093357,6289,839,1000,5449,1,-1,-1,-1,-1,-1,-1,-1,-1,-1,-1,-1,1,13335,5790,US
275,bongacams21.com,0,1,89842,4.953479411322143,2842,74,1000,2768,1,-1,-1,-1,-1,-1,-1,-1,-1,2989,1,1,1,209242,2625,
276,bongacams9.com,0,1,562534,5.750148776678762,2844,44,1000,2799,1,-1,-1,-1,-1,-1,-1,-1,-1,2989,1,1,1,209242,2625,
277,bonusly.com,0,1,278168,5.444307167989749,4154,11,1000,4142,1,-1,-1,-1,-1,-1,-1,-1,-1,5388,1,1,1,209242,2625,
278,booksy.com,0,1,13204,4.120705515658274,9292,1339,1000,7952,1,-1,-1,-1,-1,-1,-1,-1,-1,9605,1,1,1,396982,2836,US
279,booktoki302.com,0,0,-1,-1.0,1014,148,443,866,1,-1,-1,-1,-1,-1,-1,-1,-1,352,2,1,1,133618,-1,AU
280,boosty.to,0,1,7066,3.8491736330988267,2523,1032,1000,1491,0,-1,-1,-1,-1,-1,-1,-1,-1,883,1,1,1,21051,6068,
281,boredapeyachtclub.com,0,1,149281,5.17400453565368,1860,1209,1000,650,0,-1,-1,-1,-1,-1,-1,-1,-1,1878,1,1,1,13335,5790,US
282,born2be.com.ro,0,1,87780,4.943395576508954,1835,72,1000,1763,0,158,1900,35,15,0,1,89,2,-1,-1,-1,1,396982,2836,US
283,bostondynamics.com,0,1,33014,4.51869814695026,8323,2497,1000,5826,1,-1,-1,-1,-1,-1,-1,-1,-1,9549,1,1,1,13335,5790,US
284,bouygues-inmobiliaria.es,0,0,-1,-1.0,7351,853,1000,6498,0,92,2690,57,6,1,1,89,2,-1,-1,-1,1,197712,5526,
285,boyblogguide.com,0,1,49643,4.695858018678371,3946,17,1000,3928,0,95,2146,25,11,0,1,89,2,2049,1,1,1,13335,5790,US
286,boylovewithsany.com,0,0,-1,-1.0,1848,68,1000,1779,1,-1,-1,-1,-1,-1,-1,-1,-1,1848,1,1,1,13335,5790,US
287,bpjs-kesehatan.go.id,0,1,44894,4.652188302228009,4541,1338,1000,3202,1,-1,-1,-1,-1,-1,-1,-1,-1,872,1,1,1,8075,10643,US
288,brazil.postsen.com,0,1,208742,5.319609840215849,1472,417,1000,1054,1,-1,-1,-1,-1,-1,-1,-1,-1,1531,1,1,0,-1,-1,
289,brew.sh,0,1,8902,3.9494875899465036,4801,2759,1000,2042,1,-1,-1,-1,-1,-1,-1,-1,-1,-1,-1,-1,1,54113,5343,US
290,bridewoman.org,0,1,289837,5.462153825821579,4747,169,1000,4577,1,-1,-1,-1,-1,-1,-1,-1,-1,2476,1,1,1,13335,5790,US
291,bright-sdk.com,0,1,12417,4.094016681120422,1293,16,1000,1276,1,-1,-1,-1,-1,-1,-1,-1,-1,1382,1,1,1,13335,5790,US
292,brightvpn.com,0,1,24821,4.394819274573398,2844,16,1000,2827,1,-1,-1,-1,-1,-1,-1,-1,-1,4178,1,1,1,13335,5790,US
293,bringatrailer.com,0,1,13133,4.118363944263441,7067,2981,1000,4085,1,727,4324,21,39,0,1,89,3,7073,1,1,1,2635,4980,US
294,brunch.co.kr,0,1,16436,4.215796132589833,7034,2262,1000,4772,1,55,4054,139,8,0,1,393,2,-1,-1,-1,1,152199,-1,KR
295,bstats.org,0,1,5833,3.7658919764300154,4694,3,1000,4690,1,362,3557,36,10,0,1,190,2,3556,1,1,1,13335,5790,US
296,btcfree.cc,0,0,-1,-1.0,1636,139,169,1497,0,109,2270,35,11,0,1,89,3,177,2,1,1,133618,-1,AU
297,bttrack.com,0,1,3002,3.4774106879072515,8009,2424,1000,5585,1,-1,-1,-1,-1,-1,-1,-1,-1,4438,1,1,1,18568,4117,US
298,bubble.io,0,1,16140,4.2079035303860515,3467,1631,1000,1836,1,-1,-1,-1,-1,-1,-1,-1,-1,-1,-1,-1,1,13335,5790,US
299,buceteiro.com,0,1,80819,4.907513472471777,1975,16,1000,1958,1,-1,-1,-1,-1,-1,-1,-1,-1,1981,1,1,1,13335,5790,US
300,bucketeer.jp,0,1,45598,4.658945794243111,1966,74,1000,1891,0,-1,-1,-1,-1,-1,-1,-1,-1,-1,-1,-1,1,396982,2836,US
301,buddypress.org,0,1,23987,4.379975935132622,6578,3978,1000,2599,1,-1,-1,-1,-1,-1,-1,-1,-1,6845,1,1,1,32475,7609,US
302,budtrader.com,0,1,133190,5.124471618919488,6254,683,1000,5571,1,-1,-1,-1,-1,-1,-1,-1,-1,6260,1,1,1,13335,5790,US
303,builtin.com,0,1,12003,4.07928980609866,10736,862,1000,9873,1,1355,4009,19,31,0,1,90,6,9741,1,1,1,13335,5790,US
304,builtwith.com,0,1,15568,4.192232822924277,6854,4085,1000,2769,1,1179,6467,29,25,0,1,89,4,6877,1,1,1,16276,20594,
305,bumbcdn.com,0,1,20981,4.321826183768503,4087,74,1000,4012,1,301,4228,38,12,0,1,89,9,4237,1,1,1,12678,5453,
306,bunkrr.su,0,1,73270,4.864926191539006,1078,92,1000,985,0,-1,-1,-1,-1,-1,-1,-1,-1,-1,-1,-1,1,59692,1210,
307,burnabyhighstar.com,0,1,674052,5.8286934016420515,1837,73,1000,1764,0,110,1912,111,17,0,1,89,2,371,1,1,0,-1,-1,
308,business.adobe.com,0,1,65,1.8129133566428555,1883,1327,1000,556,1,-1,-1,-1,-1,-1,-1,-1,-1,14430,1,1,1,20940,8665,
309,business.yelp.com,0,1,659,2.8188854145940097,-1,-1,-1,-1,-1,67,2236,162,11,0,1,89,1,8195,1,1,1,16509,9513,US
310,buumal.com,0,1,9519,3.9785913268200748,2027,94,1000,1933,1,272,2755,27,15,0,1,89,2,2754,1,1,1,13335,5790,US
311,bux.money,0,1,73636,4.867090189051021,3946,34,1000,3912,1,-1,-1,-1,-1,-1,-1,-1,-1,2032,1,1,1,9002,6631,
312,byjusexamprep.com,0,1,536526,5.729590772682079,1714,1346,1000,367,1,-1,-1,-1,-1,-1,-1,-1,-1,1750,1,1,1,13335,5790,US
313,bytebrew.io,0,1,23159,4.364719802729918,2027,71,1000,1955,0,699,2262,23,6,0,0,90,2,-1,-1,-1,1,15169,9548,US
314,c2.com,0,1,16629,4.220866133312124,10765,6403,1000,4362,1,655,3003,25,21,0,1,90,3,11533,1,1,1,14061,4986,US
315,cackle.me,0,1,68351,4.8347448728366125,5046,2208,1000,2837,0,324,4924,309,9,0,1,89,5,-1,-1,-1,1,49505,6180,
316,cafedelites.com,0,1,99947,4.999769762906371,4277,1756,1000,2520,1,251,3396,44,20,0,1,90,4,4297,1,1,1,13335,5790,US
317,cafelog.com,0,1,42752,4.6309564364594324,8951,7282,1000,1669,1,117,3320,63,11,0,1,90,8,496,1,1,1,13335,5790,US
318,caijing.com.cn,0,1,41959,4.622825129196041,9408,5471,1000,3937,1,-1,-1,-1,-1,-1,-1,-1,-1,-1,-1,-1,1,4847,-1,CN
319,calibre-ebook.com,0,1,16723,4.223314189764134,6252,4230,1000,2021,1,950,3785,24,8,0,0,89,1,6266,1,1,1,16276,20594,
320,callibri.ru,0,1,18187,4.2597610667986645,4728,2451,1000,2276,1,-1,-1,-1,-1,-1,-1,-1,-1,-1,-1,-1,1,51115,5830,
321,cambro.tv,0,1,727151,5.861624605710883,2527,194,1000,2333,0,524,2929,194,15,0,1,89,2,2934,1,1,0,-1,-1,
322,campuspress.com,0,1,16770,4.224533062606086,10582,990,1000,9591,1,763,4508,35,20,0,1,89,2,9162,1,1,1,20473,9141,US
323,camschat.net,0,1,95167,4.978486379031105,8148,75,1000,8073,0,112,2896,91,7,1,0,89,6,4898,1,1,1,27589,8448,US
324,cancilleria.gov.co,0,1,17758,4.2493940516523505,6844,2511,1000,4333,1,-1,-1,-1,-1,-1,-1,-1,-1,-1,-1,-1,1,13335,5790,US
325,candid.org,0,1,27030,4.431846045698725,10582,1582,1000,8999,1,-1,-1,-1,-1,-1,-1,-1,-1,10741,1,1,1,209242,2625,
326,canonical.com,0,1,2493,3.3967222785037734,10351,4516,1000,5835,1,-1,-1,-1,-1,-1,-1,-1,-1,10912,1,1,1,41231,7259,
327,capitalonline.net,0,1,38665,4.587318014514068,9345,64,1000,9281,1,239,3746,54,14,0,1,89,5,8430,1,1,1,23724,-1,CN
328,cards.barclaycardus.com,0,1,16729,4.22346998116192,3004,904,1000,2099,1,-1,-1,-1,-1,-1,-1,-1,-1,7586,1,1,1,16625,9487,US
329,cargo.site,0,1,15765,4.197693975083923,2596,1906,1000,690,1,-1,-1,-1,-1,-1,-1,-1,-1,-1,-1,-1,1,14618,7503,US
330,carnow.com,0,1,30898,4.489930368839893,9007,96,1000,8910,1,-1,-1,-1,-1,-1,-1,-1,-1,7969,1,1,1,16509,9513,US
331,carsandbids.com,0,1,43393,4.63741967636583,2172,1,1000,2170,1,-1,-1,-1,-1,-1,-1,-1,-1,2443,1,1,1,13335,5790,US
332,carta.com,0,1,43742,4.640898636248632,9296,1264,1000,8031,1,4011,3471,23,35,0,1,89,6,11228,1,1,1,13335,5790,US
333,cashwalklabs.io,0,1,50767,4.705581500179454,1921,20,1000,1901,1,98,2323,125,5,0,1,394,2,-1,-1,-1,1,16509,9513,US
334,cat888.fun,0,0,-1,-1.0,1268,414,564,853,1,-1,-1,-1,-1,-1,-1,-1,-1,-1,-1,-1,1,13335,5790,US
335,cbr.ru,0,1,4748,3.6765107102825536,10641,5859,1000,4782,1,4940,4712,641,20,0,1,89,3,-1,-1,-1,1,57724,3823,
336,ccli.com,0,1,70197,4.846318552139977,10734,7247,1000,3486,1,-1,-1,-1,-1,-1,-1,-1,-1,11399,1,1,1,13335,5790,US
337,cdngain.com,0,1,330515,5.5191911741678075,2098,5,1000,2092,0,-1,-1,-1,-1,-1,-1,-1,-1,2130,1,1,1,13335,5790,US
338,cdromance.com,0,0,-1,-1.0,7881,6224,570,1657,1,-1,-1,-1,-1,-1,-1,-1,-1,3030,1,1,1,13335,5790,US
339,celebjihad.com,0,1,19693,4.294311880902013,-1,-1,0,-1,-1,404,4250,26,27,0,1,90,2,6637,1,1,1,13335,5790,US
340,cellphones.com.vn,0,1,8435,3.926085086925144,5466,1991,1000,3475,1,966,4021,38,37,0,1,89,2,-1,-1,-1,1,63139,1140,US
341,centralservers.com,0,1,32008,4.50525853837094,8899,78,1000,8820,0,66,7551,108,9,0,1,365,6,9337,1,1,1,8075,10643,US
342,certinia.com,0,1,42204,4.625353614364568,3028,434,1000,2594,0,4988,2198,265,21,0,1,89,8,1561,1,1,1,13335,5790,US
343,cetecomadvanced.com,0,0,-1,-1.0,1287,22,1000,1265,0,-1,-1,-1,-1,-1,-1,-1,-1,1437,1,1,1,14061,4986,US
344,ceur-ws.org,0,1,32316,4.509417599459136,9015,2203,1000,6812,0,-1,-1,-1,-1,-1,-1,-1,-1,9043,1,1,1,24940,8753,
345,cfah.org,0,1,103051,5.013052210500236,10630,2438,1000,8192,1,-1,-1,-1,-1,-1,-1,-1,-1,10857,1,1,1,13335,5790,US
346,cfigroup.com,0,1,404577,5.607001189712574,10028,410,1000,9618,1,-1,-1,-1,-1,-1,-1,-1,-1,10721,1,1,1,13335,5790,US
347,cgpeers.to,0,1,58235,4.765184079807263,4124,2,1000,4121,1,-1,-1,-1,-1,-1,-1,-1,-1,4277,1,1,1,200019,4585,
348,chaos.social,0,1,38223,4.582324770430004,3324,6,1000,3318,0,-1,-1,-1,-1,-1,-1,-1,-1,3325,1,1,1,24940,8753,
349,chartboost.com,0,1,2398,3.37984917876283,5561,2066,1000,3495,1,2537,5542,22,33,0,1,89,18,5565,1,1,1,16509,9513,US
350,chashmak.ir,0,0,-1,-1.0,1500,85,1000,1415,0,-1,-1,-1,-1,-1,-1,-1,-1,-1,-1,-1,1,212216,1990,
351,chat4free.net,0,1,22949,4.360763765954155,8855,64,792,8790,0,113,3000,55,7,0,1,90,2,3005,1,1,1,13335,5790,US
352,chavoads.com,0,1,29274,4.4664820684959095,1635,67,43,1567,1,59,1678,41,11,0,1,90,2,1678,1,1,1,45102,-1,US
353,checkpeople.com,0,1,52706,4.721860057690095,9069,2218,1000,6850,1,-1,-1,-1,-1,-1,-1,-1,-1,8897,1,1,1,13335,5790,US
354,chelinvest.ru,0,1,53866,4.731314726753937,9067,22,1000,9045,0,156,5865,59,12,0,1,89,2,-1,-1,-1,1,34291,7832,
355,chibepoosham.com,0,0,-1,-1.0,3647,90,1000,3556,0,-1,-1,-1,-1,-1,-1,-1,-1,5069,1,1,1,44436,2268,
356,child.rpki.co,0,0,-1,-1.0,968,466,17,502,1,0,-1,-1,0,-1,-1,-1,-1,-1,-1,-1,0,-1,-1,
357,chilp.it,0,1,161867,5.209158317692751,6318,3281,1000,3037,1,-1,-1,-1,-1,-1,-1,-1,-1,-1,-1,-1,1,13335,5790,US
358,chinahr.com,0,1,53327,4.726947152404178,9718,7302,1000,2416,1,-1,-1,-1,-1,-1,-1,-1,-1,10082,1,1,1,45090,-1,CN
359,chinapornmovie.com,0,1,67548,4.829612494707827,3398,803,1000,2595,1,84,2787,39,8,0,0,89,2,3400,1,1,1,39572,3843,
360,chingari.io,0,1,368454,5.566383275659999,2360,58,1000,2302,1,-1,-1,-1,-1,-1,-1,-1,-1,-1,-1,-1,1,13335,5790,US
361,chl.la,0,1,46063,4.66335221936459,3434,75,1000,3358,1,-1,-1,-1,-1,-1,-1,-1,-1,-1,-1,-1,1,63949,-1,SG
362,chochox.com,0,1,9227,3.9650605206111984,3945,16,1000,3929,1,3422,3860,670,11,0,1,89,7,3970,1,1,1,13335,5790,US
363,chomikuj.pl,0,1,14068,4.148232359644905,7135,4794,1000,2340,1,160,4190,63,25,0,1,90,2,7278,1,1,1,13335,5790,US
364,chongdaads.com,0,1,674631,5.829066293597345,1322,120,1000,1202,0,95,1778,34,14,0,1,89,2,1777,1,1,1,13335,5790,US
365,chordtabs.in.th,0,1,83251,4.920389458897559,7110,2611,1000,4498,1,-1,-1,-1,-1,-1,-1,-1,-1,-1,-1,-1,1,9891,-1,TH
366,chromeriver.com,0,1,42629,4.629705144995813,6956,132,1000,6823,1,2227,6301,22,32,0,1,394,6,7036,1,1,1,16509,9513,US
367,chyoa.com,0,1,33599,4.526326351766489,8086,898,1000,7187,1,-1,-1,-1,-1,-1,-1,-1,-1,4476,1,1,1,13335,5790,US
368,cineb.rs,0,1,134168,5.127648945932786,1045,23,1000,1022,1,53,1055,51,5,0,1,89,2,-1,-1,-1,1,13335,5790,US
369,citascasuales.net,0,1,659880,5.819464965729504,1948,57,1000,1890,1,141,2726,25,14,0,1,89,2,1974,1,1,1,13335,5790,US
370,city-mobil.ru,0,1,257813,5.4113048124972885,6719,626,1000,6092,1,75,4332,54,10,0,1,89,2,-1,-1,-1,1,51115,5830,
371,citylink.pro,0,1,51532,4.712076998120074,3137,1677,1000,1459,0,3947,3953,20,13,0,1,89,5,5524,1,1,1,47236,6572,
372,cityspark.com,0,1,45029,4.65349230229706,8462,2149,1000,6312,1,-1,-1,-1,-1,-1,-1,-1,-1,8479,1,1,1,8075,10643,US
373,ckeditor.com,0,1,13620,4.134177107576766,6323,4769,1000,1554,0,-1,-1,-1,-1,-1,-1,-1,-1,6936,1,1,1,16509,9513,US
374,classiccars.com,0,1,34313,4.535458690265099,10031,3511,1000,6519,1,-1,-1,-1,-1,-1,-1,-1,-1,11312,1,1,1,13335,5790,US
375,classiccasino.com,0,1,83660,4.922517860244612,10029,72,1000,9957,1,-1,-1,-1,-1,-1,-1,-1,-1,10261,1,1,1,16509,9513,US
376,classpass.com,0,1,14495,4.161218219691016,10793,3069,1000,7723,1,1231,4488,22,36,0,1,90,3,8295,1,1,1,13335,5790,US
377,cleanmymac.com,0,1,32496,4.511829906060732,5641,15,1000,5625,0,-1,-1,-1,-1,-1,-1,-1,-1,6344,1,1,1,13335,5790,US
378,cleverpush.com,0,1,22153,4.345432547499147,3291,1336,1000,1954,0,2130,3704,27,28,0,1,90,2,3703,1,1,1,13335,5790,US
379,clideo.com,0,1,16282,4.211707750406687,7002,4,1000,6998,1,4980,2779,1713,3,0,1,90,3,2809,1,1,1,24940,8753,
380,clinch.co,0,1,5808,3.7640266076920375,4974,864,1000,4110,1,415,4543,19,25,0,1,90,2,-1,-1,-1,1,209242,2625,
381,clinicaltrials.gov,0,1,3735,3.5722906061514177,9538,7346,1000,2192,0,109,6369,21,12,0,1,89,2,9603,1,1,1,396982,2836,US
382,clip2vip.com,0,1,466759,5.669092700724284,4325,437,1000,3888,1,326,4273,437,11,0,1,190,7,4367,1,1,0,-1,-1,
383,clipchamp.com,0,1,15517,4.190807760131902,4278,720,1000,3557,1,2507,4257,29,35,0,1,90,18,4340,1,1,1,8075,10643,US
384,clipdrop.co,0,1,52920,4.723619835515463,2043,6,1000,2037,1,-1,-1,-1,-1,-1,-1,-1,-1,-1,-1,-1,1,16509,9513,US
385,clksite.com,0,1,55762,4.746338342087566,7250,2363,1000,4886,1,53,4199,228,7,0,1,90,2,4200,1,1,1,36351,7465,US
386,cloud.iboss.com,0,1,227311,5.356620452547273,3454,67,203,3386,1,-1,-1,-1,-1,-1,-1,-1,-1,8544,1,1,1,13335,5790,US
387,cloudcovermusic.com,0,1,18363,4.26394363421885,5446,8,1000,5438,1,636,5224,37,19,0,1,90,5,5550,1,1,1,16509,9513,US
388,clsn.io,0,0,-1,-1.0,2735,75,1000,2659,0,-1,-1,-1,-1,-1,-1,-1,-1,-1,-1,-1,1,13335,5790,US
389,cluep.com,0,1,31498,4.498282978661371,4715,73,1000,4641,1,544,4750,24,18,0,1,90,2,4980,1,1,1,14618,7503,US
390,cmail19.com,0,1,13644,4.13494171073536,6855,24,1000,6830,1,58,5007,283,9,0,1,499,2,6952,1,1,1,16509,9513,US
391,cmschina.com,0,1,49944,4.698483321923233,9720,42,1000,9678,1,32,3541,42,7,0,1,396,2,8550,1,1,1,4134,-1,CN
392,cnfol.com,0,1,30991,4.49123559003325,9178,5342,1000,3835,1,40,4153,177,6,0,1,388,2,7871,1,1,1,54994,1134,CA
393,cnolnic.net,0,1,10502,4.021272013951038,8820,158,1000,8662,1,-1,-1,-1,-1,-1,-1,-1,-1,9208,1,1,1,23724,-1,CN
394,cnu.edu,0,1,54688,4.737892041040642,10737,4478,1000,6259,1,3415,6845,23,39,0,1,365,11,-1,-1,-1,1,14618,7503,US
395,cod.edu,0,1,45827,4.661121427698845,10793,4482,1000,6310,1,1422,6761,26,41,0,1,196,9,-1,-1,-1,1,14618,7503,US
396,coda.io,0,1,7825,3.8934843462184863,4704,1362,1000,3342,0,-1,-1,-1,-1,-1,-1,-1,-1,-1,-1,-1,1,16509,9513,US
397,coffeemanga.io,0,1,745894,5.872677113684478,1242,89,1000,1153,1,243,1252,28,15,0,1,89,3,-1,-1,-1,1,13335,5790,US
398,cohere.io,0,0,-1,-1.0,5089,59,1000,5029,1,-1,-1,-1,-1,-1,-1,-1,-1,-1,-1,-1,1,16509,9513,US
399,coincodex.com,0,1,37103,4.569409026347427,3150,5,1000,3145,0,-1,-1,-1,-1,-1,-1,-1,-1,3263,1,1,1,13335,5790,US
400,coingape.com,0,1,47237,4.674282307975821,3191,739,1000,2451,1,-1,-1,-1,-1,-1,-1,-1,-1,3287,1,1,1,209242,2625,
401,cointelegraph.com,0,1,4993,3.6983615660551097,4526,2741,1000,1785,1,-1,-1,-1,-1,-1,-1,-1,-1,4598,1,1,1,13335,5790,US
402,coinzilla.com,0,1,97474,4.9888887883923685,6596,2032,1000,4563,1,-1,-1,-1,-1,-1,-1,-1,-1,7726,1,1,1,13335,5790,US
403,colibriwp.com,0,1,10818,4.034146977106046,2526,1588,1000,937,0,-1,-1,-1,-1,-1,-1,-1,-1,2926,1,1,1,13335,5790,US
404,collegeessayexamples.net,0,1,911194,5.959610851352573,5475,49,1000,5425,1,-1,-1,-1,-1,-1,-1,-1,-1,180,2,1,1,19318,7468,US
405,colorhunt.co,0,1,33784,4.528711068416851,3934,1780,1000,2154,1,-1,-1,-1,-1,-1,-1,-1,-1,-1,-1,-1,1,13335,5790,US
406,colunadofla.com,0,1,61149,4.786389359196785,2560,163,1000,2396,0,-1,-1,-1,-1,-1,-1,-1,-1,2954,1,1,1,13335,5790,US
407,commercialobserver.com,0,1,58435,4.766673048376084,5974,2463,1000,3510,1,-1,-1,-1,-1,-1,-1,-1,-1,5303,1,1,1,2635,4980,US
408,community.workday.com,0,1,6197,3.792181496149679,5039,55,1000,4984,0,-1,-1,-1,-1,-1,-1,-1,-1,9015,1,1,1,16509,9513,US
409,company.shopltk.com,0,1,24958,4.3972097803787795,1736,3,1000,1732,0,-1,-1,-1,-1,-1,-1,-1,-1,2038,1,1,1,16509,9513,US
411,complianz.io,0,1,4075,3.6101276130759956,2608,881,1000,1727,1,-1,-1,-1,-1,-1,-1,-1,-1,-1,-1,-1,1,13335,5790,US
412,complyauto.com,0,1,31947,4.504430081755208,2029,1,1000,2028,1,568,2347,20,20,0,1,89,2,2483,1,1,1,2635,4980,US
413,comunidades.net,0,1,36226,4.559020382783312,9884,3092,1000,6791,1,-1,-1,-1,-1,-1,-1,-1,-1,10009,1,1,1,5533,8925,
414,concert.io,0,1,29444,4.468996809059602,4593,475,1000,4118,1,911,2952,18,29,0,1,89,2,-1,-1,-1,1,54113,5343,US
415,confex.com,0,1,17225,4.236159230579664,10630,75,1000,10555,1,-1,-1,-1,-1,-1,-1,-1,-1,10913,1,1,1,16509,9513,US
416,congtogel01.org,0,0,-1,-1.0,703,127,55,576,0,59,1018,53,10,0,1,89,2,490,1,1,1,13335,5790,US
417,constellix.com,0,1,2344,3.369957607346053,8579,32,1000,8547,1,-1,-1,-1,-1,-1,-1,-1,-1,6023,1,1,1,19905,6845,US
419,contentinsights.com,0,1,18345,4.263517716091966,5581,94,1000,5486,1,-1,-1,-1,-1,-1,-1,-1,-1,6192,1,1,1,16509,9513,US
420,copyright.gov,0,1,5987,3.777209258145685,9236,7414,1000,1821,1,654,6799,21,35,0,1,90,7,9535,1,1,1,13335,5790,US
421,core.ac.uk,0,1,6224,3.7940695839816323,9344,1424,1000,7920,1,673,4033,29,28,0,1,90,5,-1,-1,-1,1,13335,5790,US
422,core.telegram.org,0,1,249,2.3961993470957363,4592,2395,1000,2196,1,-1,-1,-1,-1,-1,-1,-1,-1,8192,1,1,1,62041,4457,
423,corp.narvar.com,0,1,6492,3.8123785111541943,3944,943,1000,3001,1,-1,-1,-1,-1,-1,-1,-1,-1,5177,1,1,1,209242,2625,
424,corporate.cartrawler.com,0,1,19459,4.289120518067948,1433,13,1000,1420,0,-1,-1,-1,-1,-1,-1,-1,-1,7625,1,1,1,209242,2625,
425,corporate.exxonmobil.com,0,1,13756,4.138492167149976,4558,2492,1000,2066,1,-1,-1,-1,-1,-1,-1,-1,-1,10039,1,1,1,16625,9487,US
426,corporate.fastcmp.com,0,1,31588,4.499522129341026,1384,70,706,1313,1,-1,-1,-1,-1,-1,-1,-1,-1,1639,1,1,1,13335,5790,US
427,corretor-ortografico.com,0,1,880843,5.944898507379334,1307,167,1000,1139,1,-1,-1,-1,-1,-1,-1,-1,-1,1318,1,1,1,9371,-1,JP
428,coub.com,0,1,7049,3.848127510567875,8609,3579,1000,5029,1,-1,-1,-1,-1,-1,-1,-1,-1,8614,1,1,1,49505,6180,
429,couponfollow.com,0,1,28980,4.4620983811351556,6067,2141,1000,3926,1,734,5293,22,32,0,1,89,4,6085,1,1,1,54113,5343,US
430,coza.net.za,0,1,42123,4.624519294067317,4801,275,1000,4526,1,150,7610,24,17,0,1,89,3,-1,-1,-1,1,6968,-1,
431,cp.betweendigital.com,0,1,1871,3.27207378750001,4609,1364,1000,3244,0,3,4902,4090,3,0,0,730,2,5062,1,1,1,7979,10663,US
432,cpbl.com.tw,0,1,27576,4.440531270399891,10348,6939,1000,3408,1,-1,-1,-1,-1,-1,-1,-1,-1,10612,1,1,1,3462,-1,TW
433,cra.cz,0,1,6131,3.787531316127234,10224,16,1000,10208,1,3437,6266,1803,10,0,1,90,11,10575,1,1,1,25248,8643,
434,crane.aero,0,1,31198,4.494126753736251,-1,-1,-1,-1,-1,3602,5894,838,13,0,1,89,24,7071,1,1,1,57344,5343,
435,createsend.com,0,1,18738,4.272723234613842,6900,3137,1000,3763,0,-1,-1,-1,-1,-1,-1,-1,-1,7636,1,1,1,16509,9513,US
436,creativethemes.com,0,1,10532,4.02251085043403,8337,1149,1000,7188,1,362,2647,24,16,0,1,89,2,7910,1,1,1,13335,5790,US
437,creditvidya.com,0,0,-1,-1.0,5001,128,1000,4873,1,114,3583,86,7,0,1,90,2,5311,1,1,1,16509,9513,US
438,crisp.chat,0,1,7062,3.8489277132270785,3190,1961,1000,1228,0,666,3249,35,28,0,1,89,11,3267,1,1,1,13335,5790,US
439,criticalforce.fi,0,1,91513,4.961482792724732,3613,5,1000,3608,1,-1,-1,-1,-1,-1,-1,-1,-1,3726,1,0,1,13335,5790,US
440,crjpgate.com,0,0,-1,-1.0,1297,315,1000,981,1,-1,-1,-1,-1,-1,-1,-1,-1,1331,1,1,1,34655,4426,
441,crossout.net,0,1,47027,4.6723472746210035,8368,1598,1000,6770,1,-1,-1,-1,-1,-1,-1,-1,-1,9870,1,1,1,16509,9513,US
442,crowdin.com,0,1,12862,4.109308505246749,6963,2220,1000,4743,1,-1,-1,-1,-1,-1,-1,-1,-1,6311,1,1,1,14618,7503,US
443,cryptome.org,0,1,41861,4.621809598806646,9717,4207,1000,5509,1,-1,-1,-1,-1,-1,-1,-1,-1,9826,1,1,1,19871,7197,US
444,cryptonewzhub.com,0,0,-1,-1.0,1219,66,407,1152,1,-1,-1,-1,-1,-1,-1,-1,-1,79,2,1,1,16509,9513,US
445,cryptoslate.com,0,1,26410,4.421768401206924,3141,1234,1000,1907,1,817,3122,34,18,0,1,90,4,3212,1,1,1,13335,5790,US
446,crystalinks.com,0,1,48299,4.68393813905425,10027,4972,1000,5055,1,25,2877,320,5,0,1,378,2,10478,1,1,1,8560,8678,
447,csob.cz,0,1,37861,4.578192080540258,10222,2985,1000,7237,1,-1,-1,-1,-1,-1,-1,-1,-1,10588,1,1,1,20940,8665,
448,csublogs.com,0,1,38078,4.580674129529291,6475,19,1000,6455,1,-1,-1,-1,-1,-1,-1,-1,-1,2588,1,1,1,13335,5790,US
449,ctan.org,0,1,13610,4.133858125203335,10022,4980,1000,5041,1,293,4136,25,13,0,1,89,5,10298,1,1,1,197540,5593,
450,ctxt.io,0,1,88788,4.948354273369308,3345,2,1000,3343,1,-1,-1,-1,-1,-1,-1,-1,-1,-1,-1,-1,1,15169,9548,US
451,cuanschutz.edu,0,1,36898,4.567002826524815,2603,640,1000,1963,1,2116,2922,27,37,0,1,365,6,-1,-1,-1,1,209242,2625,
452,cuevana8.com,0,0,-1,-1.0,1095,168,1000,926,1,105,1096,90,12,0,1,89,2,1118,1,1,1,55286,4753,CA
453,cupidbrides.com,0,1,253817,5.404520706643397,2845,54,1000,2790,0,104,1850,50,11,0,1,89,6,6285,1,1,1,13335,5790,US
454,curiositystream.com,0,1,60845,4.784224895439896,4137,1191,1000,2945,1,989,4118,29,38,0,1,89,2,4181,1,1,1,16509,9513,US
455,currency.com,0,1,208707,5.319537015478445,10737,1591,1000,9145,1,2194,2746,33,49,0,1,89,9,11333,1,1,1,13335,5790,US
456,cursorinfo.co.il,0,1,37066,4.568975721404299,9409,5538,1000,3870,0,-1,-1,-1,-1,-1,-1,-1,-1,-1,-1,-1,1,13335,5790,US
457,customer.io,0,1,2294,3.360593413565249,5298,4316,1000,981,1,-1,-1,-1,-1,-1,-1,-1,-1,-1,-1,-1,1,16509,9513,US
458,cute-cursors.com,0,1,72550,4.860637416773755,7062,8,1000,7053,1,-1,-1,-1,-1,-1,-1,-1,-1,1898,1,1,1,13335,5790,US
459,cvtapi.com,0,1,12734,4.104964845527823,4069,26,405,4042,1,-1,-1,-1,-1,-1,-1,-1,-1,5029,1,1,1,37963,-1,CN
460,cxwelcome.com,0,0,-1,-1.0,1115,315,1000,800,1,-1,-1,-1,-1,-1,-1,-1,-1,1210,1,1,1,13335,5790,US
461,cyberfolks.pl,0,1,5722,3.757547853469244,2219,704,1000,1514,0,-1,-1,-1,-1,-1,-1,-1,-1,2613,1,1,1,41079,7285,
462,cyberqp.com,0,0,-1,-1.0,1122,16,1000,1105,0,-1,-1,-1,-1,-1,-1,-1,-1,1226,1,1,1,209242,2625,
463,cybersecurityventures.com,0,1,27524,4.439711549174355,5589,1170,1000,4418,1,-1,-1,-1,-1,-1,-1,-1,-1,4751,1,1,1,30148,4115,US
464,d4planner.io,0,1,632434,5.801015209798222,1143,67,1000,1076,1,-1,-1,-1,-1,-1,-1,-1,-1,-1,-1,-1,1,13335,5790,US
465,dable.io,0,1,19984,4.300682421030061,3982,1992,1000,1989,0,452,3944,23,28,0,1,89,3,-1,-1,-1,1,4766,-1,KR
466,daftarjebol.azurefd.net,0,1,156,2.1931245983544616,-1,-1,0,-1,-1,-1,-1,-1,-1,-1,-1,-1,-1,2934,1,1,1,8075,10643,US
467,dailygram.com,0,1,67968,4.832304490729338,9204,152,1000,9051,1,43,2839,300,7,0,0,393,2,9653,1,1,1,16509,9513,US
468,dailyhitblog.com,0,1,41137,4.614232616698708,6548,69,1000,6478,1,-1,-1,-1,-1,-1,-1,-1,-1,2588,1,1,1,13335,5790,US
469,dailyweather.pro,0,1,44364,4.647030696620732,1182,237,135,944,1,85,1193,71,7,0,1,90,2,1193,1,1,1,13335,5790,US
470,darktrace.com,0,1,25590,4.408070285887185,4738,739,1000,3999,1,-1,-1,-1,-1,-1,-1,-1,-1,4772,1,1,1,13335,5790,US
471,datablocks.net,0,1,67371,4.828472993712464,9408,69,1000,9338,1,-1,-1,-1,-1,-1,-1,-1,-1,9471,1,1,1,25948,5127,CA
472,dataremote.com,0,1,43186,4.635342980422212,10374,7,1000,10366,1,221,7007,27,26,0,1,89,3,10513,1,1,1,13335,5790,US
473,datausa.io,0,1,38494,4.585393041977091,3700,1419,1000,2280,1,787,3735,56,24,0,1,89,3,-1,-1,-1,1,13335,5790,US
474,datawrkz.com,0,1,130681,5.116212449133827,4536,1165,1000,3370,1,495,3943,29,16,0,1,89,2,4640,1,1,1,398101,2395,US
475,dating.ru,0,1,68322,4.8345605710335615,9577,6840,1000,2737,1,70,2327,101,6,1,1,89,2,-1,-1,-1,1,197695,5532,
476,datingopiniones.es,0,1,368049,5.565905642078331,2067,30,1000,2036,1,53,2110,66,6,0,1,90,2,-1,-1,-1,1,13335,5790,US
477,dcist.com,0,1,59284,4.772937498603542,7945,5766,1000,2179,1,-1,-1,-1,-1,-1,-1,-1,-1,8098,1,1,1,16509,9513,US
478,ddo.jp,0,1,34534,4.538246884671983,9068,3719,1000,5348,1,-1,-1,-1,-1,-1,-1,-1,-1,-1,-1,-1,1,7684,-1,JP
479,decodeace.com,0,0,-1,-1.0,983,699,10,283,0,-1,-1,-1,-1,-1,-1,-1,-1,-1,-1,-1,0,-1,-1,
480,definicion.de,0,1,87367,4.941347423203868,6647,894,1000,5753,1,-1,-1,-1,-1,-1,-1,-1,-1,-1,-1,-1,1,13335,5790,US
481,deliveroo.co.uk,0,1,21997,4.342363454809172,4921,2496,1000,2425,1,-1,-1,-1,-1,-1,-1,-1,-1,5083,1,1,1,13335,5790,US
482,deliveroo.fr,0,1,44843,4.651694659227647,4094,28,1000,4065,0,-1,-1,-1,-1,-1,-1,-1,-1,4447,1,1,1,13335,5790,US
483,delivery-club.ru,0,1,122385,5.087728192185123,6163,2360,1000,3802,1,181,4749,26,12,0,1,90,2,-1,-1,-1,1,208398,1213,
484,delo.ua,0,1,53348,4.727118142500036,7451,4271,1000,3179,1,700,5812,25,20,0,1,89,4,7545,1,1,1,13335,5790,US
485,denakop.com,0,1,46728,4.669577193231637,4440,76,1000,4364,1,1318,3721,24,30,0,1,90,5,5566,1,1,1,13335,5790,US
486,dengage.com,0,1,24311,4.385802823325019,5220,66,1000,5153,1,2541,2761,26,21,0,1,89,12,3051,1,1,1,16509,9513,US
487,dengekionline.com,0,1,37271,4.571371045253321,9401,4166,1000,5234,1,122,7062,115,12,0,1,394,3,9506,1,1,1,16509,9513,US
488,depositfiles.com,0,1,20643,4.314772812566055,7407,4788,1000,2618,1,207,6317,37,20,0,1,89,2,7501,1,1,1,35415,7595,
489,deriv.com,0,1,19985,4.300704152596124,10743,346,1000,10396,1,-1,-1,-1,-1,-1,-1,-1,-1,10872,1,1,1,13335,5790,US
490,descomplica.com.br,0,1,47080,4.672836454171397,9001,2669,1000,6332,0,-1,-1,-1,-1,-1,-1,-1,-1,7005,1,0,1,16509,9513,US
491,designshack.net,0,1,67376,4.828505224076189,9177,3061,1000,6115,1,975,4117,26,24,0,1,90,2,6589,1,1,1,13335,5790,US
492,desisexmasala.com,0,0,-1,-1.0,6908,276,1000,6632,1,244,1954,23,15,0,1,89,9,1954,1,1,1,63949,-1,SG
493,desixx.net,0,1,77655,4.890169424037537,2558,16,1000,2541,1,185,2026,33,17,0,1,89,2,2026,1,1,1,13335,5790,US
494,deti-online.com,0,1,8633,3.9361617409111576,5102,25,1000,5076,1,-1,-1,-1,-1,-1,-1,-1,-1,5226,1,1,1,59692,1210,
495,develop-blog.com,0,1,36342,4.560408824046945,5704,16,1000,5688,1,-1,-1,-1,-1,-1,-1,-1,-1,2588,1,1,1,13335,5790,US
496,developer.apple.com,0,1,10,1.0,9964,4987,1000,4977,1,-1,-1,-1,-1,-1,-1,-1,-1,14336,1,1,1,6185,11109,US
497,dext.com,0,1,54339,4.735111641838993,9465,5,1000,9460,1,-1,-1,-1,-1,-1,-1,-1,-1,8103,1,1,1,16509,9513,US
498,dguv.de,0,1,31290,4.4954055631461936,7041,1126,1000,5915,1,-1,-1,-1,-1,-1,-1,-1,-1,-1,-1,-1,1,56532,5549,
499,dhosting.pl,0,1,26505,4.423327808562445,7001,1085,1000,5915,1,-1,-1,-1,-1,-1,-1,-1,-1,7135,1,1,1,48896,6293,
500,diabetes.org,0,1,8695,3.9392695863387313,10806,7281,1000,3524,1,-1,-1,-1,-1,-1,-1,-1,-1,11417,1,1,1,13335,5790,US
501,diag.pl,0,1,38279,4.582960583750715,9064,918,1000,8145,1,-1,-1,-1,-1,-1,-1,-1,-1,9532,1,1,1,19551,5608,US
502,dice.fm,0,1,19143,4.282009999342054,4518,1583,1000,2935,1,-1,-1,-1,-1,-1,-1,-1,-1,4583,1,1,1,13335,5790,US
503,diditaxi.com.cn,0,1,34691,4.540216818960606,4586,70,1000,4515,1,-1,-1,-1,-1,-1,-1,-1,-1,-1,-1,-1,1,45090,-1,CN
504,digi.hu,0,1,32287,4.509027693701782,8072,2038,1000,6034,1,-1,-1,-1,-1,-1,-1,-1,-1,-1,-1,-1,1,20845,8897,
505,digitaluniversity.ac,0,1,77084,4.88696424273555,6154,69,1000,6084,0,-1,-1,-1,-1,-1,-1,-1,-1,-1,-1,-1,1,154142,-1,IN
506,diia.gov.ua,0,1,28027,4.447576613522922,2427,1574,1000,852,1,-1,-1,-1,-1,-1,-1,-1,-1,-1,-1,-1,1,212542,2051,
507,dimepkairos.com.br,0,1,34815,4.541766399511599,3822,67,1000,3754,0,-1,-1,-1,-1,-1,-1,-1,-1,4450,1,0,1,396982,2836,US
508,dinamichosting.com,0,1,103035,5.012984775432115,6617,72,1000,6544,0,3704,5287,424,14,0,1,90,12,7230,1,1,1,6057,11165,UY
509,direktur0426.com,0,0,-1,-1.0,1020,642,64,378,1,-1,-1,-1,-1,-1,-1,-1,-1,-1,-1,-1,0,-1,-1,
510,disa.mil,0,1,11932,4.076713244690025,10791,4547,1000,6244,1,-1,-1,-1,-1,-1,-1,-1,-1,-1,-1,-1,1,5307,11335,US
511,discord.com,0,1,168,2.225309281725863,10741,2197,1000,8544,1,1625,3519,24,22,0,1,89,4,9326,1,1,1,13335,5790,US
512,discountasp.net,0,1,33735,4.528080714491313,8503,7440,1000,1063,1,212,7038,55,23,0,1,365,4,8622,1,1,1,13335,5790,US
513,djmag.com,0,1,47369,4.675494216497726,9726,5126,1000,4600,1,638,6272,23,31,0,1,90,2,10324,1,1,1,13335,5790,US
514,djsan.ru,0,1,210754,5.323775826055699,4774,152,1000,4621,0,872,3698,27,11,0,0,89,6,-1,-1,-1,1,41722,7159,
515,dkimwl.org,0,1,19373,4.287196878466229,3286,73,1000,3213,1,-1,-1,-1,-1,-1,-1,-1,-1,3779,1,1,1,54290,5281,US
516,dl-protect.link,0,1,72488,4.860266117396789,1164,5,1000,1158,0,-1,-1,-1,-1,-1,-1,-1,-1,1167,1,1,1,13335,5790,US
517,dlink.ru,0,1,39156,4.5927983198355,9671,3473,1000,6197,1,-1,-1,-1,-1,-1,-1,-1,-1,-1,-1,-1,1,200503,3988,
518,dns.sb,0,1,19716,4.2948188094826865,2842,7,1000,2834,0,1167,3633,23,21,0,1,89,3,-1,-1,-1,1,24013,-1,SB
519,dnsleaktest.com,0,1,12796,4.10707423141207,5561,2307,1000,3253,1,-1,-1,-1,-1,-1,-1,-1,-1,5573,1,1,1,63949,-1,SG
520,dnsmadeeasy.com,0,1,306,2.48572142648158,9130,4340,1000,4789,1,598,7231,33,27,0,1,89,2,9221,1,1,1,16552,6882,US
521,doceree.com,0,1,17838,4.251346159588581,2226,25,1000,2200,0,-1,-1,-1,-1,-1,-1,-1,-1,2870,1,1,1,16509,9513,US
522,docs.magiceden.io,0,1,38169,4.581710781899035,1092,68,1000,1024,0,-1,-1,-1,-1,-1,-1,-1,-1,-1,-1,-1,1,13335,5790,US
523,documentforce.com,0,1,77559,4.889632200905873,8076,419,1000,7656,0,-1,-1,-1,-1,-1,-1,-1,-1,8437,1,1,1,16509,9513,US
524,dokicloud.one,0,0,-1,-1.0,1333,308,1000,1025,1,-1,-1,-1,-1,-1,-1,-1,-1,441,1,1,0,-1,-1,
525,dokumen.tips,0,1,116644,5.066862404219281,3978,9,1000,3969,1,-1,-1,-1,-1,-1,-1,-1,-1,3988,1,1,1,13335,5790,US
526,dolan2802.com,0,0,-1,-1.0,1053,741,11,311,0,-1,-1,-1,-1,-1,-1,-1,-1,-1,-1,-1,0,-1,-1,
527,dolap.com,0,1,35215,4.54672769272835,10742,1799,1000,8942,1,-1,-1,-1,-1,-1,-1,-1,-1,8814,1,1,1,13335,5790,US
528,dom.ru,0,1,27579,4.44057851483637,10541,3541,1000,6999,1,-1,-1,-1,-1,-1,-1,-1,-1,-1,-1,-1,1,201706,4304,
529,domainparking.ru,0,1,39233,4.59365151826543,4740,2856,1000,1883,1,-1,-1,-1,-1,-1,-1,-1,-1,-1,-1,-1,1,197695,5532,
530,domains.lt,0,1,36943,4.56753215993322,8734,66,1000,8668,1,-1,-1,-1,-1,-1,-1,-1,-1,-1,-1,-1,1,51172,5819,
531,dongqiudi.com,0,1,55695,4.74581620828184,4756,3292,1000,1463,0,-1,-1,-1,-1,-1,-1,-1,-1,4962,1,1,1,45090,-1,CN
532,donpornovideos.com,0,1,449978,5.653191281081647,3920,135,1000,3784,1,-1,-1,-1,-1,-1,-1,-1,-1,1791,1,1,1,13335,5790,US
533,donweb.com,0,1,20407,4.30977916448048,9239,1984,1000,7254,1,-1,-1,-1,-1,-1,-1,-1,-1,8833,1,1,1,13335,5790,US
534,doodle.com,0,1,6876,3.837335868015015,7951,4401,1000,3549,1,-1,-1,-1,-1,-1,-1,-1,-1,11124,1,1,1,13335,5790,US
535,doodstream.com,0,1,138164,5.140394898045077,2298,1089,1000,1209,1,-1,-1,-1,-1,-1,-1,-1,-1,2305,1,1,1,57724,3823,
537,dopebox.to,0,1,71527,4.8544700101588125,1695,14,1000,1681,1,-1,-1,-1,-1,-1,-1,-1,-1,1713,1,1,1,13335,5790,US
538,doruk.net.tr,0,1,14706,4.1674945616357215,10741,3683,1000,7057,1,-1,-1,-1,-1,-1,-1,-1,-1,-1,-1,-1,1,8685,8943,
539,dotnet.microsoft.com,0,1,6,0.7781512503836436,9220,2464,1000,6756,0,-1,-1,-1,-1,-1,-1,-1,-1,12803,1,1,1,8075,10643,US
540,doujin-freee.com,0,0,-1,-1.0,1631,136,1000,1494,0,-1,-1,-1,-1,-1,-1,-1,-1,1784,1,1,1,13335,5790,US
541,doveserver.com,0,1,31897,4.5037498383953105,5541,76,1000,5465,1,-1,-1,-1,-1,-1,-1,-1,-1,5546,1,1,1,46475,6443,US
542,doxygen.nl,0,1,8126,3.909876817990393,7246,936,1000,6310,1,-1,-1,-1,-1,-1,-1,-1,-1,7465,1,1,1,13335,5790,US
543,dpbosss.network,0,0,-1,-1.0,1046,315,11,731,1,-1,-1,-1,-1,-1,-1,-1,-1,1106,1,1,1,13335,5790,US
544,dramacool.hr,0,0,-1,-1.0,1087,69,1000,1018,1,-1,-1,-1,-1,-1,-1,-1,-1,-1,-1,-1,1,133618,-1,AU
545,dravanet.hu,0,1,52372,4.7190991592056415,10052,593,1000,9458,1,-1,-1,-1,-1,-1,-1,-1,-1,-1,-1,-1,1,197248,5581,
546,draxe.com,0,1,22225,4.346841769642252,8095,3111,1000,4984,1,-1,-1,-1,-1,-1,-1,-1,-1,8343,1,1,1,13335,5790,US
547,driverpack.io,0,1,63011,4.799416372029596,3166,12,1000,3153,1,-1,-1,-1,-1,-1,-1,-1,-1,-1,-1,-1,1,13335,5790,US
549,drujba-tc.ru,0,1,394623,5.596182393845691,6683,66,1000,6616,1,40,1946,45,6,0,0,89,1,-1,-1,-1,1,9123,6623,
550,ds-cdn.com,0,1,67808,4.8312809350307,5580,23,1000,5556,0,-1,-1,-1,-1,-1,-1,-1,-1,2343,1,1,1,13335,5790,US
551,dstillery.com,0,1,17783,4.250005028486895,6472,2680,1000,3791,1,-1,-1,-1,-1,-1,-1,-1,-1,4697,1,1,1,209242,2625,
552,dsu.edu,0,1,83298,4.920634574043148,10707,5430,1000,5277,1,2192,7358,23,30,0,1,89,8,-1,-1,-1,1,8075,10643,US
553,dualeotruyenz.com,0,0,-1,-1.0,1054,299,1000,754,1,-1,-1,-1,-1,-1,-1,-1,-1,168,2,1,1,133618,-1,AU
554,dune.com,0,1,36137,4.557952095720065,10737,14,1000,10722,1,2633,1646,18,21,0,1,89,2,10415,1,1,1,13335,5790,US
555,duo.nl,0,1,42706,4.630488895723703,9175,9,1000,9166,1,704,5208,22,16,0,0,365,8,10015,1,1,1,1103,8640,
556,dutasex.live,0,0,-1,-1.0,1019,620,167,399,0,40,1631,620,7,0,1,89,2,-1,-1,-1,0,-1,-1,
557,dutchie.com,0,1,17616,4.2459073016276765,9717,7,1000,9710,1,-1,-1,-1,-1,-1,-1,-1,-1,8759,1,1,1,13335,5790,US
558,duth.gr,0,1,37709,4.576445015560211,10709,2301,1000,8407,1,-1,-1,-1,-1,-1,-1,-1,-1,-1,-1,-1,1,8253,20594,
559,dwtgacor.site,0,0,-1,-1.0,1148,76,241,1072,0,-1,-1,-1,-1,-1,-1,-1,-1,-1,-1,-1,1,13335,5790,US
560,e-mordovia.ru,0,1,43405,4.63753976055708,7106,1511,1000,5594,1,-1,-1,-1,-1,-1,-1,-1,-1,-1,-1,-1,1,43298,1895,
561,e.esheeq.onl,0,0,-1,-1.0,1088,996,1000,92,1,0,-1,-1,0,-1,-1,-1,-1,1807,1,1,0,-1,-1,
562,e621.net,0,1,1344,3.1283992687178066,7034,3332,1000,3701,1,-1,-1,-1,-1,-1,-1,-1,-1,7232,1,1,1,13335,5790,US
563,eadaily.com,0,1,6324,3.8009918612601714,6250,2009,1000,4240,1,-1,-1,-1,-1,-1,-1,-1,-1,4357,1,1,1,41722,7159,
564,easy.gr,0,1,24656,4.391922621374344,9538,75,1000,9462,1,4926,4722,1003,9,0,1,89,8,-1,-1,-1,1,24940,8753,
565,ebu.io,0,1,33951,4.53085257060727,4631,74,1000,4557,1,3762,4489,207,21,0,1,89,5,-1,-1,-1,1,16509,9513,US
566,eccemoda.ru,0,0,-1,-1.0,4050,541,1000,3509,1,-1,-1,-1,-1,-1,-1,-1,-1,-1,-1,-1,0,-1,-1,
567,echo24.cz,0,1,51580,4.712481337801918,5290,2361,1000,2929,1,484,4452,29,15,0,1,89,5,5994,1,1,1,24940,8753,
568,edgar-online.com,0,1,48853,4.68889123834017,10802,7279,1000,3522,1,34,7863,156,12,0,1,394,2,11234,1,1,1,14618,7503,US
569,edna.ru,0,1,1177,3.0707764628434346,4524,66,1000,4457,1,186,2362,22,15,0,1,89,2,-1,-1,-1,1,200350,2849,
570,edoms.com,0,0,-1,-1.0,9217,66,1000,9151,1,235,2627,45,7,0,0,89,2,8003,1,1,1,61098,4839,
571,edu.by,0,1,142057,5.152462638878885,7894,1793,1000,6100,1,-1,-1,-1,-1,-1,-1,-1,-1,-1,-1,-1,1,60330,4664,
572,educibly.com,0,1,636918,5.804083522696637,1998,37,1000,1961,0,134,2372,32,12,0,1,89,2,2380,1,1,1,13335,5790,US
573,eforms.com,0,1,68427,4.835227499926078,10022,7,1000,10014,1,437,3321,35,25,0,1,89,3,10608,1,1,1,13335,5790,US
574,efortuna.ro,0,1,63005,4.799375015901908,3909,2657,1000,1251,1,984,3956,28,39,0,1,89,96,-1,-1,-1,1,13335,5790,US
575,efukt.com,0,1,39845,4.600373831161271,7353,5283,1000,2069,1,1168,4516,24,19,0,1,89,6,7434,1,1,1,13335,5790,US
576,ehospitalitystudy.in,0,0,-1,-1.0,1794,730,1000,1064,1,46,1936,778,6,0,1,89,2,-1,-1,-1,0,-1,-1,
577,ekapool.com,0,0,-1,-1.0,1271,95,713,1176,1,-1,-1,-1,-1,-1,-1,-1,-1,1301,1,1,1,13335,5790,US
578,elasticemail.com,0,1,47551,4.677159654604984,5880,31,1000,5848,1,-1,-1,-1,-1,-1,-1,-1,-1,5881,1,1,1,16276,20594,
579,elbloglibre.com,0,1,40737,4.6099890430387465,6754,35,1000,6719,1,-1,-1,-1,-1,-1,-1,-1,-1,2049,1,1,1,13335,5790,US
580,elcomercio.pe,0,1,5695,3.7554937284151193,6314,5225,1000,1089,1,-1,-1,-1,-1,-1,-1,-1,-1,-1,-1,-1,1,20940,8665,
581,elperuano.pe,0,1,52411,4.719422446104782,5741,2879,1000,2862,0,-1,-1,-1,-1,-1,-1,-1,-1,-1,-1,-1,1,271814,2045,PE
582,emalls.ir,0,1,123247,5.090776356758171,4956,4,1000,4951,1,-1,-1,-1,-1,-1,-1,-1,-1,-1,-1,-1,1,43754,6813,
583,en.ad-stir.com,0,1,7811,3.8927066378056656,5158,71,1000,5086,1,-1,-1,-1,-1,-1,-1,-1,-1,5397,1,1,1,16509,9513,US
584,en.islcollective.com,0,1,31043,4.491963684895695,5718,2947,1000,2770,1,36,3082,1948,2,1,0,90,1,6208,1,1,1,13335,5790,US
585,en.novelxo.com,0,0,-1,-1.0,1109,72,1000,1037,1,-1,-1,-1,-1,-1,-1,-1,-1,1667,1,1,1,13335,5790,US
586,en.numista.com,0,1,21877,4.339987766803348,5990,785,1000,5205,1,-1,-1,-1,-1,-1,-1,-1,-1,6688,1,1,1,13335,5790,US
587,endnote.com,0,1,20870,4.319522449065454,10028,5006,1000,5022,1,1203,4777,43,36,0,1,90,4,10757,1,1,1,54113,5343,US
588,engageware.com,0,1,510664,5.708135242714699,4739,44,1000,4695,1,-1,-1,-1,-1,-1,-1,-1,-1,4334,1,1,1,209242,2625,
589,engoo.com,0,1,48335,4.684261722928907,8616,10,1000,8606,1,2340,4365,1059,10,0,1,90,18,7533,1,1,1,16509,9513,US
590,enjinx.io,0,1,662567,5.8212298014904,2856,86,1000,2770,1,-1,-1,-1,-1,-1,-1,-1,-1,-1,-1,-1,1,13335,5790,US
591,equativ.com,0,1,47114,4.673149977602316,1442,1064,1000,377,1,432,1447,34,15,0,1,89,2,1552,1,1,1,209242,2625,
592,er.ru,0,1,12182,4.085718595165402,9132,3456,1000,5676,0,1135,5511,22,19,0,1,89,87,-1,-1,-1,1,51115,5830,
593,ereplacementparts.com,0,1,43312,4.636608238426431,9220,1263,1000,7957,1,-1,-1,-1,-1,-1,-1,-1,-1,8056,1,1,1,16625,9487,US
594,ero-labs.com,0,1,20505,4.311859773623503,1511,1,1000,1509,1,-1,-1,-1,-1,-1,-1,-1,-1,1526,1,1,1,16509,9513,US
595,ero-video.net,0,1,9023,3.95535095736766,8763,3057,1000,5706,1,-1,-1,-1,-1,-1,-1,-1,-1,5418,1,1,1,26666,1200,US
596,eromani777.com,0,1,23564,4.372249014063955,4801,123,1000,4678,1,-1,-1,-1,-1,-1,-1,-1,-1,5496,1,1,1,13335,5790,US
597,es.braun.com,0,1,55029,4.740591620780847,5734,161,1000,5572,0,-1,-1,-1,-1,-1,-1,-1,-1,10558,1,1,1,8075,10643,US
598,es.yougov.com,0,1,5446,3.736077637003946,2952,6,1000,2946,1,-1,-1,-1,-1,-1,-1,-1,-1,9588,1,1,1,19551,5608,US
599,escortbabylon.net,0,1,9319,3.9693693117335274,4100,18,1000,4081,1,253,3353,45,14,0,1,89,2,5018,1,1,1,13335,5790,US
600,esoft.tech,0,1,81116,4.9091065265459815,3264,80,1000,3183,0,555,3290,18,19,0,1,89,5,-1,-1,-1,1,204738,3045,
601,essay-writing.org,0,1,618988,5.791682229659376,3945,57,1000,3888,1,134,3572,62,8,0,1,90,2,2710,1,1,1,56851,5472,
602,estrategiaconcursos.com.br,0,1,18652,4.2707254067824545,5352,1534,1000,3818,1,908,5145,30,42,0,1,90,2,5500,1,0,1,13335,5790,US
603,etat.public.lu,0,1,16535,4.218404199249722,4538,3052,1000,1486,0,0,-1,-1,0,-1,-1,-1,-1,-1,-1,-1,1,25094,3978,
604,etcanada.com,0,1,108959,5.03726310873469,10022,3002,1000,7019,1,321,4913,42,30,0,1,90,4,7575,1,1,1,14618,7503,US
605,etersoft.ru,0,1,37976,4.579509218710304,8092,66,1000,8026,1,2643,5187,20,13,0,0,89,5,-1,-1,-1,1,198324,5272,
606,ethereum.org,0,1,8551,3.9320169064342014,4518,2881,1000,1637,1,2462,4493,21,41,0,1,89,4,4557,1,1,1,13335,5790,US
607,etisalat.com.eg,0,1,29421,4.468657430019694,7070,381,1000,6689,1,32,6643,135,11,0,1,384,3,-1,-1,-1,1,36992,-1,
608,euobserver.com,0,1,20175,4.304813543394108,9296,7392,1000,1904,1,-1,-1,-1,-1,-1,-1,-1,-1,9571,1,1,1,44185,6746,
609,eurasianet.org,0,1,39365,4.595110255778039,9409,6273,1000,3136,1,-1,-1,-1,-1,-1,-1,-1,-1,9610,1,1,1,13335,5790,US
610,eurid.eu,0,1,25531,4.407067825614143,7688,4650,1000,3038,1,-1,-1,-1,-1,-1,-1,-1,-1,-1,-1,-1,1,34309,7825,
611,everhelper.pro,0,1,205914,5.31368587510783,1086,13,1000,1072,1,-1,-1,-1,-1,-1,-1,-1,-1,1349,1,1,1,14618,7503,US
612,everybodywiki.com,0,1,32664,4.51406936691494,5587,281,1000,5306,1,-1,-1,-1,-1,-1,-1,-1,-1,3317,1,1,1,13335,5790,US
613,exa.net.uk,0,1,613427,5.787762887546285,4748,407,1000,4341,0,-1,-1,-1,-1,-1,-1,-1,-1,8195,1,1,1,30740,8213,
614,examsoft.com,0,1,39130,4.59250984790068,9977,412,1000,9565,1,1383,6449,31,29,0,1,90,4,10470,1,1,1,16509,9513,US
615,exmo.com,0,1,147085,5.167568384832266,8508,15,1000,8492,1,-1,-1,-1,-1,-1,-1,-1,-1,8568,1,1,1,13335,5790,US
616,expertjobmatch.com,0,1,293875,5.468162642132996,2570,19,1000,2551,1,-1,-1,-1,-1,-1,-1,-1,-1,2779,1,1,1,13335,5790,US
617,exporntoons.net,0,1,56320,4.750662646134056,7728,11,1000,7716,1,-1,-1,-1,-1,-1,-1,-1,-1,2893,1,1,1,13335,5790,US
618,exputer.com,0,1,202322,5.306043109459473,8801,79,1000,8721,1,478,3160,49,22,0,1,90,8,3585,1,1,1,13335,5790,US
619,ext.to,0,1,18310,4.262688344301696,2553,1,1000,2551,1,-1,-1,-1,-1,-1,-1,-1,-1,2066,1,1,1,13335,5790,US
620,extra.ie,0,1,72021,4.857459147186153,3783,2355,1000,1428,1,379,3200,60,18,0,1,90,3,-1,-1,-1,1,2635,4980,US
621,extremetracking.com,0,1,32605,4.513284204543479,9977,6538,1000,3439,1,230,5722,25,9,0,0,89,2,9991,1,1,1,14618,7503,US
622,ezblogz.com,0,1,33411,4.523889474380501,6216,10,1000,6205,1,-1,-1,-1,-1,-1,-1,-1,-1,3232,1,1,1,13335,5790,US
623,ezecom.com.kh,0,1,73994,4.869196505237242,6612,19,1000,6592,1,460,5326,26,22,0,1,90,25,-1,-1,-1,1,38901,-1,KH
624,ezil.me,0,0,-1,-1.0,2461,75,1000,2385,1,299,3011,28,19,0,1,89,6,-1,-1,-1,1,16509,9513,US
625,f12.bet,0,1,562903,5.750433563245339,1517,161,1000,1356,0,-1,-1,-1,-1,-1,-1,-1,-1,1609,1,1,1,13335,5790,US
626,f95zone.to,0,1,5645,3.7516639462609866,2614,1815,1000,799,1,-1,-1,-1,-1,-1,-1,-1,-1,2691,1,1,1,13335,5790,US
627,fabricmc.net,0,1,27952,4.446412887638855,2693,854,1000,1838,1,-1,-1,-1,-1,-1,-1,-1,-1,2726,1,1,1,24940,8753,
628,facecrotsex.click,0,0,-1,-1.0,1022,619,581,402,1,-1,-1,-1,-1,-1,-1,-1,-1,-1,-1,-1,0,-1,-1,
629,facepunch.com,0,1,14573,4.16354896490181,9133,3242,1000,5891,1,-1,-1,-1,-1,-1,-1,-1,-1,8443,1,1,1,53831,4887,US
630,factsmgt.com,0,1,20044,4.301984394070439,10433,2140,1000,8292,1,-1,-1,-1,-1,-1,-1,-1,-1,10703,1,1,1,209242,2625,
631,fam-8.net,0,1,40872,4.611425889674207,2146,21,1000,2124,0,-1,-1,-1,-1,-1,-1,-1,-1,2702,1,1,1,4686,-1,JP
632,familyfornicate.com,0,0,-1,-1.0,1086,333,785,752,1,82,1499,33,10,0,1,89,2,1500,1,1,1,-1,-1,
633,fap-guru.site,0,1,12054,4.081131187131893,1161,16,1000,1144,0,114,1162,40,9,0,1,89,2,-1,-1,-1,1,49981,6014,
634,fapnado.xxx,0,1,59626,4.775435675751987,1630,15,1000,1614,0,805,1758,24,13,0,1,89,3,1769,1,1,1,13335,5790,US
635,fapomania.com,0,1,242603,5.384896166997949,1654,32,1000,1621,1,113,1681,46,15,0,1,89,2,1681,1,1,1,13335,5790,US
636,faraday.ai,0,1,202752,5.3069651469013435,1931,6,1000,1925,1,775,1989,21,21,0,1,89,2,3078,1,1,1,16509,9513,US
637,fararu.com,0,1,87742,4.943207529533987,6894,4572,1000,2322,1,133,3361,23,9,0,1,90,2,6936,1,1,1,48551,4124,
638,fast.com,0,1,559,2.747411807886423,10223,2843,1000,7380,1,-1,-1,-1,-1,-1,-1,-1,-1,11605,1,1,1,16625,9487,US
639,fastdl.app,0,1,1573,3.196728722623287,1196,1,1000,1194,1,312,1196,21,13,0,1,89,2,1196,1,1,1,13335,5790,US
640,fastpic.org,0,1,11626,4.065430318620369,8017,1632,1000,6384,0,208,2982,62,13,0,1,90,2,3718,1,1,1,43513,6854,
641,fbref.com,0,1,26872,4.4292999908336075,7694,1226,1000,6468,1,408,3346,38,21,0,1,89,3,6127,1,1,1,13335,5790,US
642,fcbayern.com,0,1,18848,4.275265273107007,10535,2479,1000,8056,1,1019,4469,333,19,0,1,89,82,9312,1,1,1,16625,9487,US
643,fcix.net,0,1,21870,4.339848783037637,6179,3,1000,6175,0,1915,2863,26,18,0,1,89,2,2962,1,1,1,13335,5790,US
644,fct.co,0,1,43975,4.643205848129499,4681,8,1000,4673,1,-1,-1,-1,-1,-1,-1,-1,-1,-1,-1,-1,1,16276,20594,
645,feedad.com,0,1,26744,4.427226363584512,6849,880,1000,5968,1,951,3348,19,13,0,1,90,2,6698,1,1,1,54113,5343,US
646,feelthemusi.com,0,1,32677,4.514242178115848,4903,23,1000,4879,1,142,3625,50,6,0,1,90,4,4910,1,1,1,14618,7503,US
647,fextralife.com,0,1,12208,4.086644520610805,4638,2286,1000,2351,1,-1,-1,-1,-1,-1,-1,-1,-1,4665,1,1,1,60068,4368,
648,ffw.com,0,0,-1,-1.0,10737,82,1000,10655,1,-1,-1,-1,-1,-1,-1,-1,-1,10858,1,1,1,209242,2625,
649,ffzap.com,0,1,100087,5.000377671935775,3099,17,1000,3081,1,-1,-1,-1,-1,-1,-1,-1,-1,3264,1,1,1,13335,5790,US
650,fiber.google.com,0,1,1,0.0,5061,3287,1000,1774,0,-1,-1,-1,-1,-1,-1,-1,-1,10475,1,1,1,15169,9548,US
651,fikante.com,0,1,81346,4.910336202378744,2276,5,1000,2270,0,607,2301,27,18,0,1,89,6,2301,1,1,1,13335,5790,US
652,filelist.io,0,1,19061,4.280145681354221,2216,11,1000,2205,0,338,2236,18,15,0,1,89,2,-1,-1,-1,1,13335,5790,US
653,filipino-women.net,0,1,365803,5.563247262862933,5621,72,1000,5548,1,60,2477,43,8,0,1,90,2,2485,1,1,1,13335,5790,US
654,filmize.tv,0,0,-1,-1.0,1460,145,1000,1314,1,109,1499,41,12,0,1,89,2,344,2,1,1,63949,-1,SG
655,fin.ag,0,1,12508,4.0971878725708955,2847,30,1000,2816,0,4900,3261,596,13,0,1,89,8,-1,-1,-1,1,54113,5343,US
656,finalank.net,0,1,23566,4.372285873345277,2304,17,1000,2286,1,85,2309,36,10,0,1,89,2,2310,1,1,1,13335,5790,US
657,financesonline.com,0,1,17213,4.235856568752974,8463,1807,1000,6655,1,-1,-1,-1,-1,-1,-1,-1,-1,8572,1,1,1,13335,5790,US
658,findaway.com,0,1,900681,5.954571001333532,8495,69,1000,8425,1,343,3583,19,16,0,1,90,3,10014,1,1,1,16509,9513,US
659,firebase.google.com,0,1,1,0.0,3676,2678,1000,997,0,-1,-1,-1,-1,-1,-1,-1,-1,10475,1,1,1,15169,9548,US
660,firefaucet.win,0,1,11281,4.052347599224664,2944,1157,1000,1787,1,-1,-1,-1,-1,-1,-1,-1,-1,2949,1,1,1,13335,5790,US
661,firework.com,0,1,46396,4.666480539761556,10022,1396,1000,8625,1,-1,-1,-1,-1,-1,-1,-1,-1,10411,1,1,1,209242,2625,
662,firstenergycorp.com,0,1,16561,4.219086557169252,10221,3564,1000,6657,1,-1,-1,-1,-1,-1,-1,-1,-1,10544,1,1,1,35280,4067,
663,fitweb.or.jp,0,1,105463,5.02310012110994,10550,492,1000,10058,1,-1,-1,-1,-1,-1,-1,-1,-1,-1,-1,-1,1,7672,-1,JP
664,fivem.net,0,1,12670,4.1027766148834415,5622,475,1000,5146,1,-1,-1,-1,-1,-1,-1,-1,-1,4299,1,1,1,20940,8665,
665,fivethirtyeight.com,0,1,9543,3.9796849238270258,6582,4828,1000,1754,1,-1,-1,-1,-1,-1,-1,-1,-1,6648,1,1,1,2635,4980,US
666,flathub.org,0,1,11310,4.053462604925455,3288,784,1000,2504,1,-1,-1,-1,-1,-1,-1,-1,-1,3522,1,1,1,54113,5343,US
667,flickriver.com,0,1,39562,4.5972782386129145,6895,2963,1000,3931,1,-1,-1,-1,-1,-1,-1,-1,-1,6938,1,1,1,14618,7503,US
668,flix360.io,0,1,135683,5.132525437426215,1628,749,1000,879,0,119,1903,125,8,0,1,89,2,-1,-1,-1,1,16509,9513,US
669,flo.net,0,0,-1,-1.0,10730,52,1000,10678,1,586,1541,18,17,0,1,89,2,10956,1,1,1,209242,2625,
670,flokitotogacor.com,0,0,-1,-1.0,699,313,11,385,0,72,1012,206,9,0,1,89,2,1060,1,1,1,16509,9513,US
671,floridapolitics.com,0,1,38489,4.585336627641132,10742,2765,1000,7977,1,358,3115,33,21,0,1,89,8,9667,1,1,1,13335,5790,US
672,flourish.studio,0,1,13251,4.122248653978054,3530,2496,1000,1033,1,454,3655,34,21,0,0,90,4,3654,1,1,1,16509,9513,US
673,flowplayer.com,0,1,15984,4.203685470881907,7006,3146,1000,3860,1,-1,-1,-1,-1,-1,-1,-1,-1,7148,1,1,1,16509,9513,US
674,fluentinsaying.com,0,0,-1,-1.0,1183,53,234,1129,0,-1,-1,-1,-1,-1,-1,-1,-1,9,3,1,1,133618,-1,AU
675,flutter.dev,0,1,15241,4.183013463081929,2644,1718,1000,926,1,754,2655,35,7,1,0,90,5,2686,1,1,1,54113,5343,US
676,fmovies.llc,0,1,189411,5.277405196951203,1539,38,1000,1501,1,60,1564,49,8,0,1,90,2,1590,1,1,1,13335,5790,US
677,fmovies.to,0,1,399635,5.601663516694151,3716,1919,1000,1796,1,235,3719,29,11,0,1,190,2,3465,1,1,1,8447,8643,
678,fnbr.co,0,1,236594,5.374003726767262,2998,22,1000,2975,0,471,3011,29,24,0,1,190,2,-1,-1,-1,1,13335,5790,US
679,fngml.com,0,1,9756,3.989271791641693,2182,16,1000,2165,1,-1,-1,-1,-1,-1,-1,-1,-1,2298,1,1,1,13335,5790,US
680,follow.it,0,1,14328,4.156185572840975,8714,1996,1000,6717,1,3642,2742,23,18,0,1,89,4,-1,-1,-1,1,13335,5790,US
682,fontawesome.com,0,1,622,2.7937903846908188,5087,2491,1000,2596,1,-1,-1,-1,-1,-1,-1,-1,-1,4962,1,1,1,13335,5790,US
683,fontlibrary.org,0,1,46017,4.662918302165862,5431,1826,1000,3605,0,254,3906,26,15,0,1,90,4,5577,1,1,1,63949,-1,SG
684,fontmeme.com,0,1,40128,4.6034475148146035,-1,-1,0,-1,-1,208,3265,28,23,0,1,89,5,5252,1,1,1,13335,5790,US
685,foodfusion.com,0,0,-1,-1.0,9071,72,1000,8998,0,951,3208,22,17,0,1,90,9,8996,1,1,1,63410,4102,US
686,forceusercontent.com,0,1,29989,4.476961984208253,2213,4,1000,2209,1,-1,-1,-1,-1,-1,-1,-1,-1,3082,1,1,1,16509,9513,US
687,forecast7.com,0,1,11616,4.065056603356019,5581,140,1000,5441,0,-1,-1,-1,-1,-1,-1,-1,-1,3737,1,1,1,13335,5790,US
688,forethought.ai,0,1,19348,4.286636078716418,2873,972,1000,1901,1,2599,3028,18,29,0,1,89,3,3078,1,1,1,209242,2625,
689,fortex.ru,0,1,29172,4.464966204890961,9181,67,1000,9113,1,332,3566,45,12,0,0,89,4,-1,-1,-1,1,48166,6420,
690,fortune.com,0,1,1084,3.0350292822023683,10031,9109,1000,921,0,-1,-1,-1,-1,-1,-1,-1,-1,11676,1,1,1,16509,9513,US
691,forums.minecraftforge.net,0,1,29109,4.464027286100384,2164,2050,1000,113,1,-1,-1,-1,-1,-1,-1,-1,-1,5141,1,1,1,13335,5790,US
692,fotostrana.ru,0,1,3658,3.563243701140398,6646,4661,1000,1985,1,-1,-1,-1,-1,-1,-1,-1,-1,-1,-1,-1,1,57724,3823,
693,fouanalytics.com,0,1,29888,4.475496854549999,2059,7,1000,2051,0,-1,-1,-1,-1,-1,-1,-1,-1,2373,1,1,1,13335,5790,US
694,foundationapi.com,0,1,6162,3.7897216939809217,8763,1473,1000,7289,0,-1,-1,-1,-1,-1,-1,-1,-1,8971,1,1,1,13335,5790,US
695,foundryco.com,0,1,95740,4.981093423145929,7248,1075,1000,6172,1,-1,-1,-1,-1,-1,-1,-1,-1,7493,1,1,1,2635,4980,US
696,fr.im,0,1,15287,4.184322265577157,4725,21,1000,4704,0,-1,-1,-1,-1,-1,-1,-1,-1,-1,-1,-1,1,12993,8721,
697,frankfurt.de,0,1,39321,4.5946245541488935,10736,6469,1000,4267,1,2245,7399,22,25,0,1,89,89,-1,-1,-1,1,13335,5790,US
698,freelancehunt.com,0,1,48512,4.685849179615941,7309,1520,1000,5789,1,1082,4788,27,34,0,1,89,3,7502,1,1,1,13335,5790,US
699,freerepublic.com,0,1,15825,4.199343718689393,10742,7665,1000,3077,1,13,6352,211,5,0,0,396,2,10832,1,1,1,63949,-1,SG
700,freexxxhindi.com,0,1,106957,5.02920921304864,1284,65,1000,1218,0,98,1452,30,11,1,1,89,2,1453,1,1,1,13335,5790,US
701,freifunk-stuttgart.de,0,1,20338,4.308308242998225,4791,950,1000,3841,1,106,4071,55,8,0,0,89,1,-1,-1,-1,1,208772,2540,
702,frequencyads.com,0,1,888238,5.948529348929183,3523,70,1000,3452,1,468,2927,22,18,0,1,89,4,3418,1,1,1,209242,2625,
703,freshmarketer.com,0,1,55789,4.746548576890309,5933,132,1000,5800,1,-1,-1,-1,-1,-1,-1,-1,-1,3559,1,1,1,16509,9513,US
704,front.com,0,1,100754,5.003262296931694,10358,1012,1000,9345,1,-1,-1,-1,-1,-1,-1,-1,-1,10099,1,1,1,13335,5790,US
705,frontegg.com,0,1,52188,4.7175706537129605,2351,5,1000,2345,1,-1,-1,-1,-1,-1,-1,-1,-1,2568,1,1,1,16509,9513,US
706,fs.blog,0,1,32602,4.513244243083922,3007,1519,1000,1488,0,-1,-1,-1,-1,-1,-1,-1,-1,3190,1,1,1,13335,5790,US
707,fsastore.com,0,1,58559,4.767593651756107,7631,3531,1000,4100,1,-1,-1,-1,-1,-1,-1,-1,-1,7113,1,1,1,13335,5790,US
708,ftx.com,0,1,53277,4.72653976195565,10348,2026,1000,8321,1,562,2558,21,20,0,1,183,3,9651,1,1,1,16509,9513,US
709,fujoho.jp,0,1,8506,3.9297253783780044,4794,4280,1000,513,1,27,5353,65,3,0,0,396,1,-1,-1,-1,1,16509,9513,US
710,fullcast.jp,0,1,9873,3.994449137014036,7384,2030,1000,5353,1,-1,-1,-1,-1,-1,-1,-1,-1,-1,-1,-1,1,15830,8655,
711,funko.com,0,1,15077,4.1783149348321595,9717,2908,1000,6809,1,2056,4562,26,42,0,1,90,5,10072,1,1,1,13335,5790,US
712,funnyand.com,0,1,241611,5.383116702840447,4692,4,1000,4687,1,134,3655,353,11,0,1,182,3,4678,1,1,1,16509,9513,US
713,funpay.com,0,1,1334,3.12515582958053,9671,87,1000,9584,1,125,5724,39,13,0,1,90,2,6100,1,1,1,209671,2704,
714,fuqiangame.com,0,1,56451,4.751671639629192,1628,98,238,1529,0,10,1991,192,4,0,1,396,2,2165,1,1,1,24429,-1,CN
715,futbol-11.com,0,1,9211,3.9643067823039364,-1,-1,-1,-1,-1,152,3479,30,14,1,1,89,2,1480,1,1,1,13335,5790,US
716,fws.gov,0,1,6474,3.8111726950665545,10715,7505,1000,3209,1,414,6797,30,44,0,1,90,5,10458,1,1,1,20940,8665,
717,fzmovies.net,0,0,-1,-1.0,5154,687,1000,4467,1,394,3713,367,11,0,1,90,2,5191,1,1,0,-1,-1,
718,g5.joysonshops.ru,0,1,141428,5.150535399854569,1533,166,394,1367,1,38,1579,103,5,1,0,89,2,-1,-1,-1,1,51191,5581,
719,gaigu9.tv,0,0,-1,-1.0,1031,20,674,1011,1,173,1072,30,9,0,1,89,2,1255,1,1,1,63949,-1,SG
720,gallery.ru,0,1,44860,4.651859269246949,8820,2947,1000,5872,1,170,3360,487,7,0,1,190,2,-1,-1,-1,0,-1,-1,
721,gamefactory.jp,0,1,22339,4.349063728125951,4660,67,1000,4592,0,247,4795,54,27,0,1,90,2,-1,-1,-1,1,13335,5790,US
722,gamehayvl.io,0,0,-1,-1.0,1677,56,1000,1620,1,363,1693,31,16,0,1,89,2,-1,-1,-1,1,63949,-1,SG
723,garotocomlocal.com.br,0,1,9533,3.9792295930221555,3103,9,1000,3094,1,-1,-1,-1,-1,-1,-1,-1,-1,3341,1,0,1,266444,-1,
724,garyvaynerchuk.com,0,1,56160,4.749427099121749,6791,4340,1000,2450,1,-1,-1,-1,-1,-1,-1,-1,-1,7425,1,1,1,209242,2625,
725,gatekeeperconsent.com,0,1,11754,4.07018568637838,1164,61,1000,1102,0,-1,-1,-1,-1,-1,-1,-1,-1,1170,1,1,1,13335,5790,US
726,gay.bingo,0,1,32165,4.507383555736387,2217,16,1000,2200,1,-1,-1,-1,-1,-1,-1,-1,-1,2256,1,1,1,49981,6014,
727,gayforfans.com,0,1,74161,4.870175577279292,2179,6,1000,2173,1,617,2307,37,19,0,1,89,3,2310,1,1,1,13335,5790,US
728,gazetawroclawska.pl,0,1,19860,4.297979244159363,9345,4171,1000,5173,1,-1,-1,-1,-1,-1,-1,-1,-1,6376,1,1,1,13335,5790,US
729,gbapkpro.com,0,0,-1,-1.0,1109,119,1000,989,1,-1,-1,-1,-1,-1,-1,-1,-1,1131,1,1,1,13335,5790,US
730,gbwhatspro.com,0,0,-1,-1.0,1611,150,1000,1461,1,111,1628,75,9,0,1,89,2,1628,1,1,1,15169,9548,US
731,gcd.com,0,1,300912,5.478439507214546,10027,1010,1000,9016,1,233,7407,18,21,0,1,90,2,11425,1,1,1,209242,2625,
732,gdec-sonec.org,0,0,-1,-1.0,1497,188,1000,1308,1,67,1500,379,6,0,1,89,2,1505,1,1,1,31898,5540,US
733,gdpr.eu,0,1,14879,4.172573743771971,3166,1707,1000,1458,1,191,3209,32,7,0,0,89,2,-1,-1,-1,1,47583,5526,DE
734,geistm.com,0,1,90212,4.955264311235383,4451,875,1000,3576,1,899,3668,27,22,0,1,90,3,4515,1,1,1,31898,5540,US
735,gekso.xyz,0,1,10047,4.002036402259529,2551,40,1000,2510,1,246,3703,47,14,0,1,190,3,2931,1,1,1,13335,5790,US
736,genialne.pl,0,0,-1,-1.0,4601,978,1000,3623,0,224,3103,290,7,0,1,190,11,4914,1,1,1,12827,20594,
737,geniex.com,0,1,10423,4.017992737766433,9069,3,616,9065,1,-1,-1,-1,-1,-1,-1,-1,-1,8064,1,1,1,16509,9513,US
738,geniuslink.com,0,1,28324,4.452154585714663,9211,1974,1000,7237,1,-1,-1,-1,-1,-1,-1,-1,-1,7942,1,1,1,54113,5343,US
739,geozo.com,0,1,102280,5.009790719354298,6559,37,1000,6521,1,-1,-1,-1,-1,-1,-1,-1,-1,5699,1,1,1,60922,1408,
740,gesoten.com,0,1,18166,4.2592593098523635,5052,1753,1000,3299,0,1054,5092,22,41,0,1,89,5,5144,1,1,1,19551,5608,US
741,getcomics.org,0,1,47765,4.679109782081773,3279,459,1000,2819,1,212,3284,29,11,0,1,190,2,3284,1,1,1,13335,5790,US
742,getfirebug.com,0,1,42055,4.623817637311556,7298,5273,1000,2024,0,137,6151,77,9,0,1,90,3,7331,1,1,1,16509,9513,US
743,getjobber.com,0,1,5339,3.7274599208579087,5351,1268,1000,4082,1,-1,-1,-1,-1,-1,-1,-1,-1,5462,1,1,1,13335,5790,US
744,getpaint.net,0,1,21828,4.339013945111108,8883,4556,1000,4326,1,220,3766,46,20,0,0,89,11,7246,1,1,1,46606,6418,US
745,geysermc.org,0,1,28711,4.45804831917427,2322,3,1000,2319,1,-1,-1,-1,-1,-1,-1,-1,-1,2485,1,1,1,13335,5790,US
746,gg.deals,0,1,36722,4.5649263262685915,2842,1098,1000,1744,0,-1,-1,-1,-1,-1,-1,-1,-1,3348,1,1,1,13335,5790,US
747,ggstandoff.app,0,0,-1,-1.0,1629,138,1000,1491,0,-1,-1,-1,-1,-1,-1,-1,-1,1714,1,1,1,13335,5790,US
748,gist.build,0,1,4453,3.648652695131223,2140,6,1000,2133,0,-1,-1,-1,-1,-1,-1,-1,-1,2376,1,1,1,13335,5790,US
749,github.com,0,1,29,1.462397997898956,6580,5046,1000,1533,1,1026,6370,35,33,0,1,347,4,6798,1,1,1,36459,4937,US
750,global.abb,0,1,57597,4.7603998633298765,2111,1660,1000,450,1,-1,-1,-1,-1,-1,-1,-1,-1,2421,1,1,1,54113,5343,US
751,global.com,0,1,19927,4.299441920802092,10320,2955,1000,7364,1,-1,-1,-1,-1,-1,-1,-1,-1,11673,1,1,1,13335,5790,US
752,global.smart.com,0,1,24884,4.395920192670632,1349,216,1000,1132,1,9,1380,40,4,0,0,394,1,10794,1,1,1,16509,9513,US
753,globalpoker.com,0,1,37692,4.57624918244613,6035,13,1000,6021,1,-1,-1,-1,-1,-1,-1,-1,-1,10387,1,1,1,16509,9513,US
754,glossgenius.com,0,1,25079,4.399310215446545,3833,541,1000,3292,0,-1,-1,-1,-1,-1,-1,-1,-1,3864,1,1,1,16509,9513,US
755,gls-group.eu,0,1,27589,4.440735959183332,6900,2761,1000,4139,1,-1,-1,-1,-1,-1,-1,-1,-1,-1,-1,-1,1,60254,4653,
756,gnzs.ru,0,1,63829,4.805018040452304,3090,26,1000,3063,0,-1,-1,-1,-1,-1,-1,-1,-1,-1,-1,-1,1,57724,3823,
757,go.wepay.com,0,1,105018,5.02126374317181,3820,1991,1000,1829,1,22,3852,167,3,0,0,386,2,10028,1,1,1,54113,5343,US
758,goaffpro.com,0,1,27251,4.4353824437324185,2551,526,1000,2024,1,-1,-1,-1,-1,-1,-1,-1,-1,2652,1,1,1,13335,5790,US
759,gocity.com,0,1,56207,4.7497904058192635,9977,20,1000,9957,1,-1,-1,-1,-1,-1,-1,-1,-1,7910,1,1,1,13335,5790,US
760,goftani.net,0,0,-1,-1.0,1466,92,1000,1374,1,-1,-1,-1,-1,-1,-1,-1,-1,1535,1,1,1,202468,2933,
761,gohitv.com,0,1,544879,5.736300070227715,1491,73,1000,1418,1,-1,-1,-1,-1,-1,-1,-1,-1,1637,1,1,0,-1,-1,
762,goindian.net,0,1,84038,4.924475708187754,1316,16,1000,1299,1,-1,-1,-1,-1,-1,-1,-1,-1,1334,1,1,1,13335,5790,US
763,goldenmatka.com,0,0,-1,-1.0,4066,467,1000,3598,1,-1,-1,-1,-1,-1,-1,-1,-1,4500,1,1,1,22611,4948,US
764,golsarmusic.ir,0,1,627973,5.797940971439283,3029,95,1000,2934,1,755,3068,18,12,0,1,89,8,-1,-1,-1,0,-1,-1,
765,goo.su,0,1,17335,4.2389238459924155,5960,33,1000,5927,1,203,3269,27,18,0,1,89,2,-1,-1,-1,1,29182,8367,
766,goodmenproject.com,0,1,28937,4.461453504288872,6020,3655,1000,2364,1,-1,-1,-1,-1,-1,-1,-1,-1,6183,1,1,1,13335,5790,US
767,gordonua.com,0,1,34978,4.543794973416078,4554,3076,1000,1477,0,450,3214,27,22,0,1,89,7,4801,1,1,1,13335,5790,US
768,gorodovoy.ru,0,1,26731,4.427015205907992,8036,999,1000,7036,1,49,2443,188,7,0,1,89,4,-1,-1,-1,1,57724,3823,
769,gotranscript.com,0,1,56822,4.754516515794476,3832,2,1000,3830,1,390,3731,38,21,0,1,90,12,3840,1,1,1,14618,7503,US
770,gov-online.go.jp,0,1,24326,4.386070702406175,8759,1731,1000,7028,1,51,3159,212,12,0,1,394,2,-1,-1,-1,1,16509,9513,US
771,govsalaries.com,0,1,52476,4.719960723392481,2844,943,1000,1901,0,269,2507,33,19,0,1,89,11,2506,1,1,1,13335,5790,US
772,gp4f.com,0,1,19974,4.300465045540311,6501,66,1000,6435,1,307,4104,114,14,0,1,90,3,4551,1,1,1,16509,9513,US
773,granbluefantasy.jp,0,1,1466,3.166133970305109,4456,719,1000,3737,1,232,4327,37,20,0,1,394,4,-1,-1,-1,1,16509,9513,US
774,graphql.org,0,1,37070,4.569022586029564,3898,2442,1000,1456,1,2907,3009,38,17,0,1,89,6,4142,1,1,1,13335,5790,US
775,graphviz.org,0,1,31411,4.49708176280948,9408,4466,1000,4942,1,580,3151,26,17,0,1,89,2,9834,1,1,1,396982,2836,US
776,gravitec.net,0,1,22322,4.348733103798286,4511,65,1000,4446,1,-1,-1,-1,-1,-1,-1,-1,-1,3775,1,1,1,16509,9513,US
777,graziamagazine.ru,0,1,519396,5.715498600694484,6939,1996,1000,4942,1,-1,-1,-1,-1,-1,-1,-1,-1,-1,-1,-1,1,200350,2849,
778,grena.ge,0,1,30114,4.4787684460657005,8842,26,1000,8816,1,4305,5176,250,23,0,1,89,9,-1,-1,-1,1,20545,8797,
779,grizzlyapps.com,0,1,32402,4.510571817680582,6714,66,1000,6648,0,-1,-1,-1,-1,-1,-1,-1,-1,4074,1,1,1,16509,9513,US
780,groupebpce.com,0,1,103911,5.016661524327468,2581,1445,1000,1136,1,2132,2596,22,27,0,1,156,7,6293,1,1,1,213466,469,
781,groupsor.link,0,1,68913,4.838301156533263,2273,87,1000,2185,0,-1,-1,-1,-1,-1,-1,-1,-1,2275,1,1,1,13335,5790,US
782,grow.google,0,1,15431,4.188394071261428,3142,1711,1000,1430,1,4000,3155,231,10,0,1,83,3,3164,1,1,1,15169,9548,US
783,gsis.gr,0,1,8515,3.9301846522986197,7933,3565,1000,4367,1,207,6286,36,17,0,1,90,2,-1,-1,-1,1,6799,20594,
784,gta5rp.com,0,1,23335,4.368007805221175,4535,6,1000,4528,1,-1,-1,-1,-1,-1,-1,-1,-1,3848,1,1,1,13335,5790,US
785,guard.io,0,1,3083,3.488973524726508,4345,11,1000,4333,0,-1,-1,-1,-1,-1,-1,-1,-1,-1,-1,-1,1,396982,2836,US
786,gubagoo.io,0,1,29031,4.462861995769737,3276,112,1000,3163,0,-1,-1,-1,-1,-1,-1,-1,-1,-1,-1,-1,1,14618,7503,US
787,gunadarma.ac.id,0,1,42252,4.625847271117809,10032,4543,1000,5488,1,1690,5935,2018,9,0,1,90,28,10220,1,1,1,64315,-1,ID
788,gusto.com,0,1,16020,4.204662511748219,10337,5189,1000,5148,1,-1,-1,-1,-1,-1,-1,-1,-1,11229,1,1,1,13335,5790,US
789,h-vpn.org,0,1,237381,5.375445955034004,2106,71,1000,2034,1,-1,-1,-1,-1,-1,-1,-1,-1,2927,1,1,1,14618,7503,US
790,haberlerankara.com,0,1,997482,5.99890506739517,4522,73,1000,4449,1,-1,-1,-1,-1,-1,-1,-1,-1,4548,1,1,1,13335,5790,US
791,hackle.io,0,1,39537,4.5970037127046455,1909,71,1000,1837,1,-1,-1,-1,-1,-1,-1,-1,-1,-1,-1,-1,1,16509,9513,US
792,hackmd.io,0,1,10975,4.040404528914159,3959,1415,1000,2544,1,-1,-1,-1,-1,-1,-1,-1,-1,-1,-1,-1,1,16509,9513,US
793,haiwaikan.com,0,0,-1,-1.0,2844,272,1000,2571,0,-1,-1,-1,-1,-1,-1,-1,-1,1309,1,1,1,63949,-1,SG
794,hajijatim.id,0,0,-1,-1.0,2621,99,1000,2521,1,-1,-1,-1,-1,-1,-1,-1,-1,317,2,1,1,13335,5790,US
795,handle.net,0,1,4279,3.6313422864839326,10187,1916,1000,8271,1,-1,-1,-1,-1,-1,-1,-1,-1,10996,1,1,1,13335,5790,US
796,haokan.mobi,0,1,22798,4.357896749322294,6762,279,1000,6482,1,-1,-1,-1,-1,-1,-1,-1,-1,4004,1,1,1,13335,5790,US
797,happyhunde.de,0,0,-1,-1.0,8505,68,1000,8436,1,-1,-1,-1,-1,-1,-1,-1,-1,-1,-1,-1,1,13335,5790,US
798,harpers.org,0,1,17461,4.24206911233894,10742,7244,1000,3498,1,1122,5789,31,31,0,1,89,2,11094,1,1,1,13335,5790,US
799,harri.com,0,1,26610,4.425044874551388,9154,8,1000,9145,1,1187,4136,23,27,0,1,90,6,9367,1,1,1,14618,7503,US
800,hashnode.com,0,1,17428,4.241247551263716,5581,1905,1000,3676,1,2393,3814,18,33,0,1,89,2,4066,1,1,1,13335,5790,US
801,havadurumu15gunluk.xyz,0,1,9568,3.980821166644336,4053,71,1000,3982,1,-1,-1,-1,-1,-1,-1,-1,-1,4121,1,1,1,42807,6389,
802,havenlife.com,0,1,153195,5.185244590963389,8147,712,1000,7435,1,-1,-1,-1,-1,-1,-1,-1,-1,4947,1,1,1,16509,9513,US
803,hd-kinogo.co,0,1,113954,5.056729574338142,3273,139,1000,3134,1,-1,-1,-1,-1,-1,-1,-1,-1,-1,-1,-1,1,13335,5790,US
804,hdhub4u.fan,0,0,-1,-1.0,1020,281,1000,739,1,-1,-1,-1,-1,-1,-1,-1,-1,1020,1,1,1,63949,-1,SG
806,hdmovie2.blog,0,0,-1,-1.0,1015,300,1000,715,1,-1,-1,-1,-1,-1,-1,-1,-1,1018,1,1,1,63949,-1,SG
807,hdqwalls.com,0,1,32874,4.516852550818354,3774,2438,1000,1335,1,-1,-1,-1,-1,-1,-1,-1,-1,3903,1,1,1,13335,5790,US
808,hdtelugusex.com,0,1,91891,4.963272977743656,1813,70,1000,1742,1,-1,-1,-1,-1,-1,-1,-1,-1,2058,1,1,1,13335,5790,US
809,hdtoday.tv,0,1,275526,5.440162587303028,1710,12,1000,1698,0,-1,-1,-1,-1,-1,-1,-1,-1,1719,1,1,1,13335,5790,US
810,healthcare.ascension.org,0,1,26812,4.428329210721689,3247,2158,1000,1088,1,144,3262,36,12,0,0,89,2,8810,1,1,1,54113,5343,US
811,heavy.com,0,1,10606,4.025551622782544,10742,7308,1000,3434,1,-1,-1,-1,-1,-1,-1,-1,-1,10102,1,1,1,2635,4980,US
812,helloyo.sg,0,1,97345,4.988313649454653,2590,13,1000,2577,1,-1,-1,-1,-1,-1,-1,-1,-1,3137,1,1,1,10122,-1,SG
813,help.quora.com,0,1,455,2.6580113966571126,-1,-1,0,-1,-1,-1,-1,-1,-1,-1,-1,-1,-1,9548,1,1,1,209242,2625,
814,hentaifox.com,0,1,7321,3.86457040685343,6060,1175,1000,4885,1,304,3380,30,21,0,1,130,5,5304,1,1,1,13335,5790,US
815,hentailib.me,0,1,50647,4.704553725668024,2008,1,1000,2006,1,126,2418,36,13,0,1,89,2,-1,-1,-1,1,13335,5790,US
816,hentaiteca.net,0,0,-1,-1.0,1555,189,1000,1365,1,130,1592,125,9,0,1,89,2,1595,1,1,0,-1,-1,
817,heraldcorp.com,0,1,29049,4.463131186572924,5024,3857,1000,1167,1,101,5000,129,8,0,1,90,2,5098,1,1,1,135354,-1,SG
818,herminahospitals.com,0,1,238678,5.377812390020884,2835,137,1000,2697,1,1129,3023,24,24,0,1,89,17,3155,1,1,1,16509,9513,US
819,herominers.com,0,1,36789,4.565717982982409,2966,70,1000,2895,0,4947,2971,1614,3,0,1,90,15,2973,1,1,1,12876,8759,
820,hexagon.com,0,1,19455,4.2890312351397615,9346,3435,1000,5911,1,-1,-1,-1,-1,-1,-1,-1,-1,11956,1,1,1,13335,5790,US
821,hhhkungfu.tv,0,0,-1,-1.0,1579,201,1000,1378,1,-1,-1,-1,-1,-1,-1,-1,-1,84,2,1,0,-1,-1,
822,hifixxx.fun,0,0,-1,-1.0,1703,988,1000,715,0,-1,-1,-1,-1,-1,-1,-1,-1,-1,-1,-1,1,63949,-1,SG
823,hily.com,0,1,36038,4.556760680945611,9220,10,1000,9209,1,-1,-1,-1,-1,-1,-1,-1,-1,3544,1,1,1,16509,9513,US
824,hinative.com,0,1,25031,4.398478200219755,4693,58,1000,4634,1,-1,-1,-1,-1,-1,-1,-1,-1,4594,1,1,1,13335,5790,US
825,hindicouplesex.com,0,1,703942,5.84753687772503,1803,71,1000,1732,1,-1,-1,-1,-1,-1,-1,-1,-1,1848,1,1,1,13335,5790,US
826,hindmoviez.one,0,0,-1,-1.0,1016,315,1000,700,1,-1,-1,-1,-1,-1,-1,-1,-1,-1,-1,-1,0,-1,-1,
827,hipages.com.au,0,1,36594,4.563409883741345,7936,2470,1000,5466,1,-1,-1,-1,-1,-1,-1,-1,-1,-1,-1,-1,1,16509,9513,US
828,hipertextual.com,0,1,31687,4.500881123850455,7587,3980,1000,3607,1,1149,5108,27,36,0,1,89,5,7646,1,1,1,2635,4980,US
829,his.com,0,1,32567,4.512777754160414,10735,8218,1000,2517,1,-1,-1,-1,-1,-1,-1,-1,-1,12127,1,1,1,701,13075,US
830,hitbtc.com,0,1,83588,4.922143934043656,4746,2190,1000,2556,0,-1,-1,-1,-1,-1,-1,-1,-1,5348,1,1,1,13335,5790,US
831,hlebo.com,0,1,86107,4.935038458512891,3510,41,1000,3469,1,-1,-1,-1,-1,-1,-1,-1,-1,3514,1,1,1,13335,5790,US
832,hmgroup.com,0,1,18030,4.255995726722402,8700,30,1000,8669,1,-1,-1,-1,-1,-1,-1,-1,-1,7776,1,1,1,16625,9487,US
833,hoff.ru,0,1,28543,4.455499617516323,6048,1995,1000,4052,1,-1,-1,-1,-1,-1,-1,-1,-1,-1,-1,-1,1,51115,5830,
834,hoki99slot.azurefd.net,0,1,156,2.1931245983544616,990,418,16,571,0,0,-1,-1,0,-1,-1,-1,-1,2934,1,1,1,8075,10643,US
835,home-ip.tv,0,1,163191,5.21269620369409,5966,330,1000,5636,1,46,4381,64,9,0,1,89,3,6194,1,1,1,3285,3843,
836,home.miui.com,0,1,240,2.380211241711606,2214,1010,1000,1204,1,-1,-1,-1,-1,-1,-1,-1,-1,8932,1,1,1,20940,8665,
837,homeseer.com,0,1,99729,4.998821464315937,9716,2556,1000,7160,1,-1,-1,-1,-1,-1,-1,-1,-1,9940,1,1,1,47583,5526,DE
838,hookeepr.com,0,1,618930,5.791641533781347,2844,54,1000,2790,0,-1,-1,-1,-1,-1,-1,-1,-1,1919,1,1,1,13335,5790,US
839,hookupmentor.org,0,1,975854,5.989384846624312,1672,57,1000,1615,1,-1,-1,-1,-1,-1,-1,-1,-1,1782,1,1,1,13335,5790,US
840,hookupplan.com,0,1,976749,5.989782975264414,3945,70,1000,3875,0,-1,-1,-1,-1,-1,-1,-1,-1,1783,1,1,1,13335,5790,US
841,hookupranking.com,0,1,890650,5.949707072239809,1675,57,1000,1617,1,-1,-1,-1,-1,-1,-1,-1,-1,1782,1,1,1,13335,5790,US
842,hope.edu,0,1,57936,4.762948507472936,10788,4984,1000,5803,1,-1,-1,-1,-1,-1,-1,-1,-1,-1,-1,-1,1,14618,7503,US
843,hostglobal.plus,0,1,108476,5.035333662419411,3456,55,1000,3400,1,334,3670,28,14,0,1,89,2,3669,1,1,1,202306,2905,
844,hostry.com,0,1,57749,4.761544468248302,9094,36,1000,9058,0,4447,2837,506,15,0,1,89,24,3792,1,1,1,35415,7595,
845,hostsailor.com,0,1,30073,4.478176754287997,5165,15,1000,5149,1,-1,-1,-1,-1,-1,-1,-1,-1,5583,1,1,1,13335,5790,US
846,hostsevenplus.com,0,1,36622,4.563742058295707,5309,69,1000,5240,1,-1,-1,-1,-1,-1,-1,-1,-1,5314,1,1,1,63949,-1,SG
847,hot-hard-porn.com,0,1,472648,5.674537824525668,8920,75,1000,8845,1,-1,-1,-1,-1,-1,-1,-1,-1,6615,1,1,1,13335,5790,US
848,hotmoza.tv,0,1,126094,5.100694421792064,3008,18,1000,2989,0,-1,-1,-1,-1,-1,-1,-1,-1,3045,1,1,1,13335,5790,US
849,hotzxgirl.com,0,1,57209,4.757464356465588,1804,16,1000,1788,1,-1,-1,-1,-1,-1,-1,-1,-1,1810,1,1,1,206264,3374,
850,houston.culturemap.com,0,1,33238,4.521634883490663,5546,1316,1000,4229,1,-1,-1,-1,-1,-1,-1,-1,-1,7052,1,1,1,54113,5343,US
851,houstontx.gov,0,1,29477,4.469483281434522,8180,4873,1000,3307,1,1022,6708,23,34,0,1,378,9,8206,1,1,1,32457,448,US
852,howard.edu,0,1,28135,4.449246919490012,10387,6506,1000,3880,1,2618,7071,22,53,0,1,89,14,-1,-1,-1,1,14618,7503,US
853,hromadske.ua,0,1,37051,4.568799934005525,3658,3084,1000,573,1,348,3658,35,25,0,1,89,2,3676,1,1,1,13335,5790,US
854,hub.biz,0,1,39461,4.596168086718986,8301,56,1000,8244,1,489,5236,26,28,0,1,90,2,8821,1,1,1,701,13075,US
855,hunan.gov.cn,0,1,19656,4.2934951434720245,9239,2378,1000,6860,1,385,4347,33,58,0,1,365,3,-1,-1,-1,1,4134,-1,CN
856,huorong.cn,0,1,21894,4.340325113748292,5117,1209,1000,3908,1,467,3659,24,11,0,0,90,2,-1,-1,-1,1,37963,-1,CN
857,hurawatch.cc,0,1,94291,4.974470241657053,1627,3,1000,1623,0,-1,-1,-1,-1,-1,-1,-1,-1,1750,1,1,1,13335,5790,US
858,hvosting.ua,0,1,13939,4.144231618090547,6796,2271,1000,4525,1,-1,-1,-1,-1,-1,-1,-1,-1,6880,1,1,1,43773,6811,
859,hvylya.net,0,1,123728,5.092467992833974,5613,2497,1000,3116,1,-1,-1,-1,-1,-1,-1,-1,-1,6274,1,1,1,13335,5790,US
860,hypebeast.com,0,1,11677,4.067331280208168,7774,5334,1000,2439,1,1403,5186,22,25,0,1,326,26,7793,1,1,1,16509,9513,US
861,hypixel.net,0,1,12816,4.107752498740163,4989,2750,1000,2239,1,738,4413,24,28,0,1,90,4,5086,1,1,1,13335,5790,US
862,i-free.com,0,1,497300,5.696618459232225,8935,69,1000,8866,1,201,6068,61,9,0,1,89,2,8283,1,1,1,57724,3823,
863,i-trailer.ru,0,1,16685,4.222326210990811,3713,70,1000,3643,1,442,3503,89,12,0,1,190,2,-1,-1,-1,1,29182,8367,
864,i.pl,0,1,86755,4.9382945141238155,9886,1139,1000,8746,1,-1,-1,-1,-1,-1,-1,-1,-1,10025,1,1,1,13335,5790,US
865,iac.es,0,1,36562,4.563029944315808,10389,2654,1000,7734,1,-1,-1,-1,-1,-1,-1,-1,-1,-1,-1,-1,1,766,8647,
866,iau.ir,0,1,48369,4.684567108703914,8636,1041,1000,7595,1,-1,-1,-1,-1,-1,-1,-1,-1,-1,-1,-1,1,205585,1491,
867,iberia.k12.la.us,0,0,-1,-1.0,9180,80,1000,9100,1,164,6202,83,10,0,1,90,4,-1,-1,-1,0,-1,-1,
868,ibo.org,0,1,22659,4.35524073941683,10389,4726,1000,5662,1,-1,-1,-1,-1,-1,-1,-1,-1,11063,1,1,1,13335,5790,US
869,icalendars.app,0,1,79530,4.900530982452755,1625,12,425,1613,0,366,1904,24,14,0,1,90,2,2003,1,1,1,396982,2836,US
870,icon-icons.com,0,1,63878,4.805351310056281,4374,3,1000,4370,1,230,3182,22,18,0,1,89,2,4520,1,1,1,13335,5790,US
871,iconify.design,0,1,10307,4.0131322760460035,2726,1263,1000,1462,0,-1,-1,-1,-1,-1,-1,-1,-1,2773,1,1,1,13335,5790,US
872,icu-project.org,0,1,48569,4.6863591617610165,7523,749,1000,6773,1,-1,-1,-1,-1,-1,-1,-1,-1,8982,1,1,1,54489,5195,US
873,ifconfig.me,0,1,2961,3.471438407389299,5870,650,1000,5219,1,205,2736,59,9,0,1,89,2,-1,-1,-1,1,396982,2836,US
874,ifdesign.com,0,1,34903,4.5428627572586375,8349,29,1000,8319,0,460,1644,29,10,0,0,89,10,11180,1,1,1,8075,10643,US
875,iframe.ly,0,1,16607,4.220291185665156,5206,2160,1000,3045,1,112,4902,33,11,0,1,89,2,5209,1,1,1,16509,9513,US
876,igdownloader.app,0,0,-1,-1.0,1842,561,1000,1280,0,88,2528,589,10,0,1,90,2,1390,1,1,0,-1,-1,
877,ignitetech.com,0,1,456319,5.659268552102413,8583,1465,1000,7118,1,1377,5993,30,30,0,1,89,17,7887,1,1,1,14618,7503,US
879,ikeepapps.com,0,1,104280,5.018201022496291,2230,75,630,2154,1,1276,2372,238,6,0,0,89,3,164,2,1,1,396982,2836,US
880,ilex.by,0,1,15929,4.202188512266052,3273,354,1000,2919,0,-1,-1,-1,-1,-1,-1,-1,-1,-1,-1,-1,1,202090,4423,
881,illinoisstate.edu,0,1,21219,4.32672491280211,9346,4084,1000,5262,1,-1,-1,-1,-1,-1,-1,-1,-1,-1,-1,-1,1,7386,10768,US
882,ilya.grigorik.com,0,1,6510,3.8135809885681917,1283,13,1000,1270,1,54,1441,30,4,0,0,90,1,8102,1,1,1,54113,5343,US
883,imagekit.io,0,1,10645,4.027145665774341,3287,740,1000,2546,0,-1,-1,-1,-1,-1,-1,-1,-1,-1,-1,-1,1,16509,9513,US
884,imageshack.com,0,1,4390,3.6424645202421213,9465,4471,1000,4994,1,128,4794,51,12,0,1,89,2,8683,1,1,1,36323,7478,US
886,imblogs.net,0,1,35410,4.549125926758111,7514,19,1000,7494,1,72,1813,21,6,0,1,90,2,3184,1,1,1,13335,5790,US
887,imgbb.com,0,1,12213,4.086822357099062,6734,3270,1000,3463,1,138,3751,40,10,0,1,89,4,4184,1,1,1,16276,20594,
888,imgflip.com,0,1,8749,3.9419584165308135,6549,3223,1000,3326,1,263,4574,25,22,0,1,90,2,5440,1,1,1,13335,5790,US
889,impact.com,0,1,4949,3.694517453811156,10452,2388,1000,8063,1,4887,3033,33,36,0,1,90,9,12390,1,1,1,13335,5790,US
890,impel.io,0,1,23686,4.374491724943816,4386,77,1000,4309,1,527,3010,34,20,0,1,90,2,-1,-1,-1,1,13335,5790,US
891,improvedigital.com,0,1,56677,4.753406854314892,6419,3100,1000,3318,1,175,5840,36,21,0,1,258,2,6770,1,1,1,16509,9513,US
892,imweb.me,0,1,14126,4.150019201915149,5654,17,1000,5637,1,318,3661,24,23,0,1,96,2,-1,-1,-1,1,16509,9513,US
893,in-berlin.de,0,1,27283,4.435892123015654,10787,31,1000,10756,1,172,5258,27,8,0,0,90,1,-1,-1,-1,1,29670,8231,
894,indapass.hu,0,1,43018,4.633650215229622,6611,1173,1000,5437,0,-1,-1,-1,-1,-1,-1,-1,-1,-1,-1,-1,1,42371,1881,
895,index.hu,0,1,2959,3.471144965160633,9408,6761,1000,2647,1,-1,-1,-1,-1,-1,-1,-1,-1,-1,-1,-1,1,42371,1881,
896,indianexpress.com,0,1,2717,3.4340896384178907,8702,7024,1000,1677,1,-1,-1,-1,-1,-1,-1,-1,-1,8766,1,1,1,16625,9487,US
897,indigitall-cdn.com,0,1,82730,4.917663024327375,2280,136,88,2143,0,-1,-1,-1,-1,-1,-1,-1,-1,2296,1,1,1,13335,5790,US
898,indrive.com,0,1,29165,4.464861980766035,9296,969,1000,8326,1,-1,-1,-1,-1,-1,-1,-1,-1,10270,1,1,1,16509,9513,US
899,infillion.com,0,0,-1,-1.0,8368,52,1000,8316,1,836,1570,20,22,0,1,89,6,4336,1,1,1,396982,2836,US
900,influence.co,0,1,47168,4.673647461842939,4711,1414,1000,3296,0,-1,-1,-1,-1,-1,-1,-1,-1,-1,-1,-1,1,13335,5790,US
901,influitive.com,0,1,129328,5.1116925614544755,5716,1946,1000,3769,1,2040,4865,20,23,0,1,89,2,5763,1,1,1,209242,2625,
902,infostart.ru,0,1,36538,4.562744771458347,9219,22,1000,9196,1,851,4357,23,16,0,1,89,6,-1,-1,-1,1,49505,6180,
903,ingenico.com,0,1,24893,4.3960772391129534,10743,2240,1000,8503,1,-1,-1,-1,-1,-1,-1,-1,-1,10017,1,1,1,13335,5790,US
904,inhabitat.com,0,1,15760,4.197556213153536,7676,5583,1000,2092,1,312,6607,37,16,0,1,190,2,9489,1,1,1,13335,5790,US
905,innity.com,0,1,38470,4.5851221863068155,9296,3055,1000,6240,1,134,6183,29,17,0,1,90,2,9474,1,1,1,36351,7465,US
906,inosmi.ru,0,1,20515,4.312071521302931,9136,5721,1000,3414,1,-1,-1,-1,-1,-1,-1,-1,-1,-1,-1,-1,1,57352,5341,
907,instabridge.com,0,1,23164,4.364813556261336,4913,5,1000,4907,1,-1,-1,-1,-1,-1,-1,-1,-1,5363,1,1,1,13335,5790,US
908,instavideosave.net,0,0,-1,-1.0,2060,524,1000,1535,1,-1,-1,-1,-1,-1,-1,-1,-1,2060,1,1,0,-1,-1,
909,instradns.com,0,1,26278,4.419592308299585,6963,335,939,6627,0,90,3471,74,5,0,0,90,8,7303,1,1,1,16509,9513,US
910,interbrand.com,0,1,48492,4.685670096490273,10352,5587,1000,4765,1,399,6547,26,28,0,1,89,3,11132,1,1,1,209242,2625,
911,interhost.co.il,0,1,38149,4.581483158275855,7407,766,1000,6640,1,3724,5637,24,23,0,1,89,8,-1,-1,-1,1,13335,5790,US
912,internetworldstats.com,0,1,37576,4.574910547175192,8634,5335,1000,3299,1,-1,-1,-1,-1,-1,-1,-1,-1,8822,1,1,1,61969,4423,
913,internic.at,0,1,17471,4.242317763715195,10028,3728,1000,6299,1,838,6820,23,21,0,1,89,2,-1,-1,-1,1,12401,20594,
914,internshala.com,0,1,14981,4.175540804016768,5587,1706,1000,3880,0,1054,3634,28,16,0,1,89,10,5621,1,1,1,16509,9513,US
915,inthesetimes.com,0,1,30794,4.4884661054376895,10739,7071,1000,3667,1,-1,-1,-1,-1,-1,-1,-1,-1,11183,1,1,1,13335,5790,US
916,intools.dev,0,1,36166,4.558300477962864,1625,436,61,1189,0,-1,-1,-1,-1,-1,-1,-1,-1,1994,1,1,1,16509,9513,US
917,invencocloud.com,0,1,29054,4.4632059321941435,3286,313,298,2972,0,-1,-1,-1,-1,-1,-1,-1,-1,3619,1,1,1,16509,9513,US
918,inventos.ru,0,1,16621,4.22065714949725,6265,120,1000,6144,1,-1,-1,-1,-1,-1,-1,-1,-1,-1,-1,-1,1,57724,3823,
919,investidor10.com.br,0,1,20694,4.3158444447510345,2282,5,1000,2277,1,-1,-1,-1,-1,-1,-1,-1,-1,2289,1,0,1,13335,5790,US
920,investis.com,0,1,20852,4.319147716254982,9408,2571,1000,6836,1,3320,6194,353,45,0,1,90,21,9665,1,1,1,16509,9513,US
921,investorplace.com,0,1,34845,4.542140468855917,9977,4552,1000,5425,1,968,6002,28,46,0,1,90,46,10146,1,1,1,13335,5790,US
922,investro1.com,0,0,-1,-1.0,1241,167,1000,1074,1,-1,-1,-1,-1,-1,-1,-1,-1,282,2,1,1,209101,366,
923,ionicframework.com,0,1,15611,4.193430723726846,4614,2892,1000,1721,1,-1,-1,-1,-1,-1,-1,-1,-1,4643,1,1,1,13335,5790,US
924,ip138.com,0,1,14841,4.171463165083844,8034,6311,1000,1722,1,-1,-1,-1,-1,-1,-1,-1,-1,8067,1,1,1,54994,1134,CA
925,ipapi.co,0,1,3902,3.591287265058499,-1,-1,0,-1,-1,-1,-1,-1,-1,-1,-1,-1,-1,-1,-1,-1,1,13335,5790,US
926,ipchain.ru,0,1,198382,5.297502264313567,3310,400,1000,2910,1,-1,-1,-1,-1,-1,-1,-1,-1,-1,-1,-1,1,8985,20594,
927,ipinfo.info,0,1,114099,5.057281838139643,7948,167,1000,7780,1,-1,-1,-1,-1,-1,-1,-1,-1,7971,1,1,1,13335,5790,US
928,ipipe.ru,0,1,43691,4.640391984959323,7501,48,1000,7452,0,1988,7035,25,11,0,1,89,6,-1,-1,-1,1,12695,8688,
929,iporntv.net,0,1,1553,3.1911714557285586,5322,651,1000,4671,1,1358,3496,31,27,0,1,89,2,5389,1,1,1,13335,5790,US
930,ipstack.com,0,1,24343,4.386374099085483,8935,2574,1000,6361,1,-1,-1,-1,-1,-1,-1,-1,-1,8945,1,1,1,13335,5790,US
931,iptvportal.ru,0,1,21814,4.338735308799518,5520,73,1000,5446,1,241,3457,19,10,1,1,89,8,-1,-1,-1,1,198068,5354,
932,ipvideotalk.com,0,1,32001,4.505163549810412,6124,26,1000,6098,1,81,3900,22,13,0,1,90,2,6376,1,1,1,16509,9513,US
933,iqoption.com,0,1,17316,4.238447577141119,4654,1510,1000,3144,1,-1,-1,-1,-1,-1,-1,-1,-1,4788,1,1,1,203976,1409,
934,ir.bankbsi.co.id,0,1,32474,4.511535786344954,1674,65,1000,1609,1,-1,-1,-1,-1,-1,-1,-1,-1,2015,1,1,1,19551,5608,US
935,irdeto.com,0,1,10436,4.018534070428183,10358,1353,1000,9004,1,4976,5967,1714,23,0,1,90,21,10695,1,1,1,209242,2625,
936,is.gd,0,1,3463,3.539452491549461,6612,4499,1000,2113,1,-1,-1,-1,-1,-1,-1,-1,-1,6826,1,1,1,13335,5790,US
937,islonline.net,0,1,9943,3.997517439414725,6657,37,1000,6619,1,-1,-1,-1,-1,-1,-1,-1,-1,6887,1,1,1,204644,211,
938,ispsystem.com,0,1,19015,4.279096329747602,9216,2329,1000,6887,1,2009,7114,24,36,0,1,89,7,9456,1,1,1,24940,8753,
939,iste.org,0,1,47901,4.680344580010567,10577,6242,1000,4334,1,788,7647,22,42,0,1,89,3,10905,1,1,1,14618,7503,US
940,itce.ru,0,1,78009,4.892144710701447,7077,126,1000,6951,1,135,4280,45,12,0,1,90,9,-1,-1,-1,1,50911,5875,
941,iterable.com,0,1,3268,3.514282047860378,6775,1381,1000,5393,1,1656,4635,21,38,0,1,90,8,5257,1,1,1,54113,5343,US
942,iterm2.com,0,1,37199,4.570531265142131,5499,2263,1000,3236,1,276,4323,35,13,0,1,89,2,5615,1,1,1,13335,5790,US
943,ithotline.ru,0,1,266765,5.426128848842804,6350,103,1000,6246,1,302,2521,24,11,0,1,89,3,-1,-1,-1,1,198610,5078,
944,itmo.ru,0,1,25493,4.406420945974621,8871,1384,1000,7486,1,-1,-1,-1,-1,-1,-1,-1,-1,-1,-1,-1,1,200350,2849,
945,itsthevibe.com,0,0,-1,-1.0,-1,-1,0,-1,-1,268,3719,35,21,0,1,89,2,3881,1,1,1,13335,5790,US
946,itwire.com,0,1,55747,4.746221500984734,8275,2608,1000,5666,1,711,6576,18,26,0,1,89,8,9096,1,1,1,13335,5790,US
947,iucn.org,0,1,8672,3.9381192691943117,10736,6522,1000,4214,1,1130,7014,24,32,0,1,89,6,11044,1,1,1,13335,5790,US
948,ivideosmart.com,0,1,285974,5.456326550017792,3282,399,1000,2883,1,209,3264,46,14,0,1,90,39,3349,1,1,1,16509,9513,US
949,iwhop.com,0,1,57971,4.763210792017073,5586,25,1000,5560,1,25,2276,106,6,0,1,365,2,3990,1,1,1,45090,-1,CN
950,iwhost.com,0,1,323831,5.510318420960013,9165,68,1000,9096,1,1643,2360,18,17,0,1,89,15,5024,1,1,1,132241,-1,MY
951,ixirhost.com,0,1,38663,4.587295549457064,7476,63,1000,7412,1,-1,-1,-1,-1,-1,-1,-1,-1,7544,1,1,1,206991,3523,
952,jakdojade.pl,0,1,50448,4.702843953403829,6436,2704,1000,3731,1,704,4094,18,23,0,1,89,25,6529,1,1,1,13335,5790,US
953,jalantikus.com,0,1,141569,5.150968164350415,6293,2370,1000,3922,1,173,4293,56,6,0,0,90,6,5218,1,1,1,209242,2625,
954,jalf.com,0,1,10097,4.004192356259714,9210,3824,1000,5386,1,-1,-1,-1,-1,-1,-1,-1,-1,9243,1,1,1,33185,2150,CA
955,japaneseasmr.com,0,1,21438,4.331184266586083,2767,1,1000,2766,1,-1,-1,-1,-1,-1,-1,-1,-1,2803,1,1,1,13335,5790,US
956,japanesebeauties.one,0,1,20728,4.316557399977769,1530,10,1000,1519,1,-1,-1,-1,-1,-1,-1,-1,-1,1540,1,1,1,13335,5790,US
957,javhd.com,0,1,30074,4.478191195390028,7065,2938,1000,4127,1,-1,-1,-1,-1,-1,-1,-1,-1,5878,1,1,1,39572,3843,
958,javsiam.com,0,0,-1,-1.0,1626,243,1000,1382,0,-1,-1,-1,-1,-1,-1,-1,-1,1671,1,1,1,13335,5790,US
959,javtiful.com,0,1,8270,3.9175055095525466,2373,16,1000,2356,1,-1,-1,-1,-1,-1,-1,-1,-1,2412,1,1,1,13335,5790,US
960,javtogel168.com,0,0,-1,-1.0,1139,69,55,1070,1,-1,-1,-1,-1,-1,-1,-1,-1,186,2,1,1,26496,8633,US
961,javynow.com,0,1,60733,4.783424734296715,4252,742,1000,3509,1,-1,-1,-1,-1,-1,-1,-1,-1,4338,1,1,1,13335,5790,US
962,jazztel.com,0,1,57429,4.7591312540617166,10028,5871,1000,4157,1,-1,-1,-1,-1,-1,-1,-1,-1,10537,1,1,1,396982,2836,US
963,jecontacte.com,0,1,9682,3.985965078304871,7151,4740,1000,2411,1,-1,-1,-1,-1,-1,-1,-1,-1,7315,1,1,1,14618,7503,US
964,jehost.ru,0,1,39805,4.599937628255143,3810,132,1000,3678,1,-1,-1,-1,-1,-1,-1,-1,-1,-1,-1,-1,1,41722,7159,
965,jet.su,0,1,24140,4.382737265761331,7861,32,1000,7829,0,1425,5795,30,25,0,1,89,12,-1,-1,-1,1,43298,1895,
966,jetpack.com,0,1,13326,4.124699808932117,10794,3495,1000,7298,1,936,3726,78,9,0,1,89,43,11080,1,1,1,2635,4980,US
967,jiliblog.com,0,1,31132,4.493207021776733,7262,75,1000,7186,1,85,1813,22,9,0,1,89,2,3582,1,1,1,13335,5790,US
968,jitsi.org,0,1,26582,4.42458765366793,5544,2242,1000,3301,1,-1,-1,-1,-1,-1,-1,-1,-1,5790,1,1,1,13335,5790,US
969,jivox.com,0,1,4654,3.667826378950711,8186,3001,1000,5185,1,-1,-1,-1,-1,-1,-1,-1,-1,7260,1,1,1,209242,2625,
970,jobbmintatv.online,0,0,-1,-1.0,1120,51,1000,1068,1,-1,-1,-1,-1,-1,-1,-1,-1,-1,-1,-1,1,208154,2431,
971,joebiden.com,0,1,44127,4.6447044026855036,8762,2418,1000,6344,1,-1,-1,-1,-1,-1,-1,-1,-1,10535,1,1,1,13335,5790,US
972,johnnys-shop.jp,0,0,-1,-1.0,2577,245,1000,2331,0,-1,-1,-1,-1,-1,-1,-1,-1,-1,-1,-1,1,16509,9513,US
973,joinairbet88.online,0,0,-1,-1.0,1091,74,308,1017,1,-1,-1,-1,-1,-1,-1,-1,-1,-1,-1,-1,1,133618,-1,AU
974,joinhomebase.com,0,1,24732,4.393259237826838,4729,728,1000,4000,1,-1,-1,-1,-1,-1,-1,-1,-1,4781,1,1,1,209242,2625,
975,journals.openedition.org,0,1,5768,3.7610252517113727,3084,2207,1000,876,1,-1,-1,-1,-1,-1,-1,-1,-1,5759,1,1,1,789,20594,
976,joywallet.com,0,1,112966,5.052947751144783,4816,153,1000,4663,1,498,2267,34,21,0,1,89,8,4878,1,1,1,13335,5790,US
977,jra.jp,0,1,1686,3.2268575702887237,7537,816,1000,6720,1,-1,-1,-1,-1,-1,-1,-1,-1,-1,-1,-1,1,20940,8665,
978,juejin.cn,0,1,16404,4.214949760615447,7116,1286,1000,5830,1,-1,-1,-1,-1,-1,-1,-1,-1,-1,-1,-1,1,24429,-1,CN
979,jumpcloud.com,0,1,10372,4.015862508097314,4636,1412,1000,3224,0,4700,4675,255,32,0,1,89,62,7597,1,1,1,13335,5790,US
980,jupyter.org,0,1,15447,4.188844146546897,4324,2707,1000,1617,1,-1,-1,-1,-1,-1,-1,-1,-1,4410,1,1,1,54113,5343,US
981,justfacts.votesmart.org,0,1,27550,4.440121603187804,2382,2003,1000,379,1,-1,-1,-1,-1,-1,-1,-1,-1,8663,1,1,1,13335,5790,US
982,justfashionnow.com,0,1,216666,5.335790765630423,3426,1612,1000,1814,0,-1,-1,-1,-1,-1,-1,-1,-1,3438,1,1,1,16509,9513,US
983,justice.cz,0,1,27947,4.446335194928242,10441,4976,1000,5464,1,-1,-1,-1,-1,-1,-1,-1,-1,10756,1,1,1,13036,20594,
984,justtrack.io,0,1,24902,4.3962342287858,1992,74,1000,1917,1,-1,-1,-1,-1,-1,-1,-1,-1,-1,-1,-1,1,209242,2625,
985,jwt.io,0,1,30362,4.482330375930801,4416,2593,1000,1822,1,-1,-1,-1,-1,-1,-1,-1,-1,-1,-1,-1,1,13335,5790,US
986,k20wa.org,0,0,-1,-1.0,5415,7,1000,5407,0,-1,-1,-1,-1,-1,-1,-1,-1,5896,1,1,1,2635,4980,US
987,k8slens.dev,0,1,11338,4.054536452654951,2247,46,1000,2200,1,1025,2254,21,23,0,1,89,8,2254,1,1,1,19551,5608,US
988,ka-blogs.com,0,1,32701,4.514561033634031,6470,69,1000,6400,1,-1,-1,-1,-1,-1,-1,-1,-1,3232,1,1,1,13335,5790,US
989,kabutan.jp,0,1,8061,3.906388921152831,5235,756,1000,4479,1,-1,-1,-1,-1,-1,-1,-1,-1,-1,-1,-1,1,16509,9513,US
990,kahoot.com,0,1,10708,4.029708362514895,9874,2735,1000,7139,1,-1,-1,-1,-1,-1,-1,-1,-1,10124,1,1,1,16509,9513,US
991,kaist.ac.kr,0,1,17393,4.240374496958233,10643,3739,1000,6903,1,-1,-1,-1,-1,-1,-1,-1,-1,-1,-1,-1,1,1781,-1,KR
992,kajabi.com,0,1,11703,4.068297205031453,6765,2110,1000,4655,1,-1,-1,-1,-1,-1,-1,-1,-1,7271,1,1,1,209242,2625,
993,kamigame.jp,0,1,9168,3.962274604623315,4662,16,1000,4646,1,-1,-1,-1,-1,-1,-1,-1,-1,-1,-1,-1,1,16509,9513,US
994,kangwon.ac.kr,0,1,53948,4.731975348832385,10634,3277,1000,7356,1,-1,-1,-1,-1,-1,-1,-1,-1,-1,-1,-1,1,17862,-1,KR
995,karnatakatimes.com,0,0,-1,-1.0,9071,87,1000,8984,1,-1,-1,-1,-1,-1,-1,-1,-1,1958,1,1,1,13335,5790,US
996,kaskustoto88.asia,0,0,-1,-1.0,1018,314,126,703,1,22,1021,695,5,0,1,89,2,1020,1,1,1,22612,5448,US
997,kassir.ru,0,1,18827,4.274781122605907,8819,2359,1000,6460,1,-1,-1,-1,-1,-1,-1,-1,-1,-1,-1,-1,1,21314,3956,
998,katadata.co.id,0,1,43035,4.63382180730168,4844,1211,1000,3633,1,-1,-1,-1,-1,-1,-1,-1,-1,4919,1,1,1,21859,4797,US
999,katfile.com,0,1,181486,5.258843128781201,4635,756,1000,3878,1,-1,-1,-1,-1,-1,-1,-1,-1,3694,1,1,1,13335,5790,US
1000,katmoviehd.mov,0,0,-1,-1.0,1022,73,1000,948,1,106,1024,32,15,0,1,89,3,91,2,1,1,13335,5790,US
1001,kayako.com,0,1,36337,4.560349068893106,8938,7340,1000,1598,1,-1,-1,-1,-1,-1,-1,-1,-1,9419,1,1,1,209242,2625,
1002,keap.app,0,1,162710,5.211414245077975,2106,50,1000,2056,1,-1,-1,-1,-1,-1,-1,-1,-1,2847,1,1,1,54113,5343,US
1003,keap.com,0,1,55279,4.74256017802732,8602,2393,1000,6208,1,-1,-1,-1,-1,-1,-1,-1,-1,8567,1,1,1,13335,5790,US
1004,kefir.games,0,1,45004,4.653251116013661,1622,57,930,1564,0,1483,2310,22,13,0,1,89,18,2374,1,1,1,396982,2836,US
1005,keirin.kdreams.jp,0,1,9877,3.9946250537686048,3891,1473,1000,2417,1,141,4145,115,8,0,1,379,2,-1,-1,-1,1,23820,-1,JP
1006,kemono.party,0,1,150736,5.178216986450056,-1,-1,-1,-1,-1,-1,-1,-1,-1,-1,-1,-1,-1,2329,1,1,0,-1,-1,
1007,kenrockwell.com,0,1,44352,4.646913208595694,9334,4452,1000,4881,1,299,2981,53,18,0,1,159,9,9716,1,1,1,13335,5790,US
1008,kenyawebexperts.co.ke,0,1,56119,4.749109923611645,5431,308,1000,5123,0,-1,-1,-1,-1,-1,-1,-1,-1,4607,1,1,1,51713,1163,
1009,ketqua9.net,0,0,-1,-1.0,1087,307,1000,779,1,-1,-1,-1,-1,-1,-1,-1,-1,1365,1,1,1,13335,5790,US
1010,kffhealthnews.org,0,1,18255,4.261381837285747,1136,996,1000,140,1,-1,-1,-1,-1,-1,-1,-1,-1,1638,1,1,1,2635,4980,US
1011,kik.com,0,1,16640,4.221153321954705,10352,3131,1000,7221,1,-1,-1,-1,-1,-1,-1,-1,-1,9692,1,1,1,54113,5343,US
1012,kimcartoon.li,0,0,-1,-1.0,1867,924,1000,942,1,-1,-1,-1,-1,-1,-1,-1,-1,-1,-1,-1,0,-1,-1,
1013,kimochi.info,0,1,21137,4.325043347403704,7568,1,1000,7567,1,-1,-1,-1,-1,-1,-1,-1,-1,3895,1,1,1,13335,5790,US
1014,kinepolis.com,0,1,33728,4.527990589196434,10451,5861,1000,4589,1,-1,-1,-1,-1,-1,-1,-1,-1,10922,1,1,1,20940,8665,
1015,kinepolis.fr,0,1,15103,4.17906322239498,9670,22,1000,9647,0,-1,-1,-1,-1,-1,-1,-1,-1,9725,1,1,1,20940,8665,
1016,kinghorsetoto0521.com,0,0,-1,-1.0,1033,290,115,742,1,-1,-1,-1,-1,-1,-1,-1,-1,-1,-1,-1,0,-1,-1,
1017,kiwibrowser.com,0,1,245622,5.390267263327024,2845,6,1000,2838,0,306,2974,43,18,0,1,90,2,2975,1,1,1,13335,5790,US
1018,kku.ac.th,0,1,17925,4.253459164339838,10536,1743,1000,8792,1,3917,5820,2175,19,0,1,90,46,9986,1,1,1,9546,-1,TH
1019,klei.com,0,1,26717,4.426787690457996,9406,189,1000,9216,1,1798,3298,22,19,0,1,90,4,9624,1,1,1,16509,9513,US
1020,knightfoundation.org,0,1,54920,4.739730528564717,9210,4360,1000,4850,1,765,6211,22,31,0,1,90,5,6995,1,1,1,13335,5790,US
1021,knoji.com,0,1,28243,4.4509108260287205,5208,2380,1000,2828,1,119,4404,30,16,0,1,90,3,5224,1,1,1,13335,5790,US
1022,kolkataff.fun,0,0,-1,-1.0,2620,82,1000,2537,1,152,2624,20,16,0,1,90,8,-1,-1,-1,1,13335,5790,US
1023,kooora365.com,0,0,-1,-1.0,2850,101,1000,2749,1,335,2975,29,22,0,1,190,2,2975,1,1,1,13335,5790,US
1024,kosmosteam.com,0,1,86151,4.935260322897934,7633,313,1000,7320,1,1042,3991,61,17,0,1,89,2,4118,1,1,1,24940,8753,
1025,kotlinlang.org,0,1,26739,4.427145161242989,4324,2485,1000,1839,1,394,3902,25,14,0,1,89,3,4616,1,1,1,16509,9513,US
1026,kpfu.ru,0,1,37008,4.568295615426544,5294,2214,1000,3080,1,2222,4612,22,21,0,1,89,12,-1,-1,-1,1,3325,20594,
1027,kpkplay.com,0,0,-1,-1.0,1007,312,11,694,0,37,1031,107,7,0,1,89,2,-1,-1,-1,0,-1,-1,
1029,kporama.net,0,0,-1,-1.0,1663,308,1000,1354,1,160,1703,73,11,0,1,89,4,1704,1,1,1,46475,6443,US
1030,kr.ncsoft.com,0,1,26714,4.426738921636634,5417,1043,1000,4373,0,15,2334,258,5,0,1,393,2,11241,1,1,1,16509,9513,US
1031,krisp.ai,0,1,10336,4.014352500651009,2868,1139,1000,1729,1,3267,2959,26,26,0,1,90,6,2997,1,1,1,13335,5790,US
1032,krzyzowki123.pl,0,1,27025,4.431765702625348,2115,70,1000,2045,1,-1,-1,-1,-1,-1,-1,-1,-1,2739,1,1,1,13335,5790,US
1033,ksztone.com,0,1,27909,4.445744275676652,1124,249,101,875,1,207,1696,22,8,0,1,364,2,1721,1,1,1,139057,-1,SG
1034,kubnews.ru,0,1,34753,4.540992300356618,7762,2623,1000,5138,1,-1,-1,-1,-1,-1,-1,-1,-1,-1,-1,-1,1,50340,3138,
1035,kuccps.net,0,1,16778,4.224740190060544,4218,68,1000,4149,1,-1,-1,-1,-1,-1,-1,-1,-1,4222,1,1,1,54290,5281,US
1036,kunmanga.com,0,1,8377,3.9230885154423993,1898,10,1000,1888,1,-1,-1,-1,-1,-1,-1,-1,-1,1966,1,1,1,13335,5790,US
1037,kuow.org,0,1,36890,4.566908655226803,10785,7434,1000,3350,1,-1,-1,-1,-1,-1,-1,-1,-1,11051,1,1,1,16509,9513,US
1038,kyivindependent.com,0,1,17991,4.255055303557442,1633,1525,1000,108,1,-1,-1,-1,-1,-1,-1,-1,-1,1643,1,1,1,13335,5790,US
1039,lacerta.ru,0,1,44887,4.6521205805189725,10033,3,1000,10029,1,-1,-1,-1,-1,-1,-1,-1,-1,-1,-1,-1,1,9123,6623,
1040,laist.com,0,1,18533,4.267945725740318,8582,5454,1000,3128,1,483,3311,27,17,0,1,90,2,8098,1,1,1,16509,9513,US
1041,lamenteesmaravillosa.com,0,1,105269,5.0223004973860546,5052,1082,1000,3969,1,-1,-1,-1,-1,-1,-1,-1,-1,5120,1,1,1,13335,5790,US
1042,lanit.ru,0,1,21245,4.327256735425533,10022,2132,1000,7889,1,-1,-1,-1,-1,-1,-1,-1,-1,-1,-1,-1,1,56631,5516,
1043,lapakmeme4d.com,0,0,-1,-1.0,1008,628,95,380,1,-1,-1,-1,-1,-1,-1,-1,-1,-1,-1,-1,0,-1,-1,
1044,lapakwak.com,0,0,-1,-1.0,1006,609,18,397,0,-1,-1,-1,-1,-1,-1,-1,-1,-1,-1,-1,0,-1,-1,
1045,laravel-news.com,0,1,4894,3.6896639650157703,4501,450,1000,4050,1,337,4183,21,18,0,1,190,2,4505,1,1,1,13335,5790,US
1046,larepublica.pe,0,1,13252,4.122281427209923,6372,5240,1000,1132,1,-1,-1,-1,-1,-1,-1,-1,-1,-1,-1,-1,1,16509,9513,US
1047,launchdarkly.com,0,1,316,2.499687082618404,4231,1528,1000,2702,1,-1,-1,-1,-1,-1,-1,-1,-1,4327,1,1,1,16509,9513,US
1048,lausd.net,0,1,1543,3.188365926063148,9977,3517,1000,6460,0,2905,7548,22,46,0,1,394,39,10489,1,1,1,30193,8324,US
1049,leagueapps.com,0,1,40946,4.612211482096999,5913,290,1000,5623,1,1654,5853,24,28,0,1,89,3,6139,1,1,1,31898,5540,US
1050,leagueofkingdoms.com,0,1,462914,5.665500315435661,4611,26,1000,4584,1,-1,-1,-1,-1,-1,-1,-1,-1,2262,1,1,1,16509,9513,US
1051,leanpub.com,0,1,29265,4.466348528450199,6026,1774,1000,4251,0,-1,-1,-1,-1,-1,-1,-1,-1,6113,1,1,1,16509,9513,US
1052,leap.app,0,1,23303,4.367411835170924,2266,33,1000,2233,1,-1,-1,-1,-1,-1,-1,-1,-1,2937,1,1,1,16509,9513,US
1053,leechers-paradise.org,0,1,662845,5.821411984642114,5411,115,1000,5296,0,54,3273,80,9,0,1,89,2,5038,1,1,0,-1,-1,
1054,lemmy.world,0,1,26107,4.416756969168746,1084,507,1000,577,1,535,1085,24,14,1,1,89,2,1085,1,1,1,13335,5790,US
1055,lenlut.net,0,0,-1,-1.0,4868,358,1000,4509,1,-1,-1,-1,-1,-1,-1,-1,-1,1446,1,1,1,43350,6881,
1056,letai.ru,0,1,125905,5.100042977361967,8963,154,1000,8809,1,189,4467,36,15,0,1,89,2,-1,-1,-1,1,28840,8470,
1057,licensebuttons.net,0,1,35472,4.549885675770413,4130,1457,1000,2673,1,315,4201,24,25,0,1,90,2,4201,1,1,1,13335,5790,US
1058,lifehacker.ru,0,1,20094,4.30306639792351,7035,3731,1000,3304,1,4787,5291,1055,23,0,1,90,5,-1,-1,-1,1,57724,3823,
1059,liftoff.io,0,1,814,2.910624404889201,4780,2419,1000,2360,1,1083,4473,27,24,0,1,89,4,-1,-1,-1,1,209242,2625,
1060,lightwidget.com,0,1,13590,4.133219456732494,3740,3526,1000,213,1,346,3747,62,21,0,1,90,3,3751,1,1,1,24940,8753,
1061,like-blogs.com,0,1,47188,4.673831570744718,3301,19,1000,3281,1,82,3250,42,7,0,1,89,2,2049,1,1,1,13335,5790,US
1062,likee.video,0,1,3812,3.5811528919662887,2517,1079,1000,1437,1,14,2543,170,5,0,1,396,2,2605,1,1,1,4593,11343,US
1063,limacharlie.io,0,1,62675,4.797094342630254,2901,12,1000,2889,0,-1,-1,-1,-1,-1,-1,-1,-1,-1,-1,-1,1,16509,9513,US
1064,limo.media,0,1,3963,3.59802407233419,2842,45,1000,2796,1,-1,-1,-1,-1,-1,-1,-1,-1,2969,1,1,1,2497,-1,JP
1065,limoo.host,0,1,27072,4.43252034135893,1686,1682,191,4,1,4914,1744,541,11,0,1,89,6,-1,-1,-1,1,202319,2907,
1066,linea.build,0,1,90541,4.956845286846704,1159,1,1000,1157,0,1947,1160,24,19,0,1,90,3,1163,1,1,1,13335,5790,US
1067,linearicons.com,0,1,80122,4.903751781586627,4027,1,1000,4026,1,-1,-1,-1,-1,-1,-1,-1,-1,4544,1,1,1,14618,7503,US
1068,linkagogo.com,0,1,169183,5.228356721722432,9070,5292,1000,3777,1,-1,-1,-1,-1,-1,-1,-1,-1,9215,1,1,1,13335,5790,US
1069,linkby.com,0,1,62437,4.795442027722443,8547,36,1000,8511,0,-1,-1,-1,-1,-1,-1,-1,-1,7751,1,1,1,13335,5790,US
1070,linktr.ee,0,1,255,2.406540180433955,-1,-1,-1,-1,-1,-1,-1,-1,-1,-1,-1,-1,-1,-1,-1,-1,1,54113,5343,US
1071,linux.org,0,1,11271,4.051962449783047,10700,7646,1000,3053,1,591,3351,26,24,0,1,89,6,11699,1,1,1,13335,5790,US
1072,linuxconfig.org,0,1,55414,4.743619500371562,6799,1515,1000,5284,0,-1,-1,-1,-1,-1,-1,-1,-1,6964,1,1,1,13335,5790,US
1073,lionic.com,0,1,13731,4.137702167146962,8186,8,1000,8177,1,2595,4074,26,13,0,1,89,3,8225,1,1,1,3462,-1,TW
1074,list.ly,0,1,15013,4.176467484599134,6939,4410,1000,2529,1,-1,-1,-1,-1,-1,-1,-1,-1,5691,1,1,1,16509,9513,US
1075,lit.link,0,1,12486,4.096423330595271,2841,304,1000,2536,1,1410,2074,18,15,0,1,90,2,2074,1,1,1,396982,2836,US
1076,litequran.net,0,1,207772,5.317587020291261,3413,47,1000,3366,1,-1,-1,-1,-1,-1,-1,-1,-1,3635,1,1,1,60068,4368,
1077,litespeedtech.com,0,1,16996,4.230346722417477,8349,4705,1000,3644,1,-1,-1,-1,-1,-1,-1,-1,-1,8795,1,1,1,14618,7503,US
1078,littlecaesars.com,0,1,28352,4.452583700206957,10031,5747,1000,4284,1,-1,-1,-1,-1,-1,-1,-1,-1,10828,1,1,1,13335,5790,US
1079,liu.se,0,1,7350,3.8662873390841948,10695,2843,1000,7851,1,-1,-1,-1,-1,-1,-1,-1,-1,-1,-1,-1,1,2843,20594,
1080,live24.gr,0,1,18809,4.274365706447425,8396,4178,1000,4217,0,-1,-1,-1,-1,-1,-1,-1,-1,-1,-1,-1,1,50311,5999,
1081,liveramp.com,0,1,6847,3.8355003278673188,5498,2487,1000,3011,1,-1,-1,-1,-1,-1,-1,-1,-1,5519,1,1,1,209242,2625,
1083,livetex.ru,0,1,9590,3.9818186071706636,5473,1084,1000,4389,1,383,5204,26,15,0,1,89,3,-1,-1,-1,1,200015,4584,
1084,lkprd.com,0,0,-1,-1.0,1017,424,362,593,1,-1,-1,-1,-1,-1,-1,-1,-1,1020,1,1,1,63949,-1,SG
1085,llcbuddy.com,0,1,249105,5.396382444720837,6229,160,1000,6068,1,126,1442,28,10,1,1,89,2,1443,1,1,1,210250,2810,
1086,lnk.bio,0,1,20521,4.312198520372529,3274,701,1000,2572,0,398,3350,41,23,0,1,89,5,3353,1,1,1,13335,5790,US
1087,loan-finances.com,0,0,-1,-1.0,6412,57,1000,6354,1,-1,-1,-1,-1,-1,-1,-1,-1,247,2,1,1,397423,2613,US
1088,localizejs.com,0,1,141209,5.149862377493228,4379,1006,1000,3372,0,-1,-1,-1,-1,-1,-1,-1,-1,4839,1,1,1,13335,5790,US
1089,locals.com,0,1,39533,4.596959772450969,10324,1470,1000,8854,1,-1,-1,-1,-1,-1,-1,-1,-1,10975,1,1,1,13335,5790,US
1090,localstack.cloud,0,1,60675,4.783009785003973,3218,8,1000,3209,1,-1,-1,-1,-1,-1,-1,-1,-1,3240,1,1,1,209242,2625,
1091,lodz.pl,0,1,11985,4.0786380383696725,10739,1334,1000,9404,1,-1,-1,-1,-1,-1,-1,-1,-1,11462,1,1,1,24940,8753,
1092,login.imedidata.com,0,1,47645,4.678017331283984,4758,185,1000,4572,0,0,-1,-1,0,-1,-1,-1,-1,6378,1,1,1,14618,7503,US
1093,login.myid.disney.com,0,1,2528,3.402777069610347,2348,66,1000,2282,1,-1,-1,-1,-1,-1,-1,-1,-1,13210,1,1,1,14618,7503,US
1094,loginblogin.com,0,1,42399,4.627355613677558,3890,17,1000,3872,1,-1,-1,-1,-1,-1,-1,-1,-1,2588,1,1,1,13335,5790,US
1095,logistics.lazada.vn,0,1,8929,3.9508028229646586,1667,28,641,1638,1,-1,-1,-1,-1,-1,-1,-1,-1,-1,-1,-1,1,45102,-1,US
1096,logix.in,0,1,46119,4.663879881901276,7353,10,1000,7343,1,-1,-1,-1,-1,-1,-1,-1,-1,7764,1,1,1,14061,4986,US
1097,logrocket.com,0,1,32548,4.512524307323576,8146,969,1000,7176,1,3317,3627,25,25,0,1,90,5,4237,1,1,1,13335,5790,US
1098,lolipop.jp,0,1,10346,4.014772474073064,8938,6999,1000,1938,1,-1,-1,-1,-1,-1,-1,-1,-1,-1,-1,-1,1,7506,-1,JP
1099,longreads.com,0,1,59220,4.7724684030532805,5850,3342,1000,2507,0,-1,-1,-1,-1,-1,-1,-1,-1,6426,1,1,1,2635,4980,US
1100,loox.app,0,1,897376,5.952974450301864,2814,866,1000,1947,1,-1,-1,-1,-1,-1,-1,-1,-1,2934,1,1,1,209242,2625,
1101,louisville.edu,0,1,12108,4.083072412284535,10387,9144,1000,1243,1,-1,-1,-1,-1,-1,-1,-1,-1,-1,-1,-1,1,1657,12496,US
1102,love4porn.com,0,1,56173,4.749527618618067,9135,13,1000,9122,0,1051,2015,25,21,0,1,89,4,2016,1,1,1,13335,5790,US
1103,loveplanet.ru,0,1,13098,4.117204986092783,7615,5396,1000,2218,1,658,4550,27,17,0,1,89,4,-1,-1,-1,1,20848,8690,
1104,lover921.net,0,0,-1,-1.0,1009,308,17,701,1,40,1075,680,8,0,1,89,2,1078,1,1,1,22612,5448,US
1105,lsu.edu,0,1,5742,3.759063188160487,10576,6792,1000,3783,1,-1,-1,-1,-1,-1,-1,-1,-1,-1,-1,-1,1,2055,12179,US
1106,lubimyczytac.pl,0,1,30309,4.4815716077088865,6326,4013,1000,2313,1,631,3256,26,28,0,1,89,3,6439,1,1,1,13335,5790,US
1107,ludwig.guru,0,1,19308,4.285737290146654,3887,52,1000,3834,1,-1,-1,-1,-1,-1,-1,-1,-1,4311,1,1,1,13335,5790,US
1108,lumendatabase.org,0,1,30629,4.486132817845704,3850,2680,1000,1169,0,-1,-1,-1,-1,-1,-1,-1,-1,3967,1,1,1,1742,12510,US
1109,lumenlearning.com,0,1,22772,4.35740117513951,5850,7,1000,5843,0,-1,-1,-1,-1,-1,-1,-1,-1,5080,1,1,1,54113,5343,US
1110,luna.is.com,0,1,149678,5.175157971480417,1515,353,1000,1161,1,-1,-1,-1,-1,-1,-1,-1,-1,12391,1,1,1,20940,8665,
1111,luwebs.com,0,1,46755,4.669828061332521,3540,17,1000,3523,1,-1,-1,-1,-1,-1,-1,-1,-1,2342,1,1,1,13335,5790,US
1112,luxor.tech,0,1,43279,4.636277217452043,3240,49,1000,3190,1,-1,-1,-1,-1,-1,-1,-1,-1,-1,-1,-1,1,13335,5790,US
1113,luxupnetwork.ru,0,0,-1,-1.0,1170,96,1000,1073,1,197,1240,44,6,1,1,89,2,-1,-1,-1,1,12695,8688,
1114,luxuriousdating.net,0,1,991466,5.996277825686491,2193,194,581,1999,1,-1,-1,-1,-1,-1,-1,-1,-1,73,2,1,1,47583,5526,DE
1115,m.mobilelegends.com,0,1,8334,3.9208534961212593,3317,64,1000,3252,1,-1,-1,-1,-1,-1,-1,-1,-1,4000,1,1,1,20940,8665,
1116,macaro-ni.jp,0,1,19880,4.298416380061295,4459,7,1000,4451,1,223,4232,21,16,0,1,90,2,-1,-1,-1,1,20940,8665,
1117,magazine.atavist.com,0,1,67551,4.829631782540393,4035,2193,1000,1841,0,-1,-1,-1,-1,-1,-1,-1,-1,10131,1,1,1,2635,4980,US
1118,magerta.ir,0,1,54640,4.737510690673476,2658,101,1000,2556,1,-1,-1,-1,-1,-1,-1,-1,-1,-1,-1,-1,0,-1,-1,
1119,mahacet.org,0,1,42709,4.6305194028581935,3670,5,1000,3665,0,1355,3327,22,25,0,1,90,9,3710,1,1,1,13335,5790,US
1120,mahindra.com,0,1,35329,4.548131344747943,10733,2646,1000,8086,1,-1,-1,-1,-1,-1,-1,-1,-1,9671,1,1,1,13335,5790,US
1121,mahjongsoul.com,0,1,44301,4.646413529599599,2602,22,1000,2579,1,268,2620,27,21,0,1,198,8,2642,1,1,1,45102,-1,US
1122,mail-order-bride.info,0,1,667449,5.824418086718617,8258,216,1000,8042,1,75,2255,208,13,0,1,89,2,2764,1,1,1,36454,1070,
1123,mail.de,0,1,40184,4.604053165151493,10032,3261,1000,6770,1,193,5497,50,17,0,1,90,13,-1,-1,-1,1,20546,4978,
1124,mail.yahoo.com,0,1,53,1.7242758696007892,-1,-1,-1,-1,-1,-1,-1,-1,-1,-1,-1,-1,-1,11446,1,1,1,10310,8954,US
1125,mailbride.net,0,1,645079,5.809612904035473,4418,7,1000,4411,1,120,2289,32,14,0,1,89,2,2764,1,1,1,13335,5790,US
1126,mailenable.com,0,1,20384,4.309289410655256,8881,5130,1000,3751,1,19,5564,87,6,0,0,396,2,9152,1,1,1,13768,8746,CA
1127,maismi.ru,0,1,349185,5.543055579371599,2754,69,1000,2685,1,2040,2624,19,10,1,0,89,2,-1,-1,-1,1,60922,1408,
1128,majestic.com,0,1,23286,4.367094893123658,9137,3621,1000,5515,1,143,4341,52,17,0,1,89,2,9148,1,1,1,3170,5137,
1129,managewp.com,0,1,58346,4.766011087674042,5862,4408,1000,1454,1,850,5525,29,29,0,1,190,5,5865,1,1,1,16509,9513,US
1130,manatoki302.net,0,0,-1,-1.0,1014,423,372,591,1,77,1119,396,8,0,1,364,2,-1,-1,-1,0,-1,-1,
1133,manga4life.com,0,1,995299,5.997953567723879,7836,6,1000,7830,1,91,2339,24,12,0,1,89,2,2340,1,1,1,13335,5790,US
1134,mangagg.com,0,1,113718,5.055829212989897,2019,94,1000,1925,1,-1,-1,-1,-1,-1,-1,-1,-1,1821,1,1,1,13335,5790,US
1135,mangahub.ru,0,1,20539,4.312579294906139,3556,5,1000,3551,1,886,3552,29,11,0,1,90,4,-1,-1,-1,1,200019,4585,
1136,mangaku.fun,0,0,-1,-1.0,1076,166,1000,909,0,36,1639,55,8,0,1,89,2,-1,-1,-1,1,16509,9513,US
1137,mangalib.org,0,1,71562,4.8546824696374555,2025,69,1000,1955,0,289,3337,70,17,0,1,89,2,2233,1,1,1,57724,3823,
1138,mangapoisk.org,0,0,-1,-1.0,1091,178,1000,913,1,-1,-1,-1,-1,-1,-1,-1,-1,1094,1,1,1,13335,5790,US
1139,mangareader.to,0,1,281669,5.449739051920895,4770,190,1000,4580,1,63,1876,25,5,0,1,90,2,1889,1,1,1,13335,5790,US
1140,mangasee123.com,0,1,881993,5.945465138336539,2106,1691,1000,414,1,-1,-1,-1,-1,-1,-1,-1,-1,2174,1,1,1,13335,5790,US
1141,mangathailand.com,0,1,636265,5.803638033993836,4625,36,1000,4589,0,-1,-1,-1,-1,-1,-1,-1,-1,2662,1,1,1,13335,5790,US
1142,manhwa-latino.com,0,1,26508,4.42337696191906,1913,44,1000,1868,1,-1,-1,-1,-1,-1,-1,-1,-1,2173,1,1,1,13335,5790,US
1143,manhwaindo.id,0,0,-1,-1.0,1798,84,1000,1714,1,-1,-1,-1,-1,-1,-1,-1,-1,1806,1,1,1,13335,5790,US
1144,manualzz.com,0,1,28443,4.453975401295882,4015,8,1000,4007,1,-1,-1,-1,-1,-1,-1,-1,-1,4026,1,1,1,13335,5790,US
1145,manufrog.com,0,1,38088,4.580788168466454,7974,845,1000,7129,1,-1,-1,-1,-1,-1,-1,-1,-1,7988,1,1,1,42708,6986,
1146,mapio.net,0,1,118051,5.072069670302017,6248,2847,1000,3400,0,-1,-1,-1,-1,-1,-1,-1,-1,4316,1,1,1,13335,5790,US
1147,mapleprimes.com,0,1,21610,4.334654766883241,8759,6,1000,8753,1,-1,-1,-1,-1,-1,-1,-1,-1,9030,1,1,1,30148,4115,US
1148,mapy.cz,0,1,15099,4.178948185116802,10022,7105,1000,2916,0,-1,-1,-1,-1,-1,-1,-1,-1,10386,1,1,1,43037,6932,
1149,mariadb.com,0,1,16995,4.230321168919079,6193,2438,1000,3754,0,-1,-1,-1,-1,-1,-1,-1,-1,6320,1,1,1,13335,5790,US
1150,marketbusinessnews.com,0,1,70718,4.849529969747577,4680,949,1000,3730,1,684,4683,26,29,0,1,89,17,4683,1,1,1,13335,5790,US
1151,marketperf.com,0,1,52390,4.719248398447946,4692,4,1000,4687,1,809,2634,27,12,0,1,89,4,2781,1,1,1,16509,9513,US
1152,masahub2.com,0,1,84102,4.924806323724617,1047,18,1000,1028,1,227,1053,29,11,0,1,89,2,1053,1,1,1,13335,5790,US
1153,massimodutti.com,0,1,29097,4.463848214050881,9708,3761,1000,5946,1,-1,-1,-1,-1,-1,-1,-1,-1,10712,1,1,1,20940,8665,
1154,masstamilan.dev,0,1,9600,3.9822712330395684,1616,70,1000,1545,1,-1,-1,-1,-1,-1,-1,-1,-1,2402,1,1,1,13335,5790,US
1155,matbao.vn,0,1,27149,4.433753837516757,6956,162,1000,6793,0,-1,-1,-1,-1,-1,-1,-1,-1,-1,-1,-1,1,150846,-1,VN
1156,mathpix.com,0,1,37999,4.579772167664273,5580,3,1000,5577,1,-1,-1,-1,-1,-1,-1,-1,-1,3967,1,1,1,16509,9513,US
1157,matomo.org,0,1,2691,3.4299136977637543,3053,2500,1000,552,1,5093,3080,64,18,0,1,89,2,3177,1,1,1,16509,9513,US
1159,matplotlib.org,0,1,24155,4.383007041822538,5009,2800,1000,2208,1,426,3333,48,25,0,1,90,2,5034,1,1,1,13335,5790,US
1160,matrix.org,0,1,8677,3.9383695974518065,9874,2433,1000,7441,1,-1,-1,-1,-1,-1,-1,-1,-1,11523,1,1,1,13335,5790,US
1161,maxpornogratis.com,0,1,608915,5.784556672587927,1724,6,1000,1718,1,-1,-1,-1,-1,-1,-1,-1,-1,1791,1,1,1,13335,5790,US
1162,mea.gov.in,0,1,28875,4.460521992900201,8703,2675,1000,6027,1,-1,-1,-1,-1,-1,-1,-1,-1,7964,1,1,1,4758,-1,IN
1163,measuread.com,0,0,-1,-1.0,3907,865,1000,3041,1,-1,-1,-1,-1,-1,-1,-1,-1,4143,1,1,0,-1,-1,
1164,medal.tv,0,1,4347,3.638189640190837,6646,1137,1000,5509,0,-1,-1,-1,-1,-1,-1,-1,-1,3159,1,1,1,13335,5790,US
1165,mediacenter.hu,0,1,26017,4.4152572169542355,8556,10,1000,8545,1,3432,5996,326,12,0,1,89,2,-1,-1,-1,1,44460,6692,
1166,mediatoday.ru,0,1,23616,4.373206340142947,6123,96,1000,6027,0,208,4033,23,11,0,1,90,3,-1,-1,-1,1,3216,8660,
1167,meetmarigold.com,0,1,297229,5.473091180342723,1623,31,1000,1592,1,538,1253,28,24,0,1,89,2,1714,1,1,1,209242,2625,
1168,mega.co.nz,0,1,693,2.8407332346118066,9073,4463,1000,4610,1,-1,-1,-1,-1,-1,-1,-1,-1,-1,-1,-1,1,203055,3694,
1169,megaescort.info,0,1,17066,4.2321317412966195,3273,16,1000,3256,0,-1,-1,-1,-1,-1,-1,-1,-1,3290,1,1,1,13335,5790,US
1170,megaphone.spotify.com,0,1,61,1.7853298350107671,1373,1314,1000,59,0,15,442,39,1,1,0,90,1,7332,1,1,1,396982,2836,US
1171,megaplan.ru,0,1,44795,4.651229540926839,6727,3793,1000,2934,1,158,6170,30,16,0,1,89,3,-1,-1,-1,1,49505,6180,
1172,memfault.com,0,1,12792,4.106938450738179,2843,18,1000,2825,0,3243,2696,22,31,0,1,89,6,3149,1,1,1,209242,2625,
1173,mercadolibre.com,0,1,1932,3.2860071220794747,9717,6927,1000,2789,1,-1,-1,-1,-1,-1,-1,-1,-1,9875,1,1,1,16509,9513,US
1174,meripehchaan.gov.in,0,1,9418,3.9739586861067036,1424,23,1000,1400,0,47,1436,45,9,0,1,89,2,1437,1,1,1,16509,9513,US
1175,merlot.org,0,1,41794,4.621113938379675,9408,1004,1000,8403,0,122,4006,31,12,0,1,90,6,9711,1,1,1,16509,9513,US
1176,messagebird.com,0,1,16458,4.216377057988173,5848,1556,1000,4292,1,-1,-1,-1,-1,-1,-1,-1,-1,6400,1,1,1,16509,9513,US
1178,metapress.com,0,1,28504,4.454905809342959,9211,3413,1000,5797,0,-1,-1,-1,-1,-1,-1,-1,-1,10255,1,1,1,16276,20594,
1179,meteo.cat,0,1,68661,4.836710124334696,7142,1596,1000,5545,1,222,4686,30,24,0,1,190,8,-1,-1,-1,1,54113,5343,US
1180,meteofor.com.ua,0,1,3880,3.5888317255942073,1064,5,1000,1058,0,-1,-1,-1,-1,-1,-1,-1,-1,1437,1,1,1,1820,2618,US
1181,meteofrance.com,0,1,6112,3.7861833455676335,9577,4449,1000,5127,1,-1,-1,-1,-1,-1,-1,-1,-1,10421,1,1,1,201085,4124,
1182,meteofrance.fr,0,1,54290,4.7347198416556795,8038,3327,1000,4710,1,-1,-1,-1,-1,-1,-1,-1,-1,8063,1,1,1,201085,4124,
1183,meteoinfo.ru,0,1,67546,4.829599635676873,8199,3533,1000,4665,1,-1,-1,-1,-1,-1,-1,-1,-1,-1,-1,-1,1,30853,8188,
1184,metrix.ir,0,1,46016,4.66290886436677,3579,322,1000,3257,1,-1,-1,-1,-1,-1,-1,-1,-1,-1,-1,-1,1,202319,2907,
1185,metunic.com.tr,0,1,6674,3.824386202318774,2349,12,1000,2336,1,-1,-1,-1,-1,-1,-1,-1,-1,-1,-1,-1,1,9121,8644,
1186,metv.com,0,1,58629,4.768112486745165,9689,3292,1000,6397,1,-1,-1,-1,-1,-1,-1,-1,-1,9899,1,1,1,13335,5790,US
1187,mex.tl,0,1,45135,4.654513446795762,5979,70,1000,5909,0,4994,5708,827,4,0,1,89,2,-1,-1,-1,1,3842,5047,US
1188,mexicard.com,0,0,-1,-1.0,8935,102,1000,8833,1,610,6903,46,9,0,0,90,2,8958,1,1,1,8075,10643,US
1189,mfa.gov.ua,0,1,28330,4.452246574520437,9963,3239,1000,6723,1,-1,-1,-1,-1,-1,-1,-1,-1,-1,-1,-1,1,13335,5790,US
1190,mhdtvworld.me,0,0,-1,-1.0,1206,102,1000,1104,1,-1,-1,-1,-1,-1,-1,-1,-1,-1,-1,-1,1,133618,-1,AU
1191,microbit.org,0,1,27996,4.447095984841377,9470,1492,1000,7977,1,-1,-1,-1,-1,-1,-1,-1,-1,3970,1,1,1,16509,9513,US
1192,micso.it,0,1,41125,4.614105910958031,10357,44,1000,10313,1,-1,-1,-1,-1,-1,-1,-1,-1,-1,-1,-1,1,21034,20594,
1193,midural.ru,0,1,55401,4.743517603908255,10027,2283,1000,7744,1,-1,-1,-1,-1,-1,-1,-1,-1,-1,-1,-1,1,201643,4284,
1194,migrate-adfly.linkvertise.com,0,1,6193,3.791901080009571,1101,1097,1000,4,1,-1,-1,-1,-1,-1,-1,-1,-1,4077,1,1,0,-1,-1,
1195,mikrotik.com,0,1,454,2.6570558528571038,9670,4586,1000,5084,1,-1,-1,-1,-1,-1,-1,-1,-1,9956,1,1,1,51894,5655,
1196,milf33.com,0,1,73480,4.86616914763377,5556,16,1000,5539,1,486,2914,42,19,0,1,90,8,2913,1,1,1,13335,5790,US
1197,minepi.com,0,1,10161,4.006936451364293,2647,544,1000,2102,0,2573,3662,19,23,0,0,89,3,2725,1,1,1,209242,2625,
1198,mingk.org,0,0,-1,-1.0,1024,310,108,714,1,163,1036,72,10,0,1,30,2,1036,1,1,1,13335,5790,US
1199,minobr63.ru,0,1,56991,4.7558062774453465,3933,248,1000,3685,1,3380,3971,1725,4,0,1,90,3,-1,-1,-1,1,211347,1464,
1200,minute.ly,0,0,-1,-1.0,4644,730,1000,3914,0,540,4181,129,29,0,1,190,2,4356,1,1,0,-1,-1,
1201,mir24.tv,0,1,11243,4.05088221066403,5607,2654,1000,2953,1,-1,-1,-1,-1,-1,-1,-1,-1,5829,1,1,1,56631,5516,
1202,mitel.io,0,1,12163,4.085040706742194,2990,9,1000,2980,0,-1,-1,-1,-1,-1,-1,-1,-1,-1,-1,-1,1,16509,9513,US
1203,miur.gov.it,0,1,63578,4.803306862008678,3291,1581,1000,1710,0,-1,-1,-1,-1,-1,-1,-1,-1,-1,-1,-1,1,20940,8665,
1204,mj.am,0,1,58584,4.767779021128795,8152,11,1000,8140,0,17,6404,294,4,0,1,396,2,-1,-1,-1,1,396982,2836,US
1205,mnhs.org,0,1,36255,4.559367909463331,10782,4548,1000,6234,1,-1,-1,-1,-1,-1,-1,-1,-1,11089,1,1,1,209242,2625,
1206,mobilevikings.be,0,1,12011,4.079579166970131,6358,2224,1000,4134,0,-1,-1,-1,-1,-1,-1,-1,-1,-1,-1,-1,1,16509,9513,US
1207,mobitel.lk,0,1,60747,4.783524835099704,8203,2780,1000,5423,1,358,7098,29,20,0,1,365,8,-1,-1,-1,1,19551,5608,US
1208,mobshark.net,0,1,13925,4.143795203845767,4204,74,1000,4129,1,180,3855,35,12,0,1,90,2,2512,1,1,1,45102,-1,US
1209,modder.me,0,1,68935,4.838439779925449,2197,48,1000,2148,1,-1,-1,-1,-1,-1,-1,-1,-1,-1,-1,-1,1,13335,5790,US
1210,modrinth.com,0,1,3110,3.4927603890268375,2049,1223,1000,825,1,-1,-1,-1,-1,-1,-1,-1,-1,2133,1,1,1,13335,5790,US
1211,modularmental.com,0,0,-1,-1.0,1778,268,1000,1509,0,-1,-1,-1,-1,-1,-1,-1,-1,1818,1,1,1,396982,2836,US
1212,momento.team,0,0,-1,-1.0,1139,7,1000,1131,1,15,1547,72,5,0,1,395,1,2213,1,1,1,16509,9513,US
1213,moneywise.com,0,1,47408,4.6758516341359755,9977,2168,1000,7809,1,-1,-1,-1,-1,-1,-1,-1,-1,10437,1,1,1,13335,5790,US
1214,monica.im,0,1,14229,4.153174379371534,1180,3,1000,1177,0,-1,-1,-1,-1,-1,-1,-1,-1,-1,-1,-1,1,16509,9513,US
1215,monitorxpert.com,0,0,-1,-1.0,3086,536,12,2550,1,32,1072,548,6,0,1,89,2,-1,-1,-1,0,-1,-1,
1216,moodle.com,0,1,2614,3.4173055832445254,9721,4617,1000,5104,1,-1,-1,-1,-1,-1,-1,-1,-1,9950,1,1,1,13335,5790,US
1217,moonbeam.network,0,1,36854,4.566484631507165,2185,339,1000,1845,1,-1,-1,-1,-1,-1,-1,-1,-1,2379,1,1,1,16509,9513,US
1218,mootools.net,0,1,66766,4.8245553581121055,7202,4808,1000,2393,1,160,3398,72,6,1,1,89,4,7388,1,1,1,16276,20594,
1219,mopinion.com,0,1,17746,4.249100477182922,4287,771,1000,3516,1,-1,-1,-1,-1,-1,-1,-1,-1,4297,1,1,1,16509,9513,US
1220,morningconsult.com,0,1,21926,4.340959409772542,4346,2840,1000,1506,0,-1,-1,-1,-1,-1,-1,-1,-1,5840,1,1,1,209242,2625,
1221,moskva2.devki.store,0,1,490040,5.690231531192315,982,969,286,13,1,-1,-1,-1,-1,-1,-1,-1,-1,-1,-1,-1,1,133618,-1,AU
1222,movableink.com,0,1,40966,4.612423560664503,8067,1460,1000,6606,0,-1,-1,-1,-1,-1,-1,-1,-1,5715,1,1,1,16509,9513,US
1223,movabletype.org,0,1,46497,4.6674249329872435,9020,7430,1000,1589,1,-1,-1,-1,-1,-1,-1,-1,-1,9027,1,1,1,14618,7503,US
1224,mover.uz,0,1,18305,4.26256973321755,5358,2425,1000,2933,1,-1,-1,-1,-1,-1,-1,-1,-1,5529,1,1,1,12365,8613,
1225,movies2watch.tv,0,1,67715,4.830684882801087,5736,39,1000,5697,1,-1,-1,-1,-1,-1,-1,-1,-1,1986,1,1,1,13335,5790,US
1226,moviesda4.co,0,0,-1,-1.0,1004,417,60,587,1,41,1014,232,6,0,1,89,3,-1,-1,-1,0,-1,-1,
1227,moviesjoy.plus,0,1,98188,4.992058413935296,1537,31,1000,1506,1,89,1587,33,8,0,1,89,2,1603,1,1,1,13335,5790,US
1228,movieswood.cloud,0,1,10248,4.0106391167366295,1455,16,812,1439,1,88,1540,42,10,0,1,89,2,1540,1,1,1,13335,5790,US
1229,moz.com,0,1,2868,3.4575791469957626,10052,4489,1000,5562,0,3298,4801,25,41,0,1,120,6,10249,1,1,1,13335,5790,US
1231,mp3ringtonesdownload.net,0,0,-1,-1.0,3512,48,1000,3463,1,-1,-1,-1,-1,-1,-1,-1,-1,3519,1,1,1,398101,2395,US
1232,mpeblog.com,0,1,36206,4.558780547079236,5529,10,1000,5518,1,83,1850,43,6,0,1,89,2,2985,1,1,1,13335,5790,US
1233,mrdeepfakes.com,0,1,574275,5.759119910485638,2889,374,1000,2515,0,2268,2962,336,14,0,1,89,2,2962,1,1,1,-1,-1,
1234,mrdoob.com,0,1,49946,4.698500712832511,7710,4447,1000,3262,1,-1,-1,-1,-1,-1,-1,-1,-1,7758,1,1,1,54113,5343,US
1235,mrush.mobi,0,1,9797,3.9910931080488874,4621,406,1000,4214,0,-1,-1,-1,-1,-1,-1,-1,-1,4629,1,1,1,49505,6180,
1236,mssg.me,0,1,15518,4.190835747532066,6021,878,1000,5143,1,-1,-1,-1,-1,-1,-1,-1,-1,-1,-1,-1,1,13335,5790,US
1237,mts.rs,0,1,49088,4.690975337932868,5748,2748,1000,2999,0,-1,-1,-1,-1,-1,-1,-1,-1,-1,-1,-1,1,8400,8752,
1238,mubi.com,0,1,12699,4.103769523193673,9728,3719,1000,6008,1,-1,-1,-1,-1,-1,-1,-1,-1,8688,1,1,1,14618,7503,US
1239,mui.com,0,1,54461,4.736085611489709,10028,689,1000,9339,1,-1,-1,-1,-1,-1,-1,-1,-1,10617,1,1,1,16509,9513,US
1240,mulherespeladasvip.com,0,1,82954,4.91883733232595,7103,14,1000,7088,1,-1,-1,-1,-1,-1,-1,-1,-1,2407,1,1,1,13335,5790,US
1241,multikino.pl,0,1,66610,4.823539433656859,9670,2543,1000,7126,1,-1,-1,-1,-1,-1,-1,-1,-1,9765,1,1,1,13335,5790,US
1242,mural.co,0,1,16467,4.216614485501277,4763,1903,1000,2859,1,3277,3965,21,38,0,1,90,20,-1,-1,-1,1,209242,2625,
1243,musicaldown.com,0,1,9408,3.973497308732063,1821,36,1000,1785,1,-1,-1,-1,-1,-1,-1,-1,-1,1825,1,1,1,13335,5790,US
1244,my.bidpal.net,0,1,83853,4.923518604928256,5333,60,1000,5273,1,0,-1,-1,0,-1,-1,-1,-1,6124,1,1,1,14618,7503,US
1245,my.gov.au,0,1,15188,4.18150058846776,4743,1575,1000,3168,0,358,4836,21,14,0,1,373,13,-1,-1,-1,1,16509,9513,US
1246,my.yolla.io,0,0,-1,-1.0,2437,405,1000,2032,1,-1,-1,-1,-1,-1,-1,-1,-1,-1,-1,-1,1,41625,7176,
1247,my2n.com,0,1,17433,4.241372130158435,8015,68,1000,7947,0,1492,3650,22,21,0,1,89,9,7361,1,1,1,16509,9513,US
1248,mybb.ru,0,1,36625,4.563777633362166,7650,2752,1000,4897,1,-1,-1,-1,-1,-1,-1,-1,-1,-1,-1,-1,1,51520,5725,
1249,mybeautifulbride.net,0,1,638958,5.80547231204304,2603,102,1000,2500,1,-1,-1,-1,-1,-1,-1,-1,-1,2808,1,1,1,13335,5790,US
1250,mybloglicious.com,0,1,38949,4.590496311814564,5691,48,1000,5642,1,-1,-1,-1,-1,-1,-1,-1,-1,2985,1,1,1,13335,5790,US
1251,mycadent.com,0,1,68971,4.838666522803984,6068,76,1000,5991,1,56,6017,57,9,0,1,394,7,6881,1,1,1,16509,9513,US
1252,mydhl.express.dhl,0,1,15199,4.181815014999474,2861,1,1000,2859,0,58,3222,94,10,0,0,365,2,3232,1,1,1,20940,8665,
1253,myexternalip.com,0,1,13881,4.142420754219559,5734,26,1000,5707,1,234,4441,59,10,0,1,89,4,5770,1,1,1,396982,2836,US
1254,myfigurecollection.net,0,1,18058,4.256669648687233,6167,4168,1000,1998,1,309,5870,58,14,0,1,90,16,6170,1,1,1,13335,5790,US
1255,myflorida.com,0,1,11915,4.076094046682475,9622,7668,1000,1953,1,2956,7162,762,61,0,1,90,13,9757,1,1,1,8103,10629,US
1256,mygrocerydeals.com,0,1,119827,5.078554686415881,7769,68,1000,7700,1,418,6311,297,14,0,1,89,60,7861,1,1,1,16509,9513,US
1257,myhentaigallery.com,0,1,9503,3.9778607292646972,6685,2,1000,6683,1,483,3064,27,23,0,1,90,8,3063,1,1,1,13335,5790,US
1258,myhosting.com,0,1,46245,4.6650647837821895,10028,6821,1000,3207,1,4166,6988,2463,26,0,1,90,4,10255,1,1,1,18447,9396,US
1259,mylivechat.com,0,1,62370,4.794975744051132,8455,3436,1000,5018,1,542,5461,31,11,0,1,89,25,6848,1,1,1,63023,3130,US
1260,mym.fans,0,1,7873,3.8961402514420196,2628,1271,1000,1356,0,673,2820,22,15,0,1,90,2,2820,1,1,1,16509,9513,US
1261,myparisblog.com,0,1,45688,4.659802147156715,5830,52,1000,5777,1,-1,-1,-1,-1,-1,-1,-1,-1,2342,1,1,1,13335,5790,US
1262,myprivacy.dpgmedia.nl,0,1,25484,4.406267596410004,2113,94,1000,2019,1,-1,-1,-1,-1,-1,-1,-1,-1,2625,1,1,1,20940,8665,
1265,myslo.ru,0,1,66439,4.822423087088354,7277,2817,1000,4459,1,-1,-1,-1,-1,-1,-1,-1,-1,-1,-1,-1,1,57724,3823,
1266,mysteel.com,0,1,86650,4.937768567049936,9694,5917,1000,3776,1,-1,-1,-1,-1,-1,-1,-1,-1,10016,1,1,1,4811,-1,CN
1267,mythemeshop.com,0,1,43305,4.636538042936402,5495,3422,1000,2072,0,543,4879,36,28,0,1,89,12,5505,1,1,1,13335,5790,US
1268,myvobot.com,0,1,116025,5.064551577091067,6744,32,1000,6711,1,-1,-1,-1,-1,-1,-1,-1,-1,3295,1,1,1,13335,5790,US
1269,mzamin.com,0,1,68724,4.837108429160954,6036,3164,1000,2871,1,-1,-1,-1,-1,-1,-1,-1,-1,6122,1,1,1,13335,5790,US
1270,n1info.rs,0,1,7696,3.8862650590297565,4225,749,1000,3476,1,-1,-1,-1,-1,-1,-1,-1,-1,-1,-1,-1,1,13335,5790,US
1271,n26.com,0,1,21634,4.335136825371625,8768,1849,1000,6919,1,-1,-1,-1,-1,-1,-1,-1,-1,7551,1,1,1,16509,9513,US
1272,n2ch.net,0,1,8363,3.92236209678479,5335,3176,1000,2158,1,354,4015,35,10,0,1,190,2,5465,1,1,1,13335,5790,US
1273,naderman.de,0,1,31559,4.499123233404223,8442,1322,1000,7119,1,-1,-1,-1,-1,-1,-1,-1,-1,-1,-1,-1,1,31103,8118,
1274,nativeroll.tv,0,1,134655,5.1292224842391265,3913,843,1000,3070,1,-1,-1,-1,-1,-1,-1,-1,-1,4269,1,1,1,47764,6488,
1275,navdmp.com,0,1,9091,3.9586116577648793,5494,4492,1000,1002,1,-1,-1,-1,-1,-1,-1,-1,-1,5509,1,1,1,20940,8665,
1276,nbc-2.com,0,1,63144,4.800332089797309,10347,6294,1000,4053,1,-1,-1,-1,-1,-1,-1,-1,-1,10545,1,1,1,54113,5343,US
1277,nccu.edu.tw,0,1,21445,4.331326050575092,10782,6365,1000,4417,1,-1,-1,-1,-1,-1,-1,-1,-1,-1,-1,-1,1,1659,-1,TW
1278,ncrpay.com,0,1,52583,4.72084536013243,4923,67,985,4856,0,-1,-1,-1,-1,-1,-1,-1,-1,5023,1,1,1,13335,5790,US
1279,neilpatel.com,0,1,4314,3.6348801407665263,9072,3324,1000,5748,1,1883,3821,23,32,0,1,89,2,10449,1,1,1,13335,5790,US
1280,neixin.cn,0,1,36041,4.556796832486183,3579,30,1000,3549,0,24,3623,372,5,0,1,387,2,-1,-1,-1,1,132203,-1,CN
1281,nend.net,0,1,525297,5.720404920530567,7706,2506,1000,5199,0,403,5416,562,14,0,1,90,4,7910,1,1,0,-1,-1,
1282,neocities.org,0,1,5212,3.7170044070405472,4716,2150,1000,2565,1,2025,4707,18,10,0,1,89,2,4745,1,1,1,395409,3584,US
1283,neologica.it,0,1,136554,5.135304426207603,8576,14,1000,8562,1,-1,-1,-1,-1,-1,-1,-1,-1,-1,-1,-1,1,16509,9513,US
1284,neon.com.br,0,1,43752,4.640997910366583,9884,15,1000,9869,1,682,2906,22,37,0,1,90,2,10395,1,0,1,16509,9513,US
1285,neopets.com,0,1,7010,3.8457180179666586,-1,-1,-1,-1,-1,625,7002,30,29,0,1,89,15,9740,1,1,1,8075,10643,US
1286,net18plus.skin,0,0,-1,-1.0,788,309,11,478,0,47,1025,455,7,0,1,89,2,-1,-1,-1,0,-1,-1,
1287,neterra.net,0,1,43679,4.6402726869436295,8995,1233,1000,7761,0,74,7058,157,11,0,1,369,2,9135,1,1,1,34224,7849,
1288,netjets.com,0,1,96308,4.983662364087664,10335,3875,1000,6459,1,1459,7183,23,30,0,1,394,4,10922,1,1,1,16509,9513,US
1289,netlog.com,0,1,68965,4.838628740544197,9296,4501,1000,4794,1,91,3284,278,6,0,1,90,48,10745,1,1,1,16509,9513,US
1290,netmarketshare.com,0,1,59747,4.776316103492055,9171,3080,1000,6091,1,53,5007,131,6,0,1,396,2,6392,1,1,1,16509,9513,US
1291,netpub.media,0,1,96902,4.986332740724658,1784,114,1000,1670,1,238,1786,25,16,0,1,89,2,1804,1,1,1,13335,5790,US
1292,netsolmail.net,0,1,60242,4.779899381760794,6678,83,1000,6594,1,160,2011,101,2,1,0,90,1,8168,1,1,1,40034,5519,VG
1293,networkmanag.com,0,0,-1,-1.0,4278,187,1000,4090,1,418,4286,33,22,0,1,190,2,4305,1,1,1,13335,5790,US
1294,neubox.com,0,1,297355,5.4732752455228795,9133,4064,1000,5068,1,-1,-1,-1,-1,-1,-1,-1,-1,8281,1,1,1,13335,5790,US
1295,nevosoft.ru,0,1,23285,4.36707624226875,7943,4303,1000,3639,1,-1,-1,-1,-1,-1,-1,-1,-1,-1,-1,-1,1,396982,2836,US
1296,news.amomama.com,0,1,52606,4.721035280623033,2710,15,1000,2694,1,8,2641,33,5,0,0,394,1,3415,1,1,1,16509,9513,US
1297,newsbloger.com,0,1,44606,4.649393280049168,5592,22,1000,5570,1,59,1848,57,5,0,1,90,2,2342,1,1,1,13335,5790,US
1298,newsday.co.tt,0,1,109012,5.03747430754549,9718,6279,1000,3439,1,634,2879,22,9,0,1,89,9,-1,-1,-1,1,22611,4948,US
1299,newstumeweb.com,0,1,391129,5.592320017621925,1142,95,34,1047,0,52,1266,24,4,0,1,90,2,1266,1,1,1,13335,5790,US
1300,newtoki302.com,0,0,-1,-1.0,1034,159,1000,874,1,-1,-1,-1,-1,-1,-1,-1,-1,1154,1,1,1,133618,-1,AU
1302,newtoxic.com,0,0,-1,-1.0,5769,85,986,5683,1,127,1753,22,10,0,1,89,2,1753,1,1,1,13335,5790,US
1303,newzoo.com,0,1,30067,4.4780900975902895,9154,1740,1000,7413,1,1966,3955,26,26,0,1,90,7,8421,1,1,1,13335,5790,US
1304,nexeon.com,0,0,-1,-1.0,9577,23,1000,9553,1,1666,3705,44,25,0,1,89,8,10648,1,1,1,13335,5790,US
1305,nexica.com,0,1,138293,5.140800197908937,10022,108,1000,9913,1,868,6264,41,18,0,1,90,10,10545,1,1,1,24592,8895,
1306,nexigen.digital,0,1,20805,4.318167720128966,1801,11,1000,1790,1,-1,-1,-1,-1,-1,-1,-1,-1,2411,1,1,1,45638,-1,AU
1307,nexign.com,0,1,26392,4.421472302537287,8455,67,1000,8387,1,-1,-1,-1,-1,-1,-1,-1,-1,3499,1,1,1,48102,6428,
1308,next.privat24.ua,0,1,24329,4.3861242584003115,2848,1578,1000,1270,1,-1,-1,-1,-1,-1,-1,-1,-1,7622,1,1,1,16509,9513,US
1309,nextdoor.com,0,1,2688,3.4294292643817874,9977,4130,1000,5847,1,-1,-1,-1,-1,-1,-1,-1,-1,8134,1,1,1,16509,9513,US
1310,nezavisne.com,0,1,19914,4.299158502792247,9345,6215,1000,3129,1,-1,-1,-1,-1,-1,-1,-1,-1,9485,1,1,1,13335,5790,US
1311,nga.cn,0,1,39470,4.5962671263955155,6786,1396,1000,5389,0,-1,-1,-1,-1,-1,-1,-1,-1,-1,-1,-1,1,54994,1134,CA
1312,ngs.ru,0,1,5846,3.7668588110214176,9575,5796,1000,3779,1,1760,6693,24,25,0,1,90,16,-1,-1,-1,1,44310,6725,
1313,ngs55.ru,0,1,98333,4.992699289071321,6095,1967,1000,4127,1,-1,-1,-1,-1,-1,-1,-1,-1,-1,-1,-1,1,44310,6725,
1314,nhanh.vn,0,1,337640,5.528453891597644,6758,38,1000,6720,1,1969,4322,23,25,0,1,89,3,-1,-1,-1,1,396982,2836,US
1315,nhentai.com,0,1,45392,4.656979318451777,6895,16,1000,6878,1,-1,-1,-1,-1,-1,-1,-1,-1,4406,1,1,1,13335,5790,US
1316,nibba.trade,0,0,-1,-1.0,2928,83,194,2844,1,-1,-1,-1,-1,-1,-1,-1,-1,422,1,1,0,-1,-1,
1317,nic.io,0,1,824,2.9159272116971158,10027,2453,1000,7574,1,-1,-1,-1,-1,-1,-1,-1,-1,-1,-1,-1,1,16509,9513,US
1318,nic.kz,0,1,13268,4.122805462847444,10029,965,1000,9063,1,811,4168,24,13,0,0,89,4,-1,-1,-1,1,21282,8983,
1319,nice7777.fun,0,1,17259,4.237015628745162,1345,428,163,917,1,11,1196,57,5,0,1,394,2,-1,-1,-1,1,16509,9513,US
1320,niceporn.tv,0,1,106168,5.025993636165268,2373,19,1000,2353,0,-1,-1,-1,-1,-1,-1,-1,-1,2392,1,1,1,13335,5790,US
1321,nightcafe.studio,0,1,20002,4.301073422940844,2192,16,1000,2176,1,-1,-1,-1,-1,-1,-1,-1,-1,2436,1,1,1,13335,5790,US
1322,ninewest.com,0,1,75970,4.880642126404285,10022,4588,1000,5434,1,725,6672,27,27,0,1,89,2,11093,1,1,1,13335,5790,US
1323,ninite.com,0,1,13233,4.12165831249807,6052,3706,1000,2346,1,-1,-1,-1,-1,-1,-1,-1,-1,6061,1,1,1,16509,9513,US
1324,nios.ac.in,0,1,20966,4.321515581460533,8561,3079,1000,5482,1,-1,-1,-1,-1,-1,-1,-1,-1,8644,1,1,1,38185,-1,IN
1325,nipa.co.th,0,1,484534,5.68532425712322,9090,11,1000,9078,1,-1,-1,-1,-1,-1,-1,-1,-1,9185,1,1,1,132300,-1,TH
1326,nitec.kz,0,1,34605,4.539138853576775,7037,61,1000,6976,1,-1,-1,-1,-1,-1,-1,-1,-1,-1,-1,-1,1,15549,20594,
1327,nitropack.io,0,1,110742,5.044312362603045,2620,2151,1000,468,1,-1,-1,-1,-1,-1,-1,-1,-1,-1,-1,-1,1,13335,5790,US
1328,nitropay.com,0,1,11246,4.050998079173384,8083,1020,1000,7062,1,-1,-1,-1,-1,-1,-1,-1,-1,8234,1,1,1,396982,2836,US
1329,nkiri.com,0,0,-1,-1.0,8509,225,1000,8283,1,-1,-1,-1,-1,-1,-1,-1,-1,2475,1,1,0,-1,-1,
1330,nlnetlabs.nl,0,1,6065,3.782830805202592,9248,1621,1000,7626,1,-1,-1,-1,-1,-1,-1,-1,-1,9619,1,1,1,24940,8753,
1331,nmap.org,0,1,16252,4.210906813654374,9408,3456,1000,5952,1,82,5287,59,9,0,0,89,4,9985,1,1,1,63949,-1,SG
1332,nmt.edu,0,1,38030,4.580126325411582,10677,9157,1000,1520,1,4539,6992,242,49,0,1,90,9,-1,-1,-1,1,53334,4362,US
1333,nnmclub.to,0,1,18930,4.277150613963797,3706,2266,1000,1439,1,329,3709,39,15,0,1,90,4,3709,1,1,1,13335,5790,US
1334,nobitex.ir,0,1,95554,4.980248871836526,2958,3,1000,2954,0,-1,-1,-1,-1,-1,-1,-1,-1,-1,-1,-1,1,205585,1491,
1335,nola.gov,0,1,67539,4.829554626069943,5700,2210,1000,3489,1,-1,-1,-1,-1,-1,-1,-1,-1,5767,1,1,1,62841,4593,US
1336,noodlemagazine.com,0,1,1291,3.1109262422664203,8868,16,1000,8852,1,-1,-1,-1,-1,-1,-1,-1,-1,2893,1,1,1,13335,5790,US
1337,noones.com,0,1,46331,4.665871674038575,8886,19,1000,8866,1,-1,-1,-1,-1,-1,-1,-1,-1,5235,1,1,1,13335,5790,US
1338,nordu.net,0,1,53992,4.732329415133332,10388,1237,1000,9151,1,-1,-1,-1,-1,-1,-1,-1,-1,15115,1,1,1,2603,8779,
1339,norml.org,0,1,44872,4.65197542700146,10782,7168,1000,3613,1,805,7554,32,28,0,1,90,19,10852,1,1,1,2635,4980,US
1340,norstatsurveys.com,0,1,19574,4.291679583982836,5591,7,1000,5583,0,433,4203,42,14,0,1,89,6,6477,1,1,1,15395,8188,
1341,notalwaysright.com,0,1,53219,4.726066709776397,6778,4069,1000,2709,1,-1,-1,-1,-1,-1,-1,-1,-1,6821,1,1,1,20473,9141,US
1342,notamedia.com,0,0,-1,-1.0,8175,70,1000,8105,0,-1,-1,-1,-1,-1,-1,-1,-1,7217,1,1,1,43647,2351,
1343,noticeable.io,0,1,80367,4.905077756958419,3045,29,1000,3016,1,-1,-1,-1,-1,-1,-1,-1,-1,-1,-1,-1,1,13335,5790,US
1344,notifadz.com,0,1,44185,4.6452748593294935,2972,76,1000,2895,1,-1,-1,-1,-1,-1,-1,-1,-1,3050,1,1,1,16509,9513,US
1345,notvpn.io,0,1,168143,5.225678791813288,1403,59,1000,1344,1,-1,-1,-1,-1,-1,-1,-1,-1,-1,-1,-1,1,24940,8753,
1346,novaposhta.ua,0,1,26704,4.4265763193351715,5682,3696,1000,1985,0,-1,-1,-1,-1,-1,-1,-1,-1,5682,1,1,1,396982,2836,US
1347,novaventa.com,0,1,77947,4.8917994048549716,9182,55,1000,9126,1,-1,-1,-1,-1,-1,-1,-1,-1,9415,1,1,1,16509,9513,US
1348,novelfull.net,0,1,70644,4.849075281859794,2724,21,1000,2703,1,-1,-1,-1,-1,-1,-1,-1,-1,1694,1,1,1,13335,5790,US
1349,novelnext.com,0,0,-1,-1.0,2844,7,1000,2836,1,-1,-1,-1,-1,-1,-1,-1,-1,1371,1,1,1,13335,5790,US
1350,novelringan.com,0,1,84141,4.925007669220093,3330,152,1000,3178,1,-1,-1,-1,-1,-1,-1,-1,-1,2675,1,1,1,13335,5790,US
1351,nowiny24.pl,0,1,56846,4.754699910729208,7106,3168,1000,3937,1,-1,-1,-1,-1,-1,-1,-1,-1,7212,1,1,1,13335,5790,US
1352,ns1.com,0,1,436573,5.640056873119337,9479,1647,1000,7831,1,-1,-1,-1,-1,-1,-1,-1,-1,10927,1,1,1,13335,5790,US
1353,nsportal.ru,0,1,37161,4.570087392314027,-1,-1,-1,-1,-1,-1,-1,-1,-1,-1,-1,-1,-1,-1,-1,-1,1,49505,6180,
1354,nstu.ru,0,1,51480,4.711638538232349,10027,2891,1000,7135,1,3539,5845,968,14,0,1,89,22,-1,-1,-1,1,29147,8374,
1355,ntia.gov,0,1,34519,4.538058205908395,-1,-1,-1,-1,-1,-1,-1,-1,-1,-1,-1,-1,-1,3087,1,1,1,8075,10643,US
1356,ntp.org,0,1,67,1.8260748027008264,9720,3804,1000,5916,0,-1,-1,-1,-1,-1,-1,-1,-1,10715,1,1,1,23352,8843,US
1357,ntua.gr,0,1,13353,4.125578849002185,10744,5398,1000,5346,1,3821,6015,1857,19,0,1,90,63,-1,-1,-1,1,3323,20594,
1358,nu.com.mx,0,1,16461,4.216456214915742,4751,27,1000,4723,1,366,2615,32,30,0,1,90,3,-1,-1,-1,1,16509,9513,US
1359,nudelive.com,0,1,65757,4.817941991375582,10027,6,1000,10021,1,839,3908,26,21,0,1,90,2,10258,1,1,1,13335,5790,US
1360,nullschool.net,0,1,34847,4.54216539536008,7837,2,1000,7835,1,-1,-1,-1,-1,-1,-1,-1,-1,8114,1,1,1,13335,5790,US
1361,nuovopay.com,0,1,52147,4.717229328660494,2375,67,1000,2308,1,-1,-1,-1,-1,-1,-1,-1,-1,2531,1,1,1,16509,9513,US
1362,nutrition.org,0,1,13601,4.1335708406140395,10388,7066,1000,3321,1,-1,-1,-1,-1,-1,-1,-1,-1,10641,1,1,1,13335,5790,US
1363,nvi.gov.tr,0,1,39083,4.591987892647553,9889,2794,1000,7094,1,-1,-1,-1,-1,-1,-1,-1,-1,-1,-1,-1,1,209171,2613,
1364,oakland.edu,0,1,36908,4.567120511939161,10388,7669,1000,2719,1,-1,-1,-1,-1,-1,-1,-1,-1,-1,-1,-1,1,13335,5790,US
1365,oast.site,0,1,50319,4.701732001697998,1503,254,863,1248,1,-1,-1,-1,-1,-1,-1,-1,-1,-1,-1,-1,1,14061,4986,US
1366,obsproject.com,0,1,6251,3.7959494989028033,4951,3854,1000,1097,1,-1,-1,-1,-1,-1,-1,-1,-1,4979,1,1,1,16276,20594,
1367,oceanwp.org,0,1,36122,4.557771788289236,3281,2252,1000,1029,0,-1,-1,-1,-1,-1,-1,-1,-1,3517,1,1,1,13335,5790,US
1368,ochin.org,0,1,50559,4.703798475504218,9153,30,1000,9123,1,306,6252,22,16,0,1,89,4,7611,1,1,1,209242,2625,
1369,ocnk.net,0,1,23973,4.379722385386193,8005,6858,1000,1146,1,806,6923,24,19,0,1,90,2,8104,1,1,1,9371,-1,JP
1370,oct8ne.com,0,1,45788,4.660751674147193,4511,67,1000,4443,0,-1,-1,-1,-1,-1,-1,-1,-1,4774,1,1,1,398101,2395,US
1371,oddspedia.com,0,1,26502,4.423278649642035,4724,729,1000,3994,1,-1,-1,-1,-1,-1,-1,-1,-1,4776,1,1,1,13335,5790,US
1372,odesli.co,0,1,41571,4.618790471685871,2408,1105,1000,1302,1,-1,-1,-1,-1,-1,-1,-1,-1,-1,-1,-1,1,54113,5343,US
1373,ogp.me,0,1,52828,4.722864169168759,5771,5201,1000,569,1,75,2492,23,11,0,1,89,2,-1,-1,-1,1,54113,5343,US
1374,oilprice.com,0,1,5135,3.710540447933297,10734,4542,1000,6191,1,-1,-1,-1,-1,-1,-1,-1,-1,11154,1,1,1,16509,9513,US
1375,ok.ru,0,1,295,2.469822015978163,10745,3567,1000,7178,1,-1,-1,-1,-1,-1,-1,-1,-1,-1,-1,-1,1,47764,6488,
1376,okdiario.com,0,1,6307,3.7998228309933197,3893,2454,1000,1438,1,-1,-1,-1,-1,-1,-1,-1,-1,4237,1,1,1,13335,5790,US
1377,okendo.io,0,1,10427,4.01815937354091,3246,666,1000,2579,1,-1,-1,-1,-1,-1,-1,-1,-1,-1,-1,-1,1,209242,2625,
1378,oklahoma.gov,0,1,20196,4.305265362023449,8148,1778,1000,6370,1,-1,-1,-1,-1,-1,-1,-1,-1,9032,1,1,1,16509,9513,US
1379,olan.ru,0,1,66970,4.8258802989361795,9181,266,1000,8915,1,-1,-1,-1,-1,-1,-1,-1,-1,-1,-1,-1,1,50214,6013,
1380,oldnavy.gap.com,0,1,3979,3.599773939146388,6303,3823,1000,2480,1,-1,-1,-1,-1,-1,-1,-1,-1,11938,1,1,1,16625,9487,US
1381,olemiss.edu,0,1,16523,4.218088902860845,10622,7600,1000,3022,1,-1,-1,-1,-1,-1,-1,-1,-1,-1,-1,-1,1,25656,8801,US
1382,ome.tv,0,1,6923,3.840294331611436,3857,556,1000,3300,0,-1,-1,-1,-1,-1,-1,-1,-1,3906,1,1,1,13335,5790,US
1383,omegle.cc,0,1,29683,4.472507792078809,5675,66,1000,5608,1,-1,-1,-1,-1,-1,-1,-1,-1,1877,1,1,1,13335,5790,US
1384,omnidesk.ru,0,1,37695,4.576283747648257,4458,69,1000,4389,0,462,4402,21,18,0,1,89,63,-1,-1,-1,1,13335,5790,US
1385,omniglot.com,0,1,29537,4.470366383000007,9395,3287,1000,6107,1,518,3677,57,10,0,1,90,12,9594,1,1,1,204436,1427,
1386,omnycontent.com,0,1,39404,4.595540310397959,3890,2733,1000,1157,0,29,4109,120,6,0,1,394,2,4109,1,1,1,16509,9513,US
1387,omsystem.com,0,1,34401,4.536571067227623,8581,5,1000,8576,1,1905,1673,18,37,0,1,89,27,7783,1,1,1,16509,9513,US
1388,ondisk.co.kr,0,1,9474,3.976533380391938,6888,1,1000,6886,1,20,6442,272,10,0,1,396,2,-1,-1,-1,1,3786,-1,KR
1389,one.nz,0,1,30870,4.489536629482095,3040,187,1000,2852,1,-1,-1,-1,-1,-1,-1,-1,-1,-1,-1,-1,1,9500,-1,NZ
1390,one.store,0,1,36597,4.563445486027048,1678,13,1000,1665,1,-1,-1,-1,-1,-1,-1,-1,-1,-1,-1,-1,1,13335,5790,US
1391,onedio.com,0,1,6627,3.821316970591097,5493,3456,1000,2037,0,4478,4433,23,37,0,1,90,7,5653,1,1,1,16509,9513,US
1392,onelook.com,0,1,26988,4.431170701483257,10806,7508,1000,3298,1,-1,-1,-1,-1,-1,-1,-1,-1,10892,1,1,1,16509,9513,US
1393,onenet.net,0,1,36875,4.56673202898622,10600,1803,1000,8796,1,2935,7593,1993,11,0,1,90,10,12132,1,1,1,5078,11294,US
1394,onku88.com,0,0,-1,-1.0,1078,728,72,349,1,15,1089,383,3,0,0,90,5,-1,-1,-1,0,-1,-1,
1395,online.kz,0,1,87706,4.943029304628967,9506,721,1000,8785,1,773,6175,33,15,0,1,89,2,-1,-1,-1,1,9198,8644,
1396,onlineradiobox.com,0,1,10918,4.038143089969942,3927,2474,1000,1452,1,2040,3612,19,21,0,1,89,7,4593,1,1,1,13335,5790,US
1397,onlyfans.com,0,1,841,2.924795995797912,9154,2031,1000,7122,0,5054,3635,427,24,0,1,89,2,4859,1,1,1,13335,5790,US
1398,onzeblog.com,0,1,45660,4.659535907154217,5834,17,1000,5817,1,63,1868,37,6,0,1,90,2,2049,1,1,1,13335,5790,US
1399,openai.com,0,1,258,2.41161970596323,9085,2672,1000,6412,1,5105,3819,487,33,0,1,89,4,7061,1,1,1,13335,5790,US
1400,openhd.ru,0,1,32248,4.508502785144994,5864,315,1000,5549,1,-1,-1,-1,-1,-1,-1,-1,-1,-1,-1,-1,1,29182,8367,
1401,openlayers.org,0,1,45777,4.660647327741384,7501,3477,1000,4023,1,-1,-1,-1,-1,-1,-1,-1,-1,7623,1,1,1,13335,5790,US
1402,openstreetmap.de,0,1,16502,4.217536582779137,6810,2442,1000,4368,1,-1,-1,-1,-1,-1,-1,-1,-1,-1,-1,-1,1,24940,8753,
1403,oppaku88.com,0,0,-1,-1.0,1032,455,68,576,1,16,1089,220,4,0,0,90,5,220,2,1,1,22612,5448,US
1404,optimi.com,0,0,-1,-1.0,9772,316,1000,9455,1,-1,-1,-1,-1,-1,-1,-1,-1,3286,1,1,1,13335,5790,US
1405,opusdei.org,0,1,39136,4.592576435356191,10781,5443,1000,5337,1,-1,-1,-1,-1,-1,-1,-1,-1,11122,1,1,1,13335,5790,US
1406,orangedata.ru,0,1,7515,3.875928984922927,3300,73,1000,3227,1,-1,-1,-1,-1,-1,-1,-1,-1,-1,-1,-1,1,20764,8671,
1407,organicconsumers.org,0,1,52592,4.720919686737549,9885,5639,1000,4246,1,-1,-1,-1,-1,-1,-1,-1,-1,10020,1,1,1,14061,4986,US
1408,osxdaily.com,0,1,36525,4.562590224606335,7078,3913,1000,3164,1,-1,-1,-1,-1,-1,-1,-1,-1,7126,1,1,1,30633,5713,US
1409,otktel.ru,0,1,343129,5.53545742457829,3348,73,1000,3275,1,-1,-1,-1,-1,-1,-1,-1,-1,-1,-1,-1,1,-1,-1,
1410,otnolatrnup.com,0,0,-1,-1.0,2632,2089,1000,542,1,-1,-1,-1,-1,-1,-1,-1,-1,2633,1,1,1,13335,5790,US
1411,otter.ai,0,1,10308,4.013174409878867,3034,2075,1000,959,0,1018,3386,27,24,0,1,89,3,3078,1,1,1,16509,9513,US
1412,oursogo.com,0,1,80750,4.9071425310031405,7525,3716,1000,3808,1,-1,-1,-1,-1,-1,-1,-1,-1,7601,1,1,1,13335,5790,US
1413,outlook.live.com,0,1,20,1.3010299956639813,5384,3234,1000,2150,0,-1,-1,-1,-1,-1,-1,-1,-1,11467,1,1,1,8075,10643,US
1414,ouvaton.coop,0,1,36845,4.56637856085881,8650,1365,1000,7284,1,3601,6629,21,14,0,1,89,3,8875,1,1,1,28855,8464,
1415,owasp.org,0,1,4149,3.617943434828973,8935,4609,1000,4326,1,-1,-1,-1,-1,-1,-1,-1,-1,9007,1,1,1,13335,5790,US
1416,pagalnew.com,0,1,9875,3.9945371042984976,1889,92,1000,1796,1,-1,-1,-1,-1,-1,-1,-1,-1,1892,1,1,1,13335,5790,US
1417,pancake.vn,0,1,37643,4.575684227707583,4051,62,1000,3989,1,2544,3783,25,24,0,1,89,4,-1,-1,-1,1,45903,-1,VN
1418,panic.com,0,1,32201,4.507869358892674,10743,7242,1000,3500,1,365,7117,33,28,0,1,89,2,12364,1,1,1,174,10962,US
1419,panoramio.com,0,1,13758,4.138555305113583,7525,5398,1000,2126,1,1793,5236,30,7,0,0,83,4,7614,1,1,1,15169,9548,US
1420,pantheon.io,0,1,14562,4.163221026715578,4090,2725,1000,1364,1,-1,-1,-1,-1,-1,-1,-1,-1,-1,-1,-1,1,54113,5343,US
1421,parenting.pl,0,1,354549,5.549676264791379,6793,3283,1000,3509,1,22,4183,52,5,0,1,378,2,6811,1,1,1,31080,8121,
1422,parisjetaime.com,0,1,27416,4.438004091421811,8080,30,1000,8050,1,1169,2909,25,30,0,1,90,2,9572,1,1,1,13335,5790,US
1423,parl.ca,0,1,32656,4.513962987371995,3294,3160,1000,133,1,370,3368,25,14,0,1,89,12,3605,1,1,1,8075,10643,US
1424,partnervermittlungsingleboerse.de,0,1,979674,5.991081582269194,1841,70,1000,1770,0,109,2032,48,13,0,1,89,2,-1,-1,-1,1,34788,7715,
1425,partsouq.com,0,1,8119,3.9095025414054154,4865,3,1000,4862,1,260,4755,27,18,0,1,90,2,5119,1,1,1,13335,5790,US
1426,pasarbokep.com,0,1,11349,4.0549575960124065,6455,16,1000,6438,1,-1,-1,-1,-1,-1,-1,-1,-1,2946,1,1,1,13335,5790,US
1427,passport.weibo.com,0,1,323,2.509202522331103,4530,139,1000,4391,1,-1,-1,-1,-1,-1,-1,-1,-1,9924,1,1,1,37936,-1,CN
1428,payanyway.ru,0,1,20618,4.314246535288421,5857,5,1000,5851,1,-1,-1,-1,-1,-1,-1,-1,-1,-1,-1,-1,1,204198,3948,
1429,paydayloanservice.org,0,0,-1,-1.0,5864,58,1000,5806,1,-1,-1,-1,-1,-1,-1,-1,-1,1408,1,1,1,31898,5540,US
1430,paydayloansindiana.org,0,1,709544,5.850979331949522,5354,23,1000,5330,0,61,2192,61,7,0,1,90,2,2252,1,1,0,-1,-1,
1431,payfit.com,0,1,36079,4.557254491716343,5581,14,1000,5567,0,-1,-1,-1,-1,-1,-1,-1,-1,7124,1,1,1,16509,9513,US
1432,payforessay.net,0,1,74370,4.871397781487484,4839,5,1000,4833,1,-1,-1,-1,-1,-1,-1,-1,-1,4859,1,1,1,13335,5790,US
1433,paytm.com,0,1,8310,3.919601023784111,9071,3870,1000,5201,1,-1,-1,-1,-1,-1,-1,-1,-1,8367,1,1,1,13335,5790,US
1434,pebblehost.com,0,1,76195,4.88192647339137,5618,371,1000,5246,1,4837,3278,43,29,0,1,90,6,3277,1,1,1,13335,5790,US
1435,pedetogel.me,0,0,-1,-1.0,984,390,19,594,0,71,1100,29,7,0,1,89,2,-1,-1,-1,1,13335,5790,US
1436,pendo.io,0,1,935,2.9708116108725178,4463,2382,1000,2080,1,5095,4510,595,28,0,1,90,16,-1,-1,-1,1,396982,2836,US
1437,people.com,0,1,790,2.8976270912904414,10029,7727,1000,2301,0,1374,6537,23,42,0,1,260,28,11676,1,1,1,13335,5790,US
1438,pepper.com,0,1,35570,4.55108386518578,10780,1627,1000,9153,1,2669,7314,21,36,0,1,89,6,9479,1,1,1,13335,5790,US
1439,perfectgonzo.com,0,1,100958,5.004140738516866,8201,5591,1000,2609,1,-1,-1,-1,-1,-1,-1,-1,-1,8318,1,1,1,13335,5790,US
1440,periodista.gr,0,1,622882,5.79440578084424,4989,586,1000,4403,1,-1,-1,-1,-1,-1,-1,-1,-1,-1,-1,-1,1,13335,5790,US
1441,permutive.com,0,1,3840,3.584331224367531,4336,2026,1000,2310,1,-1,-1,-1,-1,-1,-1,-1,-1,4461,1,1,1,13335,5790,US
1442,pex.jp,0,1,9708,3.987129767659897,8123,2908,1000,5214,1,-1,-1,-1,-1,-1,-1,-1,-1,-1,-1,-1,1,16509,9513,US
1443,pgammedia.com,0,1,7432,3.871105700985585,3035,3,1000,3031,0,-1,-1,-1,-1,-1,-1,-1,-1,3202,1,1,1,16509,9513,US
1444,pgzs.com,0,0,-1,-1.0,8462,256,1000,8205,1,-1,-1,-1,-1,-1,-1,-1,-1,6884,1,1,1,37963,-1,CN
1445,pharmeasy.in,0,1,19356,4.286815613436587,4080,1760,1000,2320,1,637,3276,27,22,0,1,90,50,4108,1,1,1,16509,9513,US
1446,phnompenhpost.com,0,1,59806,4.776744756499716,9466,5130,1000,4336,1,-1,-1,-1,-1,-1,-1,-1,-1,9606,1,1,1,47583,5526,DE
1447,photozou.jp,0,1,20298,4.307453248171624,7736,5952,1000,1783,0,-1,-1,-1,-1,-1,-1,-1,-1,-1,-1,-1,1,9370,-1,JP
1448,phrases.org.uk,0,1,35085,4.545121480864834,8035,4485,1000,3550,1,983,3355,49,17,0,1,89,12,8064,1,1,1,13335,5790,US
1449,piano.io,0,1,3796,3.579326203755255,4717,3163,1000,1554,1,5098,3936,1505,17,0,1,90,4,-1,-1,-1,1,13335,5790,US
1451,picpay.com,0,1,5215,3.7172543127625497,8278,65,1000,8212,1,2270,5013,22,48,0,1,393,11,8989,1,1,1,16509,9513,US
1452,pictogrammers.com,0,1,203684,5.308956915182665,1662,28,1000,1633,1,-1,-1,-1,-1,-1,-1,-1,-1,2087,1,1,1,14618,7503,US
1453,pilotx.tv,0,1,186029,5.269580651520307,3015,2683,1000,332,1,343,3060,34,16,0,1,190,2,3073,1,1,1,13335,5790,US
1454,pima.edu,0,1,40751,4.6101382704785285,10729,3973,1000,6755,1,3514,7462,22,44,0,1,89,13,-1,-1,-1,1,13335,5790,US
1455,pin-up.ua,0,1,412779,5.615717594587882,886,3,1000,882,1,-1,-1,-1,-1,-1,-1,-1,-1,1993,1,1,1,209242,2625,
1456,pinayflix.me,0,0,-1,-1.0,1527,16,1000,1510,1,-1,-1,-1,-1,-1,-1,-1,-1,-1,-1,-1,1,13335,5790,US
1457,pinayflix2.com,0,0,-1,-1.0,1082,228,1000,854,1,-1,-1,-1,-1,-1,-1,-1,-1,1089,1,1,1,13335,5790,US
1458,pixad.com.tr,0,1,4244,3.627775375229303,2307,67,1000,2239,1,-1,-1,-1,-1,-1,-1,-1,-1,-1,-1,-1,1,13335,5790,US
1459,pixfuture.com,0,1,12589,4.099991233544684,5666,2112,1000,3553,1,-1,-1,-1,-1,-1,-1,-1,-1,5689,1,1,1,13335,5790,US
1460,pixhost.to,0,1,11763,4.070518097019869,2974,276,1000,2697,0,-1,-1,-1,-1,-1,-1,-1,-1,2976,1,1,1,48326,6398,
1461,pizzasoft.ru,0,1,40377,4.606134047845697,3528,135,1000,3392,1,-1,-1,-1,-1,-1,-1,-1,-1,-1,-1,-1,1,208398,1213,
1462,placeholder.com,0,1,19131,4.281737671706917,7153,3080,1000,4073,1,-1,-1,-1,-1,-1,-1,-1,-1,8781,1,1,1,16509,9513,US
1464,placeit.net,0,1,13120,4.117933835039642,9177,2699,1000,6477,1,-1,-1,-1,-1,-1,-1,-1,-1,4613,1,1,1,13335,5790,US
1465,planetpush.net,0,1,190035,5.278833595200251,2115,21,862,2094,0,-1,-1,-1,-1,-1,-1,-1,-1,2261,1,1,1,15317,3348,US
1466,plantronicsmanager.com,0,1,653566,5.815289451118516,2992,491,247,2501,1,-1,-1,-1,-1,-1,-1,-1,-1,4419,1,1,0,-1,-1,
1467,playstream.media,0,1,22686,4.355757927746179,2609,1101,1000,1508,1,-1,-1,-1,-1,-1,-1,-1,-1,2893,1,1,1,24940,8753,
1468,playvideodirect.com,0,0,-1,-1.0,1061,312,1000,749,1,4969,1124,167,9,0,1,89,12,684,1,1,1,63949,-1,SG
1469,plu.mx,0,1,16266,4.211280767964129,4631,39,1000,4592,0,92,4795,136,10,0,1,394,6,-1,-1,-1,1,14618,7503,US
1470,plurall.net,0,1,34255,4.534723971855402,7351,7,1000,7343,1,-1,-1,-1,-1,-1,-1,-1,-1,7746,1,1,1,16509,9513,US
1471,pluto.tv,0,1,1814,3.2586372827240764,4722,2979,1000,1742,0,-1,-1,-1,-1,-1,-1,-1,-1,4834,1,1,1,14618,7503,US
1472,pmmvy.nic.in,0,0,-1,-1.0,1141,425,286,715,0,-1,-1,-1,-1,-1,-1,-1,-1,7818,1,1,0,-1,-1,
1473,po.st,0,1,62703,4.7972883199738945,7804,5108,1000,2695,1,-1,-1,-1,-1,-1,-1,-1,-1,-1,-1,-1,1,206834,3493,
1474,pocketcasts.com,0,1,11950,4.077367905284157,5539,2380,1000,3159,1,-1,-1,-1,-1,-1,-1,-1,-1,5643,1,1,1,16509,9513,US
1475,poe.com,0,1,13486,4.129883155340622,10745,1186,1000,9558,1,-1,-1,-1,-1,-1,-1,-1,-1,8791,1,1,1,13335,5790,US
1476,poinews.jp,0,1,90111,4.9547778092665915,3182,50,1000,3131,1,-1,-1,-1,-1,-1,-1,-1,-1,-1,-1,-1,1,16509,9513,US
1477,pointandplace.com,0,1,40388,4.606252347587676,2851,2,1000,2848,1,-1,-1,-1,-1,-1,-1,-1,-1,3149,1,1,1,16509,9513,US
1478,pokefarm.com,0,1,8935,3.951094556841663,6848,1162,1000,5686,1,-1,-1,-1,-1,-1,-1,-1,-1,6880,1,1,1,13335,5790,US
1479,poki.com.br,0,0,-1,-1.0,9067,1721,1000,7345,1,-1,-1,-1,-1,-1,-1,-1,-1,6442,1,1,1,13335,5790,US
1480,polimi.it,0,1,11250,4.051152522447381,10698,4877,1000,5820,1,-1,-1,-1,-1,-1,-1,-1,-1,-1,-1,-1,1,137,8673,
1481,polisen.se,0,1,32966,4.5180662542916075,9180,3695,1000,5484,1,532,7442,23,15,0,1,365,9,-1,-1,-1,1,2799,20594,
1482,polit.ru,0,1,55072,4.740930848647467,10052,5191,1000,4860,0,267,3774,72,17,0,1,89,3,-1,-1,-1,1,-1,-1,
1483,polskiobserwator.de,0,1,127715,5.106241907714924,3614,12,1000,3601,1,168,2828,24,15,0,1,89,2,-1,-1,-1,1,13335,5790,US
1484,poni25.net,0,0,-1,-1.0,1141,306,1000,834,0,45,1162,235,7,0,1,89,2,1162,1,1,1,16509,9513,US
1485,pool.kryptex.com,0,1,46679,4.669121543621538,1300,6,1000,1294,0,58,1303,78,5,1,0,89,1,8740,1,1,1,59796,4255,
1486,porion.hu,0,1,49697,4.696330172983438,7266,243,1000,7023,1,-1,-1,-1,-1,-1,-1,-1,-1,-1,-1,-1,1,47710,5005,
1487,porkbun.com,0,1,1802,3.255754786643044,7845,1205,1000,6640,1,-1,-1,-1,-1,-1,-1,-1,-1,9644,1,1,1,16509,9513,US
1488,porngames.games,0,1,63472,4.802582183130076,2959,736,1000,2223,0,404,3214,44,16,0,1,90,2,3228,1,1,1,13335,5790,US
1489,pornhdmate.com,0,1,73141,4.864160893813251,1690,393,1000,1297,0,127,1997,26,14,0,1,89,2,2022,1,1,1,13335,5790,US
1490,pornhindisex.com,0,1,10249,4.010681493131443,1628,120,1000,1507,1,-1,-1,-1,-1,-1,-1,-1,-1,2058,1,1,1,13335,5790,US
1491,porno18.site,0,1,10012,4.000520840936185,2700,70,1000,2630,1,63,2262,42,6,0,1,90,2,-1,-1,-1,1,13335,5790,US
1492,pornogids.net,0,1,721778,5.858403640505129,2500,232,1000,2267,1,180,2732,28,14,0,1,89,5,2741,1,1,1,13335,5790,US
1493,pornogratisdiario.com,0,1,9191,3.963362766103736,4207,939,1000,3267,1,950,3646,35,26,0,1,89,3,4224,1,1,1,13335,5790,US
1494,pornoxnxx.video,0,0,-1,-1.0,-1,-1,-1,-1,-1,113,1511,29,10,0,1,89,2,1510,1,1,1,13335,5790,US
1495,portal.abczdrowie.pl,0,1,10997,4.04127422505423,5458,3310,1000,2148,1,-1,-1,-1,-1,-1,-1,-1,-1,6684,1,1,1,31080,8121,
1496,portal.pixelfederation.com,0,1,42049,4.623755671961612,4914,2927,1000,1986,0,39,2172,54,6,0,0,89,1,5081,1,1,1,13335,5790,US
1497,portales.bancochile.cl,0,1,40804,4.610702738893248,2074,266,1000,1808,0,-1,-1,-1,-1,-1,-1,-1,-1,-1,-1,-1,1,19551,5608,US
1498,pos4d899.com,0,0,-1,-1.0,1014,624,194,389,1,-1,-1,-1,-1,-1,-1,-1,-1,-1,-1,-1,0,-1,-1,
1499,positivepsychology.com,0,1,15478,4.18971484232368,9296,899,1000,8396,1,541,2799,32,24,0,1,89,6,9774,1,1,1,13335,5790,US
1500,poste.it,0,1,1249,3.0965624383741357,9575,6007,1000,3567,1,5011,7181,961,19,0,1,366,5,-1,-1,-1,1,8075,10643,US
1501,postgen.com,0,1,98658,4.994132307175506,9178,194,1000,8983,1,705,2443,27,15,0,1,89,2,6310,1,1,1,53831,4887,US
1502,postimages.org,0,1,13495,4.1301728888925355,5737,2796,1000,2940,1,163,3262,28,10,1,1,89,3,5623,1,1,1,63023,3130,US
1503,postjung.com,0,1,50860,4.70637635583969,8080,4606,1000,3474,1,-1,-1,-1,-1,-1,-1,-1,-1,8102,1,1,1,396982,2836,US
1504,poynt.net,0,1,19189,4.283052342854391,6020,19,1000,6000,1,-1,-1,-1,-1,-1,-1,-1,-1,4452,1,1,1,16509,9513,US
1505,pp.ua,0,1,4260,3.629409599102719,6611,2914,1000,3697,1,-1,-1,-1,-1,-1,-1,-1,-1,6714,1,1,1,14061,4986,US
1506,preciso.net,0,1,37716,4.576525627065205,9217,14,1000,9202,1,-1,-1,-1,-1,-1,-1,-1,-1,2849,1,1,1,13335,5790,US
1507,prehrajto.cz,0,1,8649,3.93696589710787,4762,1,1000,4761,1,580,3719,56,15,0,1,89,2,4259,1,1,1,51586,1219,
1508,preply.com,0,1,4524,3.6555225962534177,5591,2357,1000,3233,0,-1,-1,-1,-1,-1,-1,-1,-1,5596,1,1,1,13335,5790,US
1509,presearch.com,0,1,61871,4.791487135431221,10352,749,1000,9602,1,-1,-1,-1,-1,-1,-1,-1,-1,11529,1,1,1,13335,5790,US
1510,presidenslot2.org,0,0,-1,-1.0,1012,252,15,759,1,-1,-1,-1,-1,-1,-1,-1,-1,-1,-1,-1,0,-1,-1,
1511,president.gov.ua,0,1,16680,4.22219604630172,8635,4745,1000,3889,1,-1,-1,-1,-1,-1,-1,-1,-1,-1,-1,-1,1,20940,8665,
1512,presinet.ne.jp,0,1,11854,4.073864922903,6642,71,1000,6570,0,4242,3083,25,8,0,1,89,4,-1,-1,-1,1,4694,-1,JP
1513,prettyrussianbrides.com,0,1,664117,5.822244597407488,8689,168,1000,8520,1,78,6770,72,11,0,1,89,2,2476,1,1,1,13335,5790,US
1514,prf.hn,0,1,5535,3.7431176252147416,5525,2618,1000,2906,0,23,5596,227,5,0,1,396,3,5896,1,1,1,31151,5535,
1515,pringed.space,0,0,-1,-1.0,1768,83,207,1684,1,99,1788,21,10,0,1,89,2,-1,-1,-1,1,14618,7503,US
1516,printify.com,0,1,25306,4.403223503703725,6219,1230,1000,4988,1,1203,3037,24,33,0,1,89,4,7923,1,1,1,13335,5790,US
1517,privat.globalconnect.se,0,0,-1,-1.0,1213,216,1000,997,1,-1,-1,-1,-1,-1,-1,-1,-1,-1,-1,-1,1,12552,8877,
1518,privatbank.ua,0,1,16048,4.205420915676343,8506,4283,1000,4222,1,4935,7280,1814,24,0,1,395,8,8745,1,1,1,16509,9513,US
1519,privateemail.com,0,1,30097,4.478523208272323,9051,2004,1000,7047,1,-1,-1,-1,-1,-1,-1,-1,-1,8407,1,1,1,22612,5448,US
1520,privatter.net,0,1,41401,4.617010831199084,4832,16,1000,4815,1,-1,-1,-1,-1,-1,-1,-1,-1,4838,1,1,1,13335,5790,US
1521,privilegemovies.com,0,1,21954,4.341513659870251,4159,16,753,4142,1,282,4486,42,13,0,1,394,3,4720,1,1,1,16509,9513,US
1522,prlog.ru,0,1,77401,4.888746571686464,5070,3017,1000,2053,1,-1,-1,-1,-1,-1,-1,-1,-1,-1,-1,-1,1,13335,5790,US
1523,prmovies.monster,0,0,-1,-1.0,1004,302,79,701,1,-1,-1,-1,-1,-1,-1,-1,-1,1015,1,1,1,63949,-1,SG
1524,pro.sony,0,1,49100,4.691081492122969,3009,622,1000,2387,0,444,3078,20,27,0,1,90,14,3090,1,1,1,20940,8665,
1525,problogger.com,0,1,34208,4.534127683528684,8087,2925,1000,5162,1,485,4248,30,15,0,1,175,2,8144,1,1,1,13335,5790,US
1526,profitel.ru,0,1,69930,4.844663528240239,7210,167,1000,7043,0,78,2716,48,8,0,1,89,2,-1,-1,-1,1,57487,5306,
1527,projectsegfau.lt,0,1,97171,4.98753667213652,1487,6,1000,1480,1,-1,-1,-1,-1,-1,-1,-1,-1,-1,-1,-1,1,58212,2227,
1528,promo.nj.betmgm.com,0,1,11804,4.072029200827922,2379,436,1000,1942,1,9,2481,2103,1,0,0,672,2,8694,1,1,1,13335,5790,US
1529,proton.me,0,1,3005,3.4778444763387584,3611,1393,1000,2217,1,475,2093,26,22,0,1,89,3,-1,-1,-1,1,62371,3837,
1530,prtimes.jp,0,1,3724,3.571009672309305,6972,2760,1000,4211,0,-1,-1,-1,-1,-1,-1,-1,-1,-1,-1,-1,1,54113,5343,US
1531,psicologiaymente.com,0,1,33586,4.526158283646069,5729,162,1000,5566,1,-1,-1,-1,-1,-1,-1,-1,-1,5915,1,1,1,13335,5790,US
1532,psu.ac.th,0,1,43538,4.638868475028603,10691,1424,1000,9267,1,-1,-1,-1,-1,-1,-1,-1,-1,9986,1,1,1,13335,5790,US
1533,psyche.co,0,1,43512,4.638609045807114,4660,541,1000,4119,1,-1,-1,-1,-1,-1,-1,-1,-1,-1,-1,-1,1,16509,9513,US
1534,public.app,0,1,72135,4.858146036129488,2213,6,1000,2207,1,-1,-1,-1,-1,-1,-1,-1,-1,2934,1,1,1,16509,9513,US
1535,publicdomainpictures.net,0,1,30292,4.481327948152575,6981,3168,1000,3813,1,-1,-1,-1,-1,-1,-1,-1,-1,6994,1,1,1,13335,5790,US
1536,purelovers.com,0,1,47385,4.67564088496083,10052,2849,1000,7203,1,-1,-1,-1,-1,-1,-1,-1,-1,10137,1,1,1,13335,5790,US
1537,pushflow.net,0,0,-1,-1.0,5621,9,1000,5611,0,-1,-1,-1,-1,-1,-1,-1,-1,2219,1,1,1,13335,5790,US
1538,pushmeup.art,0,0,-1,-1.0,1925,414,1000,1511,0,214,1927,42,11,0,1,89,5,293,2,1,1,63949,-1,SG
1539,pushsupreme.com,0,1,75256,4.876541131016879,1216,44,301,1172,0,126,1276,28,5,1,1,89,3,1276,1,1,1,15317,3348,US
1540,pushy.me,0,1,13323,4.124602027893339,4018,6,1000,4012,0,2361,4157,23,16,0,1,90,2,-1,-1,-1,1,14618,7503,US
1541,putty.org,0,1,27539,4.439948166045564,9080,2987,1000,6093,1,37,3042,21,10,0,0,197,2,9699,1,1,1,16509,9513,US
1542,pvplegacy.net,0,1,102779,5.011904387852027,2017,26,1000,1991,0,1308,2968,23,20,0,1,89,5,2973,1,1,1,13335,5790,US
1543,pwr.edu.pl,0,1,28488,4.454661960666197,6937,2474,1000,4462,1,2476,5042,1686,17,0,1,90,14,8457,1,1,1,8970,20594,
1544,pymnts.com,0,1,12260,4.088490470182396,6083,4145,1000,1937,1,1615,3184,25,27,0,1,89,2,6153,1,1,1,2635,4980,US
1545,qiyukf.com,0,1,17933,4.253652948483564,3827,1838,1000,1988,1,39,3839,183,6,0,1,393,2,3850,1,1,1,37963,-1,CN
1546,qizy.net,0,0,-1,-1.0,3281,13,1000,3267,0,144,1584,64,8,0,1,89,2,1584,1,1,1,13335,5790,US
1547,qrs-connect.com,0,1,58669,4.768408685826983,3022,74,851,2947,1,203,2772,310,8,0,1,90,2,3163,1,1,1,14618,7503,US
1548,quadranet.com,0,1,38120,4.581152891966289,9505,1524,1000,7981,1,2121,5979,24,23,0,1,89,8,9730,1,1,1,35916,7713,US
1549,queryly.com,0,1,19829,4.297300812771479,5235,2903,1000,2332,1,-1,-1,-1,-1,-1,-1,-1,-1,5300,1,1,1,13335,5790,US
1550,queue.fortress.com.hk,0,1,40761,4.610244830122282,-1,-1,0,-1,-1,-1,-1,-1,-1,-1,-1,-1,-1,-1,-1,-1,1,20940,8665,
1551,qui-quo.ru,0,1,30923,4.490281620441758,4747,64,1000,4682,0,-1,-1,-1,-1,-1,-1,-1,-1,-1,-1,-1,1,57724,3823,
1552,quickconnect.to,0,1,383,2.583198773968623,4485,5,1000,4480,0,-1,-1,-1,-1,-1,-1,-1,-1,4552,1,1,1,16509,9513,US
1553,quickresto.ru,0,1,72177,4.858398826871144,4367,8,1000,4359,1,472,4487,27,16,0,1,89,2,-1,-1,-1,1,200350,2849,
1554,quiznanny.com,0,1,667024,5.824141460423369,1364,62,1000,1302,1,-1,-1,-1,-1,-1,-1,-1,-1,1474,1,1,1,13335,5790,US
1555,quotemedia.com,0,1,51063,4.708106326433216,9707,6276,1000,3430,1,2542,8044,29,37,0,1,90,8,9855,1,1,1,13335,5790,US
1556,r01.ru,0,1,3906,3.5917322389518356,9182,3519,1000,5662,1,44,6237,49,12,0,1,395,3,-1,-1,-1,1,48287,6406,
1557,r2b2.io,0,1,91633,4.962051905293788,2028,18,1000,2010,1,-1,-1,-1,-1,-1,-1,-1,-1,-1,-1,-1,1,15685,8639,
1558,rabbitmq.com,0,1,29889,4.47551138503771,7075,3021,1000,4053,1,662,6442,20,26,0,1,89,7,7117,1,1,1,13335,5790,US
1559,rach.io,0,1,55216,4.742064941947412,4676,76,1000,4599,1,332,4735,28,21,0,1,394,2,-1,-1,-1,1,16509,9513,US
1560,raconteur.net,0,1,43134,4.634819733995179,8620,3082,1000,5537,1,2371,3407,23,33,0,1,90,3,6962,1,1,1,13335,5790,US
1561,radarcirebon.id,0,0,-1,-1.0,2964,73,1000,2891,1,421,2980,33,18,0,1,89,8,2312,1,1,1,13335,5790,US
1562,radarr.video,0,1,46455,4.667032464412468,3377,2,1000,3374,1,657,3414,33,15,0,1,90,3,3414,1,1,1,13335,5790,US
1563,radius.video,0,1,45240,4.655522596253418,2467,33,1000,2433,1,423,2746,59,11,0,1,89,6,2745,1,1,1,14618,7503,US
1564,raiffeisen.ua,0,1,113474,5.054896364171921,1812,21,1000,1790,1,322,1892,27,23,0,1,90,4,2023,1,1,1,13335,5790,US
1565,rainn.org,0,1,15894,4.201233208680875,10643,7351,1000,3292,1,-1,-1,-1,-1,-1,-1,-1,-1,10761,1,1,1,13335,5790,US
1566,rajneetug2021.com,0,0,-1,-1.0,1609,65,1000,1543,1,-1,-1,-1,-1,-1,-1,-1,-1,1644,1,1,1,13335,5790,US
1567,rajwap.biz,0,1,20687,4.315697514449576,1951,2,1000,1949,1,-1,-1,-1,-1,-1,-1,-1,-1,3836,1,1,1,13335,5790,US
1568,rakuten.co.uk,0,1,116586,5.0666464021571995,9070,3670,1000,5400,1,528,5420,22,26,0,1,89,68,8157,1,1,1,20940,8665,
1569,rakutenadvertising.com,0,1,51244,4.709643022519284,2291,1893,1000,397,0,-1,-1,-1,-1,-1,-1,-1,-1,2830,1,1,1,2635,4980,US
1570,ramnode.com,0,1,32307,4.509296631681026,5106,1789,1000,3316,1,-1,-1,-1,-1,-1,-1,-1,-1,5113,1,1,1,13335,5790,US
1571,rateyourmusic.com,0,1,6375,3.804480189105993,9163,4760,1000,4402,1,-1,-1,-1,-1,-1,-1,-1,-1,9275,1,1,1,13335,5790,US
1572,rating-widget.com,0,1,414381,5.617399834130209,5619,3448,1000,2171,1,-1,-1,-1,-1,-1,-1,-1,-1,5648,1,1,0,-1,-1,
1573,ratutogel138.com,0,0,-1,-1.0,1084,194,403,890,1,-1,-1,-1,-1,-1,-1,-1,-1,1098,1,1,1,209242,2625,
1574,realclub.games,0,0,-1,-1.0,1610,67,89,1543,0,-1,-1,-1,-1,-1,-1,-1,-1,1790,1,1,1,16509,9513,US
1575,reasonlabs.com,0,1,345686,5.538681791327582,6781,1,1000,6779,1,603,6448,27,25,0,1,89,2,7387,1,1,1,16509,9513,US
1576,rebrickable.com,0,1,15707,4.196093243737515,5353,2379,1000,2973,1,925,4248,26,27,0,1,89,4,5488,1,1,1,13335,5790,US
1577,receitatodahora.com.br,0,1,183232,5.263001322005485,4242,96,1000,4145,1,-1,-1,-1,-1,-1,-1,-1,-1,4358,1,0,1,13335,5790,US
1578,recoverydatabase.net,0,1,53057,4.724742690043606,8219,66,1000,8153,1,202,6950,34,14,0,1,394,8,8364,1,1,1,16509,9513,US
1579,red-bean.com,0,1,12422,4.094191524909532,10345,72,1000,10273,1,-1,-1,-1,-1,-1,-1,-1,-1,11207,1,1,1,63949,-1,SG
1580,red-tube.video,0,0,-1,-1.0,2035,154,1000,1881,1,467,2128,51,10,0,1,89,2,2128,1,1,1,13335,5790,US
1581,rediris.es,0,1,11287,4.052578525044658,10388,4980,1000,5408,1,-1,-1,-1,-1,-1,-1,-1,-1,-1,-1,-1,1,766,8647,
1582,redis.io,0,1,3026,3.4808689236871677,5831,2924,1000,2906,1,-1,-1,-1,-1,-1,-1,-1,-1,-1,-1,-1,1,13335,5790,US
1583,redvelvet.co.za,0,1,23005,4.361822237600815,5802,17,1000,5784,1,-1,-1,-1,-1,-1,-1,-1,-1,-1,-1,-1,1,13335,5790,US
1584,refiner.io,0,1,16879,4.227346713181427,2841,66,1000,2775,1,-1,-1,-1,-1,-1,-1,-1,-1,-1,-1,-1,1,16509,9513,US
1585,regex101.com,0,1,24262,4.384926598392155,5012,3243,1000,1768,1,-1,-1,-1,-1,-1,-1,-1,-1,5026,1,1,1,24940,8753,
1586,registeridm.com,0,1,96222,4.983274379587298,6791,65,1000,6725,1,-1,-1,-1,-1,-1,-1,-1,-1,7737,1,1,1,36351,7465,US
1587,registrar.eu,0,1,24255,4.384801278962082,7101,26,1000,7074,1,-1,-1,-1,-1,-1,-1,-1,-1,-1,-1,-1,1,396982,2836,US
1588,registry.in,0,1,205803,5.313451701203623,7812,4103,1000,3708,1,81,4655,41,14,0,1,394,7,357,2,1,1,16509,9513,US
1589,relap.io,0,1,23791,4.376412696991217,4115,3449,1000,666,1,866,4242,196,17,0,1,89,4,-1,-1,-1,1,47764,6488,
1590,reliefweb.int,0,1,6078,3.7837606957439243,10699,7421,1000,3278,1,347,5630,21,19,0,1,89,2,10909,1,0,1,14618,7503,US
1591,remote.com,0,1,34833,4.541990879779469,10344,1506,1000,8838,1,-1,-1,-1,-1,-1,-1,-1,-1,12384,1,1,1,16509,9513,US
1592,remotemode.net,0,1,125569,5.098882435653841,1541,158,1000,1382,0,-1,-1,-1,-1,-1,-1,-1,-1,1685,1,1,1,13335,5790,US
1593,repairpal.com,0,1,32258,4.508637437575895,6788,2199,1000,4588,1,-1,-1,-1,-1,-1,-1,-1,-1,8751,1,1,1,13335,5790,US
1594,replika.ai,0,1,111924,5.048923222810479,3498,2654,1000,843,1,-1,-1,-1,-1,-1,-1,-1,-1,3078,1,1,1,7979,10663,US
1595,republer.com,0,1,387392,5.588150647896439,4458,580,1000,3877,1,-1,-1,-1,-1,-1,-1,-1,-1,4873,1,1,1,204600,3022,
1596,reserva.be,0,1,36353,4.560540256451853,9201,97,1000,9103,1,-1,-1,-1,-1,-1,-1,-1,-1,-1,-1,-1,1,13335,5790,US
1597,responsivevoice.org,0,1,49490,4.694517453811156,4221,2191,1000,2030,1,952,3917,46,18,0,1,89,3,4283,1,1,1,13335,5790,US
1598,restaurantguru.com,0,1,11444,4.058577849133225,9002,1061,1000,7940,1,-1,-1,-1,-1,-1,-1,-1,-1,9006,1,1,1,60068,4368,
1599,resumeworded.com,0,1,87965,4.944309907031343,3148,6,1000,3142,1,-1,-1,-1,-1,-1,-1,-1,-1,3243,1,1,1,13335,5790,US
1600,rethinkad.com,0,1,109832,5.0407288920147,5581,426,474,5155,1,-1,-1,-1,-1,-1,-1,-1,-1,3142,1,1,0,-1,-1,
1601,retool.com,0,1,29243,4.466021924257536,9875,756,1000,9118,1,-1,-1,-1,-1,-1,-1,-1,-1,10445,1,1,1,16509,9513,US
1602,rgo.ru,0,1,23259,4.36659103868917,8815,3210,1000,5604,1,1133,3639,21,11,0,1,89,2,-1,-1,-1,1,57724,3823,
1603,rhodesfoodservice.com,0,1,152805,5.184137565214032,2866,291,1000,2574,1,-1,-1,-1,-1,-1,-1,-1,-1,3183,1,1,1,60781,4755,
1604,rinet.ru,0,1,35941,4.555590156480247,10742,2737,1000,8004,1,-1,-1,-1,-1,-1,-1,-1,-1,-1,-1,-1,0,-1,-1,
1605,ring.com,0,1,734,2.8656960599160706,10780,3836,1000,6944,1,-1,-1,-1,-1,-1,-1,-1,-1,11385,1,1,1,14618,7503,US
1606,riskanalytics.com,0,1,229739,5.361234726353395,10336,70,1000,10266,1,-1,-1,-1,-1,-1,-1,-1,-1,8698,1,1,1,14618,7503,US
1607,rnds.pro,0,1,30928,4.490351836684478,3784,72,1000,3711,1,-1,-1,-1,-1,-1,-1,-1,-1,4271,1,1,1,200350,2849,
1608,robinhood.com,0,1,2723,3.4350476413399647,9874,2722,1000,7152,1,2604,4487,23,30,0,1,89,4,11130,1,1,1,16509,9513,US
1609,rocket.net,0,1,114183,5.057601449305888,8391,688,1000,7703,1,1156,2334,23,18,0,1,89,8,10593,1,1,1,13335,5790,US
1610,roglobal.com,0,1,199379,5.299679413431986,4367,33,1000,4334,1,66,2623,149,12,0,1,365,2,5263,1,1,1,13335,5790,US
1611,rollbar.com,0,1,11344,4.054766217838991,9526,1984,1000,7541,1,997,4836,34,35,0,1,90,8,7958,1,1,1,13335,5790,US
1612,rosalind.info,0,1,60571,4.782264743729289,8219,10,1000,8209,1,62,1641,73,5,1,0,89,1,5107,1,1,1,8075,10643,US
1613,route.com,0,1,13107,4.117503299429231,10022,693,1000,9329,1,-1,-1,-1,-1,-1,-1,-1,-1,10561,1,1,1,16509,9513,US
1615,routeviews.org,0,1,25769,4.411097565508278,9169,9,1000,9160,1,401,2170,21,12,0,0,89,3,9288,1,1,1,3582,11698,US
1616,rp-online.de,0,1,7379,3.867997510344951,10780,6021,1000,4758,1,109,6026,34,18,0,1,90,2,-1,-1,-1,1,13335,5790,US
1617,rrv.ru,0,1,55182,4.741797436868487,7890,159,535,7731,1,-1,-1,-1,-1,-1,-1,-1,-1,-1,-1,-1,1,61400,4956,
1618,rs.sakura.ad.jp,0,0,-1,-1.0,1722,870,1000,851,1,-1,-1,-1,-1,-1,-1,-1,-1,-1,-1,-1,1,9370,-1,JP
1619,rst.ua,0,1,8816,3.94527158150771,4991,2062,1000,2929,1,-1,-1,-1,-1,-1,-1,-1,-1,5999,1,1,1,13335,5790,US
1620,rtbsystem.org,0,1,701741,5.846176851409218,2912,69,1000,2842,0,-1,-1,-1,-1,-1,-1,-1,-1,4737,1,1,1,13335,5790,US
1621,rticoutdoors.com,0,1,137991,5.139850761924435,2844,722,1000,2122,0,227,2655,29,29,0,1,90,2,3756,1,1,1,13335,5790,US
1622,rto-don.net,0,1,141801,5.1516792935617906,3617,308,1000,3309,1,69,3607,100,8,0,1,89,2,3866,1,1,1,216139,946,
1623,rtvi.com,0,1,38140,4.581380688709987,8455,1790,1000,6664,1,1359,3337,39,7,1,1,89,6,8577,1,1,1,57724,3823,
1624,ru.pinterest.com,0,1,47,1.6720978579357175,4514,4115,1000,399,0,0,-1,-1,0,-1,-1,-1,-1,6019,1,1,1,16625,9487,US
1625,ru.sex-studentki.guru,0,1,163001,5.21219026877911,1439,412,1000,1026,1,150,1508,23,4,1,0,89,1,1508,1,1,1,13335,5790,US
1627,rubetek.com,0,1,20022,4.301507457038436,5581,62,1000,5519,1,4036,4174,978,7,0,1,89,10,4563,1,1,1,9123,6623,
1628,runwayml.com,0,1,8445,3.9265996539070276,2963,835,1000,2128,0,-1,-1,-1,-1,-1,-1,-1,-1,2990,1,1,1,16509,9513,US
1629,rustdesk.com,0,1,1224,3.087781417809542,1905,195,1000,1709,1,-1,-1,-1,-1,-1,-1,-1,-1,2149,1,1,1,13335,5790,US
1630,sabq.org,0,1,36407,4.561184893789089,7037,3711,1000,3325,1,-1,-1,-1,-1,-1,-1,-1,-1,7058,1,1,1,13335,5790,US
1631,safar724.com,0,1,235808,5.372558534842697,6227,85,1000,6142,1,30,3614,166,6,0,1,395,3,6370,1,1,1,25184,8668,
1632,salonultimate.com,0,1,58273,4.765467376935314,9210,73,1000,9137,1,146,4590,207,8,0,1,395,2,5126,1,1,1,14618,7503,US
1633,samolet.ru,0,1,24246,4.384640100826291,8997,724,1000,8273,0,-1,-1,-1,-1,-1,-1,-1,-1,-1,-1,-1,1,51115,5830,
1635,samplicio.us,0,1,3180,3.5024271199844326,5780,4721,1000,1058,1,-1,-1,-1,-1,-1,-1,-1,-1,-1,-1,-1,1,16509,9513,US
1636,samsara.com,0,1,5915,3.771954748963949,10730,926,1000,9804,1,-1,-1,-1,-1,-1,-1,-1,-1,10598,1,1,1,16509,9513,US
1637,samsodisha.gov.in,0,1,78095,4.892623229243218,2924,1891,1000,1033,1,19,2914,30,4,0,1,396,2,2931,1,1,1,9829,-1,IN
1638,sangtacviet.vip,0,0,-1,-1.0,1140,2,1000,1138,1,-1,-1,-1,-1,-1,-1,-1,-1,1165,1,1,1,13335,5790,US
1639,satta-matkaa.com,0,0,-1,-1.0,3755,73,978,3681,1,61,2361,308,7,0,1,89,2,1044,1,1,1,16509,9513,US
1640,sattamatka.co,0,0,-1,-1.0,4667,190,727,4476,0,147,2628,58,18,0,1,89,3,-1,-1,-1,1,16509,9513,US
1641,sattamatkaco.com,0,0,-1,-1.0,3329,315,171,3014,1,-1,-1,-1,-1,-1,-1,-1,-1,1109,1,1,1,13335,5790,US
1642,sattamatkajico.in,0,0,-1,-1.0,1043,257,61,785,1,-1,-1,-1,-1,-1,-1,-1,-1,1050,1,1,1,47583,5526,DE
1643,sattaresult.in,0,0,-1,-1.0,3718,553,1000,3165,1,-1,-1,-1,-1,-1,-1,-1,-1,380,1,1,0,-1,-1,
1644,saucenao.com,0,1,107858,5.032852362948094,6409,2202,1000,4207,1,-1,-1,-1,-1,-1,-1,-1,-1,6420,1,1,1,13335,5790,US
1645,sbermegamarket.ru,0,1,32149,4.5071674686681344,1850,1239,1000,610,1,-1,-1,-1,-1,-1,-1,-1,-1,-1,-1,-1,1,201706,4304,
1646,sbnews.in,0,0,-1,-1.0,3237,72,1000,3164,1,159,1823,73,10,0,1,89,2,1823,1,1,0,-1,-1,
1647,scala-lang.org,0,1,31902,4.503817910697822,7053,3720,1000,3333,0,91,6484,66,12,0,1,90,2,7064,1,1,1,13335,5790,US
1648,sco.gov.pk,0,1,191106,5.281274322460483,9036,411,1000,8624,1,318,2782,46,9,0,1,89,2,-1,-1,-1,1,18053,-1,PK
1649,screenpal.com,0,1,30118,4.478826128956197,8205,601,1000,7604,1,-1,-1,-1,-1,-1,-1,-1,-1,8341,1,1,1,14618,7503,US
1650,sdmoviespoint.team,0,0,-1,-1.0,1032,305,1000,726,1,-1,-1,-1,-1,-1,-1,-1,-1,1032,1,1,1,16509,9513,US
1651,seattle.gov,0,1,10326,4.013932120711204,8939,4558,1000,4380,1,-1,-1,-1,-1,-1,-1,-1,-1,9295,1,1,1,16509,9513,US
1652,seaworld.com,0,1,25236,4.402020518733946,10188,4786,1000,5402,1,-1,-1,-1,-1,-1,-1,-1,-1,10711,1,1,1,13335,5790,US
1653,sebrae.com.br,0,1,16997,4.230372274412419,10730,4786,1000,5943,1,-1,-1,-1,-1,-1,-1,-1,-1,11026,1,0,1,54113,5343,US
1654,secondlife.com,0,1,5803,3.7636525705645303,9239,6829,1000,2410,1,-1,-1,-1,-1,-1,-1,-1,-1,8787,1,1,1,20940,8665,
1655,secure.actblue.com,0,1,14876,4.172486169686935,7463,3911,1000,3552,0,-1,-1,-1,-1,-1,-1,-1,-1,8137,1,1,1,54113,5343,US
1656,secure.imvu.com,0,1,13589,4.133187498641167,7673,1541,1000,6131,0,-1,-1,-1,-1,-1,-1,-1,-1,8056,1,1,1,19225,5615,US
1657,secure.mypepsico.com,0,1,17880,4.252367514459899,1791,2,1000,1789,1,27,2379,71,2,0,0,395,7,8359,1,1,1,19551,5608,US
1658,seeip.org,0,1,26909,4.429897558687148,6812,7,1000,6804,1,276,3191,48,10,1,1,90,3,3191,1,1,1,32097,8120,US
1659,seeklogo.com,0,1,26174,4.417870098076645,6391,1942,1000,4448,1,-1,-1,-1,-1,-1,-1,-1,-1,6479,1,1,1,13335,5790,US
1660,sellwild.com,0,1,30522,4.484612988014998,2846,1315,1000,1530,0,4929,2865,260,9,0,1,90,2,3521,1,1,1,16509,9513,US
1661,semarjitu77.site,0,0,-1,-1.0,747,307,53,440,0,-1,-1,-1,-1,-1,-1,-1,-1,-1,-1,-1,0,-1,-1,
1662,sendbird.com,0,1,2140,3.330413773349191,4779,2197,1000,2582,1,-1,-1,-1,-1,-1,-1,-1,-1,4672,1,1,1,16509,9513,US
1663,sensi.copeland.com,0,1,146712,5.166465637501386,1062,14,1000,1047,0,282,1099,26,19,0,1,89,2,11384,1,1,1,13335,5790,US
1664,sensortower.com,0,1,18252,4.261310460100623,4753,2110,1000,2642,1,-1,-1,-1,-1,-1,-1,-1,-1,4779,1,1,1,16509,9513,US
1665,sentry.io,0,1,95,1.9777236052888478,3640,2742,1000,898,1,-1,-1,-1,-1,-1,-1,-1,-1,-1,-1,-1,1,396982,2836,US
1666,sepiocyber.com,0,1,136536,5.135247175479377,1591,26,1000,1564,0,-1,-1,-1,-1,-1,-1,-1,-1,1644,1,1,1,13335,5790,US
1667,sered.net,0,1,40723,4.609839764305466,9160,548,1000,8611,1,-1,-1,-1,-1,-1,-1,-1,-1,6961,1,1,1,16276,20594,
1668,server.nitrado.net,0,1,19512,4.290301787305674,6204,1327,1000,4876,1,-1,-1,-1,-1,-1,-1,-1,-1,7789,1,1,1,13335,5790,US
1669,serverfault.com,0,1,12348,4.091596620810058,6268,3870,1000,2398,1,-1,-1,-1,-1,-1,-1,-1,-1,6276,1,1,1,13335,5790,US
1670,serverhostgroup.com,0,1,24175,4.383366482755039,2865,71,1000,2793,0,-1,-1,-1,-1,-1,-1,-1,-1,3146,1,1,1,63949,-1,SG
1671,servicechannel.com,0,1,34571,4.538711942116912,10028,17,1000,10010,1,-1,-1,-1,-1,-1,-1,-1,-1,10804,1,1,1,16509,9513,US
1672,servimg.com,0,1,22868,4.359228183542235,8028,2467,1000,5561,1,-1,-1,-1,-1,-1,-1,-1,-1,8038,1,1,1,16276,20594,
1673,seucreditodigital.com.br,0,1,91275,4.960351841621765,2824,1459,1000,1365,0,510,3018,27,24,0,1,89,8,3257,1,0,1,16509,9513,US
1674,sexstories.com,0,1,17786,4.250078287979645,10028,3199,1000,6828,0,78,3255,57,9,0,1,89,2,10946,1,1,1,60068,4368,
1675,sexvideos.rodeo,0,1,174196,5.241038178238392,2033,135,1000,1897,1,126,2197,34,14,0,1,89,5,2197,1,1,1,13335,5790,US
1676,sf-express.com,0,1,19621,4.292721137774543,8727,2349,1000,6378,1,85,4264,169,13,0,1,392,2,9501,1,1,0,-1,-1,
1677,sf.gov,0,1,32739,4.5150654099227605,3650,1977,1000,1672,1,1762,2861,24,38,0,1,90,34,3667,1,1,1,16509,9513,US
1678,sfnano2022.fr,0,0,-1,-1.0,1418,731,1000,686,1,19,1476,724,3,0,1,365,2,-1,-1,-1,0,-1,-1,
1679,shafa.ua,0,1,18600,4.269512944217916,4421,1692,1000,2728,1,372,3432,35,21,0,1,89,3,4453,1,1,1,13335,5790,US
1680,shamela.ws,0,1,17632,4.246301577171691,7347,2404,1000,4943,1,572,2528,21,17,0,1,89,11,-1,-1,-1,1,13335,5790,US
1681,shapermint.com,0,1,39160,4.5928426831311,2924,1869,1000,1054,1,-1,-1,-1,-1,-1,-1,-1,-1,2960,1,1,1,13335,5790,US
1682,shareably.net,0,1,341546,5.5334492034811005,4232,2016,1000,2216,1,1459,3596,23,33,0,1,90,4,4255,1,1,1,13335,5790,US
1683,sharethis.com,0,1,2231,3.348499570283838,9722,5220,1000,4502,1,-1,-1,-1,-1,-1,-1,-1,-1,9942,1,1,1,16509,9513,US
1684,shields.io,0,1,24150,4.382917135087531,4581,1392,1000,3188,1,-1,-1,-1,-1,-1,-1,-1,-1,-1,-1,-1,1,13335,5790,US
1685,shiftup.co.kr,0,0,-1,-1.0,4445,9,1000,4435,1,-1,-1,-1,-1,-1,-1,-1,-1,-1,-1,-1,1,9318,-1,KR
1686,shimo.im,0,1,47851,4.679891018182745,3889,66,1000,3823,0,-1,-1,-1,-1,-1,-1,-1,-1,-1,-1,-1,1,55990,-1,CN
1687,shinigami.id,0,0,-1,-1.0,1196,465,1000,730,0,-1,-1,-1,-1,-1,-1,-1,-1,1197,1,1,0,-1,-1,
1688,shop.app,0,1,1873,3.2725377773752373,2213,1618,1000,595,1,-1,-1,-1,-1,-1,-1,-1,-1,2941,1,1,1,396982,2836,US
1689,shopee.cn,0,1,20973,4.32166055684867,6798,33,1000,6764,1,-1,-1,-1,-1,-1,-1,-1,-1,-1,-1,-1,1,58466,-1,CN
1690,shopee.tw,0,1,4243,3.6276730317666157,4017,2669,1000,1347,0,-1,-1,-1,-1,-1,-1,-1,-1,4192,1,1,1,131623,-1,TW
1691,shopee.vn,0,1,3734,3.5721743136130595,4687,2134,1000,2553,1,-1,-1,-1,-1,-1,-1,-1,-1,-1,-1,-1,1,138341,-1,SG
1692,shopgoodwill.com,0,1,34744,4.540879816354173,9716,7064,1000,2652,1,724,7574,18,27,0,1,89,2,9820,1,1,1,8075,10643,US
1693,shorturl.com,0,1,341552,5.533456832743348,9323,7504,1000,1819,1,503,3680,19,20,0,1,90,2,9925,1,1,1,13335,5790,US
1694,shoutmyblog.com,0,1,52954,4.723898771097236,4573,99,1000,4473,1,99,2507,25,8,0,1,89,2,2049,1,1,1,13335,5790,US
1695,showjet.ru,0,1,28446,4.454021205702601,3880,740,1000,3139,1,-1,-1,-1,-1,-1,-1,-1,-1,-1,-1,-1,1,204271,3964,
1696,showrss.info,0,1,48876,4.689095656133622,4611,5,1000,4606,1,468,4251,56,10,0,1,190,2,4620,1,1,1,13335,5790,US
1697,shp.ee,0,1,27046,4.432103043698327,3874,1113,1000,2760,0,541,3508,22,8,0,1,89,10,-1,-1,-1,1,138341,-1,SG
1698,siam.org,0,1,29050,4.463146136726349,10807,4259,1000,6548,1,1614,6565,23,42,0,1,90,71,12686,1,1,1,13335,5790,US
1699,siberianhealth.com,0,1,46066,4.663380503258829,8238,71,1000,8166,1,-1,-1,-1,-1,-1,-1,-1,-1,7176,1,1,1,206871,3501,
1700,sidearmsports.com,0,1,22051,4.343428289252123,6184,2538,1000,3646,0,-1,-1,-1,-1,-1,-1,-1,-1,6238,1,1,1,19551,5608,US
1701,simulator.company,0,0,-1,-1.0,1615,65,1000,1550,0,-1,-1,-1,-1,-1,-1,-1,-1,1981,1,1,1,16509,9513,US
1702,sinacloud.com,0,1,39906,4.601038198217794,5311,629,1000,4682,1,-1,-1,-1,-1,-1,-1,-1,-1,6036,1,1,1,4808,-1,CN
1703,sirsi.net,0,1,26877,4.429380791310483,9143,98,1000,9044,1,-1,-1,-1,-1,-1,-1,-1,-1,9702,1,1,1,20141,9183,US
1704,sis001.com,0,1,36111,4.55763951524678,5353,1673,1000,3679,1,193,3859,45,19,0,1,89,2,5555,1,1,1,13335,5790,US
1705,siteholder.ru,0,1,34766,4.5411547258325475,8881,3716,1000,5164,1,-1,-1,-1,-1,-1,-1,-1,-1,-1,-1,-1,1,209641,1470,
1706,skeepers.io,0,1,12805,4.107379582804448,1939,55,1000,1883,1,2818,2068,22,32,0,1,89,5,-1,-1,-1,1,13335,5790,US
1707,skepdic.com,0,1,54573,4.736977828579441,10022,6580,1000,3441,1,174,1454,19,7,0,0,89,12,10125,1,1,1,8075,10643,US
1708,skillcap.net,0,1,42396,4.62732488348247,7755,65,1000,7689,1,-1,-1,-1,-1,-1,-1,-1,-1,3494,1,1,1,14061,4986,US
1709,skladchik.biz,0,1,136510,5.1351644666569545,3740,458,1000,3281,1,-1,-1,-1,-1,-1,-1,-1,-1,4120,1,1,0,-1,-1,
1710,sktorrent.eu,0,1,19440,4.288696260590256,4586,26,1000,4559,1,2000,3155,28,20,0,1,89,3,-1,-1,-1,1,16276,20594,
1711,skynet.ru,0,1,132067,5.120794312631109,9986,3,1000,9982,1,100,1772,78,10,0,1,89,2,-1,-1,-1,1,35807,7505,
1712,skysmart.ru,0,1,38652,4.587171970867316,4561,1277,1000,3284,1,2365,2345,20,14,0,1,89,8,-1,-1,-1,1,51115,5830,
1713,skyvector.com,0,1,64837,4.8118229118891955,7502,6798,1000,703,1,-1,-1,-1,-1,-1,-1,-1,-1,7545,1,1,1,53939,5397,US
1714,sleeknote.com,0,1,17601,4.245537342935994,4753,626,1000,4127,1,-1,-1,-1,-1,-1,-1,-1,-1,4925,1,1,1,209242,2625,
1715,slimhost.com.ua,0,1,982331,5.992257849550696,4670,74,1000,4596,1,-1,-1,-1,-1,-1,-1,-1,-1,4697,1,1,1,40994,2052,
1716,slither.io,0,1,58144,4.76450490562794,3702,3627,1000,75,1,-1,-1,-1,-1,-1,-1,-1,-1,-1,-1,-1,1,13335,5790,US
1717,slotdewa.xyz,0,0,-1,-1.0,749,306,23,442,1,-1,-1,-1,-1,-1,-1,-1,-1,1289,1,1,1,13335,5790,US
1718,slt.lk,0,1,15930,4.202215775801132,10635,4984,1000,5650,1,-1,-1,-1,-1,-1,-1,-1,-1,-1,-1,-1,1,9329,-1,LK
1719,smadex.com,0,1,1788,3.2523675144598987,5213,2042,1000,3170,0,-1,-1,-1,-1,-1,-1,-1,-1,5251,1,1,1,16509,9513,US
1720,smartocto.com,0,1,12399,4.093386660001371,3631,878,1000,2752,1,-1,-1,-1,-1,-1,-1,-1,-1,4198,1,1,1,16509,9513,US
1721,smbn.ru,0,1,51192,4.709202097161035,3526,18,1000,3507,0,493,3600,58,13,0,1,89,6,-1,-1,-1,1,12389,7628,
1722,snapengage.com,0,1,36492,4.562197666191757,5699,4704,1000,995,1,-1,-1,-1,-1,-1,-1,-1,-1,6861,1,1,1,13335,5790,US
1723,snapp.market,0,1,245395,5.389865709595013,2855,1912,1000,942,1,2860,2915,37,10,0,1,90,4,2914,1,1,1,205585,1491,
1724,snapsave.app,0,1,8897,3.949243590568265,1898,6,1000,1892,1,-1,-1,-1,-1,-1,-1,-1,-1,1905,1,1,1,13335,5790,US
1725,snkrdunk.com,0,1,17921,4.253362239833068,-1,-1,-1,-1,-1,217,2988,20,12,0,1,393,2,3452,1,1,1,16509,9513,US
1726,snob.ru,0,1,26755,4.427404955310274,8184,4531,1000,3652,1,1652,3977,21,19,0,1,90,4,-1,-1,-1,1,50340,3138,
1727,snort.org,0,1,48502,4.685759647283815,9410,5659,1000,3751,1,511,7013,22,33,0,1,89,2,9640,1,1,1,13335,5790,US
1728,snr.systems,0,1,46051,4.663239065363845,2683,17,1000,2666,0,-1,-1,-1,-1,-1,-1,-1,-1,2876,1,1,1,49505,6180,
1729,snyk.io,0,1,13911,4.1433583506154665,3969,1522,1000,2446,1,1265,3954,2179,12,0,1,90,35,-1,-1,-1,1,16625,9487,US
1730,soap2day.rs,0,0,-1,-1.0,1732,53,1000,1678,1,46,1781,78,6,0,1,89,2,-1,-1,-1,1,13335,5790,US
1731,soax.com,0,1,13332,4.124895304988493,8886,15,1000,8871,1,4455,3730,307,24,0,1,89,10,8549,1,1,1,16509,9513,US
1732,soccer6.co.za,0,1,22938,4.3605555484026715,7740,136,1000,7604,1,-1,-1,-1,-1,-1,-1,-1,-1,-1,-1,-1,1,13335,5790,US
1733,soccerline.kr,0,1,26944,4.430462069819556,4713,3,1000,4709,0,290,2284,53,8,1,0,89,2,-1,-1,-1,1,38700,-1,KR
1734,socialquantum.com,0,1,135135,5.130767845974325,5717,2621,1000,3096,1,224,5379,48,16,0,1,394,7,5866,1,1,1,16509,9513,US
1735,society6.com,0,1,19593,4.292100938480419,6475,4717,1000,1758,1,1261,6099,24,45,0,1,90,13,6696,1,1,1,13335,5790,US
1736,socpublic.com,0,1,20629,4.314478175864182,4165,2149,1000,2015,1,328,3863,60,22,0,1,190,3,4607,1,1,1,51115,5830,
1737,software-univention.de,0,1,101689,5.007273976544419,4717,74,1000,4643,1,13,3916,204,2,0,1,396,2,-1,-1,-1,1,24940,8753,
1738,software.covetrus.com,0,1,34565,4.5386365612184525,1953,50,1000,1903,1,388,2480,73,15,0,0,395,1,2786,1,1,1,209242,2625,
1739,sonarr.tv,0,1,15677,4.195262958342061,4191,34,1000,4157,1,361,4230,26,23,0,1,184,2,4230,1,1,1,13335,5790,US
1740,sooma.com,0,1,39129,4.592498748998779,9209,37,1000,9171,1,4417,4536,269,14,0,1,89,11,6804,1,1,1,1897,8664,
1741,soupl.com,0,0,-1,-1.0,5229,311,1000,4917,0,20,1023,47,5,0,0,89,2,3280,1,1,0,-1,-1,
1742,sourceforge.net,0,1,228,2.357934847000454,9611,7846,1000,1765,1,-1,-1,-1,-1,-1,-1,-1,-1,9783,1,1,1,13335,5790,US
1743,spamexperts.com,0,1,73378,4.865565870396205,7732,36,1000,7696,1,273,6832,33,28,0,1,90,8,7888,1,1,1,13335,5790,US
1744,spankbanglive.com,0,1,53497,4.728329428376807,2845,11,1000,2833,0,-1,-1,-1,-1,-1,-1,-1,-1,2058,1,1,1,13335,5790,US
1745,spbtv.com,0,1,11968,4.078021580520386,8144,1807,1000,6336,1,-1,-1,-1,-1,-1,-1,-1,-1,6827,1,1,1,197695,5532,
1746,spdate.com,0,1,427915,5.631357510375146,7257,2226,1000,5030,0,-1,-1,-1,-1,-1,-1,-1,-1,3453,1,1,1,7979,10663,US
1747,specialservers.com,0,1,23870,4.3778524190067545,9216,191,1000,9024,1,-1,-1,-1,-1,-1,-1,-1,-1,7638,1,1,1,31727,7968,
1748,speckyboy.com,0,1,72442,4.859990431937073,6748,4188,1000,2560,1,-1,-1,-1,-1,-1,-1,-1,-1,6752,1,1,1,13335,5790,US
1749,spectrumnews1.com,0,1,28354,4.452614335023878,2759,2152,1000,606,0,-1,-1,-1,-1,-1,-1,-1,-1,2844,1,1,1,14618,7503,US
1750,spideroak.com,0,1,41998,4.623228609215873,6952,2720,1000,4232,1,-1,-1,-1,-1,-1,-1,-1,-1,7042,1,1,1,14061,4986,US
1751,spinmasterfree.com,0,0,-1,-1.0,1313,67,413,1246,1,45,1464,34,10,0,1,89,3,1464,1,1,1,45102,-1,US
1752,splice.com,0,1,14393,4.158151325392703,10736,1428,1000,9307,1,-1,-1,-1,-1,-1,-1,-1,-1,8927,1,1,1,13335,5790,US
1753,spor.istanbul,0,1,45451,4.657543442887013,3708,21,1000,3686,1,165,3324,45,15,0,1,90,8,3767,1,1,1,13335,5790,US
1754,sport24.ru,0,1,15992,4.20390278111006,5118,2228,1000,2890,1,-1,-1,-1,-1,-1,-1,-1,-1,-1,-1,-1,1,51115,5830,
1755,sportingtech.com,0,1,51391,4.710887068556091,8616,69,1000,8546,1,397,3222,45,19,0,1,89,2,3607,1,1,1,48254,2799,
1756,sportradar.com,0,1,1085,3.0354297381845483,9002,2113,1000,6888,1,2789,4924,2270,16,0,1,90,40,10065,1,1,1,209242,2625,
1757,sports-tracker.com,0,1,24441,4.3881189710303055,6203,782,1000,5420,1,-1,-1,-1,-1,-1,-1,-1,-1,7365,1,1,1,8075,10643,US
1758,sportsbull.jp,0,1,52669,4.721555072703318,3327,2312,1000,1014,0,-1,-1,-1,-1,-1,-1,-1,-1,-1,-1,-1,1,16509,9513,US
1759,sportsrants.com,0,1,53993,4.732337458740906,8706,10,1000,8696,1,-1,-1,-1,-1,-1,-1,-1,-1,7839,1,1,1,13335,5790,US
1760,sporza.be,0,1,7465,3.873029812061044,8073,2711,1000,5361,1,-1,-1,-1,-1,-1,-1,-1,-1,-1,-1,-1,1,16509,9513,US
1761,spotible.com,0,1,59446,4.774122637148623,4661,67,1000,4593,1,-1,-1,-1,-1,-1,-1,-1,-1,5310,1,1,1,400754,1455,US
1762,sputnikarabic.ae,0,1,579054,5.762719065987331,1374,1257,1000,117,0,-1,-1,-1,-1,-1,-1,-1,-1,-1,-1,-1,1,57352,5341,
1763,sputnikglobe.com,0,1,27010,4.431524584187451,1141,1092,1000,49,1,-1,-1,-1,-1,-1,-1,-1,-1,1148,1,1,1,57352,5341,
1764,sputniknews.lat,0,1,688282,5.837766412001949,1385,1264,1000,121,1,154,1464,68,6,1,1,89,2,1484,1,1,1,57352,5341,
1765,spy.com,0,1,195162,5.290395260067986,9577,2563,1000,7013,1,647,3513,43,25,0,1,161,3,9877,1,1,1,16509,9513,US
1766,sscnr.net.in,0,0,-1,-1.0,5183,41,1000,5141,1,128,2420,79,13,0,1,89,2,5195,1,1,1,140641,-1,IN
1767,sso.navigatorlogin.com,0,1,152226,5.182488835694571,2818,2,1000,2816,1,237,3151,30,16,0,1,89,2,3669,1,1,1,13335,5790,US
1768,ssstwitter.com,0,1,8905,3.9496339237992624,3028,919,1000,2109,1,249,3028,22,16,0,1,90,3,3031,1,1,1,13335,5790,US
1769,stackblitz.com,0,1,34404,4.536608938994109,3212,1309,1000,1902,1,1470,3378,33,23,0,1,90,4,4537,1,1,1,16509,9513,US
1770,stackhero.io,0,1,134493,5.128699681063442,2842,2,1000,2839,0,3980,4067,26,19,0,1,89,4,-1,-1,-1,1,13335,5790,US
1771,stackoverflow.com,0,1,502,2.7007037171450192,9577,5117,1000,4459,0,2206,5715,673,20,0,1,89,11,8181,1,1,1,13335,5790,US
1772,stad.yalla-shoots.io,0,0,-1,-1.0,1015,102,1000,913,1,5,749,96,1,0,0,89,1,-1,-1,-1,1,47846,6469,
1773,standardnews.com,0,0,-1,-1.0,8758,67,1000,8690,1,257,3676,35,23,0,1,89,2,8829,1,1,1,13335,5790,US
1774,stardewvalleywiki.com,0,1,7575,3.8793826371743427,3733,1560,1000,2172,0,481,3192,29,11,0,1,90,2,3899,1,1,1,13335,5790,US
1775,stars77login.live,0,0,-1,-1.0,758,451,23,306,0,-1,-1,-1,-1,-1,-1,-1,-1,-1,-1,-1,0,-1,-1,
1776,startbootstrap.com,0,1,27002,4.431395932929188,4666,1863,1000,2803,1,454,3583,32,17,0,1,190,2,4667,1,1,1,13335,5790,US
1777,startssl.com,0,1,27044,4.43207092726408,8000,3511,1000,4488,1,-1,-1,-1,-1,-1,-1,-1,-1,7192,1,1,1,55992,-1,CN
1778,stat.gov.pl,0,1,24411,4.387585570715276,10217,4167,1000,6050,1,81,6600,91,11,0,1,364,5,4707,1,1,1,48534,6372,
1779,stateline.org,0,1,41189,4.614781248141078,9889,5007,1000,4881,1,-1,-1,-1,-1,-1,-1,-1,-1,10053,1,1,1,13335,5790,US
1780,static-immobilienscout24.de,0,1,77641,4.890091120375329,6365,160,1000,6205,0,23,3459,286,5,0,1,395,2,-1,-1,-1,1,16509,9513,US
1781,staticfile.org,0,1,80143,4.903865595384676,4785,87,1000,4697,1,39,3502,27,17,0,1,90,2,4800,1,1,1,55933,-1,HK
1782,status-telecom.ru,0,1,99917,4.99963938590446,9181,28,1000,9152,1,-1,-1,-1,-1,-1,-1,-1,-1,-1,-1,-1,1,59557,5032,
1783,status.io,0,1,51321,4.710295110100605,5346,1653,1000,3693,1,-1,-1,-1,-1,-1,-1,-1,-1,-1,-1,-1,1,16509,9513,US
1784,steelseries.com,0,1,7362,3.866995813110648,7508,4511,1000,2996,0,-1,-1,-1,-1,-1,-1,-1,-1,7679,1,1,1,13335,5790,US
1785,stihi.ru,0,1,6554,3.816506437046357,9538,3880,1000,5658,1,-1,-1,-1,-1,-1,-1,-1,-1,-1,-1,-1,1,51115,5830,
1786,stirileprotv.ro,0,1,7688,3.885813374660489,7045,3738,1000,3306,0,2995,4922,36,21,0,1,90,10,-1,-1,-1,1,13335,5790,US
1787,stockbit.com,0,1,13135,4.118430077122089,5845,1430,1000,4415,0,4240,4500,28,36,0,1,90,10,7524,1,1,1,16509,9513,US
1788,stopgame.ru,0,1,38996,4.5910200617183,8842,4077,1000,4764,1,626,4533,18,18,0,1,89,40,-1,-1,-1,1,57724,3823,
1789,storeland.ru,0,1,13896,4.142889805439042,6022,4387,1000,1635,1,103,3668,31,8,0,1,89,9,-1,-1,-1,1,12695,8688,
1790,stpd.cloud,0,1,36447,4.561661786781147,1897,520,1000,1377,0,266,2068,31,15,0,1,89,2,2086,1,1,1,13335,5790,US
1791,streaam.net,0,1,215023,5.3324849168404365,1535,139,1000,1396,1,-1,-1,-1,-1,-1,-1,-1,-1,1560,1,1,1,13335,5790,US
1792,streamguys.com,0,1,54321,4.734967756310818,9182,1344,1000,7837,1,1399,6054,18,18,0,1,89,3,9214,1,1,1,23352,8843,US
1793,streema.com,0,1,24039,4.380916397460698,8746,2782,1000,5963,1,-1,-1,-1,-1,-1,-1,-1,-1,6949,1,1,1,16509,9513,US
1794,streetmap.co.uk,0,1,53762,4.730475416534002,10387,7464,1000,2923,1,41,7799,318,11,0,0,365,2,10724,1,1,1,2856,8664,
1795,studentshare.org,0,1,161436,5.2080003882421355,5846,136,1000,5709,1,296,2876,35,13,0,1,90,2,3143,1,1,1,13335,5790,US
1796,studfile.net,0,1,32119,4.506762015397348,5705,462,1000,5242,1,60,2395,88,6,1,0,89,2,3474,1,1,1,44051,3457,
1797,styria.com,0,1,412748,5.615684977534908,10675,1353,1000,9322,1,682,6036,24,34,0,1,89,16,11082,1,1,1,47948,6452,
1798,sugaryo2.com,0,0,-1,-1.0,2844,96,1000,2748,0,-1,-1,-1,-1,-1,-1,-1,-1,3254,1,1,1,39572,3843,
1799,sukiya.jp,0,1,54164,4.733710729417504,8088,1465,1000,6622,1,-1,-1,-1,-1,-1,-1,-1,-1,-1,-1,-1,1,16509,9513,US
1800,sultan0518.com,0,0,-1,-1.0,861,329,40,531,0,-1,-1,-1,-1,-1,-1,-1,-1,-1,-1,-1,0,-1,-1,
1801,sumantv.com,0,0,-1,-1.0,3221,73,1000,3148,0,287,2709,218,15,0,1,89,4,3473,1,1,1,16509,9513,US
1802,sumo.app,0,1,108133,5.033958252055118,2525,19,1000,2506,0,1484,2937,23,20,0,1,89,8,2937,1,1,1,16509,9513,US
1803,sumo.com,0,1,38829,4.589156205893092,10030,3338,1000,6692,1,1379,3411,25,22,0,1,90,3,11483,1,1,1,13335,5790,US
1804,superbet88.net,0,0,-1,-1.0,5620,1103,616,4516,1,58,3519,1082,6,0,1,90,2,2580,1,1,1,13335,5790,US
1805,superchat.live,0,1,27421,4.438083288767236,3316,65,1000,3250,1,159,2763,36,12,0,1,90,34,3611,1,1,1,13335,5790,US
1806,supernative.io,0,0,-1,-1.0,1070,256,1000,813,1,64,1134,64,8,0,1,89,2,-1,-1,-1,1,13335,5790,US
1807,supportit.ru,0,1,99795,4.999108782501731,7124,74,1000,7050,1,3470,4022,20,15,0,1,89,20,-1,-1,-1,1,201009,4107,
1808,surabaya.go.id,0,1,9681,3.9859202201235675,9686,1590,1000,8096,1,-1,-1,-1,-1,-1,-1,-1,-1,872,1,1,1,45708,-1,ID
1809,surfe.be,0,1,62620,4.7967130632808965,3911,31,1000,3879,1,334,4147,48,24,0,1,186,2,-1,-1,-1,1,24940,8753,
1810,surge.sh,0,1,31435,4.497413464686206,4138,607,1000,3530,1,-1,-1,-1,-1,-1,-1,-1,-1,-1,-1,-1,1,14061,4986,US
1811,sutochno.ru,0,1,12181,4.085682943194615,6131,2881,1000,3249,1,-1,-1,-1,-1,-1,-1,-1,-1,-1,-1,-1,1,201706,4304,
1812,swappa.com,0,1,33772,4.528556780601183,9465,2535,1000,6930,1,-1,-1,-1,-1,-1,-1,-1,-1,7362,1,1,1,13335,5790,US
1813,swatchseries.ru,0,0,-1,-1.0,1993,252,1000,1740,1,242,2000,77,9,1,1,89,2,-1,-1,-1,1,206834,3493,
1814,swayam.gov.in,0,1,18987,4.278456350394209,3563,1335,1000,2228,1,-1,-1,-1,-1,-1,-1,-1,-1,3596,1,1,1,15169,9548,US
1815,swisssign.net,0,1,24043,4.380988656432105,8333,76,1000,8257,1,-1,-1,-1,-1,-1,-1,-1,-1,8898,1,1,1,43183,6909,
1816,switch-bot.com,0,1,41886,4.622068888390036,3463,8,1000,3455,1,136,3250,41,15,0,1,90,1,3531,1,1,1,13335,5790,US
1817,symbl.cc,0,1,37820,4.577721524509021,1614,1,1000,1613,0,-1,-1,-1,-1,-1,-1,-1,-1,1797,1,1,1,211112,419,
1818,syncromsp.com,0,1,14003,4.14622108881188,2960,4,1000,2955,1,-1,-1,-1,-1,-1,-1,-1,-1,3248,1,1,1,13335,5790,US
1819,sypexgeo.net,0,1,79986,4.9030139788067,5073,72,1000,5001,1,-1,-1,-1,-1,-1,-1,-1,-1,5193,1,1,1,24940,8753,
1820,szarada.net,0,1,11543,4.062318695658775,6796,49,1000,6746,1,-1,-1,-1,-1,-1,-1,-1,-1,6954,1,1,1,16509,9513,US
1821,t-com.ne.jp,0,1,81235,4.909743184806193,9021,4254,1000,4767,1,-1,-1,-1,-1,-1,-1,-1,-1,-1,-1,-1,1,19551,5608,US
1822,t.co,0,1,208,2.3180633349627615,5720,4948,1000,771,1,-1,-1,-1,-1,-1,-1,-1,-1,-1,-1,-1,1,13335,5790,US
1823,t3n.de,0,1,16006,4.20428281255794,7592,3991,1000,3600,1,-1,-1,-1,-1,-1,-1,-1,-1,-1,-1,-1,1,54113,5343,US
1824,tagdeliver.com,0,1,25199,4.401383306531581,3275,67,1000,3207,0,-1,-1,-1,-1,-1,-1,-1,-1,3515,1,1,1,15169,9548,US
1825,taggstar.com,0,1,13725,4.13751235312213,5673,798,1000,4874,1,522,5799,20,19,0,1,89,5,6020,1,1,1,209242,2625,
1826,tailscale.com,0,1,1798,3.25478968739721,5591,1144,1000,4446,1,-1,-1,-1,-1,-1,-1,-1,-1,3200,1,1,1,16509,9513,US
1827,tailwindcss.com,0,1,5427,3.734559821579476,3132,1422,1000,1710,1,-1,-1,-1,-1,-1,-1,-1,-1,3226,1,1,1,13335,5790,US
1828,tal.de,0,1,45469,4.657715402868895,8764,365,1000,8398,1,-1,-1,-1,-1,-1,-1,-1,-1,-1,-1,-1,1,8820,8695,
1829,talosintelligence.com,0,1,22389,4.350034696340058,3625,1488,1000,2137,1,-1,-1,-1,-1,-1,-1,-1,-1,4319,1,1,1,13335,5790,US
1830,tamilpaatu.com,0,0,-1,-1.0,4643,620,1000,4022,1,-1,-1,-1,-1,-1,-1,-1,-1,2567,1,1,0,-1,-1,
1831,tamilyogi.bike,0,0,-1,-1.0,1070,279,964,791,1,-1,-1,-1,-1,-1,-1,-1,-1,-1,-1,-1,0,-1,-1,
1832,taongafarm.com,0,1,59912,4.777513817578446,3276,530,1000,2746,0,-1,-1,-1,-1,-1,-1,-1,-1,3940,1,1,1,30633,5713,US
1833,tapas.io,0,1,14759,4.169056932744852,3789,1014,1000,2774,1,640,3743,31,23,0,1,89,15,-1,-1,-1,1,16509,9513,US
1834,tapclap.com,0,1,5106,3.7080808104682315,5587,6,1000,5581,1,-1,-1,-1,-1,-1,-1,-1,-1,3728,1,1,1,24940,8753,
1835,tapestryjournal.com,0,1,72997,4.863305012035277,3483,22,1000,3460,1,71,3656,171,7,0,1,394,2,3696,1,1,1,16509,9513,US
1836,tarladalal.com,0,1,135562,5.1321379675314995,10642,4450,1000,6192,1,178,4981,39,20,0,1,89,10,9933,1,1,1,13335,5790,US
1837,tax.gov.ua,0,1,35678,4.552400501160684,3854,1576,1000,2278,1,436,2458,30,19,0,1,89,5,-1,-1,-1,1,33905,7929,
1838,taxnet.ru,0,1,57336,4.758427391461484,9107,8,1000,9098,1,370,5140,40,18,0,1,90,5,-1,-1,-1,1,49675,6120,
1839,tc.edu.tw,0,1,15398,4.187464315292919,6647,875,1000,5771,0,4680,5581,2037,27,0,1,90,42,-1,-1,-1,1,1659,-1,TW
1840,tchncs.de,0,1,28598,4.456335661823607,3854,1,1000,3852,1,3633,4116,289,8,0,0,89,24,-1,-1,-1,1,197540,5593,
1841,teak.io,0,0,-1,-1.0,4602,69,1000,4532,1,192,4396,50,13,0,1,89,3,-1,-1,-1,1,16509,9513,US
1842,teamspeak.com,0,1,13314,4.124308552615652,9161,4524,1000,4636,1,1091,6191,23,33,0,1,89,2,9596,1,1,1,13335,5790,US
1843,teamtreehouse.com,0,1,31714,4.5012510218558575,6951,3989,1000,2962,1,-1,-1,-1,-1,-1,-1,-1,-1,5539,1,1,1,14618,7503,US
1844,tech.co,0,1,30585,4.485508484833821,5015,3525,1000,1490,1,1220,6971,40,37,0,1,185,3,-1,-1,-1,1,54113,5343,US
1845,tech.ringieraxelspringer.com,0,0,-1,-1.0,2302,1613,1000,689,1,87,2315,38,9,0,0,89,3,5803,1,1,1,16509,9513,US
1846,techionblog.com,0,1,53642,4.72950496181139,2352,22,1000,2330,1,100,2497,42,7,0,1,90,6,2049,1,1,1,13335,5790,US
1847,technode.com,0,1,40596,4.608483243835606,10191,2837,1000,7354,1,-1,-1,-1,-1,-1,-1,-1,-1,10842,1,1,1,2635,4980,US
1848,technolutions.com,0,0,-1,-1.0,9670,1135,1000,8534,1,-1,-1,-1,-1,-1,-1,-1,-1,11121,1,1,1,16509,9513,US
1849,techrato.com,0,0,-1,-1.0,3204,84,1000,3119,1,-1,-1,-1,-1,-1,-1,-1,-1,3216,1,1,1,43754,6813,
1850,techsurgeons.com,0,1,100862,5.00372757556565,5662,92,1000,5569,1,-1,-1,-1,-1,-1,-1,-1,-1,9471,1,1,1,20454,5694,US
1851,techvybes.com,0,0,-1,-1.0,1340,310,1000,1029,1,-1,-1,-1,-1,-1,-1,-1,-1,196,2,1,1,16509,9513,US
1852,tecnoera.com,0,1,12393,4.093176449696249,9465,10,1000,9454,1,-1,-1,-1,-1,-1,-1,-1,-1,9745,1,1,1,209242,2625,
1853,telanganatoday.com,0,1,36826,4.566154548823162,8020,1624,1000,6396,1,-1,-1,-1,-1,-1,-1,-1,-1,6190,1,1,1,16509,9513,US
1854,tele-c.ru,0,1,240574,5.381248689227103,5130,236,1000,4893,1,50,2011,590,4,1,0,89,1,-1,-1,-1,1,198610,5078,
1855,telegram.org,0,1,249,2.3961993470957363,8267,3708,1000,4558,1,-1,-1,-1,-1,-1,-1,-1,-1,8192,1,1,1,62041,4457,
1856,telemir.net,0,1,30899,4.489944424359803,8383,93,833,8290,0,-1,-1,-1,-1,-1,-1,-1,-1,4916,1,1,1,57724,3823,
1857,telnyx.com,0,1,31324,4.495877215295425,9134,24,1000,9110,1,-1,-1,-1,-1,-1,-1,-1,-1,6226,1,1,1,13335,5790,US
1858,tennessee.edu,0,1,30018,4.477381753267053,9360,2901,1000,6459,1,-1,-1,-1,-1,-1,-1,-1,-1,-1,-1,-1,1,209242,2625,
1859,tennesseetitleloans.net,0,1,715954,5.854885119810744,2039,305,1000,1734,1,165,2874,61,14,0,1,190,6,2252,1,1,0,-1,-1,
1860,tenor.com,0,1,1995,3.299942900022767,9346,2566,1000,6780,1,3002,3305,37,18,0,1,83,3,11253,1,1,1,396982,2836,US
1861,test.asosservices.com,0,1,43167,4.635151867310003,3088,1946,1000,1141,0,0,-1,-1,0,-1,-1,-1,-1,5726,1,1,1,20940,8665,
1862,testrtc.com,0,1,95882,4.981737084392747,4113,71,1000,4042,1,-1,-1,-1,-1,-1,-1,-1,-1,4149,1,1,1,13335,5790,US
1863,tetaneutral.net,0,1,39289,4.59427097510835,5590,5,1000,5585,1,4948,4613,318,11,0,1,89,6,5653,1,1,1,197422,5565,
1864,teuteuf.fr,0,1,38289,4.583074023956643,2194,617,1000,1577,1,1149,2347,26,18,0,1,89,2,2347,1,1,1,13335,5790,US
1865,texasattorneygeneral.gov,0,1,28603,4.456411586105177,6483,2103,1000,4380,1,282,5197,29,19,0,1,198,8,6656,1,1,1,13335,5790,US
1866,tfaforms.com,0,1,32728,4.514919466490317,5586,1931,1000,3655,0,30,6062,82,10,0,1,394,2,6063,1,1,1,14618,7503,US
1867,thaiflirting.com,0,1,76596,4.88420609047743,4686,65,1000,4620,1,-1,-1,-1,-1,-1,-1,-1,-1,4895,1,1,1,51167,5822,
1868,thaihubx.tv,0,0,-1,-1.0,1328,258,1000,1070,0,69,1329,26,6,0,1,90,2,1329,1,1,1,13335,5790,US
1869,thatgamecompany.com,0,1,17684,4.247580506233836,7258,3075,1000,4183,1,-1,-1,-1,-1,-1,-1,-1,-1,7330,1,1,1,13335,5790,US
1870,theadex.com,0,1,23880,4.3780343224573315,9071,2827,1000,6244,1,-1,-1,-1,-1,-1,-1,-1,-1,4688,1,1,1,9063,20594,
1871,theblast.com,0,1,37350,4.572290606151418,9674,2522,1000,7152,1,-1,-1,-1,-1,-1,-1,-1,-1,8722,1,1,1,13335,5790,US
1872,theculturetrip.com,0,1,12731,4.104862518141077,4928,3031,1000,1897,0,-1,-1,-1,-1,-1,-1,-1,-1,5579,1,1,1,20940,8665,
1873,thegfporn.com,0,0,-1,-1.0,6198,290,1000,5907,1,-1,-1,-1,-1,-1,-1,-1,-1,6201,1,1,1,13335,5790,US
1874,thehackernews.com,0,1,10529,4.022387125686438,5679,3845,1000,1834,1,-1,-1,-1,-1,-1,-1,-1,-1,5684,1,1,1,13335,5790,US
1875,thehun.net,0,1,40535,4.6078301773532955,10031,6799,1000,3231,0,-1,-1,-1,-1,-1,-1,-1,-1,10731,1,1,1,27589,8448,US
1876,theideasblog.com,0,1,42505,4.628440020513509,6598,19,1000,6578,0,-1,-1,-1,-1,-1,-1,-1,-1,2342,1,1,1,13335,5790,US
1877,themebeez.com,0,1,119771,5.078351675610871,3032,2151,1000,880,0,583,3057,23,17,0,1,90,6,3057,1,1,1,13335,5790,US
1878,themegrill.com,0,1,3836,3.583878598498626,4460,2586,1000,1873,1,930,3439,38,18,0,1,89,2,4566,1,1,1,13335,5790,US
1879,themindsjournal.com,0,1,125069,5.097149677420773,3995,1926,1000,2069,1,690,3638,41,34,0,1,188,2,4113,1,1,1,13335,5790,US
1880,thenationonlineng.net,0,1,12290,4.089551882886454,6240,3523,1000,2717,0,414,4349,23,30,0,1,89,2,6290,1,1,1,13335,5790,US
1881,thenewdaily.com.au,0,1,28907,4.4610030224541,4572,2167,1000,2404,1,506,3956,22,31,0,1,89,2,-1,-1,-1,1,13335,5790,US
1882,thenounproject.com,0,1,7792,3.891648943870559,5644,4298,1000,1345,1,568,5773,28,22,0,1,89,3,6196,1,1,1,14618,7503,US
1883,theoutline.com,0,1,53294,4.726678317590015,6185,1533,1000,4651,1,220,3641,43,19,0,1,90,2,8343,1,1,1,16509,9513,US
1884,thesportsrush.com,0,1,76119,4.881493074184943,3597,601,1000,2995,1,895,3568,41,25,0,1,90,11,3630,1,1,1,13335,5790,US
1885,theta360.com,0,1,74398,4.8715612608061125,4640,2017,1000,2623,0,387,4791,54,16,0,1,89,2,4906,1,1,1,16509,9513,US
1886,thewalrus.ca,0,1,36290,4.559786968200556,8326,2983,1000,5342,0,759,4285,21,23,0,1,90,3,7674,1,1,1,13335,5790,US
1887,theworld.com,0,1,67184,4.827265857293864,9669,34,1000,9634,1,21,3180,246,4,0,1,366,2,10899,1,1,1,19406,9270,US
1888,threejs.org,0,1,32412,4.510705830235076,5471,2686,1000,2784,1,321,3526,29,9,0,1,90,2,5475,1,1,1,54113,5343,US
1889,threema.ch,0,1,2043,3.3102683666324477,4904,1083,1000,3821,0,272,4917,34,29,0,1,89,2,-1,-1,-1,1,29691,8224,
1890,thrivecart.com,0,1,21038,4.323004450774041,5116,1569,1000,3546,1,945,3787,19,20,0,1,89,6,3837,1,1,1,14618,7503,US
1891,thrivecausemetics.com,0,1,71414,4.853783359209425,4254,1413,1000,2841,1,874,3818,22,21,0,0,89,2,4420,1,1,1,13335,5790,US
1892,thrivemarket.com,0,1,28727,4.458290274391729,5578,2724,1000,2854,1,-1,-1,-1,-1,-1,-1,-1,-1,6204,1,1,1,16509,9513,US
1893,tielabs.com,0,1,46905,4.671219140298614,5574,3366,1000,2207,1,-1,-1,-1,-1,-1,-1,-1,-1,5601,1,1,1,13335,5790,US
1894,tiktiksight.com,0,0,-1,-1.0,1193,39,97,1154,0,-1,-1,-1,-1,-1,-1,-1,-1,1352,1,1,1,45102,-1,US
1895,time.is,0,1,11179,4.0484029561527395,9065,3342,1000,5723,1,-1,-1,-1,-1,-1,-1,-1,-1,6281,1,0,1,13335,5790,US
1896,time.mk,0,1,65489,4.816168358915629,6527,2768,1000,3759,1,-1,-1,-1,-1,-1,-1,-1,-1,-1,-1,-1,1,13335,5790,US
1897,timebucks.com,0,1,9021,3.95525468282018,9072,771,1000,8300,1,-1,-1,-1,-1,-1,-1,-1,-1,4415,1,1,1,13335,5790,US
1898,timesofmalta.com,0,1,17596,4.245413953304825,9573,5514,1000,4059,0,-1,-1,-1,-1,-1,-1,-1,-1,9722,1,1,1,13335,5790,US
1899,timesofsandiego.com,0,1,39716,4.598965502023629,4422,2434,1000,1988,1,219,3591,38,14,0,0,89,2,4499,1,1,1,2635,4980,US
1900,tineye.com,0,1,17733,4.24878221406855,9160,4872,1000,4288,1,-1,-1,-1,-1,-1,-1,-1,-1,9317,1,1,1,13335,5790,US
1901,tink.com,0,1,32853,4.516575033681399,8151,58,1000,8093,1,-1,-1,-1,-1,-1,-1,-1,-1,12117,1,1,1,16509,9513,US
1902,tinyzonetv.se,0,0,-1,-1.0,1045,583,1000,461,0,-1,-1,-1,-1,-1,-1,-1,-1,-1,-1,-1,0,-1,-1,
1903,tipz.io,0,0,-1,-1.0,2842,69,1000,2772,1,-1,-1,-1,-1,-1,-1,-1,-1,-1,-1,-1,1,133618,-1,AU
1904,tiwar.ru,0,1,18833,4.274919506403754,5132,75,1000,5057,1,-1,-1,-1,-1,-1,-1,-1,-1,-1,-1,-1,1,49505,6180,
1905,tmomanga.com,0,0,-1,-1.0,1615,227,1000,1388,1,-1,-1,-1,-1,-1,-1,-1,-1,1698,1,1,1,36351,7465,US
1906,tns-counter.ru,0,1,3922,3.5935075893317654,7239,2031,1000,5208,0,52,6478,149,7,0,1,396,2,-1,-1,-1,1,52016,5635,
1907,todesk.com,0,1,33039,4.519026893943312,6391,11,1000,6380,1,-1,-1,-1,-1,-1,-1,-1,-1,6936,1,1,1,45090,-1,CN
1908,tokubai.co.jp,0,1,6716,3.827110687466011,3436,160,1000,3276,1,-1,-1,-1,-1,-1,-1,-1,-1,-1,-1,-1,1,16509,9513,US
1909,toloka.to,0,1,43498,4.638469288933212,-1,-1,0,-1,-1,-1,-1,-1,-1,-1,-1,-1,-1,2205,1,1,1,13335,5790,US
1910,tome.app,0,1,66898,4.825413134181164,1519,4,1000,1515,0,444,1825,24,20,0,1,89,2,2353,1,1,1,16509,9513,US
1911,tomica.ru,0,1,30691,4.487011039210792,10028,76,1000,9951,1,1567,3999,22,17,0,1,89,3,-1,-1,-1,1,57724,3823,
1912,tongitsgo.com,0,1,147421,5.168559352820914,2702,28,1000,2674,1,-1,-1,-1,-1,-1,-1,-1,-1,2746,1,1,1,16509,9513,US
1913,tonkosti.ru,0,1,68885,4.838124662742923,8274,2604,1000,5669,1,687,3429,49,10,0,1,89,2,-1,-1,-1,1,51115,5830,
1914,toonkor282.com,0,0,-1,-1.0,1009,288,99,720,0,106,1011,152,6,0,1,89,2,-1,-1,-1,0,-1,-1,
1915,top1toto88.asia,0,0,-1,-1.0,840,649,12,190,0,-1,-1,-1,-1,-1,-1,-1,-1,-1,-1,-1,0,-1,-1,
1916,top500.org,0,1,31404,4.496984968687506,10022,7044,1000,2977,1,-1,-1,-1,-1,-1,-1,-1,-1,10403,1,1,1,16509,9513,US
1917,topfeelgame.com,0,0,-1,-1.0,1148,310,1000,838,1,-1,-1,-1,-1,-1,-1,-1,-1,11,3,1,1,63949,-1,SG
1918,topforeignbrides.com,0,1,260535,5.4158660742222,2234,54,1000,2179,1,-1,-1,-1,-1,-1,-1,-1,-1,2487,1,1,1,13335,5790,US
1919,tophat.com,0,1,24339,4.3863027306975155,10743,1939,1000,8804,1,-1,-1,-1,-1,-1,-1,-1,-1,8909,1,1,1,16509,9513,US
1920,topultragame.com,0,1,53564,4.728873001369515,1774,97,1000,1676,1,115,2841,40,10,0,1,393,2,2841,1,1,1,16509,9513,US
1921,torrentfreak.com,0,1,15374,4.186786876733248,7482,6089,1000,1392,1,512,5582,47,27,0,1,90,2,7590,1,1,1,13335,5790,US
1922,torrentz2.nz,0,1,178832,5.252445233587147,1505,5,1000,1500,1,65,1525,68,6,0,1,90,2,-1,-1,-1,1,13335,5790,US
1923,total-blog.com,0,1,32958,4.517960849405003,7212,19,1000,7192,1,71,1953,29,8,0,1,89,2,3872,1,1,1,13335,5790,US
1924,totalplay.com.mx,0,1,29743,4.473384771103771,5814,718,1000,5096,1,225,5301,29,29,0,1,322,3,-1,-1,-1,1,16509,9513,US
1925,totok.ai,0,1,121154,5.083337757303489,2408,68,1000,2340,1,487,2516,45,9,0,1,90,3,2517,1,1,1,208800,2546,
1926,townwork.net,0,1,39849,4.6004174273649765,7513,4124,1000,3388,0,481,6281,24,20,0,1,396,7,9449,1,1,1,16509,9513,US
1927,tr-ex.me,0,1,174355,5.241434406207397,2614,92,1000,2522,1,24,2865,104,6,0,1,364,2,-1,-1,-1,0,-1,-1,
1928,track24.ru,0,1,57549,4.760037781514809,4746,1510,1000,3235,1,-1,-1,-1,-1,-1,-1,-1,-1,-1,-1,-1,1,47764,6488,
1929,tracxn.com,0,1,15636,4.19412566176021,5078,764,1000,4313,1,1204,4265,62,17,0,1,89,70,5213,1,1,1,16509,9513,US
1930,trade.gov,0,1,11986,4.078674273360466,9340,4450,1000,4889,1,-1,-1,-1,-1,-1,-1,-1,-1,9394,1,1,1,14618,7503,US
1931,tradeit.gg,0,1,33816,4.529122234820963,3185,4,1000,3181,1,-1,-1,-1,-1,-1,-1,-1,-1,-1,-1,-1,1,13335,5790,US
1932,tradplusad.com,0,1,1199,3.0788191830988487,1858,602,1000,1256,1,-1,-1,-1,-1,-1,-1,-1,-1,1994,1,1,1,45102,-1,US
1933,traffichaus.com,0,1,24106,4.3821251522253215,6128,728,1000,5399,1,-1,-1,-1,-1,-1,-1,-1,-1,6797,1,1,1,27589,8448,US
1934,trailhead.salesforce.com,0,1,273,2.436162647040756,3882,1541,1000,2340,0,1657,3594,35,16,0,1,90,10,10032,1,1,1,54113,5343,US
1935,trainingpeaks.com,0,1,25805,4.411703863405971,8026,3401,1000,4624,1,-1,-1,-1,-1,-1,-1,-1,-1,8066,1,1,1,16509,9513,US
1936,transequality.org,0,1,48776,4.688206182013864,6058,3051,1000,3007,1,-1,-1,-1,-1,-1,-1,-1,-1,7644,1,1,1,13335,5790,US
1937,transitapp.com,0,1,38296,4.583153414473892,5581,2041,1000,3539,0,-1,-1,-1,-1,-1,-1,-1,-1,6465,1,1,1,13335,5790,US
1938,transmissionbt.com,0,1,7821,3.8932622858879915,6712,3936,1000,2776,1,-1,-1,-1,-1,-1,-1,-1,-1,6716,1,1,1,13335,5790,US
1939,traveltriangle.com,0,1,44824,4.651510609459512,6702,1866,1000,4835,1,-1,-1,-1,-1,-1,-1,-1,-1,5738,1,1,1,14618,7503,US
1940,treasury.gov.au,0,1,43099,4.6344671936057384,10562,2270,1000,8291,1,-1,-1,-1,-1,-1,-1,-1,-1,-1,-1,-1,1,16509,9513,US
1941,trengo.com,0,1,170768,5.232406492082203,6764,604,1000,6160,1,-1,-1,-1,-1,-1,-1,-1,-1,7684,1,1,1,13335,5790,US
1942,tresorit.com,0,1,33102,4.519854234341383,4996,1391,1000,3605,0,-1,-1,-1,-1,-1,-1,-1,-1,5123,1,1,1,8075,10643,US
1943,tribecafilm.com,0,1,41311,4.616065707908696,9685,4569,1000,5116,1,581,5825,43,25,0,1,89,3,10606,1,1,1,16509,9513,US
1944,tribune.com.pk,0,1,13245,4.1220519626332495,8681,4912,1000,3768,1,-1,-1,-1,-1,-1,-1,-1,-1,-1,-1,-1,1,13335,5790,US
1945,trinitymedia.ai,0,1,15813,4.19901427093462,2685,1995,1000,690,1,455,2699,22,14,0,1,89,2,2715,1,1,1,14618,7503,US
1946,trinixy.ru,0,1,44800,4.6512780139981444,-1,-1,-1,-1,-1,761,3907,41,11,0,1,89,2,-1,-1,-1,1,44051,3457,
1947,tronscan.org,0,1,26413,4.421817731364133,2938,2026,1000,911,0,-1,-1,-1,-1,-1,-1,-1,-1,2981,1,1,1,13335,5790,US
1948,trustpool.ru,0,1,34655,4.539765903183112,2209,68,752,2141,0,106,2318,41,12,0,1,89,2,-1,-1,-1,1,13335,5790,US
1949,truyengihotday.com,0,0,-1,-1.0,1032,419,202,613,1,83,1059,335,6,0,1,45,2,-1,-1,-1,0,-1,-1,
1950,truyenhentai18.net,0,1,486380,5.686975708394165,3483,16,1000,3466,1,383,3517,26,11,0,1,187,2,3516,1,1,1,13335,5790,US
1951,truyenqqq.vn,0,0,-1,-1.0,1120,676,481,444,1,-1,-1,-1,-1,-1,-1,-1,-1,-1,-1,-1,1,24066,-1,VN
1952,try.dailyburn.com,0,1,89903,4.953774184077026,1087,1,1000,1086,0,66,1377,53,7,1,0,89,1,8140,1,1,1,13335,5790,US
1953,ttblogs.com,0,1,38984,4.590886398373238,6756,77,1000,6679,1,64,1810,18,6,0,1,89,2,2588,1,1,1,13335,5790,US
1954,ttc.kz,0,1,35713,4.552826333775003,7083,18,1000,7065,1,-1,-1,-1,-1,-1,-1,-1,-1,-1,-1,-1,1,41798,7146,
1955,tu.ac.th,0,1,41134,4.614200943728979,10700,2999,1000,7700,1,-1,-1,-1,-1,-1,-1,-1,-1,9986,1,1,1,37992,-1,TH
1956,tubidy.watch,0,0,-1,-1.0,1062,122,1000,940,1,-1,-1,-1,-1,-1,-1,-1,-1,3074,1,1,1,13335,5790,US
1957,tulane.edu,0,1,12194,4.086146190685901,10682,7984,1000,2698,1,-1,-1,-1,-1,-1,-1,-1,-1,-1,-1,-1,1,54113,5343,US
1958,turk.net,0,1,26140,4.417305583244525,10452,5813,1000,4639,1,-1,-1,-1,-1,-1,-1,-1,-1,11127,1,1,1,12735,8756,
1959,tv.nova.cz,0,1,7059,3.8487431818956837,8885,4923,1000,3962,1,-1,-1,-1,-1,-1,-1,-1,-1,10164,1,1,1,13335,5790,US
1960,tv360.vn,0,1,57892,4.76261855343552,6053,1,1000,6052,1,98,2040,24,11,0,1,89,2,-1,-1,-1,1,21859,4797,US
1961,tvb.com,0,1,25304,4.403189178907667,9888,6734,1000,3153,1,-1,-1,-1,-1,-1,-1,-1,-1,9955,1,1,1,396982,2836,US
1962,tvbs.com.tw,0,1,13566,4.132451812729004,10344,3951,1000,6393,1,-1,-1,-1,-1,-1,-1,-1,-1,10612,1,1,1,16509,9513,US
1963,tvid.in,0,1,66123,4.820352549283702,4357,1749,1000,2607,1,-1,-1,-1,-1,-1,-1,-1,-1,3346,1,1,1,16625,9487,US
1964,tvn.pl,0,1,14092,4.148972634509205,10052,4729,1000,5323,0,1540,6858,26,42,0,1,394,24,10455,1,1,1,16509,9513,US
1965,tvtogel899.com,0,0,-1,-1.0,1085,331,23,754,1,-1,-1,-1,-1,-1,-1,-1,-1,-1,-1,-1,0,-1,-1,
1966,tweakers.net,0,1,10991,4.041037207867029,9885,6625,1000,3260,1,-1,-1,-1,-1,-1,-1,-1,-1,9968,1,1,1,20940,8665,
1967,twentytwowords.com,0,1,69739,4.843475715658317,6653,3799,1000,2854,1,-1,-1,-1,-1,-1,-1,-1,-1,6658,1,1,1,13335,5790,US
1968,twstalker.com,0,1,7349,3.866228247379647,1752,20,1000,1731,1,-1,-1,-1,-1,-1,-1,-1,-1,1754,1,1,1,13335,5790,US
1969,typingerz.com,0,1,9946,3.997648454896206,2494,20,1000,2474,1,-1,-1,-1,-1,-1,-1,-1,-1,2700,1,1,1,13335,5790,US
1970,ualr.edu,0,1,38266,4.582813067170428,10344,6330,1000,4013,1,-1,-1,-1,-1,-1,-1,-1,-1,-1,-1,-1,1,209242,2625,
1971,uar.net,0,1,40269,4.6049708449073,10722,1545,1000,9177,1,-1,-1,-1,-1,-1,-1,-1,-1,10947,1,1,1,3255,8933,
1972,ub.ac.id,0,1,26771,4.427664594062185,6015,2246,1000,3769,1,4315,4980,349,22,0,1,89,12,6328,1,1,1,46019,-1,ID
1973,uber.onelogin.com,0,1,21334,4.3290722907547305,4558,303,1000,4255,1,0,-1,-1,0,-1,-1,-1,-1,7550,1,1,1,16509,9513,US
1974,uca.edu,0,1,47156,4.67353695902688,10743,4412,1000,6330,1,865,6663,27,41,0,1,90,12,-1,-1,-1,1,40581,6680,US
1975,ucdenver.edu,0,1,27469,4.43884284935915,6602,4052,1000,2550,1,1610,6644,2056,21,0,1,730,395,-1,-1,-1,1,209242,2625,
1976,uch.edu.tw,0,1,34021,4.5317470749467175,5036,1352,1000,3683,1,-1,-1,-1,-1,-1,-1,-1,-1,-1,-1,-1,1,1659,-1,TW
1977,uclouvain.be,0,1,15380,4.186956335465412,7522,3369,1000,4153,1,3173,7358,36,31,0,1,365,19,-1,-1,-1,1,2611,8874,
1978,ucm.es,0,1,7340,3.8656960599160706,10343,5841,1000,4502,1,2949,7035,976,20,0,1,365,41,-1,-1,-1,1,766,8647,
1979,ucsd.edu,0,1,1936,3.286905352972375,10343,7478,1000,2865,1,4229,7890,2861,57,0,1,224,67,-1,-1,-1,1,16509,9513,US
1980,udea.edu.co,0,1,28050,4.44793286559218,10607,2008,1000,8599,1,-1,-1,-1,-1,-1,-1,-1,-1,-1,-1,-1,1,13335,5790,US
1981,ufba.br,0,1,14238,4.153448988600982,10447,4884,1000,5563,1,-1,-1,-1,-1,-1,-1,-1,-1,11097,1,0,1,53164,-1,
1982,ufpi.br,0,1,43486,4.638349461520909,10022,2243,1000,7779,1,-1,-1,-1,-1,-1,-1,-1,-1,10813,1,0,1,1916,-1,
1983,ufrj.br,0,1,9402,3.9732202468522337,10705,4466,1000,6239,1,-1,-1,-1,-1,-1,-1,-1,-1,11097,1,0,1,2715,-1,
1984,ufsc.br,0,1,13220,4.121231455149622,10610,3139,1000,7470,1,-1,-1,-1,-1,-1,-1,-1,-1,11097,1,0,1,263300,-1,
1985,ugsk.ru,0,1,39982,4.601864514825594,7448,14,1000,7434,1,-1,-1,-1,-1,-1,-1,-1,-1,-1,-1,-1,1,43298,1895,
1986,ugto.mx,0,1,54176,4.7338069364288415,10611,2251,1000,8360,1,3156,6425,25,43,0,1,90,12,-1,-1,-1,1,2708,12018,MX
1987,uid.me,0,1,72441,4.859984436830926,6138,3702,1000,2436,1,373,4552,103,9,0,1,89,2,-1,-1,-1,1,57724,3823,
1988,uidsync.net,0,1,23788,4.37635792982724,1604,36,1000,1567,0,-1,-1,-1,-1,-1,-1,-1,-1,1762,1,1,1,24940,8753,
1989,uisp.com,0,1,2047,3.3111178426625054,9346,25,1000,9320,0,545,2039,25,13,0,1,89,2,8995,1,1,1,16509,9513,US
1990,uk.virginmoney.com,0,1,25053,4.398859738404261,8401,6774,1000,1626,1,-1,-1,-1,-1,-1,-1,-1,-1,10130,1,1,1,20940,8665,
1991,ukdefencejournal.org.uk,0,1,41176,4.614644155242113,4469,1013,1000,3456,1,-1,-1,-1,-1,-1,-1,-1,-1,4498,1,1,1,13335,5790,US
1992,ukrposhta.ua,0,1,38430,4.584670384464348,4939,1841,1000,3098,1,-1,-1,-1,-1,-1,-1,-1,-1,4941,1,1,1,20940,8665,
1993,uli.org,0,1,30750,4.4878451201114355,10740,5130,1000,5609,1,-1,-1,-1,-1,-1,-1,-1,-1,11199,1,1,1,13335,5790,US
1994,ultimatelysocial.com,0,1,47014,4.672227202986275,4657,2107,1000,2550,0,-1,-1,-1,-1,-1,-1,-1,-1,4289,1,1,1,13335,5790,US
1995,umanitoba.ca,0,1,13660,4.135450699345514,10565,7133,1000,3432,1,-1,-1,-1,-1,-1,-1,-1,-1,9343,1,1,1,17001,7076,CA
1996,umeye.com,0,1,186378,5.270394647060433,4135,3,1000,4131,1,-1,-1,-1,-1,-1,-1,-1,-1,5258,1,1,1,37963,-1,CN
1997,unb.br,0,1,16728,4.223444019809615,10729,3612,1000,7117,1,-1,-1,-1,-1,-1,-1,-1,-1,11097,1,0,1,21506,-1,
1998,unblockia.com,0,1,100731,5.003163145400541,2113,1546,1000,567,1,-1,-1,-1,-1,-1,-1,-1,-1,2407,1,1,0,-1,-1,
1999,underconsideration.com,0,1,55737,4.746143589448896,8748,2844,1000,5904,1,-1,-1,-1,-1,-1,-1,-1,-1,8851,1,1,1,7859,10703,US
2000,understandingwar.org,0,1,23331,4.367933353674787,7008,2326,1000,4681,1,-1,-1,-1,-1,-1,-1,-1,-1,7108,1,1,1,209242,2625,
2001,unionbankonline.co.in,0,1,22161,4.34558935374065,8016,782,1000,7234,1,75,6414,111,15,0,1,396,2,8255,1,1,1,4755,-1,IN
2002,unisa.edu.au,0,1,23195,4.365394376854779,10710,5877,1000,4833,1,3736,6679,462,37,0,1,365,20,-1,-1,-1,1,1851,-1,AU
2003,unispace.cloud,0,0,-1,-1.0,2887,529,1000,2358,1,106,2076,155,7,0,1,89,3,-1,-1,-1,0,-1,-1,
2004,uniswap.org,0,1,12485,4.096388546687367,5370,1113,1000,4257,0,-1,-1,-1,-1,-1,-1,-1,-1,2733,1,1,1,13335,5790,US
2005,unizar.es,0,1,14499,4.161338049858543,10730,5197,1000,5532,1,-1,-1,-1,-1,-1,-1,-1,-1,-1,-1,-1,1,766,8647,
2006,unpkg.com,0,1,787,2.8959747323590648,4596,3253,1000,1343,1,-1,-1,-1,-1,-1,-1,-1,-1,3788,1,1,1,13335,5790,US
2007,unr.edu.ar,0,1,28137,4.449277790579156,10576,2257,1000,8319,1,-1,-1,-1,-1,-1,-1,-1,-1,-1,-1,-1,1,262156,5326,AR
2008,unric.org,0,1,18608,4.2696996973843735,7405,2112,1000,5292,0,1088,7443,20,31,0,1,89,3,7503,1,1,1,13335,5790,US
2009,unstop.com,0,1,11021,4.042221002390382,8452,2,1000,8450,1,-1,-1,-1,-1,-1,-1,-1,-1,6225,1,1,1,16509,9513,US
2010,updraftplus.com,0,1,39015,4.591231611251554,4841,1923,1000,2918,1,1253,4501,26,30,0,1,90,2,4866,1,1,1,13335,5790,US
2011,upgarage.com,0,1,51798,4.714312991294801,9247,1420,1000,7826,1,-1,-1,-1,-1,-1,-1,-1,-1,9565,1,1,1,16509,9513,US
2012,upmusics.com,0,1,202439,5.3062941833316986,4998,19,1000,4979,1,217,2976,78,12,0,1,89,12,2989,1,1,1,48715,3508,
2013,uptimerobot.com,0,1,5857,3.76767522402796,5974,2877,1000,3096,1,-1,-1,-1,-1,-1,-1,-1,-1,5983,1,1,1,13335,5790,US
2014,upwitheaway.info,0,1,81883,4.913193745807495,3275,308,135,2966,1,-1,-1,-1,-1,-1,-1,-1,-1,4573,1,1,1,16509,9513,US
2015,urekamedia.co,0,1,432319,5.635804322773597,1154,13,1000,1140,1,316,1467,78,17,0,1,89,5,-1,-1,-1,1,16509,9513,US
2016,us.dollarshaveclub.com,0,1,40381,4.606177069662212,1180,553,1000,627,0,-1,-1,-1,-1,-1,-1,-1,-1,5602,1,1,1,13335,5790,US
2017,us.eufy.com,0,1,10000,4.0,1391,954,1000,437,1,116,1416,32,8,0,0,89,1,8303,1,1,1,13335,5790,US
2018,us.jobrapido.com,0,1,19712,4.294730690484331,5247,3777,1000,1470,1,-1,-1,-1,-1,-1,-1,-1,-1,7539,1,1,1,396982,2836,US
2019,us.konicaminoltamarketplace.com,0,1,74583,4.872639848283025,2900,64,1000,2835,1,-1,-1,-1,-1,-1,-1,-1,-1,3121,1,1,1,16509,9513,US
2020,us.ncsoft.com,0,1,26714,4.426738921636634,6257,2555,1000,3702,0,127,6309,22,12,0,1,390,2,11241,1,1,1,16509,9513,US
2021,us.pandora.net,0,1,12654,4.10222783012313,3031,2347,1000,683,0,45,3047,405,10,0,0,365,2,10532,1,1,1,13335,5790,US
2022,us.pg.com,0,1,10764,4.031973689091717,3900,3454,1000,445,1,44,2891,167,8,0,1,372,3,12505,1,1,1,8075,10643,US
2023,us.puma.com,0,1,6252,3.7960189693471493,4300,1913,1000,2386,1,425,4326,21,24,0,1,89,3,10471,1,1,1,54113,5343,US
2024,us.shein.com,0,1,495,2.694605198933569,4000,2411,1000,1589,1,0,-1,-1,0,-1,-1,-1,-1,10352,1,1,1,20940,8665,
2025,us.swann.com,0,1,28154,4.44954010627498,1576,2,1000,1574,1,143,1730,28,14,0,1,89,2,11193,1,1,1,13335,5790,US
2026,us.yotoplay.com,0,1,20135,4.30395163394345,2107,9,1000,2098,1,100,2234,48,13,0,1,89,3,3359,1,1,1,16509,9513,US
2027,usal.es,0,1,13555,4.132099521916504,10774,4295,1000,6478,1,3175,6998,586,21,0,1,365,87,-1,-1,-1,1,766,8647,
2028,useinsider.com,0,1,2372,3.375114684692225,4303,2904,1000,1398,1,1149,3956,25,34,0,1,90,23,4415,1,1,1,13335,5790,US
2029,userstyles.org,0,1,51807,4.714388444223656,7392,3244,1000,4148,1,-1,-1,-1,-1,-1,-1,-1,-1,7407,1,1,1,14618,7503,US
2030,userx.pro,0,1,19631,4.292942423054936,3259,36,1000,3223,1,381,3247,31,17,0,1,89,2,3276,1,1,1,57724,3823,
2031,usg.edu,0,1,10429,4.018242667457909,10031,3274,1000,6756,1,3952,7496,1695,23,0,1,365,21,-1,-1,-1,1,3479,1591,US
2032,uspreventiveservicestaskforce.org,0,1,39548,4.597124525484104,5781,2481,1000,3300,1,-1,-1,-1,-1,-1,-1,-1,-1,5802,1,1,1,26810,8578,US
2033,ustraveldocs.com,0,1,39771,4.599566511001618,5638,1529,1000,4108,1,-1,-1,-1,-1,-1,-1,-1,-1,5714,1,1,1,16509,9513,US
2034,utilityworlds.com,0,0,-1,-1.0,3229,701,23,2528,0,-1,-1,-1,-1,-1,-1,-1,-1,205,2,1,1,13335,5790,US
2035,utswmed.org,0,1,60642,4.7827735160844265,3498,710,1000,2787,1,-1,-1,-1,-1,-1,-1,-1,-1,5388,1,1,1,8075,10643,US
2036,uwi.edu,0,1,21469,4.331811815996742,8501,1555,1000,6945,1,-1,-1,-1,-1,-1,-1,-1,-1,-1,-1,-1,1,3586,11697,JM
2037,uwosh.edu,0,1,61676,4.790116199766332,10637,4293,1000,6343,1,4344,7356,1782,22,0,1,90,8,-1,-1,-1,1,14618,7503,US
2038,uzblog.net,0,1,37265,4.571301125566269,5617,17,1000,5599,1,-1,-1,-1,-1,-1,-1,-1,-1,3848,1,1,1,13335,5790,US
2039,v2.horsereality.com,0,1,16355,4.2136505484610005,2115,1,1000,2114,1,-1,-1,-1,-1,-1,-1,-1,-1,5411,1,1,1,13335,5790,US
2040,v2.xxx888porn.com,0,0,-1,-1.0,3386,562,1000,2823,0,-1,-1,-1,-1,-1,-1,-1,-1,3814,1,1,1,13335,5790,US
2041,vacares.com,0,1,66618,4.823591590198418,9745,18,1000,9726,1,4586,3653,56,18,0,1,89,7,10109,1,1,1,13820,2465,US
2042,vaidebet.com,0,0,-1,-1.0,1401,148,1000,1252,1,147,1456,252,11,0,1,89,2,1605,1,1,1,16509,9513,US
2043,validate.perfdrive.com,0,1,9049,3.9566005882131767,3079,35,1000,3043,1,3,3323,2957,1,0,0,731,2,4272,1,1,1,25773,2264,US
2044,valleymetro.org,0,1,171208,5.233524054001656,9133,1846,1000,7287,1,1449,6761,24,31,0,1,90,43,9445,1,1,1,13335,5790,US
2045,vds.selectel.ru,0,1,371,2.569373909615046,1650,79,1000,1570,0,139,1687,39,6,0,0,89,2,-1,-1,-1,1,50340,3138,
2046,velaro.com,0,1,65605,4.8169369398277855,9217,4260,1000,4957,1,483,5963,34,26,0,1,90,2,9340,1,1,1,209242,2625,
2047,ventsmagazine.com,0,1,54896,4.739540700712098,5165,144,1000,5020,1,-1,-1,-1,-1,-1,-1,-1,-1,5186,1,1,1,13335,5790,US
2048,verve.com,0,1,19807,4.296818701580489,10737,2261,1000,8476,1,1865,5187,22,31,0,1,89,4,11605,1,1,1,209242,2625,
2049,vglive.no,0,1,233176,5.36768384795682,6304,2957,1000,3346,1,604,4389,28,14,0,1,90,12,3680,1,1,1,16509,9513,US
2050,vibish.com,0,0,-1,-1.0,3155,150,1000,3005,1,206,2675,26,15,0,1,190,2,3163,1,1,1,13335,5790,US
2051,vide-greniers.org,0,1,16742,4.223807337592779,8065,4836,1000,3229,1,116,4395,45,9,0,1,89,2,8121,1,1,1,16276,20594,
2052,videocardz.com,0,1,30056,4.477931182055328,9355,3079,1000,6275,1,806,4251,21,21,0,1,89,2,6589,1,1,1,13335,5790,US
2053,videoscdn.online,0,1,101511,5.006513106096073,1608,80,1000,1527,0,661,1730,47,19,0,1,89,3,-1,-1,-1,1,13335,5790,US
2054,vietjack.com,0,1,1690,3.2278867046136734,3955,5,1000,3949,1,70,2937,265,7,0,1,90,2,3978,1,1,1,135967,-1,VN
2055,vietnamnews.vn,0,1,40384,4.606209333228022,5333,3788,1000,1544,1,-1,-1,-1,-1,-1,-1,-1,-1,-1,-1,-1,1,54994,1134,CA
2056,vikingo-play.net,0,0,-1,-1.0,1128,65,227,1062,0,-1,-1,-1,-1,-1,-1,-1,-1,6,3,1,1,13335,5790,US
2057,vimeo.com,0,1,66,1.8195439355418688,7812,6273,1000,1538,0,-1,-1,-1,-1,-1,-1,-1,-1,7826,1,1,1,13335,5790,US
2059,vip-site1.ru,0,1,59475,4.774334450709304,3266,315,1000,2950,0,-1,-1,-1,-1,-1,-1,-1,-1,-1,-1,-1,1,50340,3138,
2060,vipor.net,0,1,28600,4.456366033129043,6722,67,1000,6655,1,-1,-1,-1,-1,-1,-1,-1,-1,5450,1,1,1,13335,5790,US
2061,virtualtourist.com,0,1,48806,4.688473215582914,9633,7415,1000,2217,0,-1,-1,-1,-1,-1,-1,-1,-1,11249,1,1,1,14061,4986,US
2062,visualstudio.microsoft.com,0,1,6,0.7781512503836436,2892,2592,1000,299,1,382,3327,36,31,0,1,360,2,12803,1,1,1,16625,9487,US
2063,vitals.co,0,1,36923,4.5672969802876375,4171,2040,1000,2131,1,491,2212,33,22,0,1,90,5,-1,-1,-1,1,13335,5790,US
2064,viviotech.net,0,1,39002,4.591086877967347,8197,84,1000,8113,1,-1,-1,-1,-1,-1,-1,-1,-1,8420,1,1,1,13438,7629,US
2065,vivy.com,0,1,415887,5.618975345186997,8601,416,1000,8184,1,-1,-1,-1,-1,-1,-1,-1,-1,26,3,1,1,14618,7503,US
2066,vix.com,0,1,10890,4.037027879755775,10744,3274,1000,7470,1,818,3817,27,27,0,1,90,2,11293,1,1,1,54113,5343,US
2067,vizury.com,0,1,263932,5.421492048730477,-1,-1,-1,-1,-1,1296,6128,19,42,0,1,90,35,6572,1,1,1,209242,2625,
2068,vk.com,0,1,118,2.0718820073061255,9505,5214,1000,4291,1,-1,-1,-1,-1,-1,-1,-1,-1,10558,1,1,1,47541,6530,
2069,vlxyz.tv,0,0,-1,-1.0,1281,444,1000,836,1,-1,-1,-1,-1,-1,-1,-1,-1,1299,1,1,1,63949,-1,SG
2070,vogueplay.com,0,1,10716,4.030032704936171,4764,9,1000,4754,1,-1,-1,-1,-1,-1,-1,-1,-1,4586,1,1,1,13335,5790,US
2071,volume.com,0,1,152321,5.1827597822290565,10774,648,1000,10126,1,-1,-1,-1,-1,-1,-1,-1,-1,11109,1,1,1,13335,5790,US
2072,voxcinemas.com,0,1,10311,4.013300786856887,5449,2975,1000,2474,1,-1,-1,-1,-1,-1,-1,-1,-1,5554,1,1,1,20940,8665,
2073,vps-server.ru,0,1,23419,4.369568346596548,5948,38,1000,5910,1,-1,-1,-1,-1,-1,-1,-1,-1,-1,-1,-1,1,51520,5725,
2074,vrporn.com,0,1,55203,4.74196268004881,9977,633,1000,9344,1,-1,-1,-1,-1,-1,-1,-1,-1,5629,1,1,1,13335,5790,US
2075,vrsamachar.com,0,0,-1,-1.0,1198,68,1000,1130,0,70,1295,69,10,0,1,89,8,1295,1,1,1,47583,5526,DE
2076,vs3.com,0,1,145829,5.163843897696618,9652,2304,1000,7347,1,-1,-1,-1,-1,-1,-1,-1,-1,9981,1,1,1,395412,3584,US
2077,vseigru.net,0,1,95035,4.977883579051981,3968,2179,1000,1788,1,296,2637,55,23,0,1,90,15,3978,1,1,1,30058,8351,US
2078,vstation.ru,0,1,26694,4.426413656131688,4171,419,1000,3751,0,327,2561,31,10,1,0,89,2,-1,-1,-1,1,198083,5256,
2079,vtdigger.org,0,1,45847,4.661310922861615,6097,3572,1000,2525,1,-1,-1,-1,-1,-1,-1,-1,-1,6301,1,1,1,2635,4980,US
2080,vuighe1.com,0,0,-1,-1.0,1070,315,385,755,1,-1,-1,-1,-1,-1,-1,-1,-1,1071,1,1,1,395954,3395,US
2081,vulkanvegaspl.com,0,1,216234,5.334923982177151,2001,6,1000,1995,1,97,2220,37,13,0,1,89,2,2219,1,1,1,13335,5790,US
2082,vuukle.com,0,1,21808,4.338615838490599,5427,3561,1000,1865,1,1880,4809,23,33,0,1,103,4,5459,1,1,1,13335,5790,US
2083,vwo.com,0,1,24662,4.392028293417179,9211,3363,1000,5847,1,-1,-1,-1,-1,-1,-1,-1,-1,9575,1,1,1,13335,5790,US
2084,vwv.dramacoool.co,0,0,-1,-1.0,1013,349,235,664,1,-1,-1,-1,-1,-1,-1,-1,-1,-1,-1,-1,0,-1,-1,
2085,vww.cinecalidad.men,0,0,-1,-1.0,1010,663,143,346,1,10,664,225,4,0,0,89,1,-1,-1,-1,0,-1,-1,
2086,vz.ru,0,1,13764,4.138744663948892,9130,6905,1000,2224,1,217,3507,23,16,0,1,89,5,-1,-1,-1,1,50340,3138,
2087,w.tools,0,1,19521,4.290502061453518,3548,75,1000,3472,0,-1,-1,-1,-1,-1,-1,-1,-1,3674,1,1,1,197540,5593,
2088,w3.bilkent.edu.tr,0,0,-1,-1.0,4052,32,1000,4019,1,-1,-1,-1,-1,-1,-1,-1,-1,-1,-1,-1,1,8466,20594,
2089,w3techs.com,0,1,13943,4.144356227368183,-1,-1,-1,-1,-1,-1,-1,-1,-1,-1,-1,-1,-1,6189,1,1,1,24940,8753,
2090,wa.gov,0,1,2863,3.456821348021599,10758,4405,1000,6353,1,3136,7932,2848,62,0,1,90,30,10458,1,1,1,54113,5343,US
2091,wakelet.com,0,1,7568,3.8789811233937366,5485,1458,1000,4026,1,2197,4868,25,29,0,1,90,6,5630,1,1,1,16509,9513,US
2092,walletconnect.com,0,1,18196,4.2599759281579175,5586,1186,1000,4400,1,3190,1864,18,25,0,1,89,4,5996,1,1,1,13335,5790,US
2093,wallethub.com,0,1,15652,4.194569839228643,-1,-1,0,-1,-1,216,5225,48,30,0,1,90,2,6600,1,1,1,13335,5790,US
2094,wallex.ir,0,1,226800,5.355643050220869,3857,20,1000,3836,1,-1,-1,-1,-1,-1,-1,-1,-1,-1,-1,-1,1,205585,1491,
2095,waltonbd.com,0,1,39975,4.6017884724182725,7024,1467,1000,5556,1,-1,-1,-1,-1,-1,-1,-1,-1,7906,1,1,1,13335,5790,US
2096,wap.hnhmysy.com,0,0,-1,-1.0,931,407,183,523,0,-1,-1,-1,-1,-1,-1,-1,-1,3353,1,1,0,-1,-1,
2097,warframe.market,0,1,18384,4.26444001134421,4117,817,1000,3299,1,-1,-1,-1,-1,-1,-1,-1,-1,4206,1,1,1,13335,5790,US
2098,warriorplus.com,0,1,47247,4.6743742377170525,7410,4085,1000,3325,0,991,4453,28,29,0,1,90,5,7414,1,1,1,13335,5790,US
2099,wartank.ru,0,1,8071,3.906927347308956,6092,2968,1000,3124,1,-1,-1,-1,-1,-1,-1,-1,-1,-1,-1,-1,1,48282,6407,
2100,watchfeed.tv,0,1,52912,4.7235541775696275,1602,58,1000,1543,0,-1,-1,-1,-1,-1,-1,-1,-1,2022,1,1,1,56694,3813,
2101,watchlakorn.in,0,0,-1,-1.0,5312,4699,1000,612,1,-1,-1,-1,-1,-1,-1,-1,-1,5340,1,1,1,13335,5790,US
2102,wayofleaf.com,0,1,183674,5.264047684037502,5581,47,1000,5534,1,399,2235,26,17,0,1,89,2,2235,1,1,1,13335,5790,US
2103,waytohey.com,0,1,227687,5.3573382348775995,2844,65,1000,2779,1,486,2676,1554,2,1,0,89,28,3164,1,1,1,19318,7468,US
2105,wazdan.com,0,1,107903,5.033033519431138,5193,9,1000,5183,1,130,3751,34,16,0,1,89,2,5334,1,1,1,16509,9513,US
2106,wazzup24.com,0,1,18203,4.260142969088207,3020,14,1000,3006,0,-1,-1,-1,-1,-1,-1,-1,-1,3091,1,1,1,13335,5790,US
2107,wbtc.network,0,1,148876,5.172824691656397,2755,650,1000,2104,0,65,2770,29,10,0,1,90,2,2781,1,1,1,14618,7503,US
2108,weare.kueez.com,0,1,52634,4.721266376133869,2134,21,1000,2112,1,-1,-1,-1,-1,-1,-1,-1,-1,3655,1,1,1,209242,2625,
2109,weatherspark.com,0,1,10217,4.009323393381013,6669,1905,1000,4763,1,-1,-1,-1,-1,-1,-1,-1,-1,5743,1,1,1,16509,9513,US
2110,weatheruknow.com,0,1,324208,5.510823727085565,1612,431,42,1181,1,-1,-1,-1,-1,-1,-1,-1,-1,2201,1,1,1,396982,2836,US
2111,weawow.com,0,1,37048,4.5687647679858365,3311,71,1000,3240,0,-1,-1,-1,-1,-1,-1,-1,-1,3696,1,1,1,16509,9513,US
2112,web.wurfl.io,0,1,33183,4.520915647045442,4208,3315,1000,893,1,0,-1,-1,0,-1,-1,-1,-1,-1,-1,-1,1,10913,10348,US
2113,webcitation.org,0,1,48904,4.689344382781724,8211,2884,1000,5326,1,153,3369,58,12,0,1,90,6,8223,1,1,1,16509,9513,US
2114,webim.ru,0,1,15430,4.188365926063148,6961,73,1000,6888,1,637,5056,22,13,0,1,89,5,-1,-1,-1,1,49505,6180,
2115,webometrics.info,0,1,63043,4.799636871557091,8080,3690,1000,4389,1,410,3761,373,9,0,1,190,2,8122,1,1,0,-1,-1,
2116,webpartner.dk,0,1,440024,5.643476364630075,10734,391,1000,10343,1,61,7419,67,9,0,1,89,2,-1,-1,-1,1,3308,8661,
2117,webxseries.com,0,0,-1,-1.0,1307,18,1000,1289,1,101,1416,38,9,0,1,89,3,1416,1,1,1,13335,5790,US
2118,wegotthiscovered.com,0,1,36351,4.560516362609313,5802,3254,1000,2547,1,-1,-1,-1,-1,-1,-1,-1,-1,5806,1,1,1,13335,5790,US
2119,weibo.cn,0,1,2005,3.302114376956201,8092,2835,1000,5257,0,-1,-1,-1,-1,-1,-1,-1,-1,-1,-1,-1,1,37936,-1,CN
2120,welcome.playkey.net,0,1,217630,5.337718762057449,2710,686,1000,2024,1,-1,-1,-1,-1,-1,-1,-1,-1,4939,1,1,0,-1,-1,
2121,wellcome.org,0,1,53965,4.732112181396643,8147,1860,1000,6286,1,-1,-1,-1,-1,-1,-1,-1,-1,8240,1,1,1,16509,9513,US
2122,wellnessmama.com,0,1,45031,4.653511591414625,6045,2870,1000,3175,1,-1,-1,-1,-1,-1,-1,-1,-1,6062,1,1,1,13335,5790,US
2123,westmanga.info,0,0,-1,-1.0,3290,99,1000,3190,0,-1,-1,-1,-1,-1,-1,-1,-1,3300,1,1,0,-1,-1,
2124,wfmu.org,0,1,39146,4.592687391766162,10779,7074,1000,3704,1,-1,-1,-1,-1,-1,-1,-1,-1,11565,1,1,1,13335,5790,US
2125,wfxs.tw,0,1,9859,3.993832866613986,2526,27,1000,2499,0,-1,-1,-1,-1,-1,-1,-1,-1,2825,1,1,1,13335,5790,US
2126,whatculture.com,0,1,31915,4.503994848765824,5430,3779,1000,1651,1,-1,-1,-1,-1,-1,-1,-1,-1,5446,1,1,1,54113,5343,US
2127,whatfix.com,0,1,10984,4.040760524228698,4767,2023,1000,2744,1,1115,4832,23,28,0,1,89,3,5020,1,1,1,13335,5790,US
2128,whentowork.com,0,1,48204,4.683083077779296,9211,3210,1000,6001,1,3698,6510,23,16,0,1,90,5,9473,1,1,1,13335,5790,US
2129,whois.co.kr,0,1,12339,4.091279964228837,9890,5620,1000,4269,1,-1,-1,-1,-1,-1,-1,-1,-1,-1,-1,-1,1,9286,-1,KR
2130,whova.com,0,1,31743,4.5016479691068145,4941,2027,1000,2913,1,48,4236,95,6,0,1,393,2,5022,1,1,1,16509,9513,US
2131,widblog.com,0,1,33552,4.525718413121268,5585,72,1000,5512,1,-1,-1,-1,-1,-1,-1,-1,-1,3232,1,1,1,13335,5790,US
2132,widgetable.net,0,1,5030,3.7015679850559273,5621,71,1000,5549,1,-1,-1,-1,-1,-1,-1,-1,-1,1395,1,1,1,16509,9513,US
2133,wikileaks.org,0,1,10677,4.028449242723508,7064,5398,1000,1665,1,-1,-1,-1,-1,-1,-1,-1,-1,7169,1,1,1,12876,8759,
2134,wikimediafoundation.org,0,1,19825,4.297213195989642,8310,5271,1000,3039,0,-1,-1,-1,-1,-1,-1,-1,-1,8341,1,1,1,2635,4980,US
2135,wikitech.wikimedia.org,0,1,265,2.423245873936808,4872,2656,1000,2215,0,-1,-1,-1,-1,-1,-1,-1,-1,8467,1,1,1,14907,7176,US
2136,wise.com,0,1,1095,3.0394141191761372,10627,1821,1000,8805,1,883,7212,19,38,0,1,90,9,11763,1,1,1,13335,5790,US
2137,wiz.biz,0,1,11812,4.072323438293041,7355,32,1000,7323,0,-1,-1,-1,-1,-1,-1,-1,-1,7754,1,1,1,54415,-1,JP
2138,wmich.edu,0,1,13441,4.128431581093246,10712,5241,1000,5470,1,-1,-1,-1,-1,-1,-1,-1,-1,-1,-1,-1,1,54113,5343,US
2139,wnacg.com,0,1,1540,3.187520720836463,5172,16,1000,5155,0,-1,-1,-1,-1,-1,-1,-1,-1,5220,1,1,1,13335,5790,US
2140,wom.cl,0,1,56941,4.755425089974061,3987,3,1000,3983,1,-1,-1,-1,-1,-1,-1,-1,-1,-1,-1,-1,1,52341,5389,CL
2141,womensecret.com,0,1,40591,4.608429750729265,9671,6471,1000,3199,1,-1,-1,-1,-1,-1,-1,-1,-1,9735,1,1,1,13335,5790,US
2142,wongtoto1688.com,0,0,-1,-1.0,1008,641,24,366,1,-1,-1,-1,-1,-1,-1,-1,-1,40,2,1,1,26496,8633,US
2143,worddaily.com,0,1,152993,5.184671560680871,8471,346,1000,8124,1,431,1667,44,25,0,1,89,14,5420,1,1,1,13335,5790,US
2144,wordpress.com,0,1,100,2.0,7972,6236,1000,1736,1,-1,-1,-1,-1,-1,-1,-1,-1,9574,1,1,1,2635,4980,US
2145,workers.cloudflare.com,0,1,3,0.47712125471966244,2544,1509,1000,1035,1,268,2557,33,24,0,1,90,2,6301,1,1,1,13335,5790,US
2146,world.taobao.com,0,1,432,2.635483746814912,4917,3039,1000,1878,1,757,3985,72,7,0,1,199,2,8431,1,1,1,24429,-1,CN
2147,worldofsolitaire.com,0,1,46270,4.665299499499897,6842,3578,1000,3264,1,94,3175,36,7,0,0,89,9,6880,1,1,1,20454,5694,US
2148,wowroms.com,0,1,55311,4.742811510404728,2592,1071,1000,1521,1,380,2927,24,15,0,1,90,12,2926,1,1,1,19318,7468,US
2149,wp-events-plugin.com,0,1,63804,4.804847906361803,5675,1396,1000,4278,1,46,5405,48,5,0,1,90,2,5726,1,1,1,30148,4115,US
2150,wp-royal-themes.com,0,1,16941,4.228939042456542,1224,711,1000,513,1,-1,-1,-1,-1,-1,-1,-1,-1,1244,1,1,1,13335,5790,US
2151,wpml.org,0,1,10605,4.0255106728525805,9133,3779,1000,5354,1,-1,-1,-1,-1,-1,-1,-1,-1,6252,1,1,1,14618,7503,US
2152,writeablog.net,0,1,11896,4.0754009555138975,5789,92,1000,5696,1,-1,-1,-1,-1,-1,-1,-1,-1,2678,1,1,1,13335,5790,US
2153,writer.com,0,1,42296,4.626299297397055,10628,763,1000,9865,1,-1,-1,-1,-1,-1,-1,-1,-1,10522,1,1,1,13335,5790,US
2154,wso2.com,0,1,70667,4.849216654763135,7543,3032,1000,4510,1,-1,-1,-1,-1,-1,-1,-1,-1,7602,1,1,1,13335,5790,US
2155,ww7.2lordserials.xyz,0,1,113691,5.0557260864551825,752,393,160,359,1,-1,-1,-1,-1,-1,-1,-1,-1,1620,1,1,0,-1,-1,
2156,www.01net.com,0,1,20483,4.311393565000522,10733,7637,1000,3096,1,-1,-1,-1,-1,-1,-1,-1,-1,9945,1,1,1,13335,5790,US
2157,www.037hdmovie.com,0,0,-1,-1.0,2198,291,1000,1907,1,-1,-1,-1,-1,-1,-1,-1,-1,2213,1,1,1,14618,7503,US
2158,www.1800petmeds.com,0,1,105221,5.022102424931376,9045,6601,1000,2444,0,-1,-1,-1,-1,-1,-1,-1,-1,9233,1,1,1,13335,5790,US
2159,www.190.vip,0,1,68756,4.837310602912363,3167,69,1000,3098,1,-1,-1,-1,-1,-1,-1,-1,-1,3561,1,1,1,45090,-1,CN
2160,www.1c-bitrix.ru,0,1,11851,4.073754998123192,6936,4171,1000,2764,1,-1,-1,-1,-1,-1,-1,-1,-1,-1,-1,-1,1,51115,5830,
2161,www.1shoppingcart.com,0,1,125830,5.0997841966035775,9466,7467,1000,1998,1,-1,-1,-1,-1,-1,-1,-1,-1,9559,1,1,1,13335,5790,US
2162,www.1und1.net,0,1,48616,4.68677922333926,8678,656,1000,8021,1,15,2794,184,2,0,0,396,1,9616,1,1,1,8881,8764,
2163,www.23andme.com,0,1,18062,4.256765837941647,7138,4232,1000,2905,1,-1,-1,-1,-1,-1,-1,-1,-1,7354,1,1,1,13335,5790,US
2164,www.24hourfitness.com,0,1,58264,4.765400296946214,10736,7475,1000,3260,1,-1,-1,-1,-1,-1,-1,-1,-1,9929,1,1,1,8075,10643,US
2165,www.24pornload.com,0,1,253732,5.404375242732299,6869,293,1000,6575,1,0,-1,-1,0,-1,-1,-1,-1,2094,1,1,1,13335,5790,US
2166,www.24ur.com,0,1,7533,3.8769679674325848,9883,5928,1000,3954,1,-1,-1,-1,-1,-1,-1,-1,-1,10069,1,1,1,54113,5343,US
2167,www.31173.se,0,1,48338,4.684288677372156,6189,10,1000,6178,1,74,2214,49,6,1,0,89,1,-1,-1,-1,1,39351,7408,
2168,www.3ssem.com,0,0,-1,-1.0,3418,315,1000,3102,1,-1,-1,-1,-1,-1,-1,-1,-1,3426,1,1,1,206834,3493,
2169,www.4funbox.com,0,0,-1,-1.0,1639,75,1000,1564,0,-1,-1,-1,-1,-1,-1,-1,-1,1228,1,1,1,21859,4797,US
2170,www.4imprint.com,0,1,37085,4.569198283347813,9577,5834,1000,3743,0,-1,-1,-1,-1,-1,-1,-1,-1,10031,1,1,1,13335,5790,US
2171,www.4tube.com,0,1,43548,4.638968214248181,9154,3449,1000,5705,1,-1,-1,-1,-1,-1,-1,-1,-1,7289,1,1,1,13335,5790,US
2172,www.4wheelparts.com,0,1,69893,4.8444336819888285,10338,5254,1000,5084,1,8,7358,4117,4,0,0,730,1,11025,1,1,1,13335,5790,US
2173,www.50webs.com,0,1,21849,4.339431564673933,7842,5499,1000,2342,1,1,4155,4155,1,0,0,368,1,7884,1,1,1,14555,604,US
2174,www.51job.com,0,1,9046,3.9564565834098997,9538,7400,1000,2137,0,-1,-1,-1,-1,-1,-1,-1,-1,9793,1,1,1,4812,-1,CN
2175,www.888poker.com,0,1,54226,4.734207569731457,8884,4677,1000,4207,1,-1,-1,-1,-1,-1,-1,-1,-1,8990,1,1,1,16509,9513,US
2176,www.888sport.com,0,1,42520,4.628593255851259,8581,3776,1000,4804,1,-1,-1,-1,-1,-1,-1,-1,-1,7824,1,1,1,16509,9513,US
2177,www.8theme.com,0,1,18134,4.258493611393913,5246,2181,1000,3064,1,-1,-1,-1,-1,-1,-1,-1,-1,5279,1,1,1,24940,8753,
2178,www.aa.org,0,1,21135,4.325002252165038,10745,5837,1000,4908,1,-1,-1,-1,-1,-1,-1,-1,-1,10984,1,1,1,19551,5608,US
2179,www.aao.org,0,1,13311,4.1242106834362176,10337,5780,1000,4557,1,-1,-1,-1,-1,-1,-1,-1,-1,11237,1,1,1,14618,7503,US
2180,www.aap.org,0,1,4968,3.6961815871685237,10802,7444,1000,3357,1,-1,-1,-1,-1,-1,-1,-1,-1,11434,1,1,1,13335,5790,US
2181,www.aau.dk,0,1,16943,4.228990310840723,10562,2369,1000,8193,1,106,5899,41,8,0,0,90,1,-1,-1,-1,1,8075,10643,US
2182,www.aauw.org,0,1,41675,4.619875608500043,10802,6812,1000,3989,1,-1,-1,-1,-1,-1,-1,-1,-1,11336,1,1,1,8075,10643,US
2183,www.abbott.com,0,1,10003,4.000130268805227,10721,4040,1000,6680,1,-1,-1,-1,-1,-1,-1,-1,-1,13911,1,1,1,16509,9513,US
2184,www.abcmouse.com,0,1,28942,4.461528539186327,5868,3347,1000,2521,0,-1,-1,-1,-1,-1,-1,-1,-1,7058,1,1,1,16509,9513,US
2185,www.abendzeitung-muenchen.de,0,1,15000,4.176091259055681,5583,4278,1000,1305,1,61,3404,41,7,0,0,89,1,-1,-1,-1,1,44066,6763,
2186,www.aboluowang.com,0,1,95366,4.979393567112165,7273,2935,1000,4338,1,-1,-1,-1,-1,-1,-1,-1,-1,7520,1,1,1,13335,5790,US
2187,www.aboutamazon.eu,0,1,178561,5.251786609455434,2952,1980,1000,972,1,-1,-1,-1,-1,-1,-1,-1,-1,-1,-1,-1,1,16509,9513,US
2188,www.aboutyou.com,0,1,13734,4.137797043058186,9178,6,1000,9171,1,-1,-1,-1,-1,-1,-1,-1,-1,10969,1,1,1,13335,5790,US
2189,www.absa.co.za,0,1,20195,4.3052438575060075,10801,7341,1000,3460,1,-1,-1,-1,-1,-1,-1,-1,-1,-1,-1,-1,1,16509,9513,US
2190,www.abus.com,0,1,34177,4.533733938413199,10741,2680,1000,8061,1,-1,-1,-1,-1,-1,-1,-1,-1,11129,1,1,1,20940,8665,
2191,www.accc.gov.au,0,1,25039,4.398616980163227,10740,3248,1000,7492,1,65,4868,46,12,0,0,89,1,-1,-1,-1,1,20940,8665,
2192,www.accessonline.com,0,1,68958,4.8385846570863835,10801,2550,1000,8250,1,150,3025,26,14,0,0,90,1,9585,1,1,1,13335,5790,US
2193,www.accesswire.com,0,1,49151,4.691532358181663,10336,2834,1000,7501,1,-1,-1,-1,-1,-1,-1,-1,-1,8641,1,1,1,13335,5790,US
2194,www.acefitness.org,0,1,28281,4.451494761801086,10745,7024,1000,3720,1,31,7217,72,8,0,0,396,1,11010,1,1,1,8075,10643,US
2195,www.achievers.com,0,1,36863,4.566590676255501,10335,2844,1000,7491,1,-1,-1,-1,-1,-1,-1,-1,-1,10541,1,1,1,54113,5343,US
2196,www.aciworldwide.com,0,1,75352,4.877094783889358,9977,2395,1000,7582,0,-1,-1,-1,-1,-1,-1,-1,-1,10177,1,1,1,209242,2625,
2197,www.acsm.org,0,1,30852,4.489283322690485,10744,6004,1000,4739,1,-1,-1,-1,-1,-1,-1,-1,-1,11621,1,1,1,13335,5790,US
2198,www.act.gov.au,0,1,22947,4.360725915641955,10733,3502,1000,7231,1,45,3254,55,8,0,0,193,1,-1,-1,-1,1,55532,-1,AU
2199,www.act.org,0,1,7815,3.8929289823552056,10733,7432,1000,3301,1,-1,-1,-1,-1,-1,-1,-1,-1,12712,1,1,1,16509,9513,US
2200,www.action1.com,0,1,10468,4.019863713967843,9506,9,1000,9497,1,-1,-1,-1,-1,-1,-1,-1,-1,3642,1,1,1,13335,5790,US
2201,www.activecampaign.com,0,1,10681,4.02861191506623,8509,4697,1000,3811,1,150,6932,66,14,0,0,89,1,8531,1,1,1,13335,5790,US
2202,www.activision.com,0,1,4855,3.686189234244024,10801,6103,1000,4697,1,33,7075,3472,7,0,0,365,1,11895,1,1,1,16625,9487,US
2203,www.acuitybrands.com,0,1,38353,4.583799340448967,8920,3869,1000,5050,1,34,4761,26,10,0,0,374,1,8996,1,1,1,13335,5790,US
2204,www.acumera.com,0,1,55755,4.746283820151407,8666,65,1000,8601,1,123,2818,72,13,0,0,89,1,8797,1,1,1,209242,2625,
2205,www.acunetix.com,0,1,62256,4.794181213459668,7774,3507,1000,4267,1,2,7429,4857,2,0,0,730,1,7875,1,1,1,13335,5790,US
2206,www.acura.com,0,1,41236,4.615276530952403,10744,6649,1000,4095,1,-1,-1,-1,-1,-1,-1,-1,-1,10811,1,1,1,16625,9487,US
2207,www.adaware.com,0,1,26268,4.419427007615557,10640,2876,1000,7763,1,-1,-1,-1,-1,-1,-1,-1,-1,9582,1,1,1,13335,5790,US
2208,www.addthis.com,0,1,2651,3.4234097277330933,9345,6299,1000,3045,1,-1,-1,-1,-1,-1,-1,-1,-1,10222,1,1,1,20940,8665,
2209,www.adelaide.edu.au,0,0,-1,-1.0,10739,5664,1000,5074,1,-1,-1,-1,-1,-1,-1,-1,-1,-1,-1,-1,1,54113,5343,US
2210,www.adidas.fr,0,1,41274,4.615676559833245,9506,3106,1000,6400,1,287,5151,98,10,0,0,207,1,10313,1,1,1,20940,8665,
2211,www.adidas.it,0,1,33679,4.527359187906906,10333,2650,1000,7683,1,146,5151,36,16,0,0,365,1,-1,-1,-1,1,20940,8665,
2212,www.adintrend.tv,0,1,84916,4.928989528371467,2569,69,1000,2500,0,146,2613,37,8,1,0,90,1,2630,1,1,1,13335,5790,US
2213,www.adjarabet.am,0,1,8640,3.936513742478893,4681,74,1000,4607,1,10,3391,143,3,0,0,379,2,-1,-1,-1,1,54994,1134,CA
2214,www.admiral.ne.jp,0,0,-1,-1.0,9986,52,1000,9933,1,0,-1,-1,0,-1,-1,-1,-1,-1,-1,-1,1,55388,-1,JP
2215,www.adnami.io,0,1,11180,4.048441803550404,3178,1567,1000,1611,1,-1,-1,-1,-1,-1,-1,-1,-1,-1,-1,-1,1,13335,5790,US
2216,www.adobe.com,0,1,65,1.8129133566428555,10802,7659,1000,3143,1,92,7486,238,7,0,0,365,1,14430,1,1,1,20940,8665,
2217,www.adoptapet.com,0,1,27631,4.441396602854368,10733,4535,1000,6197,1,-1,-1,-1,-1,-1,-1,-1,-1,11002,1,1,1,16509,9513,US
2218,www.adoreme.com,0,1,87930,4.944137073158098,8883,2630,1000,6252,1,15,4593,1476,4,0,0,733,1,9367,1,1,1,13335,5790,US
2219,www.adup-tech.com,0,1,12700,4.103803720955957,3735,778,1000,2957,1,-1,-1,-1,-1,-1,-1,-1,-1,3817,1,1,1,16509,9513,US
2220,www.advertisers.contobox.com,0,1,29093,4.463788506955836,3377,65,1000,3311,1,-1,-1,-1,-1,-1,-1,-1,-1,5516,1,1,1,396982,2836,US
2221,www.advocateaurorahealth.org,0,1,548039,5.738811465203566,2970,1136,1000,1833,1,-1,-1,-1,-1,-1,-1,-1,-1,3130,1,1,1,8075,10643,US
2222,www.adweek.com,0,1,4468,3.6501131644435714,10733,6323,1000,4409,1,-1,-1,-1,-1,-1,-1,-1,-1,11319,1,1,1,13335,5790,US
2223,www.adxserve.com,0,1,72079,4.857808752756044,4727,2165,1000,2562,1,-1,-1,-1,-1,-1,-1,-1,-1,2816,1,1,1,29789,8417,US
2224,www.aeaweb.org,0,1,13472,4.129432074155575,9884,3241,1000,6642,1,-1,-1,-1,-1,-1,-1,-1,-1,10018,1,1,1,7859,10703,US
2225,www.aena.es,0,1,17397,4.240474363467878,10452,7358,1000,3093,1,-1,-1,-1,-1,-1,-1,-1,-1,-1,-1,-1,1,20940,8665,
2226,www.aeped.es,0,1,105790,5.0244446171313495,9407,2593,1000,6813,1,-1,-1,-1,-1,-1,-1,-1,-1,-1,-1,-1,1,16509,9513,US
2227,www.aerolineas.com.ar,0,1,32384,4.510330490823686,10741,6442,1000,4298,1,-1,-1,-1,-1,-1,-1,-1,-1,11098,1,1,1,8075,10643,US
2228,www.affirm.com,0,1,2796,3.446537167073644,9345,2232,1000,7113,1,-1,-1,-1,-1,-1,-1,-1,-1,9666,1,1,1,13335,5790,US
2229,www.affordable-papers.net,0,1,84756,4.928170452298792,-1,-1,0,-1,-1,-1,-1,-1,-1,-1,-1,-1,-1,456,1,1,1,13335,5790,US
2230,www.afilmywap.hiphop,0,0,-1,-1.0,1014,250,111,763,1,46,1018,271,4,1,0,89,2,-1,-1,-1,0,-1,-1,
2231,www.aflamk1.net,0,1,9065,3.9573678084315276,5502,2871,1000,2630,1,92,3362,35,9,0,0,89,1,5502,1,1,1,13335,5790,US
2232,www.afterdawn.com,0,1,42197,4.625281575848903,9611,7502,1000,2108,0,116,3087,55,6,1,0,89,1,9913,1,1,1,202053,4409,
2233,www.aftership.com,0,1,18992,4.278570701610516,5226,1504,1000,3722,1,10,5209,238,5,0,0,365,1,5253,1,1,1,13335,5790,US
2234,www.afw.com,0,1,58956,4.7705280101824465,10736,2,1000,10733,1,2,7160,6440,1,0,0,753,1,11228,1,1,1,13335,5790,US
2235,www.ag.gov.au,0,1,47268,4.674567226856767,9346,2180,1000,7165,1,81,7017,31,10,0,0,89,1,-1,-1,-1,1,20940,8665,
2236,www.agora.io,0,1,923,2.965201701025912,5619,1939,1000,3680,1,6,4184,3222,2,0,0,90,1,-1,-1,-1,1,16509,9513,US
2237,www.aha.io,0,1,21351,4.329418220546588,4763,2179,1000,2583,1,-1,-1,-1,-1,-1,-1,-1,-1,-1,-1,-1,1,16509,9513,US
2238,www.aha.org,0,1,20303,4.307560214621736,10330,4764,1000,5565,1,-1,-1,-1,-1,-1,-1,-1,-1,11893,1,1,1,54113,5343,US
2239,www.ahaber.com.tr,0,1,42596,4.629368818363508,8098,2460,1000,5637,0,34,3732,402,2,0,0,798,1,-1,-1,-1,1,16509,9513,US
2240,www.ahk.de,0,1,35684,4.552473530697344,10743,1245,1000,9497,1,-1,-1,-1,-1,-1,-1,-1,-1,-1,-1,-1,1,54113,5343,US
2241,www.aig.com,0,1,15816,4.199096656305616,10700,9384,1000,1316,1,-1,-1,-1,-1,-1,-1,-1,-1,11166,1,1,1,16509,9513,US
2242,www.aiga.org,0,1,31390,4.496791315700042,10536,7740,1000,2795,1,8,6994,2128,6,0,0,365,1,11261,1,1,1,13335,5790,US
2243,www.aihw.gov.au,0,1,32137,4.5070053327802775,10330,2850,1000,7479,1,-1,-1,-1,-1,-1,-1,-1,-1,-1,-1,-1,1,13335,5790,US
2244,www.aip.org,0,1,5386,3.731266349075492,10796,9148,1000,1648,1,-1,-1,-1,-1,-1,-1,-1,-1,13391,1,1,1,16509,9513,US
2245,www.airalo.com,0,1,33152,4.52050973372912,3946,836,1000,3110,0,-1,-1,-1,-1,-1,-1,-1,-1,4148,1,1,1,13335,5790,US
2246,www.airindia.com,0,1,15598,4.193068916005273,10543,7323,1000,3219,1,75,1282,41,9,0,0,89,1,11055,1,1,1,20940,8665,
2247,www.airship.com,0,1,97017,4.986847841063188,9573,1410,1000,8163,1,234,2598,50,6,1,0,90,1,11070,1,1,1,54113,5343,US
2248,www.airtory.com,0,1,59295,4.773018073398652,3674,2232,1000,1441,0,64,1861,24,5,1,0,89,1,3799,1,1,1,63949,-1,SG
2249,www.aiscore.com,0,1,4774,3.6788824146707357,2312,81,1000,2231,0,-1,-1,-1,-1,-1,-1,-1,-1,3831,1,1,1,13335,5790,US
2250,www.ajol.info,0,1,31241,4.494724926854786,8090,3690,1000,4400,1,22,3349,72,4,0,0,396,1,8163,1,1,1,16509,9513,US
2251,www.ajpmonline.org,0,1,42196,4.625271283656851,9154,2013,1000,7140,1,72,3075,56,8,0,0,90,1,5532,1,1,1,13335,5790,US
2252,www.akbank.com,0,1,37381,4.572650915252359,9135,6358,1000,2776,0,26,6607,283,8,0,0,384,2,11076,1,1,1,19905,6845,US
2253,www.akc.org,0,1,6652,3.8229522405474814,10743,7341,1000,3401,1,367,6923,25,11,0,0,90,1,11309,1,1,1,54113,5343,US
2254,www.akhbaralaan.net,0,1,672352,5.827596701080299,5342,1440,1000,3902,1,47,3159,49,8,0,0,393,1,3987,1,1,1,2635,4980,US
2255,www.alaraby.co.uk,0,1,30596,4.485664652250255,4492,2883,1000,1608,1,107,3838,1543,2,0,0,403,1,4679,1,1,1,20940,8665,
2256,www.alasco.de,0,1,218263,5.338980120236142,4743,275,1000,4468,1,-1,-1,-1,-1,-1,-1,-1,-1,-1,-1,-1,1,13335,5790,US
2257,www.albertsons.com,0,1,22242,4.347173836413207,10030,5639,1000,4391,0,-1,-1,-1,-1,-1,-1,-1,-1,11565,1,1,1,19551,5608,US
2258,www.alhurra.com,0,1,109659,5.040044281156598,8132,5332,1000,2799,1,-1,-1,-1,-1,-1,-1,-1,-1,8342,1,1,1,2635,4980,US
2259,www.aliexpress.us,0,1,4543,3.657342736814626,5690,1024,1000,4665,1,-1,-1,-1,-1,-1,-1,-1,-1,-1,-1,-1,1,16625,9487,US
2260,www.alight.com,0,1,24204,4.38388714426039,9575,4424,1000,5150,1,-1,-1,-1,-1,-1,-1,-1,-1,10258,1,1,1,16509,9513,US
2261,www.aliorbank.pl,0,1,40439,4.60680040755567,6601,3771,1000,2830,1,-1,-1,-1,-1,-1,-1,-1,-1,6711,1,1,1,47322,6561,
2262,www.alipayplus.com,0,1,18569,4.268788516223584,1750,9,1000,1740,1,-1,-1,-1,-1,-1,-1,-1,-1,4153,1,1,1,24429,-1,CN
2263,www.aliprice.com,0,1,62589,4.796498012777912,8169,27,1000,8142,1,-1,-1,-1,-1,-1,-1,-1,-1,4808,1,1,1,24429,-1,CN
2264,www.alldatasheet.com,0,1,8040,3.905256048748451,8085,5521,1000,2563,1,-1,-1,-1,-1,-1,-1,-1,-1,8248,1,1,1,396982,2836,US
2265,www.ally.com,0,1,10730,4.030599721965951,10741,4083,1000,6658,1,-1,-1,-1,-1,-1,-1,-1,-1,11347,1,1,1,20940,8665,
2266,www.allytech.com,0,1,58422,4.7665764203899466,8941,52,1000,8888,1,-1,-1,-1,-1,-1,-1,-1,-1,8681,1,1,1,266660,3095,AR
2267,www.alphr.com,0,1,48596,4.686600523389447,7830,3246,1000,4584,1,-1,-1,-1,-1,-1,-1,-1,-1,5834,1,1,1,13335,5790,US
2268,www.alstom.com,0,1,25309,4.403274985811686,10033,3643,1000,6389,1,-1,-1,-1,-1,-1,-1,-1,-1,10348,1,1,1,13335,5790,US
2269,www.altium.com,0,1,12471,4.0959012792258775,9002,4258,1000,4744,1,-1,-1,-1,-1,-1,-1,-1,-1,10383,1,1,1,16509,9513,US
2270,www.amazon.com,0,1,24,1.380211241711606,10022,8975,1000,1046,0,547,6820,22,16,0,0,348,5,11524,1,1,1,16509,9513,US
2272,www.amazon.it,0,1,748,2.8739015978644615,10031,4768,1000,5263,1,-1,-1,-1,-1,-1,-1,-1,-1,-1,-1,-1,1,16625,9487,US
2273,www.ambito.com,0,1,6685,3.8251014115980033,10802,4231,1000,6570,1,10,1995,1730,1,1,0,90,1,10363,1,1,1,13335,5790,US
2274,www.amc.com,0,1,26730,4.4269989587565375,10613,3985,1000,6628,1,-1,-1,-1,-1,-1,-1,-1,-1,13483,1,1,1,20940,8665,
2275,www.americanas.com.br,0,1,5144,3.7113009599161657,9720,7359,1000,2361,1,-1,-1,-1,-1,-1,-1,-1,-1,9836,1,0,1,16509,9513,US
2276,www.americanmuscle.com,0,1,46414,4.666648997918484,10052,3130,1000,6921,1,-1,-1,-1,-1,-1,-1,-1,-1,9414,1,1,1,13335,5790,US
2277,www.americanpublicmedia.org,0,1,437295,5.640774511680957,7813,4048,1000,3764,1,-1,-1,-1,-1,-1,-1,-1,-1,9438,1,1,1,53831,4887,US
2278,www.americanscientist.org,0,1,40252,4.604787464017792,9671,4296,1000,5375,1,-1,-1,-1,-1,-1,-1,-1,-1,9833,1,1,1,25795,8777,US
2279,www.americorps.gov,0,1,41765,4.620812485741877,9004,4242,1000,4761,1,-1,-1,-1,-1,-1,-1,-1,-1,9217,1,1,1,8075,10643,US
2280,www.amgen.com,0,1,17035,4.231342137903896,9977,4907,1000,5070,1,-1,-1,-1,-1,-1,-1,-1,-1,13082,1,1,1,16509,9513,US
2281,www.amnestyusa.org,0,1,26335,4.420533322693499,9977,6263,1000,3714,1,280,3211,77,5,1,0,90,1,10011,1,1,1,13335,5790,US
2282,www.analdin.xxx,0,1,41220,4.615107987443194,1683,17,1000,1666,1,56,1766,82,4,1,0,89,1,1772,1,1,1,39572,3843,
2283,www.andbeyond.media,0,1,7001,3.8451600776519457,4120,625,1000,3494,1,2,2010,2010,1,1,0,90,1,4163,1,1,1,14618,7503,US
2284,www.andritz.com,0,1,45695,4.6598686816626795,10358,3728,1000,6629,1,48,3263,94,11,0,0,366,1,11404,1,1,1,20940,8665,
2285,www.androidpolice.com,0,1,12387,4.092966137594365,5902,4127,1000,1775,1,224,5341,1760,4,0,0,90,1,6009,1,1,1,14618,7503,US
2286,www.anhanguera.com,0,1,45703,4.6599447086187205,8578,2577,1000,6001,1,0,-1,-1,0,-1,-1,-1,-1,7742,1,1,1,20940,8665,
2287,www.animenewsnetwork.com,0,1,11748,4.069963937850763,10029,6794,1000,3235,1,2,2785,2785,1,1,0,90,2,10135,1,1,1,13335,5790,US
2288,www.anker.com,0,1,8700,3.9395192526186187,10733,2116,1000,8616,1,68,2417,52,9,0,0,89,1,10951,1,1,1,16509,9513,US
2289,www.annefrank.org,0,1,28551,4.455621324031122,9323,7346,1000,1976,1,14,2878,311,3,0,0,396,1,8467,1,1,1,15830,8655,
2290,www.annualreviews.org,0,1,8689,3.93896979722289,10357,4801,1000,5556,1,48,5749,842,9,0,0,351,2,10632,1,1,1,13335,5790,US
2291,www.anonymised.io,0,1,6036,3.7807492311035524,1202,827,1000,374,1,54,1204,73,7,1,0,89,1,-1,-1,-1,1,209242,2625,
2292,www.antagonist.nl,0,1,53110,4.725176301419137,7992,12,1000,7980,1,10,5504,2219,4,0,0,392,1,8002,1,1,1,20847,8644,
2293,www.antarvasnaphotos.com,0,0,-1,-1.0,4158,187,1000,3971,0,90,2471,646,4,1,0,89,1,4213,1,1,1,13335,5790,US
2294,www.anthology.com,0,1,59302,4.773069340485962,10736,1311,1000,9425,1,122,7142,50,15,0,0,89,1,11074,1,1,1,16509,9513,US
2295,www.anu.edu.au,0,0,-1,-1.0,10535,6073,1000,4462,1,14,7029,581,3,0,0,90,1,-1,-1,-1,1,7575,-1,AU
2296,www.anura.io,0,1,29005,4.462472869803616,3357,8,1000,3348,1,89,2555,55,14,0,0,89,1,-1,-1,-1,1,209242,2625,
2297,www.any.do,0,1,33484,4.524837333256761,5903,4397,1000,1505,1,196,2863,33,6,1,0,89,1,-1,-1,-1,1,13335,5790,US
2298,www.anystories.app,0,1,68118,4.83326188823779,2207,11,1000,2196,1,-1,-1,-1,-1,-1,-1,-1,-1,2369,1,1,1,16509,9513,US
2299,www.aon.com,0,1,14020,4.14674801363064,10799,7356,1000,3442,1,-1,-1,-1,-1,-1,-1,-1,-1,11419,1,1,1,13335,5790,US
2300,www.apartmentfinder.com,0,1,34639,4.539565345794769,10737,4173,1000,6564,1,-1,-1,-1,-1,-1,-1,-1,-1,10089,1,1,1,16625,9487,US
2301,www.apartmentlist.com,0,1,25083,4.399379478152629,9724,4080,1000,5643,1,-1,-1,-1,-1,-1,-1,-1,-1,10203,1,1,1,54113,5343,US
2302,www.aph.gov.au,0,1,14455,4.160018096006676,10701,6344,1000,4356,1,-1,-1,-1,-1,-1,-1,-1,-1,-1,-1,-1,1,8075,10643,US
2303,www.aphp.fr,0,1,35777,4.553603920969493,9619,2228,1000,7391,1,19,3145,197,5,0,0,380,1,9722,1,1,1,48851,3739,
2304,www.apkmonk.com,0,1,223604,5.3494795682769505,-1,-1,0,-1,-1,0,-1,-1,0,-1,-1,-1,-1,3860,1,1,0,-1,-1,
2305,www.aplaceformom.com,0,1,29022,4.462727337772099,9345,4681,1000,4664,1,148,6904,26,8,0,1,394,2,9451,1,1,1,16509,9513,US
2306,www.apotheken-umschau.de,0,1,24489,4.388971051219083,8940,2039,1000,6900,0,78,6134,23,10,0,0,89,1,-1,-1,-1,1,208500,2493,
2307,www.app.engagemedia.tv,0,1,39624,4.5979583149744,1156,66,1000,1089,0,40,1277,62,7,0,0,89,1,1285,1,1,1,396982,2836,US
2308,www.appcast.io,0,1,46071,4.66342763898957,4451,1935,1000,2515,1,-1,-1,-1,-1,-1,-1,-1,-1,-1,-1,-1,1,20940,8665,
2309,www.appier.com,0,1,143520,5.156912425700017,8642,1695,1000,6946,1,-1,-1,-1,-1,-1,-1,-1,-1,8663,1,1,1,209242,2625,
2310,www.applanga.com,0,1,86157,4.935290568352498,4102,3,1000,4099,1,6,721,49,2,0,0,395,1,4176,1,1,1,16509,9513,US
2311,www.apple.com,0,1,10,1.0,10802,8939,1000,1863,1,412,7212,26,30,0,0,201,10,14336,1,1,1,16625,9487,US
2315,www.applebees.com,0,1,14780,4.169674434058807,10447,7322,1000,3125,1,3,2236,2236,2,0,0,186,1,11263,1,1,1,13335,5790,US
2316,www.appsample.com,0,1,64483,4.80944523433577,4746,1100,1000,3646,1,6,2058,1938,2,1,0,90,1,2607,1,1,1,13335,5790,US
2317,www.apssb.in,0,0,-1,-1.0,2524,417,1000,2107,0,-1,-1,-1,-1,-1,-1,-1,-1,1921,1,1,1,13335,5790,US
2318,www.apta.org,0,1,34835,4.542015814870588,10387,4916,1000,5471,1,-1,-1,-1,-1,-1,-1,-1,-1,11531,1,1,1,13335,5790,US
2319,www.ara.cat,0,1,28205,4.450326104061412,7026,3603,1000,3423,1,-1,-1,-1,-1,-1,-1,-1,-1,-1,-1,-1,1,60068,4368,
2320,www.arbeitsagentur.de,0,1,3882,3.589055531052344,8255,3845,1000,4410,1,-1,-1,-1,-1,-1,-1,-1,-1,-1,-1,-1,1,12337,8660,
2321,www.ard.de,0,1,17424,4.2411478624117,10796,7272,1000,3523,1,166,5819,23,6,0,0,265,1,-1,-1,-1,1,16625,9487,US
2322,www.ardc.net,0,1,54141,4.733526273053828,9132,25,1000,9106,1,94,1741,21,5,1,0,89,1,8381,1,1,1,20473,9141,US
2323,www.argenprop.com,0,1,8509,3.9298785236567833,9346,1414,1000,7932,1,0,-1,-1,0,-1,-1,-1,-1,8745,1,1,1,16509,9513,US
2324,www.ariva.de,0,1,32862,4.516693991312429,9717,6930,1000,2786,1,-1,-1,-1,-1,-1,-1,-1,-1,-1,-1,-1,1,13101,8643,
2325,www.arshehonline.com,0,0,-1,-1.0,1661,291,1000,1370,0,18,1690,166,2,1,0,89,1,166,2,1,1,206834,3493,
2326,www.arsys.net,0,0,-1,-1.0,10582,1019,1000,9562,1,-1,-1,-1,-1,-1,-1,-1,-1,10789,1,1,1,8560,8678,
2327,www.artfiles.de,0,1,17989,4.255007021791755,10022,3863,1000,6159,1,-1,-1,-1,-1,-1,-1,-1,-1,-1,-1,-1,1,8893,8688,
2328,www.artnews.com,0,1,19272,4.284926786990287,10737,3729,1000,7008,1,-1,-1,-1,-1,-1,-1,-1,-1,10261,1,1,1,2635,4980,US
2329,www.artofmanliness.com,0,1,19934,4.2995944539249225,6707,4514,1000,2193,1,-1,-1,-1,-1,-1,-1,-1,-1,6718,1,1,1,13335,5790,US
2330,www.aruba.it,0,1,3916,3.5928426831311002,9538,7429,1000,2109,1,-1,-1,-1,-1,-1,-1,-1,-1,-1,-1,-1,1,13335,5790,US
2331,www.arubainstanton.com,0,1,7597,3.8806421264042847,2529,80,1000,2448,0,-1,-1,-1,-1,-1,-1,-1,-1,2578,1,1,1,20940,8665,
2332,www.arup.com,0,1,24465,4.388545220095957,10796,5131,1000,5664,1,-1,-1,-1,-1,-1,-1,-1,-1,11563,1,1,1,13335,5790,US
2333,www.arvato-systems.de,0,1,46712,4.669428462243231,8658,6,1000,8652,1,40,3158,152,6,0,0,364,1,-1,-1,-1,1,8075,10643,US
2334,www.asce.org,0,1,25575,4.407815642384198,10796,7008,1000,3787,1,5,6316,2025,3,0,0,767,1,10711,1,1,1,13335,5790,US
2335,www.asha.org,0,1,16570,4.219322508419337,10744,5451,1000,5292,1,157,4364,24,21,0,1,89,2,11697,1,1,1,13335,5790,US
2336,www.asiae.co.kr,0,1,19858,4.297935506359647,6377,2548,1000,3829,1,0,-1,-1,0,-1,-1,-1,-1,-1,-1,-1,1,4766,-1,KR
2337,www.asicentral.com,0,1,57532,4.759909471780864,10438,3757,1000,6680,1,59,6987,59,8,0,0,90,1,10828,1,1,1,209242,2625,
2338,www.asos.com,0,1,3304,3.5190400386483445,9134,5588,1000,3545,0,-1,-1,-1,-1,-1,-1,-1,-1,9579,1,1,1,20940,8665,
2339,www.asrock.com,0,1,23740,4.375480714618573,8579,4006,1000,4573,1,-1,-1,-1,-1,-1,-1,-1,-1,8742,1,1,1,19551,5608,US
2340,www.astound.com,0,1,64720,4.811038508604216,10735,1493,1000,9242,1,-1,-1,-1,-1,-1,-1,-1,-1,10837,1,1,1,6079,9178,US
2341,www.astroempires.com,0,1,33935,4.530647853527485,7281,2,1000,7279,1,-1,-1,-1,-1,-1,-1,-1,-1,7941,1,1,1,13335,5790,US
2342,www.astrology.com,0,1,32490,4.511749711344983,10032,7437,1000,2594,0,11,2295,934,3,0,0,365,1,11178,1,1,1,13335,5790,US
2343,www.asu.edu,0,1,1606,3.205745540942662,10807,7725,1000,3082,1,89,2236,30,10,0,0,89,1,-1,-1,-1,1,13335,5790,US
2344,www.asurion.com,0,1,11466,4.059411937438656,9171,2911,1000,6259,0,64,4387,191,7,0,0,365,1,9249,1,1,1,16509,9513,US
2345,www.atgtickets.com,0,1,26396,4.421538119690085,5591,3521,1000,2070,1,-1,-1,-1,-1,-1,-1,-1,-1,6108,1,1,1,13335,5790,US
2346,www.athabascau.ca,0,1,35807,4.553967936258381,10541,5564,1000,4976,1,18,5522,791,4,0,0,394,1,9346,1,1,1,16509,9513,US
2347,www.athome.co.jp,0,1,7417,3.8702282790117946,10744,5397,1000,5346,1,45,6748,2584,5,0,0,397,1,-1,-1,-1,1,16509,9513,US
2348,www.atkinsglobal.com,0,1,157695,5.197817923469459,8762,2609,1000,6153,1,26,2875,573,5,0,0,396,1,8982,1,1,1,19574,6726,US
2349,www.atlantanewsfirst.com,0,1,38521,4.585697552825414,1636,987,1000,649,1,42,1335,44,5,1,0,89,1,1709,1,1,1,20940,8665,
2350,www.atlantichealth.org,0,1,47795,4.67938246594291,10583,2835,1000,7748,1,42,7150,250,5,0,0,397,1,10693,1,1,1,15830,8655,
2351,www.atlasobscura.com,0,1,4556,3.6585837154070626,6449,4273,1000,2176,1,-1,-1,-1,-1,-1,-1,-1,-1,6541,1,1,1,13335,5790,US
2352,www.atmegame.com,0,0,-1,-1.0,3730,434,1000,3295,1,-1,-1,-1,-1,-1,-1,-1,-1,4083,1,1,1,13335,5790,US
2353,www.atmosenergy.com,0,1,43948,4.642939115843749,10633,3834,1000,6799,1,5,7204,2438,2,0,0,726,1,10915,1,1,1,35858,7723,US
2354,www.atpress.ne.jp,0,0,-1,-1.0,9211,5042,1000,4169,1,34,7343,26,4,0,0,90,1,-1,-1,-1,1,396982,2836,US
2355,www.atptour.com,0,1,5574,3.7461669643772852,10795,2263,1000,8532,1,0,-1,-1,0,-1,-1,-1,-1,11321,1,1,1,13335,5790,US
2356,www.atube.xxx,0,1,347342,5.54075730063123,2218,68,1000,2150,1,18,2276,1784,2,1,0,90,1,4767,1,1,1,32338,4532,AI
2357,www.auctiontime.com,0,1,100632,5.002736104115174,9506,1637,1000,7869,0,18,5727,415,3,0,0,395,1,8778,1,1,1,13335,5790,US
2358,www.audacy.com,0,1,11473,4.059676993584756,8094,1817,1000,6276,1,16,2503,1177,4,0,0,90,1,3337,1,1,1,54113,5343,US
2359,www.audible.com,0,1,2525,3.40226138245468,10349,7208,1000,3141,1,46,6954,65,8,0,0,360,2,10759,1,1,1,16509,9513,US
2360,www.audioeye.com,0,1,7488,3.874365835730049,8728,2165,1000,6562,1,65,6098,82,10,0,0,89,1,8805,1,1,1,16509,9513,US
2361,www.audiosciencereview.com,0,1,45907,4.661878912761312,3684,4,1000,3680,1,8,3469,2846,3,0,0,365,1,3751,1,1,1,13335,5790,US
2362,www.australia.com,0,1,19553,4.291213400273596,10375,5178,1000,5196,1,0,-1,-1,0,-1,-1,-1,-1,10302,1,1,1,16625,9487,US
2363,www.austria.info,0,1,29520,4.4701163531510035,8752,5113,1000,3638,1,597,2318,65,7,1,0,90,1,9064,1,1,1,13335,5790,US
2364,www.autoblog.nl,0,1,46911,4.671274690884761,7836,3719,1000,4117,1,12,5250,2030,4,0,0,90,1,7888,1,1,1,396982,2836,US
2365,www.autointegrate.com,0,1,72619,4.8610502641655255,4775,72,1000,4703,1,-1,-1,-1,-1,-1,-1,-1,-1,5516,1,1,1,12488,6981,
2366,www.autonews.com,0,1,12930,4.111598524880394,10022,7324,1000,2698,0,-1,-1,-1,-1,-1,-1,-1,-1,10414,1,1,1,20940,8665,
2367,www.autotrack.nl,0,1,49456,4.694218987719229,9449,6520,1000,2928,1,-1,-1,-1,-1,-1,-1,-1,-1,9602,1,1,1,20940,8665,
2368,www.auvik.com,0,1,2977,3.473778834646725,5102,76,1000,5025,1,-1,-1,-1,-1,-1,-1,-1,-1,5291,1,1,1,209242,2625,
2369,www.av-th.net,0,0,-1,-1.0,2610,16,1000,2593,1,-1,-1,-1,-1,-1,-1,-1,-1,2616,1,1,1,13335,5790,US
2370,www.avanade.com,0,1,66893,4.825380673516239,9539,3785,1000,5754,1,38,3025,37,7,0,0,365,1,9633,1,1,1,8075,10643,US
2371,www.avaya.com,0,1,19118,4.281442457270873,9409,7371,1000,2038,1,148,7003,80,18,0,0,365,2,9519,1,1,1,13335,5790,US
2372,www.avazturk.com,0,0,-1,-1.0,6029,31,1000,5997,1,76,3414,40,9,0,0,89,1,4264,1,1,1,13335,5790,US
2373,www.aveda.com,0,1,60159,4.779300608532864,10701,7208,1000,3492,1,179,7169,256,15,0,0,90,10,11287,1,1,1,20940,8665,
2374,www.avency.de,0,1,28382,4.453042995714815,8078,74,1000,8004,1,-1,-1,-1,-1,-1,-1,-1,-1,-1,-1,-1,1,12371,8924,
2375,www.avigilon.com,0,1,16908,4.2280922391569815,7201,1558,1000,5643,1,-1,-1,-1,-1,-1,-1,-1,-1,8047,1,1,1,19551,5608,US
2376,www.avrotros.nl,0,1,25674,4.4094935368675765,4502,3719,1000,783,1,-1,-1,-1,-1,-1,-1,-1,-1,5493,1,1,1,13335,5790,US
2377,www.axa.fr,0,1,35767,4.553482514706291,9986,4424,1000,5562,1,30,7891,282,8,0,0,451,1,10958,1,1,1,54113,5343,US
2378,www.axis.co.id,0,1,50428,4.702671744161752,8000,20,1000,7979,1,-1,-1,-1,-1,-1,-1,-1,-1,8084,1,1,1,13335,5790,US
2379,www.axxessnetworks.com,0,1,101443,5.006222084230286,9210,66,1000,9144,1,111,2695,22,7,0,0,89,1,4979,1,1,1,14618,7503,US
2380,www.azet.sk,0,1,7860,3.895422546039408,9396,6884,1000,2511,0,5,4871,3426,2,0,0,730,1,-1,-1,-1,1,57788,5215,
2381,www.azom.com,0,1,46539,4.667817047211394,9296,4532,1000,4763,1,0,-1,-1,0,-1,-1,-1,-1,9663,1,1,1,13335,5790,US
2382,www.babad.id,0,0,-1,-1.0,3488,66,1000,3421,1,20,3481,63,3,0,0,90,1,1714,1,1,1,15169,9548,US
2383,www.babu88.com,0,0,-1,-1.0,1636,306,1000,1330,0,-1,-1,-1,-1,-1,-1,-1,-1,1771,1,1,1,13335,5790,US
2384,www.babyblog.ru,0,1,33213,4.521308105487026,7202,4418,1000,2784,1,-1,-1,-1,-1,-1,-1,-1,-1,-1,-1,-1,1,51115,5830,
2385,www.backblaze.com,0,1,4354,3.6388884247050757,6782,3283,1000,3498,1,-1,-1,-1,-1,-1,-1,-1,-1,6988,1,1,1,13335,5790,US
2386,www.baiconnect.com,0,0,-1,-1.0,2843,47,1000,2795,1,-1,-1,-1,-1,-1,-1,-1,-1,3445,1,1,1,20473,9141,US
2387,www.bakermckenzie.com,0,1,31654,4.500428598023598,6084,3094,1000,2990,0,41,3046,58,4,0,0,262,2,9988,1,1,1,13335,5790,US
2388,www.bancobpi.pt,0,1,42127,4.624560532712514,10027,3778,1000,6249,1,72,6930,71,7,0,0,365,1,-1,-1,-1,1,13335,5790,US
2389,www.bank-hlynov.ru,0,1,13445,4.12856080655932,8935,68,1000,8866,1,56,4052,1707,5,0,0,90,1,-1,-1,-1,1,51219,5809,
2390,www.bankier.pl,0,1,6670,3.824125833916549,9465,5257,1000,4207,0,-1,-1,-1,-1,-1,-1,-1,-1,9921,1,1,1,13335,5790,US
2391,www.bankofamerica.com,0,1,884,2.946452265013073,10022,7505,1000,2517,1,-1,-1,-1,-1,-1,-1,-1,-1,10006,1,1,1,20940,8665,
2392,www.baozimh.com,0,1,90673,4.957477985001928,1933,35,1000,1897,1,2,157,157,1,1,0,90,1,2206,1,1,1,60068,4368,
2393,www.barclays.co.uk,0,1,12728,4.104760166638525,10052,7387,1000,2664,1,245,6890,42,8,0,0,387,1,11459,1,1,1,16625,9487,US
2394,www.bardeen.ai,0,1,79163,4.898522244083601,2070,895,1000,1175,0,-1,-1,-1,-1,-1,-1,-1,-1,2254,1,1,1,16509,9513,US
2395,www.barkbox.com,0,1,124333,5.094586412759095,8094,3298,1000,4795,1,-1,-1,-1,-1,-1,-1,-1,-1,6340,1,1,1,13335,5790,US
2396,www.bartarinha.ir,0,1,129108,5.110953153561627,5858,3309,1000,2548,1,13,3353,2657,1,1,0,90,1,-1,-1,-1,1,48551,4124,
2397,www.basspro.com,0,1,12186,4.085861173788451,10573,5693,1000,4880,1,-1,-1,-1,-1,-1,-1,-1,-1,11374,1,1,1,16625,9487,US
2398,www.bauhaus.info,0,1,15907,4.201588281073518,8331,4711,1000,3619,1,19,598,26,1,1,0,90,1,8712,1,1,1,13335,5790,US
2399,www.baylor.edu,0,1,12115,4.083323418473525,10604,9146,1000,1457,1,73,6863,124,7,0,0,396,1,-1,-1,-1,1,13335,5790,US
2400,www.bazarebours.com,0,0,-1,-1.0,6307,72,1000,6235,1,-1,-1,-1,-1,-1,-1,-1,-1,1757,1,1,1,48551,4124,
2401,www.bazos.sk,0,1,2026,3.3066394410242617,7779,4834,1000,2944,1,-1,-1,-1,-1,-1,-1,-1,-1,-1,-1,-1,1,39392,7400,
2402,www.bbqguys.com,0,1,78657,4.895737378276479,9201,3767,1000,5434,1,-1,-1,-1,-1,-1,-1,-1,-1,9217,1,1,1,16625,9487,US
2403,www.bbva.es,0,1,14283,4.154819436194173,9409,3701,1000,5707,1,-1,-1,-1,-1,-1,-1,-1,-1,-1,-1,-1,1,16625,9487,US
2404,www.bcbs.com,0,1,41123,4.614084789740153,10032,7340,1000,2691,1,-1,-1,-1,-1,-1,-1,-1,-1,10143,1,1,1,60068,4368,
2405,www.bcbsks.com,0,1,122084,5.086658750209991,10027,291,1000,9735,1,-1,-1,-1,-1,-1,-1,-1,-1,11245,1,1,1,13335,5790,US
2406,www.bcbsm.com,0,1,65880,4.818753590497717,10730,3999,1000,6730,1,-1,-1,-1,-1,-1,-1,-1,-1,11593,1,1,1,30356,3118,US
2407,www.bchydro.com,0,1,40857,4.611266474599957,10031,3909,1000,6122,0,-1,-1,-1,-1,-1,-1,-1,-1,11090,1,1,1,20940,8665,
2408,www.bd.com,0,1,22884,4.35953193909363,10344,6874,1000,3469,1,-1,-1,-1,-1,-1,-1,-1,-1,13140,1,1,1,20940,8665,
2409,www.bdo.com.ph,0,1,37258,4.571219538368163,9095,2782,1000,6312,1,-1,-1,-1,-1,-1,-1,-1,-1,-1,-1,-1,1,16625,9487,US
2410,www.beachbodyondemand.com,0,1,56714,4.753690278861826,4717,1424,1000,3292,1,0,-1,-1,0,-1,-1,-1,-1,4173,1,1,1,16509,9513,US
2411,www.beatstars.com,0,1,16670,4.221935599828005,5586,2972,1000,2614,1,10,5370,22,5,0,1,90,2,5739,1,1,1,13335,5790,US
2412,www.beautybay.com,0,1,59240,4.772615049849171,8280,2711,1000,5568,0,228,6814,2571,7,0,0,210,1,10051,1,1,1,16509,9513,US
2413,www.becker.com,0,1,46921,4.671367259407983,10022,1463,1000,8558,1,103,6140,72,12,0,0,364,1,11480,1,1,1,13335,5790,US
2414,www.beehiiv.com,0,1,6283,3.798167059715939,2845,750,1000,2094,1,59,3232,50,6,1,0,89,1,2051,1,1,1,13335,5790,US
2415,www.belastingdienst.nl,0,1,10324,4.013847995871831,10804,5924,1000,4880,1,-1,-1,-1,-1,-1,-1,-1,-1,11157,1,1,1,24595,3961,
2416,www.bengo4.com,0,1,40181,4.604020741000523,7525,2259,1000,5265,1,-1,-1,-1,-1,-1,-1,-1,-1,7661,1,1,1,20940,8665,
2417,www.benq.com,0,1,19788,4.2964019016921435,8886,6837,1000,2048,1,-1,-1,-1,-1,-1,-1,-1,-1,9300,1,1,1,8075,10643,US
2418,www.bentley.com,0,1,5801,3.763502865467597,10603,4328,1000,6275,1,-1,-1,-1,-1,-1,-1,-1,-1,11867,1,1,1,13335,5790,US
2419,www.beslist.nl,0,1,36175,4.558408539791075,7878,2748,1000,5130,1,-1,-1,-1,-1,-1,-1,-1,-1,8877,1,1,1,16509,9513,US
2420,www.bestbuy.com,0,1,962,2.983175072037813,10739,7507,1000,3231,1,95,5328,57,9,0,0,387,2,11767,1,1,1,16625,9487,US
2421,www.bestproductsreviews.com,0,1,103821,5.016285207671229,6330,10,1000,6320,1,-1,-1,-1,-1,-1,-1,-1,-1,5933,1,1,1,19551,5608,US
2422,www.betano.com,0,1,6000,3.778151250383644,4146,1661,1000,2485,0,0,-1,-1,0,-1,-1,-1,-1,4727,1,1,1,13335,5790,US
2423,www.betfair.it,0,1,41806,4.621238616222225,7907,1570,1000,6337,1,-1,-1,-1,-1,-1,-1,-1,-1,-1,-1,-1,1,13335,5790,US
2424,www.betfair.ro,0,1,54186,4.733887092661309,7072,1344,1000,5727,0,0,-1,-1,0,-1,-1,-1,-1,-1,-1,-1,1,13335,5790,US
2425,www.betlive.com,0,1,18556,4.268484363846722,9178,8,1000,9169,1,10,2864,69,4,0,0,90,1,9367,1,1,1,13335,5790,US
2426,www.betonline.ag,0,1,20542,4.312642724883405,5472,2251,1000,3220,1,2,2688,2688,1,1,0,90,1,-1,-1,-1,1,13335,5790,US
2427,www.betsson.com,0,1,19434,4.28856219839382,8762,5881,1000,2881,1,-1,-1,-1,-1,-1,-1,-1,-1,9209,1,1,1,16509,9513,US
2428,www.betterworldbooks.com,0,1,36285,4.559727127417561,9720,4443,1000,5277,1,19,6460,1151,11,0,0,365,1,7986,1,1,1,13335,5790,US
2429,www.bfmtv.com,0,1,1060,3.0253058652647704,7412,5000,1000,2412,0,4,3305,3304,2,0,0,365,1,7856,1,1,1,16509,9513,US
2430,www.bibliaonline.com.br,0,1,8168,3.9121157290788537,9728,2830,1000,6897,1,2,4369,4044,1,0,0,1825,1,9931,1,0,1,13335,5790,US
2431,www.big5sportinggoods.com,0,1,70229,4.846516484483867,10032,6211,1000,3820,1,39,6361,225,8,0,0,365,1,10530,1,1,1,16625,9487,US
2432,www.bignewsnetwork.com,0,1,29653,4.472068637583486,9298,3546,1000,5751,1,0,-1,-1,0,-1,-1,-1,-1,9451,1,1,1,13335,5790,US
2433,www.bigw.com.au,0,1,14754,4.168909779122361,10031,3728,1000,6302,1,21,6603,406,5,0,0,456,1,-1,-1,-1,1,16625,9487,US
2434,www.bikewale.com,0,1,1564,3.1942367487238292,7304,2186,1000,5117,1,3,2799,2799,1,0,0,395,1,7405,1,1,1,16509,9513,US
2435,www.biltmore.com,0,1,57767,4.76167981401404,10389,6792,1000,3596,1,126,2414,34,7,0,0,29,1,10944,1,1,1,54113,5343,US
2436,www.bingoblitz.com,0,1,40692,4.609509035825711,9977,18,1000,9959,0,9,4301,378,2,0,0,90,1,10332,1,1,1,20940,8665,
2437,www.bioware.com,0,1,42364,4.626996959365406,10735,5619,1000,5116,1,-1,-1,-1,-1,-1,-1,-1,-1,11039,1,1,1,20940,8665,
2438,www.birgun.net,0,1,17831,4.25117570000674,8251,4527,1000,3724,1,2,2658,2658,1,1,0,90,1,8321,1,1,1,13335,5790,US
2439,www.birmingham.ac.uk,0,1,13405,4.1272668183188985,10388,3730,1000,6658,1,36,5543,241,8,0,0,365,1,-1,-1,-1,1,60885,4780,
2440,www.birminghammail.co.uk,0,1,13876,4.142264291170022,8333,4408,1000,3925,1,2,595,260,2,0,0,394,1,7522,1,1,1,16509,9513,US
2441,www.bitfinex.com,0,1,23655,4.373922952384584,4836,3027,1000,1809,0,-1,-1,-1,-1,-1,-1,-1,-1,4969,1,1,1,13335,5790,US
2442,www.bitpanda.com,0,1,30466,4.483815437748665,6136,1467,1000,4669,1,-1,-1,-1,-1,-1,-1,-1,-1,4367,1,1,1,13335,5790,US
2443,www.bk.com,0,1,19781,4.296248242948933,10448,7069,1000,3378,1,-1,-1,-1,-1,-1,-1,-1,-1,10177,1,1,1,16509,9513,US
2444,www.blackhatworld.com,0,1,28836,4.459935016851525,7322,4328,1000,2993,1,-1,-1,-1,-1,-1,-1,-1,-1,7340,1,1,1,13335,5790,US
2445,www.blender.org,0,1,4409,3.6443400988263224,8579,7543,1000,1035,1,171,3578,25,11,1,0,89,1,9542,1,1,1,13335,5790,US
2446,www.blick.ch,0,1,5220,3.717670503002262,10794,6963,1000,3831,1,-1,-1,-1,-1,-1,-1,-1,-1,-1,-1,-1,1,16625,9487,US
2447,www.blog.gov.uk,0,1,14643,4.1656300623761835,4769,1639,1000,3129,0,0,-1,-1,0,-1,-1,-1,-1,4789,1,1,1,16509,9513,US
2448,www.blogher.com,0,1,29222,4.465709936418241,7708,5084,1000,2623,1,91,5384,70,7,0,0,89,1,8247,1,1,1,2635,4980,US
2449,www.bluebeam.com,0,1,12730,4.104828403653656,9071,1866,1000,7205,1,74,3355,31,11,0,0,90,1,9092,1,1,1,209242,2625,
2450,www.blued.cn,0,1,112782,5.052239791806353,7442,15,1000,7427,1,0,-1,-1,0,-1,-1,-1,-1,-1,-1,-1,1,139341,-1,SG
2451,www.bluehost.com,0,1,631,2.8000293592441343,9575,7409,1000,2165,1,18,7419,57,5,0,1,365,2,8587,1,1,1,13335,5790,US
2452,www.bluejeans.com,0,1,36322,4.560169754085,9574,4074,1000,5500,1,51,3529,610,4,0,0,146,1,10082,1,1,0,-1,-1,
2453,www.blueletterbible.org,0,1,20252,4.306467918714803,9885,4003,1000,5882,1,-1,-1,-1,-1,-1,-1,-1,-1,10235,1,1,1,29802,8414,US
2454,www.bluemountain.com,0,1,39969,4.601723282613001,10388,9108,1000,1280,1,54,7381,22,13,0,0,371,1,11526,1,1,1,16625,9487,US
2455,www.blueshieldca.com,0,1,32784,4.51566194105712,10745,1607,1000,9137,1,-1,-1,-1,-1,-1,-1,-1,-1,11043,1,1,1,20940,8665,
2456,www.bma.org.uk,0,1,43396,4.6374497005266395,10638,4997,1000,5641,1,-1,-1,-1,-1,-1,-1,-1,-1,11417,1,1,1,13335,5790,US
2457,www.bms.com,0,1,6264,3.796851749049887,10805,6408,1000,4397,1,-1,-1,-1,-1,-1,-1,-1,-1,12830,1,1,1,19551,5608,US
2458,www.bmwblog.com,0,1,43290,4.636387585813156,-1,-1,-1,-1,-1,112,3633,54,6,1,0,89,1,7401,1,1,1,24940,8753,
2459,www.bnbchain.org,0,1,18698,4.271795155444749,1454,495,1000,959,0,0,-1,-1,0,-1,-1,-1,-1,2320,1,1,1,16509,9513,US
2460,www.bnf.fr,0,1,5287,3.7232093104051116,10805,7659,1000,3146,1,2,4214,3248,2,0,0,1105,1,11463,1,1,1,2200,8644,
2461,www.boat-lifestyle.com,0,1,9160,3.9618954736678504,3867,974,1000,2893,1,146,2756,52,14,0,0,90,1,4372,1,1,1,13335,5790,US
2462,www.bol.com,0,1,999,2.9995654882259823,10642,6808,1000,3833,1,62,5922,31,11,0,0,89,1,10380,1,1,1,20940,8665,
2463,www.bola.net,0,1,19963,4.300225806768157,9345,3730,1000,5615,1,0,-1,-1,0,-1,-1,-1,-1,8334,1,1,1,396982,2836,US
2464,www.bolha.com,0,1,19671,4.293826438386178,10027,6444,1000,3582,1,1,4636,4636,1,0,0,365,1,9806,1,1,1,51577,5710,
2465,www.bonanza.com,0,1,26590,4.4247183373315675,10029,4613,1000,5415,1,-1,-1,-1,-1,-1,-1,-1,-1,10593,1,1,1,13335,5790,US
2466,www.bonfire.com,0,1,31020,4.491641793477586,8820,1798,1000,7022,1,30,355,59,2,1,0,90,1,11241,1,1,1,13335,5790,US
2467,www.bonhams.com,0,1,19922,4.299332935762522,10805,5645,1000,5160,1,-1,-1,-1,-1,-1,-1,-1,-1,11341,1,1,1,13335,5790,US
2468,www.bonniernews.se,0,1,51414,4.7110813932144335,3549,2141,1000,1408,0,-1,-1,-1,-1,-1,-1,-1,-1,-1,-1,-1,1,209242,2625,
2469,www.bonprix.de,0,1,8429,3.925776053836746,10027,4408,1000,5618,1,-1,-1,-1,-1,-1,-1,-1,-1,-1,-1,-1,1,16509,9513,US
2470,www.bonprix.it,0,1,44995,4.653164256151881,9977,2691,1000,7286,1,-1,-1,-1,-1,-1,-1,-1,-1,-1,-1,-1,1,16509,9513,US
2471,www.bonprix.nl,0,1,65020,4.813046965160108,7914,2216,1000,5698,1,-1,-1,-1,-1,-1,-1,-1,-1,8358,1,1,1,20940,8665,
2472,www.bookfinder.com,0,1,37239,4.570998010109707,10022,7443,1000,2579,1,-1,-1,-1,-1,-1,-1,-1,-1,10114,1,1,1,16509,9513,US
2473,www.bootstrapcdn.com,0,1,1891,3.27669152884504,5093,2115,1000,2978,1,149,3150,25,11,0,0,90,1,5108,1,1,1,13335,5790,US
2474,www.bora.band,0,0,-1,-1.0,1369,423,132,945,0,-1,-1,-1,-1,-1,-1,-1,-1,-1,-1,-1,0,-1,-1,
2475,www.bosch-smarthome.com,0,1,27473,4.438906086151793,3822,49,1000,3773,0,-1,-1,-1,-1,-1,-1,-1,-1,4210,1,1,1,9183,8675,
2476,www.bosch.com,0,1,11821,4.072654217333034,10028,4387,1000,5641,1,-1,-1,-1,-1,-1,-1,-1,-1,11370,1,1,1,8075,10643,US
2477,www.bottegaveneta.com,0,1,30499,4.48428559995001,9977,4649,1000,5327,1,79,7155,22,15,0,0,365,2,10542,1,1,1,20940,8665,
2478,www.bouygues-immobilier.com,0,1,308639,5.489450803174403,9729,6403,1000,3325,1,25,5034,337,6,0,0,365,1,10285,1,1,1,8075,10643,US
2479,www.bouyguestelecom.fr,0,1,16270,4.211387552936859,10646,5458,1000,5187,1,132,4794,51,15,0,0,365,1,10804,1,1,1,16625,9487,US
2480,www.boxlunch.com,0,1,40754,4.610170241117049,10737,1827,1000,8910,1,-1,-1,-1,-1,-1,-1,-1,-1,10889,1,1,1,13335,5790,US
2481,www.boyfriendtv.com,0,1,1198,3.0784568180532927,6922,2931,1000,3990,1,-1,-1,-1,-1,-1,-1,-1,-1,5809,1,1,1,13335,5790,US
2482,www.bqprime.com,0,1,525088,5.720232093333081,1476,1015,1000,460,1,6,1508,839,2,0,0,364,1,1520,1,1,1,13335,5790,US
2483,www.brainshark.com,0,1,70227,4.84650411635486,9505,3436,1000,6068,1,222,7521,29,15,0,0,193,1,9731,1,1,1,54113,5343,US
2484,www.brandeins.de,0,1,90094,4.954695869184859,9671,1528,1000,8143,1,15,7353,1265,4,0,0,90,1,-1,-1,-1,1,13335,5790,US
2485,www.brandforce.com,0,1,61463,4.788613754287565,8823,14,1000,8809,0,68,2015,56,6,1,0,89,1,8146,1,1,1,20857,20594,
2486,www.brasildefato.com.br,0,1,33276,4.522131115625487,8463,2663,1000,5799,1,77,5154,2653,3,0,0,90,1,8510,1,0,1,13335,5790,US
2487,www.bravoteens.com,0,1,79547,4.900623805503486,8027,4851,1000,3175,1,-1,-1,-1,-1,-1,-1,-1,-1,8038,1,1,1,39572,3843,
2488,www.breakingnews.ie,0,1,32882,4.516958225003899,8514,6952,1000,1562,1,-1,-1,-1,-1,-1,-1,-1,-1,-1,-1,-1,1,13335,5790,US
2489,www.brennancenter.org,0,1,19886,4.298547435078706,9892,4518,1000,5374,1,-1,-1,-1,-1,-1,-1,-1,-1,10200,1,1,1,54113,5343,US
2490,www.breuninger.com,0,1,16333,4.213065962065718,9217,4310,1000,4906,0,-1,-1,-1,-1,-1,-1,-1,-1,10916,1,1,1,20546,4978,
2491,www.brevo.com,0,1,2856,3.455758203104137,9239,933,1000,8305,1,126,3675,50,4,1,0,90,1,9749,1,1,1,13335,5790,US
2493,www.brewdog.com,0,1,48645,4.687038207728654,6926,1840,1000,5085,1,89,5883,27,16,0,1,90,1,10830,1,1,1,13335,5790,US
2494,www.bricklink.com,0,1,5100,3.7075701760979363,8702,3409,1000,5292,0,-1,-1,-1,-1,-1,-1,-1,-1,8879,1,1,1,14618,7503,US
2495,www.bricodepot.fr,0,1,8394,3.9239689648754714,8704,653,1000,8050,1,-1,-1,-1,-1,-1,-1,-1,-1,9507,1,1,1,16509,9513,US
2496,www.brides.com,0,1,14932,4.174117981254267,10032,6457,1000,3574,1,-1,-1,-1,-1,-1,-1,-1,-1,11692,1,1,1,13335,5790,US
2497,www.briggsandstratton.com,0,1,76609,4.884279793401986,10582,5411,1000,5170,1,-1,-1,-1,-1,-1,-1,-1,-1,10801,1,1,1,209242,2625,
2498,www.brighamandwomens.org,0,1,33923,4.530494252365141,9506,4242,1000,5263,1,-1,-1,-1,-1,-1,-1,-1,-1,9683,1,1,1,40831,3222,US
2499,www.brightpattern.com,0,1,67486,4.829213687595987,5591,54,1000,5536,1,-1,-1,-1,-1,-1,-1,-1,-1,7054,1,1,1,396982,2836,US
2500,www.brightspeed.com,0,1,54156,4.733646579567771,8395,2,1000,8393,1,-1,-1,-1,-1,-1,-1,-1,-1,8265,1,1,1,396982,2836,US
2501,www.brivo.com,0,1,5716,3.7570922201189325,9409,845,1000,8564,1,-1,-1,-1,-1,-1,-1,-1,-1,9511,1,1,1,13335,5790,US
2502,www.broadcom.com,0,1,2464,3.3916407034923877,10697,7014,1000,3683,1,-1,-1,-1,-1,-1,-1,-1,-1,11700,1,1,1,13335,5790,US
2503,www.broccoligames.ru,0,1,60873,4.784424705586428,3681,66,1000,3614,1,-1,-1,-1,-1,-1,-1,-1,-1,-1,-1,-1,1,50340,3138,
2504,www.brooklynmuseum.org,0,1,30723,4.48746362085923,9180,5366,1000,3813,1,36,7190,79,12,0,0,370,1,9624,1,1,1,16509,9513,US
2505,www.brooksrunning.com,0,1,29519,4.47010164102912,9506,4241,1000,5264,1,-1,-1,-1,-1,-1,-1,-1,-1,9674,1,1,1,20940,8665,
2506,www.bruker.com,0,1,40466,4.607090277191581,10645,3931,1000,6714,1,-1,-1,-1,-1,-1,-1,-1,-1,13398,1,1,1,54113,5343,US
2507,www.bryantstratton.edu,0,1,219189,5.340818755290562,10022,2373,1000,7649,1,-1,-1,-1,-1,-1,-1,-1,-1,-1,-1,-1,1,209242,2625,
2508,www.bsigroup.com,0,1,13965,4.145040940037024,9724,2843,1000,6880,1,-1,-1,-1,-1,-1,-1,-1,-1,8336,1,1,1,20940,8665,
2509,www.bt.dk,0,1,1485,3.171726453653231,10028,6969,1000,3058,1,-1,-1,-1,-1,-1,-1,-1,-1,-1,-1,-1,1,13335,5790,US
2510,www.buccaneers.com,0,1,71268,4.852894571324646,9986,6810,1000,3175,0,-1,-1,-1,-1,-1,-1,-1,-1,10888,1,1,1,54113,5343,US
2511,www.budget.com,0,1,28092,4.4485826597442495,10178,7407,1000,2770,1,-1,-1,-1,-1,-1,-1,-1,-1,11384,1,1,1,16509,9513,US
2512,www.buffalowildwings.com,0,1,27625,4.441302286693167,10027,5294,1000,4732,1,-1,-1,-1,-1,-1,-1,-1,-1,10417,1,1,1,13335,5790,US
2513,www.bugsnag.com,0,1,725,2.8603380065709936,5007,1406,1000,3600,0,-1,-1,-1,-1,-1,-1,-1,-1,5390,1,1,1,13335,5790,US
2514,www.bulk.com,0,1,47703,4.678545692299574,9575,685,1000,8890,1,104,2130,26,6,1,0,89,1,11079,1,1,1,54113,5343,US
2515,www.bundesnetzagentur.de,0,1,22857,4.359019228292674,7706,1925,1000,5780,1,-1,-1,-1,-1,-1,-1,-1,-1,-1,-1,-1,1,8881,8764,
2516,www.bunte.de,0,1,15947,4.2026789942277265,10027,4256,1000,5771,1,-1,-1,-1,-1,-1,-1,-1,-1,-1,-1,-1,1,20940,8665,
2517,www.businessinsider.de,0,1,11000,4.041392685158225,6070,3130,1000,2940,1,0,-1,-1,0,-1,-1,-1,-1,-1,-1,-1,1,13335,5790,US
2518,www.businessinsider.in,0,1,16366,4.213942546840078,5344,4306,1000,1037,1,129,3165,114,9,0,0,359,1,4918,1,1,0,-1,-1,
2519,www.businessinsider.nl,0,1,55827,4.746844290604291,4958,2219,1000,2738,1,40,3535,1266,3,0,0,90,1,5176,1,1,1,13335,5790,US
2520,www.businesslive.co.za,0,1,56422,4.7514484766007925,5570,3291,1000,2279,1,74,3535,264,5,0,0,90,1,-1,-1,-1,1,63949,-1,SG
2521,www.businessweekly.com.tw,0,1,32440,4.5110808455391185,9098,7199,1000,1899,1,5,6083,3479,4,0,0,730,1,9595,1,1,1,7532,-1,TW
2522,www.bussgeldkatalog.org,0,1,52233,4.717944970237328,6418,5,1000,6412,1,-1,-1,-1,-1,-1,-1,-1,-1,6930,1,1,1,48314,2192,
2523,www.buyma.com,0,1,12690,4.103461622094705,7785,5431,1000,2354,0,73,7121,49,8,0,0,394,1,8158,1,1,1,54113,5343,US
2524,www.buysellads.com,0,1,27063,4.432375937539843,9874,4635,1000,5239,1,64,2247,33,7,0,0,90,1,8235,1,1,1,209242,2625,
2525,www.buzznet.com,0,1,25571,4.407747712226174,-1,-1,-1,-1,-1,257,3359,23,6,1,0,90,1,11556,1,1,1,16625,9487,US
2526,www.buzzvil.com,0,1,8043,3.905418068702542,4922,2,1000,4919,1,68,3473,82,7,0,0,90,1,5138,1,1,1,16509,9513,US
2527,www.bybitglobal.com,0,1,78184,4.893117885762238,1907,433,1000,1473,1,-1,-1,-1,-1,-1,-1,-1,-1,2218,1,1,1,139341,-1,SG
2528,www.bytello.com,0,1,14896,4.173069663637268,2329,1,1000,2327,1,-1,-1,-1,-1,-1,-1,-1,-1,2134,1,1,1,8075,10643,US
2529,www.byui.edu,0,1,45618,4.659136240870397,9134,5778,1000,3356,1,-1,-1,-1,-1,-1,-1,-1,-1,-1,-1,-1,1,16509,9513,US
2530,www.c6bank.com.br,0,1,41893,4.622141461740886,2590,1,1000,2589,0,17,2809,328,3,0,0,397,1,2998,1,0,1,13335,5790,US
2531,www.caa.co.uk,0,1,30555,4.485082288055845,10031,3888,1000,6143,1,-1,-1,-1,-1,-1,-1,-1,-1,11382,1,1,1,8075,10643,US
2532,www.cabelas.com,0,1,18769,4.273441134312813,10794,7482,1000,3311,1,-1,-1,-1,-1,-1,-1,-1,-1,11250,1,1,1,16625,9487,US
2533,www.cabq.gov,0,1,44467,4.648037830429489,10552,4989,1000,5563,1,56,4654,31,9,0,0,90,1,10458,1,1,1,13335,5790,US
2534,www.cadillac.com,0,1,23524,4.37151117073,10444,6648,1000,3795,1,-1,-1,-1,-1,-1,-1,-1,-1,11475,1,1,1,20940,8665,
2535,www.cae.com,0,1,40892,4.611638352122505,10377,2596,1000,7781,1,-1,-1,-1,-1,-1,-1,-1,-1,10464,1,1,1,13335,5790,US
2536,www.caixin.com,0,1,25872,4.412830002562326,9159,4630,1000,4528,1,-1,-1,-1,-1,-1,-1,-1,-1,8640,1,1,1,21859,4797,US
2537,www.callofduty.com,0,1,6786,3.831613855309099,9672,6559,1000,3112,1,-1,-1,-1,-1,-1,-1,-1,-1,9960,1,1,1,16625,9487,US
2538,www.calottery.com,0,1,40041,4.602504915187369,10704,6919,1000,3784,1,860,5725,337,5,0,0,692,1,11067,1,1,1,35280,4067,
2539,www.campbells.com,0,1,116616,5.0667581407746125,9376,1866,1000,7510,1,68,3862,33,10,0,0,90,1,11199,1,1,1,209242,2625,
2540,www.canadiantire.ca,0,1,5480,3.738780558484369,10741,5330,1000,5410,1,178,7129,105,16,0,0,365,5,9352,1,1,1,16625,9487,US
2541,www.canarias7.es,0,1,39033,4.591431931588087,9986,5879,1000,4107,1,-1,-1,-1,-1,-1,-1,-1,-1,-1,-1,-1,1,54113,5343,US
2542,www.cancer.net,0,1,35194,4.546468629699748,10022,3134,1000,6887,1,-1,-1,-1,-1,-1,-1,-1,-1,11307,1,1,1,209242,2625,
2543,www.cancercenter.com,0,1,59996,4.778122296453041,10794,5874,1000,4919,1,-1,-1,-1,-1,-1,-1,-1,-1,10566,1,1,1,13335,5790,US
2544,www.candidthemes.com,0,1,42131,4.624601767442247,3551,1731,1000,1820,1,77,2989,43,6,1,0,90,1,3555,1,1,1,47583,5526,DE
2545,www.canoe.ca,0,1,24914,4.396443460112428,-1,-1,-1,-1,-1,-1,-1,-1,-1,-1,-1,-1,-1,1225,1,1,1,13335,5790,US
2546,www.canon-europe.com,0,1,23792,4.376430951177879,8698,4200,1000,4497,1,-1,-1,-1,-1,-1,-1,-1,-1,9905,1,1,1,20940,8665,
2547,www.capcut.com,0,1,545,2.7363965022766426,10031,755,1000,9276,1,-1,-1,-1,-1,-1,-1,-1,-1,10645,1,1,1,20940,8665,
2548,www.capfun.com,0,1,71098,4.85185738411682,8092,69,1000,8022,0,22,3655,360,4,0,0,387,1,6535,1,1,1,15830,8655,
2549,www.capital.fr,0,1,12258,4.088419617016092,9670,5518,1000,4151,1,10,1848,576,1,0,0,90,1,8847,1,1,1,16625,9487,US
2550,www.captivate.fm,0,1,16693,4.222534393381713,2605,856,1000,1748,1,25,2731,113,4,0,0,365,1,2807,1,1,1,13335,5790,US
2551,www.carandmotor.gr,0,1,74918,4.874586174995811,1808,1588,1000,220,1,-1,-1,-1,-1,-1,-1,-1,-1,-1,-1,-1,1,20940,8665,
2552,www.carbonbrief.org,0,1,14810,4.170555058521209,5580,2238,1000,3341,1,133,3313,64,12,0,0,89,1,5644,1,1,1,13335,5790,US
2553,www.care2.com,0,1,22681,4.35566219858541,9717,7302,1000,2414,0,4,5599,3390,3,0,0,1117,1,10004,1,1,1,174,10962,US
2554,www.careerbuilder.com,0,1,12389,4.093036252945163,10794,7498,1000,3295,1,43,7344,140,7,0,0,90,1,11035,1,1,1,16509,9513,US
2555,www.careerpower.in,0,1,11348,4.054919327123815,4608,71,1000,4536,1,-1,-1,-1,-1,-1,-1,-1,-1,4616,1,1,1,16509,9513,US
2556,www.careers360.com,0,1,7412,3.86993541064686,8230,2759,1000,5470,1,0,-1,-1,0,-1,-1,-1,-1,8418,1,1,1,20940,8665,
2557,www.cargill.com,0,1,13523,4.131073048034346,10794,5532,1000,5261,1,-1,-1,-1,-1,-1,-1,-1,-1,11770,1,1,1,20940,8665,
2558,www.cargurus.co.uk,0,1,39929,4.601288433662402,3906,1184,1000,2721,1,387,4412,281,13,0,0,212,2,7382,1,1,1,54113,5343,US
2559,www.carrefour.com.br,0,1,21665,4.335758693370393,9875,5136,1000,4739,1,-1,-1,-1,-1,-1,-1,-1,-1,10714,1,1,1,13335,5790,US
2560,www.carrefour.fr,0,1,5878,3.7692295817365937,10388,6294,1000,4094,1,92,7265,35,10,0,0,90,1,7636,1,1,1,13335,5790,US
2561,www.carrefoursolucoes.com.br,0,1,59088,4.771499290306903,6705,175,1000,6530,1,40,6006,60,11,0,0,365,1,6826,1,1,1,13335,5790,US
2562,www.cartera.com,0,1,31866,4.503327551802781,10582,1819,1000,8762,1,122,3504,44,6,1,0,90,1,10713,1,1,1,53831,4887,US
2563,www.carwale.com,0,1,7210,3.857935264719429,8759,3914,1000,4844,1,-1,-1,-1,-1,-1,-1,-1,-1,7666,1,1,1,16509,9513,US
2564,www.casepeer.com,0,1,53078,4.724914550113121,5591,30,1000,5560,1,-1,-1,-1,-1,-1,-1,-1,-1,6405,1,1,1,16509,9513,US
2565,www.casetify.com,0,1,23941,4.379142286647321,4381,3275,1000,1106,1,-1,-1,-1,-1,-1,-1,-1,-1,4563,1,1,1,13335,5790,US
2566,www.casp.ru,0,0,-1,-1.0,6997,70,1000,6926,0,-1,-1,-1,-1,-1,-1,-1,-1,-1,-1,-1,1,50340,3138,
2567,www.castorama.fr,0,1,16848,4.2265483538414115,10739,7452,1000,3287,1,-1,-1,-1,-1,-1,-1,-1,-1,10818,1,1,1,16509,9513,US
2568,www.castorama.pl,0,1,15194,4.181672122068266,9346,5617,1000,3729,1,-1,-1,-1,-1,-1,-1,-1,-1,10071,1,1,1,16509,9513,US
2569,www.catho.com.br,0,1,7745,3.8890214220952246,10737,6504,1000,4233,1,64,3164,312,6,0,0,366,1,11139,1,0,1,20940,8665,
2570,www.caughtoffside.com,0,1,61057,4.785735461681389,7510,3173,1000,4336,1,-1,-1,-1,-1,-1,-1,-1,-1,7559,1,1,1,396982,2836,US
2571,www.cbd.int,0,1,14524,4.162086240240854,7014,3779,1000,3234,0,-1,-1,-1,-1,-1,-1,-1,-1,8421,1,0,1,16509,9513,US
2572,www.cbr.com,0,1,5042,3.7026028413404273,9977,3541,1000,6436,1,11,3128,2768,1,1,0,90,1,12060,1,1,1,14618,7503,US
2573,www.ccc.de,0,1,2517,3.4008832155483626,10793,5610,1000,5183,1,-1,-1,-1,-1,-1,-1,-1,-1,-1,-1,-1,1,50472,5962,
2574,www.ccleanercloud.com,0,1,198379,5.297495696715211,3691,67,1000,3624,1,11,1144,248,4,0,0,365,1,4566,1,1,1,14618,7503,US
2575,www.ccohs.ca,0,1,29402,4.468376873249617,10602,6444,1000,4158,1,-1,-1,-1,-1,-1,-1,-1,-1,9343,1,1,1,16509,9513,US
2576,www.cctv.com,0,1,2455,3.3900514964589874,10242,7391,1000,2850,1,13,2502,204,7,0,0,365,1,10592,1,1,1,54994,1134,CA
2577,www.cdjapan.co.jp,0,1,42380,4.627160952374775,9720,7059,1000,2661,1,17,6923,226,6,0,0,396,1,-1,-1,-1,1,4694,-1,JP
2578,www.cdkeys.com,0,1,108109,5.033861850175664,-1,-1,-1,-1,-1,6,4874,3369,3,0,0,365,1,8778,1,1,1,13335,5790,US
2579,www.cdnvideo.ru,0,1,596,2.7752462597402365,5831,25,1000,5805,1,-1,-1,-1,-1,-1,-1,-1,-1,-1,-1,-1,1,57363,5336,
2580,www.cebupacificair.com,0,1,22420,4.350635608258955,9577,5482,1000,4095,1,149,5799,232,11,0,0,534,1,9988,1,1,1,20940,8665,
2581,www.celeste.fr,0,1,53047,4.724660828005759,8250,216,1000,8033,1,-1,-1,-1,-1,-1,-1,-1,-1,8280,1,1,1,34177,7859,
2582,www.cell.com,0,1,2731,3.4363217001397333,10793,7349,1000,3444,1,-1,-1,-1,-1,-1,-1,-1,-1,11595,1,1,1,13335,5790,US
2583,www.celtx.com,0,1,65323,4.815066121770806,8447,4377,1000,4070,1,1,5216,5216,1,0,0,370,1,8828,1,1,1,14618,7503,US
2584,www.ceneo.pl,0,1,4861,3.686725621074542,7748,4386,1000,3361,1,-1,-1,-1,-1,-1,-1,-1,-1,7925,1,1,1,31621,8000,
2585,www.centennialcollege.ca,0,1,95073,4.9780571981583,9345,3235,1000,6109,1,-1,-1,-1,-1,-1,-1,-1,-1,9348,1,1,1,19350,9283,CA
2586,www.centraldasapostas.net,0,1,9449,3.9753858489894673,2797,10,1000,2787,1,-1,-1,-1,-1,-1,-1,-1,-1,2872,1,1,1,13335,5790,US
2587,www.centralesupelec.fr,0,1,43728,4.640759614348585,4115,3356,1000,758,0,-1,-1,-1,-1,-1,-1,-1,-1,5462,1,1,1,16276,20594,
2588,www.ceridian.com,0,1,108701,5.036233539417337,10775,6290,1000,4484,1,-1,-1,-1,-1,-1,-1,-1,-1,11363,1,1,1,21787,9101,US
2589,www.cerner.com,0,1,41113,4.61397916824007,10702,4300,1000,6402,1,-1,-1,-1,-1,-1,-1,-1,-1,11455,1,1,1,20940,8665,
2590,www.cfainstitute.org,0,1,16168,4.208656300507248,8044,4796,1000,3248,1,88,7314,65,15,0,0,364,1,8149,1,1,1,13335,5790,US
2591,www.cftc.gov,0,1,21208,4.326499714725037,10742,6521,1000,4220,1,-1,-1,-1,-1,-1,-1,-1,-1,10458,1,1,1,13335,5790,US
2592,www.cgiar.org,0,1,20194,4.305222351923695,10744,4873,1000,5871,1,79,4807,37,8,0,0,90,1,11782,1,1,1,13335,5790,US
2593,www.chameleon.io,0,1,23764,4.375919543704649,4386,18,1000,4368,0,52,1479,33,5,1,0,89,1,-1,-1,-1,1,54113,5343,US
2594,www.champssports.com,0,1,54741,4.738312726770032,10032,6262,1000,3769,1,71,6889,330,12,0,0,365,1,11321,1,1,1,54113,5343,US
2595,www.chanel.com,0,1,5839,3.7663384752512874,10052,6308,1000,3743,1,5,4468,783,2,0,0,282,1,10874,1,1,1,20940,8665,
2596,www.change.org,0,1,861,2.935003151453655,10630,5570,1000,5060,1,27,6974,472,8,0,0,186,1,11446,1,1,1,16509,9513,US
2597,www.channel4.com,0,1,4048,3.6072405038317426,10736,7469,1000,3267,1,80,6968,178,13,0,1,365,2,11143,1,1,1,16625,9487,US
2598,www.channel5.com,0,1,24982,4.397627204021875,9135,3776,1000,5358,1,56,2803,29,10,0,0,198,1,9145,1,1,1,20940,8665,
2599,www.channeladvisor.com,0,1,15334,4.185655458920215,8948,5521,1000,3426,1,-1,-1,-1,-1,-1,-1,-1,-1,9107,1,1,1,14618,7503,US
2600,www.channelstv.com,0,1,41626,4.619364679890118,8481,3041,1000,5439,1,2,3677,3311,1,0,0,365,1,9551,1,1,1,13335,5790,US
2601,www.charlotte.edu,0,1,22175,4.345863628503764,1806,1503,1000,303,0,-1,-1,-1,-1,-1,-1,-1,-1,-1,-1,-1,1,54113,5343,US
2603,www.chartjs.org,0,1,39243,4.593762200380792,4810,2612,1000,2198,0,-1,-1,-1,-1,-1,-1,-1,-1,4842,1,1,1,13335,5790,US
2604,www.chatib.us,0,1,19230,4.28397928423848,3685,750,1000,2934,1,-1,-1,-1,-1,-1,-1,-1,-1,-1,-1,-1,1,13335,5790,US
2605,www.cheapflights.co.uk,0,1,111839,5.048593275207548,10741,7410,1000,3331,1,-1,-1,-1,-1,-1,-1,-1,-1,11128,1,1,1,54113,5343,US
2606,www.cheaptickets.com,0,1,35523,4.55050963583484,10239,7481,1000,2757,1,-1,-1,-1,-1,-1,-1,-1,-1,10200,1,1,1,20940,8665,
2607,www.checkpoint.com,0,1,335,2.525044807036845,10760,7476,1000,3284,1,65,6929,73,14,0,0,89,2,11741,1,1,1,16509,9513,US
2608,www.chegg.com,0,1,8211,3.9143960521297863,9360,4794,1000,4566,1,-1,-1,-1,-1,-1,-1,-1,-1,9584,1,1,1,16509,9513,US
2609,www.chess.com,0,1,859,2.9339931638312424,10778,6371,1000,4407,1,-1,-1,-1,-1,-1,-1,-1,-1,11606,1,1,1,13335,5790,US
2610,www.chevrolet.com,0,1,12693,4.103564280050957,10447,6307,1000,4139,1,131,5403,155,13,0,0,90,13,11475,1,1,1,20940,8665,
2611,www.chinacourt.org,0,1,34801,4.541591723493769,8692,5724,1000,2968,1,0,-1,-1,0,-1,-1,-1,-1,8886,1,1,1,139057,-1,SG
2612,www.chinadaily.com.cn,0,1,2637,3.4211101297934343,10032,7452,1000,2580,1,0,-1,-1,0,-1,-1,-1,-1,-1,-1,-1,1,54994,1134,CA
2613,www.chip.de,0,1,2928,3.4665710723863543,10742,6841,1000,3901,1,0,-1,-1,0,-1,-1,-1,-1,-1,-1,-1,1,20940,8665,
2614,www.choiceadvantage.com,0,1,1639,3.214578953570499,9671,31,1000,9639,1,50,7290,43,15,0,0,396,2,9176,1,1,1,16625,9487,US
2615,www.christianpost.com,0,1,16674,4.222039797161016,9204,6815,1000,2389,1,2,5189,4481,1,0,0,1508,1,9072,1,1,1,13335,5790,US
2616,www.christushealth.org,0,1,43796,4.641434447096437,9670,2653,1000,7016,1,12,4754,1715,4,0,0,475,1,10096,1,1,1,8075,10643,US
2617,www.chrobinson.com,0,1,39457,4.596124061834192,10793,3754,1000,7039,1,85,7610,69,9,0,0,90,1,11656,1,1,1,13335,5790,US
2618,www.chrono24.com,0,1,17309,4.2382719779258275,8570,3110,1000,5460,1,26,6734,2549,4,0,0,612,8,8622,1,1,1,13335,5790,US
2619,www.chronopost.fr,0,1,10390,4.016615547557177,10022,3512,1000,6509,1,3,7143,5168,2,0,0,1095,1,10821,1,1,1,13335,5790,US
2620,www.chs.net,0,1,18215,4.260429175577935,9977,2856,1000,7121,1,-1,-1,-1,-1,-1,-1,-1,-1,10898,1,1,1,53824,5434,US
2621,www.chubb.com,0,1,16594,4.219951085755317,10742,6239,1000,4503,1,-1,-1,-1,-1,-1,-1,-1,-1,11214,1,1,1,20940,8665,
2622,www.cinema-city.pl,0,1,68983,4.838742077464175,9298,2719,1000,6579,1,-1,-1,-1,-1,-1,-1,-1,-1,9477,1,1,1,13335,5790,US
2623,www.citadele.lv,0,1,38738,4.58813719481919,9020,78,1000,8942,1,-1,-1,-1,-1,-1,-1,-1,-1,-1,-1,-1,1,16279,20594,
2624,www.citynet.net,0,1,47715,4.678654928163045,10685,3156,1000,7528,1,-1,-1,-1,-1,-1,-1,-1,-1,11467,1,1,1,13335,5790,US
2625,www.cityu.edu.hk,0,0,-1,-1.0,10689,6803,1000,3885,1,28,7112,532,7,0,0,396,1,-1,-1,-1,1,19551,5608,US
2626,www.civicplus.com,0,1,20880,4.319730494330225,9211,3865,1000,5345,1,-1,-1,-1,-1,-1,-1,-1,-1,9372,1,1,1,13335,5790,US
2627,www.cjr.org,0,1,16478,4.216904498521672,10793,6702,1000,4090,1,-1,-1,-1,-1,-1,-1,-1,-1,11306,1,1,1,209242,2625,
2628,www.clalit.co.il,0,1,48611,4.6867345552447714,10052,2485,1000,7566,1,-1,-1,-1,-1,-1,-1,-1,-1,-1,-1,-1,1,19551,5608,US
2629,www.classicfirearms.com,0,1,44456,4.6479303837773225,9690,368,1000,9322,1,36,5196,37,10,0,0,394,2,8526,1,1,1,16509,9513,US
2630,www.classifiedads.com,0,1,87684,4.942920353392842,9135,4736,1000,4398,1,3,5319,4412,1,0,0,351,1,10166,1,1,1,13335,5790,US
2631,www.cleanpng.com,0,1,19743,4.2954131455196585,3378,2029,1000,1348,0,66,2464,176,5,1,0,89,1,2466,1,1,1,13335,5790,US
2632,www.clever-cloud.com,0,1,56342,4.750832259290636,5715,2535,1000,3180,1,-1,-1,-1,-1,-1,-1,-1,-1,5798,1,1,1,213394,1270,
2633,www.clever.com,0,1,900,2.9542425094393248,10740,2026,1000,8714,1,64,4524,56,7,0,0,90,1,11396,1,1,1,209242,2625,
2634,www.clevescene.com,0,1,39593,4.597618409912955,10791,6489,1000,4302,1,-1,-1,-1,-1,-1,-1,-1,-1,10006,1,1,1,2635,4980,US
2635,www.click2houston.com,0,1,17653,4.246818521210052,9410,5458,1000,3951,1,138,3523,55,7,0,0,89,1,9497,1,1,1,20940,8665,
2636,www.clickon.ru,0,0,-1,-1.0,8264,32,1000,8232,1,-1,-1,-1,-1,-1,-1,-1,-1,-1,-1,-1,1,200350,2849,
2637,www.cliffsnotes.com,0,1,27285,4.435923958119165,9671,3671,1000,6000,0,-1,-1,-1,-1,-1,-1,-1,-1,11233,1,1,1,13335,5790,US
2638,www.cloudamqp.com,0,1,15823,4.1992888280824054,5172,12,1000,5159,1,-1,-1,-1,-1,-1,-1,-1,-1,5190,1,1,1,16509,9513,US
2639,www.cloudera.com,0,1,18173,4.259426626587052,6454,3351,1000,3102,1,-1,-1,-1,-1,-1,-1,-1,-1,7386,1,1,1,54113,5343,US
2640,www.cloudflare.com,0,1,3,0.47712125471966244,6106,4458,1000,1647,1,1653,5978,30,30,0,1,89,2,6301,1,1,1,13335,5790,US
2643,www.cloudplatform.fi,0,1,247093,5.3928604422679856,3719,193,1000,3525,1,0,-1,-1,0,-1,-1,-1,-1,3796,1,0,1,13335,5790,US
2644,www.clouvider.com,0,0,-1,-1.0,3675,22,1000,3652,0,47,3019,827,1,0,0,90,2,4589,1,1,1,62240,4542,
2645,www.cm.com,0,1,19510,4.290257269394518,10027,2928,1000,7099,1,136,3379,50,21,0,0,89,1,4142,1,1,1,13335,5790,US
2646,www.cmpassport.com,0,1,10439,4.018658897585517,4712,6,1000,4706,1,0,-1,-1,0,-1,-1,-1,-1,4775,1,1,1,141425,-1,CN
2647,www.cms.gov,0,1,4338,3.6372895476781744,9037,5441,1000,3596,0,-1,-1,-1,-1,-1,-1,-1,-1,9100,1,1,1,16625,9487,US
2648,www.cn.ca,0,1,58796,4.769347781228894,10445,4413,1000,6031,1,8,6469,358,4,0,0,730,1,9368,1,1,1,14014,9725,CA
2649,www.cna.com.tw,0,1,14477,4.160678574400385,10793,6224,1000,4568,1,4,3847,1842,2,0,0,366,1,10612,1,1,1,396982,2836,US
2650,www.cnnturk.com,0,1,14361,4.157184682201611,9672,5848,1000,3823,1,4,2691,2622,1,0,0,365,1,9861,1,1,1,60068,4368,
2651,www.codashop.com,0,1,7580,3.8796692056320534,6399,559,1000,5840,1,8,4041,1178,1,0,0,397,1,4265,1,1,1,16509,9513,US
2652,www.codeweavers.com,0,1,31803,4.50246808922949,10711,6414,1000,4297,1,9,6890,3557,5,0,0,733,1,10946,1,1,1,13335,5790,US
2653,www.cohesity.com,0,1,49871,4.697848076662873,4798,1322,1000,3475,1,456,3573,34,10,0,0,90,1,4811,1,1,1,20940,8665,
2654,www.colaboraread.com.br,0,1,8697,3.9393694700746598,4298,103,1000,4195,0,15,4248,1120,2,0,0,89,1,4402,1,0,1,20940,8665,
2655,www.coles.com.au,0,1,9458,3.9757993096794073,10736,5800,1000,4935,1,25,7196,39,6,0,0,385,1,-1,-1,-1,1,19551,5608,US
2656,www.collective-evolution.com,0,1,70889,4.850578849993658,6149,3719,1000,2430,1,-1,-1,-1,-1,-1,-1,-1,-1,6182,1,1,1,13335,5790,US
2657,www.collegebatch.com,0,1,162759,5.211545012860923,3123,94,1000,3029,0,89,3117,47,6,0,0,90,1,3126,1,1,1,13335,5790,US
2658,www.colocrossing.com,0,1,18688,4.271562825432305,7027,1919,1000,5107,1,31,6329,23,7,0,0,89,1,7079,1,1,1,36352,7465,US
2659,www.colorado.edu,0,1,2447,3.388633969351789,10743,7410,1000,3332,1,240,6884,34,12,0,0,89,1,-1,-1,-1,1,54113,5343,US
2660,www.coloradomesa.edu,0,1,147528,5.168874454832464,5379,1551,1000,3827,1,-1,-1,-1,-1,-1,-1,-1,-1,-1,-1,-1,1,13335,5790,US
2661,www.comerica.com,0,1,35548,4.550815171496232,10793,6684,1000,4108,1,74,5181,139,11,0,0,365,1,11202,1,1,1,16625,9487,US
2662,www.comingsoon.it,0,1,22258,4.347486138076573,9575,5602,1000,3973,1,79,3452,62,8,0,0,89,1,-1,-1,-1,1,13335,5790,US
2663,www.comm100.com,0,1,36699,4.5646542304537565,7774,3717,1000,4056,1,-1,-1,-1,-1,-1,-1,-1,-1,6223,1,1,1,16509,9513,US
2664,www.commonwealthfund.org,0,1,24816,4.39473178046953,9670,3257,1000,6412,1,-1,-1,-1,-1,-1,-1,-1,-1,8138,1,1,1,13335,5790,US
2665,www.communitybrands.com,0,1,80394,4.905223637503099,8029,68,1000,7961,1,-1,-1,-1,-1,-1,-1,-1,-1,9162,1,1,1,209242,2625,
2666,www.company.com,0,1,46436,4.666854802523345,10743,4288,1000,6454,1,-1,-1,-1,-1,-1,-1,-1,-1,11640,1,1,1,13335,5790,US
2667,www.compassion.com,0,1,62033,4.792622784742922,10028,4763,1000,5265,1,-1,-1,-1,-1,-1,-1,-1,-1,10254,1,1,1,13335,5790,US
2668,www.computerbase.de,0,1,24951,4.39708795620305,9505,5570,1000,3934,1,-1,-1,-1,-1,-1,-1,-1,-1,-1,-1,-1,1,47447,6543,
2669,www.computerline.com,0,0,-1,-1.0,10793,19,1000,10773,1,-1,-1,-1,-1,-1,-1,-1,-1,11031,1,1,1,45753,-1,HK
2670,www.computing.co.uk,0,1,39570,4.597366050266028,9007,5595,1000,3411,1,0,-1,-1,0,-1,-1,-1,-1,10779,1,1,1,13335,5790,US
2671,www.computrabajo.com,0,1,6337,3.8018837071252394,9722,5580,1000,4141,1,-1,-1,-1,-1,-1,-1,-1,-1,10100,1,1,1,14618,7503,US
2672,www.comss.ru,0,1,36776,4.565564490742253,6652,1422,1000,5229,1,147,4090,193,6,0,0,90,1,-1,-1,-1,1,51115,5830,
2673,www.concentrix.com,0,1,28869,4.460431740513778,10031,1566,1000,8464,1,-1,-1,-1,-1,-1,-1,-1,-1,10634,1,1,1,13335,5790,US
2674,www.coned.com,0,1,36295,4.559846800739317,10548,7280,1000,3268,1,-1,-1,-1,-1,-1,-1,-1,-1,11456,1,1,1,1932,12355,US
2675,www.confirmit.com,0,1,11441,4.058463985602251,9445,4537,1000,4907,0,-1,-1,-1,-1,-1,-1,-1,-1,10011,1,1,1,54113,5343,US
2676,www.confirmtkt.com,0,1,8353,3.921842481405858,4333,69,1000,4263,1,-1,-1,-1,-1,-1,-1,-1,-1,4899,1,1,1,16509,9513,US
2677,www.conns.com,0,1,389678,5.590705887577897,9964,2684,1000,7279,1,-1,-1,-1,-1,-1,-1,-1,-1,10943,1,1,1,16509,9513,US
2678,www.consentframework.com,0,1,12318,4.090540199754235,-1,-1,-1,-1,-1,-1,-1,-1,-1,-1,-1,-1,-1,2224,1,1,1,24940,8753,
2679,www.construct.net,0,1,31429,4.497330562965051,10745,27,1000,10717,1,2,3086,3086,1,0,0,735,1,11250,1,1,1,13335,5790,US
2680,www.construction.com,0,1,40607,4.608600905481854,10736,6425,1000,4311,1,-1,-1,-1,-1,-1,-1,-1,-1,10416,1,1,1,16509,9513,US
2681,www.constructiondive.com,0,1,45806,4.660922368751094,5241,1656,1000,3584,1,-1,-1,-1,-1,-1,-1,-1,-1,5671,1,1,1,13335,5790,US
2682,www.consumerfinance.gov,0,1,6726,3.827756862978617,5584,3834,1000,1750,1,78,5439,22,13,0,0,366,1,5593,1,1,1,16625,9487,US
2683,www.contabeis.com.br,0,1,44879,4.652043171347027,9403,1988,1000,7415,1,148,3332,76,6,0,0,195,1,9597,1,0,1,13335,5790,US
2684,www.contrastsecurity.com,0,1,75218,4.876321781618801,4687,729,1000,3957,0,123,5075,25,11,0,0,90,1,5270,1,1,1,209242,2625,
2685,www.cookielaw.org,0,1,636,2.803457115648414,5437,2394,1000,3043,1,-1,-1,-1,-1,-1,-1,-1,-1,5448,1,1,1,13335,5790,US
2686,www.cookiepro.com,0,1,11697,4.068074489907648,8491,1793,1000,6698,1,-1,-1,-1,-1,-1,-1,-1,-1,5570,1,1,1,13335,5790,US
2687,www.cookiesandyou.com,0,1,43224,4.635724954531139,3545,3049,1000,495,0,-1,-1,-1,-1,-1,-1,-1,-1,3570,1,1,1,16509,9513,US
2688,www.coolinarika.com,0,1,17817,4.250834579996684,8204,3000,1000,5204,1,-1,-1,-1,-1,-1,-1,-1,-1,8273,1,1,1,8075,10643,US
2689,www.copy.ai,0,1,19380,4.287353772714747,3783,1026,1000,2757,0,-1,-1,-1,-1,-1,-1,-1,-1,3078,1,1,1,209242,2625,
2690,www.corebridgefinancial.com,0,1,26868,4.429235339626655,1632,22,1000,1610,1,-1,-1,-1,-1,-1,-1,-1,-1,2265,1,1,1,16509,9513,US
2691,www.corelogic.com,0,1,20398,4.309587587448228,9211,2500,1000,6711,1,-1,-1,-1,-1,-1,-1,-1,-1,8133,1,1,1,209242,2625,
2692,www.coro.net,0,1,48348,4.684378513436003,9507,44,1000,9462,1,-1,-1,-1,-1,-1,-1,-1,-1,10036,1,1,1,209242,2625,
2693,www.corporate-benefits.de,0,1,379053,5.578699938195725,6241,1529,1000,4711,0,-1,-1,-1,-1,-1,-1,-1,-1,-1,-1,-1,1,35833,7497,
2694,www.cos.com,0,1,23469,4.370494584965687,10225,1522,1000,8703,1,48,1652,45,4,0,0,332,1,10830,1,1,1,20940,8665,
2695,www.cosentino.com,0,1,31361,4.496389902467685,9964,901,1000,9062,1,78,3341,38,10,0,0,710,1,10940,1,1,1,30148,4115,US
2696,www.costar.com,0,1,16550,4.218797998111738,10792,5220,1000,5572,1,102,7189,29,7,0,0,381,1,11515,1,1,1,16625,9487,US
2697,www.costco.ca,0,1,6433,3.808413551400368,7838,4845,1000,2992,0,-1,-1,-1,-1,-1,-1,-1,-1,9311,1,1,1,16625,9487,US
2698,www.costco.com,0,1,993,2.996949248495381,10348,7419,1000,2929,1,-1,-1,-1,-1,-1,-1,-1,-1,10657,1,1,1,16625,9487,US
2699,www.couchsurfing.com,0,1,13527,4.131201490026233,-1,-1,0,-1,-1,-1,-1,-1,-1,-1,-1,-1,-1,9839,1,1,1,396982,2836,US
2700,www.couponbirds.com,0,1,63309,4.801465453658703,4696,31,1000,4664,1,-1,-1,-1,-1,-1,-1,-1,-1,5173,1,1,1,13335,5790,US
2701,www.cox.com,0,1,23276,4.366908348521373,10792,7482,1000,3310,1,-1,-1,-1,-1,-1,-1,-1,-1,11382,1,1,1,19551,5608,US
2702,www.crackerbarrel.com,0,1,30836,4.489058036999062,10348,5409,1000,4939,1,-1,-1,-1,-1,-1,-1,-1,-1,10055,1,1,1,3356,9568,US
2703,www.crateandbarrel.com,0,1,14611,4.16467994075426,9977,7302,1000,2674,1,-1,-1,-1,-1,-1,-1,-1,-1,10286,1,1,1,16625,9487,US
2704,www.creatable.io,0,1,120061,5.079401956316817,2842,146,1000,2695,0,-1,-1,-1,-1,-1,-1,-1,-1,-1,-1,-1,1,209242,2625,
2705,www.creatio.com,0,1,43605,4.639536290826109,9239,24,1000,9214,1,-1,-1,-1,-1,-1,-1,-1,-1,4438,1,1,1,19551,5608,US
2706,www.creativereview.co.uk,0,1,51566,4.712363444276547,10022,2931,1000,7090,1,-1,-1,-1,-1,-1,-1,-1,-1,10096,1,1,1,13335,5790,US
2707,www.creattiva.cl,0,1,82345,4.915637233884228,9160,70,1000,9090,1,50,4279,818,7,0,0,90,1,-1,-1,-1,1,14259,9136,CL
2708,www.creema.jp,0,1,18509,4.267382955424234,5824,16,1000,5808,1,23,5916,295,9,0,0,394,1,-1,-1,-1,1,16509,9513,US
2709,www.crisisgroup.org,0,1,24550,4.390051496458987,7787,4151,1000,3636,0,56,3607,69,8,0,0,89,1,7980,1,1,1,13335,5790,US
2710,www.crowdfundinsider.com,0,1,57764,4.7616572593153705,5003,1995,1000,3008,1,117,3632,926,3,0,0,90,1,5082,1,1,1,13335,5790,US
2711,www.crowdsec.net,0,1,11780,4.071145290451083,2113,529,1000,1584,0,78,2327,53,10,0,0,89,1,2393,1,1,1,16509,9513,US
2712,www.crucial.com.au,0,1,20638,4.314667608117513,9671,97,1000,9574,1,-1,-1,-1,-1,-1,-1,-1,-1,-1,-1,-1,1,13335,5790,US
2713,www.cruisehive.com,0,1,121715,5.085344103421502,6593,1033,1000,5559,1,-1,-1,-1,-1,-1,-1,-1,-1,6679,1,1,1,13335,5790,US
2714,www.crutchfield.com,0,1,21807,4.338595923576831,10679,5975,1000,4704,1,-1,-1,-1,-1,-1,-1,-1,-1,11263,1,1,1,13335,5790,US
2715,www.csas.cz,0,1,53972,4.732168511688899,10344,1765,1000,8579,1,-1,-1,-1,-1,-1,-1,-1,-1,10439,1,1,1,25093,8702,
2716,www.cse.ru,0,1,31782,4.5021812233192415,8816,1092,1000,7724,1,-1,-1,-1,-1,-1,-1,-1,-1,-1,-1,-1,1,57724,3823,
2717,www.csiro.au,0,1,6105,3.7856856682809013,10540,6724,1000,3816,1,-1,-1,-1,-1,-1,-1,-1,-1,-1,-1,-1,1,6262,-1,AU
2718,www.cuatro.com,0,1,37375,4.572581201332486,9506,4611,1000,4894,1,-1,-1,-1,-1,-1,-1,-1,-1,10270,1,1,1,16625,9487,US
2719,www.cudoventures.com,0,0,-1,-1.0,2841,23,1000,2818,0,129,3102,33,3,1,0,90,2,3115,1,1,1,16509,9513,US
2720,www.cuevana-3.eu,0,0,-1,-1.0,1015,422,242,592,1,-1,-1,-1,-1,-1,-1,-1,-1,-1,-1,-1,1,13335,5790,US
2722,www.cuisineactuelle.fr,0,1,20158,4.304447440866175,8973,3188,1000,5785,0,-1,-1,-1,-1,-1,-1,-1,-1,8847,1,1,1,34993,7677,
2723,www.cultbeauty.com,0,1,47974,4.681005930796603,4732,929,1000,3803,0,-1,-1,-1,-1,-1,-1,-1,-1,9585,1,1,1,54113,5343,US
2724,www.cummins.com,0,1,16889,4.227603935696588,10733,4705,1000,6028,1,-1,-1,-1,-1,-1,-1,-1,-1,13028,1,1,1,13335,5790,US
2725,www.curbed.com,0,1,11873,4.074560467802895,9211,6732,1000,2479,1,33,6546,176,5,0,0,89,1,8807,1,1,1,54113,5343,US
2726,www.cvshealth.com,0,1,15336,4.185712099870006,6687,2848,1000,3838,1,297,3963,36,6,0,0,366,1,7706,1,1,1,16625,9487,US
2727,www.cvut.cz,0,1,11751,4.070074826267528,10028,3753,1000,6275,0,-1,-1,-1,-1,-1,-1,-1,-1,11029,1,1,1,2852,8733,
2728,www.cyberhaven.com,0,1,379337,5.579025205244673,10737,70,1000,10667,1,114,3468,75,14,0,0,90,1,10839,1,1,1,13335,5790,US
2729,www.cyberneticos.com,0,1,15852,4.200084063662152,9028,1905,1000,7122,1,23,6917,328,8,0,0,365,1,7657,1,1,1,198968,5068,
2730,www.cyclingnews.com,0,1,22970,4.361160995195026,10218,7387,1000,2831,1,196,2470,23,11,1,0,89,1,10452,1,1,1,54113,5343,US
2731,www.d2l.com,0,1,84576,4.927247141451616,9977,1966,1000,8011,1,-1,-1,-1,-1,-1,-1,-1,-1,10192,1,1,1,209242,2625,
2732,www.dailyadvent.com,0,1,34864,4.54237721290218,2858,1560,1000,1297,1,8,2131,1945,3,0,0,90,1,2945,1,1,1,39832,7323,
2733,www.dailymotion.com,0,1,367,2.5646660642520893,7713,5314,1000,2398,1,108,5775,43,7,0,0,90,1,7736,1,1,1,16509,9513,US
2734,www.dailysabah.com,0,1,15026,4.176843384503739,4466,3602,1000,864,1,13,3668,402,1,0,0,397,1,4647,1,1,1,16509,9513,US
2735,www.dallasfed.org,0,1,44060,4.644044492814749,10792,7736,1000,3055,1,74,6457,26,15,0,0,89,1,11163,1,1,1,20940,8665,
2736,www.damplips.com,0,1,19786,4.296358004741391,7890,4517,1000,3373,1,82,1797,74,5,1,0,89,1,7903,1,1,1,13335,5790,US
2737,www.dangdang.com,0,1,11516,4.061301656206044,9671,7430,1000,2241,1,1,5659,5659,1,0,0,30,1,9782,1,1,1,134756,-1,CN
2738,www.danmurphys.com.au,0,1,69574,4.84244697285584,8754,3539,1000,5215,1,37,7111,3557,2,0,0,365,1,-1,-1,-1,1,13335,5790,US
2739,www.data.gov.uk,0,1,13025,4.114777731971562,6150,3873,1000,2276,1,-1,-1,-1,-1,-1,-1,-1,-1,4636,1,1,1,54113,5343,US
2740,www.datacaciques.com,0,1,62350,4.7948364578145615,4827,66,1000,4761,1,-1,-1,-1,-1,-1,-1,-1,-1,4987,1,1,1,45102,-1,US
2741,www.dating.com,0,1,28086,4.448489891511086,10052,7419,1000,2633,1,-1,-1,-1,-1,-1,-1,-1,-1,10314,1,1,1,13335,5790,US
2742,www.daum.net,0,1,928,2.967547976218862,10052,8429,1000,1623,1,-1,-1,-1,-1,-1,-1,-1,-1,11034,1,1,1,7625,-1,KR
2743,www.daxko.com,0,1,17494,4.2428891221893545,9217,1563,1000,7653,1,-1,-1,-1,-1,-1,-1,-1,-1,9295,1,1,1,16509,9513,US
2744,www.dayforcehcm.com,0,1,4989,3.6980135039391815,4828,751,1000,4076,0,0,-1,-1,0,-1,-1,-1,-1,5237,1,1,1,21787,9101,US
2745,www.daysmart.com,0,1,53704,4.730006634176864,9178,121,1000,9056,1,100,5528,58,11,0,0,89,1,8457,1,1,1,16509,9513,US
2746,www.daysmartsalon.com,0,1,227034,5.356090900834842,1715,69,1000,1645,1,99,1737,59,6,1,0,89,1,1895,1,1,1,209242,2625,
2747,www.dazn.com,0,1,4555,3.658488381309017,8629,2614,1000,6014,1,20,3571,260,6,0,0,394,1,8693,1,1,1,16509,9513,US
2748,www.dbpedia.org,0,1,16595,4.219977256744623,7042,1886,1000,5156,0,-1,-1,-1,-1,-1,-1,-1,-1,7070,1,1,1,24940,8753,
2749,www.dbschenker.com,0,1,20731,4.3166202516359355,6584,1679,1000,4905,0,-1,-1,-1,-1,-1,-1,-1,-1,7755,1,1,1,16509,9513,US
2750,www.dc.com,0,1,19463,4.289209782644986,10022,1240,1000,8781,1,-1,-1,-1,-1,-1,-1,-1,-1,10036,1,1,1,54113,5343,US
2751,www.dcdata.co.za,0,1,179957,5.255168744582963,8747,60,1000,8686,1,-1,-1,-1,-1,-1,-1,-1,-1,-1,-1,-1,1,328423,-1,
2752,www.deakin.edu.au,0,0,-1,-1.0,10595,6295,1000,4300,1,-1,-1,-1,-1,-1,-1,-1,-1,-1,-1,-1,1,55532,-1,AU
2753,www.decathlon.nl,0,1,41434,4.6173568617094,9181,2438,1000,6743,1,107,4901,69,14,0,0,90,1,9590,1,1,1,13335,5790,US
2754,www.decathlon.pt,0,1,50263,4.701248406352915,9178,2650,1000,6527,0,-1,-1,-1,-1,-1,-1,-1,-1,-1,-1,-1,1,13335,5790,US
2755,www.delhivery.com,0,1,8327,3.9204885646582976,5349,157,1000,5192,1,7,1802,1468,3,0,0,364,1,5545,1,1,1,16509,9513,US
2756,www.deltadna.net,0,1,29194,4.465293603686642,4407,698,1000,3708,0,-1,-1,-1,-1,-1,-1,-1,-1,4499,1,1,1,396982,2836,US
2757,www.deluxe.com,0,1,37957,4.579291879863468,10792,7429,1000,3362,1,-1,-1,-1,-1,-1,-1,-1,-1,11591,1,1,1,20940,8665,
2758,www.demoup-cliplister.com,0,0,-1,-1.0,1766,56,1000,1709,1,60,1784,76,7,0,0,89,1,1857,1,1,1,20473,9141,US
2759,www.denic.de,0,1,10788,4.032940937780854,10027,5162,1000,4865,1,16,3929,1757,4,0,0,731,1,-1,-1,-1,1,8763,8700,
2760,www.dentalxchange.com,0,1,51799,4.714321375600948,10792,744,1000,10047,1,-1,-1,-1,-1,-1,-1,-1,-1,11074,1,1,1,209242,2625,
2761,www.dentons.com,0,1,31070,4.492341253254974,9525,3003,1000,6521,1,-1,-1,-1,-1,-1,-1,-1,-1,10533,1,1,1,8075,10643,US
2762,www.dentsu.com,0,1,37511,4.5741586420950835,9540,1737,1000,7802,0,-1,-1,-1,-1,-1,-1,-1,-1,11314,1,1,1,8075,10643,US
2763,www.deporvillage.com,0,1,15956,4.202924027637802,5925,2480,1000,3444,1,-1,-1,-1,-1,-1,-1,-1,-1,6037,1,1,1,13335,5790,US
2764,www.deputy.com,0,1,15304,4.18480495701924,8705,1566,1000,7139,1,-1,-1,-1,-1,-1,-1,-1,-1,8776,1,1,1,13335,5790,US
2765,www.deribit.com,0,1,31972,4.5047698042978395,3577,295,1000,3281,1,-1,-1,-1,-1,-1,-1,-1,-1,4509,1,1,1,13335,5790,US
2766,www.derwesten.de,0,1,20703,4.3160332821256615,6770,5128,1000,1642,1,-1,-1,-1,-1,-1,-1,-1,-1,-1,-1,-1,1,2635,4980,US
2767,www.desafiomundial.com,0,0,-1,-1.0,-1,-1,0,-1,-1,256,4455,64,7,0,0,90,1,4532,1,1,1,16625,9487,US
2768,www.descartes.com,0,1,59651,4.775617728657519,10541,3701,1000,6839,1,95,6821,49,17,0,0,89,1,11245,1,1,1,54113,5343,US
2769,www.desktopnexus.com,0,1,24419,4.3877278748679,7103,3752,1000,3350,1,2,167,167,1,0,0,394,2,7105,1,1,1,13335,5790,US
2770,www.despegar.com.ar,0,1,22366,4.349588320562463,9577,4209,1000,5368,1,-1,-1,-1,-1,-1,-1,-1,-1,5062,1,1,1,13335,5790,US
2771,www.destatis.de,0,1,8470,3.9278834103307068,8816,4142,1000,4673,1,-1,-1,-1,-1,-1,-1,-1,-1,-1,-1,-1,1,20546,4978,
2772,www.desy.de,0,1,23477,4.370642599956906,10729,3646,1000,7083,1,-1,-1,-1,-1,-1,-1,-1,-1,-1,-1,-1,1,1754,8980,
2773,www.detroitnews.com,0,1,8882,3.9485107688376573,10738,4579,1000,6159,1,-1,-1,-1,-1,-1,-1,-1,-1,10443,1,1,1,54113,5343,US
2774,www.developgoodhabits.com,0,1,105515,5.023314203275059,4874,1241,1000,3632,1,-1,-1,-1,-1,-1,-1,-1,-1,4891,1,1,1,13335,5790,US
2775,www.devonlive.com,0,1,37841,4.577962604705005,4742,3245,1000,1496,1,-1,-1,-1,-1,-1,-1,-1,-1,3916,1,1,1,16509,9513,US
2776,www.dewaweb.com,0,1,42417,4.627539949198961,8884,1751,1000,7132,1,21,4031,553,5,0,0,396,1,9053,1,1,1,13335,5790,US
2777,www.dezeen.com,0,1,5569,3.745777217889759,7104,4137,1000,2966,1,-1,-1,-1,-1,-1,-1,-1,-1,7330,1,1,1,13335,5790,US
2778,www.dha.com.tr,0,1,79741,4.90168167767399,8034,4406,1000,3627,1,-1,-1,-1,-1,-1,-1,-1,-1,-1,-1,-1,1,43350,6881,
2779,www.dhakapost.com,0,1,52930,4.723701893991268,9874,1640,1000,8233,1,-1,-1,-1,-1,-1,-1,-1,-1,10041,1,1,1,13335,5790,US
2780,www.dhs.gov,0,1,2520,3.401400540781544,8699,6503,1000,2196,1,-1,-1,-1,-1,-1,-1,-1,-1,8725,1,1,1,16625,9487,US
2781,www.diariodeleon.es,0,1,42370,4.6270584640009895,8684,2828,1000,5856,1,0,-1,-1,0,-1,-1,-1,-1,-1,-1,-1,1,16509,9513,US
2782,www.dicasdemulher.com.br,0,1,288711,5.46046333098253,7068,4471,1000,2596,1,91,3402,45,6,1,0,89,1,7106,1,0,1,13335,5790,US
2783,www.dickblick.com,0,1,33684,4.527423658682064,10638,7872,1000,2765,1,20,7234,85,5,0,0,390,4,11453,1,1,1,16625,9487,US
2784,www.digilocker.gov.in,0,1,8203,3.9139727115509713,4107,1524,1000,2582,1,-1,-1,-1,-1,-1,-1,-1,-1,4112,1,1,1,16509,9513,US
2786,www.digisport.ro,0,1,8458,3.9272676808108815,6148,3475,1000,2673,1,0,-1,-1,0,-1,-1,-1,-1,-1,-1,-1,1,8708,8668,
2787,www.digitalcameraworld.com,0,1,23956,4.379414304412171,9737,4197,1000,5540,1,-1,-1,-1,-1,-1,-1,-1,-1,8157,1,1,1,54113,5343,US
2788,www.digitalcommerce360.com,0,1,26500,4.423245873936808,3497,1983,1000,1514,0,-1,-1,-1,-1,-1,-1,-1,-1,3563,1,1,1,209242,2625,
2789,www.digitalguardian.com,0,1,20673,4.315403504634351,8823,1421,1000,7402,1,-1,-1,-1,-1,-1,-1,-1,-1,8206,1,1,1,16509,9513,US
2790,www.digitalpacific.com.au,0,1,19827,4.297257006590092,8564,4294,1000,4269,1,-1,-1,-1,-1,-1,-1,-1,-1,-1,-1,-1,1,13335,5790,US
2791,www.diigo.com,0,1,5317,3.725666660314179,7543,5638,1000,1904,1,-1,-1,-1,-1,-1,-1,-1,-1,7819,1,1,1,16509,9513,US
2792,www.dimensions.ai,0,1,15792,4.198437135325562,3046,808,1000,2238,1,-1,-1,-1,-1,-1,-1,-1,-1,3078,1,1,1,396982,2836,US
2793,www.dingtalk.com,0,1,3365,3.5269850685599957,5586,2302,1000,3284,1,-1,-1,-1,-1,-1,-1,-1,-1,4342,1,1,1,45102,-1,US
2794,www.direcpath.com,0,1,901408,5.954921408117516,6952,53,1000,6898,1,27,1600,232,3,0,0,89,1,7343,1,1,1,16509,9513,US
2795,www.directdomains.com,0,0,-1,-1.0,10027,4667,1000,5360,1,5,5035,1988,3,0,0,365,1,7639,1,1,1,13335,5790,US
2796,www.directindustry.com,0,1,41470,4.617734035364018,9346,6806,1000,2540,1,2,2582,2582,1,0,0,90,1,9702,1,1,1,13335,5790,US
2797,www.directupload.net,0,1,32200,4.507855871695831,7926,5499,1000,2427,1,68,2016,57,6,1,0,89,1,7933,1,1,1,28753,8494,
2798,www.diretta.it,0,1,1612,3.2073650374690716,9177,3561,1000,5616,1,-1,-1,-1,-1,-1,-1,-1,-1,-1,-1,-1,1,52130,5614,
2799,www.disabled-world.com,0,1,95149,4.978404228285004,-1,-1,0,-1,-1,56,3481,777,3,0,0,90,1,8101,1,1,1,16276,20594,
2800,www.discover.com,0,1,7299,3.8632633636504807,10052,7469,1000,2582,1,-1,-1,-1,-1,-1,-1,-1,-1,11875,1,1,1,16625,9487,US
2802,www.distcache.org,0,1,76922,4.886050567527855,8462,76,1000,8385,0,-1,-1,-1,-1,-1,-1,-1,-1,3885,1,1,1,14618,7503,US
2803,www.diyphotography.net,0,1,51452,4.711402260965936,7353,3276,1000,4076,1,-1,-1,-1,-1,-1,-1,-1,-1,7422,1,1,1,13335,5790,US
2804,www.dlr.de,0,1,13493,4.1301085203609365,10539,4292,1000,6247,1,-1,-1,-1,-1,-1,-1,-1,-1,-1,-1,-1,1,680,8643,
2805,www.dm5.com,0,1,51169,4.709006929602064,8391,3247,1000,5144,1,34,4132,318,5,0,0,365,1,9591,1,1,1,53850,5425,US
2806,www.dmagazine.com,0,1,29079,4.463579467456969,10027,4496,1000,5531,1,269,3362,317,2,1,0,90,1,10876,1,1,1,13335,5790,US
2807,www.dnsfilter.com,0,1,44512,4.648477108311952,7989,650,1000,7339,1,-1,-1,-1,-1,-1,-1,-1,-1,8123,1,1,1,209242,2625,
2808,www.dnsstuff.com,0,1,41542,4.618487401396354,8889,7411,1000,1478,1,-1,-1,-1,-1,-1,-1,-1,-1,8894,1,1,1,20940,8665,
2809,www.doctolib.de,0,1,12096,4.082641778157131,4689,10,1000,4679,1,-1,-1,-1,-1,-1,-1,-1,-1,-1,-1,-1,1,209242,2625,
2810,www.dolby.com,0,1,18843,4.275150048123735,10807,5193,1000,5613,1,139,3626,40,17,0,0,365,4,12601,1,1,1,13335,5790,US
2811,www.dollargeneral.com,0,1,11199,4.049179244645967,10192,4506,1000,5686,1,-1,-1,-1,-1,-1,-1,-1,-1,10867,1,1,1,20940,8665,
2812,www.domainers.de,0,1,12419,4.094086627083193,6467,72,1000,6394,1,-1,-1,-1,-1,-1,-1,-1,-1,-1,-1,-1,1,24940,8753,
2813,www.domaining.com,0,0,-1,-1.0,8342,2407,1000,5935,1,-1,-1,-1,-1,-1,-1,-1,-1,10510,1,1,1,13768,8746,CA
2814,www.domainmarkt.de,0,1,46092,4.663625553212801,9577,1170,1000,8406,1,-1,-1,-1,-1,-1,-1,-1,-1,-1,-1,-1,1,24940,8753,
2815,www.domestika.org,0,1,15144,4.180240600955741,8823,1941,1000,6881,0,1,3767,3767,1,0,0,455,1,8977,1,1,1,16509,9513,US
2816,www.domo.com,0,1,26109,4.416790238241989,10741,4624,1000,6116,1,336,3152,92,7,0,0,90,2,11312,1,1,1,16509,9513,US
2817,www.domotz.com,0,1,13575,4.132739838260885,4123,76,1000,4046,1,166,3803,59,15,0,0,89,1,4332,1,1,1,13335,5790,US
2818,www.donaldjtrump.com,0,1,27156,4.433865800002353,6764,3714,1000,3050,1,1,3738,3738,1,0,0,730,1,10713,1,1,1,13335,5790,US
2819,www.donanimhaber.com,0,1,14325,4.156094630639427,9539,6845,1000,2694,1,-1,-1,-1,-1,-1,-1,-1,-1,9604,1,1,1,6205,813,
2820,www.donationalerts.com,0,1,17584,4.245117675079415,2858,860,1000,1998,1,-1,-1,-1,-1,-1,-1,-1,-1,4145,1,1,1,21051,6068,
2821,www.donorschoose.org,0,1,37443,4.573370637909274,9160,5036,1000,4123,1,-1,-1,-1,-1,-1,-1,-1,-1,9551,1,1,1,54113,5343,US
2822,www.dotdashmeredith.com,0,1,30847,4.489212933464914,1631,1494,1000,136,1,-1,-1,-1,-1,-1,-1,-1,-1,1699,1,1,1,13335,5790,US
2823,www.dotloop.com,0,1,7636,3.8828659197216293,6065,2131,1000,3933,1,196,5676,1961,7,0,0,202,1,6149,1,1,1,16509,9513,US
2824,www.douglas.de,0,1,17927,4.253507618482686,10022,4523,1000,5498,1,47,6491,261,10,0,0,366,1,-1,-1,-1,1,16625,9487,US
2825,www.doxo.com,0,1,25918,4.413601485528961,8938,1238,1000,7699,1,71,5764,1003,5,0,0,755,1,8133,1,1,1,16509,9513,US
2826,www.doz.pl,0,1,8057,3.9061733636440485,8315,2272,1000,6042,0,20,2204,51,3,0,0,365,1,8700,1,1,1,8075,10643,US
2827,www.dpd.com,0,1,19446,4.288830281415853,10022,3856,1000,6165,1,21,6106,257,9,0,0,365,1,12846,1,1,1,13335,5790,US
2828,www.dreamhost.com,0,1,626,2.7965743332104296,10235,7748,1000,2486,1,249,5717,79,7,0,1,320,2,10467,1,1,1,13335,5790,US
2829,www.drip.com,0,1,62374,4.795003595938649,10052,2502,1000,7550,1,98,3148,27,8,0,0,90,1,10096,1,1,1,13335,5790,US
2830,www.driversupport.com,0,1,81558,4.911466567282492,9672,1718,1000,7953,1,-1,-1,-1,-1,-1,-1,-1,-1,9046,1,1,1,396982,2836,US
2831,www.dropboxforum.com,0,1,51448,4.711368496574711,4829,2658,1000,2170,1,-1,-1,-1,-1,-1,-1,-1,-1,4187,1,1,1,16509,9513,US
2832,www.druva.com,0,1,15582,4.192623200012946,8939,2740,1000,6198,1,67,3385,981,5,0,0,90,1,9702,1,1,1,54113,5343,US
2833,www.drweil.com,0,1,49808,4.69729910333844,10028,7738,1000,2289,0,-1,-1,-1,-1,-1,-1,-1,-1,9933,1,1,1,13335,5790,US
2834,www.dtcc.com,0,1,50593,4.704090432419371,9670,3275,1000,6395,1,-1,-1,-1,-1,-1,-1,-1,-1,11684,1,1,1,13335,5790,US
2835,www.dtscout.com,0,1,2851,3.45499721730946,4573,2279,1000,2293,1,-1,-1,-1,-1,-1,-1,-1,-1,4583,1,1,1,14061,4986,US
2836,www.du.ae,0,1,38198,4.582040624385464,7393,1738,1000,5654,1,17,2823,21,4,0,0,366,1,-1,-1,-1,1,15802,8976,
2837,www.duetdisplay.com,0,1,21543,4.333306181446832,4218,1036,1000,3182,1,-1,-1,-1,-1,-1,-1,-1,-1,4224,1,1,1,209242,2625,
2838,www.dukehealth.org,0,1,38259,4.582733614406448,9163,4967,1000,4196,0,-1,-1,-1,-1,-1,-1,-1,-1,9995,1,1,1,8075,10643,US
2839,www.dunkindonuts.com,0,1,18343,4.263470366061185,10541,5023,1000,5517,1,63,6872,182,14,0,0,365,1,11270,1,1,1,16625,9487,US
2840,www.dunnesstores.com,0,1,71333,4.85329048921132,10022,836,1000,9185,1,29,4810,61,7,0,0,89,1,10605,1,1,1,16509,9513,US
2841,www.dutchbros.com,0,1,38240,4.582517883604062,9977,1813,1000,8164,1,142,6741,29,12,0,0,89,1,10186,1,1,1,13335,5790,US
2842,www.dvdvideosoft.com,0,1,24582,4.390617214336786,7095,3275,1000,3820,1,-1,-1,-1,-1,-1,-1,-1,-1,7144,1,1,1,20473,9141,US
2843,www.dwd.de,0,1,13313,4.124275932006338,10741,4767,1000,5974,1,-1,-1,-1,-1,-1,-1,-1,-1,-1,-1,-1,1,41289,7246,
2844,www.dxmpay.com,0,1,102727,5.011684605329465,2522,11,1000,2511,1,-1,-1,-1,-1,-1,-1,-1,-1,2857,1,1,1,140903,-1,CN
2845,www.dxpool.com,0,1,110173,5.0420751753893756,2845,6,1000,2839,0,-1,-1,-1,-1,-1,-1,-1,-1,2984,1,1,1,16509,9513,US
2846,www.dynadot.com,0,1,5014,3.7001843296221977,8458,4456,1000,4001,0,-1,-1,-1,-1,-1,-1,-1,-1,8603,1,1,1,13335,5790,US
2847,www.dynatrace.com,0,1,529,2.7234556720351857,7764,3266,1000,4497,1,-1,-1,-1,-1,-1,-1,-1,-1,7818,1,1,1,16509,9513,US
2848,www.e-chords.com,0,1,86238,4.935698675961452,8268,6479,1000,1789,1,95,6074,38,9,0,0,89,1,8289,1,1,1,13335,5790,US
2849,www.e-recht24.de,0,1,3608,3.557266528869904,9135,2882,1000,6252,1,3,5312,2673,2,0,0,90,1,-1,-1,-1,1,24940,8753,
2850,www.e-verify.gov,0,1,55421,4.743674357797056,3222,1907,1000,1315,0,85,3052,144,2,0,0,306,1,3222,1,1,1,16625,9487,US
2851,www.e.leclerc,0,1,7395,3.868938178332911,3782,1619,1000,2163,1,22,2038,208,5,0,0,367,1,3811,1,1,1,20940,8665,
2852,www.ea.com,0,1,325,2.5118833609788744,10680,7332,1000,3348,1,119,6609,332,11,0,1,290,7,12090,1,1,1,16625,9487,US
2853,www.eapteka.ru,0,1,7295,3.86302529622947,9180,1866,1000,7314,1,-1,-1,-1,-1,-1,-1,-1,-1,-1,-1,-1,1,34879,7698,
2854,www.eastmoney.com,0,1,3556,3.5509617522981762,8815,5538,1000,3276,1,-1,-1,-1,-1,-1,-1,-1,-1,8682,1,1,1,24429,-1,CN
2855,www.easybell.de,0,1,8035,3.904985881099363,7102,39,1000,7063,1,0,-1,-1,0,-1,-1,-1,-1,-1,-1,-1,1,12312,8645,
2856,www.easyfie.com,0,1,61982,4.792265585697232,2374,763,1000,1611,0,-1,-1,-1,-1,-1,-1,-1,-1,3315,1,1,1,13335,5790,US
2857,www.eaton.com,0,1,6643,3.8223642524415493,10790,4865,1000,5924,1,65,2373,83,9,0,0,340,1,10963,1,1,1,16625,9487,US
2858,www.ebay.it,0,1,1271,3.104145550554008,9466,7396,1000,2069,0,1097,4035,28,8,0,0,365,3,-1,-1,-1,1,20940,8665,
2859,www.ebayinc.com,0,1,31459,4.497744913411731,9143,4174,1000,4969,1,-1,-1,-1,-1,-1,-1,-1,-1,6944,1,1,1,20940,8665,
2860,www.ecer.com,0,1,7216,3.8582965245338854,10328,1836,1000,8491,1,-1,-1,-1,-1,-1,-1,-1,-1,8784,1,1,1,36351,7465,US
2861,www.echovita.com,0,1,23407,4.36934575513467,2154,8,1000,2146,0,-1,-1,-1,-1,-1,-1,-1,-1,2401,1,1,1,13335,5790,US
2862,www.eclipse.org,0,1,4385,3.6419695977020594,10027,7571,1000,2456,0,-1,-1,-1,-1,-1,-1,-1,-1,10629,1,1,1,29988,5930,CA
2863,www.ecologie.gouv.fr,0,0,-1,-1.0,8005,1836,1000,6169,1,-1,-1,-1,-1,-1,-1,-1,-1,11463,1,1,1,35625,7548,
2864,www.ecplaza.net,0,1,64643,4.8105215032927156,10022,5989,1000,4032,1,0,-1,-1,0,-1,-1,-1,-1,10484,1,1,1,4766,-1,KR
2865,www.ecu.edu,0,1,21106,4.324405933803543,10790,5151,1000,5638,1,47,6975,38,5,0,0,89,1,-1,-1,-1,1,54113,5343,US
2866,www.ecuavisa.com,0,1,61280,4.787318756624548,9883,4768,1000,5115,1,-1,-1,-1,-1,-1,-1,-1,-1,10835,1,1,1,16509,9513,US
2867,www.ed.gov,0,1,2010,3.3031960574204886,10594,7744,1000,2849,1,-1,-1,-1,-1,-1,-1,-1,-1,10458,1,1,1,8075,10643,US
2868,www.edaily.co.kr,0,1,33170,4.520745471519482,9539,3091,1000,6448,1,0,-1,-1,0,-1,-1,-1,-1,-1,-1,-1,1,23576,-1,KR
2869,www.edarabia.com,0,1,109439,5.039172116023829,5784,1423,1000,4361,1,104,3318,65,11,0,0,90,1,5798,1,1,1,13335,5790,US
2870,www.edf.fr,0,1,16714,4.223080397831155,10559,3824,1000,6735,1,126,3999,225,7,0,0,365,1,11463,1,1,1,16625,9487,US
2871,www.edjoin.org,0,1,52407,4.71938929954735,9363,4966,1000,4396,1,14,7168,1934,5,0,0,423,1,9574,1,1,1,8075,10643,US
2872,www.edmentum.com,0,1,7303,3.86350130064145,4932,3418,1000,1513,1,95,4552,85,6,0,0,89,1,5048,1,1,1,16509,9513,US
2873,www.edmunds.com,0,1,5979,3.7766285534201502,10790,7545,1000,3245,1,418,4524,57,16,0,1,318,4,11095,1,1,1,20940,8665,
2874,www.edocr.com,0,1,56005,4.748226801568246,6887,3425,1000,3462,1,2,5006,4153,2,0,0,733,1,7000,1,1,0,-1,-1,
2875,www.edreams.com,0,1,31378,4.496625258669507,10582,4826,1000,5755,1,123,5887,52,11,0,0,89,8,11062,1,1,1,13335,5790,US
2876,www.education.gouv.fr,0,0,-1,-1.0,10327,7558,1000,2768,1,54,4881,142,8,0,0,365,1,11463,1,1,1,13335,5790,US
2877,www.education.gov.dz,0,1,182666,5.261657718745457,4513,1054,1000,3459,1,0,-1,-1,0,-1,-1,-1,-1,-1,-1,-1,1,36947,-1,
2878,www.educative.io,0,1,66850,4.825101411598003,3983,808,1000,3175,1,0,-1,-1,0,-1,-1,-1,-1,-1,-1,-1,1,13335,5790,US
2879,www.edweek.org,0,1,10825,4.034427905025403,10742,7769,1000,2972,1,22,1994,254,4,0,0,394,1,10923,1,1,1,16509,9513,US
2880,www.edx.org,0,1,3533,3.5481436374348454,10029,4507,1000,5521,1,31,5054,242,14,0,0,364,1,8942,1,1,1,16509,9513,US
2881,www.efko.ru,0,1,14492,4.161128325362499,9671,49,1000,9621,0,0,-1,-1,0,-1,-1,-1,-1,-1,-1,-1,1,51115,5830,
2882,www.efteling.com,0,1,38842,4.589301583918802,9621,1486,1000,8135,1,0,-1,-1,0,-1,-1,-1,-1,10095,1,1,1,16509,9513,US
2883,www.eidosmontreal.com,0,1,176597,5.24698332158293,6749,1951,1000,4797,1,43,4052,52,6,0,0,365,1,7044,1,1,1,14061,4986,US
2884,www.elcompanies.com,0,1,12013,4.079651477073845,9977,2103,1000,7874,1,-1,-1,-1,-1,-1,-1,-1,-1,10192,1,1,1,13335,5790,US
2885,www.elcorreo.com,0,1,6749,3.829239428141389,10028,5043,1000,4985,1,-1,-1,-1,-1,-1,-1,-1,-1,10527,1,1,1,54113,5343,US
2886,www.eldia.es,0,1,42019,4.623445712523773,9575,4742,1000,4833,1,-1,-1,-1,-1,-1,-1,-1,-1,-1,-1,-1,1,54113,5343,US
2887,www.eldiario.es,0,1,4508,3.653983907374069,6797,4191,1000,2605,1,91,2002,30,8,1,0,89,1,-1,-1,-1,1,29119,8381,
2888,www.electricimp.com,0,1,47893,4.6802720419421435,5120,76,1000,5044,1,129,2913,21,13,0,0,89,1,5573,1,1,1,209242,2625,
2889,www.elektra.mx,0,1,64230,4.807737922014101,3410,62,1000,3347,0,50,3379,90,6,0,0,89,1,-1,-1,-1,1,19551,5608,US
2890,www.elespanol.com,0,1,4117,3.614580866997486,8091,3411,1000,4679,1,-1,-1,-1,-1,-1,-1,-1,-1,8130,1,1,1,60068,4368,
2891,www.elgiganten.dk,0,1,52514,4.720275099828961,9296,2107,1000,7189,1,-1,-1,-1,-1,-1,-1,-1,-1,-1,-1,-1,1,16509,9513,US
2892,www.elim.net,0,1,28876,4.460537033141303,10790,63,1000,10726,1,-1,-1,-1,-1,-1,-1,-1,-1,11095,1,1,1,4663,-1,KR
2893,www.elitepvpers.com,0,1,45897,4.661784299349343,-1,-1,-1,-1,-1,-1,-1,-1,-1,-1,-1,-1,-1,8162,1,1,1,13335,5790,US
2894,www.elitesingles.com,0,1,106675,5.02806265153135,9180,1776,1000,7403,1,-1,-1,-1,-1,-1,-1,-1,-1,9953,1,1,1,16509,9513,US
2895,www.elmundo.es,0,1,969,2.9863237770507656,9506,7621,1000,1885,1,-1,-1,-1,-1,-1,-1,-1,-1,-1,-1,-1,1,54113,5343,US
2896,www.elnuevoherald.com,0,1,48337,4.684279692743619,9467,4850,1000,4616,1,-1,-1,-1,-1,-1,-1,-1,-1,10590,1,1,1,20940,8665,
2897,www.elpais.com.uy,0,1,14711,4.167642195482166,10340,6335,1000,4005,1,-1,-1,-1,-1,-1,-1,-1,-1,-1,-1,-1,1,13335,5790,US
2898,www.elperiodico.com,0,1,6857,3.8361341494653747,10052,5902,1000,4149,1,-1,-1,-1,-1,-1,-1,-1,-1,10955,1,1,1,54113,5343,US
2899,www.elsalvador.com,0,1,39323,4.594646643283831,10790,7476,1000,3314,1,-1,-1,-1,-1,-1,-1,-1,-1,11117,1,1,1,13335,5790,US
2900,www.embedit.com,0,0,-1,-1.0,10443,7,1000,10435,1,-1,-1,-1,-1,-1,-1,-1,-1,9326,1,1,1,43541,6849,
2901,www.embibe.com,0,1,173462,5.239204349456333,8693,525,1000,8168,1,-1,-1,-1,-1,-1,-1,-1,-1,5212,1,1,1,54113,5343,US
2902,www.embopress.org,0,1,37662,4.575903379034354,4387,936,1000,3450,1,103,978,76,4,1,0,90,1,4801,1,1,1,680,8643,
2903,www.emerald.com,0,1,5538,3.743352951409556,10647,751,1000,9895,1,-1,-1,-1,-1,-1,-1,-1,-1,10562,1,1,1,13335,5790,US
2904,www.emerse.com,0,1,872761,5.940895331229208,9181,2025,1000,7155,1,104,3537,44,8,0,0,90,1,8418,1,1,1,396982,2836,US
2905,www.emetriq.com,0,1,273083,5.436294665222151,3929,1812,1000,2117,0,-1,-1,-1,-1,-1,-1,-1,-1,4830,1,1,1,21499,8903,
2906,www.emiratesnbd.com,0,1,25482,4.406233511374323,6613,1881,1000,4732,1,63,2759,70,11,0,0,90,1,6958,1,1,1,13335,5790,US
2907,www.emmys.com,0,1,36805,4.565906822067658,10324,4449,1000,5875,1,42,4383,51,6,0,0,396,1,10872,1,1,1,16509,9513,US
2908,www.emporiaenergy.com,0,1,27621,4.441239397871147,5591,12,1000,5579,1,94,2926,60,6,1,0,89,1,3009,1,1,1,13335,5790,US
2909,www.enedis.fr,0,1,28308,4.451909186933221,6795,1172,1000,5623,1,42,2983,287,7,0,0,364,1,7005,1,1,1,16509,9513,US
2910,www.engagelab.com,0,1,13744,4.138113146487167,5591,13,1000,5578,0,0,-1,-1,0,-1,-1,-1,-1,6045,1,1,1,136907,-1,HK
2911,www.engie.fr,0,1,27819,4.4443415145026295,-1,-1,-1,-1,-1,16,2663,342,4,0,0,396,1,4104,1,1,1,16509,9513,US
2912,www.engineering.com,0,1,27508,4.439459015669985,10374,4512,1000,5862,1,-1,-1,-1,-1,-1,-1,-1,-1,11453,1,1,1,13335,5790,US
2913,www.enthusiastgaming.com,0,1,260644,5.416047731960589,5622,1942,1000,3679,1,69,2905,307,9,0,0,90,1,4167,1,1,1,13335,5790,US
2914,www.entradas.com,0,1,38062,4.580491604921654,9002,3719,1000,5282,0,-1,-1,-1,-1,-1,-1,-1,-1,10111,1,1,1,16625,9487,US
2915,www.entrata.com,0,1,42636,4.6297764535369526,9977,1590,1000,8387,1,-1,-1,-1,-1,-1,-1,-1,-1,10459,1,1,1,209242,2625,
2916,www.eolas.fr,0,1,25097,4.399621810671737,10741,1225,1000,9515,1,0,-1,-1,0,-1,-1,-1,-1,10809,1,1,1,15401,20594,
2917,www.eon.com,0,1,39200,4.593286067020458,10744,4739,1000,6005,1,-1,-1,-1,-1,-1,-1,-1,-1,11993,1,1,1,13335,5790,US
2918,www.epey.com,0,1,8659,3.9374677396433775,8777,896,1000,7881,1,-1,-1,-1,-1,-1,-1,-1,-1,8190,1,1,1,13335,5790,US
2919,www.epica.ai,0,0,-1,-1.0,2818,894,1000,1924,1,40,3042,56,5,0,0,90,1,56,2,1,1,47846,6469,
2920,www.eplay.com,0,1,258759,5.412895464097292,10183,31,1000,10151,1,249,2858,24,10,0,1,89,1,10081,1,1,1,13335,5790,US
2921,www.eprints.org,0,1,40540,4.6078837443569896,9408,3688,1000,5720,1,-1,-1,-1,-1,-1,-1,-1,-1,9891,1,1,1,39122,7460,
2922,www.eqrae.com,0,0,-1,-1.0,2240,291,1000,1948,1,6,3304,1897,2,0,0,365,1,2360,1,1,1,13335,5790,US
2923,www.equifax.com,0,1,10672,4.028245816572474,10790,7481,1000,3308,1,-1,-1,-1,-1,-1,-1,-1,-1,11412,1,1,1,13335,5790,US
2924,www.equinox.com,0,1,57290,4.758078822249613,10790,4404,1000,6385,1,1,5735,5735,1,0,0,365,1,12154,1,1,1,16509,9513,US
2925,www.equisolve.com,0,1,53614,4.729278210006931,9133,72,1000,9060,1,-1,-1,-1,-1,-1,-1,-1,-1,6386,1,1,1,16509,9513,US
2926,www.erofus.com,0,1,20354,4.308649770181384,3355,16,1000,3338,0,-1,-1,-1,-1,-1,-1,-1,-1,3451,1,1,1,13335,5790,US
2927,www.erudit.org,0,1,29721,4.473063417712213,10022,1981,1000,8040,1,-1,-1,-1,-1,-1,-1,-1,-1,10263,1,1,1,22953,5461,CA
2928,www.escarpe.it,0,1,127102,5.104152384402395,4387,2044,1000,2342,1,-1,-1,-1,-1,-1,-1,-1,-1,-1,-1,-1,1,13335,5790,US
2929,www.escort-advisor.com,0,1,22005,4.342521372898964,4462,16,1000,4446,1,-1,-1,-1,-1,-1,-1,-1,-1,4548,1,1,1,13335,5790,US
2930,www.escortindia.online,0,0,-1,-1.0,1073,315,641,758,0,-1,-1,-1,-1,-1,-1,-1,-1,-1,-1,-1,1,13335,5790,US
2931,www.esecuredata.com,0,1,479957,5.681202330085502,7962,97,1000,7864,1,8,7120,3866,4,0,0,365,3,7889,1,1,1,11831,5536,CA
2932,www.eso.org,0,1,14140,4.15044940946088,10745,4205,1000,6539,1,109,7503,211,6,0,0,396,1,12888,1,1,1,2117,20594,
2933,www.espn.com.do,0,1,9781,3.9903832589062334,8236,2328,1000,5907,0,4,2504,554,2,0,0,244,1,-1,-1,-1,1,16509,9513,US
2934,www.espn.com.mx,0,1,8567,3.9328287669008466,9346,3529,1000,5816,1,5,4396,554,3,0,0,366,1,-1,-1,-1,1,16509,9513,US
2935,www.espncricinfo.com,0,1,1114,3.04688519083771,6136,4789,1000,1346,0,37,2847,915,1,0,0,359,1,7013,1,1,1,20940,8665,
2936,www.essen-und-trinken.de,0,1,45760,4.660486015784968,9232,2478,1000,6754,1,-1,-1,-1,-1,-1,-1,-1,-1,-1,-1,-1,1,20940,8665,
2937,www.estatesales.net,0,1,38856,4.58945809046498,8617,3193,1000,5424,1,42,5944,121,10,0,0,268,1,9579,1,1,1,8075,10643,US
2938,www.estranky.cz,0,1,18432,4.265572461743118,8053,2152,1000,5901,1,0,-1,-1,0,-1,-1,-1,-1,8197,1,1,1,15685,8639,
2939,www.ethnos.gr,0,1,46126,4.663945794663576,9977,5308,1000,4669,1,4,1724,1664,1,1,0,89,1,-1,-1,-1,1,13335,5790,US
2940,www.etracker.com,0,1,26974,4.430945353168403,9578,3635,1000,5942,1,22,6581,1490,6,0,0,412,1,10041,1,1,1,12731,8643,
2941,www.etvnet.com,0,1,82267,4.9152256603400915,10741,4340,1000,6400,1,4,1544,755,4,0,0,395,1,10947,1,1,1,13335,5790,US
2942,www.eurail.com,0,1,47391,4.675695872866943,10739,6294,1000,4444,1,105,5923,50,13,0,0,365,1,11465,1,1,1,16509,9513,US
2943,www.eurekalert.org,0,1,3863,3.5869247081448203,10568,7291,1000,3276,1,0,-1,-1,0,-1,-1,-1,-1,11061,1,1,1,16509,9513,US
2944,www.eurogirlsescort.com,0,1,6866,3.8367037990897312,4726,1554,1000,3171,1,47,3402,2462,1,1,0,90,1,5090,1,1,1,13335,5790,US
2945,www.euroinnova.edu.es,0,0,-1,-1.0,4555,22,1000,4533,1,110,4089,37,7,0,0,89,1,-1,-1,-1,1,20940,8665,
2946,www.euronext.com,0,1,20366,4.308905739431567,9376,5234,1000,4142,1,-1,-1,-1,-1,-1,-1,-1,-1,10253,1,1,1,16509,9513,US
2947,www.europapress.es,0,1,4866,3.6871721045948,10027,5457,1000,4570,1,-1,-1,-1,-1,-1,-1,-1,-1,-1,-1,-1,1,60068,4368,
2948,www.eurosport.com,0,1,13473,4.129464309782377,9986,7543,1000,2442,1,32,1022,42,5,1,0,89,1,10383,1,1,1,20940,8665,
2949,www.eurosport.es,0,1,24424,4.387816791290605,9171,5186,1000,3985,0,-1,-1,-1,-1,-1,-1,-1,-1,-1,-1,-1,1,20940,8665,
2950,www.eventbrite.de,0,1,17723,4.248537237481559,6413,4053,1000,2360,1,-1,-1,-1,-1,-1,-1,-1,-1,-1,-1,-1,1,16509,9513,US
2951,www.eventim.de,0,1,5271,3.7218930162149575,9575,4523,1000,5051,1,-1,-1,-1,-1,-1,-1,-1,-1,-1,-1,-1,1,16625,9487,US
2952,www.everydayhealth.com,0,1,4659,3.668292710448221,9007,5047,1000,3960,1,-1,-1,-1,-1,-1,-1,-1,-1,7905,1,1,1,20940,8665,
2953,www.ewg.org,0,1,7966,3.901240302073309,10743,7033,1000,3710,1,-1,-1,-1,-1,-1,-1,-1,-1,11389,1,1,1,13335,5790,US
2954,www.excite.com,0,1,15728,4.19667350048806,10802,9147,1000,1655,1,-1,-1,-1,-1,-1,-1,-1,-1,11202,1,1,1,54113,5343,US
2955,www.eximb.com,0,1,181165,5.258074298334853,9218,1708,1000,7509,1,-1,-1,-1,-1,-1,-1,-1,-1,10164,1,1,1,48851,3739,
2956,www.expedia.mx,0,1,44657,4.649889544368922,5467,4426,1000,1041,1,-1,-1,-1,-1,-1,-1,-1,-1,-1,-1,-1,1,20940,8665,
2957,www.experian.com,0,1,4840,3.6848453616444123,10388,7481,1000,2906,1,-1,-1,-1,-1,-1,-1,-1,-1,10797,1,1,1,19551,5608,US
2958,www.express.co.uk,0,1,2362,3.373279893277496,9977,6483,1000,3494,1,-1,-1,-1,-1,-1,-1,-1,-1,11143,1,1,1,16509,9513,US
2959,www.expressplay.com,0,1,146853,5.166882822974158,8387,66,1000,8321,1,-1,-1,-1,-1,-1,-1,-1,-1,7656,1,1,1,209242,2625,
2960,www.extend.com,0,1,264575,5.422548804798596,10789,797,1000,9992,1,-1,-1,-1,-1,-1,-1,-1,-1,11395,1,1,1,209242,2625,
2961,www.extraspace.com,0,1,34260,4.534787358629492,9576,3922,1000,5654,1,43,7560,27,9,0,0,89,1,10906,1,1,1,16509,9513,US
2962,www.extremenetworks.com,0,1,18715,4.272189831450441,10357,4467,1000,5890,1,76,7129,98,10,0,1,90,2,10937,1,1,1,8075,10643,US
2963,www.exxen.com,0,1,186603,5.270918621580751,8506,1012,1000,7493,1,2,2068,2068,1,1,0,90,1,8144,1,1,1,16509,9513,US
2964,www.eyebuydirect.com,0,1,34526,4.538146266199038,9072,4470,1000,4602,1,107,6995,35,10,0,0,266,1,7585,1,1,1,20940,8665,
2965,www.facebook.com,0,1,5,0.6989700043360189,10022,6603,1000,3418,1,100,6809,360,12,0,0,176,1,10645,1,1,1,32934,7940,US
2966,www.fairmont.com,0,1,14484,4.160888516144974,10359,7459,1000,2899,1,39,7128,136,14,0,0,368,1,11221,1,1,1,20940,8665,
2967,www.fancode.com,0,1,16144,4.208011148892835,5817,717,1000,5100,1,0,-1,-1,0,-1,-1,-1,-1,4897,1,1,1,396982,2836,US
2968,www.fandom.com,0,1,513,2.7101173651118162,10022,2679,1000,7342,1,-1,-1,-1,-1,-1,-1,-1,-1,10814,1,1,1,13335,5790,US
2970,www.fangraphs.com,0,1,24956,4.3971749769583255,7483,4359,1000,3124,1,-1,-1,-1,-1,-1,-1,-1,-1,7722,1,1,1,13335,5790,US
2971,www.fansedge.com,0,1,143346,5.156385578676539,9576,6365,1000,3211,0,-1,-1,-1,-1,-1,-1,-1,-1,10039,1,1,1,20940,8665,
2972,www.fantasynamegenerators.com,0,1,40422,4.606617797736322,5010,1801,1000,3208,1,162,3213,46,13,0,0,90,1,5044,1,1,1,13335,5790,US
2973,www.fantitxt.org,0,0,-1,-1.0,2105,300,1000,1805,1,35,2236,90,5,0,0,90,1,333,2,1,1,206834,3493,
2974,www.farming-simulator.com,0,1,7366,3.867231714518894,6316,2918,1000,3398,0,-1,-1,-1,-1,-1,-1,-1,-1,6428,1,1,1,24940,8753,
2975,www.fastly.com,0,1,8313,3.9197577805018944,9211,3274,1000,5937,1,155,5293,23,8,0,0,370,1,8718,1,1,1,54113,5343,US
2976,www.fastrack.in,0,1,26766,4.42758347362526,6984,75,1000,6908,1,107,4836,50,10,0,0,199,1,7778,1,1,1,13335,5790,US
2977,www.fastweb.com,0,1,26604,4.424946939162113,10734,7464,1000,3269,1,14,6496,2151,4,0,0,370,1,11347,1,1,1,16509,9513,US
2978,www.fcupdate.nl,0,1,59249,4.772681024755612,7595,5206,1000,2388,1,20,3159,1241,5,0,1,365,2,7699,1,1,1,13335,5790,US
2979,www.fd.ru,0,1,102712,5.011621185849812,9130,2131,1000,6998,1,26,3324,2369,1,1,0,90,1,-1,-1,-1,1,209684,2707,
2980,www.federalbank.co.in,0,1,91394,4.960917685313442,8759,4121,1000,4637,1,43,5916,203,12,0,0,365,1,8452,1,1,1,396982,2836,US
2981,www.feedblitz.com,0,1,23665,4.3741065088040125,7602,5562,1000,2040,1,-1,-1,-1,-1,-1,-1,-1,-1,7674,1,1,1,14144,2904,US
2982,www.feelgood.cn,0,1,44062,4.644064206143179,2847,68,1000,2778,1,-1,-1,-1,-1,-1,-1,-1,-1,-1,-1,-1,1,24429,-1,CN
2983,www.fetnet.net,0,1,20420,4.310055737750892,9575,3903,1000,5671,0,-1,-1,-1,-1,-1,-1,-1,-1,9750,1,1,1,16509,9513,US
2984,www.fewo-direkt.de,0,1,32235,4.508327674547124,10029,3527,1000,6501,1,-1,-1,-1,-1,-1,-1,-1,-1,-1,-1,-1,1,20940,8665,
2985,www.fff.fr,0,1,28634,4.456882020623248,10031,7510,1000,2521,1,-1,-1,-1,-1,-1,-1,-1,-1,10075,1,1,1,20940,8665,
2986,www.fft.fr,0,1,33201,4.521151164666128,10453,7210,1000,3242,1,-1,-1,-1,-1,-1,-1,-1,-1,11007,1,1,1,16509,9513,US
2987,www.fgcu.edu,0,1,59373,4.773588993519778,10604,5840,1000,4764,1,0,-1,-1,0,-1,-1,-1,-1,-1,-1,-1,1,8075,10643,US
2988,www.fhnw.ch,0,1,40333,4.605660526371362,9131,4686,1000,4445,1,128,6327,65,8,0,0,89,1,-1,-1,-1,1,559,8659,
2989,www.fiber.net,0,1,31096,4.49270452762321,10445,68,1000,10377,1,7,7191,4851,3,0,0,398,1,11376,1,1,1,5048,11376,US
2990,www.fibre2fashion.com,0,1,43924,4.642701882872499,9239,4532,1000,4706,1,-1,-1,-1,-1,-1,-1,-1,-1,9529,1,1,1,16509,9513,US
2991,www.fico.com,0,1,42458,4.627959532707486,9538,3711,1000,5827,0,29,3633,510,4,0,0,90,1,11690,1,1,1,19551,5608,US
2992,www.figma.com,0,1,837,2.92272545799326,9752,2804,1000,6947,1,0,-1,-1,0,-1,-1,-1,-1,9903,1,1,1,16509,9513,US
2993,www.filestack.com,0,1,302701,5.481013855689855,9345,3225,1000,6120,0,8,2043,1880,2,1,0,90,1,8963,1,1,1,54113,5343,US
2994,www.filevine.com,0,1,126330,5.101506496139928,5586,5,1000,5581,0,32,3030,71,9,0,0,394,1,7055,1,1,1,13335,5790,US
2995,www.filgoal.com,0,1,8074,3.9070887450742955,8940,5063,1000,3877,1,0,-1,-1,0,-1,-1,-1,-1,9019,1,1,1,13335,5790,US
2996,www.filmyzilla.com.ec,0,0,-1,-1.0,1011,668,59,342,1,6,794,672,2,1,0,89,1,-1,-1,-1,0,-1,-1,
2997,www.financemagnates.com,0,1,35350,4.548389418132918,4346,2700,1000,1645,1,3,3397,2992,1,0,0,730,1,5481,1,1,1,16509,9513,US
2998,www.finya.de,0,1,9485,3.9770373352246815,8761,7429,1000,1332,0,2,3373,3346,1,0,0,730,1,-1,-1,-1,1,13335,5790,US
2999,www.firehousesubs.com,0,1,85451,4.931717149466828,9006,4392,1000,4614,1,15,4159,59,4,0,0,394,1,10046,1,1,1,16509,9513,US
3000,www.firstcitizens.com,0,1,29913,4.47585997097548,10789,7287,1000,3502,1,81,6646,120,13,0,0,365,1,11255,1,1,1,20940,8665,
3001,www.fiserv.com,0,1,18527,4.267805101513972,10790,4026,1000,6763,1,-1,-1,-1,-1,-1,-1,-1,-1,11888,1,1,1,54113,5343,US
3002,www.fitforfun.de,0,1,37206,4.570612981730594,10027,2705,1000,7322,1,-1,-1,-1,-1,-1,-1,-1,-1,-1,-1,-1,1,20940,8665,
3003,www.fiu.edu,0,1,6971,3.843295082736507,10565,9161,1000,1404,1,-1,-1,-1,-1,-1,-1,-1,-1,-1,-1,-1,1,8075,10643,US
3004,www.fl.ru,0,1,35568,4.551059445354915,9401,3409,1000,5992,0,-1,-1,-1,-1,-1,-1,-1,-1,-1,-1,-1,1,57724,3823,
3005,www.flashscore.de,0,1,18346,4.263541389171578,4768,1005,1000,3762,0,0,-1,-1,0,-1,-1,-1,-1,-1,-1,-1,1,396982,2836,US
3006,www.flashscore.gr,0,1,9955,3.998041264363428,3908,2091,1000,1816,0,0,-1,-1,0,-1,-1,-1,-1,-1,-1,-1,1,52130,5614,
3007,www.fleetfarm.com,0,1,40521,4.607680154583677,8458,4386,1000,4071,0,214,7281,44,20,0,0,1,1,10661,1,1,1,13335,5790,US
3008,www.fleetfeet.com,0,1,36720,4.564902672529205,10352,1430,1000,8922,1,-1,-1,-1,-1,-1,-1,-1,-1,10718,1,1,1,14618,7503,US
3009,www.flexjobs.com,0,1,14272,4.154484837032048,9670,4085,1000,5585,1,67,6413,55,12,0,0,369,1,10145,1,1,1,20940,8665,
3010,www.flgov.com,0,1,40543,4.607915881388089,9670,4796,1000,4873,1,0,-1,-1,0,-1,-1,-1,-1,9808,1,1,1,13335,5790,US
3011,www.flightglobal.com,0,1,24930,4.396722278503773,7449,3477,1000,3972,1,31,5847,1165,4,0,0,394,1,7593,1,1,1,13335,5790,US
3012,www.flightstats.com,0,1,15319,4.185230416167562,7771,5177,1000,2594,1,11,7076,183,6,0,0,394,1,8100,1,1,1,14618,7503,US
3013,www.fling.com,0,1,49048,4.690621303119178,-1,-1,-1,-1,-1,0,-1,-1,0,-1,-1,-1,-1,11099,1,1,1,29789,8417,US
3014,www.flipkart.com,0,1,1020,3.0086001717619175,6921,4469,1000,2452,1,40,5885,51,8,0,0,396,2,6926,1,1,1,9752,-1,IN
3015,www.flock.com,0,1,22858,4.359038228379384,9671,6136,1000,3535,1,-1,-1,-1,-1,-1,-1,-1,-1,11058,1,1,1,209242,2625,
3016,www.floridablue.com,0,1,126226,5.101148819991502,6900,1047,1000,5853,1,-1,-1,-1,-1,-1,-1,-1,-1,9038,1,1,1,26298,8680,US
3017,www.flowcode.com,0,1,49739,4.696697049553788,9707,1415,1000,8291,1,-1,-1,-1,-1,-1,-1,-1,-1,5817,1,1,1,13335,5790,US
3018,www.fluentu.com,0,1,37602,4.575210945083614,5742,1799,1000,3943,1,-1,-1,-1,-1,-1,-1,-1,-1,7052,1,1,1,16509,9513,US
3019,www.fluke.com,0,1,20661,4.315151337704982,10789,6230,1000,4559,1,-1,-1,-1,-1,-1,-1,-1,-1,14451,1,1,1,13335,5790,US
3020,www.flyflv.com,0,1,165578,5.219002632489227,6960,3267,1000,3693,0,-1,-1,-1,-1,-1,-1,-1,-1,5930,1,1,1,39572,3843,
3021,www.fodors.com,0,1,15986,4.203739808633858,10744,7483,1000,3261,1,-1,-1,-1,-1,-1,-1,-1,-1,11064,1,1,1,13335,5790,US
3022,www.followupboss.com,0,1,18259,4.261476988621374,5232,29,1000,5203,1,-1,-1,-1,-1,-1,-1,-1,-1,5331,1,1,1,209242,2625,
3023,www.fongo.com,0,1,29411,4.468509791154421,8383,9,1000,8373,1,124,2527,27,8,0,0,89,1,7895,1,1,1,13335,5790,US
3024,www.fontanka.ru,0,1,5827,3.76544501809015,9291,5108,1000,4182,1,33,3212,597,2,1,0,90,1,-1,-1,-1,1,44310,6725,
3025,www.fonts.com,0,1,30116,4.478797288468627,10351,7258,1000,3093,1,-1,-1,-1,-1,-1,-1,-1,-1,9292,1,1,1,13335,5790,US
3026,www.foodpanda.com.bd,0,1,36729,4.565009104212596,4616,98,1000,4517,1,-1,-1,-1,-1,-1,-1,-1,-1,-1,-1,-1,1,13335,5790,US
3027,www.foodsafety.gov,0,1,37128,4.5697015554109734,10022,6492,1000,3529,1,107,3716,29,8,0,0,233,1,10458,1,1,1,16625,9487,US
3028,www.footytips.com.au,0,1,400571,5.602679504628387,9875,2909,1000,6966,1,-1,-1,-1,-1,-1,-1,-1,-1,-1,-1,-1,1,16509,9513,US
3029,www.forbes.ru,0,1,9073,3.9577509108772793,9130,5130,1000,4000,1,-1,-1,-1,-1,-1,-1,-1,-1,-1,-1,-1,1,200350,2849,
3030,www.ford.com,0,1,2225,3.3473300153169503,10031,7670,1000,2361,1,370,6988,24,26,0,0,235,1,13776,1,1,1,20940,8665,
3031,www.fordham.edu,0,1,10937,4.038898212114533,10575,6606,1000,3969,1,-1,-1,-1,-1,-1,-1,-1,-1,-1,-1,-1,1,13335,5790,US
3032,www.foreignaffairs.com,0,1,8493,3.9290611240847655,10031,5089,1000,4942,1,170,6309,27,10,0,0,90,1,10275,1,1,1,13335,5790,US
3033,www.forever21.com,0,1,29708,4.47287341524356,9875,6474,1000,3401,1,63,7652,20,17,0,0,90,1,10096,1,1,1,13335,5790,US
3034,www.forex.com,0,1,36818,4.56606019338704,10207,7435,1000,2771,1,419,4081,454,18,0,1,365,2,10560,1,1,1,13335,5790,US
3035,www.forexfactory.com,0,1,6457,3.8100307864058394,8116,6833,1000,1282,1,-1,-1,-1,-1,-1,-1,-1,-1,8125,1,1,1,13335,5790,US
3036,www.forpsi.com,0,1,50326,4.701792413270917,7863,5127,1000,2736,0,-1,-1,-1,-1,-1,-1,-1,-1,7877,1,1,1,13335,5790,US
3037,www.fortiguard.com,0,1,12860,4.109240968588203,8387,1998,1000,6388,1,-1,-1,-1,-1,-1,-1,-1,-1,8412,1,1,1,40934,6566,US
3038,www.forumhouse.ru,0,1,35075,4.544997679700398,7482,3569,1000,3913,1,-1,-1,-1,-1,-1,-1,-1,-1,-1,-1,-1,1,57724,3823,
3039,www.forumsdrom.ru,0,1,109629,5.039925452633939,1122,7,1000,1115,0,28,1133,70,5,1,0,89,1,-1,-1,-1,1,51369,1865,
3040,www.fotolab.ru,0,1,312865,5.495356981627948,9181,35,1000,9145,1,-1,-1,-1,-1,-1,-1,-1,-1,-1,-1,-1,1,3175,5137,
3041,www.fox23.com,0,1,68857,4.837948097197762,10789,4485,1000,6304,1,134,2361,48,4,1,0,89,1,11353,1,1,1,10668,10439,US
3042,www.fox35orlando.com,0,1,35141,4.545814115961283,8674,3569,1000,5105,1,7,3164,51,2,1,0,90,1,7399,1,1,1,20940,8665,
3043,www.fox6now.com,0,1,27618,4.441192225277618,6319,4528,1000,1791,0,42,3766,51,3,1,0,90,1,6420,1,1,1,20940,8665,
3044,www.foxla.com,0,1,30014,4.477323878202748,9577,3669,1000,5908,1,7,3164,50,2,1,0,90,1,10018,1,1,1,20940,8665,
3045,www.france-voyage.com,0,1,30181,4.47973362534305,8762,4663,1000,4098,0,16,6439,126,5,0,0,396,1,8217,1,1,1,13335,5790,US
3046,www.frandroid.com,0,1,15108,4.179206976155488,6688,3857,1000,2831,1,-1,-1,-1,-1,-1,-1,-1,-1,6734,1,1,1,13335,5790,US
3047,www.franklymedia.com,0,1,273478,5.436922395156112,8199,2167,1000,6032,1,108,2571,58,11,0,0,89,2,3967,1,1,1,396982,2836,US
3048,www.freddiemac.com,0,1,14212,4.15265519881729,10789,7450,1000,3338,1,43,7147,261,9,0,0,366,1,11382,1,1,1,13335,5790,US
3049,www.free.fr,0,1,606,2.782472624166286,9720,7537,1000,2183,1,-1,-1,-1,-1,-1,-1,-1,-1,9928,1,1,1,12322,8706,
3050,www.freeads.co.uk,0,1,27803,4.444091659700497,10031,3766,1000,6264,1,0,-1,-1,0,-1,-1,-1,-1,11450,1,1,1,13335,5790,US
3051,www.freenet.de,0,1,2351,3.3712526291249394,10741,7174,1000,3566,1,4,1471,407,1,1,0,90,1,-1,-1,-1,1,13335,5790,US
3052,www.freshrelevance.com,0,1,99078,4.995977231283496,4047,58,1000,3988,1,64,4076,55,12,0,0,89,1,4322,1,1,1,13335,5790,US
3053,www.freshworks.com,0,1,4829,3.6838572054003462,8456,1830,1000,6626,1,-1,-1,-1,-1,-1,-1,-1,-1,10324,1,1,1,13335,5790,US
3055,www.fresnostate.edu,0,1,63993,4.8061324704270305,9466,2101,1000,7364,1,163,5161,85,4,0,0,365,1,-1,-1,-1,1,16509,9513,US
3056,www.frieze.com,0,1,35508,4.550326211208258,10744,3436,1000,7308,1,-1,-1,-1,-1,-1,-1,-1,-1,10934,1,1,1,13335,5790,US
3057,www.fromyouflowers.com,0,1,50935,4.707016310494369,8597,5471,1000,3126,1,-1,-1,-1,-1,-1,-1,-1,-1,8637,1,1,1,13335,5790,US
3058,www.frontgate.com,0,1,76747,4.885061408137369,10349,4592,1000,5757,1,-1,-1,-1,-1,-1,-1,-1,-1,10872,1,1,1,16625,9487,US
3059,www.frost.com,0,1,31614,4.499879448956432,10789,2782,1000,8006,1,-1,-1,-1,-1,-1,-1,-1,-1,11398,1,1,1,13335,5790,US
3060,www.fruitmail.net,0,1,20232,4.306038816336349,9374,6508,1000,2866,1,36,6380,2296,3,0,0,90,1,9421,1,1,1,7684,-1,JP
3061,www.fsu.edu,0,1,3589,3.5549734583332397,10616,7711,1000,2904,1,-1,-1,-1,-1,-1,-1,-1,-1,-1,-1,-1,1,2553,12117,US
3062,www.fun.com,0,1,101999,5.008595913952008,10325,3059,1000,7266,1,125,4629,592,9,0,0,90,2,10332,1,1,1,13335,5790,US
3063,www.funcom.com,0,1,18573,4.268882058732568,10348,5208,1000,5140,1,-1,-1,-1,-1,-1,-1,-1,-1,11307,1,1,1,13335,5790,US
3064,www.funda.nl,0,1,6532,3.8150461760646306,9377,5779,1000,3597,1,-1,-1,-1,-1,-1,-1,-1,-1,9457,1,1,1,20940,8665,
3065,www.fundaciontelefonica.com,0,1,71669,4.855331344786106,7377,1740,1000,5636,0,-1,-1,-1,-1,-1,-1,-1,-1,7207,1,1,1,13335,5790,US
3066,www.furman.edu,0,1,48096,4.682108958906814,10743,4485,1000,6258,1,-1,-1,-1,-1,-1,-1,-1,-1,-1,-1,-1,1,13335,5790,US
3067,www.futureplc.com,0,1,20068,4.302504092355714,7777,4521,1000,3255,1,-1,-1,-1,-1,-1,-1,-1,-1,7854,1,1,1,209242,2625,
3068,www.futurity.org,0,1,36025,4.556603989486027,9071,3894,1000,5176,0,-1,-1,-1,-1,-1,-1,-1,-1,6295,1,1,1,20,15273,US
3069,www.g4s.com,0,1,55940,4.747722462035508,9722,3781,1000,5940,1,-1,-1,-1,-1,-1,-1,-1,-1,9667,1,1,1,34309,7825,
3070,www.ga.gov.au,0,1,41761,4.620770889641766,8949,4098,1000,4851,1,-1,-1,-1,-1,-1,-1,-1,-1,-1,-1,-1,1,16509,9513,US
3071,www.gadgethacks.com,0,1,52798,4.722617471673684,7836,2333,1000,5503,1,-1,-1,-1,-1,-1,-1,-1,-1,7892,1,1,1,13335,5790,US
3072,www.gala.de,0,1,7265,3.86123561863404,9977,5000,1000,4977,0,-1,-1,-1,-1,-1,-1,-1,-1,-1,-1,-1,1,20940,8665,
3073,www.gall.nl,0,1,49010,4.6902847025126295,9671,1803,1000,7868,1,-1,-1,-1,-1,-1,-1,-1,-1,11350,1,1,1,20940,8665,
3074,www.gambling.com,0,1,15102,4.1790344659320064,10346,7675,1000,2671,1,7,4286,2689,2,0,0,735,1,10710,1,1,1,13335,5790,US
3075,www.gameduell.de,0,1,38871,4.589625713486823,8279,3901,1000,4377,1,19,8198,76,4,0,0,396,1,-1,-1,-1,1,12337,8660,
3076,www.games-workshop.com,0,1,57955,4.763090910165641,10346,7410,1000,2936,1,-1,-1,-1,-1,-1,-1,-1,-1,11172,1,1,1,13335,5790,US
3077,www.gamestar.de,0,1,8046,3.9055800282352426,10346,5704,1000,4641,1,-1,-1,-1,-1,-1,-1,-1,-1,-1,-1,-1,1,13335,5790,US
3078,www.gamestorrents.fm,0,0,-1,-1.0,1760,774,1000,986,1,2,649,649,1,1,0,89,1,1761,1,1,1,13335,5790,US
3079,www.gametop.com,0,1,79849,4.902269481561523,8237,4698,1000,3539,1,-1,-1,-1,-1,-1,-1,-1,-1,8240,1,1,1,13335,5790,US
3080,www.gap.com,0,1,3979,3.599773939146388,10744,9047,1000,1697,1,74,7590,105,9,0,0,457,4,11938,1,1,1,16625,9487,US
3081,www.garaz.cz,0,1,57919,4.762821054946151,8413,2145,1000,6268,1,-1,-1,-1,-1,-1,-1,-1,-1,9618,1,1,1,43037,6932,
3082,www.gardenersworld.com,0,1,37618,4.575395702111407,9874,2474,1000,7400,1,0,-1,-1,0,-1,-1,-1,-1,10198,1,1,1,54113,5343,US
3083,www.garmin.com,0,1,1081,3.03382569395331,10030,7716,1000,2313,1,-1,-1,-1,-1,-1,-1,-1,-1,11342,1,1,1,13335,5790,US
3084,www.garnethill.com,0,1,100014,5.000060796971778,9671,4899,1000,4772,1,-1,-1,-1,-1,-1,-1,-1,-1,11376,1,1,1,16625,9487,US
3085,www.garr.it,0,1,30634,4.486203708021318,10346,1290,1000,9055,1,-1,-1,-1,-1,-1,-1,-1,-1,-1,-1,-1,1,137,8673,
3086,www.gartner.com,0,1,1664,3.2211533219547053,10676,7344,1000,3332,1,73,7027,64,15,0,0,394,3,11755,1,1,1,13335,5790,US
3087,www.gather.town,0,1,24228,4.384317564991264,2185,1309,1000,876,1,-1,-1,-1,-1,-1,-1,-1,-1,2208,1,1,1,16509,9513,US
3088,www.gazeteduvar.com.tr,0,1,97572,4.989325207112138,3573,2284,1000,1288,1,8,3475,2115,1,0,0,396,1,-1,-1,-1,1,13335,5790,US
3089,www.gazettelive.co.uk,0,1,44764,4.650928887067893,7393,5039,1000,2353,1,2,358,23,2,0,0,394,1,7553,1,1,1,16509,9513,US
3090,www.gazzetta.it,0,1,1225,3.0881360887005513,10737,7434,1000,3302,1,115,3216,2226,5,0,0,108,1,-1,-1,-1,1,54113,5343,US
3091,www.gbitt.info,0,1,11887,4.075072262706119,2704,4,540,2699,1,-1,-1,-1,-1,-1,-1,-1,-1,2755,1,1,1,13335,5790,US
3092,www.gdemoi.ru,0,1,36753,4.565292794584015,5903,73,1000,5830,1,7,3949,2884,3,0,0,425,1,-1,-1,-1,1,200350,2849,
3093,www.gedi.it,0,1,73040,4.863560764526243,10744,1259,1000,9484,1,-1,-1,-1,-1,-1,-1,-1,-1,-1,-1,-1,1,16509,9513,US
3094,www.geeksforgeeks.org,0,1,3109,3.492620722043192,6083,2671,1000,3411,1,-1,-1,-1,-1,-1,-1,-1,-1,6272,1,1,1,16509,9513,US
3095,www.gemini.com,0,1,16863,4.2269348400126,10789,2530,1000,8259,1,-1,-1,-1,-1,-1,-1,-1,-1,11784,1,1,1,16509,9513,US
3096,www.genealogybank.com,0,1,59350,4.77342072329061,7145,2317,1000,4827,0,-1,-1,-1,-1,-1,-1,-1,-1,7509,1,1,1,16509,9513,US
3097,www.genesys.com,0,1,25189,4.401210926406311,10344,5397,1000,4947,1,-1,-1,-1,-1,-1,-1,-1,-1,10522,1,1,1,13335,5790,US
3098,www.geng45.com,0,0,-1,-1.0,947,638,12,309,0,-1,-1,-1,-1,-1,-1,-1,-1,-1,-1,-1,0,-1,-1,
3099,www.genieegroup.com,0,0,-1,-1.0,1906,69,1000,1836,1,70,1771,50,5,1,0,89,1,1907,1,1,1,26347,8667,US
3100,www.geotab.com,0,1,15344,4.185938589826589,8635,1677,1000,6957,0,-1,-1,-1,-1,-1,-1,-1,-1,9550,1,1,1,396982,2836,US
3101,www.get.cloud,0,0,-1,-1.0,3758,40,1000,3718,1,19,3559,240,7,0,0,365,1,3887,1,1,1,31034,8133,
3102,www.getapp.com,0,1,27995,4.447080471831002,8951,3172,1000,5778,1,-1,-1,-1,-1,-1,-1,-1,-1,8148,1,1,1,13335,5790,US
3103,www.getbring.com,0,1,46580,4.668199484198662,4942,347,1000,4594,1,176,4419,31,15,0,0,89,1,5509,1,1,1,209242,2625,
3104,www.getfeedback.com,0,1,97980,4.9911374351203115,10022,2558,1000,7463,1,4,1304,206,3,0,0,394,1,10478,1,1,1,16509,9513,US
3105,www.getguru.com,0,1,45500,4.658011396657113,8365,315,1000,8050,1,88,2387,76,11,0,0,90,1,5927,1,1,1,209242,2625,
3106,www.getkeepsafe.com,0,1,43153,4.635010993287761,5239,6,1000,5232,1,17,4222,263,5,0,0,366,1,5409,1,1,1,16509,9513,US
3107,www.getmailbird.com,0,1,62115,4.793196489558059,5062,1970,1000,3091,1,2,4305,3965,2,0,0,1120,1,5133,1,1,1,13335,5790,US
3108,www.gettimely.com,0,1,38114,4.581084529637228,6237,647,1000,5589,1,102,3292,486,9,0,0,89,1,5201,1,1,1,13335,5790,US
3109,www.gettyimages.ca,0,1,50675,4.704793757365047,7764,4321,1000,3442,1,39,4022,154,7,0,0,394,1,7812,1,1,1,16509,9513,US
3110,www.gettyimages.fr,0,1,39028,4.591376296317914,8952,4397,1000,4555,0,39,4022,154,7,0,0,394,1,9072,1,1,1,16509,9513,US
3111,www.getunleash.io,0,1,126890,5.1034273973827675,1884,5,1000,1878,0,58,1835,68,5,1,0,89,1,-1,-1,-1,1,16509,9513,US
3112,www.getyourguide.com,0,1,2715,3.433769833924866,6771,3240,1000,3530,1,-1,-1,-1,-1,-1,-1,-1,-1,6849,1,1,1,13335,5790,US
3114,www.gi-de.com,0,1,29709,4.472888033769636,8790,3191,1000,5598,1,-1,-1,-1,-1,-1,-1,-1,-1,9351,1,1,1,13335,5790,US
3115,www.giant-bicycles.com,0,1,28037,4.447731541635974,9986,5535,1000,4450,1,-1,-1,-1,-1,-1,-1,-1,-1,10026,1,1,1,25151,8647,
3116,www.giftya.com,0,1,174192,5.241028205576144,8578,32,1000,8546,1,-1,-1,-1,-1,-1,-1,-1,-1,7250,1,1,1,16509,9513,US
3117,www.giga.de,0,1,5899,3.7707783961691477,9986,6571,1000,3414,1,-1,-1,-1,-1,-1,-1,-1,-1,-1,-1,-1,1,16509,9513,US
3118,www.gigasena.com.br,0,1,22736,4.3567140605833945,5339,157,1000,5181,1,-1,-1,-1,-1,-1,-1,-1,-1,5501,1,0,1,47583,5526,DE
3119,www.gigaserver.cz,0,1,34392,4.536457432108951,7666,2,1000,7664,1,-1,-1,-1,-1,-1,-1,-1,-1,7715,1,1,1,59925,4305,
3120,www.gigsalad.com,0,1,45373,4.656797495165781,7473,1242,1000,6230,1,82,6349,40,10,0,0,89,1,7680,1,1,1,13335,5790,US
3121,www.gimkit.com,0,1,7277,3.8619523749214517,2930,8,1000,2921,1,-1,-1,-1,-1,-1,-1,-1,-1,3101,1,1,1,13335,5790,US
3122,www.giosg.com,0,1,39429,4.595815762617501,5405,28,1000,5377,1,-1,-1,-1,-1,-1,-1,-1,-1,5670,1,1,1,209242,2625,
3123,www.glami.cz,0,1,44709,4.650394956172242,3974,591,1000,3383,1,-1,-1,-1,-1,-1,-1,-1,-1,4117,1,1,1,29134,8378,
3124,www.glasswire.com,0,1,16846,4.226496796355519,8889,1453,1000,7435,0,-1,-1,-1,-1,-1,-1,-1,-1,8426,1,1,1,16509,9513,US
3125,www.glavbukh.ru,0,1,28229,4.450695493727006,9345,2625,1000,6720,1,-1,-1,-1,-1,-1,-1,-1,-1,-1,-1,-1,1,209684,2707,
3126,www.glia.com,0,1,25786,4.411383978327984,8754,62,1000,8691,1,-1,-1,-1,-1,-1,-1,-1,-1,10416,1,1,1,209242,2625,
3127,www.global-e.com,0,1,3973,3.5991185650553628,9671,867,1000,8804,1,-1,-1,-1,-1,-1,-1,-1,-1,6777,1,1,1,13335,5790,US
3128,www.global.ntt,0,1,36844,4.5663667736318985,2494,3,1000,2491,1,-1,-1,-1,-1,-1,-1,-1,-1,2583,1,1,1,19551,5608,US
3129,www.globalindustrial.com,0,1,41241,4.615329187387825,10028,4843,1000,5185,1,-1,-1,-1,-1,-1,-1,-1,-1,10377,1,1,1,16509,9513,US
3130,www.globalwitness.org,0,1,33155,4.520549032248027,9182,3374,1000,5808,1,108,5679,38,10,0,0,90,1,9518,1,1,1,13335,5790,US
3131,www.globenewswire.com,0,1,1942,3.288249225571986,6792,3909,1000,2882,1,83,6519,67,11,0,0,89,1,6829,1,1,1,20940,8665,
3132,www.globest.com,0,1,60900,4.784617292632875,9409,4611,1000,4797,1,80,3186,30,6,0,0,90,1,9513,1,1,1,13335,5790,US
3133,www.glossier.com,0,1,42593,4.629338230295888,9067,2814,1000,6252,0,67,3649,37,7,0,0,89,1,4986,1,1,1,13335,5790,US
3134,www.gmx.com,0,1,5464,3.737510690673476,10029,4524,1000,5504,1,-1,-1,-1,-1,-1,-1,-1,-1,11702,1,1,1,8560,8678,
3135,www.gmx.fr,0,1,32670,4.514149134475438,9322,4533,1000,4789,1,-1,-1,-1,-1,-1,-1,-1,-1,9375,1,1,1,8560,8678,
3136,www.gmx.net,0,1,2421,3.383994789441733,10341,8519,1000,1821,1,75,7404,79,16,0,1,394,2,10025,1,1,1,8560,8678,
3137,www.gname.net,0,1,22657,4.355202404658053,8934,33,1000,8901,1,-1,-1,-1,-1,-1,-1,-1,-1,4206,1,1,1,13335,5790,US
3138,www.gnome.org,0,1,3383,3.5293019977879805,10032,7434,1000,2597,1,-1,-1,-1,-1,-1,-1,-1,-1,10529,1,1,1,14618,7503,US
3139,www.goarmy.com,0,1,28751,4.458652954657967,10443,7263,1000,3180,1,-1,-1,-1,-1,-1,-1,-1,-1,11063,1,1,1,20940,8665,
3140,www.goat.com,0,1,19930,4.299507298700488,10341,2035,1000,8306,1,-1,-1,-1,-1,-1,-1,-1,-1,11313,1,1,1,13335,5790,US
3141,www.goftino.com,0,1,130588,5.1159032705590795,2986,885,1000,2101,1,-1,-1,-1,-1,-1,-1,-1,-1,3109,1,1,1,57497,5301,
3142,www.gofundme.com,0,1,1128,3.0523090996473234,5913,4422,1000,1491,1,43,5892,21,7,0,0,89,3,5963,1,1,1,16509,9513,US
3143,www.goibibo.com,0,1,6495,3.812579155409047,6198,5089,1000,1109,1,114,4950,192,12,0,0,365,1,6207,1,1,1,20940,8665,
3144,www.goldwin.co.jp,0,1,49138,4.69141747598126,10737,2697,1000,8040,1,-1,-1,-1,-1,-1,-1,-1,-1,-1,-1,-1,1,16509,9513,US
3145,www.goodhousekeeping.com,0,1,3138,3.496652939250918,10741,5117,1000,5623,1,-1,-1,-1,-1,-1,-1,-1,-1,11227,1,1,1,54113,5343,US
3146,www.goodreads.com,0,1,463,2.6655809910179533,9168,5831,1000,3336,1,-1,-1,-1,-1,-1,-1,-1,-1,8563,1,1,1,16509,9513,US
3147,www.goodrx.com,0,1,6323,3.8009231818132183,8856,3457,1000,5398,0,139,2309,105,9,0,1,207,1,5414,1,1,1,54113,5343,US
3148,www.goodyear.com,0,1,29290,4.466719371681599,10788,7694,1000,3094,1,-1,-1,-1,-1,-1,-1,-1,-1,12217,1,1,1,13335,5790,US
3149,www.google.by,0,1,6609,3.82013575187043,8754,4621,1000,4132,1,0,-1,-1,0,-1,-1,-1,-1,-1,-1,-1,1,15169,9548,US
3150,www.google.cl,0,1,3757,3.5748411950633847,9345,6310,1000,3035,1,-1,-1,-1,-1,-1,-1,-1,-1,-1,-1,-1,1,15169,9548,US
3151,www.google.co.in,0,1,1443,3.159266331093494,8338,6775,1000,1563,1,-1,-1,-1,-1,-1,-1,-1,-1,8367,1,1,1,15169,9548,US
3152,www.google.co.ma,0,1,4424,3.6458151182966416,8581,4898,1000,3683,1,-1,-1,-1,-1,-1,-1,-1,-1,-1,-1,-1,1,15169,9548,US
3153,www.google.com,0,1,1,0.0,10052,9118,1000,934,1,-1,-1,-1,-1,-1,-1,-1,-1,10475,1,1,1,15169,9548,US
3164,www.google.com.ar,0,1,3455,3.5384480517102173,9346,6406,1000,2940,0,0,-1,-1,0,-1,-1,-1,-1,9844,1,1,1,15169,9548,US
3165,www.google.com.kh,0,1,5616,3.749427099121749,7307,4733,1000,2574,1,-1,-1,-1,-1,-1,-1,-1,-1,-1,-1,-1,1,15169,9548,US
3166,www.google.com.tw,0,1,3139,3.4967913157000425,8506,5810,1000,2695,1,-1,-1,-1,-1,-1,-1,-1,-1,9396,1,1,1,15169,9548,US
3167,www.google.fi,0,1,3806,3.5804687839510017,8576,5891,1000,2685,0,-1,-1,-1,-1,-1,-1,-1,-1,7265,1,0,1,15169,9548,US
3168,www.google.hu,0,1,5475,3.738384123512156,9346,5228,1000,4117,1,0,-1,-1,0,-1,-1,-1,-1,-1,-1,-1,1,15169,9548,US
3169,www.google.ie,0,1,4628,3.665393350279712,8762,7680,1000,1082,1,0,-1,-1,0,-1,-1,-1,-1,-1,-1,-1,1,15169,9548,US
3170,www.google.rs,0,1,4887,3.689042339028172,6403,4514,1000,1888,1,0,-1,-1,0,-1,-1,-1,-1,-1,-1,-1,1,15169,9548,US
3171,www.google.vg,0,1,10388,4.0165319409572655,9136,4511,1000,4624,0,0,-1,-1,0,-1,-1,-1,-1,9847,1,1,1,15169,9548,US
3172,www.goto.com,0,1,5273,3.722057771331464,10743,4563,1000,6179,1,10,2619,56,3,0,0,391,1,10206,1,1,1,20940,8665,
3174,www.gotquestions.org,0,1,11768,4.0707026597194735,8707,3249,1000,5457,1,78,6274,55,9,0,0,89,1,8864,1,1,1,22653,8968,US
3175,www.gov.br,0,1,892,2.950364854376123,4695,2483,1000,2212,1,35,2494,265,8,0,0,365,1,3186,1,0,1,10954,-1,
3177,www.gov.scot,0,0,-1,-1.0,4110,2527,1000,1583,1,-1,-1,-1,-1,-1,-1,-1,-1,-1,-1,-1,1,16509,9513,US
3178,www.governing.com,0,1,28559,4.45574299644849,10340,6096,1000,4243,1,51,2729,50,7,0,0,90,3,11023,1,1,1,16509,9513,US
3179,www.governmentjobs.com,0,1,12601,4.100405011565889,10032,3964,1000,6067,1,6,7098,5274,3,0,0,367,1,10247,1,1,1,33093,4433,US
3180,www.govtrack.us,0,1,15718,4.196397284437343,8162,5096,1000,3065,1,-1,-1,-1,-1,-1,-1,-1,-1,-1,-1,-1,1,17378,9401,US
3181,www.gq-magazine.co.uk,0,1,12057,4.081239260911698,10743,4986,1000,5757,1,-1,-1,-1,-1,-1,-1,-1,-1,11579,1,1,1,16509,9513,US
3182,www.grab.com,0,1,5244,3.7196626830180466,10628,7125,1000,3503,1,41,3723,129,7,0,0,394,1,10792,1,1,1,16509,9513,US
3183,www.grailed.com,0,1,16691,4.222482357138912,4530,2493,1000,2037,1,-1,-1,-1,-1,-1,-1,-1,-1,4543,1,1,1,13335,5790,US
3184,www.grainger.com,0,1,7002,3.8452221064290137,10738,6418,1000,4319,1,-1,-1,-1,-1,-1,-1,-1,-1,11747,1,1,1,20940,8665,
3185,www.green-tube.net,0,1,208645,5.31940798167448,5046,70,1000,4975,1,-1,-1,-1,-1,-1,-1,-1,-1,1975,1,1,1,13335,5790,US
3186,www.greengeeks.com,0,1,11643,4.066064897459677,8458,4532,1000,3926,1,8,6231,23,4,0,0,366,1,8038,1,1,1,13335,5790,US
3187,www.growthbook.io,0,1,4135,3.6164755138885654,1830,17,1000,1813,1,85,2179,23,9,1,0,89,1,-1,-1,-1,1,209242,2625,
3188,www.growthzone.com,0,1,200294,5.301667939778248,8328,608,1000,7720,1,-1,-1,-1,-1,-1,-1,-1,-1,7916,1,1,1,209242,2625,
3189,www.grundos.cafe,0,1,86328,4.936151679530117,1295,10,1000,1285,0,48,1421,38,5,1,0,89,1,1421,1,1,1,13335,5790,US
3190,www.guardingvision.com,0,1,3606,3.557025722386383,3346,41,1000,3305,0,-1,-1,-1,-1,-1,-1,-1,-1,3456,1,1,1,16509,9513,US
3191,www.gudanglagu456.cc,0,0,-1,-1.0,1778,70,1000,1708,1,38,1783,211,5,1,0,89,1,1783,1,1,1,63949,-1,SG
3192,www.guitarcenter.com,0,1,11372,4.055836851018404,10737,7112,1000,3625,1,12,6824,812,6,0,0,379,1,11388,1,1,1,16625,9487,US
3193,www.gurufocus.com,0,1,17949,4.254040257561709,7799,4288,1000,3510,1,-1,-1,-1,-1,-1,-1,-1,-1,7830,1,1,1,13335,5790,US
3194,www.gutefrage.net,0,1,13478,4.129625452035683,9154,5221,1000,3932,1,-1,-1,-1,-1,-1,-1,-1,-1,7415,1,1,1,13335,5790,US
3195,www.gvsu.edu,0,1,28004,4.447220068979909,10689,9154,1000,1535,1,-1,-1,-1,-1,-1,-1,-1,-1,-1,-1,-1,1,13335,5790,US
3196,www.gwp6868.net,0,0,-1,-1.0,1647,782,883,864,0,-1,-1,-1,-1,-1,-1,-1,-1,1667,1,1,0,-1,-1,
3197,www.gymshark.com,0,1,21738,4.337219584418181,4862,2664,1000,2198,0,-1,-1,-1,-1,-1,-1,-1,-1,5361,1,1,1,16509,9513,US
3198,www.haberturk.com,0,1,6091,3.7846885995014214,9374,7333,1000,2041,1,36,6589,1968,3,0,0,90,1,9480,1,1,1,60068,4368,
3199,www.hackster.io,0,1,17736,4.248855680106431,4753,2568,1000,2184,1,1,4406,4406,1,0,0,365,1,-1,-1,-1,1,54113,5343,US
3200,www.hagebau.de,0,1,39786,4.599730278295652,-1,-1,-1,-1,-1,121,6860,72,13,0,0,89,1,-1,-1,-1,1,206775,2254,
3201,www.halamat.com,0,1,81044,4.908720867878593,1404,16,1000,1387,0,44,1426,38,5,1,0,89,1,1426,1,1,1,13335,5790,US
3202,www.hannover.de,0,1,39821,4.600112161995479,10788,4152,1000,6635,1,111,6978,584,9,0,0,89,1,-1,-1,-1,1,24679,8807,
3203,www.hanover.edu,0,1,55611,4.7451607046539035,10387,4089,1000,6297,1,65,6894,80,7,0,0,89,1,-1,-1,-1,1,2635,4980,US
3204,www.happyfox.com,0,1,60358,4.780734840723262,8479,1210,1000,7269,1,-1,-1,-1,-1,-1,-1,-1,-1,8106,1,1,1,13335,5790,US
3205,www.happyscribe.com,0,1,38202,4.582086100247485,9201,22,1000,9178,1,-1,-1,-1,-1,-1,-1,-1,-1,6295,1,1,1,13335,5790,US
3206,www.harman.com,0,1,2522,3.401745082237063,10643,3726,1000,6917,1,-1,-1,-1,-1,-1,-1,-1,-1,11355,1,1,1,15113,5341,US
3207,www.harrys.com,0,1,61228,4.786950073527684,10027,2669,1000,7358,1,-1,-1,-1,-1,-1,-1,-1,-1,10927,1,1,1,13335,5790,US
3208,www.hathitrust.org,0,1,12660,4.102433705681336,6453,3505,1000,2947,1,-1,-1,-1,-1,-1,-1,-1,-1,6554,1,1,1,13335,5790,US
3209,www.haystack.tv,0,1,32382,4.5103036684488576,4974,804,1000,4170,1,-1,-1,-1,-1,-1,-1,-1,-1,4529,1,1,1,16509,9513,US
3210,www.health.gov.au,0,1,12187,4.085896811131588,10334,6090,1000,4244,1,121,6344,31,13,0,0,90,1,-1,-1,-1,1,20940,8665,
3211,www.healthaffairs.org,0,1,15190,4.181557773862786,9346,6306,1000,3039,1,-1,-1,-1,-1,-1,-1,-1,-1,10268,1,1,1,13335,5790,US
3212,www.healthhub.sg,0,1,82250,4.9151359066220115,3945,3,1000,3942,1,12,2037,282,2,0,0,396,1,4839,1,1,1,8075,10643,US
3213,www.healthline.com,0,1,875,2.942008053022313,10333,5329,1000,5004,1,-1,-1,-1,-1,-1,-1,-1,-1,7938,1,1,1,16509,9513,US
3214,www.healthstream.com,0,1,17086,4.232640402026943,10022,3931,1000,6091,1,30,6456,58,10,0,0,373,1,10073,1,1,1,393931,4040,US
3215,www.heanet.ie,0,1,31318,4.495794019774868,10022,5390,1000,4631,1,29,2262,71,7,0,0,90,1,-1,-1,-1,1,1213,8890,
3216,www.heart.org,0,1,2884,3.4599952560473914,8338,4660,1000,3678,0,-1,-1,-1,-1,-1,-1,-1,-1,11452,1,1,1,13335,5790,US
3217,www.heb.com,0,1,12229,4.087390944997188,10377,5317,1000,5059,1,86,7223,25,13,0,0,1,1,11465,1,1,1,19551,5608,US
3218,www.heise.de,0,1,2744,3.438384107034714,10742,7407,1000,3334,1,-1,-1,-1,-1,-1,-1,-1,-1,-1,-1,-1,1,12306,8673,
3219,www.helsenorge.no,0,1,43916,4.642622776409274,9323,1727,1000,7596,1,-1,-1,-1,-1,-1,-1,-1,-1,881,1,1,1,8075,10643,US
3220,www.hematology.org,0,1,47083,4.67286412710973,10744,3648,1000,7096,1,-1,-1,-1,-1,-1,-1,-1,-1,10943,1,1,1,13335,5790,US
3221,www.henryford.com,0,1,44051,4.643955771761743,10333,2128,1000,8205,1,-1,-1,-1,-1,-1,-1,-1,-1,10619,1,1,1,8075,10643,US
3222,www.hentai.name,0,1,1614,3.2079035303860515,7937,16,1000,7920,1,-1,-1,-1,-1,-1,-1,-1,-1,2714,1,1,1,13335,5790,US
3223,www.here.com,0,1,1898,3.278296208091274,9497,4479,1000,5018,0,-1,-1,-1,-1,-1,-1,-1,-1,11302,1,1,1,16509,9513,US
3224,www.herocoders.com,0,1,70651,4.849118313267498,2846,22,1000,2823,1,-1,-1,-1,-1,-1,-1,-1,-1,3147,1,1,1,209242,2625,
3225,www.hersheyland.com,0,1,74514,4.872237877466836,8079,1085,1000,6993,1,-1,-1,-1,-1,-1,-1,-1,-1,8173,1,1,1,54113,5343,US
3226,www.hetzner.com,0,1,2438,3.387033701282363,10377,1676,1000,8700,1,-1,-1,-1,-1,-1,-1,-1,-1,10718,1,1,1,24940,8753,
3228,www.heureka.cz,0,1,16042,4.205258512004059,10333,4887,1000,5445,1,-1,-1,-1,-1,-1,-1,-1,-1,9593,1,1,1,13335,5790,US
3229,www.hhmi.org,0,1,36800,4.565847818673518,10745,5770,1000,4974,1,-1,-1,-1,-1,-1,-1,-1,-1,12090,1,1,1,13335,5790,US
3230,www.hhs.gov,0,1,2116,3.325515663363148,10387,7594,1000,2793,1,-1,-1,-1,-1,-1,-1,-1,-1,10458,1,1,1,16625,9487,US
3231,www.higheredjobs.com,0,1,37992,4.579692156573962,10640,7445,1000,3194,1,123,7177,2037,4,0,0,268,1,10927,1,1,1,19551,5608,US
3232,www.highlight.io,0,1,114787,5.059892705588463,4062,35,1000,4026,1,48,1430,42,9,0,0,89,1,-1,-1,-1,1,16509,9513,US
3233,www.hihonor.com,0,1,4568,3.6597260952377915,4627,2356,1000,2271,1,0,-1,-1,0,-1,-1,-1,-1,4320,1,1,1,20940,8665,
3234,www.hindibfvideo.com,0,0,-1,-1.0,2499,16,1000,2482,1,112,2417,153,6,1,0,89,1,2687,1,1,1,13335,5790,US
3235,www.hiro.so,0,1,59425,4.7739691904002175,4451,307,1000,4144,1,80,2037,36,10,1,0,89,1,-1,-1,-1,1,16509,9513,US
3236,www.hitachivantara.com,0,1,59974,4.7779630153209425,3165,1407,1000,1758,0,-1,-1,-1,-1,-1,-1,-1,-1,3199,1,1,1,16509,9513,US
3237,www.hitmanpro.com,0,1,69614,4.842696588911166,9219,1806,1000,7412,1,-1,-1,-1,-1,-1,-1,-1,-1,8925,1,1,1,20940,8665,
3238,www.hiv.gov,0,1,41891,4.622120727735252,5734,2760,1000,2973,1,1,4199,4199,1,0,0,1104,1,4276,1,1,1,16509,9513,US
3239,www.hivemq.com,0,1,40871,4.611415263822894,4760,2,1000,4758,0,51,3899,46,7,0,0,89,1,5021,1,1,1,16509,9513,US
3240,www.hochschule-trier.de,0,1,188011,5.274183259367652,4930,2301,1000,2629,1,26,4950,58,5,0,0,365,1,-1,-1,-1,1,2857,8658,
3241,www.hodinkee.com,0,1,30257,4.480825865259064,6481,2930,1000,3551,1,146,2770,40,6,1,0,90,1,6582,1,1,1,13335,5790,US
3242,www.holcim.com,0,1,14942,4.174408732073122,9183,2201,1000,6981,1,-1,-1,-1,-1,-1,-1,-1,-1,9353,1,1,1,16509,9513,US
3243,www.holzkern.com,0,1,50891,4.706640984774158,4601,1234,1000,3367,0,-1,-1,-1,-1,-1,-1,-1,-1,3586,1,1,1,13335,5790,US
3244,www.home.neustar,0,1,224960,5.35210530333973,3088,2527,1000,561,1,-1,-1,-1,-1,-1,-1,-1,-1,3640,1,1,1,13335,5790,US
3245,www.homecamgirl.com,0,0,-1,-1.0,4827,101,1000,4725,0,-1,-1,-1,-1,-1,-1,-1,-1,5007,1,1,1,13335,5790,US
3246,www.homepornking.com,0,1,49003,4.69022266867266,5299,13,1000,5286,1,-1,-1,-1,-1,-1,-1,-1,-1,5301,1,1,1,15317,3348,US
3247,www.honda.com.br,0,1,22432,4.350867996286564,10032,3008,1000,7024,1,-1,-1,-1,-1,-1,-1,-1,-1,10810,1,0,1,20940,8665,
3248,www.hoopsrumors.com,0,1,82739,4.91771026762178,6417,1844,1000,4573,1,-1,-1,-1,-1,-1,-1,-1,-1,7633,1,1,1,63949,-1,SG
3249,www.hoover.org,0,1,23028,4.362256220783096,10329,5392,1000,4936,1,-1,-1,-1,-1,-1,-1,-1,-1,10899,1,1,1,54113,5343,US
3250,www.hornbach.nl,0,1,19754,4.295655049432586,9539,2643,1000,6896,1,-1,-1,-1,-1,-1,-1,-1,-1,8303,1,1,1,54113,5343,US
3251,www.hornetsecurity.com,0,1,16839,4.226316296939335,5581,5,1000,5575,1,0,-1,-1,0,-1,-1,-1,-1,5896,1,1,1,13335,5790,US
3252,www.hortorgames.com,0,1,75812,4.879737953934216,4702,15,1000,4686,0,0,-1,-1,0,-1,-1,-1,-1,4709,1,1,1,4811,-1,CN
3253,www.hospitalitynet.org,0,1,31354,4.496292954006043,10029,2402,1000,7627,1,141,3281,117,5,1,0,89,1,10462,1,1,1,13335,5790,US
3254,www.host-it.co.uk,0,1,20815,4.318376415222796,9675,1681,1000,7994,1,0,-1,-1,0,-1,-1,-1,-1,9893,1,1,1,13335,5790,US
3255,www.hosteurope.de,0,1,4405,3.643945912748067,9176,6453,1000,2723,1,90,7132,51,9,0,0,397,2,-1,-1,-1,1,20940,8665,
3256,www.hostinet.com,0,1,61717,4.790404807295338,9977,4085,1000,5892,1,-1,-1,-1,-1,-1,-1,-1,-1,8806,1,1,1,50926,5873,
3257,www.hosting.de,0,1,15253,4.183355270260512,10028,20,1000,10007,1,-1,-1,-1,-1,-1,-1,-1,-1,-1,-1,-1,1,48823,6305,
3258,www.hostinger.com.br,0,1,46560,4.668012971641832,4934,3122,1000,1812,1,-1,-1,-1,-1,-1,-1,-1,-1,5612,1,0,1,13335,5790,US
3259,www.hostland.ru,0,1,11472,4.059639138323725,9374,2470,1000,6903,1,-1,-1,-1,-1,-1,-1,-1,-1,-1,-1,-1,1,62082,4472,
3260,www.hostlife.net,0,1,27144,4.4336738466370615,7690,1546,1000,6144,1,65,3724,64,7,0,0,89,1,7706,1,1,1,59939,4311,
3261,www.hostm.com,0,0,-1,-1.0,9071,69,1000,9001,1,23,4119,532,3,0,0,90,1,8745,1,1,1,16276,20594,
3262,www.hostmed.ru,0,1,64226,4.807710874964089,6573,450,1000,6122,1,56,1760,209,4,1,0,89,1,-1,-1,-1,1,59939,4311,
3263,www.hostnet.lv,0,1,36932,4.567402826888585,7157,67,1000,7089,1,-1,-1,-1,-1,-1,-1,-1,-1,-1,-1,-1,1,12993,8721,
3264,www.hostpoint.ch,0,1,2816,3.4496326504700745,9298,4711,1000,4587,1,-1,-1,-1,-1,-1,-1,-1,-1,-1,-1,-1,1,29097,8387,
3265,www.hotelplanner.com,0,1,26680,4.426185825244511,8384,5186,1000,3197,0,-1,-1,-1,-1,-1,-1,-1,-1,8386,1,1,1,13335,5790,US
3266,www.hotukdeals.com,0,1,16088,4.206502057588685,7938,4359,1000,3579,1,-1,-1,-1,-1,-1,-1,-1,-1,7952,1,1,1,13335,5790,US
3267,www.house.gov,0,1,2093,3.3207692283386865,10741,8647,1000,2093,1,68,3850,73,6,0,0,369,1,10458,1,1,1,16625,9487,US
3268,www.houseandgarden.co.uk,0,1,36821,4.566095579077949,10029,3991,1000,6038,1,4,3298,2625,1,0,0,397,1,10598,1,1,1,16509,9513,US
3269,www.hrblock.com,0,1,11452,4.058881339349561,10578,7429,1000,3149,1,48,7246,190,9,0,0,365,2,11033,1,1,1,16625,9487,US
3270,www.hsbcnet.com,0,1,38383,4.5841389160098736,7836,2682,1000,5154,1,69,5698,216,10,0,0,392,1,10030,1,1,1,20940,8665,
3271,www.hse.gov.uk,0,1,10743,4.031125575731565,9575,6446,1000,3128,1,53,7174,65,11,0,0,229,1,9652,1,1,1,13335,5790,US
3272,www.hubspot.com,0,1,253,2.403120521175818,7681,5172,1000,2508,1,-1,-1,-1,-1,-1,-1,-1,-1,7773,1,1,1,13335,5790,US
3273,www.hubspot.es,0,1,56423,4.7514561737868775,4726,3289,1000,1436,0,195,4181,30,20,0,1,90,2,-1,-1,-1,1,13335,5790,US
3274,www.hulldailymail.co.uk,0,1,42819,4.6316365205120595,10327,3755,1000,6571,1,2,407,72,2,0,0,394,1,11590,1,1,1,16509,9513,US
3275,www.humix.com,0,1,163340,5.213092551252483,10027,1038,1000,8988,1,57,3569,258,6,0,0,89,1,10440,1,1,1,13335,5790,US
3276,www.hungerrush.com,0,1,62601,4.79658127076655,7888,5,1000,7882,1,-1,-1,-1,-1,-1,-1,-1,-1,6988,1,1,1,13335,5790,US
3277,www.huobi.com,0,1,16471,4.216719967190278,8642,2026,1000,6615,1,-1,-1,-1,-1,-1,-1,-1,-1,8251,1,1,1,13335,5790,US
3278,www.hypergryph.com,0,1,37718,4.576548656175792,3198,20,1000,3177,1,-1,-1,-1,-1,-1,-1,-1,-1,3393,1,1,1,37963,-1,CN
3279,www.i-moviehd.com,0,0,-1,-1.0,4423,44,1000,4379,1,-1,-1,-1,-1,-1,-1,-1,-1,2188,1,1,1,13335,5790,US
3280,www.iab.com,0,1,25820,4.411956237930402,10788,3507,1000,7280,1,-1,-1,-1,-1,-1,-1,-1,-1,11431,1,1,1,13335,5790,US
3281,www.iai-sa.com,0,0,-1,-1.0,6296,11,1000,6285,1,2,1989,1989,1,0,0,365,1,6638,1,1,1,31229,8090,
3282,www.iana.org,0,1,1847,3.2664668954402414,10389,6961,1000,3427,1,8,1129,364,1,0,0,90,1,11308,1,1,1,16876,6177,US
3283,www.iberdrola.com,0,1,26473,4.422803159647385,9538,2925,1000,6613,1,-1,-1,-1,-1,-1,-1,-1,-1,10089,1,1,1,20940,8665,
3284,www.ibillboard.com,0,1,661550,5.820562673774425,7075,2480,1000,4595,1,-1,-1,-1,-1,-1,-1,-1,-1,9639,1,1,1,13036,20594,
3285,www.ibj.com,0,1,58031,4.763660054464926,10788,4777,1000,6010,1,-1,-1,-1,-1,-1,-1,-1,-1,11164,1,1,1,13335,5790,US
3286,www.ibm.com,0,1,292,2.4653828514484184,10802,7933,1000,2868,1,224,7033,84,22,0,0,365,1,14673,1,1,1,16625,9487,US
3287,www.ic3.gov,0,1,11130,4.046495164334709,8183,5657,1000,2525,1,-1,-1,-1,-1,-1,-1,-1,-1,8225,1,1,1,8070,10643,US
3288,www.icao.int,0,1,14809,4.170525733123182,10030,5129,1000,4900,1,-1,-1,-1,-1,-1,-1,-1,-1,10339,1,0,1,13335,5790,US
3289,www.ice.com,0,1,5779,3.7618526944663833,10452,5501,1000,4951,1,-1,-1,-1,-1,-1,-1,-1,-1,13071,1,1,1,13335,5790,US
3290,www.icicibank.com,0,1,7969,3.901403826825252,10640,5555,1000,5084,1,-1,-1,-1,-1,-1,-1,-1,-1,10901,1,1,1,20940,8665,
3291,www.iciparisxl.nl,0,1,54815,4.738899418444579,8935,1969,1000,6965,1,-1,-1,-1,-1,-1,-1,-1,-1,9507,1,1,1,16625,9487,US
3292,www.icloud.com,0,1,57,1.7558748556724915,-1,-1,-1,-1,-1,-1,-1,-1,-1,-1,-1,-1,-1,9988,1,1,1,16625,9487,US
3293,www.iconfinder.com,0,1,12116,4.083359264660818,6963,4401,1000,2561,0,64,1940,190,4,1,0,89,1,8122,1,1,1,396982,2836,US
3294,www.ideal.es,0,1,31182,4.493903967206503,10028,5861,1000,4166,1,-1,-1,-1,-1,-1,-1,-1,-1,-1,-1,-1,1,54113,5343,US
3295,www.idealo.com,0,1,20057,4.302265974502973,9345,1105,1000,8239,1,17,2991,186,6,0,0,394,1,9478,1,1,1,16509,9513,US
3296,www.idealo.de,0,1,3371,3.527758752520972,9345,6463,1000,2882,1,-1,-1,-1,-1,-1,-1,-1,-1,-1,-1,-1,1,20940,8665,
3297,www.idealsvdr.com,0,1,47224,4.6741627702131385,5590,31,1000,5558,0,-1,-1,-1,-1,-1,-1,-1,-1,6657,1,1,1,16509,9513,US
3298,www.idg.se,0,1,74997,4.875043891264979,10737,5623,1000,5114,1,-1,-1,-1,-1,-1,-1,-1,-1,-1,-1,-1,1,2635,4980,US
3299,www.ieidiseis.gr,0,1,68991,4.838792439936222,2551,2038,1000,513,1,-1,-1,-1,-1,-1,-1,-1,-1,-1,-1,-1,1,24940,8753,
3300,www.ietf.org,0,1,461,2.663700925389648,10787,7430,1000,3357,1,-1,-1,-1,-1,-1,-1,-1,-1,11394,1,1,1,13335,5790,US
3301,www.iezvu.com,0,1,57731,4.761409080289563,4652,70,1000,4582,1,-1,-1,-1,-1,-1,-1,-1,-1,4726,1,1,1,396982,2836,US
3302,www.ifood.com.br,0,1,3235,3.5098742850047193,9123,2847,1000,6275,1,-1,-1,-1,-1,-1,-1,-1,-1,7035,1,0,1,20940,8665,
3303,www.ifrs.org,0,1,22039,4.343191884901407,9239,3682,1000,5557,1,-1,-1,-1,-1,-1,-1,-1,-1,8094,1,1,1,19551,5608,US
3304,www.ignitioncasino.eu,0,1,40285,4.605143367980068,4956,12,1000,4943,1,-1,-1,-1,-1,-1,-1,-1,-1,-1,-1,-1,1,54994,1134,CA
3305,www.ihc.ru,0,1,2883,3.459844642388208,8447,3568,1000,4878,1,-1,-1,-1,-1,-1,-1,-1,-1,-1,-1,-1,1,210079,2778,
3306,www.iheartmedia.com,0,1,9680,3.9858753573083936,7212,3398,1000,3813,0,-1,-1,-1,-1,-1,-1,-1,-1,7738,1,1,1,8075,10643,US
3307,www.ihi.org,0,1,53590,4.729083757043612,10022,4741,1000,5280,1,6,6945,71,4,0,0,734,1,10849,1,1,1,20940,8665,
3308,www.ihrsa.org,0,1,124810,5.096249383189612,10740,2215,1000,8525,1,80,3094,59,4,0,0,90,1,10933,1,1,1,30148,4115,US
3309,www.iie.org,0,1,37897,4.57860483173552,10727,6364,1000,4363,1,44,1212,72,5,1,0,89,1,12048,1,1,1,54113,5343,US
3310,www.iiss.org,0,1,33833,4.529340508745123,9410,5342,1000,4067,0,82,6992,28,7,0,0,90,1,10636,1,1,1,13335,5790,US
3311,www.ijinshan.com,0,1,71342,4.85334528017459,5920,3625,1000,2294,0,-1,-1,-1,-1,-1,-1,-1,-1,5982,1,1,1,138915,-1,HK
3312,www.ilmatieteenlaitos.fi,0,1,30598,4.485693040293661,10022,2833,1000,7189,1,-1,-1,-1,-1,-1,-1,-1,-1,10303,1,0,1,16509,9513,US
3313,www.ilovetrading.it,0,0,-1,-1.0,6236,40,1000,6195,1,-1,-1,-1,-1,-1,-1,-1,-1,-1,-1,-1,1,24940,8753,
3314,www.ilriformista.it,0,1,117863,5.071377491119085,8624,5196,1000,3427,1,-1,-1,-1,-1,-1,-1,-1,-1,-1,-1,-1,1,52030,5633,
3315,www.imaginelearning.com,0,1,24236,4.384460943824492,9071,747,1000,8323,1,52,5714,42,9,0,0,89,1,8788,1,1,1,14618,7503,US
3316,www.immerda.ch,0,1,460942,5.6636462818654705,8557,65,1000,8492,1,78,2253,21,6,1,0,89,1,-1,-1,-1,1,7765,5463,CA
3317,www.impots.gouv.fr,0,0,-1,-1.0,8927,5301,1000,3626,1,52,3599,63,4,0,0,365,1,11463,1,1,1,20940,8665,
3318,www.in-pocasi.cz,0,1,54188,4.733903122132657,6907,2091,1000,4815,0,68,2326,78,7,1,0,89,1,6908,1,1,1,24971,8744,
3319,www.ina.fr,0,1,18179,4.25956998964356,10626,6206,1000,4420,1,-1,-1,-1,-1,-1,-1,-1,-1,11463,1,1,1,202321,2907,
3320,www.inail.it,0,1,36972,4.567872944364566,10356,2201,1000,8155,1,-1,-1,-1,-1,-1,-1,-1,-1,-1,-1,-1,1,30722,8220,
3321,www.inchcalculator.com,0,1,42776,4.631200171092284,4445,842,1000,3603,1,-1,-1,-1,-1,-1,-1,-1,-1,4569,1,1,1,13335,5790,US
3322,www.indiainfoline.com,0,1,68629,4.836507670788588,9716,6101,1000,3615,1,-1,-1,-1,-1,-1,-1,-1,-1,10013,1,1,1,20940,8665,
3323,www.indianpornvideos.me,0,1,600149,5.778259086790849,3790,66,1000,3723,1,-1,-1,-1,-1,-1,-1,-1,-1,-1,-1,-1,1,13335,5790,US
3324,www.indianrail.gov.in,0,1,1527,3.1838390370564214,9539,7295,1000,2243,1,-1,-1,-1,-1,-1,-1,-1,-1,8602,1,1,1,45596,-1,IN
3325,www.indicative.com,0,1,64995,4.812879948090056,9004,16,1000,8987,1,-1,-1,-1,-1,-1,-1,-1,-1,8695,1,1,1,209242,2625,
3326,www.indiebound.org,0,1,21681,4.336079309437668,6567,4440,1000,2126,1,777,6524,56,14,0,0,672,1,6811,1,1,1,13335,5790,US
3327,www.inditex.com,0,1,16094,4.206663996990936,9345,4010,1000,5335,1,-1,-1,-1,-1,-1,-1,-1,-1,10718,1,1,1,20940,8665,
3328,www.indusind.com,0,1,44873,4.651985105412111,10450,2955,1000,7494,1,36,6270,51,7,0,0,390,1,10860,1,1,1,35280,4067,
3329,www.industryweek.com,0,1,33402,4.523772471690582,10447,4485,1000,5962,1,-1,-1,-1,-1,-1,-1,-1,-1,10816,1,1,1,13335,5790,US
3330,www.infinitepay.io,0,1,10759,4.031771907514002,2837,75,1000,2761,1,-1,-1,-1,-1,-1,-1,-1,-1,-1,-1,-1,1,13335,5790,US
3331,www.infinity.co,0,1,496446,5.695872015817412,4742,97,1000,4645,1,-1,-1,-1,-1,-1,-1,-1,-1,-1,-1,-1,1,16509,9513,US
3332,www.infobae.com,0,1,1015,3.0064660422492318,8693,6278,1000,2414,0,263,3640,69,7,0,0,89,1,8811,1,1,1,20940,8665,
3333,www.infobip.com,0,1,5038,3.702258163162094,8182,1692,1000,6489,1,80,6749,22,11,0,0,290,2,8252,1,1,1,13335,5790,US
3334,www.infoblox.com,0,1,17673,4.2473102774556555,9574,2707,1000,6867,1,461,5917,27,9,0,0,90,4,9985,1,1,1,54113,5343,US
3335,www.infomaniak.com,0,1,3012,3.478854967528663,10052,3484,1000,6568,1,23,3775,260,5,0,0,396,1,10572,1,1,1,29222,8358,
3336,www.infomart.co.jp,0,1,8581,3.9335379019717047,10030,1906,1000,8123,1,74,6222,36,10,0,0,365,1,-1,-1,-1,1,20940,8665,
3337,www.informa.com,0,1,10558,4.0235816576649395,10742,4171,1000,6571,1,-1,-1,-1,-1,-1,-1,-1,-1,11403,1,1,1,13335,5790,US
3338,www.informer.com,0,1,6274,3.7975445143617264,10642,3937,1000,6705,1,-1,-1,-1,-1,-1,-1,-1,-1,11055,1,1,1,13335,5790,US
3339,www.ingka.com,0,1,18799,4.2741347478789615,8819,1118,1000,7701,1,-1,-1,-1,-1,-1,-1,-1,-1,6945,1,1,1,13335,5790,US
3340,www.inn.co.il,0,1,47316,4.675008023120848,8451,5762,1000,2689,1,-1,-1,-1,-1,-1,-1,-1,-1,-1,-1,-1,1,60068,4368,
3341,www.innogames.com,0,1,55701,4.745862992132139,8725,3377,1000,5348,0,-1,-1,-1,-1,-1,-1,-1,-1,7211,1,1,1,54113,5343,US
3343,www.innovid.com,0,1,2219,3.346157302232008,10353,3221,1000,7132,1,-1,-1,-1,-1,-1,-1,-1,-1,7676,1,1,1,209242,2625,
3344,www.insidesport.in,0,1,114813,5.059991064966318,2842,69,1000,2772,1,-1,-1,-1,-1,-1,-1,-1,-1,3543,1,1,1,13335,5790,US
3345,www.insperity.com,0,1,34528,4.538171423002817,5556,2208,1000,3347,1,-1,-1,-1,-1,-1,-1,-1,-1,6685,1,1,1,13335,5790,US
3346,www.insta360.com,0,1,14206,4.152471810336036,4755,2464,1000,2290,1,-1,-1,-1,-1,-1,-1,-1,-1,4198,1,1,1,13335,5790,US
3347,www.instagram.com,0,1,12,1.0791812460476249,7927,4947,1000,2980,1,3338,3125,104,3,0,1,90,2,8020,1,1,1,32934,7940,US
3349,www.instapaper.com,0,1,7017,3.8461514765288154,8088,5089,1000,2999,1,-1,-1,-1,-1,-1,-1,-1,-1,7112,1,1,1,16509,9513,US
3350,www.interactsoftware.com,0,1,469110,5.671274690884761,8365,54,1000,8310,1,-1,-1,-1,-1,-1,-1,-1,-1,5821,1,1,1,209242,2625,
3351,www.interdominios.com,0,1,34457,4.537277462892571,9220,6686,1000,2533,1,-1,-1,-1,-1,-1,-1,-1,-1,10180,1,1,1,48348,4075,
3352,www.interfax-russia.ru,0,1,31282,4.495294511689498,6676,2164,1000,4512,1,-1,-1,-1,-1,-1,-1,-1,-1,-1,-1,-1,1,200044,4592,
3353,www.interlink.or.jp,0,0,-1,-1.0,10732,2813,1000,7919,1,9,6264,2274,3,0,0,698,1,-1,-1,-1,1,2514,-1,JP
3354,www.intermedia.com,0,1,68976,4.838698005509813,10551,974,1000,9577,1,-1,-1,-1,-1,-1,-1,-1,-1,12104,1,1,1,13335,5790,US
3355,www.internazionale.it,0,1,42015,4.62340436787925,10388,4878,1000,5510,1,-1,-1,-1,-1,-1,-1,-1,-1,-1,-1,-1,1,16509,9513,US
3356,www.interrail.eu,0,1,44855,4.65181086101172,6015,2417,1000,3598,1,-1,-1,-1,-1,-1,-1,-1,-1,-1,-1,-1,1,16509,9513,US
3357,www.intistele.com,0,1,65370,4.815378484965918,4108,74,1000,4034,1,8,3706,2420,2,0,0,90,1,5000,1,1,1,47768,3493,
3358,www.intrado.com,0,1,120984,5.082727939149756,9113,1660,1000,7452,1,-1,-1,-1,-1,-1,-1,-1,-1,9540,1,1,1,209242,2625,
3359,www.intronet.ch,0,0,-1,-1.0,7271,290,1000,6981,1,-1,-1,-1,-1,-1,-1,-1,-1,-1,-1,-1,1,201011,4107,
3360,www.inverse.com,0,1,8899,3.949341206770497,10787,3371,1000,7415,1,-1,-1,-1,-1,-1,-1,-1,-1,8959,1,1,1,16509,9513,US
3361,www.invisionapp.com,0,1,22574,4.353608520708639,5586,3699,1000,1887,0,9,5588,128,3,0,0,394,1,6027,1,1,1,16509,9513,US
3362,www.invitro.ru,0,1,20165,4.3045982263436375,9374,3288,1000,6086,1,33,1513,860,2,1,0,89,1,-1,-1,-1,1,57724,3823,
3363,www.inwx.de,0,1,15156,4.180584596602955,7965,2825,1000,5139,1,466,5393,50,12,0,0,89,1,-1,-1,-1,1,48596,3444,
3364,www.ionos.co.uk,0,1,14765,4.169233451301097,6883,2416,1000,4466,1,48,3194,266,5,0,0,354,1,3201,1,1,1,8560,8678,
3365,www.ionos.com,0,1,5754,3.7599698575543075,10742,2554,1000,8187,1,28,2887,135,4,0,0,369,6,9578,1,1,1,8560,8678,
3366,www.ionos.de,0,1,2315,3.364550995353972,9671,2486,1000,7185,1,37,3169,191,5,0,0,393,1,-1,-1,-1,1,8560,8678,
3367,www.ipbes.net,0,1,29731,4.4732095169135855,6422,2381,1000,4040,1,191,3235,373,4,0,0,90,1,6532,1,1,1,13335,5790,US
3368,www.ipcc.ch,0,1,3381,3.529045170765769,10192,6511,1000,3681,1,-1,-1,-1,-1,-1,-1,-1,-1,-1,-1,-1,1,13335,5790,US
3369,www.ipetitions.com,0,1,28939,4.461483519803563,9204,4285,1000,4918,0,-1,-1,-1,-1,-1,-1,-1,-1,9934,1,1,1,14618,7503,US
3370,www.ipify.org,0,1,1001,3.000434077479319,4260,1613,1000,2647,1,-1,-1,-1,-1,-1,-1,-1,-1,4518,1,1,1,16509,9513,US
3371,www.iplocate.io,0,1,48158,4.682668442390138,3109,31,1000,3077,1,-1,-1,-1,-1,-1,-1,-1,-1,-1,-1,-1,1,13335,5790,US
3372,www.ipsos.com,0,1,5671,3.753659647285999,10349,4323,1000,6026,1,56,3305,58,11,0,1,90,2,10221,1,1,1,13335,5790,US
3373,www.ipsosisay.com,0,1,50888,4.706615382568476,6257,70,1000,6187,1,63,1721,46,12,0,0,90,1,3475,1,1,1,13335,5790,US
3374,www.iptwins.com,0,1,33166,4.520693096401003,8634,30,1000,8604,1,-1,-1,-1,-1,-1,-1,-1,-1,8907,1,1,1,16276,20594,
3375,www.iq.com,0,1,4665,3.668851648082519,10032,1810,1000,8222,1,156,2221,44,6,0,0,317,1,10992,1,1,1,20940,8665,
3376,www.iqiyi.com,0,1,2001,3.3012470886362113,5712,4338,1000,1373,1,136,2877,78,7,0,0,345,1,5792,1,1,1,20940,8665,
3377,www.iranintl.com,0,1,13714,4.137164145129356,3290,1077,1000,2213,1,64,1695,52,6,0,0,89,1,3664,1,1,1,13335,5790,US
3378,www.iranjib.ir,0,1,61709,4.790348508689532,-1,-1,0,-1,-1,38,3189,262,3,0,0,349,1,-1,-1,-1,0,-1,-1,
3379,www.ireceptar.cz,0,1,76777,4.885231138402642,7412,2304,1000,5108,1,28,3137,32,6,0,0,89,1,7519,1,1,1,13335,5790,US
3380,www.iris.edu,0,1,37219,4.570764700328436,10786,1441,1000,9345,1,0,-1,-1,0,-1,-1,-1,-1,-1,-1,-1,1,16509,9513,US
3381,www.iris.tv,0,1,53795,4.7307419118500205,7522,2557,1000,4964,1,6,2892,1900,1,0,0,731,1,5244,1,1,1,16509,9513,US
3382,www.irna.ir,0,1,23506,4.371178731816287,8819,6462,1000,2357,1,6,1665,1575,1,1,0,89,1,-1,-1,-1,1,205585,1491,
3383,www.isaimini.it.com,0,1,709,2.8506462351830666,1005,410,77,595,1,6,530,56,3,0,0,90,1,12263,1,1,1,13335,5790,US
3384,www.iskon.hr,0,1,35134,4.545727596960689,10029,7343,1000,2685,1,0,-1,-1,0,-1,-1,-1,-1,-1,-1,-1,1,13046,8664,
3385,www.islam-fr.com,0,0,-1,-1.0,7067,6,1000,7060,0,-1,-1,-1,-1,-1,-1,-1,-1,591,1,1,1,50474,5962,
3386,www.island.io,0,1,6534,3.8151791301394185,5136,17,1000,5119,0,-1,-1,-1,-1,-1,-1,-1,-1,-1,-1,-1,1,209242,2625,
3387,www.iso.org,0,1,755,2.8779469516291885,9892,5048,1000,4844,1,-1,-1,-1,-1,-1,-1,-1,-1,11120,1,1,1,13335,5790,US
3388,www.istockphoto.com,0,1,2320,3.3654879848909,9539,7471,1000,2068,1,-1,-1,-1,-1,-1,-1,-1,-1,9632,1,1,1,16509,9513,US
3389,www.itaka.pl,0,1,60446,4.781367566811265,10022,3650,1000,6371,1,-1,-1,-1,-1,-1,-1,-1,-1,10288,1,1,1,13335,5790,US
3390,www.itglue.com,0,1,5362,3.7293268096468606,9072,8,1000,9063,1,-1,-1,-1,-1,-1,-1,-1,-1,5969,1,1,1,209242,2625,
3391,www.itsup.com,0,0,-1,-1.0,9695,412,1000,9282,1,-1,-1,-1,-1,-1,-1,-1,-1,10066,1,1,1,13335,5790,US
3392,www.itv.com,0,1,2618,3.417969642214737,9986,6695,1000,3290,1,-1,-1,-1,-1,-1,-1,-1,-1,11524,1,1,1,16625,9487,US
3393,www.ivanti.com,0,1,8769,3.942950070077099,8092,1891,1000,6200,1,-1,-1,-1,-1,-1,-1,-1,-1,8593,1,1,1,13335,5790,US
3395,www.ivideon.com,0,1,4018,3.6040099324122306,9238,2512,1000,6726,1,-1,-1,-1,-1,-1,-1,-1,-1,5894,1,1,1,16509,9513,US
3396,www.iway.ch,0,1,136475,5.135053102977999,9211,20,1000,9190,1,-1,-1,-1,-1,-1,-1,-1,-1,-1,-1,-1,1,8758,8643,
3397,www.iwin.com,0,1,54561,4.736882321518327,10022,6217,1000,3804,1,-1,-1,-1,-1,-1,-1,-1,-1,11246,1,1,1,14618,7503,US
3398,www.ixigua.com,0,1,2568,3.4095950193968156,7065,1589,1000,5476,1,-1,-1,-1,-1,-1,-1,-1,-1,5440,1,1,1,24429,-1,CN
3399,www.izzi.mx,0,1,46889,4.671070970654973,4217,1,1000,4216,1,25,4222,202,8,0,0,365,1,-1,-1,-1,1,25773,2264,US
3400,www.jackhenry.com,0,1,82539,4.916659202885076,10581,2205,1000,8375,1,-1,-1,-1,-1,-1,-1,-1,-1,10843,1,1,1,209242,2625,
3401,www.jackpotcitycasino.com,0,1,35349,4.548377132400958,9074,2884,1000,6189,0,0,-1,-1,0,-1,-1,-1,-1,10312,1,1,1,13335,5790,US
3402,www.jacobs.com,0,1,23007,4.361859992489294,9220,3556,1000,5664,1,56,2863,66,9,0,0,89,1,11702,1,1,1,20940,8665,
3403,www.jagran.com,0,1,1428,3.1547282074401557,10027,6355,1000,3672,1,-1,-1,-1,-1,-1,-1,-1,-1,10716,1,1,1,16625,9487,US
3404,www.jagranjosh.com,0,1,6901,3.8389120274059985,5649,3175,1000,2474,1,-1,-1,-1,-1,-1,-1,-1,-1,6095,1,1,1,16625,9487,US
3405,www.jameda.de,0,1,15567,4.19220492541459,6852,3740,1000,3112,1,-1,-1,-1,-1,-1,-1,-1,-1,-1,-1,-1,1,16509,9513,US
3406,www.jamendo.com,0,1,17936,4.253725595250898,7789,6403,1000,1386,1,0,-1,-1,0,-1,-1,-1,-1,7832,1,1,1,13335,5790,US
3407,www.jatimnetwork.com,0,1,150790,5.17837254121,4686,106,1000,4580,1,-1,-1,-1,-1,-1,-1,-1,-1,1769,1,1,1,13335,5790,US
3408,www.jboss.org,0,1,20567,4.313170948064998,9408,4937,1000,4470,1,-1,-1,-1,-1,-1,-1,-1,-1,9539,1,1,1,20940,8665,
3409,www.jdpower.com,0,1,11705,4.068371418032643,10786,6483,1000,4302,1,67,8000,39,17,0,0,90,1,11391,1,1,1,13335,5790,US
3410,www.jegs.com,0,1,31760,4.501880493755059,10733,5412,1000,5321,1,-1,-1,-1,-1,-1,-1,-1,-1,10935,1,1,1,13335,5790,US
3411,www.jguru.com,0,1,24473,4.38868721020124,10027,4593,1000,5434,1,-1,-1,-1,-1,-1,-1,-1,-1,10474,1,1,1,16276,20594,
3412,www.jigidi.com,0,1,47635,4.6779261695536105,7027,4001,1000,3026,1,-1,-1,-1,-1,-1,-1,-1,-1,7079,1,1,1,24940,8753,
3413,www.jimdo.com,0,1,910,2.9590413923210934,7145,4386,1000,2758,1,-1,-1,-1,-1,-1,-1,-1,-1,7475,1,1,1,13335,5790,US
3414,www.jimmyjohns.com,0,1,32100,4.506505032404872,9505,4463,1000,5041,1,-1,-1,-1,-1,-1,-1,-1,-1,10507,1,1,1,396982,2836,US
3415,www.jiosaavn.com,0,1,5580,3.7466341989375787,2846,2057,1000,788,1,-1,-1,-1,-1,-1,-1,-1,-1,2980,1,1,1,20940,8665,
3416,www.jku.at,0,1,17613,4.245833335097326,9163,2865,1000,6297,1,-1,-1,-1,-1,-1,-1,-1,-1,-1,-1,-1,1,1205,8660,
3417,www.jobs2careers.com,0,1,28220,4.450557009418329,8344,2104,1000,6239,0,90,5053,3072,4,0,0,260,1,7275,1,1,1,14618,7503,US
3418,www.jobsdb.com,0,1,13863,4.141857223238367,10027,5241,1000,4785,1,31,2236,60,6,0,0,90,1,10181,1,1,1,13335,5790,US
3419,www.jogejoge.com,0,0,-1,-1.0,1203,181,166,1022,1,0,-1,-1,0,-1,-1,-1,-1,1304,1,1,1,13335,5790,US
3420,www.johnhancock.com,0,1,47117,4.673177630571002,10638,3594,1000,7044,1,213,4243,120,6,0,0,365,1,11033,1,1,1,20940,8665,
3421,www.joinhoney.com,0,1,4178,3.62096843564429,4934,2532,1000,2401,1,11,1674,128,2,0,0,385,2,4962,1,1,1,396982,2836,US
3422,www.jouwweb.nl,0,1,18220,4.260548372636979,8818,3581,1000,5236,1,-1,-1,-1,-1,-1,-1,-1,-1,8319,1,1,1,396982,2836,US
3423,www.jpmorganchase.com,0,1,7861,3.8954777962757148,9177,6403,1000,2774,1,104,3845,42,3,0,0,364,2,9381,1,1,1,20940,8665,
3424,www.jugendherberge.de,0,1,26898,4.429719989249436,10735,3257,1000,7478,1,-1,-1,-1,-1,-1,-1,-1,-1,-1,-1,-1,1,3320,20594,
3425,www.juniper.net,0,1,12080,4.082066934285113,10745,7379,1000,3365,1,123,7279,52,19,0,0,365,2,10878,1,1,1,54113,5343,US
3426,www.jupiterbroadcasting.com,0,1,49622,4.695674264399299,6586,4009,1000,2577,1,-1,-1,-1,-1,-1,-1,-1,-1,6617,1,1,1,13335,5790,US
3427,www.jurnal.id,0,1,21729,4.337039739920378,4229,2299,1000,1930,1,-1,-1,-1,-1,-1,-1,-1,-1,4264,1,1,1,13335,5790,US
3428,www.just-eat.co.uk,0,1,7312,3.864036182725775,7480,5099,1000,2381,1,123,7023,46,12,0,0,731,1,8087,1,1,1,13335,5790,US
3429,www.just-eat.es,0,1,27345,4.436877927710658,6447,3511,1000,2936,1,58,5224,31,9,0,0,90,1,-1,-1,-1,1,13335,5790,US
3430,www.justanswer.com,0,1,8415,3.9250541203118425,7908,5100,1000,2807,1,32,6863,48,5,0,0,397,1,7922,1,1,1,13335,5790,US
3431,www.justsecurity.org,0,1,27210,4.434728541779758,5415,3011,1000,2403,1,88,2834,194,5,1,0,89,1,4742,1,1,1,13335,5790,US
3432,www.juventus.com,0,1,30323,4.481772165924176,9576,4515,1000,5061,1,95,6161,49,8,0,0,89,1,10101,1,1,1,20940,8665,
3433,www.jw.org,0,1,1167,3.0670708560453703,9670,4047,1000,5622,1,80,6638,37,14,0,0,364,1,9938,1,1,1,16509,9513,US
3434,www.k5k1.com,0,0,-1,-1.0,5686,69,1000,5617,1,62,1427,106,6,0,0,89,1,3421,1,1,0,-1,-1,
3435,www.kakaocorp.com,0,1,73465,4.866080482932676,4677,3143,1000,1534,1,0,-1,-1,0,-1,-1,-1,-1,4700,1,1,1,7625,-1,KR
3436,www.kakaogamescorp.com,0,0,-1,-1.0,2500,774,1000,1725,0,-1,-1,-1,-1,-1,-1,-1,-1,2529,1,1,1,23588,-1,KR
3437,www.kalunga.com.br,0,1,53833,4.731048582809215,10263,5061,1000,5201,1,-1,-1,-1,-1,-1,-1,-1,-1,10625,1,0,1,20940,8665,
3438,www.kameleoon.com,0,1,47730,4.678791434366244,8092,3793,1000,4298,1,-1,-1,-1,-1,-1,-1,-1,-1,6411,1,1,1,209242,2625,
3439,www.kamiapp.com,0,1,155526,5.191803002447343,2844,339,1000,2505,0,-1,-1,-1,-1,-1,-1,-1,-1,4835,1,1,1,16509,9513,US
3440,www.kanoon.ir,0,1,220363,5.343138676183481,7703,4130,1000,3573,1,-1,-1,-1,-1,-1,-1,-1,-1,-1,-1,-1,1,205585,1491,
3441,www.kanta.fi,0,1,73687,4.867390875562453,7958,11,1000,7947,1,-1,-1,-1,-1,-1,-1,-1,-1,6732,1,0,1,215776,867,
3442,www.kaola.com,0,1,197180,5.294862862277967,9574,3328,1000,6246,1,-1,-1,-1,-1,-1,-1,-1,-1,8449,1,1,0,-1,-1,
3443,www.karenmillen.com,0,1,60883,4.784496044080281,9345,3860,1000,5485,1,40,6048,335,15,0,0,364,1,10641,1,1,1,16509,9513,US
3444,www.kaseya.com,0,1,25182,4.401090219595134,9404,3396,1000,6008,1,33,2631,268,7,0,0,90,1,9662,1,1,1,209242,2625,
3445,www.kaufda.de,0,1,13727,4.137575633682041,6462,4085,1000,2377,1,0,-1,-1,0,-1,-1,-1,-1,-1,-1,-1,1,16509,9513,US
3446,www.kdocs.cn,0,1,5982,3.7768464086952993,2463,1,1000,2461,1,-1,-1,-1,-1,-1,-1,-1,-1,-1,-1,-1,1,21859,4797,US
3447,www.keaitupian.cn,0,1,531513,5.725513891172053,6164,25,1000,6138,1,78,1855,38,14,0,0,89,1,-1,-1,-1,1,38365,-1,CN
3448,www.kean.edu,0,1,109563,5.039663915381925,10739,4976,1000,5763,1,-1,-1,-1,-1,-1,-1,-1,-1,-1,-1,-1,1,3257,8643,
3449,www.keepersecurity.com,0,1,13377,4.126358727069269,5276,1983,1000,3292,0,-1,-1,-1,-1,-1,-1,-1,-1,6979,1,1,1,14618,7503,US
3450,www.kelloggs.com,0,1,48660,4.6871721045948,10785,5382,1000,5403,1,-1,-1,-1,-1,-1,-1,-1,-1,11234,1,1,1,16625,9487,US
3451,www.kfc.com,0,1,25266,4.402536491803909,10337,6334,1000,4003,1,-1,-1,-1,-1,-1,-1,-1,-1,10538,1,1,1,20940,8665,
3452,www.kijk.nl,0,1,58272,4.765459924114826,10183,3170,1000,7013,1,-1,-1,-1,-1,-1,-1,-1,-1,10617,1,1,1,16509,9513,US
3453,www.kikakuya.com,0,1,261749,5.417885031151982,10727,95,1000,10632,1,-1,-1,-1,-1,-1,-1,-1,-1,10992,1,1,1,16509,9513,US
3454,www.kingarthurbaking.com,0,1,22802,4.357972941336858,6922,1286,1000,5636,1,-1,-1,-1,-1,-1,-1,-1,-1,2609,1,1,1,54113,5343,US
3455,www.kingjamesbibleonline.org,0,1,32450,4.511214701136388,6745,1704,1000,5041,1,17,4005,20,4,0,0,396,1,7176,1,1,1,13335,5790,US
3456,www.kink.com,0,1,35413,4.549162719422824,9464,3776,1000,5687,1,9,4234,26,4,0,0,89,1,11696,1,1,1,13335,5790,US
3457,www.kitchenaid.com,0,1,24553,4.390104563825434,10029,4172,1000,5856,1,211,7122,163,15,0,0,365,8,10025,1,1,1,20940,8665,
3458,www.kiteworks.com,0,1,64777,4.811420830774879,9129,32,1000,9097,1,-1,-1,-1,-1,-1,-1,-1,-1,9071,1,1,1,30148,4115,US
3459,www.kk.dk,0,1,44980,4.653019451099613,10785,3788,1000,6997,1,-1,-1,-1,-1,-1,-1,-1,-1,-1,-1,-1,1,8075,10643,US
3460,www.kleinanzeigen.de,0,1,943,2.9745116927373285,9874,3726,1000,6148,1,-1,-1,-1,-1,-1,-1,-1,-1,-1,-1,-1,1,20940,8665,
3461,www.klove.com,0,1,70660,4.849173633098827,10744,7431,1000,3313,1,-1,-1,-1,-1,-1,-1,-1,-1,10123,1,1,1,8075,10643,US
3462,www.kmart.com.au,0,1,14070,4.1482940974347455,9670,6348,1000,3321,1,-1,-1,-1,-1,-1,-1,-1,-1,-1,-1,-1,1,20940,8665,
3463,www.knowbe4.com,0,1,4291,3.632558514532672,5610,1855,1000,3754,1,-1,-1,-1,-1,-1,-1,-1,-1,5749,1,1,1,209242,2625,
3464,www.kochava.com,0,1,2695,3.4305587695227575,5352,2421,1000,2931,1,1,5330,5330,1,0,0,365,1,5522,1,1,1,16509,9513,US
3465,www.kodansha.co.jp,0,1,24565,4.39031676847084,10785,4485,1000,6300,1,21,1288,92,4,0,0,394,1,-1,-1,-1,1,16509,9513,US
3466,www.kooapp.com,0,1,200782,5.302724775947722,3618,698,1000,2920,0,44,1914,71,8,0,0,89,1,2396,1,1,1,396982,2836,US
3467,www.koreaidc.com,0,1,37450,4.573451822035485,7248,120,1000,7127,1,16,4927,989,6,0,0,396,1,7697,1,1,1,4766,-1,KR
3468,www.kovrov.net,0,1,36663,4.5642279988187555,9221,76,1000,9145,1,-1,-1,-1,-1,-1,-1,-1,-1,9302,1,1,1,44988,6610,
3469,www.kseebsolutions.com,0,1,251362,5.400299623239772,2612,65,1000,2546,0,-1,-1,-1,-1,-1,-1,-1,-1,2614,1,1,1,13335,5790,US
3470,www.kupujemprodajem.com,0,1,8028,3.904607363815448,9069,3141,1000,5928,1,4,5137,3009,4,0,0,1095,1,6921,1,1,1,51859,5663,
3471,www.kurir.rs,0,1,6654,3.8230827965328036,6365,3302,1000,3063,1,74,3562,616,5,0,0,90,1,-1,-1,-1,1,60068,4368,
3472,www.kurnik.pl,0,1,9591,3.98186389099135,9069,5727,1000,3341,1,-1,-1,-1,-1,-1,-1,-1,-1,9291,1,1,1,16276,20594,
3473,www.kvchosting.net,0,0,-1,-1.0,5625,64,1000,5560,0,-1,-1,-1,-1,-1,-1,-1,-1,6230,1,1,1,13335,5790,US
3474,www.kvk.nl,0,1,26574,4.424456930668402,10901,5662,1000,5238,1,34,5372,36,7,0,0,365,1,11061,1,1,1,15879,8638,
3475,www.kwaixiaodian.com,0,1,32144,4.507099919404174,2210,2,1000,2207,0,0,-1,-1,0,-1,-1,-1,-1,2399,1,1,1,23724,-1,CN
3476,www.la-croix.com,0,1,15097,4.178890655048907,8756,4499,1000,4257,0,35,3177,250,7,0,0,393,1,9533,1,1,1,16509,9513,US
3477,www.la-z-boy.com,0,1,40168,4.603880208366291,10732,4725,1000,6007,1,-1,-1,-1,-1,-1,-1,-1,-1,11104,1,1,1,54113,5343,US
3478,www.labiennale.org,0,1,16988,4.230142252318642,9574,4718,1000,4855,1,-1,-1,-1,-1,-1,-1,-1,-1,9929,1,1,1,8220,8665,
3479,www.lacucinaitaliana.it,0,1,38117,4.581118712146873,9506,2453,1000,7053,1,-1,-1,-1,-1,-1,-1,-1,-1,-1,-1,-1,1,16509,9513,US
3480,www.ladies.de,0,1,1600,3.204119982655925,-1,-1,-1,-1,-1,-1,-1,-1,-1,-1,-1,-1,-1,-1,-1,-1,1,13335,5790,US
3481,www.laestrella.com.pa,0,1,84355,4.926110829759205,6440,2500,1000,3939,1,-1,-1,-1,-1,-1,-1,-1,-1,-1,-1,-1,1,31898,5540,US
3482,www.lafeltrinelli.it,0,1,13992,4.14587979647062,9076,4039,1000,5036,1,61,6726,43,11,0,0,228,1,-1,-1,-1,1,20940,8665,
3483,www.lahitapiola.fi,0,1,78937,4.897280617015116,5087,17,1000,5069,1,16,4447,279,4,0,0,730,1,5138,1,0,1,8075,10643,US
3484,www.landrover.com,0,1,31260,4.494988973683168,10439,4268,1000,6170,1,87,6968,281,9,0,0,396,4,11383,1,1,1,16625,9487,US
3485,www.lanebryant.com,0,1,16963,4.229502662085074,10331,4558,1000,5772,1,71,6109,64,13,0,0,365,2,11441,1,1,1,13335,5790,US
3486,www.laopiniondemalaga.es,0,1,66033,4.819761028514099,8112,4677,1000,3435,1,28,2959,27,6,0,0,89,1,-1,-1,-1,1,54113,5343,US
3487,www.laphamsquarterly.org,0,1,104873,5.020663691622254,7078,3121,1000,3956,1,120,3234,79,7,1,0,90,1,7387,1,1,1,13335,5790,US
3488,www.laprovincia.es,0,1,44878,4.6520334942303245,7477,4676,1000,2800,1,2,2981,2981,1,0,0,451,1,-1,-1,-1,1,54113,5343,US
3489,www.larazon.es,0,1,5327,3.7264826967848297,9671,5864,1000,3807,1,72,2375,486,3,0,0,89,1,-1,-1,-1,1,54113,5343,US
3490,www.larioja.com,0,1,45343,4.65651025069001,10224,5300,1000,4923,1,22,3803,682,2,0,0,365,1,10580,1,1,1,54113,5343,US
3491,www.laroche-posay.us,0,1,48064,4.681819910988056,8600,1898,1000,6702,1,96,6686,36,19,0,0,89,1,-1,-1,-1,1,13335,5790,US
3492,www.latamairlines.com,0,1,4728,3.674677467873199,5851,1002,1000,4848,0,139,2283,22,6,0,0,252,1,5956,1,1,1,16625,9487,US
3493,www.latribune.fr,0,1,13503,4.1304302676581415,10223,7768,1000,2455,1,47,1311,62,3,1,0,90,1,10395,1,1,1,13335,5790,US
3494,www.law360.com,0,1,14509,4.161637480704591,8515,4835,1000,3680,1,26,5671,267,5,0,0,395,1,8545,1,1,1,14618,7503,US
3495,www.lawfaremedia.org,0,1,25267,4.402553680353251,1053,568,1000,484,1,7,1218,135,2,0,0,389,1,1433,1,1,1,13335,5790,US
3496,www.lawsociety.org.uk,0,1,28896,4.460837728633412,10785,3722,1000,7062,1,58,7328,36,12,0,0,89,1,11170,1,1,1,8075,10643,US
3497,www.lawtime.cn,0,1,50518,4.703446148570601,7622,3796,1000,3825,0,12,2926,2914,1,1,0,90,1,-1,-1,-1,1,-1,-1,
3498,www.lbl.gov,0,1,6059,3.7824009524965296,10731,6594,1000,4137,1,120,6211,65,15,0,1,90,2,10458,1,1,1,13335,5790,US
3499,www.lcn.com,0,1,23439,4.369939079029239,8031,1518,1000,6513,0,29,6642,318,12,0,0,394,1,11058,1,1,1,8622,8701,
3500,www.lcpdfr.com,0,1,42995,4.633417953284989,5732,2318,1000,3414,0,58,5371,2366,5,0,0,90,1,5823,1,1,1,203253,168,
3501,www.leadsquared.com,0,1,7549,3.877889425371484,6052,37,1000,6015,1,135,3278,63,13,0,1,89,2,5617,1,1,1,13335,5790,US
3502,www.leagle.com,0,1,55972,4.747970825460336,8939,3215,1000,5724,1,56,3851,1108,3,0,0,90,1,10724,1,1,1,13335,5790,US
3503,www.learnworlds.com,0,1,18364,4.263967284093983,4570,758,1000,3811,1,-1,-1,-1,-1,-1,-1,-1,-1,4664,1,1,1,13335,5790,US
3504,www.leboncoin.fr,0,1,1132,3.0538464268522527,7307,4281,1000,3026,1,0,-1,-1,0,-1,-1,-1,-1,7065,1,1,1,16509,9513,US
3505,www.lecker.de,0,1,40322,4.605542065288216,9445,3065,1000,6379,1,-1,-1,-1,-1,-1,-1,-1,-1,-1,-1,-1,1,16509,9513,US
3506,www.leclercdrive.fr,0,1,33061,4.519315985590957,6747,3066,1000,3681,1,-1,-1,-1,-1,-1,-1,-1,-1,6954,1,1,1,3257,8643,
3507,www.leercapitulo.com,0,0,-1,-1.0,1578,287,1000,1291,1,-1,-1,-1,-1,-1,-1,-1,-1,1671,1,1,1,13335,5790,US
3508,www.leggo.it,0,1,8224,3.9150831016512004,10608,4495,1000,6112,1,-1,-1,-1,-1,-1,-1,-1,-1,-1,-1,-1,1,396982,2836,US
3509,www.legion.org,0,1,33418,4.523980454684993,10784,7431,1000,3353,1,-1,-1,-1,-1,-1,-1,-1,-1,11306,1,1,1,8075,10643,US
3510,www.lendingclub.com,0,1,26339,4.42059928229144,8641,4155,1000,4485,1,-1,-1,-1,-1,-1,-1,-1,-1,8757,1,1,1,16625,9487,US
3511,www.lenovo.com,0,1,818,2.912753303671323,8421,5411,1000,3010,1,-1,-1,-1,-1,-1,-1,-1,-1,8658,1,1,1,16625,9487,US
3512,www.lesswrong.com,0,1,28685,4.45765485421846,8416,3787,1000,4628,1,-1,-1,-1,-1,-1,-1,-1,-1,6370,1,1,1,16509,9513,US
3513,www.letras.com,0,1,7246,3.860098329698518,10028,4834,1000,5193,1,-1,-1,-1,-1,-1,-1,-1,-1,10829,1,1,1,20940,8665,
3514,www.letras.mus.br,0,0,-1,-1.0,8149,4076,1000,4073,1,-1,-1,-1,-1,-1,-1,-1,-1,-1,-1,0,1,20940,8665,
3515,www.levante-emv.com,0,1,28074,4.448304295575824,9402,4677,1000,4724,1,-1,-1,-1,-1,-1,-1,-1,-1,10293,1,1,1,54113,5343,US
3516,www.lewrockwell.com,0,1,31065,4.492271357949134,9670,7683,1000,1986,1,-1,-1,-1,-1,-1,-1,-1,-1,9975,1,1,1,209242,2625,
3517,www.lex.pl,0,1,32762,4.515370405983716,10328,3187,1000,7140,1,-1,-1,-1,-1,-1,-1,-1,-1,10701,1,1,1,16276,20594,
3518,www.lexology.com,0,1,11078,4.044461360810665,10031,1424,1000,8606,1,-1,-1,-1,-1,-1,-1,-1,-1,10500,1,1,1,13335,5790,US
3519,www.lexpress.fr,0,1,7091,3.8507074853745373,9977,7409,1000,2568,1,40,1262,65,5,1,0,89,1,10143,1,1,1,20940,8665,
3520,www.lhsystems.com,0,1,88858,4.9486965339921944,10784,4228,1000,6556,1,43,5239,204,9,0,0,366,1,10972,1,1,1,8075,10643,US
3521,www.li.ru,0,1,47864,4.68000898983399,8822,4527,1000,4295,1,0,-1,-1,0,-1,-1,-1,-1,-1,-1,-1,1,39134,7460,
3522,www.libero.it,0,1,3036,3.4823017672234426,-1,-1,-1,-1,-1,10,1308,624,1,0,0,90,1,-1,-1,-1,1,16509,9513,US
3523,www.libertyfund.org,0,1,40537,4.607851604947631,10743,2211,1000,8531,1,-1,-1,-1,-1,-1,-1,-1,-1,10960,1,1,1,209242,2625,
3524,www.libramemoria.com,0,1,9210,3.964259630196849,5920,2092,1000,3827,0,-1,-1,-1,-1,-1,-1,-1,-1,6068,1,1,1,8255,8640,
3525,www.libraryjournal.com,0,1,43569,4.639177592080214,9883,5756,1000,4126,0,-1,-1,-1,-1,-1,-1,-1,-1,11007,1,1,1,14618,7503,US
3526,www.lidl.co.uk,0,1,44388,4.647265577363019,8701,2643,1000,6057,0,-1,-1,-1,-1,-1,-1,-1,-1,10584,1,1,1,20546,4978,
3527,www.lidl.de,0,1,6568,3.8174331441113845,10327,4963,1000,5363,1,15,5587,1746,6,0,0,731,1,-1,-1,-1,1,20546,4978,
3528,www.lidl.it,0,1,9478,3.9767167043633824,9726,2750,1000,6976,1,38,3340,271,4,0,0,366,1,-1,-1,-1,1,20546,4978,
3529,www.lidl.nl,0,1,48316,4.684090972594975,9346,2248,1000,7098,1,-1,-1,-1,-1,-1,-1,-1,-1,10145,1,1,1,20546,4978,
3530,www.lifeandstylemag.com,0,1,62380,4.795045370421125,7876,3910,1000,3965,1,275,3411,45,8,0,0,153,1,7974,1,1,1,2635,4980,US
3531,www.lifeextension.com,0,1,49032,4.690479608344053,10733,2543,1000,8190,1,-1,-1,-1,-1,-1,-1,-1,-1,9947,1,1,1,20940,8665,
3532,www.lifen.fr,0,1,30830,4.488973524726508,3695,66,1000,3628,1,-1,-1,-1,-1,-1,-1,-1,-1,3835,1,1,1,209242,2625,
3533,www.lifx.com,0,1,72378,4.859606578206217,9405,2438,1000,6967,1,-1,-1,-1,-1,-1,-1,-1,-1,9593,1,1,1,13335,5790,US
3534,www.lightnovelpub.com,0,0,-1,-1.0,1906,1425,1000,480,1,-1,-1,-1,-1,-1,-1,-1,-1,2050,1,1,1,13335,5790,US
3535,www.lightspeedhq.com,0,1,23905,4.378488748031808,5851,1945,1000,3905,0,-1,-1,-1,-1,-1,-1,-1,-1,3953,1,1,1,13335,5790,US
3536,www.limburger.nl,0,1,38627,4.5868909795908674,10218,3582,1000,6636,1,-1,-1,-1,-1,-1,-1,-1,-1,10781,1,1,1,13335,5790,US
3537,www.linc.cx,0,0,-1,-1.0,1515,52,1000,1463,0,-1,-1,-1,-1,-1,-1,-1,-1,1552,1,1,1,14618,7503,US
3538,www.lincoln.com,0,1,36627,4.5638013484542865,9986,6508,1000,3477,1,-1,-1,-1,-1,-1,-1,-1,-1,10449,1,1,1,16625,9487,US
3539,www.lineadiretta24.it,0,0,-1,-1.0,4231,163,1000,4067,1,-1,-1,-1,-1,-1,-1,-1,-1,-1,-1,-1,1,16276,20594,
3540,www.linkedin.com,0,1,17,1.2304489213782739,8494,6348,1000,2146,0,4193,6893,1898,9,0,0,184,54,8600,1,1,1,13335,5790,US
3541,www.linkfire.com,0,1,25152,4.400572524359314,9206,2493,1000,6713,1,-1,-1,-1,-1,-1,-1,-1,-1,9763,1,1,1,13335,5790,US
3542,www.linkiesta.it,0,1,40499,4.607444299761739,5645,3371,1000,2273,1,24,2885,2270,1,1,0,90,1,-1,-1,-1,1,13335,5790,US
3543,www.linksys.com,0,1,9430,3.9745116927373285,10680,7408,1000,3272,1,54,7480,40,12,0,0,90,1,11200,1,1,1,13335,5790,US
3544,www.listesdemots.net,0,1,22133,4.345040284019556,3350,23,1000,3326,0,19,3555,106,4,0,0,394,1,3555,1,1,1,13335,5790,US
3545,www.literatureandlatte.com,0,1,43373,4.637219462231448,7250,2342,1000,4907,1,-1,-1,-1,-1,-1,-1,-1,-1,7293,1,1,1,14061,4986,US
3546,www.liveagent.com,0,1,78143,4.892890080275453,10553,1163,1000,9390,1,114,2022,108,7,0,0,89,2,10853,1,1,1,16509,9513,US
3547,www.liveatc.net,0,1,41263,4.6155607998873,8238,3086,1000,5151,1,-1,-1,-1,-1,-1,-1,-1,-1,8257,1,1,1,13335,5790,US
3548,www.livecareer.com,0,1,33825,4.529237805269661,9178,4168,1000,5009,1,343,7511,675,12,0,0,335,2,8001,1,1,1,20940,8665,
3549,www.livejasmin.com,0,1,10350,4.014940349792936,8819,6316,1000,2503,1,-1,-1,-1,-1,-1,-1,-1,-1,8956,1,1,1,34655,4426,
3551,www.liveme.com,0,1,38772,4.588518204065269,8624,1599,1000,7025,0,-1,-1,-1,-1,-1,-1,-1,-1,10069,1,1,1,139057,-1,SG
3552,www.liveperson.com,0,1,29953,4.47644032649819,9977,7428,1000,2549,1,-1,-1,-1,-1,-1,-1,-1,-1,10132,1,1,1,16509,9513,US
3553,www.liwest.at,0,1,43216,4.635644566843376,10028,4055,1000,5973,1,-1,-1,-1,-1,-1,-1,-1,-1,-1,-1,-1,1,12605,8689,
3554,www.loading.es,0,1,121565,5.084808554420017,8137,735,1000,7401,1,-1,-1,-1,-1,-1,-1,-1,-1,-1,-1,-1,1,198066,5355,
3555,www.localharvest.org,0,1,40902,4.6117445443821,9410,5619,1000,3790,1,3,6145,4215,2,0,0,1096,1,9929,1,1,1,63949,-1,SG
3556,www.localiza.com,0,1,31514,4.498503530678758,10030,4,1000,10026,1,-1,-1,-1,-1,-1,-1,-1,-1,10560,1,1,1,20940,8665,
3557,www.locanto.com.ar,0,1,22824,4.35839175864902,6482,1748,1000,4734,1,-1,-1,-1,-1,-1,-1,-1,-1,4502,1,1,1,13335,5790,US
3558,www.loewe.com,0,1,27602,4.440940551539664,10740,3513,1000,7227,1,-1,-1,-1,-1,-1,-1,-1,-1,11032,1,1,1,20940,8665,
3559,www.logan.ai,0,1,38343,4.583686089566426,2135,4,1000,2131,0,-1,-1,-1,-1,-1,-1,-1,-1,3078,1,1,1,21499,8903,
3560,www.loggly.com,0,1,5906,3.7712934426290596,6058,2098,1000,3959,1,-1,-1,-1,-1,-1,-1,-1,-1,6204,1,1,1,20940,8665,
3561,www.logitech.com,0,1,2087,3.3195224490654542,10806,7571,1000,3234,1,-1,-1,-1,-1,-1,-1,-1,-1,13163,1,1,1,16509,9513,US
3562,www.lohud.com,0,1,26660,4.4258601450778405,7439,4991,1000,2447,0,-1,-1,-1,-1,-1,-1,-1,-1,7632,1,1,1,54113,5343,US
3563,www.lombokinsider.com,0,1,592536,5.772714741393353,3675,197,1000,3478,1,-1,-1,-1,-1,-1,-1,-1,-1,3696,1,1,1,13335,5790,US
3564,www.lookfantastic.com,0,1,17939,4.2537982298682495,10022,3783,1000,6238,1,-1,-1,-1,-1,-1,-1,-1,-1,10340,1,1,1,54113,5343,US
3565,www.loopnet.com,0,1,9549,3.9799578933406656,10784,7445,1000,3339,1,-1,-1,-1,-1,-1,-1,-1,-1,11254,1,1,1,16625,9487,US
3566,www.looti.net,0,1,147503,5.168800853332462,6002,1208,1000,4793,1,-1,-1,-1,-1,-1,-1,-1,-1,6035,1,1,1,16276,20594,
3567,www.lottopcso.com,0,1,9643,3.984212166761434,5437,34,1000,5403,1,-1,-1,-1,-1,-1,-1,-1,-1,2686,1,1,1,13335,5790,US
3568,www.lotuscars.com,0,1,58782,4.769244358432531,10784,6379,1000,4404,1,-1,-1,-1,-1,-1,-1,-1,-1,11172,1,1,1,16509,9513,US
3569,www.louis.de,0,1,38192,4.5819724016626795,10323,4299,1000,6024,1,92,7141,144,12,0,0,368,1,-1,-1,-1,1,16625,9487,US
3570,www.louisvuitton.com,0,1,5663,3.753046561626529,10323,5375,1000,4948,1,86,3115,48,4,0,0,273,3,10684,1,1,1,16625,9487,US
3571,www.lovepanky.com,0,1,135138,5.130777487214447,5846,2171,1000,3675,1,66,3277,44,3,0,0,90,1,5863,1,1,1,13335,5790,US
3572,www.lr-online.de,0,1,84504,4.926877266781791,10206,3157,1000,7048,1,20,5732,198,9,0,0,386,1,-1,-1,-1,1,16509,9513,US
3573,www.lrt.lt,0,1,14348,4.156791368003929,8884,3143,1000,5740,1,-1,-1,-1,-1,-1,-1,-1,-1,-1,-1,-1,1,396982,2836,US
3574,www.lsbu.ac.uk,0,1,55662,4.7455588069811165,8317,4330,1000,3987,0,-1,-1,-1,-1,-1,-1,-1,-1,-1,-1,-1,1,55532,-1,AU
3575,www.lta.gov.sg,0,1,37186,4.570379464958702,10545,2059,1000,8486,1,-1,-1,-1,-1,-1,-1,-1,-1,11007,1,1,1,16625,9487,US
3576,www.ltn.com.tw,0,1,5589,3.747334109615905,4979,4224,1000,754,0,-1,-1,-1,-1,-1,-1,-1,-1,5131,1,1,1,16509,9513,US
3577,www.ltu.se,0,1,35339,4.548254255962298,9213,2445,1000,6767,0,-1,-1,-1,-1,-1,-1,-1,-1,-1,-1,-1,1,41174,4137,
3578,www.luc.edu,0,1,13722,4.137417414990392,10745,7713,1000,3032,1,-1,-1,-1,-1,-1,-1,-1,-1,-1,-1,-1,1,16509,9513,US
3579,www.lufthansa.com,0,1,4733,3.6751365044679942,10784,6229,1000,4555,1,-1,-1,-1,-1,-1,-1,-1,-1,11089,1,1,1,13335,5790,US
3580,www.luluhypermarket.com,0,1,41817,4.62135287281021,9210,1235,1000,7974,1,50,2737,64,10,0,0,90,1,9599,1,1,1,13335,5790,US
3581,www.luno.com,0,1,44032,4.643768412219399,9217,810,1000,8406,1,-1,-1,-1,-1,-1,-1,-1,-1,9247,1,1,1,13335,5790,US
3582,www.lutron.com,0,1,33069,4.519421062133288,10721,6156,1000,4565,1,-1,-1,-1,-1,-1,-1,-1,-1,11059,1,1,1,19551,5608,US
3583,www.lvz.de,0,1,30022,4.4774396206198235,9875,3560,1000,6314,1,85,4092,41,10,0,0,89,1,-1,-1,-1,1,20940,8665,
3584,www.lybrate.com,0,1,37279,4.571464253995603,4735,610,1000,4125,1,3,4561,4200,1,0,0,364,1,4891,1,1,1,16509,9513,US
3585,www.lyst.com,0,1,16865,4.22698634552522,8186,3390,1000,4795,1,-1,-1,-1,-1,-1,-1,-1,-1,8910,1,1,1,13335,5790,US
3586,www.lytics.com,0,0,-1,-1.0,8911,16,1000,8894,0,74,2006,52,8,0,0,89,1,9450,1,1,1,13335,5790,US
3587,www.maastrichtuniversity.nl,0,1,18379,4.264321877763006,6610,2735,1000,3874,0,27,4033,287,5,0,0,365,2,6959,1,1,1,1103,8640,
3588,www.macports.org,0,1,27616,4.441160774035116,7200,3268,1000,3932,1,-1,-1,-1,-1,-1,-1,-1,-1,7347,1,1,1,24940,8753,
3589,www.macrium.com,0,1,19653,4.293428854151602,7065,852,1000,6213,1,-1,-1,-1,-1,-1,-1,-1,-1,7604,1,1,1,13335,5790,US
3590,www.macworld.com,0,1,7430,3.870988813760575,10696,7447,1000,3248,1,-1,-1,-1,-1,-1,-1,-1,-1,10405,1,1,1,2635,4980,US
3591,www.made-in-china.com,0,1,2800,3.4471580313422194,10031,7408,1000,2622,1,28,2954,142,6,0,0,365,1,10309,1,1,1,13335,5790,US
3592,www.madrid.es,0,1,20851,4.319126888281839,7754,2102,1000,5651,1,162,2884,1043,2,1,0,89,1,-1,-1,-1,1,20940,8665,
3593,www.mafra.cz,0,1,45955,4.662332770439755,10028,2139,1000,7888,1,4,2751,2276,2,0,0,492,1,10399,1,1,1,38952,7489,
3594,www.magicleap.com,0,1,71808,4.85617283090403,5849,2686,1000,3163,1,-1,-1,-1,-1,-1,-1,-1,-1,6719,1,1,1,209242,2625,
3595,www.magix.com,0,1,36493,4.56220956711611,10742,5526,1000,5215,1,-1,-1,-1,-1,-1,-1,-1,-1,10436,1,1,1,3257,8643,
3596,www.mailercheck.com,0,0,-1,-1.0,2842,28,1000,2813,1,-1,-1,-1,-1,-1,-1,-1,-1,4228,1,1,1,13335,5790,US
3597,www.mailerlite.com,0,1,4013,3.6034691597338386,5811,4080,1000,1730,0,-1,-1,-1,-1,-1,-1,-1,-1,5885,1,1,1,13335,5790,US
3599,www.majordomo.ru,0,1,8660,3.937517892017347,9335,4566,1000,4768,1,-1,-1,-1,-1,-1,-1,-1,-1,-1,-1,-1,1,43362,6880,
3600,www.man.eu,0,1,30826,4.488917174073529,7141,1041,1000,6099,0,19,1541,63,6,0,0,89,1,-1,-1,-1,1,54113,5343,US
3601,www.manchestereveningnews.co.uk,0,1,6594,3.8191489428071344,9977,4639,1000,5338,1,-1,-1,-1,-1,-1,-1,-1,-1,10745,1,1,1,16509,9513,US
3602,www.manga-news.com,0,1,90229,4.9553461441471285,8396,6556,1000,1839,1,-1,-1,-1,-1,-1,-1,-1,-1,8406,1,1,1,13335,5790,US
3603,www.manhuathai.com,0,1,605975,5.78245470735769,1615,83,1000,1532,0,2,123,123,1,0,0,89,1,1950,1,1,1,13335,5790,US
3604,www.manitu.de,0,1,99955,4.999804523497631,-1,-1,0,-1,-1,-1,-1,-1,-1,-1,-1,-1,-1,-1,-1,-1,1,34240,7846,
3605,www.manomano.co.uk,0,1,30019,4.477396220828122,4387,1612,1000,2774,1,-1,-1,-1,-1,-1,-1,-1,-1,4041,1,1,1,13335,5790,US
3606,www.manomano.fr,0,1,11724,4.069075809766398,3901,1898,1000,2003,0,-1,-1,-1,-1,-1,-1,-1,-1,4041,1,1,1,13335,5790,US
3607,www.manomano.it,0,1,19044,4.279758172802473,4780,1668,1000,3111,0,74,3354,81,5,0,0,90,2,-1,-1,-1,1,13335,5790,US
3608,www.manoramaonline.com,0,1,7308,3.8637985386805003,8728,6410,1000,2317,1,-1,-1,-1,-1,-1,-1,-1,-1,9067,1,1,1,16625,9487,US
3609,www.mappls.com,0,1,31317,4.49578015230518,9614,4,1000,9609,1,4,576,230,1,0,0,385,1,9414,1,1,1,16509,9513,US
3610,www.mapyourshow.com,0,1,23853,4.3775430081774,7249,2217,1000,5032,1,45,3474,81,4,0,0,90,1,7422,1,1,1,209242,2625,
3611,www.marca.com,0,1,1042,3.0178677189635055,10027,7351,1000,2676,1,110,3250,671,6,0,0,326,2,10662,1,1,1,54113,5343,US
3612,www.marcaria.com,0,1,343892,5.536422072895967,8763,4142,1000,4620,1,-1,-1,-1,-1,-1,-1,-1,-1,9188,1,1,1,13335,5790,US
3613,www.marcos.com,0,1,48066,4.681837982120146,10028,3585,1000,6442,1,-1,-1,-1,-1,-1,-1,-1,-1,11314,1,1,1,8075,10643,US
3614,www.mariacasino.com,0,1,163834,5.214404034665575,7011,2003,1000,5008,1,-1,-1,-1,-1,-1,-1,-1,-1,7402,1,1,1,47171,6586,
3615,www.marijuanamoment.net,0,1,36566,4.5630774549254065,3397,1962,1000,1434,0,-1,-1,-1,-1,-1,-1,-1,-1,3402,1,1,1,13335,5790,US
3616,www.markandgraham.com,0,1,98640,4.994053063587676,4959,3239,1000,1720,1,-1,-1,-1,-1,-1,-1,-1,-1,5426,1,1,1,16625,9487,US
3617,www.marketbeat.com,0,1,17663,4.247064468935451,5660,3085,1000,2574,1,74,4030,387,6,0,0,90,1,10496,1,1,1,13335,5790,US
3618,www.marketingprofs.com,0,1,26547,4.424015449821989,9506,7430,1000,2076,1,101,7227,79,10,0,0,89,1,9661,1,1,1,19324,5700,US
3619,www.marketleader.com,0,1,47075,4.672790328688702,10374,1143,1000,9231,1,13,3655,1434,4,0,0,365,1,10677,1,1,1,13335,5790,US
3620,www.marktplaats.nl,0,1,1223,3.0874264570362855,9716,6768,1000,2948,1,41,4426,811,10,0,0,366,1,9863,1,1,1,16509,9513,US
3621,www.marriott.com,0,1,740,2.8692317197309762,10784,9384,1000,1399,1,-1,-1,-1,-1,-1,-1,-1,-1,12189,1,1,1,16625,9487,US
3622,www.marsh.com,0,1,26653,4.425746099295731,10374,2493,1000,7880,1,194,7056,57,8,0,0,321,25,10541,1,1,1,16509,9513,US
3623,www.marshall.edu,0,1,35854,4.554537614146668,10735,6608,1000,4127,1,64,2509,71,6,0,0,89,1,-1,-1,-1,1,54113,5343,US
3624,www.marshalls.com,0,1,31583,4.499453380313337,10028,2354,1000,7673,1,100,2799,210,13,0,0,365,1,10289,1,1,1,20940,8665,
3625,www.marshmclennan.com,0,1,167572,5.224201453068847,-1,-1,-1,-1,-1,54,1847,325,3,0,0,270,13,10873,1,1,1,16509,9513,US
3626,www.mastersportal.com,0,1,34746,4.540904815317018,6444,16,1000,6427,1,-1,-1,-1,-1,-1,-1,-1,-1,6036,1,1,1,13335,5790,US
3627,www.matalan.co.uk,0,1,17221,4.236058366738554,9671,3910,1000,5760,1,231,6926,42,10,0,0,89,1,11213,1,1,1,54113,5343,US
3628,www.matchendirect.fr,0,1,19777,4.296160413537258,6364,3513,1000,2850,1,96,2774,98,8,0,0,187,1,6375,1,1,1,20940,8665,
3629,www.mathnasium.com,0,1,43237,4.635855552796421,8510,3083,1000,5426,1,8,5076,2891,3,0,0,365,1,8820,1,1,1,13335,5790,US
3630,www.mathrubhumi.com,0,1,7192,3.8568496787251725,10193,6460,1000,3732,1,15,2877,614,3,0,0,386,1,10485,1,1,1,16509,9513,US
3631,www.maxlifeinsurance.com,0,1,257361,5.4105427353886215,5849,1339,1000,4509,1,23,5059,1447,5,0,0,370,1,7601,1,1,1,16509,9513,US
3632,www.maxthon.com,0,1,31335,4.49602969903599,7985,5831,1000,2153,1,85,1084,31,10,0,0,89,1,8054,1,1,1,13335,5790,US
3633,www.maybelline.com,0,1,62602,4.796588208211849,9667,4829,1000,4837,1,4,3620,3265,1,0,0,375,1,10075,1,1,1,13335,5790,US
3634,www.mayerbrown.com,0,1,24532,4.389732956015456,10784,4511,1000,6272,1,-1,-1,-1,-1,-1,-1,-1,-1,11316,1,1,1,13335,5790,US
3635,www.mayoclinic.org,0,1,816,2.9116901587538613,8937,6391,1000,2546,1,75,6380,304,7,0,0,365,2,10694,1,1,1,16625,9487,US
3636,www.mbank.pl,0,1,20746,4.316934373559534,9223,2976,1000,6247,0,-1,-1,-1,-1,-1,-1,-1,-1,9416,1,1,1,8075,10643,US
3637,www.mcgill.ca,0,1,3121,3.4942937686653326,10576,6806,1000,3770,1,-1,-1,-1,-1,-1,-1,-1,-1,9352,1,1,1,15318,7590,CA
3638,www.mcsweeneys.net,0,1,30853,4.489297399166685,9977,7482,1000,2495,1,-1,-1,-1,-1,-1,-1,-1,-1,10075,1,1,1,13335,5790,US
3639,www.mdcalc.com,0,1,34042,4.532015067377535,8433,576,1000,7856,1,-1,-1,-1,-1,-1,-1,-1,-1,7483,1,1,1,16509,9513,US
3640,www.mdzol.com,0,1,20389,4.309395925869756,6849,4334,1000,2515,1,-1,-1,-1,-1,-1,-1,-1,-1,6979,1,1,1,13335,5790,US
3641,www.medallia.com,0,1,1162,3.065206128054312,9070,2653,1000,6416,1,-1,-1,-1,-1,-1,-1,-1,-1,9457,1,1,1,209242,2625,
3642,www.media.io,0,1,32251,4.508543185258071,5656,1460,1000,4196,0,-1,-1,-1,-1,-1,-1,-1,-1,-1,-1,-1,1,20940,8665,
3643,www.media.net,0,1,304,2.482873583608754,10743,4029,1000,6714,1,0,-1,-1,0,-1,-1,-1,-1,10292,1,1,1,16625,9487,US
3644,www.medialead.de,0,1,666380,5.8237219541550616,4997,633,1000,4364,1,110,4990,29,7,0,0,89,1,-1,-1,-1,1,16276,20594,
3645,www.mediametrie.fr,0,1,193793,5.287338085840249,10352,3723,1000,6628,1,154,1861,61,8,1,0,89,1,10899,1,1,1,54113,5343,US
3646,www.mediarithmics.com,0,1,6486,3.811976944336954,5687,1687,1000,4000,1,80,1751,78,9,1,0,89,1,5885,1,1,1,16509,9513,US
3647,www.mediatek.com,0,1,464,2.6665179805548807,8940,3367,1000,5572,1,149,3417,52,15,0,0,90,3,9025,1,1,1,209242,2625,
3648,www.mediawiki.org,0,1,3284,3.516403148447403,8311,5082,1000,3228,0,0,-1,-1,0,-1,-1,-1,-1,8320,1,1,1,14907,7176,US
3649,www.medify.co.uk,0,0,-1,-1.0,5750,67,1000,5682,1,-1,-1,-1,-1,-1,-1,-1,-1,6063,1,1,1,13335,5790,US
3650,www.medonet.pl,0,1,42057,4.623838290463638,5990,1725,1000,4265,1,-1,-1,-1,-1,-1,-1,-1,-1,6195,1,1,1,16509,9513,US
3651,www.meetic.fr,0,1,45335,4.65643362006595,8760,6804,1000,1955,1,-1,-1,-1,-1,-1,-1,-1,-1,8918,1,1,1,13335,5790,US
3652,www.megalink.com,0,1,32841,4.516416372803973,10708,32,1000,10676,1,-1,-1,-1,-1,-1,-1,-1,-1,11275,1,1,1,22541,8987,BO
3653,www.megatube.xxx,0,1,18419,4.265266047887377,3272,4,1000,3268,1,-1,-1,-1,-1,-1,-1,-1,-1,3487,1,1,1,13335,5790,US
3654,www.memedroid.com,0,1,37927,4.5789484916621115,5192,2109,1000,3083,0,-1,-1,-1,-1,-1,-1,-1,-1,5194,1,1,1,13335,5790,US
3655,www.menards.com,0,1,5689,3.7550359337677714,9577,4466,1000,5110,1,31,7288,356,5,0,0,397,1,10610,1,1,1,19551,5608,US
3656,www.menshealth.com,0,1,3668,3.5644293269979834,10238,6521,1000,3717,1,-1,-1,-1,-1,-1,-1,-1,-1,11135,1,1,1,54113,5343,US
3657,www.mentalhealth.org.uk,0,1,15175,4.181128699747295,10581,4809,1000,5771,1,-1,-1,-1,-1,-1,-1,-1,-1,11269,1,1,1,13335,5790,US
3658,www.mentimeter.com,0,1,17789,4.250151535116612,5294,1434,1000,3859,1,-1,-1,-1,-1,-1,-1,-1,-1,5459,1,1,1,13335,5790,US
3659,www.mercadolibre.com.uy,0,1,13817,4.140413757591074,9506,5351,1000,4155,1,-1,-1,-1,-1,-1,-1,-1,-1,-1,-1,-1,1,16509,9513,US
3660,www.merckvetmanual.com,0,1,49617,4.695630501918594,8763,2886,1000,5876,1,-1,-1,-1,-1,-1,-1,-1,-1,9546,1,1,1,16509,9513,US
3661,www.mercurymarine.com,0,1,58942,4.770424868097336,10022,7130,1000,2891,0,75,4318,28,8,0,0,267,4,11242,1,1,1,13335,5790,US
3662,www.messenger.com,0,1,2348,3.370698092575577,10349,3951,1000,6398,1,0,-1,-1,0,-1,-1,-1,-1,10060,1,1,1,32934,7940,US
3663,www.metacritic.com,0,1,5970,3.775974331129369,9220,6719,1000,2500,1,-1,-1,-1,-1,-1,-1,-1,-1,9806,1,1,1,13335,5790,US
3664,www.metallica.com,0,1,26820,4.4284587735155805,10052,6135,1000,3916,0,-1,-1,-1,-1,-1,-1,-1,-1,10270,1,1,1,13335,5790,US
3665,www.metatft.com,0,1,25259,4.4024161529066195,2162,2,1000,2160,0,-1,-1,-1,-1,-1,-1,-1,-1,2256,1,1,1,13335,5790,US
3666,www.meteo.be,0,1,41816,4.621342487089694,10022,5645,1000,4376,1,-1,-1,-1,-1,-1,-1,-1,-1,-1,-1,-1,1,2611,8874,
3667,www.meteociel.fr,0,1,8273,3.917663024327375,7503,3095,1000,4407,1,-1,-1,-1,-1,-1,-1,-1,-1,6911,1,1,1,16276,20594,
3668,www.meteored.cl,0,1,9744,3.9887372752888,5873,878,1000,4994,1,-1,-1,-1,-1,-1,-1,-1,-1,-1,-1,-1,1,13335,5790,US
3669,www.metopera.org,0,1,32085,4.506302043627209,10744,3765,1000,6979,1,14,728,60,3,0,0,90,1,11139,1,1,1,13335,5790,US
3670,www.metro.net,0,1,36707,4.564748891813018,10783,5286,1000,5497,1,-1,-1,-1,-1,-1,-1,-1,-1,11783,1,1,1,16509,9513,US
3671,www.metroopinion.com,0,1,26980,4.431041945335886,3639,74,1000,3565,1,-1,-1,-1,-1,-1,-1,-1,-1,3829,1,1,1,16509,9513,US
3672,www.mfa.gr,0,1,38986,4.590908678454397,10783,5198,1000,5584,1,-1,-1,-1,-1,-1,-1,-1,-1,-1,-1,-1,1,20940,8665,
3673,www.mgid.com,0,1,2136,3.3296012483565187,8764,4243,1000,4520,1,-1,-1,-1,-1,-1,-1,-1,-1,8908,1,1,1,13335,5790,US
3674,www.mheducation.com,0,1,4604,3.663135314957754,9296,3887,1000,5409,1,-1,-1,-1,-1,-1,-1,-1,-1,9477,1,1,1,16509,9513,US
3675,www.michaelkors.com,0,1,12723,4.104589527179372,9135,4553,1000,4581,1,-1,-1,-1,-1,-1,-1,-1,-1,9936,1,1,1,16625,9487,US
3676,www.michigan.org,0,1,40495,4.607401403302025,10718,5365,1000,5353,1,-1,-1,-1,-1,-1,-1,-1,-1,10538,1,1,1,13335,5790,US
3677,www.michiganmedicine.org,0,1,59767,4.776461457002425,3356,718,1000,2637,0,-1,-1,-1,-1,-1,-1,-1,-1,6187,1,1,1,13335,5790,US
3678,www.microsoft.com,0,1,6,0.7781512503836436,10805,9285,1000,1519,1,-1,-1,-1,-1,-1,-1,-1,-1,12803,1,1,1,16625,9487,US
3680,www.migros.com.tr,0,1,41960,4.6228354795215205,10028,3878,1000,6149,1,-1,-1,-1,-1,-1,-1,-1,-1,-1,-1,-1,1,13335,5790,US
3681,www.milenio.com,0,1,15738,4.196949540973997,9464,5864,1000,3599,1,-1,-1,-1,-1,-1,-1,-1,-1,9571,1,1,1,16509,9513,US
3682,www.milestoneinternet.com,0,1,63273,4.801218426407276,8238,3512,1000,4726,1,-1,-1,-1,-1,-1,-1,-1,-1,8353,1,1,1,13335,5790,US
3683,www.milffox.com,0,1,14824,4.170965406310841,7221,2441,1000,4779,1,-1,-1,-1,-1,-1,-1,-1,-1,7232,1,1,1,13335,5790,US
3684,www.mindmeister.com,0,1,14142,4.150510832907967,7040,5033,1000,2007,1,-1,-1,-1,-1,-1,-1,-1,-1,7108,1,1,1,13335,5790,US
3685,www.mindworks-creative.com,0,1,21480,4.332034277027518,5587,297,1000,5290,1,0,-1,-1,0,-1,-1,-1,-1,2852,1,1,1,16509,9513,US
3686,www.mini.de,0,1,17033,4.231291146418349,10022,196,1000,9825,1,152,3697,21,8,0,0,90,1,-1,-1,-1,1,20940,8665,
3687,www.mini1.cn,0,1,140827,5.148685927724154,3783,25,1000,3757,1,3,3239,2933,1,1,0,90,1,-1,-1,-1,1,139341,-1,SG
3688,www.mirage.ru,0,1,55430,4.743744878592461,9070,1306,1000,7764,0,-1,-1,-1,-1,-1,-1,-1,-1,-1,-1,-1,1,35000,7674,
3689,www.mirapolis.ru,0,1,50162,4.700374843844348,7104,68,1000,7035,1,-1,-1,-1,-1,-1,-1,-1,-1,-1,-1,-1,1,56694,3813,
3690,www.mirkvartir.ru,0,1,97843,4.99052976029429,9133,2321,1000,6812,0,0,-1,-1,0,-1,-1,-1,-1,-1,-1,-1,1,8342,8653,
3691,www.missionlane.com,0,1,73396,4.865672391996944,8092,113,1000,7979,1,98,2688,112,7,0,0,89,1,5878,1,1,1,13335,5790,US
3692,www.missouribotanicalgarden.org,0,1,42398,4.627345370520798,8186,2208,1000,5978,0,-1,-1,-1,-1,-1,-1,-1,-1,8807,1,1,1,395906,3404,US
3693,www.mixputaria.com,0,1,72923,4.8628645269144455,6225,16,1000,6209,1,-1,-1,-1,-1,-1,-1,-1,-1,2126,1,1,1,13335,5790,US
3694,www.miyoushe.com,0,1,96619,4.985062538255765,3777,46,1000,3731,1,-1,-1,-1,-1,-1,-1,-1,-1,3732,1,1,1,4811,-1,CN
3695,www.mlbshop.com,0,1,44463,4.647998761995242,8761,3261,1000,5499,1,-1,-1,-1,-1,-1,-1,-1,-1,8387,1,1,1,16625,9487,US
3696,www.mlssoccer.com,0,1,21167,4.325659309801641,9874,4696,1000,5177,1,100,2353,86,7,0,0,89,1,9131,1,1,1,20940,8665,
3697,www.mmafighting.com,0,1,28129,4.449154293053878,9153,5429,1000,3724,1,14,3285,1119,1,0,0,396,1,9172,1,1,1,54113,5343,US
3698,www.mnhn.fr,0,1,21608,4.334614571179395,10552,6189,1000,4362,1,21,5070,198,6,0,0,90,1,11463,1,1,1,13335,5790,US
3699,www.mnsu.edu,0,1,31441,4.497496350585415,9345,4443,1000,4902,1,70,6903,94,5,0,0,365,1,-1,-1,-1,1,13335,5790,US
3700,www.mobilityware.com,0,1,4415,3.6449307079135873,8754,1170,1000,7583,1,-1,-1,-1,-1,-1,-1,-1,-1,8233,1,1,1,43515,6854,
3701,www.mobisystems.com,0,1,27832,4.444544415739532,8454,2391,1000,6062,0,-1,-1,-1,-1,-1,-1,-1,-1,8459,1,1,1,13335,5790,US
3702,www.modapkdown.com,0,0,-1,-1.0,3431,765,1000,2666,0,-1,-1,-1,-1,-1,-1,-1,-1,3468,1,1,0,-1,-1,
3703,www.moloco.com,0,1,798,2.9020028913507296,9029,59,1000,8970,1,-1,-1,-1,-1,-1,-1,-1,-1,9666,1,1,1,13335,5790,US
3704,www.monespacesante.fr,0,1,42268,4.62601169875135,6795,9,1000,6785,1,38,1795,48,10,0,0,89,1,6902,1,1,1,21000,8721,
3705,www.moneytimes.com.br,0,1,42708,4.630509234051471,3429,1477,1000,1952,1,8,3474,2561,2,0,0,90,1,4094,1,0,1,16509,9513,US
3706,www.moneyweb.co.za,0,1,33829,4.529289160043351,10022,5340,1000,4682,1,-1,-1,-1,-1,-1,-1,-1,-1,-1,-1,-1,1,13335,5790,US
3707,www.mongodb.com,0,1,2030,3.307496037913213,6045,3897,1000,2148,0,-1,-1,-1,-1,-1,-1,-1,-1,6525,1,1,1,16509,9513,US
3708,www.monsterinsights.com,0,1,12476,4.096075366085106,4735,1795,1000,2939,1,-1,-1,-1,-1,-1,-1,-1,-1,3778,1,1,1,13335,5790,US
3709,www.moogsoft.com,0,1,563351,5.750779069566568,4790,1031,1000,3758,0,-1,-1,-1,-1,-1,-1,-1,-1,5630,1,1,1,209242,2625,
3710,www.moomoo.com,0,1,15844,4.1998648337322555,8099,1172,1000,6927,0,-1,-1,-1,-1,-1,-1,-1,-1,9668,1,1,1,139341,-1,SG
3711,www.moonfare.com,0,1,148737,5.172419017593948,4764,22,1000,4741,1,-1,-1,-1,-1,-1,-1,-1,-1,6889,1,1,1,13335,5790,US
3712,www.morhipo.com,0,1,682449,5.83407020172574,5591,3713,1000,1878,1,-1,-1,-1,-1,-1,-1,-1,-1,5656,1,1,1,13335,5790,US
3713,www.morningstar.com,0,1,3784,3.5779511277297553,10782,7510,1000,3272,1,47,3397,153,5,0,0,395,1,13540,1,1,1,16509,9513,US
3714,www.mosalasonline.com,0,0,-1,-1.0,2652,1,1000,2651,1,24,2588,1322,2,1,0,90,1,2661,1,1,1,48551,4124,
3715,www.motor.es,0,1,53066,4.724816352686888,7483,3415,1000,4067,1,-1,-1,-1,-1,-1,-1,-1,-1,-1,-1,-1,1,13335,5790,US
3716,www.moviepilot.de,0,1,14451,4.159897901034096,7028,4021,1000,3007,0,466,3971,50,15,0,1,90,2,-1,-1,-1,1,13335,5790,US
3717,www.movies-watch.com.pk,0,0,-1,-1.0,1504,287,1000,1217,0,-1,-1,-1,-1,-1,-1,-1,-1,-1,-1,-1,1,13335,5790,US
3718,www.movietele.it,0,0,-1,-1.0,4991,35,1000,4955,1,-1,-1,-1,-1,-1,-1,-1,-1,-1,-1,-1,1,34081,7883,
3719,www.movistar.es,0,1,20106,4.303325678218915,9374,5003,1000,4370,0,-1,-1,-1,-1,-1,-1,-1,-1,-1,-1,-1,1,3352,8666,
3720,www.moxfield.com,0,1,34928,4.543173718365064,3193,1291,1000,1902,1,1,2994,2994,1,1,0,90,1,3861,1,1,1,13335,5790,US
3721,www.mozilla.org,0,1,91,1.9590413923210936,10031,7751,1000,2280,0,197,5270,27,14,0,1,89,2,10344,1,1,1,54113,5343,US
3722,www.mozzartbet.co.ke,0,1,20738,4.316766870141431,3046,15,1000,3030,0,0,-1,-1,0,-1,-1,-1,-1,3528,1,1,1,13335,5790,US
3723,www.mp4upload.com,0,1,107725,5.0323165027604055,5237,19,1000,5218,1,0,-1,-1,0,-1,-1,-1,-1,5310,1,1,1,13335,5790,US
3724,www.mpaa.org,0,1,96487,4.984468803410239,10782,7264,1000,3518,1,275,1513,28,17,1,0,1,1,11230,1,1,1,19551,5608,US
3725,www.mpsmonitor.com,0,1,28097,4.448659951470931,5586,66,1000,5520,1,98,2955,44,6,1,0,89,1,5872,1,1,1,47583,5526,DE
3726,www.mrskin.com,0,1,82327,4.915542289987203,9717,7433,1000,2284,1,-1,-1,-1,-1,-1,-1,-1,-1,10286,1,1,1,13335,5790,US
3727,www.mscdirect.com,0,1,30452,4.483615821121274,10742,4759,1000,5982,1,-1,-1,-1,-1,-1,-1,-1,-1,10916,1,1,1,19551,5608,US
3728,www.msdmanuals.com,0,1,6487,3.8120438979302267,3952,3291,1000,660,1,-1,-1,-1,-1,-1,-1,-1,-1,4384,1,1,1,16509,9513,US
3729,www.msg.com,0,1,50419,4.7025942277190715,10027,3941,1000,6086,1,-1,-1,-1,-1,-1,-1,-1,-1,12039,1,1,1,13335,5790,US
3730,www.mtb-news.de,0,1,27941,4.446241945325413,9324,4736,1000,4587,1,3,6573,6216,1,0,0,729,1,-1,-1,-1,1,13335,5790,US
3731,www.mudah.my,0,1,7460,3.8727388274726686,6449,2833,1000,3616,0,0,-1,-1,0,-1,-1,-1,-1,-1,-1,-1,1,13335,5790,US
3732,www.mujerhoy.com,0,1,49713,4.696469972033241,9003,4292,1000,4710,1,-1,-1,-1,-1,-1,-1,-1,-1,9871,1,1,1,54113,5343,US
3733,www.mulesoft.com,0,1,9666,3.9852467908028615,8884,2522,1000,6361,1,9,4595,2565,3,0,0,397,1,6208,1,1,1,16625,9487,US
3734,www.muscleandstrength.com,0,1,35840,4.554368000990087,7769,2351,1000,5417,1,24,6418,44,11,0,0,425,1,7438,1,1,1,13335,5790,US
3735,www.musicradar.com,0,1,19229,4.283956699434818,7846,3696,1000,4149,1,-1,-1,-1,-1,-1,-1,-1,-1,8152,1,1,1,54113,5343,US
3736,www.mux.com,0,1,3417,3.5336449787987627,9977,1328,1000,8649,1,-1,-1,-1,-1,-1,-1,-1,-1,10260,1,1,1,16509,9513,US
3737,www.mvideo.ru,0,1,5829,3.765594055319445,10027,5003,1000,5024,1,-1,-1,-1,-1,-1,-1,-1,-1,-1,-1,-1,1,43298,1895,
3738,www.mwcbarcelona.com,0,1,21300,4.328379603438738,5581,2203,1000,3378,1,-1,-1,-1,-1,-1,-1,-1,-1,4256,1,1,1,13335,5790,US
3739,www.my-ip.io,0,1,24555,4.390139938467622,2977,1,1000,2975,0,-1,-1,-1,-1,-1,-1,-1,-1,-1,-1,-1,1,13335,5790,US
3740,www.myarena.ru,0,1,45813,4.660988731871828,5858,2,1000,5855,1,9,5109,190,7,0,0,749,1,-1,-1,-1,1,197309,5606,
3741,www.mydealz.de,0,1,14031,4.147088624628166,6940,3493,1000,3446,1,0,-1,-1,0,-1,-1,-1,-1,-1,-1,-1,1,13335,5790,US
3742,www.mydevil.net,0,1,44015,4.643600706192297,7887,3782,1000,4104,1,-1,-1,-1,-1,-1,-1,-1,-1,7932,1,1,1,13335,5790,US
3744,www.mydomain.com,0,1,11712,4.068631063714316,10744,7588,1000,3156,1,-1,-1,-1,-1,-1,-1,-1,-1,11245,1,1,1,13335,5790,US
3745,www.myfxbook.com,0,1,25109,4.399829416690223,6131,4742,1000,1388,0,0,-1,-1,0,-1,-1,-1,-1,6440,1,1,1,13335,5790,US
3746,www.myglamm.com,0,0,-1,-1.0,4013,16,1000,3997,1,77,3450,54,10,0,0,90,1,4093,1,1,1,13335,5790,US
3747,www.mygov.in,0,1,26544,4.4239663686802855,4351,2164,1000,2187,0,36,4223,316,7,0,0,365,1,5871,1,1,1,20940,8665,
3748,www.myherbalife.com,0,1,7375,3.8677620246502005,8280,3366,1000,4913,1,0,-1,-1,0,-1,-1,-1,-1,9802,1,1,1,16625,9487,US
3749,www.myjobhelper.com,0,1,37928,4.578959942310901,4899,6,1000,4893,1,-1,-1,-1,-1,-1,-1,-1,-1,5103,1,1,1,17378,9401,US
3750,www.mylondon.news,0,1,32698,4.514521189494316,2722,2097,1000,625,1,30,2725,357,5,0,0,366,1,2798,1,1,1,16509,9513,US
3751,www.myon.com,0,1,7803,3.892261606915535,10028,871,1000,9157,1,1,5698,5698,1,0,0,1095,1,7358,1,1,1,16509,9513,US
3752,www.myplate.gov,0,1,44506,4.648418563593011,5460,1745,1000,3714,0,97,3438,84,6,0,0,321,1,3536,1,1,1,8070,10643,US
3753,www.myself.de,0,1,226267,5.354621218722914,9069,651,1000,8418,1,16,129,28,2,1,0,89,1,-1,-1,-1,1,13335,5790,US
3754,www.mytoys.de,0,1,194721,5.289412791234011,9670,4386,1000,5283,0,-1,-1,-1,-1,-1,-1,-1,-1,-1,-1,-1,1,24940,8753,
3755,www.myuhc.com,0,1,102800,5.011993114659257,9573,3496,1000,6077,0,-1,-1,-1,-1,-1,-1,-1,-1,9817,1,1,1,16509,9513,US
3756,www.nab.com.au,0,1,12063,4.081455327822574,10032,5101,1000,4930,1,-1,-1,-1,-1,-1,-1,-1,-1,-1,-1,-1,1,20940,8665,
3758,www.nabu.de,0,1,19188,4.283029709793859,10739,3095,1000,7644,1,-1,-1,-1,-1,-1,-1,-1,-1,-1,-1,-1,1,8495,8776,
3759,www.nachrichten.at,0,1,29033,4.462891914099998,9574,5223,1000,4351,1,-1,-1,-1,-1,-1,-1,-1,-1,-1,-1,-1,1,13335,5790,US
3760,www.nakedcapitalism.com,0,1,44637,4.649694998491634,7046,4532,1000,2514,1,-1,-1,-1,-1,-1,-1,-1,-1,7810,1,1,1,13335,5790,US
3761,www.nameshield.com,0,1,125082,5.097194816782757,10028,1872,1000,8156,1,-1,-1,-1,-1,-1,-1,-1,-1,10360,1,1,1,20756,7323,
3762,www.nasa.gov,0,1,381,2.5809249756756194,10732,7928,1000,2804,1,61,4391,41,12,0,0,89,1,10458,1,1,1,2635,4980,US
3763,www.nationalgeographic.com,0,1,926,2.9666109866819346,10782,8974,1000,1807,1,-1,-1,-1,-1,-1,-1,-1,-1,11181,1,1,1,16509,9513,US
3764,www.nationalgeographic.de,0,1,56118,4.749102184729067,9670,3436,1000,6234,1,-1,-1,-1,-1,-1,-1,-1,-1,-1,-1,-1,1,34762,7721,
3765,www.nationaljournal.com,0,1,38051,4.5803660747406285,10377,6306,1000,4070,1,-1,-1,-1,-1,-1,-1,-1,-1,11077,1,1,1,8075,10643,US
3766,www.nationalobserver.com,0,1,48783,4.688268504534155,5474,3671,1000,1803,1,-1,-1,-1,-1,-1,-1,-1,-1,10643,1,1,1,13335,5790,US
3767,www.nationalreview.com,0,1,7613,3.8815558297933115,10782,7714,1000,3067,1,-1,-1,-1,-1,-1,-1,-1,-1,11265,1,1,1,13335,5790,US
3768,www.nato.int,0,1,5470,3.737987326333431,10338,7703,1000,2634,1,-1,-1,-1,-1,-1,-1,-1,-1,10495,1,0,1,54113,5343,US
3769,www.naughtyamerica.com,0,1,43277,4.636257147463504,-1,-1,-1,-1,-1,-1,-1,-1,-1,-1,-1,-1,-1,8286,1,1,1,14618,7503,US
3770,www.nautica.com,0,1,76646,4.884489494829576,10028,4100,1000,5928,1,36,6691,77,12,0,0,365,1,10093,1,1,1,20940,8665,
3771,www.navionics.com,0,1,62246,4.794111448398409,10742,1426,1000,9316,1,1,4819,4819,1,0,0,365,1,11027,1,1,1,13335,5790,US
3772,www.nbcchicago.com,0,1,14753,4.168880342413643,8819,4768,1000,4051,0,-1,-1,-1,-1,-1,-1,-1,-1,9589,1,1,1,16625,9487,US
3773,www.nbcmiami.com,0,1,19066,4.280259588686136,9345,4542,1000,4803,1,-1,-1,-1,-1,-1,-1,-1,-1,9794,1,1,1,16625,9487,US
3774,www.nbcnews.com,0,1,512,2.709269960975831,10029,5013,1000,5015,0,6,2755,2632,1,1,0,90,1,10556,1,1,1,16625,9487,US
3775,www.nbcphiladelphia.com,0,1,18309,4.262664624676256,9163,4558,1000,4605,1,-1,-1,-1,-1,-1,-1,-1,-1,9794,1,1,1,16625,9487,US
3776,www.nbcsports.com,0,1,5365,3.72956972630197,10742,4718,1000,6024,1,-1,-1,-1,-1,-1,-1,-1,-1,11035,1,1,1,20940,8665,
3777,www.nbcwashington.com,0,1,17226,4.23618444288015,9171,4814,1000,4356,1,-1,-1,-1,-1,-1,-1,-1,-1,9794,1,1,1,16625,9487,US
3778,www.nbg.gr,0,1,45657,4.659507371756729,10781,3979,1000,6802,1,96,6546,53,11,0,0,364,1,-1,-1,-1,1,13335,5790,US
3779,www.ncdot.gov,0,1,33746,4.528222302178018,6711,2220,1000,4490,1,39,3662,42,5,0,0,370,2,6711,1,1,1,6559,10856,US
3780,www.ncn.nl,0,1,111152,5.04591728153028,10735,68,1000,10667,1,129,4347,45,11,0,0,89,1,11063,1,1,1,207375,2287,
3781,www.ncsecu.org,0,1,19803,4.296730987471248,9578,4621,1000,4956,1,-1,-1,-1,-1,-1,-1,-1,-1,10705,1,1,1,54113,5343,US
3782,www.nctm.org,0,1,46499,4.667443613123249,10782,6112,1000,4670,1,-1,-1,-1,-1,-1,-1,-1,-1,11341,1,1,1,13335,5790,US
3783,www.ncvtonline.com,0,1,93324,4.96999334500275,5721,76,1000,5644,1,66,2182,24,4,0,0,90,1,2182,1,1,1,15169,9548,US
3784,www.ndr.de,0,1,3598,3.5560611590095323,10782,5158,1000,5624,1,-1,-1,-1,-1,-1,-1,-1,-1,-1,-1,-1,1,16625,9487,US
3785,www.nebra.com,0,1,81746,4.912466510929526,9178,125,1000,9053,1,-1,-1,-1,-1,-1,-1,-1,-1,8557,1,1,1,13335,5790,US
3786,www.neocraftstudio.com,0,1,74781,4.873791268408173,2765,3,1000,2761,1,-1,-1,-1,-1,-1,-1,-1,-1,2808,1,1,1,396982,2836,US
3787,www.neogov.com,0,1,40332,4.605649758517102,9465,703,1000,8761,1,-1,-1,-1,-1,-1,-1,-1,-1,9659,1,1,1,209242,2625,
3788,www.neowin.net,0,1,14610,4.164650215934297,9239,7345,1000,1893,1,-1,-1,-1,-1,-1,-1,-1,-1,9362,1,1,1,13335,5790,US
3789,www.nerdpress.net,0,1,35406,4.549076865022643,6903,21,1000,6882,1,-1,-1,-1,-1,-1,-1,-1,-1,3090,1,1,1,13335,5790,US
3790,www.nerdwallet.com,0,1,4106,3.613418945034573,6303,4156,1000,2147,1,172,4403,23,9,0,0,90,1,6315,1,1,1,13335,5790,US
3791,www.nesta.org.uk,0,1,39189,4.593164181568868,10031,3223,1000,6808,1,147,2920,73,13,0,0,90,1,10143,1,1,1,13335,5790,US
3792,www.netcracker.com,0,1,101177,5.005081797994456,10222,1160,1000,9062,1,-1,-1,-1,-1,-1,-1,-1,-1,10387,1,1,1,26716,8595,US
3793,www.netdocuments.com,0,1,37136,4.5697951231118425,9578,1505,1000,8072,1,221,6889,49,29,0,0,187,1,9956,1,1,1,209242,2625,
3794,www.netdoktor.de,0,1,37715,4.576514112051963,9875,4789,1000,5085,1,-1,-1,-1,-1,-1,-1,-1,-1,-1,-1,-1,1,13335,5790,US
3795,www.nethost.cz,0,1,24773,4.393978602651772,9176,1456,1000,7720,1,-1,-1,-1,-1,-1,-1,-1,-1,9390,1,1,1,43541,6849,
3796,www.netsons.com,0,1,83657,4.922502286412355,8693,2399,1000,6294,1,-1,-1,-1,-1,-1,-1,-1,-1,7996,1,1,1,13335,5790,US
3797,www.netsuite.com,0,1,4193,3.6225248624035684,10736,3828,1000,6908,1,95,2500,83,12,0,0,89,6,11330,1,1,1,20940,8665,
3798,www.nettruyenmax.com,0,0,-1,-1.0,1066,43,1000,1023,1,-1,-1,-1,-1,-1,-1,-1,-1,161,2,1,1,133618,-1,AU
3799,www.netwerk24.com,0,1,87481,4.941913738837475,4289,3439,1000,849,1,0,-1,-1,0,-1,-1,-1,-1,4347,1,1,1,13335,5790,US
3800,www.newegg.com,0,1,5238,3.7191654940892134,9239,7451,1000,1787,1,-1,-1,-1,-1,-1,-1,-1,-1,9605,1,1,1,13335,5790,US
3801,www.newpaltz.edu,0,1,60183,4.7794738326392245,10696,5261,1000,5435,1,-1,-1,-1,-1,-1,-1,-1,-1,-1,-1,-1,1,13335,5790,US
3802,www.news-leader.com,0,1,41551,4.618581480328452,9671,5401,1000,4269,1,-1,-1,-1,-1,-1,-1,-1,-1,8546,1,1,1,54113,5343,US
3803,www.news18.com,0,1,3890,3.5899496013257077,5581,3643,1000,1937,1,-1,-1,-1,-1,-1,-1,-1,-1,9906,1,1,1,16625,9487,US
3804,www.newsbreakapp.com,0,1,110022,5.041479535369874,3582,2350,1000,1231,1,11,3496,2206,2,0,0,396,1,3612,1,1,1,16509,9513,US
3805,www.newscorpaustralia.com,0,1,78248,4.893473245898178,4662,3527,1000,1134,0,177,3346,24,10,0,0,369,1,6951,1,1,1,16625,9487,US
3806,www.newsnow.co.uk,0,1,14962,4.174989650407334,10022,7333,1000,2688,1,0,-1,-1,0,-1,-1,-1,-1,10613,1,1,1,174,10962,US
3807,www.newsru.com,0,1,28984,4.462158321026481,8938,6768,1000,2170,1,56,3697,28,8,0,0,89,1,8707,1,1,1,8560,8678,
3808,www.newsweek.pl,0,1,38596,4.586542297730225,8937,4842,1000,4094,0,-1,-1,-1,-1,-1,-1,-1,-1,9216,1,1,1,16509,9513,US
3809,www.newtondistributing.com,0,1,141660,5.15124723746237,8625,65,1000,8559,1,-1,-1,-1,-1,-1,-1,-1,-1,8644,1,1,1,396982,2836,US
3810,www.newworldencyclopedia.org,0,1,30868,4.489508491577916,7149,1663,1000,5486,0,-1,-1,-1,-1,-1,-1,-1,-1,7215,1,1,1,16509,9513,US
3811,www.nexcess.net,0,1,9441,3.9750179976328828,9296,2657,1000,6639,1,-1,-1,-1,-1,-1,-1,-1,-1,9430,1,1,1,13335,5790,US
3812,www.nexon.com,0,1,3040,3.482873583608754,10745,4275,1000,6469,1,-1,-1,-1,-1,-1,-1,-1,-1,11011,1,1,1,16509,9513,US
3813,www.nextcapital.com,0,1,49696,4.696321434048464,9004,77,1000,8927,1,-1,-1,-1,-1,-1,-1,-1,-1,9054,1,1,1,20940,8665,
3814,www.nextgen.com,0,1,44838,4.651646232639813,10734,2444,1000,8289,1,-1,-1,-1,-1,-1,-1,-1,-1,11788,1,1,1,8075,10643,US
3815,www.nextiva.com,0,1,22927,4.360347230975766,9019,3000,1000,6018,1,-1,-1,-1,-1,-1,-1,-1,-1,9095,1,1,1,13335,5790,US
3816,www.nfb.ca,0,1,27449,4.438526527205319,10734,5314,1000,5420,1,-1,-1,-1,-1,-1,-1,-1,-1,9326,1,1,1,16509,9513,US
3817,www.nhk.or.jp,0,0,-1,-1.0,10781,6785,1000,3995,1,-1,-1,-1,-1,-1,-1,-1,-1,-1,-1,-1,1,16625,9487,US
3818,www.nhnieuws.nl,0,1,43734,4.640819200612231,3435,2407,1000,1028,1,-1,-1,-1,-1,-1,-1,-1,-1,7694,1,1,1,13335,5790,US
3819,www.nhtsa.gov,0,1,5116,3.7089305358066165,9621,5399,1000,4222,1,116,4886,44,12,0,0,306,1,10099,1,1,1,16625,9487,US
3820,www.nielsen.com,0,1,2499,3.39776625612645,10781,5588,1000,5193,1,-1,-1,-1,-1,-1,-1,-1,-1,12797,1,1,1,2635,4980,US
3821,www.nieuwsbegrip.nl,0,1,228337,5.35857629078874,7482,94,1000,7388,1,18,387,27,5,0,0,89,1,7645,1,1,1,13335,5790,US
3822,www.nikkan.co.jp,0,1,33921,4.53046864688893,10733,4479,1000,6254,1,39,6406,154,9,0,0,394,1,-1,-1,-1,1,16509,9513,US
3823,www.ning.com,0,1,3227,3.508798965403905,8177,5835,1000,2341,1,10,2988,2178,2,0,0,729,1,8191,1,1,1,13535,6924,US
3824,www.nintendo.at,0,1,81496,4.911136293150294,9977,1039,1000,8938,1,-1,-1,-1,-1,-1,-1,-1,-1,-1,-1,-1,1,54113,5343,US
3825,www.nintendo.ch,0,1,65203,4.81426757814714,10033,95,1000,9937,1,-1,-1,-1,-1,-1,-1,-1,-1,-1,-1,-1,1,54113,5343,US
3826,www.nintendo.fr,0,1,32898,4.517169496267124,-1,-1,0,-1,-1,-1,-1,-1,-1,-1,-1,-1,-1,10446,1,1,1,54113,5343,US
3827,www.nintendo.it,0,1,28356,4.452644967679994,-1,-1,0,-1,-1,0,-1,-1,0,-1,-1,-1,-1,-1,-1,-1,1,54113,5343,US
3828,www.nintendolife.com,0,1,13607,4.133762384787346,7474,3534,1000,3940,1,0,-1,-1,0,-1,-1,-1,-1,7508,1,1,1,13335,5790,US
3829,www.nio.com,0,1,37826,4.577790418221759,10781,1985,1000,8796,1,11,3179,324,5,0,0,396,1,11243,1,1,1,8075,10643,US
3830,www.niusdiario.es,0,1,217367,5.337193611480972,2483,1990,1000,492,1,74,2519,77,2,0,0,284,1,-1,-1,-1,1,16509,9513,US
3831,www.njit.edu,0,1,16146,4.208064948147398,10388,6747,1000,3641,1,13,6642,1331,5,0,0,820,1,-1,-1,-1,1,14618,7503,US
3832,www.njtransit.com,0,1,45016,4.653366902145936,10022,7263,1000,2758,1,-1,-1,-1,-1,-1,-1,-1,-1,10066,1,1,1,13335,5790,US
3833,www.nobroker.in,0,1,6456,3.809963521714014,4458,685,1000,3773,1,-1,-1,-1,-1,-1,-1,-1,-1,6877,1,1,1,396982,2836,US
3834,www.nocibe.fr,0,1,38465,4.585065736773767,9331,2721,1000,6609,1,-1,-1,-1,-1,-1,-1,-1,-1,10513,1,1,1,20940,8665,
3835,www.noemamag.com,0,1,56322,4.750678068249499,2168,541,1000,1626,1,-1,-1,-1,-1,-1,-1,-1,-1,2248,1,1,1,13335,5790,US
3836,www.noip.com,0,1,6584,3.8184898222042136,9178,3381,1000,5797,1,10,4872,2695,5,0,0,730,1,9598,1,1,1,14627,7503,US
3837,www.noon.com,0,1,3948,3.596377143997599,10029,2052,1000,7976,1,-1,-1,-1,-1,-1,-1,-1,-1,10311,1,1,1,20940,8665,
3838,www.nordea.com,0,1,14752,4.168850903709554,9163,1611,1000,7552,1,120,6945,30,14,0,0,365,8,9528,1,1,1,13335,5790,US
3839,www.nordstromrack.com,0,1,10994,4.041155732629711,9346,3861,1000,5484,0,-1,-1,-1,-1,-1,-1,-1,-1,10095,1,1,1,54113,5343,US
3840,www.northumbria.ac.uk,0,1,31906,4.5038723608586135,10330,5896,1000,4433,1,-1,-1,-1,-1,-1,-1,-1,-1,-1,-1,-1,1,8075,10643,US
3841,www.northwell.edu,0,1,29792,4.474099659301249,3791,2071,1000,1720,0,4,3796,3566,1,0,0,365,1,-1,-1,-1,1,13335,5790,US
3842,www.northwestern.edu,0,1,2622,3.4186326873540653,9538,7154,1000,2384,1,-1,-1,-1,-1,-1,-1,-1,-1,-1,-1,-1,1,103,14287,US
3843,www.notarize.com,0,1,88435,4.946624180155043,9211,906,1000,8304,1,-1,-1,-1,-1,-1,-1,-1,-1,10113,1,1,1,209242,2625,
3844,www.notifync.com,0,1,723097,5.859196559727559,3167,68,1000,3099,1,-1,-1,-1,-1,-1,-1,-1,-1,3926,1,1,1,54113,5343,US
3845,www.novel543.com,0,1,9295,3.9682493941079175,2214,52,1000,2162,1,-1,-1,-1,-1,-1,-1,-1,-1,2345,1,1,1,13335,5790,US
3846,www.novelfm.com,0,1,30990,4.491221576239283,7929,10,622,7918,1,-1,-1,-1,-1,-1,-1,-1,-1,1877,1,1,1,396986,2835,US
3847,www.novonordisk.com,0,1,22417,4.350577491817281,9670,3680,1000,5990,1,-1,-1,-1,-1,-1,-1,-1,-1,10104,1,1,1,20940,8665,
3848,www.nowtv.it,0,1,45027,4.653473012322734,3625,1296,1000,2329,1,37,3685,370,4,0,0,396,1,-1,-1,-1,1,16625,9487,US
3849,www.noxgroup.com,0,1,98994,4.995608872922224,5591,13,1000,5577,1,46,3212,2439,1,1,0,90,1,7660,1,1,1,16509,9513,US
3850,www.npmjs.com,0,1,2367,3.374198257929083,5591,2868,1000,2723,1,-1,-1,-1,-1,-1,-1,-1,-1,5906,1,1,1,13335,5790,US
3851,www.nsc.org,0,1,14044,4.147490820793314,10744,7107,1000,3637,1,-1,-1,-1,-1,-1,-1,-1,-1,11192,1,1,1,13335,5790,US
3852,www.ntsb.gov,0,1,23762,4.375882991545229,10781,7105,1000,3676,1,51,6966,791,5,0,0,89,1,10458,1,1,1,13335,5790,US
3853,www.nukistream.com,0,1,9887,3.9950645341561417,5512,2529,1000,2983,1,0,-1,-1,0,-1,-1,-1,-1,5530,1,1,1,13335,5790,US
3854,www.nung2hdd.com,0,0,-1,-1.0,2113,247,1000,1866,1,131,1774,49,12,0,0,89,1,2445,1,1,1,13335,5790,US
3855,www.nuskin.com,0,1,28042,4.4478089849718145,10742,6288,1000,4453,1,-1,-1,-1,-1,-1,-1,-1,-1,10836,1,1,1,54113,5343,US
3856,www.nutanix.com,0,1,9698,3.9866821797795056,5971,3152,1000,2818,1,39,4529,28,10,0,0,365,1,6086,1,1,1,16625,9487,US
3857,www.nuvid.com,0,1,36010,4.556423121371285,9004,4404,1000,4599,1,0,-1,-1,0,-1,-1,-1,-1,9049,1,1,1,39572,3843,
3858,www.nuwireinvestor.com,0,1,52599,4.720977487526168,7025,1105,1000,5920,1,113,5554,62,9,0,0,89,1,7149,1,1,1,20473,9141,US
3859,www.ny.gov,0,1,2449,3.388988785124714,7742,4362,1000,3379,1,-1,-1,-1,-1,-1,-1,-1,-1,8646,1,1,1,13335,5790,US
3860,www.nyandcompany.com,0,1,97454,4.988799669439026,9353,4512,1000,4840,1,-1,-1,-1,-1,-1,-1,-1,-1,9518,1,1,1,13335,5790,US
3861,www.nycgovparks.org,0,1,29813,4.474405680088005,8594,4379,1000,4215,0,-1,-1,-1,-1,-1,-1,-1,-1,8616,1,1,1,16509,9513,US
3862,www.nyctourism.com,0,1,31881,4.503531935298437,9717,679,1000,9038,1,8,1364,1078,1,1,0,89,1,9959,1,1,1,16509,9513,US
3863,www.nyp.org,0,1,33351,4.5231088603806295,9986,5242,1000,4743,1,71,4083,49,9,0,0,364,1,10195,1,1,1,13335,5790,US
3864,www.nytimes.com,0,1,154,2.187520720836463,-1,-1,-1,-1,-1,46,3627,21,8,0,0,89,1,11811,1,1,1,54113,5343,US
3865,www.nyxcosmetics.com,0,1,64615,4.81033334866115,8617,3333,1000,5283,1,-1,-1,-1,-1,-1,-1,-1,-1,9197,1,1,1,13335,5790,US
3866,www.nzdating.com,0,1,22793,4.357801490502868,9977,5903,1000,4074,1,2,5708,3889,2,0,0,1829,1,10394,1,1,1,4831,-1,NZ
3867,www.nzhara.com,0,0,-1,-1.0,1013,311,674,702,1,6,388,240,3,0,0,89,1,-1,-1,-1,0,-1,-1,
3868,www.o2.pl,0,1,6295,3.7989957344438814,9490,7092,1000,2397,1,0,-1,-1,0,-1,-1,-1,-1,9646,1,1,1,12827,20594,
3869,www.obi.pl,0,1,55388,4.743415683531852,9538,2297,1000,7240,1,-1,-1,-1,-1,-1,-1,-1,-1,10331,1,1,1,16509,9513,US
3870,www.ocelotbot.com,0,1,99980,4.999913132416571,2500,75,1000,2424,1,-1,-1,-1,-1,-1,-1,-1,-1,2682,1,1,1,209242,2625,
3871,www.octaneai.com,0,1,35238,4.547011251226601,3481,1831,1000,1650,0,-1,-1,-1,-1,-1,-1,-1,-1,3654,1,1,1,16509,9513,US
3872,www.odditycentral.com,0,1,59038,4.771131636693101,6615,4386,1000,2229,1,-1,-1,-1,-1,-1,-1,-1,-1,6679,1,1,1,13335,5790,US
3873,www.oderland.com,0,1,19814,4.296972158656532,9977,24,1000,9953,1,-1,-1,-1,-1,-1,-1,-1,-1,10089,1,1,1,44136,6755,
3874,www.odoo.com,0,1,1003,3.001300933020418,9178,3642,1000,5535,1,2,85,85,1,1,0,396,1,9246,1,1,1,16276,20594,
3875,www.oekotest.de,0,1,37019,4.568424682911005,10781,4724,1000,6057,1,3,72,50,2,0,0,89,1,-1,-1,-1,1,16509,9513,US
3876,www.officedepot.com.mx,0,1,58911,4.770196394842526,10630,4736,1000,5893,1,6,6450,3927,3,0,0,760,1,-1,-1,-1,1,13335,5790,US
3877,www.ofgem.gov.uk,0,1,40683,4.609412970686465,9670,1758,1000,7912,1,145,4672,57,13,0,0,89,2,9833,1,1,1,54113,5343,US
3878,www.ofilmywap.expert,0,0,-1,-1.0,791,643,15,148,0,12,794,652,3,1,0,89,1,-1,-1,-1,0,-1,-1,
3879,www.oggi.it,0,1,63615,4.803559531515391,10027,3636,1000,6390,1,30,3107,2204,1,1,0,90,1,-1,-1,-1,1,16509,9513,US
3880,www.ohsu.edu,0,1,13782,4.13931224557867,10575,6720,1000,3855,1,20,7129,297,6,0,0,396,1,-1,-1,-1,1,54113,5343,US
3881,www.okta.com,0,1,521,2.7168377232995247,9005,2522,1000,6482,0,-1,-1,-1,-1,-1,-1,-1,-1,8013,1,1,1,13335,5790,US
3883,www.okx.com,0,1,2575,3.41077723337721,9298,986,1000,8311,1,56,2895,36,6,0,0,90,1,9087,1,1,1,13335,5790,US
3884,www.okzxdy.com,0,0,-1,-1.0,1613,249,1000,1364,0,9,1854,590,4,0,0,365,1,73,2,1,1,13335,5790,US
3885,www.olivetree.com,0,1,43155,4.6350311209460076,10630,3978,1000,6651,1,0,-1,-1,0,-1,-1,-1,-1,10912,1,1,1,16509,9513,US
3886,www.olx.pt,0,1,15991,4.203875623277334,7248,4545,1000,2703,1,10,2822,1302,3,0,0,90,1,-1,-1,-1,1,16509,9513,US
3887,www.omnis.com,0,1,25254,4.402330176131666,9506,7263,1000,2243,1,-1,-1,-1,-1,-1,-1,-1,-1,11081,1,1,1,19237,9297,US
3888,www.omnisend.com,0,1,22232,4.346978533769316,9071,1998,1000,7073,1,-1,-1,-1,-1,-1,-1,-1,-1,4602,1,1,1,13335,5790,US
3889,www.omnitracs.com,0,1,67418,4.8287758647401695,10325,2843,1000,7482,1,-1,-1,-1,-1,-1,-1,-1,-1,10935,1,1,1,209242,2625,
3890,www.on455.com,0,0,-1,-1.0,969,648,5,321,0,40,1007,648,2,1,0,89,1,-1,-1,-1,0,-1,-1,
3891,www.one.com,0,1,2033,3.3081373786380386,10743,4832,1000,5911,1,-1,-1,-1,-1,-1,-1,-1,-1,12517,1,1,1,51468,5740,
3892,www.one.org,0,1,58303,4.765690902099065,10256,6671,1000,3585,1,-1,-1,-1,-1,-1,-1,-1,-1,11396,1,1,1,13335,5790,US
3893,www.onemedical.com,0,1,78760,4.89630570746608,6138,2171,1000,3966,0,-1,-1,-1,-1,-1,-1,-1,-1,9106,1,1,1,16509,9513,US
3894,www.onepeloton.com,0,1,5778,3.7617775375081783,3163,2332,1000,830,1,-1,-1,-1,-1,-1,-1,-1,-1,3274,1,1,1,16509,9513,US
3895,www.oneplus.cn,0,1,317455,5.5016821717169035,7780,693,1000,7086,0,-1,-1,-1,-1,-1,-1,-1,-1,-1,-1,-1,1,23724,-1,CN
3896,www.onfeetnation.com,0,1,104470,5.018991594705612,3567,92,1000,3474,1,0,-1,-1,0,-1,-1,-1,-1,4949,1,1,1,13335,5790,US
3897,www.onit.com,0,1,174998,5.243033085292424,10739,249,1000,10489,1,60,3794,71,8,0,0,90,1,11146,1,1,1,209242,2625,
3898,www.online-literature.com,0,1,37873,4.578329707862898,9220,5173,1000,4047,1,81,3458,87,4,0,0,90,1,9330,1,1,1,13335,5790,US
3899,www.onlinejobs.ph,0,1,8277,3.917872955198848,6261,4762,1000,1499,1,11,3745,2422,4,0,0,761,1,-1,-1,-1,1,13335,5790,US
3900,www.onlinetours.ru,0,1,62289,4.7944113586800805,6041,2025,1000,4015,1,2,5230,4884,1,0,0,790,1,-1,-1,-1,1,51115,5830,
3901,www.onlydomains.com,0,1,19273,4.284949321403674,9107,3780,1000,5326,0,43,4132,42,5,0,0,90,1,8185,1,1,1,13335,5790,US
3902,www.onmanorama.com,0,1,18022,4.255802985353698,4103,2072,1000,2031,0,0,-1,-1,0,-1,-1,-1,-1,4408,1,1,1,16625,9487,US
3903,www.onpassive.com,0,1,177265,5.248622995006579,2783,8,1000,2775,1,-1,-1,-1,-1,-1,-1,-1,-1,2884,1,1,1,13335,5790,US
3904,www.onprospects.com,0,1,158927,5.201197685469796,1799,20,1000,1779,1,-1,-1,-1,-1,-1,-1,-1,-1,1895,1,1,1,16509,9513,US
3905,www.onstove.com,0,1,7760,3.8898617212581885,3516,8,1000,3508,1,0,-1,-1,0,-1,-1,-1,-1,3592,1,1,1,20940,8665,
3906,www.onthebeach.co.uk,0,1,39366,4.595121288140943,9345,4850,1000,4495,1,197,6037,42,14,0,0,90,1,9880,1,1,1,13335,5790,US
3907,www.onxmaps.com,0,1,28708,4.458002937560279,4670,245,1000,4425,1,47,3902,48,5,0,0,90,1,4712,1,1,1,396982,2836,US
3908,www.oolveri.com,0,1,1717,3.2347702951609163,1614,9,1000,1604,0,76,1694,56,6,1,0,89,1,1694,1,1,1,13335,5790,US
3909,www.open-systems.com,0,1,313868,5.496747040033131,10027,339,1000,9687,1,90,2611,168,12,0,0,89,1,8267,1,1,1,13335,5790,US
3910,www.openaccessgovernment.org,0,1,47694,4.6784637473673705,3148,3,1000,3144,1,92,3213,47,7,0,0,90,1,3387,1,1,1,13335,5790,US
3911,www.opendrive.com,0,1,52287,4.718393724621358,8636,4481,1000,4154,1,-1,-1,-1,-1,-1,-1,-1,-1,8438,1,1,1,13335,5790,US
3912,www.openpr.com,0,1,20702,4.316012304249464,8130,1729,1000,6400,1,-1,-1,-1,-1,-1,-1,-1,-1,8658,1,1,1,60068,4368,
3913,www.openprovider.com,0,1,153410,5.185853669934142,8090,187,1000,7902,1,73,4553,34,11,0,0,89,1,9603,1,1,1,16509,9513,US
3914,www.openrent.co.uk,0,1,18840,4.275080898456858,5234,4289,1000,944,1,-1,-1,-1,-1,-1,-1,-1,-1,5378,1,1,1,16509,9513,US
3915,www.openssl.org,0,1,2201,3.342620042553348,9977,6601,1000,3376,1,177,3568,72,4,1,0,90,1,10015,1,1,1,396982,2836,US
3916,www.openstreetmap.fr,0,1,12201,4.08639542712425,6795,2468,1000,4326,0,167,4744,49,8,0,0,90,1,6329,1,1,1,47160,958,
3917,www.openstreetmap.org,0,1,812,2.909556029241175,7935,5824,1000,2111,1,-1,-1,-1,-1,-1,-1,-1,-1,7954,1,1,1,54113,5343,US
3919,www.opindia.com,0,1,66164,4.8206217529745885,6530,2729,1000,3801,1,2,2277,2277,1,1,0,90,1,4189,1,1,1,13335,5790,US
3920,www.oprahdaily.com,0,1,20700,4.315970345456917,6733,1659,1000,5073,1,-1,-1,-1,-1,-1,-1,-1,-1,2039,1,1,1,54113,5343,US
3921,www.optable.co,0,1,5313,3.725339815909737,2035,1102,1000,932,1,84,2283,65,9,1,0,89,1,-1,-1,-1,1,209242,2625,
3922,www.optimonk.com,0,1,10820,4.0342272607705505,4359,1750,1000,2608,0,6,4411,840,2,0,0,89,1,4549,1,1,1,16509,9513,US
3923,www.oracle.com,0,1,192,2.2833012287035497,10744,7481,1000,3263,1,392,5173,104,17,0,0,344,1,13684,1,1,1,16625,9487,US
3924,www.oreilly.com,0,1,1617,3.208710019906401,10742,7797,1000,2944,1,54,3971,23,4,0,0,232,1,10586,1,1,1,16625,9487,US
3925,www.origamirisk.com,0,1,100695,5.003007906240602,5857,41,1000,5815,1,53,3218,44,6,0,0,90,1,6384,1,1,1,54113,5343,US
3926,www.orvis.com,0,1,39128,4.592487649813226,10632,7076,1000,3555,1,56,7174,52,10,0,0,395,1,11253,1,1,1,15830,8655,
3927,www.osano.com,0,1,3704,3.5686709780098966,8583,1301,1000,7281,1,59,2888,27,9,0,0,90,1,9711,1,1,1,209242,2625,
3928,www.oschina.net,0,1,15898,4.201342492647708,6483,4895,1000,1588,1,2,5198,4530,1,0,0,823,1,6487,1,1,1,58540,-1,CN
3929,www.osgeo.org,0,1,32805,4.515940042093319,7406,1842,1000,5563,1,-1,-1,-1,-1,-1,-1,-1,-1,7410,1,1,1,3701,11646,US
3930,www.osha.gov,0,1,3698,3.567966906823154,10703,7481,1000,3222,1,264,6834,69,20,0,0,90,2,10458,1,1,1,16509,9513,US
3931,www.osu.edu,0,1,2872,3.4581844355702627,10574,6425,1000,4148,1,0,-1,-1,0,-1,-1,-1,-1,-1,-1,-1,1,16509,9513,US
3932,www.otomoto.pl,0,1,1437,3.157456768134226,7959,5269,1000,2690,1,2,2219,2219,1,0,0,90,1,8010,1,1,1,16509,9513,US
3933,www.otpbank.hu,0,1,35188,4.546394583298745,9977,2842,1000,7135,1,33,6925,49,4,0,0,366,1,-1,-1,-1,1,211595,1889,
3934,www.otterbox.com,0,1,37993,4.579703587632248,9719,4501,1000,5218,1,34,6621,247,2,0,0,397,3,10167,1,1,1,13335,5790,US
3935,www.otvfoco.com.br,0,1,208097,5.318265819313804,4860,3133,1000,1726,0,11,3247,685,4,0,0,365,1,4902,1,0,1,13335,5790,US
3936,www.ou.nl,0,1,55060,4.740836207057312,10191,4035,1000,6156,1,39,6077,201,9,0,0,365,2,10401,1,1,1,1103,8640,
3937,www.outbrain.com,0,1,640,2.806179973983887,7906,5337,1000,2569,1,57,6644,81,6,0,0,89,1,7954,1,1,1,16625,9487,US
3938,www.overleaf.com,0,1,4959,3.6953941082911097,10739,1810,1000,8928,1,45,4174,62,3,0,0,90,1,6531,1,1,1,396982,2836,US
3939,www.ovhcloud.com,0,1,1436,3.1571544399062814,4683,1981,1000,2701,1,1,3144,3144,1,0,0,1095,1,5291,1,1,1,16276,20594,
3941,www.ovs.it,0,1,32812,4.516032702878934,9150,2902,1000,6248,1,-1,-1,-1,-1,-1,-1,-1,-1,-1,-1,-1,1,13335,5790,US
3942,www.oxiapps.com,0,1,44059,4.6440346358149664,3618,65,1000,3552,0,-1,-1,-1,-1,-1,-1,-1,-1,3648,1,1,1,396982,2836,US
3943,www.oyez.org,0,1,24975,4.39750549689802,9346,5430,1000,3916,1,-1,-1,-1,-1,-1,-1,-1,-1,9615,1,1,1,14618,7503,US
3944,www.oyster.com,0,1,53127,4.72531529266052,10734,4523,1000,6211,1,118,2544,22,8,0,0,89,1,11426,1,1,1,13335,5790,US
3945,www.pace.edu,0,1,20665,4.315235409617727,10254,8504,1000,1750,1,42,2809,51,2,0,0,365,1,-1,-1,-1,1,54113,5343,US
3946,www.pacificu.edu,0,1,62746,4.797586045160276,10387,4307,1000,6080,1,-1,-1,-1,-1,-1,-1,-1,-1,-1,-1,-1,1,54113,5343,US
3947,www.packeta.com,0,1,41643,4.619542008939222,5556,33,1000,5523,1,107,2829,30,8,0,0,89,1,4377,1,1,1,8075,10643,US
3948,www.pagalworld.link,0,0,-1,-1.0,4099,508,812,3591,1,-1,-1,-1,-1,-1,-1,-1,-1,-1,-1,-1,0,-1,-1,
3949,www.pagalworld.us,0,1,699220,5.84461384205972,3195,48,1000,3146,0,28,2139,107,4,0,0,90,1,-1,-1,-1,1,29066,8398,
3950,www.pagerduty.com,0,1,16213,4.209863382701547,6192,2823,1000,3369,1,131,4250,46,15,0,0,89,1,6307,1,1,1,13335,5790,US
3951,www.paginebianche.it,0,1,30959,4.4907869241847616,9672,4348,1000,5323,0,-1,-1,-1,-1,-1,-1,-1,-1,-1,-1,-1,1,16509,9513,US
3952,www.paginegialle.it,0,1,13329,4.124797567960534,10734,5898,1000,4835,1,6,849,492,1,0,0,90,1,-1,-1,-1,1,16509,9513,US
3953,www.paho.org,0,1,5981,3.776773802412107,10730,6735,1000,3995,1,57,2171,40,8,0,0,89,1,12027,1,1,1,54113,5343,US
3954,www.pair.com,0,1,6737,3.8284665473526784,10780,8751,1000,2029,1,50,5804,37,6,0,0,90,1,11234,1,1,1,13335,5790,US
3955,www.pakwheels.com,0,1,16364,4.213889470826336,8328,4208,1000,4120,0,-1,-1,-1,-1,-1,-1,-1,-1,8737,1,1,1,13335,5790,US
3956,www.palladiumhotelgroup.com,0,1,45364,4.656711341769704,5012,1457,1000,3555,1,41,4957,67,9,0,0,188,1,5220,1,1,1,54113,5343,US
3957,www.pampers.com,0,1,36804,4.56589502203011,10706,5107,1000,5598,1,44,2867,302,7,0,0,366,1,11253,1,1,1,8075,10643,US
3958,www.pandora.com,0,1,1169,3.0678145111618402,8937,6580,1000,2357,1,7,7157,2767,7,0,0,1113,1,11832,1,1,1,40428,7034,US
3959,www.panel-fiveheberg.fr,0,0,-1,-1.0,1655,429,1000,1226,1,-1,-1,-1,-1,-1,-1,-1,-1,1773,1,1,1,13335,5790,US
3960,www.panthur.com.au,0,0,-1,-1.0,5870,65,1000,5805,1,63,5735,1144,12,0,0,90,1,-1,-1,1,1,13335,5790,US
3961,www.pantone.com,0,1,10913,4.037944155203099,10444,4789,1000,5654,1,80,7421,45,10,0,0,89,1,11447,1,1,1,54113,5343,US
3962,www.papersapp.com,0,1,658153,5.81832686524268,4801,1210,1000,3591,1,0,-1,-1,0,-1,-1,-1,-1,5518,1,1,1,13335,5790,US
3963,www.parallels.com,0,1,2656,3.42422807069598,10032,5600,1000,4432,1,401,6903,22,20,0,0,90,2,9312,1,1,1,13335,5790,US
3964,www.paramount.com,0,1,10901,4.0374663396435,10575,7714,1000,2860,1,464,3447,28,14,0,0,364,1,11892,1,1,1,20940,8665,
3965,www.paramountnetwork.com,0,1,77731,4.890594254887892,9133,2604,1000,6528,1,-1,-1,-1,-1,-1,-1,-1,-1,9430,1,1,1,16625,9487,US
3966,www.parents.fr,0,1,50333,4.701852816441587,9346,2163,1000,7182,1,258,2940,36,12,0,0,89,2,7756,1,1,1,54113,5343,US
3967,www.parentsquare.com,0,1,4430,3.6464037262230695,9220,932,1000,8287,1,-1,-1,-1,-1,-1,-1,-1,-1,5728,1,1,1,14618,7503,US
3968,www.parkers.co.uk,0,1,43846,4.641929979522693,9885,7569,1000,2316,1,-1,-1,-1,-1,-1,-1,-1,-1,10864,1,1,1,16509,9513,US
3969,www.partitionwizard.com,0,1,43743,4.6409085646816655,6144,1502,1000,4641,1,-1,-1,-1,-1,-1,-1,-1,-1,6191,1,1,1,13335,5790,US
3970,www.partselect.com,0,1,44138,4.64481265033351,9505,4727,1000,4778,0,-1,-1,-1,-1,-1,-1,-1,-1,9932,1,1,1,16625,9487,US
3971,www.partypoker.com,0,1,18576,4.268952202394499,9004,6941,1000,2062,1,-1,-1,-1,-1,-1,-1,-1,-1,9771,1,1,1,13335,5790,US
3972,www.pathfactory.com,0,1,39664,4.598396509423746,8093,2519,1000,5573,1,-1,-1,-1,-1,-1,-1,-1,-1,3575,1,1,1,209242,2625,
3973,www.patriots.com,0,1,46200,4.664641975556125,10792,7214,1000,3578,1,-1,-1,-1,-1,-1,-1,-1,-1,11538,1,1,1,54113,5343,US
3974,www.pattersoncompanies.com,0,1,105904,5.024912363744129,7927,1938,1000,5988,0,-1,-1,-1,-1,-1,-1,-1,-1,9905,1,1,1,54113,5343,US
3975,www.paxstore.us,0,1,30438,4.483416112701048,2840,304,1000,2535,0,-1,-1,-1,-1,-1,-1,-1,-1,-1,-1,-1,1,16509,9513,US
3976,www.paycom.com,0,1,42931,4.63277100470175,9574,1669,1000,7905,1,0,-1,-1,0,-1,-1,-1,-1,10131,1,1,1,35280,4067,
3978,www.paymentus.com,0,1,33863,4.529725430610816,7353,236,1000,7116,1,-1,-1,-1,-1,-1,-1,-1,-1,7811,1,1,1,13335,5790,US
3979,www.paypal.com,0,1,155,2.1903316981702914,9716,6867,1000,2849,1,310,7051,50,14,0,0,234,16,9807,1,1,1,13335,5790,US
3980,www.payworks.ca,0,1,59481,4.774378261309755,9161,83,1000,9078,1,-1,-1,-1,-1,-1,-1,-1,-1,9345,1,1,1,8075,10643,US
3981,www.pccwglobalinc.com,0,0,-1,-1.0,1988,14,1000,1974,1,-1,-1,-1,-1,-1,-1,-1,-1,2205,1,1,1,13335,5790,US
3982,www.pcgameshardware.de,0,1,25130,4.400192488592576,9314,5164,1000,4150,1,110,3681,39,6,1,0,89,1,-1,-1,-1,1,13335,5790,US
3983,www.pdf24.org,0,1,5234,3.7188337183038622,-1,-1,0,-1,-1,0,-1,-1,0,-1,-1,-1,-1,7527,1,1,1,13335,5790,US
3984,www.pdffiller.com,0,1,12401,4.0934567074986035,6971,2408,1000,4562,1,0,-1,-1,0,-1,-1,-1,-1,7047,1,1,1,20940,8665,
3985,www.pdflib.com,0,1,5233,3.718750734739665,9671,2026,1000,7645,1,13,3780,1155,5,0,0,395,1,9769,1,1,1,8560,8678,
3986,www.peekyou.com,0,1,26393,4.421488757760626,7243,4005,1000,3237,1,4,1397,1397,1,1,0,89,1,7316,1,1,1,13335,5790,US
3987,www.penfed.org,0,1,40048,4.602580832264148,10780,2889,1000,7891,1,42,6302,226,7,0,0,392,1,11316,1,1,1,20940,8665,
3988,www.penny-arcade.com,0,1,23831,4.377142266659079,9726,7482,1000,2243,1,-1,-1,-1,-1,-1,-1,-1,-1,9948,1,1,1,396982,2836,US
3989,www.pentair.com,0,1,37347,4.5722557216594995,10318,3298,1000,7020,1,54,4411,41,7,0,0,377,1,10808,1,1,1,16509,9513,US
3990,www.penzcentrum.hu,0,1,20011,4.301268791966063,8044,2690,1000,5353,1,-1,-1,-1,-1,-1,-1,-1,-1,-1,-1,-1,1,213980,574,
3991,www.peopleperhour.com,0,1,25477,4.406148287079636,6901,4008,1000,2892,1,2,6292,5879,1,0,0,418,1,6921,1,1,1,16509,9513,US
3992,www.pepsico.com,0,1,10546,4.023087766995445,10967,6721,1000,4246,1,69,6173,29,9,0,0,365,2,11902,1,1,1,19551,5608,US
3993,www.percona.com,0,1,11533,4.061942292028086,7211,3497,1000,3713,1,143,5861,66,16,0,0,133,1,7286,1,1,1,13335,5790,US
3994,www.perfectgirls.xxx,0,1,8036,3.9050399280762114,4896,849,1000,4047,1,0,-1,-1,0,-1,-1,-1,-1,5234,1,1,1,13335,5790,US
3995,www.perlego.com,0,1,32039,4.505678952441556,9003,497,1000,8506,1,-1,-1,-1,-1,-1,-1,-1,-1,4503,1,1,1,13335,5790,US
3996,www.personalcreations.com,0,1,28661,4.457291339128507,10028,5256,1000,4771,1,-1,-1,-1,-1,-1,-1,-1,-1,10635,1,1,1,16509,9513,US
3997,www.personio.de,0,1,13277,4.123099955255574,3898,1329,1000,2568,1,-1,-1,-1,-1,-1,-1,-1,-1,-1,-1,-1,1,16509,9513,US
3998,www.pewresearch.org,0,1,1789,3.252610340567373,8339,4656,1000,3682,1,-1,-1,-1,-1,-1,-1,-1,-1,8342,1,1,1,2635,4980,US
3999,www.phaidon.com,0,1,38421,4.584568664243272,9344,3550,1000,5794,1,-1,-1,-1,-1,-1,-1,-1,-1,10891,1,1,1,13335,5790,US
4000,www.phantixgames.com,0,1,19436,4.288606890390969,1221,12,1000,1208,0,-1,-1,-1,-1,-1,-1,-1,-1,1241,1,1,1,20940,8665,
4001,www.pharmaceutical-technology.com,0,1,47012,4.672208727480268,9293,2232,1000,7061,1,294,3129,48,7,0,0,90,1,9465,1,1,1,54113,5343,US
4002,www.phila.gov,0,1,24611,4.391129260417903,10743,5418,1000,5325,1,8,1526,140,4,0,0,394,1,10458,1,1,1,16509,9513,US
4003,www.philips-hue.com,0,1,23857,4.3776158305597805,2844,1592,1000,1252,0,120,2157,30,6,1,0,89,1,4067,1,1,1,20940,8665,
4004,www.phoenixnewtimes.com,0,1,29935,4.476179262481704,10743,6835,1000,3907,1,17,3375,47,6,0,0,89,1,11152,1,1,1,2635,4980,US
4005,www.phone.com,0,1,32183,4.5076265252421415,10743,3561,1000,7181,1,276,6538,20,19,0,0,89,1,9935,1,1,1,13335,5790,US
4006,www.photo.net,0,1,26490,4.423081958297231,10530,7543,1000,2986,1,71,5738,49,11,0,0,90,1,11454,1,1,1,13335,5790,US
4007,www.phpbb.com,0,1,4295,3.632963168167261,9232,7726,1000,1506,1,95,5089,50,8,0,0,89,1,9410,1,1,1,13335,5790,US
4008,www.physicsandmathstutor.com,0,1,9043,3.9563125308411946,4453,1105,1000,3347,1,82,2885,24,9,0,0,89,1,4908,1,1,1,13335,5790,US
4009,www.physio-pedia.com,0,1,20727,4.316536447403556,6482,78,1000,6404,0,106,3207,50,7,0,0,89,1,6646,1,1,1,13335,5790,US
4010,www.physiology.org,0,1,9864,3.994053063587675,10027,1298,1000,8729,1,-1,-1,-1,-1,-1,-1,-1,-1,10560,1,1,1,14618,7503,US
4011,www.piaggio.com,0,1,48958,4.689823667987483,10387,2611,1000,7776,1,-1,-1,-1,-1,-1,-1,-1,-1,11363,1,1,1,16625,9487,US
4012,www.pinkbike.com,0,1,26863,4.429154512081447,9407,5937,1000,3469,1,-1,-1,-1,-1,-1,-1,-1,-1,9605,1,1,1,13335,5790,US
4013,www.pinkvilla.com,0,1,39504,4.5966410725878575,8072,3806,1000,4265,1,35,5061,465,3,0,0,397,1,7198,1,1,1,16509,9513,US
4014,www.pinnaclesys.com,0,1,55176,4.741750212980885,10743,7627,1000,3115,1,-1,-1,-1,-1,-1,-1,-1,-1,11055,1,1,1,20940,8665,
4015,www.pinterest.at,0,1,53121,4.72526624200744,5316,3220,1000,2095,1,-1,-1,-1,-1,-1,-1,-1,-1,-1,-1,-1,1,16625,9487,US
4016,www.pinterest.de,0,1,9132,3.960565902818198,5247,3247,1000,2000,1,-1,-1,-1,-1,-1,-1,-1,-1,-1,-1,-1,1,16625,9487,US
4017,www.pinterest.nz,0,1,67495,4.829271601677863,3772,3113,1000,659,1,-1,-1,-1,-1,-1,-1,-1,-1,-1,-1,-1,1,16625,9487,US
4018,www.pinterest.se,0,1,62926,4.798830125945169,5221,3375,1000,1846,1,-1,-1,-1,-1,-1,-1,-1,-1,-1,-1,-1,1,16625,9487,US
4019,www.piraeusbank.gr,0,1,19163,4.282463499599315,9670,2742,1000,6928,1,5,6932,462,3,0,0,733,1,-1,-1,-1,1,19551,5608,US
4020,www.pistonheads.com,0,1,19908,4.299027632071986,9673,5484,1000,4188,1,-1,-1,-1,-1,-1,-1,-1,-1,9788,1,1,1,16509,9513,US
4021,www.pixar.com,0,1,21767,4.33779857726225,10685,9360,1000,1325,1,-1,-1,-1,-1,-1,-1,-1,-1,12936,1,1,1,53831,4887,US
4022,www.pixelx.de,0,1,28737,4.458441427978769,8632,3371,1000,5261,1,24,5512,335,6,0,0,396,1,-1,-1,-1,1,60380,3005,
4023,www.pkobp.pl,0,1,28868,4.460416696625736,10355,3373,1000,6981,1,32,6561,197,5,0,0,365,1,10757,1,1,1,21344,8961,
4024,www.placed.com,0,1,15106,4.179149480361149,9180,2206,1000,6974,1,-1,-1,-1,-1,-1,-1,-1,-1,9735,1,1,1,14618,7503,US
4025,www.planetfitness.com,0,1,25220,4.4017450822370625,10577,2890,1000,7687,1,5,6566,4374,4,0,0,1591,1,11032,1,1,1,13335,5790,US
4026,www.planetsuzy.org,0,1,54543,4.736739021533997,7210,3751,1000,3459,1,68,2751,48,6,1,0,89,1,7347,1,1,1,43350,6881,
4027,www.plannedparenthood.org,0,1,12305,4.0900816180388215,10742,7430,1000,3312,1,4,6204,4371,2,0,0,425,1,11022,1,1,1,13335,5790,US
4028,www.playboy.com,0,1,19527,4.290635526261545,10744,7572,1000,3172,1,-1,-1,-1,-1,-1,-1,-1,-1,11784,1,1,1,13335,5790,US
4029,www.playmods.net,0,1,8322,3.9202277114569286,3848,17,1000,3830,1,-1,-1,-1,-1,-1,-1,-1,-1,1829,1,1,1,13335,5790,US
4030,www.plex.com,0,1,41956,4.622794076739478,10743,2493,1000,8249,1,-1,-1,-1,-1,-1,-1,-1,-1,11599,1,1,1,8075,10643,US
4031,www.pluralsight.com,0,1,11299,4.053040008642746,8055,4027,1000,4027,1,76,6904,66,14,0,1,186,2,8062,1,1,1,13335,5790,US
4032,www.plus.net,0,1,15955,4.2028968085295295,10756,6347,1000,4409,1,-1,-1,-1,-1,-1,-1,-1,-1,11349,1,1,1,6871,8686,
4034,www.pm52.ru,0,1,85574,4.932341832764406,4791,72,1000,4719,0,68,2441,63,6,1,0,89,1,-1,-1,-1,1,9123,6623,
4035,www.pmlm.ir,0,0,-1,-1.0,4418,138,1000,4280,1,-1,-1,-1,-1,-1,-1,-1,-1,-1,-1,-1,1,34412,2330,
4036,www.pnas.org,0,1,1960,3.292256071356476,10741,5073,1000,5668,1,-1,-1,-1,-1,-1,-1,-1,-1,11016,1,1,1,13335,5790,US
4037,www.pnj.com,0,1,42258,4.625908938775975,10245,4606,1000,5638,1,-1,-1,-1,-1,-1,-1,-1,-1,10971,1,1,1,54113,5343,US
4038,www.podium.com,0,1,13892,4.142764774638724,10183,1994,1000,8188,1,-1,-1,-1,-1,-1,-1,-1,-1,10472,1,1,1,16509,9513,US
4039,www.pof.com,0,1,11294,4.0528477834008605,10028,4869,1000,5159,1,-1,-1,-1,-1,-1,-1,-1,-1,9585,1,1,1,13335,5790,US
4040,www.point2homes.com,0,1,53676,4.729780144220282,9240,3946,1000,5293,1,-1,-1,-1,-1,-1,-1,-1,-1,7745,1,1,1,13335,5790,US
4041,www.poizon.com,0,1,23743,4.375535592509499,8805,1,1000,8804,1,-1,-1,-1,-1,-1,-1,-1,-1,8749,1,1,1,139341,-1,SG
4042,www.pokernews.com,0,1,27943,4.446273030751088,8204,5075,1000,3129,0,-1,-1,-1,-1,-1,-1,-1,-1,8928,1,1,1,13335,5790,US
4043,www.pokerstars.bet,0,1,397328,5.599149171189298,2388,1705,1000,683,0,-1,-1,-1,-1,-1,-1,-1,-1,2500,1,1,1,20940,8665,
4044,www.polarsteps.com,0,1,26760,4.427486109095786,5729,3,1000,5725,1,-1,-1,-1,-1,-1,-1,-1,-1,5829,1,1,1,16509,9513,US
4045,www.pollstar.com,0,1,47947,4.6807614389476635,10745,7447,1000,3298,1,-1,-1,-1,-1,-1,-1,-1,-1,11561,1,1,1,13335,5790,US
4046,www.polsatsport.pl,0,1,21166,4.3256387917905395,8072,2264,1000,5807,1,-1,-1,-1,-1,-1,-1,-1,-1,8140,1,1,1,8374,8923,
4047,www.polymetal.ru,0,1,13215,4.1210671674677295,8940,1715,1000,7224,1,-1,-1,-1,-1,-1,-1,-1,-1,-1,-1,-1,1,51115,5830,
4048,www.porn00.org,0,1,44048,4.643926194049255,4318,509,1000,3808,1,-1,-1,-1,-1,-1,-1,-1,-1,4320,1,1,1,13335,5790,US
4049,www.pornfactory.info,0,1,144740,5.160588568290034,3584,161,1000,3423,1,-1,-1,-1,-1,-1,-1,-1,-1,3807,1,1,1,13335,5790,US
4050,www.pornfuck.net,0,0,-1,-1.0,8434,68,1000,8365,1,-1,-1,-1,-1,-1,-1,-1,-1,5583,1,1,1,16509,9513,US
4051,www.pornicom.com,0,1,54240,4.734319680859007,5618,4897,1000,721,1,110,3355,66,6,1,0,90,1,5627,1,1,1,13335,5790,US
4052,www.pornwhite.com,0,1,53758,4.730443102956465,4334,1,1000,4332,1,-1,-1,-1,-1,-1,-1,-1,-1,5230,1,1,1,13335,5790,US
4053,www.portalbrasil.net,0,1,11382,4.056218581272306,9154,1102,1000,8052,1,103,3464,60,6,0,0,89,1,8317,1,1,1,13335,5790,US
4054,www.portalinmobiliario.com,0,1,18955,4.2777237887624535,-1,-1,-1,-1,-1,-1,-1,-1,-1,-1,-1,-1,-1,9687,1,1,1,16509,9513,US
4055,www.portfolio.hu,0,1,7046,3.8479426388452236,9875,5240,1000,4634,1,3,5076,4131,2,0,0,733,1,-1,-1,-1,1,213980,574,
4056,www.portland.gov,0,1,41095,4.613788984783492,2558,1504,1000,1054,0,260,2883,44,7,0,0,90,1,2916,1,1,1,54113,5343,US
4057,www.portotheme.com,0,1,30631,4.486161175304538,3274,12,1000,3262,1,89,3076,57,8,0,0,90,1,3096,1,1,1,13335,5790,US
4058,www.postcrossing.com,0,1,37886,4.578478754928466,7591,4747,1000,2844,1,-1,-1,-1,-1,-1,-1,-1,-1,7630,1,1,1,16509,9513,US
4059,www.postgresql.org,0,1,1290,3.110589710299249,10734,7699,1000,3034,1,-1,-1,-1,-1,-1,-1,-1,-1,10803,1,1,1,5404,20594,
4060,www.postnl.nl,0,1,20950,4.321184027302314,5519,4180,1000,1339,0,-1,-1,-1,-1,-1,-1,-1,-1,5819,1,1,1,20940,8665,
4061,www.potterybarnkids.com,0,1,28749,4.4586227428679095,9885,4779,1000,5106,0,-1,-1,-1,-1,-1,-1,-1,-1,10136,1,1,1,16625,9487,US
4062,www.powells.com,0,1,15802,4.198712057460401,10052,7799,1000,2252,1,-1,-1,-1,-1,-1,-1,-1,-1,11253,1,1,1,13335,5790,US
4063,www.powermag.com,0,1,44519,4.64854540051084,10703,2933,1000,7770,1,-1,-1,-1,-1,-1,-1,-1,-1,10871,1,1,1,54113,5343,US
4064,www.powerreviews.com,0,1,6727,3.827821427682802,7363,3794,1000,3568,1,-1,-1,-1,-1,-1,-1,-1,-1,7739,1,1,1,209242,2625,
4065,www.powershellgallery.com,0,1,18785,4.273811199399403,4196,13,1000,4183,1,92,4200,36,15,0,0,180,1,4235,1,1,1,8075,10643,US
4066,www.powerthesaurus.org,0,1,24092,4.381872854498543,4802,2229,1000,2573,1,1,3999,3999,1,0,0,366,1,4992,1,1,1,13335,5790,US
4067,www.poynter.org,0,1,9819,3.9920672600276665,10640,7616,1000,3024,1,71,3473,47,13,0,0,89,1,11539,1,1,1,209242,2625,
4068,www.ppsspp.org,0,1,31624,4.500016801334914,4945,1814,1000,3130,1,-1,-1,-1,-1,-1,-1,-1,-1,5022,1,1,1,13335,5790,US
4069,www.pptvhd36.com,0,1,50584,4.704013168805162,3301,1618,1000,1683,0,-1,-1,-1,-1,-1,-1,-1,-1,3362,1,1,1,24940,8753,
4070,www.pr.com,0,1,40278,4.605067897568564,10743,5609,1000,5133,1,-1,-1,-1,-1,-1,-1,-1,-1,9904,1,1,1,14618,7503,US
4071,www.practo.com,0,1,15416,4.187971701647396,8079,2188,1000,5891,1,31,5715,480,10,0,0,89,1,5830,1,1,1,20940,8665,
4072,www.prada.com,0,1,15400,4.187520720836463,10182,5224,1000,4957,1,-1,-1,-1,-1,-1,-1,-1,-1,10573,1,1,1,20940,8665,
4073,www.pratt.edu,0,1,47154,4.673518539157006,10744,4769,1000,5975,1,53,4396,48,6,0,0,89,1,-1,-1,-1,1,54113,5343,US
4074,www.pravda.ru,0,1,7506,3.8754085600770636,10022,6806,1000,3215,1,-1,-1,-1,-1,-1,-1,-1,-1,-1,-1,-1,1,57918,5181,
4075,www.pressreader.com,0,1,4951,3.6946929263314843,9066,3470,1000,5595,1,31,4688,1871,7,0,0,90,1,7875,1,1,1,13335,5790,US
4076,www.pricespider.com,0,1,16433,4.215716855249523,8611,3367,1000,5243,1,28,5740,987,5,0,0,734,1,8150,1,1,1,396982,2836,US
4077,www.primevideo.com,0,1,766,2.884228769632604,9071,2885,1000,6186,1,-1,-1,-1,-1,-1,-1,-1,-1,9332,1,1,1,16509,9513,US
4078,www.privacypolicyonline.com,0,1,31220,4.494432898726399,7746,1409,1000,6336,1,0,-1,-1,0,-1,-1,-1,-1,5437,1,1,1,13335,5790,US
4079,www.probe-networks.de,0,1,37855,4.578123250520265,8592,39,1000,8553,1,16,3366,289,5,0,0,396,1,-1,-1,-1,1,29686,8226,
4080,www.procaresoftware.com,0,1,244417,5.388131409219577,8441,1085,1000,7356,1,99,4397,21,8,0,0,89,1,9396,1,1,1,54113,5343,US
4081,www.prodesigns.com,0,1,57805,4.761965405522486,10027,1768,1000,8258,1,16,3309,1120,2,0,0,365,1,8927,1,1,1,13335,5790,US
4082,www.programme.tv,0,1,59721,4.7761270711703,8993,3729,1000,5263,0,8,1848,575,1,0,0,90,1,7157,1,1,1,16625,9487,US
4083,www.progress.com,0,1,15262,4.183611449218432,10741,4172,1000,6569,1,79,6853,35,14,0,0,364,3,13090,1,1,1,209242,2625,
4084,www.projz.com,0,0,-1,-1.0,7369,456,1000,6913,1,-1,-1,-1,-1,-1,-1,-1,-1,5268,1,1,1,16509,9513,US
4085,www.propertyware.com,0,1,54782,4.738637883578918,9223,3244,1000,5979,1,-1,-1,-1,-1,-1,-1,-1,-1,8738,1,1,1,209242,2625,
4086,www.prothomalo.com,0,1,6623,3.8210547550468883,9507,2332,1000,7174,1,-1,-1,-1,-1,-1,-1,-1,-1,9133,1,1,1,13335,5790,US
4087,www.providencejournal.com,0,1,25721,4.410287849401461,10351,4953,1000,5397,1,-1,-1,-1,-1,-1,-1,-1,-1,8909,1,1,1,54113,5343,US
4088,www.providesupport.com,0,1,24104,4.3820891186653,8266,6184,1000,2082,1,-1,-1,-1,-1,-1,-1,-1,-1,8294,1,1,1,13335,5790,US
4089,www.provincial.com,0,1,19470,4.289365951520032,10734,3527,1000,7207,1,-1,-1,-1,-1,-1,-1,-1,-1,11075,1,1,1,16625,9487,US
4090,www.prweb.com,0,1,4458,3.649140064144219,10351,7547,1000,2804,1,-1,-1,-1,-1,-1,-1,-1,-1,10573,1,1,1,13335,5790,US
4091,www.prydwen.gg,0,1,42964,4.633104707911667,1317,741,1000,575,1,0,-1,-1,0,-1,-1,-1,-1,-1,-1,-1,1,16509,9513,US
4092,www.prysmiangroup.com,0,1,74553,4.872465124076491,5416,3173,1000,2243,1,37,2550,22,9,0,0,365,1,5605,1,1,1,3302,8693,
4093,www.psafe.com,0,1,46035,4.663088147487504,8558,66,1000,8492,1,1,3527,3527,1,0,0,395,1,6569,1,1,1,16509,9513,US
4094,www.pse.com,0,1,48549,4.68618028884846,10643,3059,1000,7584,1,57,5558,108,7,0,0,365,1,10352,1,1,1,16509,9513,US
4095,www.psu.edu,0,1,1152,3.061452479087193,10695,7715,1000,2980,1,31,3275,36,9,0,0,393,2,-1,-1,-1,1,16509,9513,US
4096,www.psychologies.com,0,1,36372,4.560767182415247,9977,6952,1000,3025,1,-1,-1,-1,-1,-1,-1,-1,-1,10335,1,1,1,13335,5790,US
4097,www.pt.pt,0,1,546080,5.737256270934564,4689,3,1000,4686,1,52,1563,30,5,1,0,89,1,-1,-1,-1,1,199993,4577,
4098,www.ptb.de,0,1,18991,4.278547833775853,10560,1506,1000,9054,1,-1,-1,-1,-1,-1,-1,-1,-1,-1,-1,-1,1,680,8643,
4099,www.ptsecurity.com,0,1,4955,3.695043658821294,8689,3314,1000,5375,1,-1,-1,-1,-1,-1,-1,-1,-1,8710,1,1,1,51115,5830,
4100,www.publimetro.com.mx,0,1,106186,5.0260672613448545,6903,3082,1000,3820,1,-1,-1,-1,-1,-1,-1,-1,-1,-1,-1,-1,1,20940,8665,
4101,www.pulseinsights.com,0,1,50875,4.706504422233277,4609,699,1000,3909,1,-1,-1,-1,-1,-1,-1,-1,-1,5299,1,1,1,16509,9513,US
4102,www.pulsepoint.com,0,1,26045,4.415724361768716,9179,3522,1000,5657,1,-1,-1,-1,-1,-1,-1,-1,-1,9757,1,1,1,209242,2625,
4103,www.punchbowl.com,0,1,30480,4.484014962667563,9336,3682,1000,5653,1,0,-1,-1,0,-1,-1,-1,-1,9598,1,1,1,16509,9513,US
4104,www.puregym.com,0,1,42400,4.627365856592733,7384,1971,1000,5413,1,6,5511,4021,2,0,0,388,1,7643,1,1,1,13335,5790,US
4105,www.purevpn.com,0,1,21830,4.339053735709139,6698,2452,1000,4245,1,-1,-1,-1,-1,-1,-1,-1,-1,6718,1,1,1,13335,5790,US
4106,www.purolator.com,0,1,40720,4.609807769328702,10745,5054,1000,5690,1,-1,-1,-1,-1,-1,-1,-1,-1,11405,1,1,1,13335,5790,US
4107,www.pushsquare.com,0,1,25785,4.411367135742734,6324,2228,1000,4096,0,-1,-1,-1,-1,-1,-1,-1,-1,6334,1,1,1,13335,5790,US
4108,www.pwc.de,0,1,31993,4.50505496600964,9884,3485,1000,6399,1,363,6867,25,28,0,0,89,2,-1,-1,-1,1,16625,9487,US
4109,www.pwrs.ru,0,1,31298,4.495516586213687,7510,66,1000,7444,1,3,4725,3935,2,0,0,365,1,-1,-1,-1,1,56480,5559,
4110,www.q2.com,0,1,286692,5.45741557434052,10349,16,1000,10333,1,50,1619,36,7,0,0,90,1,11196,1,1,1,209242,2625,
4111,www.qbp.com,0,1,63374,4.801911119514436,10027,2278,1000,7748,1,-1,-1,-1,-1,-1,-1,-1,-1,10869,1,1,1,16509,9513,US
4112,www.qgiv.com,0,1,25543,4.407271903378905,7000,1534,1000,5466,1,126,4760,62,8,0,0,90,1,7102,1,1,1,14061,4986,US
4113,www.qidian.com,0,1,14172,4.1514311436611395,8728,4801,1000,3926,1,-1,-1,-1,-1,-1,-1,-1,-1,9110,1,1,1,139341,-1,SG
4114,www.qiscus.com,0,1,28331,4.452261904093934,4765,69,1000,4695,1,42,2665,1665,2,1,0,90,1,4872,1,1,1,13335,5790,US
4115,www.qnap.com,0,1,3460,3.5390760987927767,8566,2301,1000,6265,1,-1,-1,-1,-1,-1,-1,-1,-1,8856,1,1,1,16509,9513,US
4116,www.qnbfinansbank.com,0,1,227589,5.3571512675879385,3549,1866,1000,1682,1,-1,-1,-1,-1,-1,-1,-1,-1,3691,1,1,1,8831,20594,
4117,www.quechoisir.org,0,1,22464,4.351487090449711,10028,4397,1000,5631,1,0,-1,-1,0,-1,-1,-1,-1,10570,1,1,1,8218,7985,
4118,www.quickanddirtytips.com,0,1,43300,4.636487896353366,6796,3795,1000,3000,1,-1,-1,-1,-1,-1,-1,-1,-1,7050,1,1,1,209242,2625,
4119,www.quidco.com,0,1,38315,4.583368829892705,7697,5901,1000,1795,1,5,7032,1546,4,0,0,364,1,7726,1,1,1,13335,5790,US
4120,www.quikr.com,0,1,34640,4.539577883345309,8349,4316,1000,4032,1,-1,-1,-1,-1,-1,-1,-1,-1,7326,1,1,1,16625,9487,US
4121,www.qunar.com,0,1,4734,3.675228253593064,7643,5460,1000,2182,0,-1,-1,-1,-1,-1,-1,-1,-1,7681,1,1,1,55720,-1,MY
4122,www.qustodio.com,0,1,9947,3.9976921179417264,5442,1946,1000,3496,1,-1,-1,-1,-1,-1,-1,-1,-1,5717,1,1,1,16509,9513,US
4123,www.qvc.it,0,1,21101,4.3243030374868345,8219,4774,1000,3445,1,-1,-1,-1,-1,-1,-1,-1,-1,-1,-1,-1,1,16625,9487,US
4124,www.r7.com,0,1,5425,3.734399742520567,9507,5123,1000,4384,1,-1,-1,-1,-1,-1,-1,-1,-1,10994,1,1,1,20940,8665,
4125,www.rabota.ru,0,1,23510,4.371252629124939,9721,6272,1000,3449,1,-1,-1,-1,-1,-1,-1,-1,-1,-1,-1,-1,1,207104,3549,
4126,www.radancy.com,0,1,297699,5.4737773758116175,1940,161,1000,1779,1,51,1942,71,6,0,0,89,1,2393,1,1,1,14618,7503,US
4128,www.radiorecord.ru,0,1,22764,4.357248576936287,9374,4735,1000,4639,1,10,5041,46,3,0,0,89,1,-1,-1,-1,1,57724,3823,
4129,www.radissonhotels.com,0,1,5807,3.763951826033324,9977,2012,1000,7965,0,10,3206,2719,3,0,0,365,1,9292,1,1,1,16625,9487,US
4130,www.radmin.com,0,1,183139,5.26278083846457,9353,1804,1000,7549,1,160,6482,239,8,0,0,90,5,9647,1,1,1,24940,8753,
4131,www.ramseysolutions.com,0,1,19795,4.2965555060882235,4762,1178,1000,3583,1,8,3443,237,2,0,0,90,1,5074,1,1,1,16509,9513,US
4132,www.rapha.cc,0,1,64911,4.812318299797224,8102,2809,1000,5293,1,-1,-1,-1,-1,-1,-1,-1,-1,8627,1,1,1,16509,9513,US
4133,www.rappi.com.ar,0,1,74943,4.874731074097623,2987,6,1000,2980,1,-1,-1,-1,-1,-1,-1,-1,-1,3515,1,1,1,16509,9513,US
4134,www.rappi.com.mx,0,1,42771,4.631149404322859,3670,952,1000,2718,1,-1,-1,-1,-1,-1,-1,-1,-1,-1,-1,-1,1,16509,9513,US
4135,www.ras.ru,0,1,18979,4.2782733257981675,10543,4386,1000,6156,1,-1,-1,-1,-1,-1,-1,-1,-1,-1,-1,-1,1,47478,6539,
4136,www.ravelry.com,0,1,5650,3.7520484478194387,6954,4087,1000,2866,0,-1,-1,-1,-1,-1,-1,-1,-1,7150,1,1,1,33083,6026,US
4137,www.ravenminer.com,0,1,60371,4.780828369673003,2922,73,1000,2848,0,-1,-1,-1,-1,-1,-1,-1,-1,3006,1,1,1,13335,5790,US
4138,www.rcpsych.ac.uk,0,1,39165,4.592898130878626,10346,2439,1000,7907,1,11,5932,61,3,0,0,385,1,-1,-1,-1,1,16509,9513,US
4139,www.rcsb.org,0,1,17041,4.23149507644823,10052,4225,1000,5826,1,-1,-1,-1,-1,-1,-1,-1,-1,10310,1,1,1,46,14888,US
4140,www.rct.uk,0,1,34380,4.536305872351034,2840,1469,1000,1370,0,-1,-1,-1,-1,-1,-1,-1,-1,3652,1,1,1,13335,5790,US
4141,www.reading.ac.uk,0,1,15527,4.19108755300455,10028,4229,1000,5798,1,-1,-1,-1,-1,-1,-1,-1,-1,-1,-1,-1,1,786,8645,
4142,www.readspeaker.com,0,1,12880,4.109915863023794,8692,5283,1000,3409,1,-1,-1,-1,-1,-1,-1,-1,-1,8890,1,1,1,209242,2625,
4143,www.ready.gov,0,1,11652,4.066400475955629,8459,7413,1000,1045,1,112,3815,212,3,0,0,321,1,8498,1,1,1,16625,9487,US
4144,www.rebuyengine.com,0,1,11102,4.045401222995842,2117,1201,1000,915,1,81,2400,44,7,0,0,90,1,2420,1,1,1,209242,2625,
4145,www.recetasgratis.net,0,1,394249,5.595770600428251,7618,1302,1000,6316,1,34,3418,2269,1,1,0,90,1,7643,1,1,1,24940,8753,
4146,www.redbull.com,0,1,3497,3.5436956323092446,10022,7021,1000,3000,0,200,4816,223,10,0,0,212,1,10363,1,1,1,20940,8665,
4147,www.reddit.com,0,1,106,2.0253058652647704,-1,-1,-1,-1,-1,2,814,814,1,1,0,89,1,7691,1,1,1,54113,5343,US
4148,www.redgifs.com,0,1,6081,3.7839750034126713,2341,1789,1000,552,1,13,3317,553,5,0,0,89,1,2422,1,1,1,13335,5790,US
4149,www.redlights.be,0,1,9935,3.997167871445834,6735,1381,1000,5353,1,18,4438,713,7,0,0,596,1,-1,-1,-1,1,396982,2836,US
4150,www.redwap.me,0,1,8895,3.949145952419944,5142,16,1000,5126,1,4,2850,2277,2,0,0,730,1,-1,-1,-1,1,13335,5790,US
4151,www.refersion.com,0,1,28181,4.4499563999435425,4747,2060,1000,2686,0,0,-1,-1,0,-1,-1,-1,-1,4884,1,1,1,13335,5790,US
4152,www.reg.ru,0,1,150,2.1760912590556813,10052,4966,1000,5086,1,30,4110,57,6,0,0,396,1,-1,-1,-1,1,197695,5532,
4154,www.regus.com,0,1,26066,4.416074390922394,10206,6830,1000,3375,1,-1,-1,-1,-1,-1,-1,-1,-1,11010,1,1,1,19551,5608,US
4155,www.rejoiner.com,0,1,73367,4.865500760998135,5586,2258,1000,3327,0,91,3073,18,11,0,0,89,1,5412,1,1,1,16509,9513,US
4156,www.relias.com,0,1,127836,5.106653173068903,9002,604,1000,8397,1,96,3162,29,8,0,0,90,1,6236,1,1,1,13335,5790,US
4157,www.relive.cc,0,1,48652,4.687100698070156,7744,31,1000,7713,1,-1,-1,-1,-1,-1,-1,-1,-1,3713,1,1,1,16509,9513,US
4158,www.remax.ca,0,1,48625,4.686859614333764,10206,7016,1000,3189,1,8,4082,2283,2,0,0,735,1,9370,1,1,1,16509,9513,US
4159,www.remitly.com,0,1,10680,4.0285712526925375,5095,899,1000,4196,0,33,5173,29,13,0,0,394,3,5186,1,1,1,16509,9513,US
4160,www.remodelista.com,0,1,79658,4.901229398233644,6992,4516,1000,2476,1,30,3375,1914,4,0,0,90,1,7008,1,1,1,16509,9513,US
4161,www.remove.bg,0,1,1219,3.0860037056183818,2712,2223,1000,488,1,0,-1,-1,0,-1,-1,-1,-1,-1,-1,-1,1,13335,5790,US
4162,www.renderforest.com,0,1,30623,4.486047734357825,4807,2235,1000,2571,1,1,4231,4231,1,0,0,367,1,4810,1,1,1,13335,5790,US
4163,www.renesas.com,0,1,19641,4.293163595641659,8624,2841,1000,5782,1,-1,-1,-1,-1,-1,-1,-1,-1,8634,1,1,1,13335,5790,US
4164,www.replacements.com,0,1,37867,4.5782608996533165,10027,3199,1000,6827,1,110,7170,24,11,0,1,390,2,11024,1,1,1,13335,5790,US
4165,www.reportagesphotos.fr,0,0,-1,-1.0,6227,54,1000,6173,1,82,2894,76,8,1,0,89,1,230,2,1,1,16276,20594,
4166,www.reportlinker.com,0,1,32865,4.516733636616387,7047,3122,1000,3925,1,-1,-1,-1,-1,-1,-1,-1,-1,7232,1,1,1,13335,5790,US
4167,www.researchandmarkets.com,0,1,10675,4.028367883697062,8685,5163,1000,3522,1,-1,-1,-1,-1,-1,-1,-1,-1,8790,1,1,1,54113,5343,US
4168,www.resilio.com,0,1,26956,4.430655447699665,8087,752,1000,7335,0,-1,-1,-1,-1,-1,-1,-1,-1,9486,1,1,1,16509,9513,US
4169,www.restaurant365.com,0,1,64291,4.808150180950546,4723,306,1000,4417,0,-1,-1,-1,-1,-1,-1,-1,-1,7415,1,1,1,209242,2625,
4170,www.resultadofacil.com.br,0,1,8702,3.939619078956698,3784,14,1000,3769,1,168,2719,227,11,0,0,90,1,3396,1,0,1,13335,5790,US
4171,www.resume-now.com,0,1,78607,4.895461221942838,5586,2569,1000,3016,0,352,4460,675,10,0,0,335,1,6285,1,1,1,20940,8665,
4172,www.rev.ai,0,1,167238,5.223334965179755,3910,5,1000,3904,0,-1,-1,-1,-1,-1,-1,-1,-1,3078,1,1,1,16509,9513,US
4173,www.reverbnation.com,0,1,4339,3.637389650129212,7213,5640,1000,1573,0,-1,-1,-1,-1,-1,-1,-1,-1,7282,1,1,1,14618,7503,US
4174,www.reviewmentor.com,0,1,115291,5.061795406142103,4677,65,1000,4612,1,36,2729,59,5,0,0,103,1,3064,1,1,1,47583,5526,DE
4175,www.revolver.news,0,1,125148,5.097423913505534,2139,1691,1000,447,1,48,2165,39,4,0,0,90,1,2185,1,1,1,13335,5790,US
4176,www.revzilla.com,0,1,25691,4.409781009133202,6795,3052,1000,3743,0,8,6057,3009,4,0,0,760,1,7393,1,1,1,13335,5790,US
4177,www.rfc-editor.org,0,1,2067,3.3153404766272883,10031,4689,1000,5342,1,2,6721,6427,1,0,0,436,1,10233,1,1,1,13335,5790,US
4178,www.rfi.fr,0,1,3926,3.5939502952639875,10733,7261,1000,3471,1,-1,-1,-1,-1,-1,-1,-1,-1,11463,1,1,1,16625,9487,US
4179,www.rgs.ru,0,1,23912,4.378615902031224,10033,2426,1000,7606,1,0,-1,-1,0,-1,-1,-1,-1,-1,-1,-1,1,51115,5830,
4180,www.riachuelo.com.br,0,1,26503,4.423295036567116,8692,3596,1000,5095,1,-1,-1,-1,-1,-1,-1,-1,-1,8703,1,0,1,20940,8665,
4181,www.ricksteves.com,0,1,29936,4.476193770155935,10736,6320,1000,4415,1,60,1757,69,5,1,0,89,1,10937,1,1,1,13335,5790,US
4182,www.rightel.ir,0,1,69509,4.842041040522213,5292,4340,1000,952,1,11,3459,1832,2,0,0,729,1,-1,-1,-1,1,62140,4494,
4183,www.rijksmuseum.nl,0,1,16253,4.210933535357622,9670,5411,1000,4259,1,36,6468,152,10,0,0,365,1,11188,1,1,1,8075,10643,US
4184,www.riksdagen.se,0,1,30636,4.486232060851875,10740,4357,1000,6383,1,-1,-1,-1,-1,-1,-1,-1,-1,-1,-1,-1,1,1653,8651,
4185,www.ringcentral.com,0,1,2545,3.4056877866727775,9670,6315,1000,3355,1,-1,-1,-1,-1,-1,-1,-1,-1,9876,1,1,1,209242,2625,
4186,www.rionegro.com.ar,0,1,44361,4.647001327594049,10628,4486,1000,6141,1,-1,-1,-1,-1,-1,-1,-1,-1,11098,1,1,1,2635,4980,US
4187,www.riotinto.com,0,1,33781,4.528672501601294,10343,4150,1000,6192,1,-1,-1,-1,-1,-1,-1,-1,-1,10695,1,1,1,19551,5608,US
4188,www.risd.edu,0,1,55556,4.744730969238652,10388,6915,1000,3473,1,-1,-1,-1,-1,-1,-1,-1,-1,-1,-1,-1,1,54113,5343,US
4189,www.riverbed.com,0,1,32366,4.510089029792779,10639,3510,1000,7128,1,-1,-1,-1,-1,-1,-1,-1,-1,11163,1,1,1,54113,5343,US
4190,www.roadie.com,0,1,32690,4.514414920580369,9977,30,1000,9947,1,-1,-1,-1,-1,-1,-1,-1,-1,10899,1,1,1,13335,5790,US
4191,www.roadsideamerica.com,0,1,34034,4.531912994521574,10736,6671,1000,4065,1,5,5791,3615,2,0,0,746,1,10946,1,1,1,16509,9513,US
4192,www.rockerbox.com,0,1,406708,5.6092827151183435,8884,2877,1000,6007,0,59,2898,77,7,0,0,90,1,8976,1,1,1,13335,5790,US
4193,www.rocketlawyer.com,0,1,35429,4.549358894342465,9069,3333,1000,5736,1,124,6795,78,17,0,0,347,1,8162,1,1,1,54113,5343,US
4194,www.rockpapershotgun.com,0,1,14585,4.163906433457751,6865,4611,1000,2254,1,4,3872,1520,2,0,0,730,1,6889,1,1,1,54113,5343,US
4195,www.roh.org.uk,0,1,74718,4.8734252384818255,9977,2719,1000,7258,1,252,4244,55,8,0,0,300,1,10641,1,1,1,54113,5343,US
4196,www.rolex.com,0,1,15187,4.181471992946307,9538,6535,1000,3002,1,29,3846,27,6,0,0,366,1,10136,1,1,1,20940,8665,
4197,www.romatoday.it,0,1,44083,4.644271142084923,6361,2254,1000,4107,1,14,3331,20,3,1,0,90,1,-1,-1,-1,1,31034,8133,
4198,www.romhacking.net,0,1,44871,4.651965748375118,9046,3278,1000,5768,1,-1,-1,-1,-1,-1,-1,-1,-1,9078,1,1,1,13335,5790,US
4199,www.rosbalt.ru,0,1,25675,4.409510452269316,9169,4621,1000,4548,0,-1,-1,-1,-1,-1,-1,-1,-1,-1,-1,-1,1,43298,1895,
4200,www.rossmann.de,0,1,30684,4.48691197407396,10341,4079,1000,6262,1,-1,-1,-1,-1,-1,-1,-1,-1,-1,-1,-1,1,54113,5343,US
4201,www.rotary.org,0,1,17297,4.237970785416336,10780,7452,1000,3327,1,-1,-1,-1,-1,-1,-1,-1,-1,9900,1,1,1,54113,5343,US
4202,www.route-fifty.com,0,1,159339,5.202322087237452,2082,1002,1000,1079,1,-1,-1,-1,-1,-1,-1,-1,-1,2239,1,1,1,8075,10643,US
4203,www.routledge.com,0,1,3834,3.5836521085420436,10388,4666,1000,5722,1,3,5554,27,3,0,0,365,1,11773,1,1,1,13335,5790,US
4204,www.royal.uk,0,1,21963,4.341691661573092,3695,3081,1000,614,0,-1,-1,-1,-1,-1,-1,-1,-1,4539,1,1,1,13335,5790,US
4205,www.royalcanin.com,0,1,18760,4.273232834043045,9576,2859,1000,6717,1,92,4578,34,18,0,1,89,2,10276,1,1,1,54113,5343,US
4206,www.royalmint.com,0,1,35520,4.550472957106564,10780,3192,1000,7587,1,62,6940,47,15,0,0,90,1,11044,1,1,1,13335,5790,US
4207,www.rrd.com,0,1,42732,4.630753219721878,10628,1471,1000,9156,1,97,3536,135,3,0,0,382,1,11717,1,1,1,14328,9670,US
4208,www.rsa.com,0,1,26297,4.419906206369594,10780,7418,1000,3361,1,110,5584,21,12,0,0,89,2,13131,1,1,1,54113,5343,US
4209,www.rsi.ch,0,1,33980,4.531223374533027,7507,2506,1000,5001,0,0,-1,-1,0,-1,-1,-1,-1,-1,-1,-1,1,20940,8665,
4210,www.rtbsystem.com,0,1,10790,4.033021444682911,5581,1170,1000,4411,1,89,1590,36,10,1,0,89,1,4737,1,1,1,13335,5790,US
4211,www.rtl.de,0,1,5445,3.735997884091794,10640,6793,1000,3847,1,107,2710,906,3,0,0,90,1,-1,-1,-1,1,16509,9513,US
4212,www.rtx.com,0,1,13659,4.135418905027852,10201,1924,1000,8277,1,27,2751,357,5,0,0,90,1,10992,1,1,1,13335,5790,US
4213,www.ru.ac.za,0,1,36094,4.557435013998147,10556,4019,1000,6537,1,61,6840,26,6,0,0,365,1,-1,-1,-1,1,13335,5790,US
4214,www.rudderstack.com,0,1,2659,3.424718337331567,2245,731,1000,1513,0,79,2316,66,9,0,0,89,1,2398,1,1,1,16509,9513,US
4215,www.rugbyrama.fr,0,1,9102,3.9591368311703743,8010,4953,1000,3056,0,0,-1,-1,0,-1,-1,-1,-1,8016,1,1,1,8839,8680,
4216,www.rugbyworldcup.com,0,1,53546,4.7287270336587905,9575,3854,1000,5721,1,8,3404,1984,1,0,0,396,1,10760,1,1,1,16509,9513,US
4217,www.rulit.me,0,1,19596,4.292167430784293,4164,2499,1000,1664,1,-1,-1,-1,-1,-1,-1,-1,-1,-1,-1,-1,1,60781,4755,
4218,www.rumahweb.com,0,1,13628,4.13443212489584,8688,5613,1000,3075,1,25,4201,247,5,0,0,365,1,8857,1,1,1,13335,5790,US
4219,www.rusprofile.ru,0,1,3992,3.6011905326153335,6668,713,1000,5954,1,46,2911,1911,2,1,0,90,1,-1,-1,-1,1,29182,8367,
4220,www.sabah.com.tr,0,1,6202,3.7925317619013077,10700,7334,1000,3366,1,34,3732,402,2,0,0,798,1,-1,-1,-1,1,16509,9513,US
4221,www.sabanciuniv.edu,0,1,34249,4.534647895512471,9670,3210,1000,6460,1,0,-1,-1,0,-1,-1,-1,-1,-1,-1,-1,1,12908,8689,
4222,www.saechsische.de,0,1,24603,4.390988066615901,7006,2424,1000,4582,1,22,2737,55,5,1,0,89,1,-1,-1,-1,1,20940,8665,
4223,www.safer-networking.org,0,1,14312,4.155700327559317,8326,6144,1000,2181,1,22,5043,216,6,0,0,396,1,8367,1,1,1,16276,20594,
4224,www.safeway.com,0,1,11436,4.058274146685951,10553,5552,1000,5001,1,262,6292,21,21,0,0,365,1,11121,1,1,1,19551,5608,US
4225,www.saga.co.uk,0,1,41909,4.622307298159941,10193,5500,1000,4692,1,-1,-1,-1,-1,-1,-1,-1,-1,10969,1,1,1,35280,4067,
4226,www.sakura.ad.jp,0,0,-1,-1.0,10031,5932,1000,4098,1,-1,-1,-1,-1,-1,-1,-1,-1,-1,-1,-1,1,9370,-1,JP
4227,www.salemwebnetwork.com,0,1,113194,5.053823407100033,9067,3312,1000,5754,1,-1,-1,-1,-1,-1,-1,-1,-1,9456,1,1,1,13335,5790,US
4228,www.salesforce.com,0,1,273,2.436162647040756,9670,7429,1000,2240,1,-1,-1,-1,-1,-1,-1,-1,-1,10032,1,1,1,20940,8665,
4231,www.samaritans.org,0,1,20107,4.3033472779245825,10022,3238,1000,6783,1,-1,-1,-1,-1,-1,-1,-1,-1,11643,1,1,1,13335,5790,US
4232,www.samharris.org,0,1,56646,4.753169248016526,8002,3716,1000,4286,1,-1,-1,-1,-1,-1,-1,-1,-1,8260,1,1,1,16509,9513,US
4233,www.samsonite.com,0,1,63770,4.804616416987255,10388,5809,1000,4579,1,-1,-1,-1,-1,-1,-1,-1,-1,11255,1,1,1,54113,5343,US
4234,www.sandals.com,0,1,28590,4.456214155357989,10717,7459,1000,3258,1,5,2966,800,4,0,0,730,5,11278,1,1,1,20940,8665,
4235,www.sangoma.com,0,1,32028,4.505529819835132,10779,2821,1000,7958,1,-1,-1,-1,-1,-1,-1,-1,-1,11942,1,1,1,13335,5790,US
4237,www.sanity.io,0,1,4504,3.65359838184329,3575,1345,1000,2230,0,-1,-1,-1,-1,-1,-1,-1,-1,-1,-1,-1,1,16509,9513,US
4238,www.sante.fr,0,1,12561,4.099024215610893,10779,2061,1000,8718,1,29,3471,65,6,0,0,396,1,7575,1,1,1,19551,5608,US
4239,www.santemagazine.fr,0,1,38456,4.58496410912059,9574,2062,1000,7511,1,-1,-1,-1,-1,-1,-1,-1,-1,6694,1,1,1,8839,8680,
4240,www.sapo.io,0,1,64570,4.810030786405839,4265,75,1000,4190,1,-1,-1,-1,-1,-1,-1,-1,-1,-1,-1,-1,1,3243,8653,
4241,www.sapo.pt,0,1,1258,3.0996806411092503,10451,9287,1000,1164,1,-1,-1,-1,-1,-1,-1,-1,-1,-1,-1,-1,1,3243,8653,
4242,www.sas.com,0,1,3220,3.507855871695831,10695,7751,1000,2943,1,-1,-1,-1,-1,-1,-1,-1,-1,13229,1,1,1,16625,9487,US
4243,www.savagex.com,0,1,55832,4.746883185317856,8095,2089,1000,6006,1,-1,-1,-1,-1,-1,-1,-1,-1,7977,1,1,1,13335,5790,US
4244,www.savvii.com,0,1,228182,5.358281382374055,6121,673,1000,5448,1,-1,-1,-1,-1,-1,-1,-1,-1,6166,1,1,1,60068,4368,
4245,www.saylor.org,0,1,40456,4.606982940624488,5765,2639,1000,3126,1,-1,-1,-1,-1,-1,-1,-1,-1,11053,1,1,1,16509,9513,US
4246,www.sayweee.com,0,1,42563,4.629032231071028,4197,1427,1000,2770,0,23,3563,399,2,0,0,388,1,4205,1,1,1,16509,9513,US
4247,www.sazka.cz,0,1,76381,4.8829853399713,10191,4226,1000,5964,1,-1,-1,-1,-1,-1,-1,-1,-1,10468,1,1,1,20940,8665,
4248,www.sba.gov,0,1,3637,3.560743301054712,10576,7576,1000,2999,1,-1,-1,-1,-1,-1,-1,-1,-1,10458,1,1,1,16509,9513,US
4249,www.scaleway.com,0,1,16802,4.22536098037266,6393,2378,1000,4015,1,22,640,40,4,1,0,89,1,6751,1,1,1,13335,5790,US
4250,www.schemaapp.com,0,1,14304,4.155457501451842,3728,2054,1000,1673,0,53,3981,23,9,0,0,89,1,4348,1,1,1,396982,2836,US
4251,www.schneier.com,0,1,13869,4.142045148157744,9391,4563,1000,4828,1,82,6214,35,13,0,0,89,1,9861,1,1,1,2635,4980,US
4252,www.schulferien.org,0,1,46340,4.665956029453957,9040,2864,1000,6176,1,11,3418,409,2,0,0,396,1,9100,1,1,1,5539,8709,
4253,www.schwans.com,0,1,880742,5.944848707065731,9977,7431,1000,2546,1,47,6883,78,11,0,0,376,1,11362,1,1,1,26023,526,US
4254,www.science.org,0,1,1987,3.298197867109815,10779,1695,1000,9084,1,465,1778,60,15,0,1,90,2,11410,1,1,1,13335,5790,US
4255,www.sciencefriday.com,0,1,37427,4.573185017184919,10735,5406,1000,5329,1,178,6044,42,8,0,0,90,1,11047,1,1,1,2635,4980,US
4256,www.scienceofpeople.com,0,1,54898,4.7395565228693,8167,1356,1000,6810,1,107,3183,69,8,1,0,89,1,4705,1,1,1,13335,5790,US
4257,www.scmagazine.com,0,1,38175,4.581779045728458,9576,3728,1000,5847,1,5,4943,2448,3,0,0,730,1,10307,1,1,1,13335,5790,US
4258,www.scoop.it,0,1,6571,3.817631467190515,9574,4863,1000,4710,1,-1,-1,-1,-1,-1,-1,-1,-1,-1,-1,-1,1,35280,4067,
4259,www.scoopearth.com,0,1,277447,5.4431800332032045,5590,459,1000,5131,0,70,3081,40,9,0,0,89,1,3520,1,1,1,47583,5526,DE
4260,www.scoopernews.com,0,1,971522,5.987452639593981,6177,65,1000,6111,1,-1,-1,-1,-1,-1,-1,-1,-1,3347,1,1,1,24429,-1,CN
4262,www.scopus.com,0,1,3276,3.5153438930883807,10737,3687,1000,7050,1,-1,-1,-1,-1,-1,-1,-1,-1,12424,1,1,1,209242,2625,
4263,www.scranton.edu,0,1,56804,4.754378918752607,9576,4267,1000,5308,1,-1,-1,-1,-1,-1,-1,-1,-1,-1,-1,-1,1,36269,7496,US
4264,www.screenly.io,0,1,253321,5.403671193762452,3493,4,1000,3488,0,-1,-1,-1,-1,-1,-1,-1,-1,-1,-1,-1,1,13335,5790,US
4265,www.screenmeet.com,0,1,28347,4.45250710370913,4769,68,1000,4700,0,-1,-1,-1,-1,-1,-1,-1,-1,5210,1,1,1,209242,2625,
4266,www.sdsu.edu,0,1,10552,4.023334782538309,10686,7126,1000,3560,1,-1,-1,-1,-1,-1,-1,-1,-1,-1,-1,-1,1,13335,5790,US
4267,www.sdv.fr,0,1,20821,4.318501584158787,10563,4485,1000,6078,1,12,2872,2647,1,1,0,90,1,11276,1,1,1,8839,8680,
4268,www.seamless.com,0,1,31165,4.493667131228017,10736,4454,1000,6282,1,28,5412,2089,7,0,0,389,2,11412,1,1,1,54113,5343,US
4269,www.searchmetrics.com,0,1,60023,4.778317698034611,7282,3681,1000,3600,1,11,3130,2142,5,0,0,456,1,9872,1,1,1,16509,9513,US
4270,www.seattleu.edu,0,1,40476,4.6071975872368265,10727,6843,1000,3884,1,-1,-1,-1,-1,-1,-1,-1,-1,-1,-1,-1,1,16509,9513,US
4271,www.secretescapes.de,0,1,88723,4.948036218233734,4769,1858,1000,2910,1,27,4586,231,5,0,0,559,1,-1,-1,-1,1,16509,9513,US
4272,www.secretsales.com,0,1,78443,4.894554194614964,9069,3503,1000,5565,1,43,1239,79,5,0,0,90,1,8176,1,1,1,13335,5790,US
4273,www.secsports.com,0,1,38503,4.585494569318544,10734,6456,1000,4277,1,60,2602,28,7,0,0,89,1,11124,1,1,1,396982,2836,US
4274,www.sectigo.com,0,1,1187,3.074450718954591,2752,2027,1000,724,1,105,2793,29,10,0,0,140,1,2834,1,1,1,13335,5790,US
4275,www.securenetsystems.net,0,1,30607,4.485820763530826,6670,2484,1000,4186,1,-1,-1,-1,-1,-1,-1,-1,-1,7236,1,1,1,22275,9032,US
4276,www.securepoint.de,0,1,36148,4.55808427360864,-1,-1,0,-1,-1,-1,-1,-1,-1,-1,-1,-1,-1,-1,-1,-1,1,24940,8753,
4277,www.securitymagazine.com,0,1,28784,4.459151146001476,9977,1889,1000,8088,1,-1,-1,-1,-1,-1,-1,-1,-1,10388,1,1,1,13335,5790,US
4278,www.seetickets.us,0,1,81730,4.9123814989188,3544,1925,1000,1618,1,-1,-1,-1,-1,-1,-1,-1,-1,-1,-1,-1,1,13335,5790,US
4279,www.selfstudys.com,0,1,9135,3.9607085516885565,2382,49,1000,2332,1,-1,-1,-1,-1,-1,-1,-1,-1,2710,1,1,1,63949,-1,SG
4280,www.senato.it,0,1,27474,4.438921893911341,10686,4301,1000,6384,1,-1,-1,-1,-1,-1,-1,-1,-1,-1,-1,-1,1,16509,9513,US
4281,www.sephora.com.br,0,1,42589,4.6292974428542015,9180,3274,1000,5906,1,-1,-1,-1,-1,-1,-1,-1,-1,7548,1,0,1,20940,8665,
4282,www.servereye.de,0,0,-1,-1.0,6478,65,1000,6412,1,-1,-1,-1,-1,-1,-1,-1,-1,-1,-1,-1,1,9063,20594,
4283,www.servethehome.com,0,1,32045,4.505760275920085,6125,1152,1000,4973,1,-1,-1,-1,-1,-1,-1,-1,-1,6260,1,1,1,6939,10919,US
4284,www.servicenow.com,0,1,8840,3.946452265013073,7202,3275,1000,3926,1,-1,-1,-1,-1,-1,-1,-1,-1,11033,1,1,1,16625,9487,US
4285,www.servicesaustralia.gov.au,0,1,25552,4.407424898794408,2377,1354,1000,1022,0,-1,-1,-1,-1,-1,-1,-1,-1,-1,-1,1,1,20940,8665,
4287,www.settrade.com,0,1,45942,4.662209897477582,9323,3109,1000,6213,1,17,8640,105,5,0,0,390,2,9512,1,1,1,19551,5608,US
4288,www.setup.ru,0,1,62316,4.794599568642681,8801,2776,1000,6024,0,-1,-1,-1,-1,-1,-1,-1,-1,-1,-1,-1,1,198610,5078,
4289,www.sevenforums.com,0,1,44223,4.645648200912351,6425,4512,1000,1912,1,-1,-1,-1,-1,-1,-1,-1,-1,6428,1,1,1,13335,5790,US
4290,www.seventeen.com,0,1,34675,4.540016469745322,10031,6677,1000,3353,1,-1,-1,-1,-1,-1,-1,-1,-1,10359,1,1,1,54113,5343,US
4291,www.sexad.net,0,1,88772,4.948276004482968,7042,73,1000,6968,1,-1,-1,-1,-1,-1,-1,-1,-1,9849,1,1,1,11608,9100,US
4292,www.sexlog.com,0,1,5211,3.7169210731667612,9407,3028,1000,6379,1,0,-1,-1,0,-1,-1,-1,-1,10236,1,1,1,13335,5790,US
4293,www.sgs.com,0,1,12657,4.102330780101544,9393,5537,1000,3855,1,66,6118,83,14,0,0,366,6,12874,1,1,1,20940,8665,
4294,www.shafa.com,0,1,42858,4.632031900508186,9336,11,1000,9324,1,-1,-1,-1,-1,-1,-1,-1,-1,9403,1,1,1,37963,-1,CN
4295,www.shanxixse.com,0,0,-1,-1.0,2409,311,1000,2097,1,31,2414,181,6,0,0,89,1,86,2,1,1,13335,5790,US
4296,www.shein.com.mx,0,1,8308,3.9194964878630616,7669,1992,1000,5676,1,62,2760,168,7,0,0,364,1,-1,-1,-1,1,13335,5790,US
4297,www.shemale6.com,0,1,96986,4.986709048064589,8435,371,1000,8064,1,48,1923,819,1,1,0,89,1,2711,1,1,1,13335,5790,US
4298,www.shemedia.com,0,0,-1,-1.0,9006,2254,1000,6751,1,94,2746,23,6,1,0,89,2,7238,1,1,1,53831,4887,US
4299,www.shesfreaky.com,0,1,19964,4.300247561194085,5587,4,1000,5582,0,31,3353,31,7,0,0,89,1,5291,1,1,1,13335,5790,US
4300,www.shinyapps.io,0,1,14360,4.157154439906281,4601,340,1000,4261,1,74,4370,318,7,0,0,90,1,-1,-1,-1,1,14618,7503,US
4301,www.shmoop.com,0,1,47536,4.677022634459589,8640,2654,1000,5986,0,-1,-1,-1,-1,-1,-1,-1,-1,8623,1,1,1,14618,7503,US
4302,www.shoecarnival.com,0,1,38253,4.582665500466235,10022,4675,1000,5346,1,39,5419,80,5,0,0,491,1,10307,1,1,1,13335,5790,US
4303,www.shopstyle.com,0,1,34622,4.539352152039536,9573,4684,1000,4888,1,9,6365,3667,2,0,0,367,2,8456,1,1,1,16509,9513,US
4304,www.showingtime.com,0,1,33914,4.530379015831684,9717,1145,1000,8571,1,26,352,29,6,1,0,89,1,9948,1,1,1,209242,2625,
4305,www.shpock.com,0,1,96613,4.985035567910354,5019,2286,1000,2733,1,3,3606,1934,2,0,0,1125,1,5028,1,1,1,13335,5790,US
4306,www.shueisha.co.jp,0,1,13356,4.125676410382333,10052,4473,1000,5579,1,65,3222,77,10,0,0,393,1,-1,-1,-1,1,17686,-1,JP
4307,www.shz.de,0,1,15445,4.188787912637469,10734,3287,1000,7447,1,-1,-1,-1,-1,-1,-1,-1,-1,-1,-1,-1,1,16509,9513,US
4308,www.siemens-healthineers.com,0,1,17821,4.250932070200113,3212,1579,1000,1632,0,21,2766,146,7,0,0,394,1,3718,1,1,1,16509,9513,US
4309,www.silveregg.co.jp,0,0,-1,-1.0,9577,10,1000,9566,1,-1,-1,-1,-1,-1,-1,-1,-1,-1,-1,-1,1,396982,2836,US
4310,www.silvergames.com,0,1,48568,4.6863502198648925,9220,1990,1000,7230,1,0,-1,-1,0,-1,-1,-1,-1,8463,1,1,1,13335,5790,US
4311,www.simons.ca,0,1,38979,4.590830693169167,8645,4614,1000,4031,1,-1,-1,-1,-1,-1,-1,-1,-1,9332,1,1,1,13335,5790,US
4312,www.simplytoimpress.com,0,1,87593,4.94246940088448,7450,1962,1000,5487,1,-1,-1,-1,-1,-1,-1,-1,-1,8081,1,1,1,16509,9513,US
4313,www.singtel.com,0,1,13865,4.1419198739138805,10737,3732,1000,7005,1,-1,-1,-1,-1,-1,-1,-1,-1,11497,1,1,1,19551,5608,US
4314,www.sisben.gov.co,0,1,44419,4.647568777099207,6464,30,1000,6433,1,-1,-1,-1,-1,-1,-1,-1,-1,-1,-1,-1,1,14080,9715,CO
4315,www.sistemi.com,0,1,56166,4.749473495626456,9296,49,1000,9246,1,-1,-1,-1,-1,-1,-1,-1,-1,10531,1,1,1,16625,9487,US
4316,www.sistrix.com,0,1,39947,4.6014841695732285,8692,3448,1000,5244,1,-1,-1,-1,-1,-1,-1,-1,-1,8713,1,1,1,24940,8753,
4317,www.site123.com,0,1,20474,4.31120269895076,9154,2911,1000,6243,1,-1,-1,-1,-1,-1,-1,-1,-1,8035,1,1,1,14618,7503,US
4318,www.site24x7.com,0,1,19258,4.284611182369772,7262,3637,1000,3624,1,-1,-1,-1,-1,-1,-1,-1,-1,7336,1,1,1,2639,4980,US
4319,www.siteimprove.com,0,1,46631,4.668674728982803,8310,3725,1000,4584,0,-1,-1,-1,-1,-1,-1,-1,-1,8569,1,1,1,13335,5790,US
4320,www.sixt.com,0,1,13402,4.127169613599896,10022,3897,1000,6124,1,34,6782,63,16,0,0,365,1,10530,1,1,1,13335,5790,US
4321,www.sketch.com,0,1,15292,4.18446428934699,10740,2441,1000,8299,1,52,1576,76,5,1,0,89,1,11180,1,1,1,16509,9513,US
4322,www.skf.com,0,1,14015,4.146593102096305,10691,2885,1000,7805,1,399,4210,52,16,0,0,282,1,10761,1,1,1,20940,8665,
4323,www.skiddle.com,0,1,31372,4.496542206338053,9183,2938,1000,6244,1,-1,-1,-1,-1,-1,-1,-1,-1,9470,1,1,1,16509,9513,US
4324,www.skinnytaste.com,0,1,31460,4.497758718287268,6289,4354,1000,1934,1,13,3125,64,5,0,0,90,1,6291,1,1,1,13335,5790,US
4325,www.skoda-auto.cz,0,1,33217,4.52136040649349,10696,2837,1000,7859,1,40,2550,122,5,0,0,90,1,11018,1,1,1,8075,10643,US
4326,www.skool.com,0,1,6086,3.7843319480221482,10374,213,1000,10161,1,25,2895,2127,6,0,0,90,1,10659,1,1,1,16509,9513,US
4327,www.skuola.net,0,1,56338,4.750801425461592,9465,2991,1000,6473,1,5,2690,33,3,0,0,364,1,9576,1,1,1,13335,5790,US
4328,www.skyline.net.id,0,1,89778,4.953169926320272,5535,31,1000,5503,1,0,-1,-1,0,-1,-1,-1,-1,5775,1,1,1,133803,-1,ID
4329,www.skyscanner.co.in,0,1,8177,3.9125939977521056,5353,3038,1000,2315,1,54,4061,268,8,0,0,394,1,7413,1,1,1,16509,9513,US
4330,www.skyscanner.es,0,1,8545,3.931712067056756,7260,3532,1000,3728,1,54,4061,268,8,0,0,394,1,-1,-1,-1,1,16509,9513,US
4331,www.slbenfica.pt,0,1,41819,4.6213736435061765,10032,6281,1000,3750,1,3,6876,5438,2,0,0,738,1,-1,-1,-1,1,8075,10643,US
4332,www.sleepfoundation.org,0,1,5376,3.7304592600457687,10637,5540,1000,5097,1,282,6184,81,15,0,0,90,1,10782,1,1,1,2635,4980,US
4333,www.slgnt.us,0,1,101853,5.007973825326932,3028,562,1000,2466,0,-1,-1,-1,-1,-1,-1,-1,-1,-1,-1,-1,1,16509,9513,US
4334,www.slido.com,0,1,28837,4.459950077433841,6785,1991,1000,4793,1,-1,-1,-1,-1,-1,-1,-1,-1,5439,1,1,1,16509,9513,US
4335,www.sling.com,0,1,6396,3.805908455074197,9670,3758,1000,5911,1,-1,-1,-1,-1,-1,-1,-1,-1,9747,1,1,1,35280,4067,
4336,www.smartape.ru,0,1,8747,3.9418591265253737,4963,155,1000,4808,1,-1,-1,-1,-1,-1,-1,-1,-1,-1,-1,-1,1,56694,3813,
4337,www.smarthint.co,0,1,25591,4.408087256813191,3273,71,1000,3201,0,-1,-1,-1,-1,-1,-1,-1,-1,-1,-1,-1,1,52580,-1,
4338,www.smartnews.com,0,1,10039,4.001690454232153,9719,3786,1000,5933,1,-1,-1,-1,-1,-1,-1,-1,-1,9935,1,1,1,16509,9513,US
4339,www.smclinic.ru,0,1,45079,4.653974273405593,8427,751,1000,7675,1,-1,-1,-1,-1,-1,-1,-1,-1,-1,-1,-1,1,51115,5830,
4340,www.smh.com.au,0,1,2205,3.3434085938038574,10732,7769,1000,2962,1,-1,-1,-1,-1,-1,-1,-1,-1,-1,-1,1,1,54113,5343,US
4341,www.smythstoys.com,0,1,6793,3.832061614590727,9296,2279,1000,7016,1,-1,-1,-1,-1,-1,-1,-1,-1,7967,1,1,1,19551,5608,US
4342,www.snack-media.com,0,1,99621,4.998350896885444,6123,965,1000,5158,1,172,4005,70,6,0,0,90,1,6281,1,1,1,60606,2721,
4343,www.snafu.de,0,1,28512,4.455027682356781,10787,9163,1000,1623,1,0,-1,-1,0,-1,-1,-1,-1,-1,-1,-1,1,34171,7860,
4344,www.snapdeal.com,0,1,14768,4.1693216836818365,9071,4386,1000,4685,1,47,4624,364,6,0,0,365,1,8638,1,1,1,16509,9513,US
4345,www.sngb.ru,0,1,27793,4.443935427422424,9671,62,1000,9608,1,7,5221,1450,2,0,0,89,1,-1,-1,-1,1,43048,3375,
4346,www.snhu.edu,0,1,25933,4.413852760042867,9134,4557,1000,4576,1,82,6816,62,8,0,0,364,1,-1,-1,-1,1,20940,8665,
4347,www.snowflake.com,0,1,3575,3.5532760461370994,8508,2206,1000,6302,1,34,2855,29,6,0,0,364,1,11275,1,1,1,13335,5790,US
4348,www.so.com,0,1,2314,3.3643633546157306,10378,4531,1000,5846,1,38,4459,266,11,0,1,730,2,9898,1,1,1,55992,-1,CN
4349,www.sofoot.com,0,1,44813,4.651404018669438,9043,4684,1000,4358,1,88,1202,22,9,1,0,89,1,8438,1,1,1,13335,5790,US
4350,www.soloway.ru,0,1,25371,4.404337585310927,7781,1529,1000,6252,0,0,-1,-1,0,-1,-1,-1,-1,-1,-1,-1,1,52007,5636,
4351,www.solusiindolottery88.com,0,0,-1,-1.0,1000,311,123,688,0,-1,-1,-1,-1,-1,-1,-1,-1,-1,-1,-1,0,-1,-1,
4352,www.solvay.com,0,1,51653,4.713095550359208,10732,4672,1000,6060,1,21,3169,121,3,0,0,397,6,11384,1,1,1,54994,1134,CA
4353,www.somersetlive.co.uk,0,1,54101,4.7332052926568124,3651,3257,1000,393,1,-1,-1,-1,-1,-1,-1,-1,-1,3815,1,1,1,16509,9513,US
4354,www.sonesta.com,0,1,28221,4.4505723987445975,10580,3512,1000,7068,1,84,7800,41,10,0,0,89,1,11640,1,1,1,16509,9513,US
4355,www.sony.net,0,1,5842,3.766561552637531,9217,7225,1000,1992,0,94,3690,100,7,0,0,318,1,9626,1,1,1,20940,8665,
4356,www.soompi.com,0,1,31002,4.491389711929306,9875,5076,1000,4798,0,-1,-1,-1,-1,-1,-1,-1,-1,9941,1,1,1,396982,2836,US
4357,www.sophos.com,0,1,698,2.843855422623161,10388,7419,1000,2968,1,-1,-1,-1,-1,-1,-1,-1,-1,11416,1,1,1,20940,8665,
4358,www.soriana.com,0,1,42313,4.626473817986867,9574,1764,1000,7810,1,67,2305,199,4,0,0,89,1,9331,1,1,1,13335,5790,US
4359,www.sothebys.com,0,1,11740,4.069668096911595,10732,5580,1000,5151,1,122,7177,186,19,0,0,396,1,11475,1,1,1,54113,5343,US
4360,www.soundclick.com,0,1,27207,4.434680656617142,10222,6940,1000,3282,1,6,7777,4697,2,0,0,730,1,10508,1,1,1,16509,9513,US
4361,www.soundonsound.com,0,1,28846,4.460085599177469,10736,4479,1000,6257,1,274,7013,24,9,0,0,90,1,8779,1,1,1,54113,5343,US
4362,www.sovsport.ru,0,1,18712,4.2721202088010966,9409,5298,1000,4111,1,52,2785,1096,2,1,0,89,1,-1,-1,-1,1,215013,751,
4363,www.sowetanlive.co.za,0,1,131778,5.119842911956736,5782,4631,1000,1150,1,78,3123,262,4,1,0,90,1,-1,-1,-1,1,63949,-1,SG
4364,www.spain.info,0,1,19741,4.295369148510006,8707,5815,1000,2892,0,24,3010,1156,3,0,0,825,1,9058,1,1,1,60068,4368,
4365,www.spd.co.il,0,1,23910,4.378579576115775,8817,1600,1000,7216,1,-1,-1,-1,-1,-1,-1,-1,-1,-1,-1,-1,1,13335,5790,US
4366,www.specsavers.co.uk,0,1,43703,4.640511250213588,10022,3658,1000,6363,1,73,6597,74,18,0,0,327,1,10897,1,1,1,13335,5790,US
4367,www.speedcurve.com,0,1,10140,4.006037954997317,4727,2013,1000,2713,1,-1,-1,-1,-1,-1,-1,-1,-1,5001,1,1,1,16509,9513,US
4368,www.speedwaymotors.com,0,1,34852,4.542227705362038,9464,3292,1000,6172,1,89,7387,176,10,0,0,394,1,10818,1,1,1,16509,9513,US
4369,www.spektrum.de,0,1,14861,4.172048034180255,10732,2194,1000,8537,1,54,5284,46,10,0,0,89,1,-1,-1,-1,1,54113,5343,US
4370,www.spine-health.com,0,1,34135,4.533199907187696,9619,5380,1000,4239,1,-1,-1,-1,-1,-1,-1,-1,-1,9808,1,1,1,54113,5343,US
4371,www.splcenter.org,0,1,15115,4.179408151513836,10221,6367,1000,3854,1,-1,-1,-1,-1,-1,-1,-1,-1,10793,1,1,1,209242,2625,
4372,www.splunk.com,0,1,4680,3.670245853074124,8885,3911,1000,4973,1,-1,-1,-1,-1,-1,-1,-1,-1,8930,1,1,1,20940,8665,
4373,www.spokeo.com,0,1,8450,3.926856708949692,7202,4874,1000,2327,1,-1,-1,-1,-1,-1,-1,-1,-1,7351,1,1,1,16509,9513,US
4374,www.sport.ro,0,1,8680,3.938519725176492,9346,5638,1000,3707,0,-1,-1,-1,-1,-1,-1,-1,-1,-1,-1,-1,1,13335,5790,US
4375,www.sportsbookreview.com,0,1,30102,4.478595351411395,9345,4828,1000,4517,1,-1,-1,-1,-1,-1,-1,-1,-1,9618,1,1,1,16509,9513,US
4376,www.spoton.com,0,1,31083,4.492522928422612,9874,418,1000,9455,1,-1,-1,-1,-1,-1,-1,-1,-1,10683,1,1,1,16509,9513,US
4377,www.spring.org.uk,0,1,100026,5.000112901888685,9711,4305,1000,5405,1,25,3012,59,5,0,0,395,1,9983,1,1,1,63410,4102,US
4378,www.springerprofessional.de,0,1,32075,4.506166665046966,5074,622,1000,4452,1,-1,-1,-1,-1,-1,-1,-1,-1,-1,-1,-1,1,54113,5343,US
4379,www.spriters-resource.com,0,1,34880,4.542576476260529,7148,4260,1000,2888,1,-1,-1,-1,-1,-1,-1,-1,-1,7174,1,1,1,13335,5790,US
4380,www.spun.com.br,0,1,149263,5.1739521661491255,5504,64,1000,5439,1,0,-1,-1,0,-1,-1,-1,-1,1701,1,0,1,13335,5790,US
4381,www.squarespace.com,0,1,619,2.791690649020118,9345,6051,1000,3294,1,-1,-1,-1,-1,-1,-1,-1,-1,8457,1,1,1,53831,4887,US
4382,www.ssh.com,0,1,38919,4.590161672807483,10730,6901,1000,3829,1,-1,-1,-1,-1,-1,-1,-1,-1,11233,1,1,1,209242,2625,
4383,www.st-andrews.ac.uk,0,1,10328,4.014016229258364,10386,6656,1000,3730,1,75,6725,29,12,0,0,89,1,-1,-1,-1,1,786,8645,
4384,www.stan.com.au,0,1,37563,4.574760270266501,4780,2309,1000,2470,0,-1,-1,-1,-1,-1,-1,-1,-1,-1,-1,1,1,16625,9487,US
4385,www.staples.ca,0,1,34204,4.534076897762164,10022,4418,1000,5603,1,142,4872,62,12,0,0,90,1,9346,1,1,1,13335,5790,US
4386,www.starapps.studio,0,1,40898,4.611702070594105,2498,3,1000,2494,1,-1,-1,-1,-1,-1,-1,-1,-1,3326,1,1,1,209242,2625,
4387,www.starfinanz.de,0,1,87433,4.941675380150867,10022,41,1000,9980,1,34,7266,48,9,0,0,381,1,-1,-1,-1,1,21499,8903,
4388,www.statisticbrain.com,0,1,43087,4.634346256706091,5291,3408,1000,1882,1,103,4217,274,8,0,0,89,1,5703,1,1,0,-1,-1,
4389,www.steepto.com,0,1,664689,5.82261849165389,4357,2239,1000,2117,0,0,-1,-1,0,-1,-1,-1,-1,4465,1,1,1,13335,5790,US
4390,www.stellarinfo.com,0,1,53230,4.726156466172755,9670,6300,1000,3369,1,26,4159,62,5,0,0,396,1,9846,1,1,1,16509,9513,US
4391,www.stem.org.uk,0,1,50461,4.7029558528042,9670,972,1000,8697,1,54,1724,192,8,0,0,89,1,6867,1,1,1,13335,5790,US
4392,www.stepstone.de,0,1,13113,4.117702061209315,9670,4415,1000,5254,1,97,6041,34,14,0,0,89,1,-1,-1,-1,1,16625,9487,US
4393,www.stitchfix.com,0,1,21385,4.33010925459283,-1,-1,-1,-1,-1,29,5354,127,5,0,0,384,1,5423,1,1,1,16509,9513,US
4394,www.stonybrook.edu,0,1,11376,4.055989583385691,10028,4839,1000,5188,0,58,4255,31,9,0,0,90,1,-1,-1,-1,1,13335,5790,US
4395,www.strato.com,0,1,17564,4.24462342843235,10205,3510,1000,6694,1,0,-1,-1,0,-1,-1,-1,-1,9665,1,1,1,6724,8736,
4396,www.stream.cz,0,1,21366,4.329723224057897,9339,4627,1000,4712,1,36,2726,32,5,1,0,89,1,7680,1,1,1,43037,6932,
4397,www.strongtie.com,0,1,100395,5.001712084059181,10737,3192,1000,7544,1,65,7191,56,7,0,0,89,4,11254,1,1,1,20940,8665,
4398,www.stuartweitzman.com,0,1,106255,5.026349375628868,10027,3675,1000,6352,1,-1,-1,-1,-1,-1,-1,-1,-1,11234,1,1,1,13335,5790,US
4399,www.studiopress.com,0,1,14668,4.166370901288565,8448,4267,1000,4181,1,-1,-1,-1,-1,-1,-1,-1,-1,8804,1,1,1,13335,5790,US
4400,www.stuff.tv,0,1,46272,4.665318271278418,8635,4162,1000,4473,0,14,2898,1888,1,0,0,395,1,7245,1,1,1,13335,5790,US
4401,www.stuttgart.de,0,1,39014,4.591220479634285,10736,4750,1000,5986,1,-1,-1,-1,-1,-1,-1,-1,-1,-1,-1,-1,1,13335,5790,US
4402,www.stylist.co.uk,0,1,30149,4.479272911776857,6151,3382,1000,2769,1,-1,-1,-1,-1,-1,-1,-1,-1,8149,1,1,1,13335,5790,US
4403,www.suburbia.com.mx,0,1,45208,4.6552152942898415,9505,1113,1000,8392,1,-1,-1,-1,-1,-1,-1,-1,-1,-1,-1,-1,1,20940,8665,
4404,www.subway.com,0,1,8535,3.9312035254507522,10745,6137,1000,4607,1,108,6965,91,13,0,0,89,2,11082,1,1,1,16625,9487,US
4405,www.sudinfo.be,0,1,7123,3.8526629443445692,5595,3441,1000,2153,0,-1,-1,-1,-1,-1,-1,-1,-1,-1,-1,-1,1,20940,8665,
4406,www.sueddeutsche.de,0,1,2780,3.444044795918076,10737,7445,1000,3292,1,-1,-1,-1,-1,-1,-1,-1,-1,-1,-1,-1,1,16509,9513,US
4407,www.suedkurier.de,0,1,29081,4.463609336403467,10718,2355,1000,8363,1,-1,-1,-1,-1,-1,-1,-1,-1,-1,-1,-1,1,16509,9513,US
4408,www.suffolk.edu,0,1,30903,4.490000641890952,10387,4801,1000,5586,1,70,6036,30,10,0,0,396,1,-1,-1,-1,1,13335,5790,US
4409,www.suksesbogil.com,0,1,21529,4.333023857758089,4110,315,1000,3795,1,0,-1,-1,0,-1,-1,-1,-1,4327,1,1,1,13335,5790,US
4410,www.sumologic.com,0,1,19347,4.286613631657004,8118,2389,1000,5728,0,295,5232,31,16,0,0,236,1,5915,1,1,1,54113,5343,US
4411,www.suncoastcreditunion.com,0,1,51743,4.713851605008185,8582,1094,1000,7487,1,-1,-1,-1,-1,-1,-1,-1,-1,8623,1,1,1,13335,5790,US
4412,www.sunglasshut.com,0,1,29060,4.463295609962003,10632,3459,1000,7172,1,119,6900,114,18,0,0,365,1,11164,1,1,1,20940,8665,
4413,www.sunrun.com,0,1,63180,4.80057962156913,9889,2479,1000,7410,1,18,3970,524,4,0,0,394,1,10417,1,1,1,16509,9513,US
4414,www.superawesome.com,0,1,91430,4.961088719767896,8660,301,1000,8359,1,128,3130,31,7,0,0,90,1,8650,1,1,1,209242,2625,
4415,www.superpages.com,0,1,15795,4.198519630241168,10737,7544,1000,3193,1,38,7294,60,7,0,0,173,1,11068,1,1,1,13335,5790,US
4416,www.supersummary.com,0,1,69392,4.8413094048046865,5960,31,1000,5929,1,-1,-1,-1,-1,-1,-1,-1,-1,6633,1,1,1,16509,9513,US
4417,www.superteacherworksheets.com,0,1,50346,4.701964971474833,7041,739,1000,6302,1,-1,-1,-1,-1,-1,-1,-1,-1,7058,1,1,1,14618,7503,US
4418,www.surveyjunkie.com,0,1,48889,4.689211154078654,9154,1581,1000,7572,1,-1,-1,-1,-1,-1,-1,-1,-1,7531,1,1,1,19551,5608,US
4419,www.sush.app,0,1,306744,5.48677607655837,1612,71,1000,1541,1,23,1444,352,4,0,0,89,1,1447,1,1,1,16509,9513,US
4420,www.svenskaspel.se,0,1,17792,4.250224769901964,9718,4368,1000,5349,0,113,4402,35,11,0,0,396,3,-1,-1,-1,1,49172,6237,
4421,www.svt.se,0,1,4412,3.644635503768153,-1,-1,-1,-1,-1,98,4142,240,5,0,0,345,1,-1,-1,-1,1,16625,9487,US
4422,www.swansonvitamins.com,0,1,44645,4.649772827300677,9977,5647,1000,4330,1,128,7500,48,19,0,0,90,1,9933,1,1,1,13335,5790,US
4423,www.swedbank.se,0,1,36036,4.556736578246606,8582,3937,1000,4645,0,-1,-1,-1,-1,-1,-1,-1,-1,-1,-1,-1,1,54113,5343,US
4424,www.swiggy.com,0,1,4619,3.6645479622465467,8938,1770,1000,7167,0,9,2848,2132,6,0,1,365,1,4801,1,1,1,16509,9513,US
4425,www.swinglife.ru,0,0,-1,-1.0,7002,2681,1000,4320,1,110,2893,37,6,1,0,89,1,-1,-1,-1,1,49352,6204,
4426,www.sydney.edu.au,0,0,-1,-1.0,8390,3436,1000,4954,1,1,1535,1535,1,0,0,365,1,-1,-1,1,1,16509,9513,US
4427,www.sykescottages.co.uk,0,1,47086,4.672891798284876,10022,3058,1000,6963,1,10,6330,2857,6,0,0,798,1,10495,1,1,1,16509,9513,US
4428,www.symbio.global,0,0,-1,-1.0,1838,32,1000,1805,1,77,1862,61,10,0,0,89,1,1917,1,1,1,209242,2625,
4429,www.symbolab.com,0,1,36791,4.565741592358979,8095,1938,1000,6156,0,4,769,769,2,1,0,89,1,5067,1,1,1,13335,5790,US
4430,www.syncfusion.com,0,1,44944,4.652671721857502,9042,4115,1000,4926,1,-1,-1,-1,-1,-1,-1,-1,-1,9121,1,1,1,13335,5790,US
4431,www.synchronybank.com,0,1,65149,4.813907753927115,4318,11,1000,4306,0,48,4018,43,6,0,0,669,1,4593,1,1,1,16625,9487,US
4432,www.t-2.net,0,1,42029,4.623549056918393,9067,3165,1000,5901,1,0,-1,-1,0,-1,-1,-1,-1,8336,1,1,1,34779,7716,
4433,www.t-mobile.com,0,1,428,2.6314437690131722,9409,7442,1000,1966,1,310,7009,85,7,0,0,300,1,9624,1,1,1,20940,8665,
4434,www.t-online.de,0,1,235,2.3710678622717363,10690,7571,1000,3118,1,-1,-1,-1,-1,-1,-1,-1,-1,-1,-1,-1,1,16509,9513,US
4435,www.t.ht.hr,0,1,35006,4.544142488452147,7893,1917,1000,5975,1,-1,-1,-1,-1,-1,-1,-1,-1,-1,-1,-1,1,5391,8776,
4436,www.tableau.com,0,1,2900,3.462397997898956,10744,3449,1000,7295,1,-1,-1,-1,-1,-1,-1,-1,-1,10923,1,1,1,16625,9487,US
4437,www.takealot.com,0,1,5837,3.7661896933101597,5371,3764,1000,1607,0,0,-1,-1,0,-1,-1,-1,-1,5467,1,1,1,13335,5790,US
4438,www.talech.com,0,1,49657,4.6959804783518235,4747,82,1000,4664,1,-1,-1,-1,-1,-1,-1,-1,-1,5308,1,1,1,14618,7503,US
4439,www.talentlms.com,0,1,16673,4.222013750171359,5208,2351,1000,2856,1,10,1038,237,3,0,1,394,1,5382,1,1,1,16509,9513,US
4440,www.tamilanjobs.com,0,0,-1,-1.0,3237,64,1000,3172,1,-1,-1,-1,-1,-1,-1,-1,-1,3263,1,1,1,13335,5790,US
4441,www.tamilsexvids.net,0,1,9856,3.99370069482035,2498,9,1000,2488,1,-1,-1,-1,-1,-1,-1,-1,-1,2674,1,1,1,13335,5790,US
4442,www.tanda.co,0,1,38362,4.583901240999187,4689,85,1000,4604,0,78,4519,732,6,0,0,90,1,-1,-1,-1,1,16509,9513,US
4443,www.tandfonline.com,0,1,565,2.7520484478194387,5587,4764,1000,823,0,-1,-1,-1,-1,-1,-1,-1,-1,7568,1,1,1,13335,5790,US
4444,www.tangiblee.com,0,1,40243,4.604690348660232,4287,12,1000,4275,1,-1,-1,-1,-1,-1,-1,-1,-1,4311,1,1,1,209242,2625,
4445,www.taringa.net,0,1,36410,4.561220678933943,7514,4856,1000,2657,1,-1,-1,-1,-1,-1,-1,-1,-1,7693,1,1,1,16509,9513,US
4446,www.taskade.com,0,1,40140,4.603577368151467,5586,1219,1000,4366,1,-1,-1,-1,-1,-1,-1,-1,-1,5297,1,1,1,13335,5790,US
4447,www.tasteofhome.com,0,1,11782,4.071219018399974,10027,5248,1000,4779,1,7,7352,343,3,0,0,90,1,10632,1,1,1,13335,5790,US
4448,www.tatadigital.com,0,1,102463,5.010567067374521,5587,152,1000,5434,1,99,1738,75,7,0,0,89,1,4013,1,1,1,20940,8665,
4449,www.tbo.com,0,1,46555,4.667966330984331,10735,7548,1000,3187,1,-1,-1,-1,-1,-1,-1,-1,-1,10107,1,1,1,16509,9513,US
4450,www.tchibo.de,0,1,8539,3.9314070135565733,10031,5762,1000,4268,1,42,6880,286,7,0,0,365,1,-1,-1,-1,1,16625,9487,US
4451,www.tcsion.com,0,1,37780,4.577261953585815,5571,66,1000,5505,1,37,5062,118,6,0,0,364,1,5585,1,1,1,20940,8665,
4452,www.teamfortress.com,0,1,27967,4.446645882412897,10580,4319,1000,6261,1,-1,-1,-1,-1,-1,-1,-1,-1,7921,1,1,1,16625,9487,US
4453,www.teamleader.eu,0,1,35415,4.549187246134408,3781,69,1000,3712,0,-1,-1,-1,-1,-1,-1,-1,-1,-1,-1,-1,1,13335,5790,US
4454,www.teb.com.tr,0,1,36400,4.561101383649056,10022,3578,1000,6443,1,2,196,196,1,0,0,364,1,-1,-1,-1,1,13138,20594,
4455,www.techadvisor.com,0,1,28698,4.457851631255608,9131,1329,1000,7802,1,-1,-1,-1,-1,-1,-1,-1,-1,9486,1,1,1,2635,4980,US
4456,www.techdirt.com,0,1,13534,4.13142617214745,10028,7408,1000,2620,1,-1,-1,-1,-1,-1,-1,-1,-1,10321,1,1,1,13335,5790,US
4457,www.techrepublic.com,0,1,5159,3.7125655278733083,9883,5838,1000,4045,1,98,5230,58,12,0,0,130,1,10044,1,1,1,13335,5790,US
4458,www.teddymobile.cn,0,1,41257,4.615497645090984,3890,72,1000,3818,1,0,-1,-1,0,-1,-1,-1,-1,-1,-1,-1,1,4837,-1,CN
4459,www.tehrantimes.com,0,1,29013,4.46259263800925,9977,5376,1000,4601,1,20,2818,809,3,0,0,90,1,10114,1,1,1,200554,1253,
4460,www.tele2.nl,0,1,43449,4.637979785399654,10029,5094,1000,4934,1,18,3647,254,4,0,0,365,1,10386,1,1,1,8075,10643,US
4461,www.teleborsa.it,0,1,47877,4.680126929448146,9986,1995,1000,7991,1,5,6964,5432,2,0,0,395,1,-1,-1,-1,1,3313,8645,
4462,www.teleflora.com,0,1,48991,4.690116304327723,10028,6470,1000,3558,1,89,7168,44,11,0,0,111,1,11404,1,1,1,13335,5790,US
4463,www.telekom.de,0,1,72,1.8573324964312685,10353,4492,1000,5860,1,33,7035,29,11,0,0,370,1,-1,-1,-1,1,16509,9513,US
4464,www.telematica.at,0,1,96939,4.986498535329778,9180,19,1000,9161,1,16,3781,314,4,0,0,365,1,-1,-1,-1,1,42473,7022,
4465,www.telenor.dk,0,1,31544,4.498916764065167,10731,4168,1000,6563,1,-1,-1,-1,-1,-1,-1,-1,-1,-1,-1,-1,1,9158,8811,
4466,www.telenor.no,0,1,32648,4.513856581765214,10353,4695,1000,5658,1,81,3575,33,6,1,0,179,1,9684,1,1,1,8075,10643,US
4467,www.teleparty.com,0,1,9018,3.955110230970552,8635,1329,1000,7306,1,69,2352,35,6,1,0,89,1,2359,1,1,1,16509,9513,US
4468,www.telepass.com,0,1,52897,4.723431042160122,8453,1,1000,8452,0,-1,-1,-1,-1,-1,-1,-1,-1,9563,1,1,1,396982,2836,US
4469,www.teletexto.com,0,1,89002,4.949399765961817,9506,4662,1000,4844,1,42,2885,191,3,0,0,327,1,9617,1,1,1,8560,8678,
4470,www.tempo.io,0,1,29319,4.467149153489957,4540,35,1000,4504,1,102,3803,66,17,0,0,365,1,-1,-1,-1,1,16509,9513,US
4471,www.temu.com,0,1,377,2.576341350205793,8640,1242,1000,7398,1,5,1696,1261,2,0,0,89,1,8422,1,1,1,13335,5790,US
4472,www.tenable.com,0,1,2690,3.429752280002408,10353,3884,1000,6468,1,-1,-1,-1,-1,-1,-1,-1,-1,10633,1,1,1,13335,5790,US
4473,www.tenethealth.com,0,1,74558,4.872494249659584,10737,3240,1000,7497,1,112,4199,24,10,0,0,365,1,11109,1,1,1,13335,5790,US
4474,www.tenjin.com,0,1,8756,3.9423057528958942,10022,14,1000,10007,1,22,937,318,3,1,0,89,1,10096,1,1,1,14618,7503,US
4475,www.tensorflow.org,0,1,10455,4.019324037153691,3845,2853,1000,992,1,-1,-1,-1,-1,-1,-1,-1,-1,3921,1,1,1,15169,9548,US
4476,www.terabox.com,0,1,4513,3.654465333520146,9178,749,1000,8428,1,3,2623,20,2,0,0,89,1,6515,1,1,1,2497,-1,JP
4477,www.teslatel.ru,0,1,53165,4.725625818213062,3887,31,1000,3856,1,137,3457,31,7,0,0,89,1,-1,-1,-1,1,197695,5532,
4478,www.test.de,0,1,16017,4.204581175577571,10052,3847,1000,6204,1,-1,-1,-1,-1,-1,-1,-1,-1,-1,-1,-1,1,34309,7825,
4479,www.texasobserver.org,0,1,47478,4.676492416111153,10374,4538,1000,5836,1,-1,-1,-1,-1,-1,-1,-1,-1,10457,1,1,1,13335,5790,US
4480,www.textron.com,0,1,50463,4.70297306553782,10779,3271,1000,7507,1,-1,-1,-1,-1,-1,-1,-1,-1,12456,1,1,1,8075,10643,US
4481,www.the-numbers.com,0,1,38502,4.585483289674834,9874,4988,1000,4886,1,-1,-1,-1,-1,-1,-1,-1,-1,9960,1,1,1,14061,4986,US
4482,www.thearchaeologist.org,0,1,327914,5.515759958886358,1853,3,1000,1850,1,-1,-1,-1,-1,-1,-1,-1,-1,1897,1,1,1,53831,4887,US
4483,www.thebalancemoney.com,0,1,5068,3.7048366062114035,1606,1126,1000,480,0,-1,-1,-1,-1,-1,-1,-1,-1,2990,1,1,1,13335,5790,US
4485,www.theborneopost.com,0,1,59683,4.7758506450728575,7048,4638,1000,2409,1,-1,-1,-1,-1,-1,-1,-1,-1,7409,1,1,1,13335,5790,US
4486,www.thecompanystore.com,0,1,81690,4.912168896059627,10022,6409,1000,3612,1,36,6965,58,10,0,0,365,1,11006,1,1,1,20940,8665,
4487,www.thedailystar.net,0,1,15531,4.191199419701518,8533,6368,1000,2165,1,2,2990,2685,1,0,0,426,1,8551,1,1,1,13335,5790,US
4488,www.thefader.com,0,1,34123,4.533047206146454,9720,4289,1000,5430,1,7,5319,468,4,0,0,400,1,10259,1,1,1,54113,5343,US
4489,www.thehartford.com,0,1,15180,4.181271771559461,10031,7081,1000,2950,0,127,6534,83,10,0,0,366,2,11302,1,1,1,16625,9487,US
4490,www.theiet.org,0,1,15012,4.176438555741044,7351,4296,1000,3054,1,5,7049,4881,3,0,0,730,1,8027,1,1,1,19551,5608,US
4491,www.thelist.com,0,1,30649,4.486416309145892,10030,4010,1000,6020,0,0,-1,-1,0,-1,-1,-1,-1,11333,1,1,1,16509,9513,US
4492,www.themarginalian.org,0,1,49466,4.694306793158542,1671,1226,1000,445,0,42,1267,67,5,1,0,89,1,1702,1,1,1,13335,5790,US
4493,www.themehorse.com,0,1,28223,4.450603175761257,5586,2245,1000,3340,1,186,3669,42,13,0,0,89,1,5008,1,1,1,13335,5790,US
4494,www.themeinwp.com,0,1,75906,4.88027610611817,3615,2127,1000,1487,1,73,3302,1540,5,0,0,90,1,3677,1,1,1,396982,2836,US
4495,www.themoneytizer.com,0,1,21749,4.337439293269231,6563,2010,1000,4552,0,60,1669,38,7,0,0,89,1,4587,1,1,1,16509,9513,US
4496,www.themuse.com,0,1,14558,4.163101715043975,10737,4294,1000,6443,1,71,980,35,10,1,0,89,1,10005,1,1,1,13335,5790,US
4497,www.thenest.com,0,1,74141,4.8700584394161375,9069,4528,1000,4541,0,170,3357,564,3,0,0,89,1,11089,1,1,1,13335,5790,US
4498,www.thenorthface.com,0,1,13346,4.125351120514752,10027,6399,1000,3628,1,133,6562,141,22,0,0,365,2,11164,1,1,1,16625,9487,US
4499,www.theoremreach.com,0,1,68578,4.83618481525502,4232,33,1000,4198,1,-1,-1,-1,-1,-1,-1,-1,-1,4317,1,1,1,14618,7503,US
4500,www.theoutnet.com,0,1,34220,4.534280005205082,6450,4174,1000,2275,1,-1,-1,-1,-1,-1,-1,-1,-1,7761,1,1,1,16625,9487,US
4501,www.theperfectgift.ca,0,1,235720,5.372396432423112,7150,7,1000,7142,1,125,3261,76,14,0,0,89,1,7088,1,1,1,209242,2625,
4502,www.theperfumeshop.com,0,1,45966,4.662436712723319,9574,3804,1000,5770,1,-1,-1,-1,-1,-1,-1,-1,-1,10275,1,1,1,16625,9487,US
4503,www.therapistaid.com,0,1,49428,4.693973038004042,5160,14,1000,5146,1,-1,-1,-1,-1,-1,-1,-1,-1,5234,1,1,1,13335,5790,US
4504,www.therapyappointment.com,0,1,51603,4.712674950572418,5964,71,1000,5893,1,-1,-1,-1,-1,-1,-1,-1,-1,6804,1,1,1,209242,2625,
4505,www.therapynotes.com,0,1,7987,3.9023836844324715,8174,19,1000,8155,1,11,5682,2834,3,0,0,746,2,7003,1,1,1,13335,5790,US
4506,www.therichest.com,0,1,44277,4.646178187464514,9127,3455,1000,5671,1,3,3124,3004,1,1,0,90,1,9962,1,1,1,14618,7503,US
4507,www.thewhitecompany.com,0,1,48380,4.6846658640258605,9681,5093,1000,4587,1,61,5844,27,17,0,0,364,1,9011,1,1,1,20940,8665,
4508,www.theworlds50best.com,0,1,26068,4.416107712323562,7353,2927,1000,4426,0,24,3390,134,1,0,0,365,1,7567,1,1,1,63949,-1,SG
4509,www.thieme.com,0,1,135757,5.132762232242432,10734,1286,1000,9447,1,16,7100,212,7,0,0,394,1,11280,1,1,1,16509,9513,US
4510,www.thingiverse.com,0,1,3131,3.4956830676169153,6419,3894,1000,2524,1,95,2725,2030,2,0,0,113,1,6423,1,1,1,13335,5790,US
4511,www.thinline.cz,0,1,21657,4.335598296533003,8638,27,1000,8611,1,0,-1,-1,0,-1,-1,-1,-1,8898,1,1,1,60606,2721,
4512,www.thisiscolossal.com,0,1,24111,4.382215223047534,5690,4521,1000,1169,1,133,3241,27,11,0,0,89,1,5755,1,1,1,13335,5790,US
4513,www.three.com.hk,0,1,62870,4.798443460350187,8759,6110,1000,2649,0,-1,-1,-1,-1,-1,-1,-1,-1,-1,-1,-1,1,13335,5790,US
4514,www.thumbzilla.com,0,1,21287,4.328114460158389,9745,7566,1000,2178,1,0,-1,-1,0,-1,-1,-1,-1,9925,1,1,1,29789,8417,US
4515,www.tiaa.org,0,1,26430,4.422097163131711,10701,1464,1000,9236,1,153,3885,33,10,0,0,365,1,12888,1,1,1,16625,9487,US
4516,www.tibco.com,0,1,36896,4.566979285614605,10740,6192,1000,4548,1,77,3660,320,6,0,0,374,6,11046,1,1,1,16625,9487,US
4517,www.ticketone.it,0,1,7784,3.8912028272602956,9885,5866,1000,4019,1,168,7692,22,15,0,0,316,1,-1,-1,-1,1,16625,9487,US
4518,www.ticketsonsale.com,0,1,65068,4.813367457996916,9239,11,1000,9228,1,44,2483,73,6,1,0,89,1,8976,1,1,1,13335,5790,US
4519,www.ticketsource.co.uk,0,1,35071,4.544948149351425,8014,140,1000,7874,1,35,5930,27,7,0,0,90,1,8100,1,1,1,13335,5790,US
4520,www.tideschart.com,0,1,46256,4.665168074326583,4687,5,1000,4682,0,0,-1,-1,0,-1,-1,-1,-1,3539,1,1,1,13335,5790,US
4521,www.tierpoint.com,0,1,13956,4.144760960776074,6793,2447,1000,4346,1,-1,-1,-1,-1,-1,-1,-1,-1,7219,1,1,1,209242,2625,
4522,www.tigo.com.co,0,1,38711,4.587834390354667,6869,12,1000,6856,1,10,5089,1791,8,0,0,425,1,-1,-1,-1,1,13335,5790,US
4523,www.tijd.be,0,1,27465,4.438779603357378,10695,6398,1000,4297,1,203,4543,22,10,0,0,89,1,-1,-1,-1,1,20940,8665,
4524,www.tiket.com,0,1,8624,3.9357087478426633,9538,2253,1000,7284,1,13,4054,2236,6,0,1,190,2,9574,1,1,1,13335,5790,US
4525,www.tiktok.com,0,1,59,1.7708520116421442,10028,2546,1000,7481,1,-1,-1,-1,-1,-1,-1,-1,-1,10896,1,1,1,20940,8665,
4526,www.tillys.com,0,1,33132,4.520247652686888,10031,4513,1000,5518,1,-1,-1,-1,-1,-1,-1,-1,-1,10460,1,1,1,13335,5790,US
4527,www.tim.it,0,1,7325,3.864807629026147,10744,4922,1000,5822,1,-1,-1,-1,-1,-1,-1,-1,-1,-1,-1,-1,1,16509,9513,US
4528,www.timeslive.co.za,0,1,18036,4.256140226634533,6095,5180,1000,914,1,-1,-1,-1,-1,-1,-1,-1,-1,-1,-1,-1,1,20940,8665,
4529,www.tingyun.com,0,1,36964,4.567778961572183,8380,793,1000,7587,1,-1,-1,-1,-1,-1,-1,-1,-1,5331,1,1,1,4837,-1,CN
4530,www.tinkercad.com,0,1,4355,3.638988159343682,5710,3243,1000,2466,1,-1,-1,-1,-1,-1,-1,-1,-1,6188,1,1,1,16509,9513,US
4531,www.tiobe.com,0,1,33478,4.524759505028858,9210,924,1000,8286,1,-1,-1,-1,-1,-1,-1,-1,-1,9379,1,1,1,20847,8644,
4532,www.tippmix.hu,0,1,9961,3.998302940098541,10022,1686,1000,8335,1,-1,-1,-1,-1,-1,-1,-1,-1,-1,-1,-1,1,24690,8854,
4533,www.tipranks.com,0,1,19095,4.280919662709336,4940,1667,1000,3273,1,202,4355,337,7,0,0,95,1,5371,1,1,1,13335,5790,US
4534,www.tiscali.it,0,1,5748,3.759516759462188,10031,7737,1000,2294,1,8,1590,507,1,0,0,90,1,-1,-1,-1,1,8612,8917,
4535,www.tistory.com,0,1,4645,3.6669857183296606,7291,3968,1000,3322,1,10,5637,2926,3,0,0,735,1,7536,1,1,1,152199,-1,KR
4536,www.tixr.com,0,1,28530,4.455301771657076,7273,903,1000,6370,1,0,-1,-1,0,-1,-1,-1,-1,7392,1,1,1,16509,9513,US
4537,www.tkl-vidnoe.ru,0,1,178416,5.251433798471313,5347,73,1000,5273,1,46,2970,1795,2,1,0,90,1,-1,-1,-1,1,51054,5489,
4538,www.tnaflix.com,0,1,1097,3.0402066275747113,6933,5483,1000,1449,1,-1,-1,-1,-1,-1,-1,-1,-1,7032,1,1,1,12876,8759,
4539,www.tnt.com,0,1,18999,4.278730742746982,10736,4613,1000,6122,1,52,4480,339,12,0,0,395,1,10822,1,1,1,20940,8665,
4540,www.tntdrama.com,0,1,54002,4.732409844505917,5191,3727,1000,1463,1,57,3555,2626,2,0,0,301,1,9303,1,1,1,16625,9487,US
4541,www.today.it,0,1,34624,4.539377239090457,9238,3231,1000,6007,1,20,3331,20,4,1,0,90,1,-1,-1,-1,1,31034,8133,
4542,www.todesktop.com,0,1,22456,4.351332399626383,6409,14,1000,6395,1,-1,-1,-1,-1,-1,-1,-1,-1,2890,1,1,1,13335,5790,US
4543,www.togumsa.com,0,0,-1,-1.0,1056,791,1000,264,1,-1,-1,-1,-1,-1,-1,-1,-1,1065,1,1,1,14061,4986,US
4544,www.tohotheater.jp,0,1,8471,3.9279346817411795,7629,1674,1000,5954,1,-1,-1,-1,-1,-1,-1,-1,-1,-1,-1,-1,1,20940,8665,
4545,www.tom.com,0,1,23444,4.370031712709581,10737,7340,1000,3396,1,-1,-1,-1,-1,-1,-1,-1,-1,11392,1,1,1,10032,-1,HK
4546,www.tomtom.com,0,1,6359,3.8033888249836134,10745,7230,1000,3514,1,-1,-1,-1,-1,-1,-1,-1,-1,11045,1,1,1,20940,8665,
4547,www.toogoodtogo.com,0,1,19405,4.287913647076033,3776,695,1000,3081,1,-1,-1,-1,-1,-1,-1,-1,-1,3926,1,1,1,16509,9513,US
4548,www.top10.com,0,1,79081,4.898072152444063,10348,2349,1000,7999,1,-1,-1,-1,-1,-1,-1,-1,-1,10871,1,1,1,16509,9513,US
4549,www.top10vpn.com,0,1,57129,4.756856622130164,4864,15,1000,4849,1,-1,-1,-1,-1,-1,-1,-1,-1,5575,1,1,1,54113,5343,US
4550,www.topito.com,0,1,120977,5.0827028106259515,9220,4081,1000,5139,1,-1,-1,-1,-1,-1,-1,-1,-1,7388,1,1,1,24940,8753,
4551,www.torcai.com,0,1,145745,5.163593664565481,3219,65,1000,3153,1,-1,-1,-1,-1,-1,-1,-1,-1,3326,1,1,1,132335,-1,IN
4552,www.torontomu.ca,0,1,22988,4.36150118846166,1483,1147,1000,335,0,-1,-1,-1,-1,-1,-1,-1,-1,1572,1,1,1,26996,8533,CA
4553,www.totalcasino.pl,0,1,9198,3.963693405238019,2700,26,1000,2674,0,-1,-1,-1,-1,-1,-1,-1,-1,2989,1,1,1,13335,5790,US
4554,www.totaldefense.com,0,1,47626,4.677844107632178,8754,4040,1000,4713,1,-1,-1,-1,-1,-1,-1,-1,-1,8820,1,1,1,13335,5790,US
4555,www.totvs.com,0,1,52441,4.719670964679776,7029,1901,1000,5128,1,-1,-1,-1,-1,-1,-1,-1,-1,7693,1,1,1,13335,5790,US
4557,www.townandcountrymag.com,0,1,14842,4.171492427252901,8940,4236,1000,4703,1,-1,-1,-1,-1,-1,-1,-1,-1,9827,1,1,1,54113,5343,US
4558,www.tplinkcloud.com,0,1,550,2.7403626894942437,4081,16,1000,4064,1,-1,-1,-1,-1,-1,-1,-1,-1,4418,1,1,1,16509,9513,US
4559,www.trackingplan.com,0,1,33842,4.52945602113109,4387,37,1000,4350,1,-1,-1,-1,-1,-1,-1,-1,-1,4424,1,1,1,13335,5790,US
4560,www.tradeindia.com,0,1,13046,4.115477374186469,10032,5688,1000,4344,1,399,6751,191,7,0,0,90,1,10100,1,1,1,16509,9513,US
4561,www.tradesoft.ru,0,1,9919,3.9964678902617172,9180,11,1000,9169,1,-1,-1,-1,-1,-1,-1,-1,-1,-1,-1,-1,1,43298,1895,
4562,www.tradingview.com,0,1,341,2.5327543789924976,8210,3866,1000,4343,1,-1,-1,-1,-1,-1,-1,-1,-1,5905,1,1,1,16509,9513,US
4563,www.trafficfactory.com,0,1,154036,5.187622232357322,9154,1728,1000,7425,1,69,3189,355,4,1,0,89,1,8147,1,1,1,8646,3872,
4564,www.trafficguard.ai,0,1,15443,4.188731671445743,2832,6,1000,2826,1,132,2918,18,13,0,0,90,1,3008,1,1,1,209242,2625,
4565,www.trane.com,0,1,21670,4.335858911319818,10732,3816,1000,6916,1,64,7317,178,15,0,0,394,14,11983,1,1,1,16509,9513,US
4566,www.transavia.com,0,1,14039,4.147336174036738,9577,4077,1000,5499,0,293,6762,66,26,0,0,1,5,11038,1,1,1,13335,5790,US
4567,www.transfermarkt.co.id,0,1,51768,4.714061386814151,2137,785,1000,1352,1,-1,-1,-1,-1,-1,-1,-1,-1,2196,1,1,1,16509,9513,US
4568,www.transfermarkt.us,0,1,36338,4.560361020581635,4713,2060,1000,2652,0,67,3318,1851,2,1,0,90,1,-1,-1,-1,1,16509,9513,US
4569,www.translate.com,0,1,53739,4.730289580621105,10741,4180,1000,6560,1,46,6438,47,7,0,0,90,1,9963,1,1,1,13335,5790,US
4570,www.transperfect.com,0,1,50862,4.706393433540953,10052,2353,1000,7698,1,-1,-1,-1,-1,-1,-1,-1,-1,10359,1,1,1,20940,8665,
4571,www.travelbook.de,0,1,34008,4.531581091959066,10731,3080,1000,7651,1,42,849,75,7,1,0,89,1,-1,-1,-1,1,20940,8665,
4572,www.traveloffpath.com,0,1,101585,5.0068295849344855,3170,1,1000,3168,1,-1,-1,-1,-1,-1,-1,-1,-1,3318,1,1,1,13335,5790,US
4573,www.travelport.com,0,1,41748,4.6206356747952135,9725,1927,1000,7797,1,-1,-1,-1,-1,-1,-1,-1,-1,8999,1,1,1,16509,9513,US
4574,www.travis-ci.com,0,1,20167,4.30464129829467,5010,1378,1000,3631,0,-1,-1,-1,-1,-1,-1,-1,-1,5574,1,1,1,13335,5790,US
4575,www.trekbikes.com,0,1,12065,4.081527326244805,10775,7347,1000,3427,1,-1,-1,-1,-1,-1,-1,-1,-1,11209,1,1,1,8075,10643,US
4576,www.trendhunter.com,0,1,23713,4.37498650130111,8096,5125,1000,2970,1,98,5384,47,15,0,0,297,1,8030,1,1,1,20940,8665,
4577,www.tribalfootball.com,0,1,89038,4.949575396174821,9298,4566,1000,4732,1,-1,-1,-1,-1,-1,-1,-1,-1,9402,1,1,1,13335,5790,US
4578,www.trifle.net,0,1,49759,4.696871643812066,10184,65,1000,10118,1,-1,-1,-1,-1,-1,-1,-1,-1,10834,1,1,1,6702,8933,
4579,www.trinity.edu,0,1,46886,4.671043183218105,10676,4348,1000,6327,1,54,7394,44,6,0,0,89,1,-1,-1,-1,1,54113,5343,US
4580,www.tripadvisor.co.uk,0,1,3336,3.5232260419657013,8538,4509,1000,4029,1,-1,-1,-1,-1,-1,-1,-1,-1,8734,1,1,1,16509,9513,US
4581,www.tripadvisor.ie,0,1,28501,4.45486009814405,7413,4498,1000,2914,1,91,5272,323,5,0,0,385,1,-1,-1,-1,1,16509,9513,US
4582,www.tripadvisor.pt,0,1,42286,4.6261966054569434,6670,3355,1000,3315,0,-1,-1,-1,-1,-1,-1,-1,-1,-1,-1,-1,1,16509,9513,US
4583,www.trongrid.io,0,1,10309,4.01321653962444,2604,32,1000,2572,1,-1,-1,-1,-1,-1,-1,-1,-1,-1,-1,-1,1,16509,9513,US
4584,www.tronlink.org,0,1,27229,4.435031691929144,2590,6,1000,2583,1,5,2619,100,2,0,0,365,1,2703,1,1,1,13335,5790,US
4585,www.truckpaper.com,0,1,49448,4.694148730583769,10022,6410,1000,3611,1,9,5875,3380,2,0,0,373,1,11073,1,1,1,13335,5790,US
4586,www.trueclassictees.com,0,1,62691,4.797205197435356,2466,629,1000,1836,1,147,2556,48,13,0,1,89,2,2574,1,1,1,13335,5790,US
4587,www.trustedreviews.com,0,1,17938,4.25377401967888,8340,4578,1000,3761,0,577,6685,185,9,0,0,135,1,8382,1,1,1,13335,5790,US
4588,www.trybooking.com,0,1,31773,4.502058222757106,6863,1019,1000,5843,1,14,6159,251,5,0,0,394,2,6870,1,1,1,16509,9513,US
4589,www.tsb.co.uk,0,1,55518,4.744433812551107,10345,2427,1000,7918,1,-1,-1,-1,-1,-1,-1,-1,-1,11246,1,1,1,20940,8665,
4590,www.tshaonline.org,0,1,39195,4.593230668783007,6765,3796,1000,2968,1,129,5712,59,16,0,0,90,1,7148,1,1,1,13335,5790,US
4591,www.ttnet.net,0,1,54594,4.737144915413969,10345,6923,1000,3421,1,1,3610,3610,1,0,0,1095,1,10725,1,1,1,16509,9513,US
4592,www.tube188.com,0,1,333390,5.522952569067417,4920,2987,1000,1932,0,58,1779,68,5,1,0,89,1,5303,1,1,0,-1,-1,
4593,www.tuhh.de,0,1,37828,4.57781338036425,9977,1458,1000,8519,1,-1,-1,-1,-1,-1,-1,-1,-1,-1,-1,-1,1,680,8643,
4594,www.tunnelbear.com,0,1,18175,4.259474419531076,5465,3016,1000,2449,1,1,5550,5550,1,0,0,1096,1,5578,1,1,1,13335,5790,US
4595,www.turbosquid.com,0,1,8597,3.9343469267382556,9409,5916,1000,3492,1,23,7205,3390,8,0,0,397,1,9553,1,1,1,16509,9513,US
4596,www.turfpremium.com.ar,0,1,89271,4.950710399701042,4167,73,1000,4093,1,34,2030,78,8,0,0,89,1,3641,1,1,1,13335,5790,US
4597,www.turistinfo.ro,0,1,173098,5.238292050001438,7465,1831,1000,5634,1,2,1196,1196,1,1,0,90,1,-1,-1,-1,1,13335,5790,US
4598,www.turkishairlines.com,0,1,6637,3.821971817642043,10628,4989,1000,5638,1,90,3080,87,5,1,0,89,2,10970,1,1,1,20940,8665,
4599,www.tutor.com,0,1,68814,4.837676803122334,10344,4528,1000,5816,1,8,7325,3768,4,0,0,750,1,10353,1,1,1,16509,9513,US
4600,www.tuwien.at,0,1,32041,4.505706061959787,8504,1856,1000,6648,0,43,3142,78,4,0,0,365,1,-1,-1,-1,1,679,8666,
4601,www.tuxfamily.org,0,1,21237,4.327093167048512,9407,2781,1000,6625,1,-1,-1,-1,-1,-1,-1,-1,-1,9731,1,1,1,29075,8395,
4602,www.tv4.se,0,1,33928,4.530558259451653,10732,6917,1000,3814,1,61,4633,96,10,0,0,393,1,-1,-1,-1,1,16509,9513,US
4603,www.tvazteca.com,0,1,10507,4.021478732257528,10033,5309,1000,4724,1,16,3146,2351,4,0,0,311,1,10393,1,1,1,19551,5608,US
4604,www.tvigle.ru,0,1,57203,4.757418805878346,6653,3857,1000,2795,1,3,3156,3156,1,1,0,90,1,-1,-1,-1,1,44670,6663,
4605,www.tvmao.com,0,1,46388,4.666405648490134,7470,3748,1000,3721,1,10,3387,2337,2,0,0,365,1,7496,1,1,1,24429,-1,CN
4606,www.tvmaze.com,0,1,32231,4.508273780155357,4242,2069,1000,2172,1,186,3469,40,7,1,0,89,1,4351,1,1,1,197540,5593,
4607,www.tvtoday.de,0,1,40336,4.605692828332371,10807,3725,1000,7082,1,0,-1,-1,0,-1,-1,-1,-1,-1,-1,-1,1,39218,7435,
4608,www.twpornstars.com,0,1,1597,3.203304916138483,3891,4,1000,3887,1,0,-1,-1,0,-1,-1,-1,-1,3936,1,1,1,13335,5790,US
4609,www.tylertech.com,0,1,42395,4.627314639600881,10224,3356,1000,6868,1,9,2065,335,2,0,0,395,1,10569,1,1,1,14618,7503,US
4610,www.typeform.com,0,1,917,2.962369335670021,-1,-1,-1,-1,-1,0,-1,-1,0,-1,-1,-1,-1,8735,1,1,1,16509,9513,US
4611,www.uaf.edu,0,1,17670,4.247236549506764,10724,3601,1000,7123,1,12,6616,2246,5,0,0,730,1,-1,-1,-1,1,7774,10725,US
4612,www.ubc.ca,0,1,2291,3.3600250891893975,10768,6893,1000,3874,1,-1,-1,-1,-1,-1,-1,-1,-1,9358,1,1,1,16509,9513,US
4613,www.uberflip.com,0,1,44641,4.649733914639593,5186,2419,1000,2766,1,-1,-1,-1,-1,-1,-1,-1,-1,5295,1,1,1,16509,9513,US
4614,www.ubisoft.com,0,1,2794,3.446226401778163,10778,4184,1000,6594,1,-1,-1,-1,-1,-1,-1,-1,-1,11347,1,1,1,16509,9513,US
4615,www.uchealth.org,0,1,27102,4.4330013409450375,8260,2250,1000,6010,1,-1,-1,-1,-1,-1,-1,-1,-1,8947,1,1,1,13335,5790,US
4616,www.uclan.ac.uk,0,1,48539,4.686090824757442,10387,4279,1000,6107,1,-1,-1,-1,-1,-1,-1,-1,-1,-1,-1,-1,1,16509,9513,US
4617,www.ucloud.cn,0,1,3652,3.562530768862261,5095,14,1000,5080,0,-1,-1,-1,-1,-1,-1,-1,-1,-1,-1,-1,1,139057,-1,SG
4618,www.ucp.pt,0,1,29834,4.47471148539244,9986,1435,1000,8550,1,-1,-1,-1,-1,-1,-1,-1,-1,-1,-1,-1,1,1930,8645,
4619,www.udemy.com,0,1,1831,3.2626883443016963,6121,4517,1000,1604,0,-1,-1,-1,-1,-1,-1,-1,-1,6124,1,1,1,13335,5790,US
4620,www.udiscovermusic.com,0,1,39721,4.5990201735850516,4630,1713,1000,2917,1,-1,-1,-1,-1,-1,-1,-1,-1,5474,1,1,1,19551,5608,US
4621,www.ufreegames.com,0,1,57047,4.7562328105823966,6473,1796,1000,4677,1,0,-1,-1,0,-1,-1,-1,-1,4193,1,1,1,13335,5790,US
4622,www.uhaul.com,0,1,19497,4.289967791686734,10551,7208,1000,3343,1,85,3157,54,8,0,0,89,1,11354,1,1,1,16987,6300,US
4623,www.uic.edu,0,1,5111,3.708505880955237,10575,9144,1000,1431,1,36,7041,343,5,0,0,396,1,-1,-1,-1,1,6200,1205,US
4624,www.uio.no,0,1,5395,3.7319914490189294,10703,9162,1000,1540,1,49,6966,254,8,0,0,365,1,9684,1,1,1,224,8645,
4625,www.uiporn.com,0,1,55021,4.740528479374916,6628,16,1000,6612,1,93,3419,34,6,0,0,89,1,2780,1,1,1,39572,3843,
4626,www.ukg.com,0,1,26321,4.42030238517869,9182,1301,1000,7880,1,621,2096,29,13,0,1,90,6,9692,1,1,1,13335,5790,US
4627,www.ukraine.com.ua,0,1,31035,4.491851749721416,9209,3176,1000,6032,1,-1,-1,-1,-1,-1,-1,-1,-1,9240,1,1,1,200000,4578,
4628,www.ukrnames.com,0,1,21785,4.338157564271773,6478,509,1000,5968,1,-1,-1,-1,-1,-1,-1,-1,-1,6832,1,1,1,197726,5523,
4629,www.ulaval.ca,0,1,13237,4.121789568859296,10707,5650,1000,5057,1,-1,-1,-1,-1,-1,-1,-1,-1,9348,1,1,1,36786,7330,CA
4630,www.ulisboa.pt,0,1,9185,3.963079160641827,4679,1566,1000,3113,1,-1,-1,-1,-1,-1,-1,-1,-1,-1,-1,-1,1,1930,8645,
4631,www.um.edu.mt,0,0,-1,-1.0,10342,3849,1000,6493,1,-1,-1,-1,-1,-1,-1,-1,-1,-1,-1,-1,1,12046,8646,
4632,www.umantis.com,0,1,42459,4.627969761389186,8873,3130,1000,5742,0,-1,-1,-1,-1,-1,-1,-1,-1,9108,1,1,1,29097,8387,
4633,www.umassmed.edu,0,1,25062,4.3990157256487645,9727,4953,1000,4773,1,-1,-1,-1,-1,-1,-1,-1,-1,-1,-1,-1,1,13335,5790,US
4634,www.umgc.edu,0,1,45056,4.6537526331259995,2424,1163,1000,1261,0,-1,-1,-1,-1,-1,-1,-1,-1,-1,-1,-1,1,54113,5343,US
4635,www.umontreal.ca,0,1,7455,3.8724476477890133,10585,6559,1000,4025,1,-1,-1,-1,-1,-1,-1,-1,-1,9333,1,1,1,376,13447,CA
4636,www.umr.com,0,1,43657,4.640053888766383,10031,3554,1000,6476,1,-1,-1,-1,-1,-1,-1,-1,-1,10996,1,1,1,10879,10382,US
4637,www.umt.edu,0,1,10669,4.0281237151288405,10682,5166,1000,5516,1,-1,-1,-1,-1,-1,-1,-1,-1,-1,-1,-1,1,16509,9513,US
4638,www.unc.edu.ar,0,0,-1,-1.0,10028,2279,1000,7749,1,16,408,49,2,1,0,90,1,3480,1,1,1,27790,7532,AR
4639,www.uncuyo.edu.ar,0,0,-1,-1.0,5696,1884,1000,3811,1,54,2311,31,6,1,0,89,1,3480,1,1,1,27875,7069,AR
4640,www.undernavi.com,0,1,74420,4.8716896656855155,9467,4725,1000,4742,1,4,2927,2866,1,1,0,90,1,9688,1,1,1,4694,-1,JP
4641,www.unemi.edu.ec,0,0,-1,-1.0,7380,777,1000,6603,1,6,1539,803,3,1,0,90,1,5515,1,1,1,396982,2836,US
4642,www.unep.org,0,1,3228,3.5089335260500327,10671,7345,1000,3326,1,46,2108,61,6,0,0,90,1,11874,1,1,1,13335,5790,US
4643,www.unescap.org,0,1,36511,4.562423728006818,10031,4483,1000,5547,1,6,1949,34,3,0,0,273,1,10410,1,1,1,13335,5790,US
4644,www.uni-bamberg.de,0,1,36684,4.564476684773713,10387,5252,1000,5134,1,-1,-1,-1,-1,-1,-1,-1,-1,-1,-1,-1,1,680,8643,
4645,www.uni-bonn.de,0,1,6774,3.8308451923086113,10736,5607,1000,5128,1,252,4256,46,7,0,0,774,1,-1,-1,-1,1,680,8643,
4646,www.uni-bremen.de,0,1,11326,4.05407655729051,10737,4121,1000,6615,1,33,6964,358,6,0,1,365,1,-1,-1,-1,1,680,8643,
4647,www.uni-frankfurt.de,0,1,7056,3.848558572123763,10031,3729,1000,6301,0,226,6068,175,6,0,0,396,1,-1,-1,-1,1,20633,20594,
4648,www.uni-graz.at,0,1,20051,4.302136036988719,9224,2336,1000,6888,1,37,6971,108,8,0,0,735,1,-1,-1,-1,1,1114,20594,
4649,www.uni-kassel.de,0,1,22048,4.3433692002275315,10551,3742,1000,6808,1,-1,-1,-1,-1,-1,-1,-1,-1,-1,-1,-1,1,680,8643,
4650,www.uni-koeln.de,0,1,6704,3.82633400562222,10341,5244,1000,5097,1,89,3804,34,10,0,0,89,1,-1,-1,-1,1,5520,8871,
4651,www.uni-muenster.de,0,1,10904,4.037585842826617,10341,3827,1000,6514,1,38,6904,302,6,0,0,365,1,-1,-1,-1,1,680,8643,
4652,www.uni-osnabrueck.de,0,1,20390,4.30941722577814,10645,2272,1000,8372,1,58,6434,160,9,0,0,365,1,-1,-1,-1,1,680,8643,
4653,www.uni-saarland.de,0,1,16567,4.219243872245316,10022,4097,1000,5925,1,22,6462,218,5,0,0,365,1,-1,-1,-1,1,680,8643,
4654,www.uni-wuppertal.de,0,1,24192,4.383671773821113,10554,2626,1000,7928,1,151,3345,518,4,0,0,396,1,-1,-1,-1,1,680,8643,
4655,www.unicaen.fr,0,1,30725,4.487491891558491,10341,2902,1000,7438,1,-1,-1,-1,-1,-1,-1,-1,-1,11173,1,1,1,2200,8644,
4656,www.unicajabanco.es,0,1,56515,4.752163731936888,5072,7,1000,5065,1,-1,-1,-1,-1,-1,-1,-1,-1,-1,-1,-1,1,20940,8665,
4657,www.unicatt.it,0,1,34842,4.542103076416968,10535,5544,1000,4990,1,-1,-1,-1,-1,-1,-1,-1,-1,-1,-1,-1,1,8069,10643,US
4658,www.unimelb.edu.au,0,0,-1,-1.0,10609,6691,1000,3918,1,-1,-1,-1,-1,-1,-1,-1,-1,-1,-1,1,1,55532,-1,AU
4659,www.uniprot.org,0,1,28374,4.4529205643990695,8580,3887,1000,4693,1,-1,-1,-1,-1,-1,-1,-1,-1,8849,1,1,1,786,8645,
4660,www.unirioja.es,0,1,7836,3.894094427322699,10313,1890,1000,8423,1,-1,-1,-1,-1,-1,-1,-1,-1,-1,-1,-1,1,766,8647,
4661,www.united.com,0,1,4211,3.624385241420265,9986,7353,1000,2632,1,74,6966,139,9,0,0,367,1,10017,1,1,1,16625,9487,US
4662,www.unitedlayer.com,0,1,59157,4.772006141719693,8651,1,1000,8650,1,-1,-1,-1,-1,-1,-1,-1,-1,9202,1,1,1,23342,8844,US
4663,www.univ-lorraine.fr,0,1,21199,4.326315374856817,7048,3680,1000,3368,1,-1,-1,-1,-1,-1,-1,-1,-1,7729,1,1,1,2200,8644,
4664,www.univ-lyon1.fr,0,1,15764,4.197666426193566,10673,4986,1000,5686,1,-1,-1,-1,-1,-1,-1,-1,-1,11463,1,1,1,2060,8644,
4665,www.universityofgalway.ie,0,1,44724,4.6505406388014645,1363,825,1000,537,0,-1,-1,-1,-1,-1,-1,-1,-1,-1,-1,-1,1,16509,9513,US
4666,www.unja.ac.id,0,1,53607,4.729221503552456,8167,2210,1000,5956,1,78,3430,509,4,0,0,90,1,8226,1,1,1,9341,-1,ID
4667,www.unleashedsoftware.com,0,1,41055,4.6133660564658046,7968,25,1000,7942,1,49,1303,26,3,1,0,90,1,6887,1,1,1,13335,5790,US
4668,www.unomaha.edu,0,1,26408,4.421735511322255,10743,5228,1000,5515,1,-1,-1,-1,-1,-1,-1,-1,-1,-1,-1,-1,1,14618,7503,US
4669,www.unwater.org,0,1,34271,4.5349267769756985,7278,1884,1000,5393,1,70,2540,37,6,0,0,90,1,7376,1,1,1,13335,5790,US
4670,www.unwto.org,0,1,15814,4.199041734461483,7277,4675,1000,2602,1,9,315,197,2,1,0,90,1,7662,1,1,1,13335,5790,US
4671,www.uoregon.edu,0,1,4079,3.6105537053170944,10576,6638,1000,3938,1,-1,-1,-1,-1,-1,-1,-1,-1,-1,-1,-1,1,54113,5343,US
4672,www.upmc.com,0,1,14465,4.160318437984001,9506,4545,1000,4961,1,8,2414,1389,1,0,0,824,1,9742,1,1,1,122,14153,US
4673,www.ups.com,0,1,654,2.815577748324267,10576,7553,1000,3022,1,-1,-1,-1,-1,-1,-1,-1,-1,12462,1,1,1,16625,9487,US
4674,www.uptvs.com,0,1,217751,5.3379601581388725,5587,1100,1000,4487,1,-1,-1,-1,-1,-1,-1,-1,-1,3278,1,1,1,59441,5061,
4675,www.upyun.com,0,1,70184,4.846238116350507,5335,1471,1000,3864,0,8,5284,1890,3,0,0,396,1,5481,1,1,1,56041,-1,CN
4676,www.uqac.ca,0,1,43316,4.6366483450415865,9217,2579,1000,6638,1,11,5749,367,4,0,0,394,1,9324,1,1,1,54606,954,CA
4677,www.urbanoutfitters.com,0,1,11097,4.045205586035056,10022,4586,1000,5436,1,57,7177,859,9,0,0,368,1,10977,1,1,1,15830,8655,
4678,www.uregina.ca,0,1,30020,4.477410687907252,10737,4485,1000,6252,1,1,3464,3464,1,0,0,365,1,9344,1,1,1,26206,8702,CA
4679,www.urssaf.fr,0,1,18871,4.275794914631003,10744,6766,1000,3978,1,5,735,50,2,0,0,364,1,11102,1,1,1,48140,6425,
4680,www.usakgundem.com,0,0,-1,-1.0,7712,78,1000,7634,1,50,3155,81,10,0,0,90,1,3294,1,1,1,209853,2737,
4681,www.usc.edu,0,1,2382,3.3769417571467586,10741,7461,1000,3279,1,59,7000,33,9,0,0,89,1,-1,-1,-1,1,54113,5343,US
4682,www.usccb.org,0,1,10742,4.031085148039481,9393,6089,1000,3303,1,-1,-1,-1,-1,-1,-1,-1,-1,10995,1,1,1,54113,5343,US
4683,www.uscis.gov,0,1,3897,3.5907304057926903,8237,6615,1000,1621,1,141,3892,93,9,0,0,340,1,8266,1,1,1,16625,9487,US
4684,www.usd.edu,0,1,50856,4.7063421984224005,10675,7515,1000,3159,1,71,6174,45,12,0,0,89,1,-1,-1,-1,1,13335,5790,US
4685,www.userbenchmark.com,0,1,33508,4.525148506770361,4531,1086,1000,3445,1,0,-1,-1,0,-1,-1,-1,-1,4585,1,1,1,16276,20594,
4686,www.usfoods.com,0,1,37554,4.57465620193694,9445,1505,1000,7939,1,3,3647,2586,1,0,0,735,1,9619,1,1,1,16509,9513,US
4687,www.usitc.gov,0,1,23024,4.36218077659253,10752,7197,1000,3554,1,48,1290,64,5,1,0,89,1,10458,1,1,1,20940,8665,
4688,www.usmint.gov,0,1,19635,4.293030905606437,10778,7295,1000,3483,1,29,6069,128,10,0,0,371,1,10458,1,1,1,13335,5790,US
4689,www.uso.org,0,1,56142,4.74928787986045,10627,6371,1000,4255,1,121,7322,64,23,0,1,89,2,10924,1,1,1,13335,5790,US
4690,www.usp.org,0,1,36886,4.566861561919242,10680,6497,1000,4183,1,17,5343,422,5,0,0,734,1,11654,1,1,1,20940,8665,
4691,www.usta.com,0,1,34275,4.5349774634615505,10683,6182,1000,4501,1,146,3844,37,8,0,0,89,1,11425,1,1,1,20940,8665,
4692,www.usu.edu,0,1,7154,3.854548935812951,10568,7133,1000,3435,1,-1,-1,-1,-1,-1,-1,-1,-1,-1,-1,-1,1,26046,8732,US
4693,www.utah.gov,0,1,4987,3.697839368218363,9723,7106,1000,2616,1,-1,-1,-1,-1,-1,-1,-1,-1,10458,1,1,1,16509,9513,US
4694,www.utdallas.edu,0,1,6661,3.823539433656859,10388,9175,1000,1213,1,-1,-1,-1,-1,-1,-1,-1,-1,-1,-1,-1,1,16509,9513,US
4695,www.utexas.edu,0,1,1836,3.2638726768652235,10732,7802,1000,2929,1,-1,-1,-1,-1,-1,-1,-1,-1,-1,-1,-1,1,54113,5343,US
4696,www.utwente.nl,0,1,7925,3.898999270889789,10730,4350,1000,6379,1,-1,-1,-1,-1,-1,-1,-1,-1,14462,1,1,1,1133,8673,
4697,www.uukanshu.com,0,1,715702,5.854732230833825,4959,740,1000,4218,1,67,3092,714,2,0,0,319,1,4962,1,1,1,-1,-1,
4698,www.uvic.ca,0,1,6215,3.7934411329776636,10388,6615,1000,3772,1,18,6400,182,6,0,0,396,1,9361,1,1,1,16462,6532,CA
4699,www.uvigo.gal,0,1,42242,4.62574447222465,4315,2110,1000,2205,1,-1,-1,-1,-1,-1,-1,-1,-1,4319,1,1,1,766,8647,
4700,www.uw.edu.pl,0,0,-1,-1.0,10737,3268,1000,7469,1,27,3131,372,5,0,0,365,1,8457,1,1,1,8890,20594,
4701,www.uwmedicine.org,0,1,31265,4.495058433016688,8529,3890,1000,4639,0,59,4363,42,10,0,0,365,1,8749,1,1,1,20940,8665,
4702,www.vaccines.gov,0,1,58230,4.765146790108025,5531,2036,1000,3494,1,-1,-1,-1,-1,-1,-1,-1,-1,5536,1,1,1,20940,8665,
4703,www.vakantieveilingen.nl,0,1,68942,4.838483878090856,6720,3760,1000,2959,1,45,5553,24,10,0,0,89,1,7394,1,1,1,13335,5790,US
4704,www.valero.com,0,1,56566,4.752555469188572,10632,2527,1000,8105,1,21,3747,314,4,0,0,365,1,11047,1,1,1,54113,5343,US
4705,www.valpo.edu,0,1,57624,4.760603401768633,10735,4420,1000,6315,1,-1,-1,-1,-1,-1,-1,-1,-1,-1,-1,-1,1,13335,5790,US
4706,www.vans.com,0,1,14472,4.160528553851758,10539,5777,1000,4761,1,-1,-1,-1,-1,-1,-1,-1,-1,10369,1,1,1,16625,9487,US
4707,www.varmatin.com,0,1,137359,5.137857120416818,9977,3011,1000,6966,1,-1,-1,-1,-1,-1,-1,-1,-1,10373,1,1,1,54113,5343,US
4708,www.varonis.com,0,1,11791,4.071550639366932,-1,-1,0,-1,-1,-1,-1,-1,-1,-1,-1,-1,-1,9366,1,1,1,19551,5608,US
4709,www.vbulletin.com,0,1,35360,4.548512256341035,9465,4915,1000,4550,1,-1,-1,-1,-1,-1,-1,-1,-1,9541,1,1,1,13335,5790,US
4710,www.vdo.ai,0,1,6145,3.788521887222473,3211,2053,1000,1158,1,-1,-1,-1,-1,-1,-1,-1,-1,3078,1,1,1,13335,5790,US
4711,www.vecteezy.com,0,1,4062,3.608739919068788,6941,5018,1000,1922,1,716,3682,913,3,1,0,90,1,6963,1,1,1,13335,5790,US
4712,www.veeam.com,0,1,4292,3.6326597132939136,7212,4545,1000,2667,1,33,5154,194,7,0,0,394,2,7287,1,1,1,14618,7503,US
4713,www.veed.io,0,1,9909,3.9960298284110767,4687,1450,1000,3236,1,101,2564,612,9,0,0,89,1,-1,-1,-1,1,13335,5790,US
4714,www.vegas.com,0,1,26004,4.415040157367443,10732,7508,1000,3224,1,-1,-1,-1,-1,-1,-1,-1,-1,10139,1,1,1,20940,8665,
4715,www.veltra.com,0,1,42094,4.624220196724192,5585,3698,1000,1887,1,12,2997,2292,3,0,0,456,1,8609,1,1,1,16509,9513,US
4716,www.venez.net,0,1,257604,5.410952602338552,9070,73,1000,8997,1,80,2766,71,8,1,0,89,1,7226,1,1,1,16276,20594,
4717,www.vergic.com,0,1,94511,4.975482358364101,8437,653,1000,7783,1,-1,-1,-1,-1,-1,-1,-1,-1,6897,1,1,1,42708,6986,
4718,www.verisk.com,0,1,37912,4.578776695691345,8117,931,1000,7185,1,-1,-1,-1,-1,-1,-1,-1,-1,6663,1,1,1,19551,5608,US
4719,www.versio.nl,0,1,116510,5.066363202258494,6424,3168,1000,3255,1,59,5904,92,10,0,0,89,1,6436,1,1,1,20847,8644,
4720,www.vertex42.com,0,1,68639,4.8365709476604986,8399,4774,1000,3625,1,13,2798,121,4,0,0,386,1,8419,1,1,1,395532,3531,US
4721,www.veteranscrisisline.net,0,1,41395,4.616947886928927,5515,3730,1000,1784,0,40,4056,76,10,0,0,365,1,5571,1,1,1,8075,10643,US
4722,www.vgchartz.com,0,1,38993,4.5909866497384995,7016,4705,1000,2311,1,154,3023,37,8,1,0,89,1,7051,1,1,1,21527,9136,US
4723,www.vhlcentral.com,0,1,7504,3.875292825371008,7411,2008,1000,5403,1,4,5265,3089,3,0,0,732,1,7616,1,1,1,13335,5790,US
4724,www.vhosting-it.com,0,1,18831,4.274873383370373,6913,206,1000,6707,1,71,4080,845,4,0,0,90,1,6998,1,1,1,13335,5790,US
4725,www.viabcp.com,0,1,20192,4.305179337564041,9402,2180,1000,7222,1,99,7279,52,16,0,1,90,2,9520,1,1,1,13335,5790,US
4726,www.vianet.ca,0,1,19100,4.281033367247727,9398,2841,1000,6556,1,-1,-1,-1,-1,-1,-1,-1,-1,9368,1,1,1,5690,11228,CA
4727,www.viber.com,0,1,643,2.808210972924222,9464,3933,1000,5531,0,68,5349,198,7,0,0,365,1,9753,1,1,1,16625,9487,US
4728,www.viddler.com,0,1,34783,4.54136703675979,7481,6080,1000,1401,1,-1,-1,-1,-1,-1,-1,-1,-1,7531,1,1,1,396982,2836,US
4729,www.videoder.com,0,1,645754,5.81006710500803,6325,899,1000,5425,1,-1,-1,-1,-1,-1,-1,-1,-1,4809,1,1,1,63949,-1,SG
4730,www.vidio.com,0,1,5753,3.759894374025499,10028,2578,1000,7450,1,-1,-1,-1,-1,-1,-1,-1,-1,10401,1,1,1,20940,8665,
4731,www.vikingcruises.com,0,1,44551,4.648857456736704,9721,2605,1000,7115,1,-1,-1,-1,-1,-1,-1,-1,-1,10145,1,1,1,16509,9513,US
4732,www.vinted.it,0,1,7032,3.8470788620657155,4455,330,1000,4124,1,-1,-1,-1,-1,-1,-1,-1,-1,-1,-1,-1,1,13335,5790,US
4733,www.virginia.gov,0,1,4238,3.627160952374776,8387,5893,1000,2494,0,-1,-1,-1,-1,-1,-1,-1,-1,9267,1,1,1,14618,7503,US
4734,www.virtru.com,0,1,20315,4.307816826662431,9346,670,1000,8675,1,-1,-1,-1,-1,-1,-1,-1,-1,5882,1,1,1,209242,2625,
4735,www.virtualmin.com,0,1,4446,3.647969458362972,8267,1676,1000,6590,0,118,6542,64,13,0,0,89,1,8362,1,1,1,16509,9513,US
4736,www.virusfree.cz,0,1,28299,4.451771089158385,8006,11,1000,7994,1,0,-1,-1,0,-1,-1,-1,-1,8030,1,1,1,21430,8930,
4737,www.visenze.com,0,1,39750,4.599337132992489,4879,30,1000,4848,1,101,3824,189,11,0,0,90,1,5041,1,1,1,16509,9513,US
4738,www.visionplus.id,0,1,100449,5.001945617573629,2317,854,1000,1463,0,-1,-1,-1,-1,-1,-1,-1,-1,2358,1,1,1,16509,9513,US
4739,www.visitportugal.com,0,1,24525,4.3896090160519865,8888,2049,1000,6839,1,-1,-1,-1,-1,-1,-1,-1,-1,8962,1,1,1,20940,8665,
4740,www.visma.com,0,1,26621,4.425224365425839,10335,3244,1000,7091,1,-1,-1,-1,-1,-1,-1,-1,-1,10089,1,1,1,209242,2625,
4741,www.visme.co,0,1,16136,4.207795885204709,4384,2799,1000,1584,0,85,2528,73,13,0,0,89,1,-1,-1,-1,1,13335,5790,US
4742,www.viva.co.id,0,1,36364,4.560671649092842,6374,4446,1000,1927,0,0,-1,-1,0,-1,-1,-1,-1,-1,-1,-1,1,13335,5790,US
4743,www.vive.com,0,1,33630,4.526726867314635,10588,2706,1000,7881,1,4,6113,3683,3,0,0,729,1,11403,1,1,1,16625,9487,US
4744,www.viviennewestwood.com,0,1,29988,4.476947502174075,10052,3505,1000,6546,1,-1,-1,-1,-1,-1,-1,-1,-1,10434,1,1,1,20940,8665,
4745,www.vlaanderen.be,0,1,13147,4.11882666293329,10733,3575,1000,7158,1,194,3288,37,15,0,0,89,2,-1,-1,-1,1,20940,8665,
4746,www.voachinese.com,0,1,67124,4.826877828723003,8938,3758,1000,5179,1,126,3401,42,6,1,0,89,1,9190,1,1,1,20940,8665,
4747,www.vodafone.com,0,1,7239,3.8596785766284483,10032,5132,1000,4899,1,330,4394,24,22,0,0,180,1,10395,1,1,1,13335,5790,US
4748,www.vodafone.es,0,1,23692,4.374601723968906,8705,5130,1000,3574,1,676,5929,24,18,0,0,0,1,-1,-1,-1,1,19551,5608,US
4749,www.vodafone.pt,0,1,6312,3.800166990201364,8938,3267,1000,5670,1,18,4222,99,4,0,0,369,1,-1,-1,-1,1,19551,5608,US
4750,www.vodafone.ua,0,1,38825,4.589111464400596,3926,1575,1000,2351,1,-1,-1,-1,-1,-1,-1,-1,-1,3933,1,1,1,21497,8904,
4751,www.voedingscentrum.nl,0,1,55008,4.740425855006959,9577,3397,1000,6179,1,-1,-1,-1,-1,-1,-1,-1,-1,9863,1,1,1,209377,2646,
4752,www.voestalpine.com,0,1,37481,4.573811169427276,9178,1053,1000,8124,1,-1,-1,-1,-1,-1,-1,-1,-1,10481,1,1,1,16509,9513,US
4753,www.voices.com,0,1,48155,4.682641387196215,10052,4530,1000,5522,1,53,7042,69,8,0,0,257,1,10256,1,1,1,13335,5790,US
4754,www.voipgrid.nl,0,1,105171,5.02189600335162,6247,55,1000,6192,1,90,3765,29,8,0,0,89,1,6329,1,1,1,34762,7721,
4755,www.vokrug.tv,0,1,41479,4.617828277617751,6257,2317,1000,3939,1,94,3285,43,8,0,0,89,1,6725,1,1,1,50448,5965,
4756,www.volksstimme.de,0,1,30525,4.48465567261692,9240,4639,1000,4600,1,48,1869,976,1,1,0,89,1,-1,-1,-1,1,13335,5790,US
4757,www.volkswagen-group.com,0,1,35396,4.548954186430289,8934,1,1000,8932,1,38,1100,23,9,0,0,89,1,10754,1,1,1,20940,8665,
4758,www.voltairenet.org,0,1,44026,4.643709229251458,7564,4536,1000,3027,0,58,1743,75,5,1,0,89,1,7574,1,1,1,13335,5790,US
4759,www.volvo.com,0,1,17535,4.243905770217522,10052,7264,1000,2788,1,137,2998,27,11,0,0,89,2,11209,1,1,1,20940,8665,
4760,www.vrbo.com,0,1,2996,3.4765418090274287,10737,7509,1000,3227,1,37,6565,1545,12,0,0,669,1,10887,1,1,1,20940,8665,
4761,www.vtb.com,0,1,57239,4.757692037766363,9977,1201,1000,8776,1,-1,-1,-1,-1,-1,-1,-1,-1,9025,1,1,1,24823,8805,
4762,www.vyprvpn.com,0,1,32189,4.50770748487984,6055,1770,1000,4284,1,28,3999,88,6,0,0,394,1,6102,1,1,1,13335,5790,US
4763,www.wacom.com,0,1,16241,4.210612766352898,10771,6481,1000,4290,1,1,5631,5631,1,0,0,1082,1,11497,1,1,1,8075,10643,US
4764,www.wada-ama.org,0,1,25870,4.412796428716543,9323,4063,1000,5259,0,658,4353,1639,5,0,0,207,1,9528,1,1,1,16509,9513,US
4765,www.wangyuespa.vip,0,0,-1,-1.0,1203,315,1000,888,1,12,1219,413,3,0,0,90,1,414,1,1,0,-1,-1,
4766,www.wapoz.info,0,1,20947,4.321121832708528,3579,16,1000,3562,1,-1,-1,-1,-1,-1,-1,-1,-1,3377,1,1,1,13335,5790,US
4767,www.washingtonpost.com,0,1,352,2.546542663478131,10743,8952,1000,1791,1,135,6391,258,10,0,1,90,2,11147,1,1,1,16625,9487,US
4768,www.wati.io,0,1,61055,4.785721235578076,2210,10,1000,2199,1,62,1087,52,11,0,0,89,1,-1,-1,-1,1,13335,5790,US
4769,www.watson.de,0,1,26348,4.420747654769476,9722,2027,1000,7695,1,3,3976,3013,2,0,0,90,1,-1,-1,-1,1,24940,8753,
4770,www.wayfair.de,0,1,487882,5.688314795474679,5350,3792,1000,1558,1,-1,-1,-1,-1,-1,-1,-1,-1,-1,-1,-1,1,13335,5790,US
4771,www.wbez.org,0,1,28431,4.453792135344473,10201,5454,1000,4747,1,-1,-1,-1,-1,-1,-1,-1,-1,11125,1,1,1,16509,9513,US
4772,www.wbs.legal,0,1,8244,3.916137983107175,1606,844,1000,761,1,-1,-1,-1,-1,-1,-1,-1,-1,1796,1,1,1,9063,20594,
4773,www.wcu.edu,0,1,51751,4.713918746211775,10615,4878,1000,5737,1,-1,-1,-1,-1,-1,-1,-1,-1,-1,-1,-1,1,81,14532,US
4774,www.web.com,0,1,10722,4.030275802889288,10744,5626,1000,5117,1,-1,-1,-1,-1,-1,-1,-1,-1,10915,1,1,1,13335,5790,US
4775,www.webaslan.com,0,1,64445,4.8091892280254225,8588,4324,1000,4264,0,-1,-1,-1,-1,-1,-1,-1,-1,8596,1,1,1,15169,9548,US
4776,www.webeyez.com,0,1,39286,4.594237812309843,9716,308,1000,9407,1,-1,-1,-1,-1,-1,-1,-1,-1,4859,1,1,1,13335,5790,US
4777,www.webgo.de,0,1,3326,3.5219222448835006,10027,1615,1000,8412,1,-1,-1,-1,-1,-1,-1,-1,-1,-1,-1,-1,1,48324,3730,
4778,www.webland.ch,0,1,14760,4.169086357487023,10032,3169,1000,6862,1,12,4159,1556,2,0,0,730,1,-1,-1,-1,1,25563,8528,
4779,www.webnode.com,0,1,6333,3.801609488027319,9717,4446,1000,5271,1,11,3999,73,3,0,0,89,1,9923,1,1,1,16509,9513,US
4780,www.webroot.com,0,1,19598,4.292211753331855,10741,7341,1000,3399,1,23,7154,39,6,0,0,90,1,10912,1,1,1,16509,9513,US
4781,www.webstaurantstore.com,0,1,5901,3.7709256146389993,8089,4148,1000,3941,1,15,7335,2914,9,0,0,427,1,8448,1,1,1,13335,5790,US
4782,www.webzdarma.cz,0,1,49271,4.692591376768002,9375,3590,1000,5785,1,-1,-1,-1,-1,-1,-1,-1,-1,9570,1,1,1,43541,6849,
4783,www.wedos.com,0,1,32321,4.50948478922394,8116,856,1000,7259,1,-1,-1,-1,-1,-1,-1,-1,-1,8306,1,1,1,208414,2478,
4784,www.weglot.com,0,1,10634,4.02669665597816,3893,1405,1000,2488,0,-1,-1,-1,-1,-1,-1,-1,-1,3912,1,1,1,13335,5790,US
4785,www.weidian.com,0,1,24330,4.386142108930819,9248,3296,1000,5951,1,-1,-1,-1,-1,-1,-1,-1,-1,7399,1,1,1,132203,-1,CN
4786,www.wemod.com,0,1,9546,3.979821430030225,8116,641,1000,7474,1,-1,-1,-1,-1,-1,-1,-1,-1,7370,1,1,1,13335,5790,US
4787,www.wes.org,0,1,36526,4.562602114778459,10722,4528,1000,6194,1,-1,-1,-1,-1,-1,-1,-1,-1,12307,1,1,1,13335,5790,US
4788,www.wesingapp.com,0,1,95495,4.979980633057502,3268,74,1000,3193,1,-1,-1,-1,-1,-1,-1,-1,-1,3542,1,1,1,132203,-1,CN
4789,www.wesleyan.edu,0,1,18826,4.2747580543520085,10734,6108,1000,4625,1,18,2977,310,3,0,0,396,2,-1,-1,-1,1,14618,7503,US
4790,www.westerndigital.com,0,1,7587,3.880070084064067,10022,2619,1000,7403,1,-1,-1,-1,-1,-1,-1,-1,-1,10347,1,1,1,16625,9487,US
4791,www.westernunion.com,0,1,4605,3.663229634532868,10735,7430,1000,3304,1,-1,-1,-1,-1,-1,-1,-1,-1,11183,1,1,1,20940,8665,
4792,www.westnet.com.au,0,1,56925,4.75530303928718,9574,6053,1000,3521,1,-1,-1,-1,-1,-1,-1,-1,-1,-1,-1,1,1,16509,9513,US
4793,www.westrock.com,0,1,82518,4.91654869337419,9722,1309,1000,8412,1,39,3651,122,9,0,0,394,1,10552,1,1,1,14618,7503,US
4794,www.westwing.com.br,0,1,58792,4.769318234371591,5336,42,1000,5294,1,16,2817,132,4,0,0,394,1,5350,1,0,1,16509,9513,US
4795,www.westword.com,0,1,27033,4.43189424440938,10737,6670,1000,4067,1,17,3375,61,6,0,0,89,1,11292,1,1,1,2635,4980,US
4796,www.wfs.games,0,1,255831,5.407953168419481,2655,70,1000,2585,1,0,-1,-1,0,-1,-1,-1,-1,2863,1,1,1,16509,9513,US
4797,www.wg-gesucht.de,0,1,20735,4.316704039700037,-1,-1,-1,-1,-1,1,5186,5186,1,0,0,368,1,-1,-1,-1,1,24940,8753,
4798,www.whatcar.com,0,1,41725,4.620396345351284,10022,4546,1000,5475,1,16,2710,330,5,0,0,394,1,10248,1,1,1,16509,9513,US
4799,www.whatismybrowser.com,0,1,20274,4.30693944215854,7731,1496,1000,6235,1,3,4609,4018,2,0,0,730,1,5670,1,1,1,14618,7503,US
4800,www.whatmobile.com.pk,0,1,21362,4.329641910730211,7078,3195,1000,3883,1,108,3584,65,7,0,0,90,1,-1,-1,-1,1,13335,5790,US
4801,www.whatnot.com,0,1,7618,3.8818409683249273,10744,1157,1000,9587,1,-1,-1,-1,-1,-1,-1,-1,-1,10956,1,1,1,13335,5790,US
4802,www.whats-on-netflix.com,0,1,36002,4.556326627568321,4808,1967,1000,2841,1,72,3646,42,9,0,0,90,1,4845,1,1,1,13335,5790,US
4803,www.whatsappmods.me,0,0,-1,-1.0,1303,375,861,928,1,22,2704,577,3,0,0,90,1,-1,-1,-1,0,-1,-1,
4804,www.whistle.com,0,1,389038,5.589992023907446,10388,3332,1000,7055,1,98,2977,296,10,0,0,90,1,11032,1,1,1,16509,9513,US
4805,www.whitepages.com,0,1,10456,4.019365574572488,10631,7537,1000,3094,1,71,2692,43,9,0,0,90,1,11000,1,1,1,13335,5790,US
4806,www.wicourts.gov,0,1,37433,4.573254634254035,8086,2195,1000,5891,1,1,5323,5323,1,0,0,730,1,8524,1,1,1,3136,11871,US
4807,www.wifeo.com,0,1,47636,4.677935286587795,7519,2405,1000,5114,1,12,2451,282,3,0,0,394,1,7579,1,1,1,13193,8650,
4808,www.wikimatrix.org,0,1,31360,4.4963760540124005,7475,2559,1000,4915,1,147,3065,48,7,1,0,89,1,7490,1,1,1,24940,8753,
4809,www.wikipedia.org,0,1,28,1.4471580313422192,9063,7408,1000,1655,1,0,-1,-1,0,-1,-1,-1,-1,9259,1,1,1,14907,7176,US
4810,www.wiktionary.org,0,1,1282,3.1078880251827985,8502,4532,1000,3969,1,0,-1,-1,0,-1,-1,-1,-1,8558,1,1,1,14907,7176,US
4811,www.wildtangent.com,0,1,17689,4.247703281934172,10580,5313,1000,5267,1,62,5126,39,17,0,0,342,3,10114,1,1,1,20940,8665,
4812,www.wimp.com,0,1,36953,4.567649702015215,9670,4790,1000,4879,1,114,3717,77,8,0,0,89,1,9743,1,1,1,2635,4980,US
4813,www.win-rar.com,0,1,20834,4.31877265982548,8940,6908,1000,2032,0,-1,-1,-1,-1,-1,-1,-1,-1,9063,1,1,1,16276,20594,
4814,www.windtre.it,0,1,36107,4.557591405968501,4159,1851,1000,2307,1,13,2536,62,3,0,0,378,1,-1,-1,-1,1,48851,3739,
4815,www.windy.com,0,1,2470,3.392696953259666,10330,2667,1000,7662,1,-1,-1,-1,-1,-1,-1,-1,-1,9899,1,1,1,396982,2836,US
4816,www.wineenthusiast.com,0,1,46503,4.667480970984987,10734,5942,1000,4792,1,107,6943,81,14,0,0,89,1,10883,1,1,1,54113,5343,US
4817,www.winehq.org,0,1,12713,4.1042480469904445,9239,5570,1000,3669,1,-1,-1,-1,-1,-1,-1,-1,-1,9245,1,1,1,13335,5790,US
4818,www.wipro.com,0,1,26275,4.41954272470028,10757,6918,1000,3838,1,5,3751,1180,3,0,0,397,1,12217,1,1,1,54113,5343,US
4819,www.wisc.edu,0,1,1302,3.114610984232173,10744,7431,1000,3313,1,-1,-1,-1,-1,-1,-1,-1,-1,-1,-1,-1,1,16509,9513,US
4820,www.wisestamp.com,0,1,24863,4.395553529970903,6505,2467,1000,4037,1,160,2601,22,14,1,0,90,1,6526,1,1,1,396982,2836,US
4821,www.wishlistr.com,0,1,96640,4.985156921277056,7459,55,1000,7403,1,-1,-1,-1,-1,-1,-1,-1,-1,7609,1,1,1,44136,6755,
4822,www.wiwo.de,0,1,12210,4.086715663944883,10329,6077,1000,4252,1,47,7218,64,4,0,0,89,1,-1,-1,-1,1,8075,10643,US
4823,www.wix.com,0,1,557,2.745855195173729,10744,5501,1000,5243,1,66,4388,3870,2,0,0,153,1,11332,1,1,1,396982,2836,US
4824,www.wizard101.com,0,1,49863,4.697778404216913,8116,3228,1000,4887,1,-1,-1,-1,-1,-1,-1,-1,-1,7218,1,1,1,20940,8665,
4825,www.wjx.cn,0,1,14638,4.165481742822164,6725,1844,1000,4881,1,-1,-1,-1,-1,-1,-1,-1,-1,-1,-1,-1,1,37963,-1,CN
4826,www.wlv.ac.uk,0,1,41881,4.622017042856303,10697,8268,1000,2429,1,-1,-1,-1,-1,-1,-1,-1,-1,-1,-1,-1,1,16509,9513,US
4827,www.wn.de,0,1,35561,4.550973965132133,6053,2924,1000,3128,1,-1,-1,-1,-1,-1,-1,-1,-1,-1,-1,-1,1,16509,9513,US
4828,www.wolframalpha.com,0,1,6285,3.7983052820219765,6282,5320,1000,961,1,4,3892,2928,1,0,0,1096,1,6502,1,1,1,3361,6105,US
4829,www.wolterskluwer.com,0,1,6507,3.8133808067338557,10189,2471,1000,7718,1,60,2161,54,7,0,1,90,2,10618,1,1,1,13335,5790,US
4830,www.womenshealthmag.com,0,1,5615,3.7493497605974766,7910,4568,1000,3341,1,3,4415,3438,2,0,0,366,1,8064,1,1,1,54113,5343,US
4831,www.wondershare.com,0,1,4464,3.6497241859295224,8116,4055,1000,4060,1,-1,-1,-1,-1,-1,-1,-1,-1,8281,1,1,1,20940,8665,
4832,www.woodlandtrust.org.uk,0,1,35155,4.545987102271373,9182,2249,1000,6933,1,7,4587,315,2,0,0,365,1,10353,1,1,1,8075,10643,US
4833,www.wordfly.com,0,1,110822,5.044625983588964,9154,6,1000,9148,1,-1,-1,-1,-1,-1,-1,-1,-1,8146,1,1,1,53831,4887,US
4834,www.wordtracker.com,0,1,59196,4.772292361509766,9738,7677,1000,2060,1,-1,-1,-1,-1,-1,-1,-1,-1,9939,1,1,1,16509,9513,US
4835,www.wordtune.com,0,1,49324,4.6930582890811605,6547,77,1000,6469,1,-1,-1,-1,-1,-1,-1,-1,-1,4844,1,1,1,209242,2625,
4836,www.workday.com,0,1,6197,3.792181496149679,8986,3728,1000,5258,0,-1,-1,-1,-1,-1,-1,-1,-1,9015,1,1,1,16509,9513,US
4837,www.workjam.com,0,1,32477,4.511575905309916,8942,61,1000,8881,1,-1,-1,-1,-1,-1,-1,-1,-1,4668,1,1,1,13335,5790,US
4838,www.workopolis.com,0,1,61403,4.788189590222883,9539,9082,1000,457,1,36,6967,36,9,0,0,365,1,9671,1,1,1,13335,5790,US
4839,www.workplace.com,0,1,21419,4.3307991908366485,10029,2571,1000,7457,1,-1,-1,-1,-1,-1,-1,-1,-1,10580,1,1,1,32934,7940,US
4840,www.worldanvil.com,0,1,27382,4.437465166122363,3175,7,1000,3167,1,-1,-1,-1,-1,-1,-1,-1,-1,3240,1,1,1,13335,5790,US
4841,www.worldbank.org,0,1,885,2.9469432706978256,10745,8959,1000,1785,1,-1,-1,-1,-1,-1,-1,-1,-1,12699,1,1,1,13335,5790,US
4842,www.worldhistory.org,0,1,13163,4.1193548812964265,9131,1453,1000,7677,1,22,659,49,4,1,0,89,1,8800,1,1,1,13335,5790,US
4843,www.worldpackers.com,0,1,35431,4.549383409977916,9206,45,1000,9161,1,44,4177,44,5,0,0,89,1,4690,1,1,1,13335,5790,US
4844,www.worldsurfleague.com,0,1,37409,4.572976098995143,4265,3170,1000,1094,1,0,-1,-1,0,-1,-1,-1,-1,4580,1,1,1,16509,9513,US
4845,www.woundedwarriorproject.org,0,1,38415,4.584500837524111,8008,4298,1000,3709,0,55,6922,127,5,0,0,365,2,8101,1,1,1,16625,9487,US
4846,www.wowbiz.ro,0,1,262231,5.418684031111222,4956,3271,1000,1685,1,1,4925,4925,1,0,0,732,1,-1,-1,-1,1,13335,5790,US
4847,www.wowza.com,0,1,32665,4.514082662525832,9506,1455,1000,8051,1,60,4356,73,11,0,0,89,1,10356,1,1,1,16509,9513,US
4848,www.wp.pl,0,1,774,2.8887409606828927,10032,9029,1000,1002,1,24,6174,374,10,0,1,369,2,10249,1,1,1,12827,20594,
4849,www.wpx.ne.jp,0,0,-1,-1.0,4832,12,1000,4820,1,-1,-1,-1,-1,-1,-1,-1,-1,-1,-1,-1,1,131965,-1,JP
4850,www.wradio.com.co,0,1,67158,4.827097754144135,8396,3427,1000,4968,1,-1,-1,-1,-1,-1,-1,-1,-1,-1,-1,-1,1,20940,8665,
4851,www.wtatennis.com,0,1,20348,4.308521728959317,9345,3355,1000,5990,1,-1,-1,-1,-1,-1,-1,-1,-1,9486,1,1,1,16509,9513,US
4852,www.wto.org,0,1,5421,3.7340794072805945,10736,7660,1000,3076,1,-1,-1,-1,-1,-1,-1,-1,-1,11355,1,1,1,13335,5790,US
4853,www.wundermanthompson.com,0,1,162622,5.211179297914219,2663,1154,1000,1509,0,-1,-1,-1,-1,-1,-1,-1,-1,2739,1,1,1,13335,5790,US
4854,www.wurl.com,0,1,3740,3.5728716022004803,9071,160,1000,8910,1,136,3156,59,11,0,0,90,1,9332,1,1,1,209242,2625,
4855,www.wwu.edu,0,1,21454,4.33150827628639,10684,8941,1000,1743,1,-1,-1,-1,-1,-1,-1,-1,-1,-1,-1,-1,1,15199,7650,US
4856,www.x5.ru,0,1,2512,3.4000196350651586,8967,2104,1000,6862,1,-1,-1,-1,-1,-1,-1,-1,-1,-1,-1,-1,1,44704,6658,
4857,www.xawdz.com,0,0,-1,-1.0,3269,822,1000,2447,1,-1,-1,-1,-1,-1,-1,-1,-1,4647,1,1,0,-1,-1,
4858,www.xcar.com.cn,0,1,26594,4.424783664419823,8628,6568,1000,2059,1,10,2232,49,2,0,0,396,1,-1,-1,-1,1,45090,-1,CN
4859,www.xcaret.com,0,1,68595,4.836292460436363,10027,3582,1000,6445,1,102,3194,78,7,0,0,364,2,12916,1,1,1,20940,8665,
4860,www.xe.com,0,1,3184,3.5029730590656314,10577,7443,1000,3133,1,34,6923,165,11,0,0,395,1,11479,1,1,1,16509,9513,US
4861,www.xnxx.com,0,1,961,2.9827233876685453,9006,6614,1000,2392,1,0,-1,-1,0,-1,-1,-1,-1,8808,1,1,1,60068,4368,
4863,www.xoom.com,0,1,12463,4.095622595021622,-1,-1,-1,-1,-1,-1,-1,-1,-1,-1,-1,-1,-1,10761,1,1,1,13335,5790,US
4864,www.xrea.com,0,1,10779,4.032578471924312,9030,6957,1000,2072,0,1,3653,3653,1,0,0,366,1,9067,1,1,1,13335,5790,US
4865,www.xs4all.nl,0,1,5853,3.7673785241141804,10745,9178,1000,1566,1,-1,-1,-1,-1,-1,-1,-1,-1,11609,1,1,1,16509,9513,US
4866,www.xtits.com,0,1,55342,4.743054850021209,9204,13,1000,9190,1,-1,-1,-1,-1,-1,-1,-1,-1,4248,1,1,1,39572,3843,
4867,www.xumo.com,0,1,11019,4.042142183064956,8687,3,1000,8683,1,-1,-1,-1,-1,-1,-1,-1,-1,9545,1,1,1,20940,8665,
4868,www.xvideos.com,0,1,867,2.9380190974762104,9574,5580,1000,3994,0,0,-1,-1,0,-1,-1,-1,-1,10369,1,1,1,60068,4368,
4870,www.yad.com,0,1,79627,4.901060353702031,5141,1830,1000,3311,1,-1,-1,-1,-1,-1,-1,-1,-1,10989,1,1,1,13335,5790,US
4871,www.yallaparchis.com,0,1,112518,5.051222004006109,1944,115,519,1829,1,0,-1,-1,0,-1,-1,-1,-1,2016,1,1,1,20940,8665,
4872,www.yamaha.com,0,1,6476,3.811306840081336,10737,7433,1000,3304,1,19,7652,2428,7,0,0,389,1,11524,1,1,1,16625,9487,US
4873,www.yangkeduo.com,0,1,14670,4.166430113843282,3821,7,1000,3814,1,-1,-1,-1,-1,-1,-1,-1,-1,4040,1,1,1,45090,-1,CN
4874,www.yazio.com,0,1,22850,4.358886204405869,8098,77,1000,8021,1,20,1794,426,3,1,0,89,1,6430,1,1,1,13335,5790,US
4875,www.yellowbook.com,0,1,42499,4.628378711236398,10544,7440,1000,3103,1,20,6252,85,8,0,0,364,1,11220,1,1,1,16509,9513,US
4876,www.yelp.ca,0,1,19397,4.287734565796488,7027,4780,1000,2246,0,3,2236,2236,2,0,0,186,1,7247,1,1,1,54113,5343,US
4877,www.yelp.com,0,1,659,2.8188854145940097,-1,-1,-1,-1,-1,9,4422,35,6,0,0,197,1,8195,1,1,1,54113,5343,US
4878,www.yenicaggazetesi.com.tr,0,1,205090,5.31194448508462,8267,3637,1000,4630,1,-1,-1,-1,-1,-1,-1,-1,-1,-1,-1,-1,1,13335,5790,US
4879,www.yesstyle.com,0,1,6163,3.7897921677306754,8503,3246,1000,5257,1,47,5054,64,9,0,0,268,1,7375,1,1,1,13335,5790,US
4880,www.yeti.com,0,1,25195,4.401314362691788,9345,2528,1000,6817,1,-1,-1,-1,-1,-1,-1,-1,-1,11382,1,1,1,54113,5343,US
4881,www.yext.com,0,1,20076,4.302677187010019,8698,4314,1000,4383,1,58,6305,296,7,0,0,90,1,8842,1,1,1,13335,5790,US
4882,www.yhd.com,0,1,104787,5.020307406899002,9576,4305,1000,5270,1,-1,-1,-1,-1,-1,-1,-1,-1,9757,1,1,1,23724,-1,CN
4883,www.ymca.org,0,1,55957,4.74785442278958,10766,1733,1000,9032,1,-1,-1,-1,-1,-1,-1,-1,-1,11280,1,1,1,13335,5790,US
4884,www.yodo1.com,0,1,25469,4.406011893412467,5211,1127,1000,4083,1,53,1861,50,4,1,0,89,1,5356,1,1,1,209242,2625,
4885,www.yogajournal.com,0,1,25027,4.398408793614165,10744,7431,1000,3312,1,396,3297,70,6,0,0,295,1,11227,1,1,1,16509,9513,US
4886,www.yok.gov.tr,0,1,34051,4.5321298706718505,10535,4085,1000,6449,1,2,387,387,1,0,0,90,1,-1,-1,-1,1,8517,20594,
4887,www.yoshki.co,0,0,-1,-1.0,1547,70,1000,1477,1,10,1569,1554,1,1,0,89,1,-1,-1,-1,1,15169,9548,US
4888,www.youpornpremium.com,0,1,99515,4.997888547341117,5750,2304,1000,3446,1,0,-1,-1,0,-1,-1,-1,-1,6463,1,1,1,29789,8417,US
4889,www.youronlinechoices.com,0,1,1007,3.003029470553618,6281,3510,1000,2771,1,42,4280,321,2,0,0,90,1,6298,1,1,1,8075,10643,US
4890,www.yourupload.com,0,1,150859,5.178571224578909,7725,1989,1000,5736,1,2,3046,2986,1,1,0,90,1,7727,1,1,1,13335,5790,US
4891,www.yummly.com,0,1,25286,4.402880133602107,6256,4416,1000,1839,1,61,5244,162,17,0,0,89,1,6420,1,1,1,14618,7503,US
4892,www.zalando.dk,0,1,18486,4.266842948700584,5808,3268,1000,2540,1,125,5103,37,19,0,0,325,2,-1,-1,-1,1,20940,8665,
4893,www.zalando.no,0,1,43961,4.643067562949413,5210,3255,1000,1955,1,125,4999,37,20,0,0,325,2,5608,1,1,1,20940,8665,
4894,www.zalora.com.ph,0,1,57175,4.757206173278786,5194,3042,1000,2152,1,-1,-1,-1,-1,-1,-1,-1,-1,-1,-1,-1,1,16509,9513,US
4895,www.zameen.com,0,1,42554,4.628940389245031,10028,3824,1000,6204,1,-1,-1,-1,-1,-1,-1,-1,-1,10450,1,1,1,16509,9513,US
4896,www.zbozi.cz,0,1,37885,4.578467291585447,9247,4393,1000,4854,1,-1,-1,-1,-1,-1,-1,-1,-1,10209,1,1,1,43037,6932,
4897,www.zdnet.de,0,1,51708,4.713557740135992,10387,3800,1000,6587,1,14,293,42,4,1,0,89,1,-1,-1,-1,1,16509,9513,US
4898,www.zeit.de,0,1,2589,3.413132050434872,10323,7555,1000,2768,1,-1,-1,-1,-1,-1,-1,-1,-1,-1,-1,-1,1,54113,5343,US
4899,www.zerotier.com,0,1,33058,4.519276575332284,5579,983,1000,4596,1,37,4776,26,6,0,0,90,1,6087,1,1,1,13335,5790,US
4900,www.zia45.com,0,0,-1,-1.0,1014,310,33,703,0,24,915,649,2,1,0,89,1,-1,-1,-1,0,-1,-1,
4901,www.ziffdavis.com,0,1,48886,4.689184503432863,10324,6882,1000,3442,1,90,4865,121,10,0,0,365,1,10639,1,1,1,20940,8665,
4902,www.zmescience.com,0,1,21017,4.322570724231276,6781,3422,1000,3359,1,102,3620,30,8,1,0,89,1,6817,1,1,1,13335,5790,US
4903,www.zoho.com,0,1,846,2.9273703630390235,9539,5480,1000,4059,1,171,5198,35,12,0,0,90,1,8160,1,1,1,41913,7126,
4904,www.zoner.fi,0,1,49265,4.692538487125746,7910,3888,1000,4022,1,-1,-1,-1,-1,-1,-1,-1,-1,7307,1,0,1,396982,2836,US
4905,www.zonnet.nl,0,1,58719,4.768778650821843,9663,3052,1000,6611,1,-1,-1,-1,-1,-1,-1,-1,-1,9787,1,1,1,43190,6908,
4906,www.zooplus.co.uk,0,1,47113,4.673140759554794,7506,3243,1000,4262,0,-1,-1,-1,-1,-1,-1,-1,-1,9788,1,1,1,16509,9513,US
4907,www.zooplus.de,0,1,37868,4.578272368445339,9672,4828,1000,4843,1,-1,-1,-1,-1,-1,-1,-1,-1,-1,-1,-1,1,16509,9513,US
4908,www.zooplus.it,0,1,60637,4.782737706547561,6813,2880,1000,3932,1,150,4010,231,7,0,1,90,1,-1,-1,-1,1,16509,9513,US
4909,www.zooplus.nl,0,1,55085,4.741033353768175,8266,2966,1000,5300,1,-1,-1,-1,-1,-1,-1,-1,-1,9551,1,1,1,16509,9513,US
4910,www.zotero.org,0,1,4927,3.692582562274909,7169,4509,1000,2660,1,-1,-1,-1,-1,-1,-1,-1,-1,7204,1,1,1,14618,7503,US
4911,www.zscaler.com,0,1,3127,3.4951278812429334,6496,2478,1000,4017,1,-1,-1,-1,-1,-1,-1,-1,-1,6519,1,1,1,13335,5790,US
4912,www.zto.com,0,1,85249,4.930689293271232,9180,2197,1000,6983,1,-1,-1,-1,-1,-1,-1,-1,-1,9618,1,1,1,21859,4797,US
4913,www.zulily.com,0,1,38791,4.588730975498071,6000,4516,1000,1483,1,210,5977,43,12,0,0,89,1,6006,1,1,1,13335,5790,US
4914,www.zum.de,0,1,26382,4.42130771600335,10628,3947,1000,6681,1,87,3590,36,6,1,0,89,1,-1,-1,-1,1,24940,8753,
4915,www.zumper.com,0,1,24243,4.3845863614855185,7928,2783,1000,5145,1,1,5021,5021,1,0,0,345,1,7831,1,1,1,54113,5343,US
4916,www.zyfra.com,0,1,46624,4.668609530089896,7783,2,1000,7781,0,25,3139,1408,2,1,0,90,1,5893,1,1,1,208677,2525,
4917,www.zzounds.com,0,1,32482,4.511642762016879,10022,6831,1000,3190,0,-1,-1,-1,-1,-1,-1,-1,-1,10795,1,1,1,13335,5790,US
4918,www.zzy.cn,0,1,205249,5.312281049857058,8322,5985,1000,2337,1,-1,-1,-1,-1,-1,-1,-1,-1,-1,-1,-1,1,23724,-1,CN
4919,www06.eyny.com,0,1,28714,4.458093696046604,8266,4775,1000,3491,1,0,-1,-1,0,-1,-1,-1,-1,8300,1,1,1,395954,3395,US
4920,www2.acadiau.ca,0,1,43786,4.641335272726408,10711,3247,1000,7463,1,0,-1,-1,0,-1,-1,-1,-1,9367,1,1,1,30256,8308,CA
4921,www2.extremedigital.com.br,0,0,-1,-1.0,6954,34,1000,6920,1,0,-1,-1,0,-1,-1,-1,-1,4440,1,0,1,16509,9513,US
4922,www3.mtb.com,0,1,11408,4.05720951250779,9717,4688,1000,5029,0,-1,-1,-1,-1,-1,-1,-1,-1,9319,1,1,1,16509,9513,US
4923,wyborcza.pl,0,1,5741,3.758987546867619,10032,5084,1000,4948,1,-1,-1,-1,-1,-1,-1,-1,-1,10326,1,1,1,8535,8920,
4924,x-xx.pro,0,1,287689,5.458923256639612,1970,52,1000,1917,1,-1,-1,-1,-1,-1,-1,-1,-1,2103,1,1,1,32338,4532,AI
4925,xbabe.com,0,1,45583,4.658802904446173,9671,3749,1000,5921,1,-1,-1,-1,-1,-1,-1,-1,-1,9023,1,1,1,39572,3843,
4926,xeggex.com,0,1,644298,5.8090867832316295,1631,21,1000,1609,0,1182,1705,35,19,0,1,89,2,1723,1,1,1,13335,5790,US
4927,xgroovy.com,0,1,1912,3.2814878879400813,1632,7,1000,1624,1,412,2543,34,14,0,1,89,2,2602,1,1,1,13335,5790,US
4928,xhamster.com,0,1,538,2.7307822756663893,-1,-1,-1,-1,-1,2750,6022,43,32,0,1,89,6,6988,1,1,1,13335,5790,US
4929,xhamsterlive.com,0,1,3518,3.5462958351214424,5606,2604,1000,3002,1,458,3647,24,29,0,1,90,5,4069,1,1,1,13335,5790,US
4930,xhbranch.com,0,0,-1,-1.0,-1,-1,-1,-1,-1,100,1238,33,10,0,1,89,3,1245,1,1,1,39572,3843,
4931,xhdporno.com,0,0,-1,-1.0,4778,410,1000,4368,1,304,2889,26,7,0,1,90,4,2984,1,1,1,16276,20594,
4932,xiaodutv.com,0,1,45717,4.6600777237750135,4612,2,1000,4610,1,-1,-1,-1,-1,-1,-1,-1,-1,3861,1,1,1,38365,-1,CN
4933,xivmodarchive.com,0,1,54509,4.736468214710405,2769,665,1000,2104,1,-1,-1,-1,-1,-1,-1,-1,-1,2789,1,1,1,13335,5790,US
4934,xn----8sbf5ajejubd2l.xn--p1ai,0,0,-1,-1.0,1602,815,1000,786,0,-1,-1,-1,-1,-1,-1,-1,-1,-1,-1,-1,0,-1,-1,
4935,xn--72cmtudp6e8ad1dzef5f7bwc2an.com,0,0,-1,-1.0,1042,315,644,726,1,-1,-1,-1,-1,-1,-1,-1,-1,1051,1,1,1,13335,5790,US
4936,xn--72czpjuy5c8b0b6a0h8d.tv,0,0,-1,-1.0,1327,298,1000,1029,1,-1,-1,-1,-1,-1,-1,-1,-1,1329,1,1,1,13335,5790,US
4937,xn--b1algemdcsb.xn--p1ai,0,1,349010,5.5428378707488655,4111,11,1000,4099,1,-1,-1,-1,-1,-1,-1,-1,-1,-1,-1,-1,1,49505,6180,
4938,xn--c3c0c1ag6b.com,0,0,-1,-1.0,1424,289,1000,1135,0,-1,-1,-1,-1,-1,-1,-1,-1,1429,1,1,1,13335,5790,US
4939,xn--od1ba225g1yu.space,0,0,-1,-1.0,1032,157,81,875,1,-1,-1,-1,-1,-1,-1,-1,-1,-1,-1,-1,1,16509,9513,US
4940,xnxx1.biz,0,1,706167,5.848907418618233,4807,64,1000,4743,1,-1,-1,-1,-1,-1,-1,-1,-1,2148,1,1,1,13335,5790,US
4941,xnxx2.info,0,1,718749,5.856577253461466,4897,158,1000,4738,1,-1,-1,-1,-1,-1,-1,-1,-1,2596,1,1,1,13335,5790,US
4942,xnxx2.org,0,1,273537,5.437016079514061,5349,24,1000,5324,1,-1,-1,-1,-1,-1,-1,-1,-1,2596,1,1,1,13335,5790,US
4943,xnxxcom.xyz,0,1,113124,5.053554753129048,2059,16,1000,2043,1,-1,-1,-1,-1,-1,-1,-1,-1,1897,1,1,1,50245,6006,
4944,xorgasmo.com,0,1,1668,3.22219604630172,4620,17,1000,4602,1,241,2949,24,16,0,1,90,11,2949,1,1,1,16276,20594,
4945,xskt.com.vn,0,1,9501,3.9777693180915743,6167,71,1000,6096,1,98,3065,98,6,1,1,89,3,-1,-1,-1,1,18403,-1,VN
4946,xszj.org,0,1,349755,5.543763931761115,7767,9,1000,7757,1,100,1615,58,8,0,1,90,2,1474,1,1,1,13335,5790,US
4947,xvd2.org,0,0,-1,-1.0,1023,310,416,713,1,-1,-1,-1,-1,-1,-1,-1,-1,1028,1,1,1,13335,5790,US
4948,xxk.net,0,0,-1,-1.0,7555,76,402,7478,1,61,1794,58,8,0,1,90,2,9602,1,1,1,13335,5790,US
4949,xxx.tizam.pw,0,1,661711,5.820668354228896,1152,391,1000,761,0,73,1152,31,5,1,0,89,1,-1,-1,-1,1,16276,20594,
4950,xxxindianporn.org,0,1,479769,5.68103218284839,4138,101,1000,4036,1,163,4150,24,16,0,1,89,2,1334,1,1,1,13335,5790,US
4951,xxxsexzoo.com,0,1,77610,4.889917683436206,3783,40,1000,3742,0,699,3936,57,26,0,1,89,2,4058,1,1,1,13335,5790,US
4952,xxxvideos.blog,0,1,83155,4.919888367892572,2494,15,1000,2478,1,593,3151,24,15,0,1,89,2,2692,1,1,1,13335,5790,US
4953,xxxxvideo.org,0,0,-1,-1.0,4862,75,1000,4787,1,54,1632,71,4,1,0,89,5,1653,1,1,1,50245,6006,
4954,xzblogs.com,0,1,33664,4.527165718137626,7004,159,1000,6845,1,-1,-1,-1,-1,-1,-1,-1,-1,3232,1,1,1,13335,5790,US
4955,yadongkorea.red,0,0,-1,-1.0,1249,12,1000,1236,1,39,1257,70,8,0,1,89,2,70,2,1,1,63949,-1,SG
4956,yadongpang.net,0,0,-1,-1.0,1448,218,1000,1229,1,308,1451,28,9,0,1,89,2,1451,1,1,1,63949,-1,SG
4957,yamaha-motor.com,0,1,37098,4.569350496882519,10031,7353,1000,2677,1,2262,3856,18,28,0,1,1,2,10703,1,1,1,19551,5608,US
4958,yandex.fr,0,1,31398,4.4969019851233085,7934,3251,1000,4682,1,-1,-1,-1,-1,-1,-1,-1,-1,4194,1,1,1,208398,1213,
4959,yespornfree.com,0,1,83689,4.922668378504072,2843,16,1000,2826,1,-1,-1,-1,-1,-1,-1,-1,-1,2037,1,1,1,40824,6601,US
4960,yle.fi,0,1,3435,3.5359267413955693,10735,7445,1000,3290,1,-1,-1,-1,-1,-1,-1,-1,-1,12924,1,0,1,16509,9513,US
4961,ymusicapp.com,0,1,46076,4.663474769605036,2979,11,905,2968,0,244,1685,50,15,0,1,90,2,1685,1,1,1,13335,5790,US
4962,yollacalls.com,0,1,61687,4.790193649882065,3779,138,1000,3640,0,237,4054,52,15,0,1,89,3,4186,1,1,1,41625,7176,
4963,yopmail.com,0,1,18105,4.25779852915303,7264,4348,1000,2915,1,-1,-1,-1,-1,-1,-1,-1,-1,8029,1,1,1,16276,20594,
4964,you.com,0,1,21409,4.330596382164847,10325,1813,1000,8512,1,-1,-1,-1,-1,-1,-1,-1,-1,10039,1,1,1,13335,5790,US
4965,youappi.com,0,1,10930,4.038620161949702,5580,50,1000,5530,1,-1,-1,-1,-1,-1,-1,-1,-1,5891,1,1,1,209242,2625,
4966,youcanbook.me,0,1,22609,4.3542813538497285,5942,3049,1000,2893,1,-1,-1,-1,-1,-1,-1,-1,-1,-1,-1,-1,1,209242,2625,
4967,youpic.com,0,1,80397,4.90523984342813,8077,1162,1000,6914,1,-1,-1,-1,-1,-1,-1,-1,-1,7309,1,1,1,60781,4755,
4968,yourroyals.com,0,0,-1,-1.0,2846,71,1000,2774,0,-1,-1,-1,-1,-1,-1,-1,-1,3234,1,1,1,13335,5790,US
4969,yousher.com,0,1,45925,4.662049164977846,4520,1098,1000,3421,1,330,3695,46,15,0,1,90,3,3711,1,1,1,13335,5790,US
4970,youteenporn.net,0,1,68211,4.833854416505176,4196,16,1000,4179,1,1461,2788,53,15,0,1,89,4,2787,1,1,1,13335,5790,US
4971,ytmnd.com,0,1,34791,4.541466911881834,8037,5978,1000,2058,1,-1,-1,-1,-1,-1,-1,-1,-1,8085,1,1,1,29789,8417,US
4972,zain.com,0,1,17412,4.240848658485361,10732,1155,1000,9577,1,3131,6847,1329,57,0,1,356,56,10956,1,1,1,30148,4115,US
4973,zaq.ne.jp,0,1,14276,4.1546065392836224,9986,4736,1000,5249,1,526,7161,29,35,0,1,395,2,-1,-1,-1,1,9607,-1,JP
4974,zarajuara.net,0,0,-1,-1.0,1608,380,209,1227,1,-1,-1,-1,-1,-1,-1,-1,-1,-1,-1,-1,0,-1,-1,
4975,zenit.org,0,1,39646,4.598199376633215,10185,6436,1000,3748,1,540,7029,39,28,0,1,186,6,10517,1,1,1,13335,5790,US
4976,zeno.fm,0,1,16054,4.205583258640754,2841,1196,1000,1645,0,288,3309,29,15,0,1,89,5,3360,1,1,1,16276,20594,
4977,zerion.io,0,1,36702,4.5646897308814465,3226,367,1000,2859,1,-1,-1,-1,-1,-1,-1,-1,-1,-1,-1,-1,1,13335,5790,US
4978,ziaku88.com,0,0,-1,-1.0,1081,454,71,626,1,14,1089,477,3,0,0,90,5,-1,-1,-1,0,-1,-1,
4979,ziarulromanesc.de,0,1,466423,5.668779957974798,4246,14,1000,4232,1,150,2828,42,11,0,1,89,2,-1,-1,-1,1,13335,5790,US
4980,zimad.com,0,1,13232,4.121625492208471,7768,21,1000,7747,1,4265,3193,94,17,0,1,89,2,7217,1,1,1,207604,1351,
4981,zingnews.vn,0,1,159176,5.201877586936179,6163,1995,1000,4168,1,-1,-1,-1,-1,-1,-1,-1,-1,-1,-1,-1,1,18403,-1,VN
4982,zix.com,0,1,908417,5.958285252955348,9707,800,1000,8906,1,519,2742,27,17,0,1,89,9,10722,1,1,1,14618,7503,US
4983,zlib.net,0,1,4174,3.620552444729435,8752,3388,1000,5363,1,99,3295,65,7,0,1,90,9,8831,1,1,1,55293,4752,US
4984,zolucky.com,0,1,477313,5.6788032628836955,2183,1703,1000,479,0,-1,-1,-1,-1,-1,-1,-1,-1,2393,1,1,1,16509,9513,US
4985,zoroto.tv,0,0,-1,-1.0,1134,43,1000,1090,1,-1,-1,-1,-1,-1,-1,-1,-1,327,2,1,1,133618,-1,AU
4986,zt.hu,0,1,74978,4.874933851655706,4056,1587,1000,2469,1,390,4107,23,17,0,1,89,2,-1,-1,-1,1,57389,5332,
4987,ztv.su,0,1,110371,5.042854977429058,5938,27,1000,5910,1,1653,5121,22,17,0,1,89,5,-1,-1,-1,1,43581,2085,
4988,163,1,0,-1,-1.0,8215,6764,21,1451,0,-1,-1,-1,-1,-1,-1,-1,-1,-1,-1,-1,1,-1,-1,
4991,abn_amro_bank,1,0,-1,-1.0,-1,-1,-1,-1,-1,-1,-1,-1,-1,-1,-1,-1,-1,-1,-1,-1,0,-1,-1,
4992,abn_armo_bank,1,0,-1,-1.0,-1,-1,-1,-1,-1,0,-1,-1,0,-1,-1,-1,-1,-1,-1,-1,0,-1,-1,
4993,absa bank,1,0,-1,-1.0,-1,-1,-1,-1,-1,241,3269,300,6,0,0,366,2,-1,-1,-1,0,-1,-1,
4994,absa,1,0,-1,-1.0,-1,-1,-1,-1,-1,-1,-1,-1,-1,-1,-1,-1,-1,-1,-1,-1,0,-1,-1,
4999,acb,1,0,-1,-1.0,-1,-1,-1,-1,-1,922,6932,22,47,0,1,391,7,-1,-1,-1,0,-1,-1,
5013,accesso,1,0,-1,-1.0,-1,-1,-1,-1,-1,331,8170,28,10,0,0,365,2,-1,-1,-1,0,-1,-1,
5014,adobe,1,0,-1,-1.0,-1,-1,-1,-1,-1,-1,-1,-1,-1,-1,-1,-1,-1,-1,-1,-1,0,-1,-1,
5036,adp,1,0,-1,-1.0,-1,-1,-1,-1,-1,5769,8399,4178,45,0,1,730,22,-1,-1,-1,0,-1,-1,
5037,aeon_card,1,0,-1,-1.0,-1,-1,-1,-1,-1,-1,-1,-1,-1,-1,-1,-1,-1,-1,-1,-1,0,-1,-1,
5038,agiraffaires,1,0,-1,-1.0,-1,-1,-1,-1,-1,-1,-1,-1,-1,-1,-1,-1,-1,-1,-1,-1,0,-1,-1,
5039,agriaffaires,1,0,-1,-1.0,-1,-1,-1,-1,-1,-1,-1,-1,-1,-1,-1,-1,-1,-1,-1,-1,0,-1,-1,
5042,agricultural_credit_group,1,0,-1,-1.0,-1,-1,-1,-1,-1,0,-1,-1,0,-1,-1,-1,-1,-1,-1,-1,0,-1,-1,
5043,aib,1,0,-1,-1.0,-1,-1,-1,-1,-1,806,7351,62,62,0,1,366,18,-1,-1,-1,0,-1,-1,
5044,airbnb,1,0,-1,-1.0,-1,-1,-1,-1,-1,2348,5369,2755,16,0,1,370,75,-1,-1,-1,0,-1,-1,
5046,alibaba,1,0,-1,-1.0,-1,-1,-1,-1,-1,1478,7307,3025,27,0,1,365,58,-1,-1,-1,0,-1,-1,
5048,allegro,1,0,-1,-1.0,-1,-1,-1,-1,-1,-1,-1,-1,-1,-1,-1,-1,-1,-1,-1,-1,0,-1,-1,
5051,amazon,1,0,-1,-1.0,-1,-1,-1,-1,-1,3775,9154,584,95,0,1,375,100,-1,-1,-1,0,-1,-1,
5073,ameli,1,0,-1,-1.0,-1,-1,-1,-1,-1,45,4635,57,8,0,1,89,3,-1,-1,-1,0,-1,-1,
5076,america_first_credit_union,1,0,-1,-1.0,-1,-1,-1,-1,-1,2322,7000,23,23,0,0,365,2,-1,-1,-1,0,-1,-1,
5092,american_express,1,0,-1,-1.0,-1,-1,-1,-1,-1,9713,8458,2785,66,0,0,730,2,-1,-1,-1,0,-1,-1,
5099,americanas,1,0,-1,-1.0,-1,-1,-1,-1,-1,170,7301,28,21,0,1,365,15,-1,-1,-1,0,-1,-1,
5100,an_post,1,0,-1,-1.0,-1,-1,-1,-1,-1,865,9402,24,23,0,0,374,2,-1,-1,-1,0,-1,-1,
5108,anz,1,0,-1,-1.0,-1,-1,-1,-1,-1,-1,-1,-1,-1,-1,-1,-1,-1,-1,-1,-1,0,-1,-1,
5111,aol,1,0,-1,-1.0,-1,-1,-1,-1,-1,2672,9681,3530,32,0,1,730,109,-1,-1,-1,0,-1,-1,
5114,apple,1,0,-1,-1.0,-1,-1,-1,-1,-1,3000,9660,3990,89,0,1,427,98,-1,-1,-1,0,-1,-1,
5157,aramex,1,0,-1,-1.0,-1,-1,-1,-1,-1,661,7533,56,19,0,1,369,21,-1,-1,-1,0,-1,-1,
5164,arvest,1,0,-1,-1.0,-1,-1,-1,-1,-1,1555,7337,24,27,0,0,396,21,-1,-1,-1,0,-1,-1,
5170,asb,1,0,-1,-1.0,-1,-1,-1,-1,-1,-1,-1,-1,-1,-1,-1,-1,-1,-1,-1,-1,0,-1,-1,
5171,at&t,1,0,-1,-1.0,-1,-1,-1,-1,-1,-1,-1,-1,-1,-1,-1,-1,-1,-1,-1,-1,0,-1,-1,
5353,atb,1,0,-1,-1.0,-1,-1,-1,-1,-1,-1,-1,-1,-1,-1,-1,-1,-1,-1,-1,-1,0,-1,-1,
5354,atb_financial,1,0,-1,-1.0,-1,-1,-1,-1,-1,-1,-1,-1,-1,-1,-1,-1,-1,-1,-1,-1,0,-1,-1,
5355,australia_post,1,0,-1,-1.0,-1,-1,-1,-1,-1,-1,-1,-1,-1,-1,-1,-1,-1,-1,-1,-1,0,-1,-1,
5359,aws,1,0,-1,-1.0,-1,-1,-1,-1,-1,-1,-1,-1,-1,-1,-1,-1,-1,-1,-1,-1,0,-1,-1,
5360,axis_bank,1,0,-1,-1.0,-1,-1,-1,-1,-1,-1,-1,-1,-1,-1,-1,-1,-1,-1,-1,-1,0,-1,-1,
5366,banca_mediolanum,1,0,-1,-1.0,-1,-1,-1,-1,-1,-1,-1,-1,-1,-1,-1,-1,-1,-1,-1,-1,0,-1,-1,
5370,banca_mps,1,0,-1,-1.0,-1,-1,-1,-1,-1,-1,-1,-1,-1,-1,-1,-1,-1,-1,-1,-1,0,-1,-1,
5371,banco_bisa,1,0,-1,-1.0,-1,-1,-1,-1,-1,-1,-1,-1,-1,-1,-1,-1,-1,-1,-1,-1,0,-1,-1,
5374,banco_bpm,1,0,-1,-1.0,-1,-1,-1,-1,-1,-1,-1,-1,-1,-1,-1,-1,-1,-1,-1,-1,0,-1,-1,
5378,banco_ciudad,1,0,-1,-1.0,-1,-1,-1,-1,-1,-1,-1,-1,-1,-1,-1,-1,-1,-1,-1,-1,0,-1,-1,
5380,banco_de_bogota,1,0,-1,-1.0,-1,-1,-1,-1,-1,-1,-1,-1,-1,-1,-1,-1,-1,-1,-1,-1,0,-1,-1,
5384,banco_del_pacifico,1,0,-1,-1.0,-1,-1,-1,-1,-1,669,7371,23,17,0,0,396,2,-1,-1,-1,0,-1,-1,
5388,banco_do_brazil,1,0,-1,-1.0,-1,-1,-1,-1,-1,-1,-1,-1,-1,-1,-1,-1,-1,-1,-1,-1,0,-1,-1,
5389,banco_falabella,1,0,-1,-1.0,-1,-1,-1,-1,-1,-1,-1,-1,-1,-1,-1,-1,-1,-1,-1,-1,0,-1,-1,
5392,banco_galicia,1,0,-1,-1.0,-1,-1,-1,-1,-1,-1,-1,-1,-1,-1,-1,-1,-1,-1,-1,-1,0,-1,-1,
5402,banco_general,1,0,-1,-1.0,-1,-1,-1,-1,-1,-1,-1,-1,-1,-1,-1,-1,-1,-1,-1,-1,0,-1,-1,
5405,banco_hipotecario,1,0,-1,-1.0,-1,-1,-1,-1,-1,-1,-1,-1,-1,-1,-1,-1,-1,-1,-1,-1,0,-1,-1,
5406,banco_patagonia,1,0,-1,-1.0,-1,-1,-1,-1,-1,362,6447,20,20,0,0,391,1,-1,-1,-1,0,-1,-1,
5407,banco_pichincha,1,0,-1,-1.0,-1,-1,-1,-1,-1,-1,-1,-1,-1,-1,-1,-1,-1,-1,-1,-1,0,-1,-1,
5412,banco_popular,1,0,-1,-1.0,-1,-1,-1,-1,-1,3297,7381,28,36,0,0,368,2,-1,-1,-1,0,-1,-1,
5413,banco_promerica,1,0,-1,-1.0,-1,-1,-1,-1,-1,691,7314,58,20,0,0,396,2,-1,-1,-1,0,-1,-1,
5418,banco_provincia,1,0,-1,-1.0,-1,-1,-1,-1,-1,135,7454,56,17,0,0,396,1,-1,-1,-1,0,-1,-1,
5435,banco_ripley,1,0,-1,-1.0,-1,-1,-1,-1,-1,331,6692,21,23,0,0,369,1,-1,-1,-1,0,-1,-1,
5436,banco_sabadell,1,0,-1,-1.0,-1,-1,-1,-1,-1,50,2729,57,5,0,0,365,1,-1,-1,-1,0,-1,-1,
5437,banco_santa_fe,1,0,-1,-1.0,-1,-1,-1,-1,-1,-1,-1,-1,-1,-1,-1,-1,-1,-1,-1,-1,0,-1,-1,
5438,banco_union,1,0,-1,-1.0,-1,-1,-1,-1,-1,273,6905,21,17,0,0,396,2,-1,-1,-1,0,-1,-1,
5439,bancolombia,1,0,-1,-1.0,-1,-1,-1,-1,-1,-1,-1,-1,-1,-1,-1,-1,-1,-1,-1,-1,0,-1,-1,
5467,banistmo,1,0,-1,-1.0,-1,-1,-1,-1,-1,-1,-1,-1,-1,-1,-1,-1,-1,-1,-1,-1,0,-1,-1,
5468,bank99,1,0,-1,-1.0,-1,-1,-1,-1,-1,-1,-1,-1,-1,-1,-1,-1,-1,-1,-1,-1,0,-1,-1,
5469,bank_austria,1,0,-1,-1.0,-1,-1,-1,-1,-1,-1,-1,-1,-1,-1,-1,-1,-1,-1,-1,-1,0,-1,-1,
5470,bank_bni,1,0,-1,-1.0,-1,-1,-1,-1,-1,14,4682,2081,4,0,0,395,2,-1,-1,-1,0,-1,-1,
5479,bank_bri,1,0,-1,-1.0,-1,-1,-1,-1,-1,-1,-1,-1,-1,-1,-1,-1,-1,-1,-1,-1,0,-1,-1,
5480,bank_hapoalim,1,0,-1,-1.0,-1,-1,-1,-1,-1,2038,7938,21,28,0,0,396,2,-1,-1,-1,0,-1,-1,
5481,bank_of_america,1,0,-1,-1.0,-1,-1,-1,-1,-1,-1,-1,-1,-1,-1,-1,-1,-1,-1,-1,-1,0,-1,-1,
5490,bank_of_brazil,1,0,-1,-1.0,-1,-1,-1,-1,-1,0,-1,-1,0,-1,-1,-1,-1,-1,-1,-1,0,-1,-1,
5493,bank_of_costa_rica,1,0,-1,-1.0,-1,-1,-1,-1,-1,-1,-1,-1,-1,-1,-1,-1,-1,-1,-1,-1,0,-1,-1,
5494,bank_of_guam,1,0,-1,-1.0,-1,-1,-1,-1,-1,229,7603,42,18,0,0,396,2,-1,-1,-1,0,-1,-1,
5495,banorte,1,0,-1,-1.0,-1,-1,-1,-1,-1,1915,7408,28,27,0,1,378,16,-1,-1,-1,0,-1,-1,
5496,banreservas,1,0,-1,-1.0,-1,-1,-1,-1,-1,1,5023,5023,1,0,0,1460,2,-1,-1,-1,0,-1,-1,
5497,banrural,1,0,-1,-1.0,-1,-1,-1,-1,-1,39,6250,2179,3,0,0,760,3,-1,-1,-1,0,-1,-1,
5532,barclays,1,0,-1,-1.0,-1,-1,-1,-1,-1,-1,-1,-1,-1,-1,-1,-1,-1,-1,-1,-1,0,-1,-1,
5543,battle_net,1,0,-1,-1.0,-1,-1,-1,-1,-1,-1,-1,-1,-1,-1,-1,-1,-1,-1,-1,-1,0,-1,-1,
5545,battlegrounds_mobile_india,1,0,-1,-1.0,-1,-1,-1,-1,-1,0,-1,-1,0,-1,-1,-1,-1,-1,-1,-1,0,-1,-1,
5550,bawag,1,0,-1,-1.0,-1,-1,-1,-1,-1,-1,-1,-1,-1,-1,-1,-1,-1,-1,-1,-1,0,-1,-1,
5552,bbva,1,0,-1,-1.0,-1,-1,-1,-1,-1,-1,-1,-1,-1,-1,-1,-1,-1,-1,-1,-1,0,-1,-1,
5566,bcp,1,0,-1,-1.0,-1,-1,-1,-1,-1,639,7793,44,67,0,1,371,8,-1,-1,-1,0,-1,-1,
5568,bdo,1,0,-1,-1.0,-1,-1,-1,-1,-1,2099,7252,2325,91,0,1,426,70,-1,-1,-1,0,-1,-1,
5575,belarusbank,1,0,-1,-1.0,-1,-1,-1,-1,-1,32,6482,314,8,0,0,396,30,-1,-1,-1,0,-1,-1,
5576,belgazprombank,1,0,-1,-1.0,-1,-1,-1,-1,-1,-1,-1,-1,-1,-1,-1,-1,-1,-1,-1,-1,0,-1,-1,
5577,bell,1,0,-1,-1.0,-1,-1,-1,-1,-1,-1,-1,-1,-1,-1,-1,-1,-1,-1,-1,-1,0,-1,-1,
5585,bendigo_bank,1,0,-1,-1.0,-1,-1,-1,-1,-1,-1,-1,-1,-1,-1,-1,-1,-1,-1,-1,-1,0,-1,-1,
5587,berliner_volksbank,1,0,-1,-1.0,-1,-1,-1,-1,-1,87,7083,44,23,0,0,390,5,-1,-1,-1,0,-1,-1,
5588,bet365,1,0,-1,-1.0,-1,-1,-1,-1,-1,1888,7260,29,20,0,1,396,17,-1,-1,-1,0,-1,-1,
5593,bethpage_federal_credit_union,1,0,-1,-1.0,-1,-1,-1,-1,-1,363,7185,356,23,0,0,385,1,-1,-1,-1,0,-1,-1,
5595,biglobe,1,0,-1,-1.0,-1,-1,-1,-1,-1,4189,8190,3094,25,0,0,386,3,-1,-1,-1,0,-1,-1,
5599,bimcell,1,0,-1,-1.0,-1,-1,-1,-1,-1,0,-1,-1,0,-1,-1,-1,-1,-1,-1,-1,0,-1,-1,
5600,binance,1,0,-1,-1.0,-1,-1,-1,-1,-1,265,3723,23,20,0,1,90,4,-1,-1,-1,0,-1,-1,
5601,bitkub,1,0,-1,-1.0,-1,-1,-1,-1,-1,-1,-1,-1,-1,-1,-1,-1,-1,-1,-1,-1,0,-1,-1,
5631,bitmex,1,0,-1,-1.0,-1,-1,-1,-1,-1,0,-1,-1,0,-1,-1,-1,-1,-1,-1,-1,0,-1,-1,
5632,blockchain_com,1,0,-1,-1.0,-1,-1,-1,-1,-1,-1,-1,-1,-1,-1,-1,-1,-1,-1,-1,-1,0,-1,-1,
5646,bmo,1,0,-1,-1.0,-1,-1,-1,-1,-1,-1,-1,-1,-1,-1,-1,-1,-1,-1,-1,-1,0,-1,-1,
5651,bmps,1,0,-1,-1.0,-1,-1,-1,-1,-1,-1,-1,-1,-1,-1,-1,-1,-1,-1,-1,-1,0,-1,-1,
5654,bnp_paribas,1,0,-1,-1.0,-1,-1,-1,-1,-1,-1,-1,-1,-1,-1,-1,-1,-1,-1,-1,-1,0,-1,-1,
5659,bnz,1,0,-1,-1.0,-1,-1,-1,-1,-1,-1,-1,-1,-1,-1,-1,-1,-1,-1,-1,-1,0,-1,-1,
5660,booking,1,0,-1,-1.0,-1,-1,-1,-1,-1,2351,9611,24,116,0,1,231,33,-1,-1,-1,0,-1,-1,
5661,bper,1,0,-1,-1.0,-1,-1,-1,-1,-1,-1,-1,-1,-1,-1,-1,-1,-1,-1,-1,-1,0,-1,-1,
5662,bpost,1,0,-1,-1.0,-1,-1,-1,-1,-1,-1,-1,-1,-1,-1,-1,-1,-1,-1,-1,-1,0,-1,-1,
5670,bradesco,1,0,-1,-1.0,-1,-1,-1,-1,-1,-1,-1,-1,-1,-1,-1,-1,-1,-1,-1,-1,0,-1,-1,
5674,brooks,1,0,-1,-1.0,-1,-1,-1,-1,-1,-1,-1,-1,-1,-1,-1,-1,-1,-1,-1,-1,0,-1,-1,
5675,bt_group,1,0,-1,-1.0,-1,-1,-1,-1,-1,-1,-1,-1,-1,-1,-1,-1,-1,-1,-1,-1,0,-1,-1,
5688,caixa,1,0,-1,-1.0,-1,-1,-1,-1,-1,-1,-1,-1,-1,-1,-1,-1,-1,-1,-1,-1,0,-1,-1,
5689,caixabank,1,0,-1,-1.0,-1,-1,-1,-1,-1,-1,-1,-1,-1,-1,-1,-1,-1,-1,-1,-1,0,-1,-1,
5690,canada_post,1,0,-1,-1.0,-1,-1,-1,-1,-1,-1,-1,-1,-1,-1,-1,-1,-1,-1,-1,-1,0,-1,-1,
5698,capital_one,1,0,-1,-1.0,-1,-1,-1,-1,-1,-1,-1,-1,-1,-1,-1,-1,-1,-1,-1,-1,0,-1,-1,
5700,carrefour_banque,1,0,-1,-1.0,-1,-1,-1,-1,-1,30,5493,659,2,0,0,730,3,-1,-1,-1,0,-1,-1,
5701,cathay_united_bank,1,0,-1,-1.0,-1,-1,-1,-1,-1,726,6797,22,24,0,0,393,1,-1,-1,-1,0,-1,-1,
5702,centurylink,1,0,-1,-1.0,-1,-1,-1,-1,-1,-1,-1,-1,-1,-1,-1,-1,-1,-1,-1,-1,0,-1,-1,
5703,charles_schwab,1,0,-1,-1.0,-1,-1,-1,-1,-1,-1,-1,-1,-1,-1,-1,-1,-1,-1,-1,-1,0,-1,-1,
5711,chase_bank,1,0,-1,-1.0,-1,-1,-1,-1,-1,-1,-1,-1,-1,-1,-1,-1,-1,-1,-1,-1,0,-1,-1,
5719,chronopost,1,0,-1,-1.0,-1,-1,-1,-1,-1,-1,-1,-1,-1,-1,-1,-1,-1,-1,-1,-1,0,-1,-1,
5724,cibc,1,0,-1,-1.0,-1,-1,-1,-1,-1,1038,9505,35,25,0,1,696,96,-1,-1,-1,0,-1,-1,
5731,citi,1,0,-1,-1.0,-1,-1,-1,-1,-1,-1,-1,-1,-1,-1,-1,-1,-1,-1,-1,-1,0,-1,-1,
5735,citizens_bank,1,0,-1,-1.0,-1,-1,-1,-1,-1,-1,-1,-1,-1,-1,-1,-1,-1,-1,-1,-1,0,-1,-1,
5737,codashop,1,0,-1,-1.0,-1,-1,-1,-1,-1,-1,-1,-1,-1,-1,-1,-1,-1,-1,-1,-1,0,-1,-1,
5752,cogeco,1,0,-1,-1.0,-1,-1,-1,-1,-1,706,7789,35,36,0,1,386,14,-1,-1,-1,0,-1,-1,
5754,coinbase,1,0,-1,-1.0,-1,-1,-1,-1,-1,2049,5091,23,21,0,1,90,26,-1,-1,-1,0,-1,-1,
5782,comcast,1,0,-1,-1.0,-1,-1,-1,-1,-1,-1,-1,-1,-1,-1,-1,-1,-1,-1,-1,-1,0,-1,-1,
5783,commbank,1,0,-1,-1.0,-1,-1,-1,-1,-1,106,6319,69,12,0,1,90,4,-1,-1,-1,0,-1,-1,
5789,commercial_bank_of_kuwait,1,0,-1,-1.0,-1,-1,-1,-1,-1,-1,-1,-1,-1,-1,-1,-1,-1,-1,-1,-1,0,-1,-1,
5790,commerzbank,1,0,-1,-1.0,-1,-1,-1,-1,-1,-1,-1,-1,-1,-1,-1,-1,-1,-1,-1,-1,0,-1,-1,
5809,corporacion_bi,1,0,-1,-1.0,-1,-1,-1,-1,-1,-1,-1,-1,-1,-1,-1,-1,-1,-1,-1,-1,0,-1,-1,
5811,correos,1,0,-1,-1.0,-1,-1,-1,-1,-1,1560,9934,28,43,0,1,391,25,-1,-1,-1,0,-1,-1,
5815,correos_express,1,0,-1,-1.0,-1,-1,-1,-1,-1,138,3689,601,1,0,0,391,1,-1,-1,-1,0,-1,-1,
5818,courier_it,1,0,-1,-1.0,-1,-1,-1,-1,-1,4,1219,847,1,0,1,365,2,-1,-1,-1,0,-1,-1,
5819,cox_communications,1,0,-1,-1.0,-1,-1,-1,-1,-1,-1,-1,-1,-1,-1,-1,-1,-1,-1,-1,-1,0,-1,-1,
5823,credem_banca,1,0,-1,-1.0,-1,-1,-1,-1,-1,0,-1,-1,0,-1,-1,-1,-1,-1,-1,-1,0,-1,-1,
5825,credit_agricole,1,0,-1,-1.0,-1,-1,-1,-1,-1,5701,8896,3874,42,0,0,383,5,-1,-1,-1,0,-1,-1,
5833,credit_suisse,1,0,-1,-1.0,-1,-1,-1,-1,-1,2666,8456,2823,35,0,0,458,30,-1,-1,-1,0,-1,-1,
5834,cyprus_post,1,0,-1,-1.0,-1,-1,-1,-1,-1,8,1672,797,2,0,0,372,1,-1,-1,-1,0,-1,-1,
5835,dana,1,0,-1,-1.0,-1,-1,-1,-1,-1,-1,-1,-1,-1,-1,-1,-1,-1,-1,-1,-1,0,-1,-1,
6017,danske_bank,1,0,-1,-1.0,-1,-1,-1,-1,-1,-1,-1,-1,-1,-1,-1,-1,-1,-1,-1,-1,0,-1,-1,
6018,daum,1,0,-1,-1.0,-1,-1,-1,-1,-1,756,6831,345,34,0,1,396,9,-1,-1,-1,0,-1,-1,
6019,davivienda,1,0,-1,-1.0,-1,-1,-1,-1,-1,3553,7003,315,41,0,1,394,9,-1,-1,-1,0,-1,-1,
6022,dbs,1,0,-1,-1.0,-1,-1,-1,-1,-1,-1,-1,-1,-1,-1,-1,-1,-1,-1,-1,-1,0,-1,-1,
6025,dcu,1,0,-1,-1.0,-1,-1,-1,-1,-1,-1,-1,-1,-1,-1,-1,-1,-1,-1,-1,-1,0,-1,-1,
6028,debank,1,0,-1,-1.0,-1,-1,-1,-1,-1,16,3382,2446,4,0,0,691,10,-1,-1,-1,0,-1,-1,
6031,denizbank,1,0,-1,-1.0,-1,-1,-1,-1,-1,1334,7337,23,28,0,1,368,20,-1,-1,-1,0,-1,-1,
6080,desjardins,1,0,-1,-1.0,-1,-1,-1,-1,-1,3172,7646,2368,37,0,1,822,40,-1,-1,-1,0,-1,-1,
6082,deutsche_bank,1,0,-1,-1.0,-1,-1,-1,-1,-1,-1,-1,-1,-1,-1,-1,-1,-1,-1,-1,-1,0,-1,-1,
6084,dhl,1,0,-1,-1.0,-1,-1,-1,-1,-1,2390,8375,1830,90,0,1,365,64,-1,-1,-1,0,-1,-1,
6102,discord,1,0,-1,-1.0,-1,-1,-1,-1,-1,-1,-1,-1,-1,-1,-1,-1,-1,-1,-1,-1,0,-1,-1,
6110,discover,1,0,-1,-1.0,-1,-1,-1,-1,-1,-1,-1,-1,-1,-1,-1,-1,-1,-1,-1,-1,0,-1,-1,
6114,disneyplus,1,0,-1,-1.0,-1,-1,-1,-1,-1,26,537,87,5,1,1,89,9,-1,-1,-1,0,-1,-1,
6115,dkb,1,0,-1,-1.0,-1,-1,-1,-1,-1,-1,-1,-1,-1,-1,-1,-1,-1,-1,-1,-1,0,-1,-1,
6123,docusign,1,0,-1,-1.0,-1,-1,-1,-1,-1,-1,-1,-1,-1,-1,-1,-1,-1,-1,-1,-1,0,-1,-1,
6129,dpd,1,0,-1,-1.0,-1,-1,-1,-1,-1,3362,7075,2037,75,0,1,190,21,-1,-1,-1,0,-1,-1,
6156,dropbox,1,0,-1,-1.0,-1,-1,-1,-1,-1,-1,-1,-1,-1,-1,-1,-1,-1,-1,-1,-1,0,-1,-1,
6162,dubai_islamic_bank,1,0,-1,-1.0,-1,-1,-1,-1,-1,-1,-1,-1,-1,-1,-1,-1,-1,-1,-1,-1,0,-1,-1,
6168,ebay,1,0,-1,-1.0,-1,-1,-1,-1,-1,-1,-1,-1,-1,-1,-1,-1,-1,-1,-1,-1,0,-1,-1,
6176,ee,1,0,-1,-1.0,-1,-1,-1,-1,-1,-1,-1,-1,-1,-1,-1,-1,-1,-1,-1,-1,0,-1,-1,
6178,emirates_post,1,0,-1,-1.0,-1,-1,-1,-1,-1,-1,-1,-1,-1,-1,-1,-1,-1,-1,-1,-1,0,-1,-1,
6179,ent_credit_union,1,0,-1,-1.0,-1,-1,-1,-1,-1,-1,-1,-1,-1,-1,-1,-1,-1,-1,-1,-1,0,-1,-1,
6181,epos_card,1,0,-1,-1.0,-1,-1,-1,-1,-1,-1,-1,-1,-1,-1,-1,-1,-1,-1,-1,-1,0,-1,-1,
6186,etc,1,0,-1,-1.0,-1,-1,-1,-1,-1,-1,-1,-1,-1,-1,-1,-1,-1,-1,-1,-1,0,-1,-1,
6189,etisalat,1,0,-1,-1.0,-1,-1,-1,-1,-1,-1,-1,-1,-1,-1,-1,-1,-1,-1,-1,-1,0,-1,-1,
6193,exodus,1,0,-1,-1.0,-1,-1,-1,-1,-1,1528,9381,21,61,0,1,90,19,-1,-1,-1,0,-1,-1,
6195,facebook,1,0,-1,-1.0,-1,-1,-1,-1,-1,7630,6538,3170,30,0,1,372,63,-1,-1,-1,0,-1,-1,
6427,falabella,1,0,-1,-1.0,-1,-1,-1,-1,-1,2930,7490,1912,21,0,1,370,60,-1,-1,-1,0,-1,-1,
6428,family_trust_federal_credit_union,1,0,-1,-1.0,-1,-1,-1,-1,-1,-1,-1,-1,-1,-1,-1,-1,-1,-1,-1,-1,0,-1,-1,
6431,fedex,1,0,-1,-1.0,-1,-1,-1,-1,-1,2671,8653,3543,25,0,1,366,76,-1,-1,-1,0,-1,-1,
6447,ficohsa,1,0,-1,-1.0,-1,-1,-1,-1,-1,242,7597,23,14,0,1,370,6,-1,-1,-1,0,-1,-1,
6449,fie_bank,1,0,-1,-1.0,-1,-1,-1,-1,-1,0,-1,-1,0,-1,-1,-1,-1,-1,-1,-1,0,-1,-1,
6450,fifth_third_bank,1,0,-1,-1.0,-1,-1,-1,-1,-1,-1,-1,-1,-1,-1,-1,-1,-1,-1,-1,-1,0,-1,-1,
6451,first_tech_federal_credit_union,1,0,-1,-1.0,-1,-1,-1,-1,-1,-1,-1,-1,-1,-1,-1,-1,-1,-1,-1,-1,0,-1,-1,
6452,fnb,1,0,-1,-1.0,-1,-1,-1,-1,-1,5502,7418,1401,51,0,1,365,16,-1,-1,-1,0,-1,-1,
6457,fnbo,1,0,-1,-1.0,-1,-1,-1,-1,-1,109,6341,2311,4,0,1,365,3,-1,-1,-1,0,-1,-1,
6459,fortuneo,1,0,-1,-1.0,-1,-1,-1,-1,-1,80,7365,1864,9,0,0,730,2,-1,-1,-1,0,-1,-1,
6460,fpt,1,0,-1,-1.0,-1,-1,-1,-1,-1,-1,-1,-1,-1,-1,-1,-1,-1,-1,-1,-1,0,-1,-1,
6464,freefire,1,0,-1,-1.0,-1,-1,-1,-1,-1,-1,-1,-1,-1,-1,-1,-1,-1,-1,-1,-1,0,-1,-1,
6473,garanti_bbva,1,0,-1,-1.0,-1,-1,-1,-1,-1,25,345,38,2,0,0,365,1,-1,-1,-1,0,-1,-1,
6510,garena,1,0,-1,-1.0,-1,-1,-1,-1,-1,-1,-1,-1,-1,-1,-1,-1,-1,-1,-1,-1,0,-1,-1,
6514,gcash,1,0,-1,-1.0,-1,-1,-1,-1,-1,-1,-1,-1,-1,-1,-1,-1,-1,-1,-1,-1,0,-1,-1,
6526,gemini,1,0,-1,-1.0,-1,-1,-1,-1,-1,2637,7839,23,109,0,1,90,30,-1,-1,-1,0,-1,-1,
6529,global_bank,1,0,-1,-1.0,-1,-1,-1,-1,-1,-1,-1,-1,-1,-1,-1,-1,-1,-1,-1,-1,0,-1,-1,
6530,global_sources,1,0,-1,-1.0,-1,-1,-1,-1,-1,-1,-1,-1,-1,-1,-1,-1,-1,-1,-1,-1,0,-1,-1,
6531,gmail,1,0,-1,-1.0,-1,-1,-1,-1,-1,3346,4994,23,28,0,1,83,6,-1,-1,-1,0,-1,-1,
6533,gmx,1,0,-1,-1.0,-1,-1,-1,-1,-1,629,7404,113,28,0,1,367,7,-1,-1,-1,0,-1,-1,
6535,gncu,1,0,-1,-1.0,-1,-1,-1,-1,-1,4,5515,4503,1,0,0,366,10,-1,-1,-1,0,-1,-1,
6536,google,1,0,-1,-1.0,-1,-1,-1,-1,-1,-1,-1,-1,-1,-1,-1,-1,-1,-1,-1,-1,0,-1,-1,
6549,google_drive,1,0,-1,-1.0,-1,-1,-1,-1,-1,-1,-1,-1,-1,-1,-1,-1,-1,-1,-1,-1,0,-1,-1,
6550,google_play,1,0,-1,-1.0,-1,-1,-1,-1,-1,303,697,69,8,0,1,364,2,-1,-1,-1,0,-1,-1,
6551,governmenbt_of_australia,1,0,-1,-1.0,-1,-1,-1,-1,-1,0,-1,-1,0,-1,-1,-1,-1,-1,-1,-1,0,-1,-1,
6552,government_of_australia,1,0,-1,-1.0,-1,-1,-1,-1,-1,59,3236,2005,3,0,0,730,1,-1,-1,-1,0,-1,-1,
6558,government_of_france,1,0,-1,-1.0,-1,-1,-1,-1,-1,21,3459,3201,1,0,0,745,1,-1,-1,-1,0,-1,-1,
6562,government_of_turkey,1,0,-1,-1.0,-1,-1,-1,-1,-1,-1,-1,-1,-1,-1,-1,-1,-1,-1,-1,-1,0,-1,-1,
6589,government_of_uk,1,0,-1,-1.0,-1,-1,-1,-1,-1,-1,-1,-1,-1,-1,-1,-1,-1,-1,-1,-1,0,-1,-1,
6596,gt_continental_bank,1,0,-1,-1.0,-1,-1,-1,-1,-1,0,-1,-1,0,-1,-1,-1,-1,-1,-1,-1,0,-1,-1,
6599,halifax,1,0,-1,-1.0,-1,-1,-1,-1,-1,-1,-1,-1,-1,-1,-1,-1,-1,-1,-1,-1,0,-1,-1,
6601,hancock_whitney,1,0,-1,-1.0,-1,-1,-1,-1,-1,681,2893,23,7,0,0,371,1,-1,-1,-1,0,-1,-1,
6602,hdfc,1,0,-1,-1.0,-1,-1,-1,-1,-1,-1,-1,-1,-1,-1,-1,-1,-1,-1,-1,-1,0,-1,-1,
6605,hinet,1,0,-1,-1.0,-1,-1,-1,-1,-1,9,6750,412,6,0,0,608,3,-1,-1,-1,0,-1,-1,
6607,housinganywhere,1,0,-1,-1.0,-1,-1,-1,-1,-1,-1,-1,-1,-1,-1,-1,-1,-1,-1,-1,-1,0,-1,-1,
6608,hsbc,1,0,-1,-1.0,-1,-1,-1,-1,-1,4373,7863,4412,22,0,1,366,37,-1,-1,-1,0,-1,-1,
6610,huntington,1,0,-1,-1.0,-1,-1,-1,-1,-1,6470,9808,2425,101,0,1,730,16,-1,-1,-1,0,-1,-1,
6611,huntington_bank,1,0,-1,-1.0,-1,-1,-1,-1,-1,115,5051,2179,4,0,0,425,1,-1,-1,-1,0,-1,-1,
6612,icici_bank,1,0,-1,-1.0,-1,-1,-1,-1,-1,-1,-1,-1,-1,-1,-1,-1,-1,-1,-1,-1,0,-1,-1,
6613,icloud,1,0,-1,-1.0,-1,-1,-1,-1,-1,-1,-1,-1,-1,-1,-1,-1,-1,-1,-1,-1,0,-1,-1,
6627,ics,1,0,-1,-1.0,-1,-1,-1,-1,-1,-1,-1,-1,-1,-1,-1,-1,-1,-1,-1,-1,0,-1,-1,
6630,idaho_central_credit_union,1,0,-1,-1.0,-1,-1,-1,-1,-1,-1,-1,-1,-1,-1,-1,-1,-1,-1,-1,-1,0,-1,-1,
6639,immowelt,1,0,-1,-1.0,-1,-1,-1,-1,-1,-1,-1,-1,-1,-1,-1,-1,-1,-1,-1,-1,0,-1,-1,
6640,imtoken,1,0,-1,-1.0,-1,-1,-1,-1,-1,51,1761,466,6,0,1,89,24,-1,-1,-1,0,-1,-1,
6642,incomm_payments,1,0,-1,-1.0,-1,-1,-1,-1,-1,-1,-1,-1,-1,-1,-1,-1,-1,-1,-1,-1,0,-1,-1,
6643,ing,1,0,-1,-1.0,-1,-1,-1,-1,-1,4770,9340,4244,107,0,1,366,28,-1,-1,-1,0,-1,-1,
6645,inpost,1,0,-1,-1.0,-1,-1,-1,-1,-1,-1,-1,-1,-1,-1,-1,-1,-1,-1,-1,-1,0,-1,-1,
6648,instagram,1,0,-1,-1.0,-1,-1,-1,-1,-1,458,4464,36,20,0,1,89,5,-1,-1,-1,0,-1,-1,
6773,interac,1,0,-1,-1.0,-1,-1,-1,-1,-1,-1,-1,-1,-1,-1,-1,-1,-1,-1,-1,-1,0,-1,-1,
6775,interbank,1,0,-1,-1.0,-1,-1,-1,-1,-1,2742,7526,28,68,0,1,370,8,-1,-1,-1,0,-1,-1,
6777,intesa_sanpaolo,1,0,-1,-1.0,-1,-1,-1,-1,-1,-1,-1,-1,-1,-1,-1,-1,-1,-1,-1,-1,0,-1,-1,
6789,intuit,1,0,-1,-1.0,-1,-1,-1,-1,-1,4489,9500,4416,26,0,1,367,29,-1,-1,-1,0,-1,-1,
6800,ionos,1,0,-1,-1.0,-1,-1,-1,-1,-1,-1,-1,-1,-1,-1,-1,-1,-1,-1,-1,-1,0,-1,-1,
6810,irs,1,0,-1,-1.0,-1,-1,-1,-1,-1,-1,-1,-1,-1,-1,-1,-1,-1,-1,-1,-1,0,-1,-1,
6824,issuu,1,0,-1,-1.0,-1,-1,-1,-1,-1,81,6516,74,9,0,1,89,3,-1,-1,-1,0,-1,-1,
6825,itau,1,0,-1,-1.0,-1,-1,-1,-1,-1,-1,-1,-1,-1,-1,-1,-1,-1,-1,-1,-1,0,-1,-1,
6830,jagex,1,0,-1,-1.0,-1,-1,-1,-1,-1,-1,-1,-1,-1,-1,-1,-1,-1,-1,-1,-1,0,-1,-1,
6831,juno,1,0,-1,-1.0,-1,-1,-1,-1,-1,-1,-1,-1,-1,-1,-1,-1,-1,-1,-1,-1,0,-1,-1,
6846,keybank,1,0,-1,-1.0,-1,-1,-1,-1,-1,947,7072,27,16,0,0,364,19,-1,-1,-1,0,-1,-1,
6847,kiwibank,1,0,-1,-1.0,-1,-1,-1,-1,-1,992,7169,27,21,0,1,396,25,-1,-1,-1,0,-1,-1,
6850,kleinanzeigen,1,0,-1,-1.0,-1,-1,-1,-1,-1,28,1448,273,5,0,1,364,2,-1,-1,-1,0,-1,-1,
6852,knab,1,0,-1,-1.0,-1,-1,-1,-1,-1,-1,-1,-1,-1,-1,-1,-1,-1,-1,-1,-1,0,-1,-1,
6854,kraken,1,0,-1,-1.0,-1,-1,-1,-1,-1,-1,-1,-1,-1,-1,-1,-1,-1,-1,-1,-1,0,-1,-1,
6856,ktpb,1,0,-1,-1.0,-1,-1,-1,-1,-1,0,-1,-1,0,-1,-1,-1,-1,-1,-1,-1,0,-1,-1,
6857,kucoin,1,0,-1,-1.0,-1,-1,-1,-1,-1,473,308,20,8,0,1,90,2,-1,-1,-1,0,-1,-1,
6860,kutxabank,1,0,-1,-1.0,-1,-1,-1,-1,-1,688,5215,21,25,0,1,396,7,-1,-1,-1,0,-1,-1,
6861,kuveyt,1,0,-1,-1.0,-1,-1,-1,-1,-1,-1,-1,-1,-1,-1,-1,-1,-1,-1,-1,-1,0,-1,-1,
6864,kvk,1,0,-1,-1.0,-1,-1,-1,-1,-1,-1,-1,-1,-1,-1,-1,-1,-1,-1,-1,-1,0,-1,-1,
6867,la_banque_postale,1,0,-1,-1.0,-1,-1,-1,-1,-1,-1,-1,-1,-1,-1,-1,-1,-1,-1,-1,-1,0,-1,-1,
6868,landbank,1,0,-1,-1.0,-1,-1,-1,-1,-1,241,7216,45,27,0,1,730,8,-1,-1,-1,0,-1,-1,
6870,lazada,1,0,-1,-1.0,-1,-1,-1,-1,-1,62,4831,202,10,0,1,368,18,-1,-1,-1,0,-1,-1,
6871,leboncoin,1,0,-1,-1.0,-1,-1,-1,-1,-1,48,1081,45,5,1,1,89,2,-1,-1,-1,0,-1,-1,
6890,libero,1,0,-1,-1.0,-1,-1,-1,-1,-1,-1,-1,-1,-1,-1,-1,-1,-1,-1,-1,-1,0,-1,-1,
6892,linkedin,1,0,-1,-1.0,-1,-1,-1,-1,-1,726,6893,2760,18,0,1,734,149,-1,-1,-1,0,-1,-1,
6896,livelo,1,0,-1,-1.0,-1,-1,-1,-1,-1,206,2878,153,9,0,1,350,30,-1,-1,-1,0,-1,-1,
6897,lloydsbank,1,0,-1,-1.0,-1,-1,-1,-1,-1,90,3732,654,7,0,0,375,2,-1,-1,-1,0,-1,-1,
6901,locaweb,1,0,-1,-1.0,-1,-1,-1,-1,-1,-1,-1,-1,-1,-1,-1,-1,-1,-1,-1,-1,0,-1,-1,
6902,macu,1,0,-1,-1.0,-1,-1,-1,-1,-1,8,6846,2621,5,0,0,383,3,-1,-1,-1,0,-1,-1,
6907,made_in_china,1,0,-1,-1.0,-1,-1,-1,-1,-1,1,210,210,1,1,1,90,2,-1,-1,-1,0,-1,-1,
6910,maersk,1,0,-1,-1.0,-1,-1,-1,-1,-1,2277,7604,2403,46,0,1,365,123,-1,-1,-1,0,-1,-1,
6911,magalu,1,0,-1,-1.0,-1,-1,-1,-1,-1,5,182,73,1,1,1,90,2,-1,-1,-1,0,-1,-1,
6914,mail_ru,1,0,-1,-1.0,-1,-1,-1,-1,-1,-1,-1,-1,-1,-1,-1,-1,-1,-1,-1,-1,0,-1,-1,
6922,mastercard,1,0,-1,-1.0,-1,-1,-1,-1,-1,-1,-1,-1,-1,-1,-1,-1,-1,-1,-1,-1,0,-1,-1,
6923,match_com,1,0,-1,-1.0,-1,-1,-1,-1,-1,1285,7863,45,45,0,1,383,9,-1,-1,-1,0,-1,-1,
6924,mercado_libre,1,0,-1,-1.0,-1,-1,-1,-1,-1,1,3674,3674,1,0,0,365,1,-1,-1,-1,0,-1,-1,
6933,mercado_pago,1,0,-1,-1.0,-1,-1,-1,-1,-1,-1,-1,-1,-1,-1,-1,-1,-1,-1,-1,-1,0,-1,-1,
6936,mercari,1,0,-1,-1.0,-1,-1,-1,-1,-1,-1,-1,-1,-1,-1,-1,-1,-1,-1,-1,-1,0,-1,-1,
6938,merrill,1,0,-1,-1.0,-1,-1,-1,-1,-1,3786,8479,28,60,0,1,374,9,-1,-1,-1,0,-1,-1,
6941,meta,1,0,-1,-1.0,-1,-1,-1,-1,-1,4236,7428,1231,93,0,1,74,48,-1,-1,-1,0,-1,-1,
7106,metamask,1,0,-1,-1.0,-1,-1,-1,-1,-1,-1,-1,-1,-1,-1,-1,-1,-1,-1,-1,-1,0,-1,-1,
7159,metro_bank,1,0,-1,-1.0,-1,-1,-1,-1,-1,-1,-1,-1,-1,-1,-1,-1,-1,-1,-1,-1,0,-1,-1,
7160,microsoft,1,0,-1,-1.0,-1,-1,-1,-1,-1,-1,-1,-1,-1,-1,-1,-1,-1,-1,-1,-1,0,-1,-1,
7323,microsoft_365,1,0,-1,-1.0,-1,-1,-1,-1,-1,-1,-1,-1,-1,-1,-1,-1,-1,-1,-1,-1,0,-1,-1,
7346,microsoft_excel,1,0,-1,-1.0,-1,-1,-1,-1,-1,-1,-1,-1,-1,-1,-1,-1,-1,-1,-1,-1,0,-1,-1,
7347,microsoft_office,1,0,-1,-1.0,-1,-1,-1,-1,-1,42,7245,179,6,0,0,89,1,-1,-1,-1,0,-1,-1,
7348,microsoft_onedrive,1,0,-1,-1.0,-1,-1,-1,-1,-1,13,209,32,2,0,1,90,2,-1,-1,-1,0,-1,-1,
7357,microsoft_outlook,1,0,-1,-1.0,-1,-1,-1,-1,-1,-1,-1,-1,-1,-1,-1,-1,-1,-1,-1,-1,0,-1,-1,
7419,microsoft_sharepoint,1,0,-1,-1.0,-1,-1,-1,-1,-1,5,5930,5025,2,0,0,730,1,-1,-1,-1,0,-1,-1,
7421,midasbuy,1,0,-1,-1.0,-1,-1,-1,-1,-1,-1,-1,-1,-1,-1,-1,-1,-1,-1,-1,-1,0,-1,-1,
7425,minnesota_unemployment_insurance,1,0,-1,-1.0,-1,-1,-1,-1,-1,-1,-1,-1,-1,-1,-1,-1,-1,-1,-1,-1,0,-1,-1,
7426,mobile_legends,1,0,-1,-1.0,-1,-1,-1,-1,-1,0,-1,-1,0,-1,-1,-1,-1,-1,-1,-1,0,-1,-1,
7428,montepio,1,0,-1,-1.0,-1,-1,-1,-1,-1,1328,7560,21,30,0,1,396,11,-1,-1,-1,0,-1,-1,
7429,mt_bank,1,0,-1,-1.0,-1,-1,-1,-1,-1,0,-1,-1,0,-1,-1,-1,-1,-1,-1,-1,0,-1,-1,
7431,mweb,1,0,-1,-1.0,-1,-1,-1,-1,-1,343,7509,445,13,0,1,366,8,-1,-1,-1,0,-1,-1,
7432,my_ether_wallet,1,0,-1,-1.0,-1,-1,-1,-1,-1,0,-1,-1,0,-1,-1,-1,-1,-1,-1,-1,0,-1,-1,
7433,nab,1,0,-1,-1.0,-1,-1,-1,-1,-1,-1,-1,-1,-1,-1,-1,-1,-1,-1,-1,-1,0,-1,-1,
7435,national_bank_of_costa_rica,1,0,-1,-1.0,-1,-1,-1,-1,-1,-1,-1,-1,-1,-1,-1,-1,-1,-1,-1,-1,0,-1,-1,
7437,natwest,1,0,-1,-1.0,-1,-1,-1,-1,-1,-1,-1,-1,-1,-1,-1,-1,-1,-1,-1,-1,0,-1,-1,
7441,naver,1,0,-1,-1.0,-1,-1,-1,-1,-1,1994,6622,1977,37,0,1,730,70,-1,-1,-1,0,-1,-1,
7474,navy_federal_credit_union,1,0,-1,-1.0,-1,-1,-1,-1,-1,-1,-1,-1,-1,-1,-1,-1,-1,-1,-1,-1,0,-1,-1,
7478,nbg,1,0,-1,-1.0,-1,-1,-1,-1,-1,-1,-1,-1,-1,-1,-1,-1,-1,-1,-1,-1,0,-1,-1,
7482,netease,1,0,-1,-1.0,-1,-1,-1,-1,-1,-1,-1,-1,-1,-1,-1,-1,-1,-1,-1,-1,0,-1,-1,
7486,netflix,1,0,-1,-1.0,-1,-1,-1,-1,-1,-1,-1,-1,-1,-1,-1,-1,-1,-1,-1,-1,0,-1,-1,
7534,netzero,1,0,-1,-1.0,-1,-1,-1,-1,-1,-1,-1,-1,-1,-1,-1,-1,-1,-1,-1,-1,0,-1,-1,
7539,nexi,1,0,-1,-1.0,-1,-1,-1,-1,-1,-1,-1,-1,-1,-1,-1,-1,-1,-1,-1,-1,0,-1,-1,
7549,nickel,1,0,-1,-1.0,-1,-1,-1,-1,-1,678,7353,39,64,0,1,395,5,-1,-1,-1,0,-1,-1,
7558,nordea,1,0,-1,-1.0,-1,-1,-1,-1,-1,3097,7958,2810,41,0,1,389,25,-1,-1,-1,0,-1,-1,
7590,nova_kbm,1,0,-1,-1.0,-1,-1,-1,-1,-1,89,5841,638,9,0,0,369,1,-1,-1,-1,0,-1,-1,
7591,ntt_docomo,1,0,-1,-1.0,-1,-1,-1,-1,-1,9811,8763,2011,58,0,0,731,3,-1,-1,-1,0,-1,-1,
7592,nubank,1,0,-1,-1.0,-1,-1,-1,-1,-1,-1,-1,-1,-1,-1,-1,-1,-1,-1,-1,-1,0,-1,-1,
7593,o2,1,0,-1,-1.0,-1,-1,-1,-1,-1,3599,8710,59,99,0,1,366,16,-1,-1,-1,0,-1,-1,
7598,one_digital_service,1,0,-1,-1.0,-1,-1,-1,-1,-1,-1,-1,-1,-1,-1,-1,-1,-1,-1,-1,-1,0,-1,-1,
7599,onedrive,1,0,-1,-1.0,-1,-1,-1,-1,-1,97,4502,25,12,0,1,90,6,-1,-1,-1,0,-1,-1,
7600,opensea,1,0,-1,-1.0,-1,-1,-1,-1,-1,105,1113,23,5,0,1,90,5,-1,-1,-1,0,-1,-1,
7604,optimum,1,0,-1,-1.0,-1,-1,-1,-1,-1,-1,-1,-1,-1,-1,-1,-1,-1,-1,-1,-1,0,-1,-1,
7615,optus,1,0,-1,-1.0,-1,-1,-1,-1,-1,-1,-1,-1,-1,-1,-1,-1,-1,-1,-1,-1,0,-1,-1,
7616,orange,1,0,-1,-1.0,-1,-1,-1,-1,-1,-1,-1,-1,-1,-1,-1,-1,-1,-1,-1,-1,0,-1,-1,
7652,orange_bank,1,0,-1,-1.0,-1,-1,-1,-1,-1,-1,-1,-1,-1,-1,-1,-1,-1,-1,-1,-1,0,-1,-1,
7654,otp,1,0,-1,-1.0,-1,-1,-1,-1,-1,-1,-1,-1,-1,-1,-1,-1,-1,-1,-1,-1,0,-1,-1,
7655,otp_bank,1,0,-1,-1.0,-1,-1,-1,-1,-1,2772,6609,20,53,0,0,395,3,-1,-1,-1,0,-1,-1,
7658,ourtime,1,0,-1,-1.0,-1,-1,-1,-1,-1,4,2882,2820,1,1,0,90,5,-1,-1,-1,0,-1,-1,
7660,outlook,1,0,-1,-1.0,-1,-1,-1,-1,-1,1039,8365,35,92,0,1,410,11,-1,-1,-1,0,-1,-1,
7662,ozon,1,0,-1,-1.0,-1,-1,-1,-1,-1,71,5959,27,26,0,1,366,7,-1,-1,-1,0,-1,-1,
7666,pancakeswap,1,0,-1,-1.0,-1,-1,-1,-1,-1,0,-1,-1,0,-1,-1,-1,-1,-1,-1,-1,0,-1,-1,
7694,paxful,1,0,-1,-1.0,-1,-1,-1,-1,-1,-1,-1,-1,-1,-1,-1,-1,-1,-1,-1,-1,0,-1,-1,
7696,paxfull,1,0,-1,-1.0,-1,-1,-1,-1,-1,-1,-1,-1,-1,-1,-1,-1,-1,-1,-1,-1,0,-1,-1,
7697,paypal,1,0,-1,-1.0,-1,-1,-1,-1,-1,1837,7909,3738,25,0,1,730,100,-1,-1,-1,0,-1,-1,
7707,paypay,1,0,-1,-1.0,-1,-1,-1,-1,-1,928,6020,28,21,0,1,392,10,-1,-1,-1,0,-1,-1,
7709,payu,1,0,-1,-1.0,-1,-1,-1,-1,-1,1238,6973,65,56,0,1,394,94,-1,-1,-1,0,-1,-1,
7710,peoples_bank_of_china,1,0,-1,-1.0,-1,-1,-1,-1,-1,1,3162,3162,1,0,0,1096,1,-1,-1,-1,0,-1,-1,
7711,peoples_choice,1,0,-1,-1.0,-1,-1,-1,-1,-1,-1,-1,-1,-1,-1,-1,-1,-1,-1,-1,-1,0,-1,-1,
7712,pko_bank,1,0,-1,-1.0,-1,-1,-1,-1,-1,1532,7190,36,14,0,0,365,1,-1,-1,-1,0,-1,-1,
7713,plala,1,0,-1,-1.0,-1,-1,-1,-1,-1,-1,-1,-1,-1,-1,-1,-1,-1,-1,-1,-1,0,-1,-1,
7715,pnc,1,0,-1,-1.0,-1,-1,-1,-1,-1,-1,-1,-1,-1,-1,-1,-1,-1,-1,-1,-1,0,-1,-1,
7720,pochta_bank,1,0,-1,-1.0,-1,-1,-1,-1,-1,102,3699,1585,5,0,0,730,1,-1,-1,-1,0,-1,-1,
7721,poczta_polska,1,0,-1,-1.0,-1,-1,-1,-1,-1,127,6963,57,17,0,1,365,4,-1,-1,-1,0,-1,-1,
7722,pof,1,0,-1,-1.0,-1,-1,-1,-1,-1,-1,-1,-1,-1,-1,-1,-1,-1,-1,-1,-1,0,-1,-1,
7723,post_luxembourg,1,0,-1,-1.0,-1,-1,-1,-1,-1,83,3509,31,12,0,0,396,1,-1,-1,-1,0,-1,-1,
7728,postbank,1,0,-1,-1.0,-1,-1,-1,-1,-1,-1,-1,-1,-1,-1,-1,-1,-1,-1,-1,-1,0,-1,-1,
7735,poste_italiane,1,0,-1,-1.0,-1,-1,-1,-1,-1,-1,-1,-1,-1,-1,-1,-1,-1,-1,-1,-1,0,-1,-1,
7736,postfinance,1,0,-1,-1.0,-1,-1,-1,-1,-1,-1,-1,-1,-1,-1,-1,-1,-1,-1,-1,-1,0,-1,-1,
7737,postnord,1,0,-1,-1.0,-1,-1,-1,-1,-1,-1,-1,-1,-1,-1,-1,-1,-1,-1,-1,-1,0,-1,-1,
7738,pubg_mobile,1,0,-1,-1.0,-1,-1,-1,-1,-1,-1,-1,-1,-1,-1,-1,-1,-1,-1,-1,-1,0,-1,-1,
7766,rabobank,1,0,-1,-1.0,-1,-1,-1,-1,-1,-1,-1,-1,-1,-1,-1,-1,-1,-1,-1,-1,0,-1,-1,
7770,raiffeisen,1,0,-1,-1.0,-1,-1,-1,-1,-1,-1,-1,-1,-1,-1,-1,-1,-1,-1,-1,-1,0,-1,-1,
7772,raiffeisen_bank,1,0,-1,-1.0,-1,-1,-1,-1,-1,-1,-1,-1,-1,-1,-1,-1,-1,-1,-1,-1,0,-1,-1,
7774,raiffeison,1,0,-1,-1.0,-1,-1,-1,-1,-1,-1,-1,-1,-1,-1,-1,-1,-1,-1,-1,-1,0,-1,-1,
7775,rakuten,1,0,-1,-1.0,-1,-1,-1,-1,-1,-1,-1,-1,-1,-1,-1,-1,-1,-1,-1,-1,0,-1,-1,
7777,rakuten_card,1,0,-1,-1.0,-1,-1,-1,-1,-1,-1,-1,-1,-1,-1,-1,-1,-1,-1,-1,-1,0,-1,-1,
7779,rbc,1,0,-1,-1.0,-1,-1,-1,-1,-1,-1,-1,-1,-1,-1,-1,-1,-1,-1,-1,-1,0,-1,-1,
7783,rbfcu,1,0,-1,-1.0,-1,-1,-1,-1,-1,10,2684,93,2,0,0,396,2,-1,-1,-1,0,-1,-1,
7792,rbs,1,0,-1,-1.0,-1,-1,-1,-1,-1,-1,-1,-1,-1,-1,-1,-1,-1,-1,-1,-1,0,-1,-1,
7793,realize,1,0,-1,-1.0,-1,-1,-1,-1,-1,347,7643,65,35,0,1,383,3,-1,-1,-1,0,-1,-1,
7796,regions_bank,1,0,-1,-1.0,-1,-1,-1,-1,-1,-1,-1,-1,-1,-1,-1,-1,-1,-1,-1,-1,0,-1,-1,
7797,roblox,1,0,-1,-1.0,-1,-1,-1,-1,-1,-1,-1,-1,-1,-1,-1,-1,-1,-1,-1,-1,0,-1,-1,
7825,rogers,1,0,-1,-1.0,-1,-1,-1,-1,-1,3158,9332,3187,89,0,1,378,102,-1,-1,-1,0,-1,-1,
7836,ronin_wallet,1,0,-1,-1.0,-1,-1,-1,-1,-1,-1,-1,-1,-1,-1,-1,-1,-1,-1,-1,-1,0,-1,-1,
7837,royal_mail,1,0,-1,-1.0,-1,-1,-1,-1,-1,-1,-1,-1,-1,-1,-1,-1,-1,-1,-1,-1,0,-1,-1,
7842,ru_center,1,0,-1,-1.0,-1,-1,-1,-1,-1,-1,-1,-1,-1,-1,-1,-1,-1,-1,-1,-1,0,-1,-1,
7845,runescape,1,0,-1,-1.0,-1,-1,-1,-1,-1,-1,-1,-1,-1,-1,-1,-1,-1,-1,-1,-1,0,-1,-1,
7847,salesforce,1,0,-1,-1.0,-1,-1,-1,-1,-1,-1,-1,-1,-1,-1,-1,-1,-1,-1,-1,-1,0,-1,-1,
7848,santander,1,0,-1,-1.0,-1,-1,-1,-1,-1,-1,-1,-1,-1,-1,-1,-1,-1,-1,-1,-1,0,-1,-1,
7854,sasktel,1,0,-1,-1.0,-1,-1,-1,-1,-1,-1,-1,-1,-1,-1,-1,-1,-1,-1,-1,-1,0,-1,-1,
7859,saudi_post,1,0,-1,-1.0,-1,-1,-1,-1,-1,332,6196,45,14,0,0,388,2,-1,-1,-1,0,-1,-1,
7863,sberbank,1,0,-1,-1.0,-1,-1,-1,-1,-1,-1,-1,-1,-1,-1,-1,-1,-1,-1,-1,-1,0,-1,-1,
7891,scotiabank,1,0,-1,-1.0,-1,-1,-1,-1,-1,-1,-1,-1,-1,-1,-1,-1,-1,-1,-1,-1,0,-1,-1,
7898,sella_bank,1,0,-1,-1.0,-1,-1,-1,-1,-1,3,6828,5174,2,0,0,790,1,-1,-1,-1,0,-1,-1,
7902,sendgrid,1,0,-1,-1.0,-1,-1,-1,-1,-1,73,3105,37,6,0,1,90,3,-1,-1,-1,0,-1,-1,
7903,servientrega,1,0,-1,-1.0,-1,-1,-1,-1,-1,521,5546,24,20,0,1,373,7,-1,-1,-1,0,-1,-1,
7904,sf_express,1,0,-1,-1.0,-1,-1,-1,-1,-1,2,4126,3999,1,0,1,1580,3,-1,-1,-1,0,-1,-1,
7908,sfr,1,0,-1,-1.0,-1,-1,-1,-1,-1,-1,-1,-1,-1,-1,-1,-1,-1,-1,-1,-1,0,-1,-1,
7912,shaw_communications,1,0,-1,-1.0,-1,-1,-1,-1,-1,-1,-1,-1,-1,-1,-1,-1,-1,-1,-1,-1,0,-1,-1,
7925,shopee,1,0,-1,-1.0,-1,-1,-1,-1,-1,-1,-1,-1,-1,-1,-1,-1,-1,-1,-1,-1,0,-1,-1,
7940,shopify,1,0,-1,-1.0,-1,-1,-1,-1,-1,1465,5196,22,41,0,1,365,66,-1,-1,-1,0,-1,-1,
7945,sicredi,1,0,-1,-1.0,-1,-1,-1,-1,-1,1689,6441,24,32,0,1,365,11,-1,-1,-1,0,-1,-1,
7949,singtel,1,0,-1,-1.0,-1,-1,-1,-1,-1,-1,-1,-1,-1,-1,-1,-1,-1,-1,-1,-1,0,-1,-1,
7951,sky,1,0,-1,-1.0,-1,-1,-1,-1,-1,-1,-1,-1,-1,-1,-1,-1,-1,-1,-1,-1,0,-1,-1,
7965,skype,1,0,-1,-1.0,-1,-1,-1,-1,-1,-1,-1,-1,-1,-1,-1,-1,-1,-1,-1,-1,0,-1,-1,
7966,smbc,1,0,-1,-1.0,-1,-1,-1,-1,-1,-1,-1,-1,-1,-1,-1,-1,-1,-1,-1,-1,0,-1,-1,
7969,smtb,1,0,-1,-1.0,-1,-1,-1,-1,-1,-1,-1,-1,-1,-1,-1,-1,-1,-1,-1,-1,0,-1,-1,
7973,snapchat,1,0,-1,-1.0,-1,-1,-1,-1,-1,-1,-1,-1,-1,-1,-1,-1,-1,-1,-1,-1,0,-1,-1,
7979,socgen,1,0,-1,-1.0,-1,-1,-1,-1,-1,-1,-1,-1,-1,-1,-1,-1,-1,-1,-1,-1,0,-1,-1,
8016,sparebank_1,1,0,-1,-1.0,-1,-1,-1,-1,-1,2383,7349,21,41,0,0,388,2,-1,-1,-1,0,-1,-1,
8019,sparkasse,1,0,-1,-1.0,-1,-1,-1,-1,-1,4168,8051,3914,49,0,1,779,4,-1,-1,-1,0,-1,-1,
8022,sparkesse,1,0,-1,-1.0,-1,-1,-1,-1,-1,-1,-1,-1,-1,-1,-1,-1,-1,-1,-1,-1,0,-1,-1,
8023,spectrum,1,0,-1,-1.0,-1,-1,-1,-1,-1,-1,-1,-1,-1,-1,-1,-1,-1,-1,-1,-1,0,-1,-1,
8024,spotify,1,0,-1,-1.0,-1,-1,-1,-1,-1,1662,6596,24,29,0,1,364,25,-1,-1,-1,0,-1,-1,
8033,standard_bank,1,0,-1,-1.0,-1,-1,-1,-1,-1,-1,-1,-1,-1,-1,-1,-1,-1,-1,-1,-1,0,-1,-1,
8034,stcu,1,0,-1,-1.0,-1,-1,-1,-1,-1,-1,-1,-1,-1,-1,-1,-1,-1,-1,-1,-1,0,-1,-1,
8041,steam,1,0,-1,-1.0,-1,-1,-1,-1,-1,-1,-1,-1,-1,-1,-1,-1,-1,-1,-1,-1,0,-1,-1,
8055,strato,1,0,-1,-1.0,-1,-1,-1,-1,-1,-1,-1,-1,-1,-1,-1,-1,-1,-1,-1,-1,0,-1,-1,
8057,suncoast_credit_union,1,0,-1,-1.0,-1,-1,-1,-1,-1,154,4501,31,7,0,0,385,1,-1,-1,-1,0,-1,-1,
8067,suncorp,1,0,-1,-1.0,-1,-1,-1,-1,-1,-1,-1,-1,-1,-1,-1,-1,-1,-1,-1,-1,0,-1,-1,
8068,supervielle,1,0,-1,-1.0,-1,-1,-1,-1,-1,-1,-1,-1,-1,-1,-1,-1,-1,-1,-1,-1,0,-1,-1,
8069,swedbank,1,0,-1,-1.0,-1,-1,-1,-1,-1,-1,-1,-1,-1,-1,-1,-1,-1,-1,-1,-1,0,-1,-1,
8076,swiss_federal_railways,1,0,-1,-1.0,-1,-1,-1,-1,-1,-1,-1,-1,-1,-1,-1,-1,-1,-1,-1,-1,0,-1,-1,
8079,swiss_post,1,0,-1,-1.0,-1,-1,-1,-1,-1,-1,-1,-1,-1,-1,-1,-1,-1,-1,-1,-1,0,-1,-1,
8090,swisscom,1,0,-1,-1.0,-1,-1,-1,-1,-1,-1,-1,-1,-1,-1,-1,-1,-1,-1,-1,-1,0,-1,-1,
8096,swisspass,1,0,-1,-1.0,-1,-1,-1,-1,-1,9,1592,175,3,0,0,364,2,-1,-1,-1,0,-1,-1,
8102,t_mobile,1,0,-1,-1.0,-1,-1,-1,-1,-1,-1,-1,-1,-1,-1,-1,-1,-1,-1,-1,-1,0,-1,-1,
8141,talktalk,1,0,-1,-1.0,-1,-1,-1,-1,-1,3538,6761,651,24,0,1,365,14,-1,-1,-1,0,-1,-1,
8143,tangerine_bank,1,0,-1,-1.0,-1,-1,-1,-1,-1,-1,-1,-1,-1,-1,-1,-1,-1,-1,-1,-1,0,-1,-1,
8145,targo_bank,1,0,-1,-1.0,-1,-1,-1,-1,-1,0,-1,-1,0,-1,-1,-1,-1,-1,-1,-1,0,-1,-1,
8149,td_bank,1,0,-1,-1.0,-1,-1,-1,-1,-1,327,7275,449,29,0,0,404,1,-1,-1,-1,0,-1,-1,
8151,telegram,1,0,-1,-1.0,-1,-1,-1,-1,-1,3231,7715,21,48,0,1,90,4,-1,-1,-1,0,-1,-1,
8566,telstra,1,0,-1,-1.0,-1,-1,-1,-1,-1,-1,-1,-1,-1,-1,-1,-1,-1,-1,-1,-1,0,-1,-1,
8588,telus,1,0,-1,-1.0,-1,-1,-1,-1,-1,-1,-1,-1,-1,-1,-1,-1,-1,-1,-1,-1,0,-1,-1,
8592,tesco_bank,1,0,-1,-1.0,-1,-1,-1,-1,-1,2,329,329,1,0,0,364,1,-1,-1,-1,0,-1,-1,
8593,tf_bank,1,0,-1,-1.0,-1,-1,-1,-1,-1,-1,-1,-1,-1,-1,-1,-1,-1,-1,-1,-1,0,-1,-1,
8595,three,1,0,-1,-1.0,-1,-1,-1,-1,-1,-1,-1,-1,-1,-1,-1,-1,-1,-1,-1,-1,0,-1,-1,
8596,triodos_bank,1,0,-1,-1.0,-1,-1,-1,-1,-1,1445,7170,20,37,0,0,396,4,-1,-1,-1,0,-1,-1,
8598,truist,1,0,-1,-1.0,-1,-1,-1,-1,-1,-1,-1,-1,-1,-1,-1,-1,-1,-1,-1,-1,0,-1,-1,
8599,trust_wallet,1,0,-1,-1.0,-1,-1,-1,-1,-1,-1,-1,-1,-1,-1,-1,-1,-1,-1,-1,-1,0,-1,-1,
8600,uber,1,0,-1,-1.0,-1,-1,-1,-1,-1,1833,5973,23,38,0,1,372,21,-1,-1,-1,0,-1,-1,
8603,ubs,1,0,-1,-1.0,-1,-1,-1,-1,-1,-1,-1,-1,-1,-1,-1,-1,-1,-1,-1,-1,0,-1,-1,
8605,unicaja_banco,1,0,-1,-1.0,-1,-1,-1,-1,-1,917,5228,35,25,0,0,384,1,-1,-1,-1,0,-1,-1,
8606,union_bank_of_the_philippines,1,0,-1,-1.0,-1,-1,-1,-1,-1,-1,-1,-1,-1,-1,-1,-1,-1,-1,-1,-1,0,-1,-1,
8607,uniswap,1,0,-1,-1.0,-1,-1,-1,-1,-1,21,542,59,6,0,1,89,10,-1,-1,-1,0,-1,-1,
8636,uphold,1,0,-1,-1.0,-1,-1,-1,-1,-1,1911,3058,22,9,0,1,90,4,-1,-1,-1,0,-1,-1,
8638,ups,1,0,-1,-1.0,-1,-1,-1,-1,-1,4481,10024,202,78,0,1,365,27,-1,-1,-1,0,-1,-1,
8655,us_post_office,1,0,-1,-1.0,-1,-1,-1,-1,-1,0,-1,-1,0,-1,-1,-1,-1,-1,-1,-1,0,-1,-1,
8657,usaa,1,0,-1,-1.0,-1,-1,-1,-1,-1,551,7279,2830,23,0,1,366,73,-1,-1,-1,0,-1,-1,
8661,usps,1,0,-1,-1.0,-1,-1,-1,-1,-1,-1,-1,-1,-1,-1,-1,-1,-1,-1,-1,-1,0,-1,-1,
8701,vakifbank,1,0,-1,-1.0,-1,-1,-1,-1,-1,172,3527,24,22,0,1,372,5,-1,-1,-1,0,-1,-1,
8723,vanguard,1,0,-1,-1.0,-1,-1,-1,-1,-1,3299,7784,2816,65,0,1,554,25,-1,-1,-1,0,-1,-1,
8724,vaultswap,1,0,-1,-1.0,-1,-1,-1,-1,-1,-1,-1,-1,-1,-1,-1,-1,-1,-1,-1,-1,0,-1,-1,
8725,venmo,1,0,-1,-1.0,-1,-1,-1,-1,-1,42,5920,2041,5,0,0,735,7,-1,-1,-1,0,-1,-1,
8726,vietcombank,1,0,-1,-1.0,-1,-1,-1,-1,-1,-1,-1,-1,-1,-1,-1,-1,-1,-1,-1,-1,0,-1,-1,
8735,vk,1,0,-1,-1.0,-1,-1,-1,-1,-1,-1,-1,-1,-1,-1,-1,-1,-1,-1,-1,-1,0,-1,-1,
8739,vodafone,1,0,-1,-1.0,-1,-1,-1,-1,-1,-1,-1,-1,-1,-1,-1,-1,-1,-1,-1,-1,0,-1,-1,
8740,volksbank,1,0,-1,-1.0,-1,-1,-1,-1,-1,-1,-1,-1,-1,-1,-1,-1,-1,-1,-1,-1,0,-1,-1,
8742,volksbank_raiffeisenbank,1,0,-1,-1.0,-1,-1,-1,-1,-1,-1,-1,-1,-1,-1,-1,-1,-1,-1,-1,-1,0,-1,-1,
8743,vpbank,1,0,-1,-1.0,-1,-1,-1,-1,-1,-1,-1,-1,-1,-1,-1,-1,-1,-1,-1,-1,0,-1,-1,
8744,walletconnect,1,0,-1,-1.0,-1,-1,-1,-1,-1,11,406,277,3,0,1,90,2,-1,-1,-1,0,-1,-1,
8750,web_de,1,0,-1,-1.0,-1,-1,-1,-1,-1,-1,-1,-1,-1,-1,-1,-1,-1,-1,-1,-1,0,-1,-1,
8751,webhelp,1,0,-1,-1.0,-1,-1,-1,-1,-1,836,4934,224,22,0,1,369,37,-1,-1,-1,0,-1,-1,
8752,wellsfargo,1,0,-1,-1.0,-1,-1,-1,-1,-1,-1,-1,-1,-1,-1,-1,-1,-1,-1,-1,-1,0,-1,-1,
8791,western_union,1,0,-1,-1.0,-1,-1,-1,-1,-1,4761,7114,3325,23,0,0,730,3,-1,-1,-1,0,-1,-1,
8792,wetransfer,1,0,-1,-1.0,-1,-1,-1,-1,-1,16,4481,1408,5,0,1,994,3,-1,-1,-1,0,-1,-1,
8800,whatsapp,1,0,-1,-1.0,-1,-1,-1,-1,-1,-1,-1,-1,-1,-1,-1,-1,-1,-1,-1,-1,0,-1,-1,
8968,willbank,1,0,-1,-1.0,-1,-1,-1,-1,-1,13,6001,2521,3,0,0,1113,1,-1,-1,-1,0,-1,-1,
8969,wise,1,0,-1,-1.0,-1,-1,-1,-1,-1,-1,-1,-1,-1,-1,-1,-1,-1,-1,-1,-1,0,-1,-1,
8978,xfinity,1,0,-1,-1.0,-1,-1,-1,-1,-1,172,5033,36,11,0,1,730,10,-1,-1,-1,0,-1,-1,
8989,xoom,1,0,-1,-1.0,-1,-1,-1,-1,-1,478,6946,24,24,0,1,730,53,-1,-1,-1,0,-1,-1,
8990,yahoo,1,0,-1,-1.0,-1,-1,-1,-1,-1,-1,-1,-1,-1,-1,-1,-1,-1,-1,-1,-1,0,-1,-1,
9007,youtube,1,0,-1,-1.0,-1,-1,-1,-1,-1,4108,4994,1053,14,0,1,83,4,-1,-1,-1,0,-1,-1,
9008,zara,1,0,-1,-1.0,-1,-1,-1,-1,-1,-1,-1,-1,-1,-1,-1,-1,-1,-1,-1,-1,0,-1,-1,
9011,zimbra,1,0,-1,-1.0,-1,-1,-1,-1,-1,-1,-1,-1,-1,-1,-1,-1,-1,-1,-1,-1,0,-1,-1,
9021,ziraat_bank,1,0,-1,-1.0,-1,-1,-1,-1,-1,-1,-1,-1,-1,-1,-1,-1,-1,-1,-1,-1,0,-1,-1,
