row_idx,sample_id,gt,pred,prob_phish,live_round,cum_FN,cum_FP,cum_errors,rolling_f1w_w200,rolling_recall_phish_w200
0,2571,0,0,0.03043404686659911,0,0,0,0,,
1,2685,0,0,0.000489246858778382,0,0,0,0,,
2,2697,0,0,0.001228971786608914,0,0,0,0,,
3,2886,0,0,4.021877140360176e-05,0,0,0,0,,
4,2891,0,0,0.003957782991507663,0,0,0,0,,
5,3121,0,0,5.329237843894164e-06,0,0,0,0,,
6,3319,0,0,0.00010621025189605297,0,0,0,0,,
7,3362,0,0,3.3011081115911635e-05,0,0,0,0,,
8,3379,0,0,0.0011864650116200405,0,0,0,0,,
9,3596,0,0,0.0068516400674112484,0,0,0,0,,
10,3706,0,0,0.0008238078929102242,0,0,0,0,,
11,4031,0,0,5.513010375533409e-05,0,0,0,0,,
12,4131,0,0,1.7190943893151888e-05,0,0,0,0,,
13,4318,0,0,0.0005363109147823538,0,0,0,0,,
14,4547,0,0,1.204377995164882e-05,0,0,0,0,,
15,4750,0,0,0.001018123766972649,0,0,0,0,,
16,4754,0,0,0.014493084373192366,0,0,0,0,,
17,4884,0,0,0.0006158227369854503,0,0,0,0,,
18,4980,0,0,2.1511910140116075e-05,0,0,0,0,,
19,241,1,0,0.005238064767293257,0,1,0,1,,
20,575,1,0,0.0003499345802523118,0,2,0,2,,
21,1468,1,0,0.0022550381685480804,0,3,0,3,,
22,2585,0,0,0.003018898399581602,0,3,0,3,,
23,2655,0,0,0.00023953029565359655,0,3,0,3,,
24,2682,0,0,0.004289862765626352,0,3,0,3,,
25,2843,0,0,0.4488238684208146,0,3,0,3,,
26,2982,0,0,2.3111932647188394e-05,0,3,0,3,,
27,3044,0,0,0.0002773830286692281,0,3,0,3,,
28,3126,0,0,0.00016830853540023135,0,3,0,3,,
29,3208,0,0,0.0008943009802058829,0,3,0,3,,
30,3498,0,0,0.002076041932473076,0,3,0,3,,
31,3559,0,0,0.0016876233368862963,0,3,0,3,,
32,3577,0,0,0.0017181230238690086,0,3,0,3,,
33,3696,0,0,1.7657057396303914e-05,0,3,0,3,,
34,3774,0,0,0.000869387329968629,0,3,0,3,,
35,3782,0,0,0.005071830698438188,0,3,0,3,,
36,3814,0,0,8.563381728839351e-05,0,3,0,3,,
37,3821,0,0,0.0007406738544500236,0,3,0,3,,
38,3866,0,0,0.0023237944376081274,0,3,0,3,,
39,3923,0,0,1.5088370864064297e-05,0,3,0,3,,
40,4022,0,0,0.001956033098789777,0,3,0,3,,
41,4160,0,0,6.736988350884596e-05,0,3,0,3,,
42,4235,0,0,7.3896240725928574e-06,0,3,0,3,,
43,4306,0,0,0.0021675182877582714,0,3,0,3,,
44,4497,0,0,0.00010218068844360967,0,3,0,3,,
45,4697,0,0,0.00010377184237776405,0,3,0,3,,
46,4710,0,0,0.0011657768913222876,0,3,0,3,,
47,4797,0,0,0.004107708726738636,0,3,0,3,,
48,4887,0,0,0.017886604364000032,0,3,0,3,,
49,4920,0,0,0.0009612271381141676,0,3,0,3,,
50,154,1,0,0.0013156287529156364,0,4,0,4,,
51,2437,1,1,0.9994133416442795,0,4,0,4,,
52,2720,0,1,0.9236913197002707,0,4,1,5,,
53,2863,0,0,0.0002201358005555837,0,4,1,5,,
54,2957,0,0,4.631271017271324e-05,0,4,1,5,,
55,3080,0,0,0.0072297029529940745,0,4,1,5,,
56,3108,0,0,0.01834411203890144,0,4,1,5,,
57,3132,0,1,0.7798863948498381,0,4,2,6,,
58,3195,0,0,4.330621573329757e-06,0,4,2,6,,
59,3220,0,0,0.0052761317150192,0,4,2,6,,
60,3274,0,0,0.0008014037154407698,0,4,2,6,,
61,3372,0,0,0.00030365709499065535,0,4,2,6,,
62,3395,0,0,9.171010554246518e-05,0,4,2,6,,
63,3818,0,0,0.05725707045033576,0,4,2,6,,
64,4033,0,0,0.00025897829732301857,0,4,2,6,,
65,4389,0,0,0.00020408505039740097,0,4,2,6,,
66,4415,0,0,0.0002875527308449808,0,4,2,6,,
67,4446,0,0,5.609948887955047e-05,0,4,2,6,,
68,4712,0,0,0.0002760933430872024,0,4,2,6,,
69,4725,0,0,0.00027371302507774893,0,4,2,6,,
70,4876,0,0,2.375710831521055e-05,0,4,2,6,,
71,4946,0,0,0.0002675886958725197,0,4,2,6,,
72,4967,0,0,0.00035814049567210217,0,4,2,6,,
73,31,1,1,0.785755118264194,0,4,2,6,,
74,81,1,1,0.9017454502291762,0,4,2,6,,
75,443,1,0,0.029854148147762338,0,5,2,7,,
76,1164,1,0,0.00032929331702361887,0,6,2,8,,
77,1180,1,0,2.692071359525293e-06,0,7,2,9,,
78,2270,1,0,2.4962846784067584e-05,0,8,2,10,,
79,3633,0,0,0.0003287921186172122,0,8,2,10,,
80,4592,0,0,6.78115561720388e-05,0,8,2,10,,
81,2458,1,0,5.928511746550187e-07,0,9,2,11,,
82,2710,0,0,0.0006638097900795657,0,9,2,11,,
83,2733,0,0,0.0004096596422882296,0,9,2,11,,
84,2888,0,0,1.3066326554541966e-05,0,9,2,11,,
85,2974,0,0,0.0002931214025200264,0,9,2,11,,
86,3024,0,0,0.0018601966677788343,0,9,2,11,,
87,3037,0,1,0.8332078236687807,0,9,3,12,,
88,3082,0,0,0.0002733238231296161,0,9,3,12,,
89,3113,0,0,0.00014637343479549417,0,9,3,12,,
90,3154,0,0,0.000473989723289777,0,9,3,12,,
91,3183,0,0,0.0013322307013419127,0,9,3,12,,
92,3658,0,0,0.0001475370822014846,0,9,3,12,,
93,3815,0,0,6.824605505770186e-05,0,9,3,12,,
94,3980,0,0,2.853536923658539e-06,0,9,3,12,,
95,4114,0,0,0.12510079496829563,0,9,3,12,,
96,4141,0,0,0.000964950773835279,0,9,3,12,,
97,4188,0,0,0.000935678334365008,0,9,3,12,,
98,4198,0,0,2.670479618174721e-06,0,9,3,12,,
99,4337,0,0,6.627097809740724e-05,0,9,3,12,,
100,4381,0,0,0.0003360183004507859,0,9,3,12,,
101,4568,0,0,0.005079686994932791,0,9,3,12,,
102,4647,0,0,0.0031182653428029517,0,9,3,12,,
103,4693,0,0,0.08472695602220777,0,9,3,12,,
104,4716,0,0,0.00010463444835135321,0,9,3,12,,
105,4802,0,0,8.232023336430768e-06,0,9,3,12,,
106,4873,0,0,0.0007383824586693975,0,9,3,12,,
107,4902,0,1,0.9990049207674543,0,9,4,13,,
108,4924,0,0,0.4700633958597466,0,9,4,13,,
109,4993,0,0,6.630852211862344e-05,0,9,4,13,,
110,2595,0,0,0.0001156637133796982,0,9,4,13,,
111,2603,0,0,6.33616900036283e-07,0,9,4,13,,
112,2694,0,0,0.0003862247847526959,0,9,4,13,,
113,2759,0,0,0.0003430837991835811,0,9,4,13,,
114,3179,0,0,8.027760010640106e-05,0,9,4,13,,
115,3364,0,0,0.002438520725380749,0,9,4,13,,
116,3579,0,0,0.029271953369564424,0,9,4,13,,
117,3626,0,0,0.00015717550103587353,0,9,4,13,,
118,3698,0,0,0.002366671518497699,0,9,4,13,,
119,3928,0,0,0.0007331343593912752,0,9,4,13,,
120,4068,0,0,0.001096179507598979,0,9,4,13,,
121,4179,0,0,1.8736870800926943e-05,0,9,4,13,,
122,4238,0,0,0.0022503659681362446,0,9,4,13,,
123,4251,0,0,5.185042658520006e-05,0,9,4,13,,
124,4259,0,0,0.00023722753168621994,0,9,4,13,,
125,4382,0,0,0.00038861307531068304,0,9,4,13,,
126,4480,0,0,0.003727287421951968,0,9,4,13,,
127,4778,0,0,0.00032594265464256923,0,9,4,13,,
128,4852,0,0,0.0003856672036030225,0,9,4,13,,
129,4904,0,0,0.00029809430467717785,0,9,4,13,,
130,282,1,0,0.0001270166046928838,0,10,4,14,,
131,2792,0,0,0.000743172171682732,0,10,4,14,,
132,2815,0,0,3.605151052485613e-05,0,10,4,14,,
133,2955,0,0,0.001397601333824094,0,10,4,14,,
134,3040,0,0,0.019550537880870068,0,10,4,14,,
135,3266,0,0,0.00018804031347580564,0,10,4,14,,
136,3281,0,0,0.00042606430402924506,0,10,4,14,,
137,3295,0,0,0.0014990243232781578,0,10,4,14,,
138,3302,0,0,0.002245608930186956,0,10,4,14,,
139,3336,0,0,0.0008776438152507882,0,10,4,14,,
140,3415,0,0,0.0006563611470037293,0,10,4,14,,
141,3540,0,0,0.0014726397267839464,0,10,4,14,,
142,3606,0,0,1.0532180658457712e-05,0,10,4,14,,
143,3828,0,0,0.0020212822667841058,0,10,4,14,,
144,3900,0,1,0.9494638902821391,0,10,5,15,,
145,3939,0,0,0.00020309734353981772,0,10,5,15,,
146,3974,0,0,2.9923044891769197e-05,0,10,5,15,,
147,4011,0,1,0.6407322433150222,0,10,6,16,,
148,4065,0,0,0.0010332780017928704,0,10,6,16,,
149,4107,0,0,0.0009420687109239772,0,10,6,16,,
150,4122,0,0,0.00039694538436868386,0,10,6,16,,
151,4130,0,0,0.00044189011184568133,0,10,6,16,,
152,4137,0,0,6.300236826391354e-06,0,10,6,16,,
153,4229,0,0,0.0004066695203555404,0,10,6,16,,
154,4264,0,0,0.005128985300066681,0,10,6,16,,
155,4416,0,0,0.00024769327579689514,0,10,6,16,,
156,4763,0,0,0.0006961080249546196,0,10,6,16,,
157,4780,0,0,7.516084403753787e-06,0,10,6,16,,
158,4807,0,0,6.465542059048094e-05,0,10,6,16,,
159,4999,0,0,0.00044511072875487635,0,10,6,16,,
160,776,1,1,0.9908038602731243,0,10,6,16,,
161,846,1,0,0.007455692509303656,0,11,6,17,,
162,1065,1,0,0.026070230418899627,0,12,6,18,,
163,2758,0,0,0.0024278532252353844,0,12,6,18,,
164,2794,0,0,0.00019933711782335226,0,12,6,18,,
165,2912,0,0,0.00012724826015252317,0,12,6,18,,
166,3116,0,0,0.00040646451904362724,0,12,6,18,,
167,3209,0,0,3.935146401017928e-06,0,12,6,18,,
168,3299,0,0,7.583777585713226e-05,0,12,6,18,,
169,3370,0,0,0.007575455737160802,0,12,6,18,,
170,3646,0,0,0.003176193208199697,0,12,6,18,,
171,3664,0,0,0.007759199924286891,0,12,6,18,,
172,4494,0,0,5.907217464267812e-07,0,12,6,18,,
173,4563,0,1,0.9630386808794674,0,12,7,19,,
174,4803,0,0,0.0007226833250275606,0,12,7,19,,
175,4942,0,0,1.5962320377999152e-05,0,12,7,19,,
176,69,1,0,0.003269674211583038,0,13,7,20,,
177,1419,1,1,0.9988172332479531,0,13,7,20,,
178,1558,1,0,0.11419693382059036,0,14,7,21,,
179,2557,0,0,0.0014334999777722076,0,14,7,21,,
180,2627,0,0,0.0004784514425840656,0,14,7,21,,
181,2665,0,0,0.00042263798745978436,0,14,7,21,,
182,2885,0,0,0.00026916457540070545,0,14,7,21,,
183,2932,0,0,0.0003416909475808588,0,14,7,21,,
184,2959,0,0,4.278966246054326e-05,0,14,7,21,,
185,2987,0,0,0.0005188046696203627,0,14,7,21,,
186,3045,0,0,0.002033696103785294,0,14,7,21,,
187,3093,0,0,0.0010006491559952056,0,14,7,21,,
188,3151,0,0,0.0004681661850879154,0,14,7,21,,
189,3287,0,0,0.003027232950631665,0,14,7,21,,
190,3421,0,0,0.0008121978743420848,0,14,7,21,,
191,3643,0,0,0.0016149632614170643,0,14,7,21,,
192,3686,0,0,0.0005798779933426082,0,14,7,21,,
193,3701,0,0,0.007244173245161581,0,14,7,21,,
194,3750,0,0,0.0004957004897176299,0,14,7,21,,
195,3819,0,0,0.014800344439143768,0,14,7,21,,
196,4133,0,0,0.00010870801711436085,0,14,7,21,,
197,4136,0,0,4.062714764382193e-06,0,14,7,21,,
198,4192,0,0,2.8602998555077633e-05,0,14,7,21,,
199,4231,0,0,0.0007518170649809537,0,14,7,21,0.8841410962496723,0.2631578947368421
200,4322,0,0,0.0007178065265659305,0,14,7,21,0.8841410962496723,0.2631578947368421
201,4676,0,0,0.0061753226322139535,0,14,7,21,0.8841410962496723,0.2631578947368421
202,4881,0,0,3.945924597439936e-05,0,14,7,21,0.8841410962496723,0.2631578947368421
203,39,1,0,0.04304727749139154,0,15,7,22,0.877445652173913,0.25
204,174,1,1,0.973065513203552,0,15,7,22,0.8782610093217614,0.2857142857142857
205,473,1,0,0.0012189429459299765,0,16,7,23,0.8716320939334637,0.2727272727272727
206,568,1,0,0.0002746750310184745,0,17,7,24,0.8649816849816849,0.2608695652173913
207,622,1,0,0.018727502540852193,0,18,7,25,0.8583128583128583,0.25
208,650,1,0,0.05737064809439985,0,19,7,26,0.851628380343123,0.24
209,772,1,0,8.140836304558667e-07,0,20,7,27,0.8449307479224377,0.23076923076923078
210,1038,1,0,0.0015287005179008448,0,21,7,28,0.8382222222222222,0.2222222222222222
211,1041,1,1,0.9993589215174431,0,21,7,28,0.8394040968342645,0.25
212,1080,1,0,2.0409000188390464e-06,0,22,7,29,0.8327555208129763,0.2413793103448276
213,1359,1,0,0.0006139124084036028,0,23,7,30,0.8260980592441265,0.23333333333333334
214,1694,1,0,0.0015287023732261922,0,24,7,31,0.8194334898278561,0.22580645161290322
215,1727,1,0,0.0012221833573855426,0,25,7,32,0.8127634487840826,0.21875
216,2445,1,0,7.651260821283118e-05,0,26,7,33,0.8060894460852269,0.21212121212121213
217,2452,1,0,1.1571030521181014e-05,0,27,7,34,0.7994128787878787,0.20588235294117646
218,2564,0,0,0.0007475178993476113,0,27,7,34,0.7994128787878787,0.20588235294117646
219,2629,0,0,0.005301826239799039,0,27,7,34,0.8060894460852269,0.21212121212121213
220,2639,0,1,0.8958213104912097,0,27,8,35,0.8091326622867822,0.21875
221,2796,0,0,7.871583462520949e-05,0,27,8,35,0.8157897322525177,0.22580645161290322
222,2909,0,0,0.00023953045550273113,0,27,8,35,0.8157897322525177,0.22580645161290322
223,2968,0,0,2.7364211136788728e-05,0,27,8,35,0.8157897322525177,0.22580645161290322
224,2972,0,0,0.0001613794343737016,0,27,8,35,0.8157897322525177,0.22580645161290322
225,3004,0,0,0.0007448653414549438,0,27,8,35,0.8157897322525177,0.22580645161290322
226,3057,0,0,0.0015787844317638588,0,27,8,35,0.8157897322525177,0.22580645161290322
227,3198,0,0,0.0036407059701691505,0,27,8,35,0.8157897322525177,0.22580645161290322
228,3242,0,0,0.002228186451384464,0,27,8,35,0.8157897322525177,0.22580645161290322
229,3275,0,1,0.805241651434236,0,27,9,36,0.8121758784883372,0.22580645161290322
230,3369,0,0,0.004535908549461933,0,27,9,36,0.8121758784883372,0.22580645161290322
231,3429,0,0,0.007145199711917442,0,27,9,36,0.8121758784883372,0.22580645161290322
232,3480,0,0,0.0024448721280221166,0,27,9,36,0.8121758784883372,0.22580645161290322
233,3509,0,0,0.0020802814317980537,0,27,9,36,0.8121758784883372,0.22580645161290322
234,3773,0,0,0.000261163377128523,0,27,9,36,0.8121758784883372,0.22580645161290322
235,3830,0,0,0.032202789124112625,0,27,9,36,0.8121758784883372,0.22580645161290322
236,3879,0,0,0.0001034331779042388,0,27,9,36,0.8121758784883372,0.22580645161290322
237,4112,0,0,0.004466168777319806,0,27,9,36,0.8121758784883372,0.22580645161290322
238,4256,0,0,0.0003902225266920643,0,27,9,36,0.8121758784883372,0.22580645161290322
239,4363,0,0,0.00011953102952345428,0,27,9,36,0.8121758784883372,0.22580645161290322
240,4366,0,0,0.0003843362697424747,0,27,9,36,0.8121758784883372,0.22580645161290322
241,4500,0,0,0.00012767771476008036,0,27,9,36,0.8121758784883372,0.22580645161290322
242,4509,0,0,0.0009971814449915007,0,27,9,36,0.8121758784883372,0.22580645161290322
243,4537,0,0,0.00045518493778438153,0,27,9,36,0.8121758784883372,0.22580645161290322
244,4635,0,0,0.0022946755811529993,0,27,9,36,0.8121758784883372,0.22580645161290322
245,4680,0,1,0.9731743981828306,0,27,10,37,0.8085890151515152,0.22580645161290322
246,4737,0,0,0.0009117268469398381,0,27,10,37,0.8085890151515152,0.22580645161290322
247,4883,0,0,0.0005900570438031445,0,27,10,37,0.8085890151515152,0.22580645161290322
248,4905,0,0,0.006063981388529075,0,27,10,37,0.8085890151515152,0.22580645161290322
249,193,1,0,0.000558599127647968,0,28,10,38,0.801953601953602,0.21875
250,469,1,0,0.0005588373349925596,0,29,10,39,0.801953601953602,0.21875
251,1081,1,0,0.0005603970919701924,0,30,10,40,0.7940909090909091,0.1875
252,1254,1,0,0.004843208407029904,0,31,10,41,0.7908522727272727,0.18181818181818182
253,1430,1,0,0.0002622495274040227,0,32,10,42,0.7841397755683471,0.17647058823529413
254,1517,1,0,0.0005596459656510476,0,33,10,43,0.7774285714285715,0.17142857142857143
255,1520,1,0,0.0002622499633324687,0,34,10,44,0.770719703354121,0.16666666666666666
256,1600,1,0,0.0018000906593773772,0,35,10,45,0.7640141467727675,0.16216216216216217
257,2102,1,0,0.0005562066389155967,0,36,10,46,0.7607427055702918,0.15789473684210525
258,2274,1,0,1.5284928808874523e-05,0,37,10,47,0.7540356696210102,0.15384615384615385
259,2293,1,0,0.0005562188739447787,0,38,10,48,0.747334617854849,0.15
260,2547,0,0,0.2723740082268262,0,38,10,48,0.747334617854849,0.15
261,2570,0,0,0.0008121578370308063,0,38,10,48,0.747334617854849,0.15
262,2646,0,0,0.42743865381983265,0,38,10,48,0.747334617854849,0.15
263,2726,0,0,7.499983211961883e-05,0,38,10,48,0.747334617854849,0.15
264,2784,0,0,0.003370593439197877,0,38,10,48,0.747334617854849,0.15
265,2872,0,0,0.00018805052783795573,0,38,10,48,0.747334617854849,0.15
266,2892,0,0,0.00552149468547301,0,38,10,48,0.747334617854849,0.15
267,2944,0,0,1.2900741584176366e-05,0,38,10,48,0.747334617854849,0.15
268,2975,0,0,1.6973584409701403e-05,0,38,10,48,0.747334617854849,0.15
269,2988,0,0,0.003638554164641056,0,38,10,48,0.747334617854849,0.15
270,3180,0,0,0.0005091944706186825,0,38,10,48,0.747334617854849,0.15
271,3246,0,0,0.06156982787266466,0,38,10,48,0.747334617854849,0.15
272,3495,0,0,2.7045504724766958e-05,0,38,10,48,0.747334617854849,0.15
273,3525,0,0,9.390483202961124e-05,0,38,10,48,0.7453448275862068,0.1282051282051282
274,3805,0,0,0.00016111019665174993,0,38,10,48,0.7432000000000001,0.10526315789473684
275,3877,0,0,0.04617783437973201,0,38,10,48,0.7500046514332229,0.10810810810810811
276,4083,0,0,0.0016560596628517961,0,38,10,48,0.7568181818181818,0.1111111111111111
277,4219,0,0,0.0042307649740674245,0,38,10,48,0.7636399252606836,0.11428571428571428
278,4461,0,0,2.0104674868808446e-05,0,38,10,48,0.7704691721935643,0.11764705882352941
279,4589,0,0,0.002759258085415021,0,38,10,48,0.7704691721935643,0.11764705882352941
280,4679,0,0,0.0017961551546263868,0,38,10,48,0.7704691721935643,0.11764705882352941
281,4703,0,0,0.0035395629315771635,0,38,10,48,0.7773051643192488,0.12121212121212122
282,4928,0,0,0.00043942090793949056,0,38,10,48,0.7773051643192488,0.12121212121212122
283,4989,0,0,0.009763789741036,0,38,10,48,0.7773051643192488,0.12121212121212122
284,1136,1,0,3.2634107812461615e-05,0,39,10,49,0.7704691721935643,0.11764705882352941
285,2554,0,0,0.002572727441138206,0,39,10,49,0.7704691721935643,0.11764705882352941
286,2622,0,0,0.0765896757136076,0,39,10,49,0.7704691721935643,0.11764705882352941
287,2742,0,0,0.0001968416336567321,0,39,10,49,0.7737151799687011,0.11764705882352941
288,2780,0,0,0.0006241675496282675,0,39,10,49,0.7737151799687011,0.11764705882352941
289,2847,0,0,0.0006242132689057158,0,39,10,49,0.7737151799687011,0.11764705882352941
290,3002,0,0,0.0001241002774410256,0,39,10,49,0.7737151799687011,0.11764705882352941
291,3064,0,0,1.141674784368352e-06,0,39,10,49,0.7737151799687011,0.11764705882352941
292,3202,0,0,9.417823311136751e-05,0,39,10,49,0.7737151799687011,0.11764705882352941
293,3207,0,0,0.002383981367602782,0,39,10,49,0.7737151799687011,0.11764705882352941
294,3243,0,0,0.00017002034961052705,0,39,10,49,0.7737151799687011,0.11764705882352941
295,3401,0,0,0.007100907711267534,0,39,10,49,0.7737151799687011,0.11764705882352941
296,3471,0,0,9.08193001470145e-05,0,39,10,49,0.7737151799687011,0.11764705882352941
297,3533,0,0,2.474214682270023e-06,0,39,10,49,0.7737151799687011,0.11764705882352941
298,3537,0,0,0.00032545586534916786,0,39,10,49,0.7737151799687011,0.11764705882352941
299,3599,0,0,0.00017624725450973488,1,39,10,49,0.7737151799687011,0.11764705882352941
300,3729,0,1,0.920222546141141,1,39,11,50,0.7704691721935643,0.11764705882352941
301,3754,0,0,6.265495412314648e-07,1,39,11,50,0.7704691721935643,0.11764705882352941
302,3945,0,0,0.0009549700105620884,1,39,11,50,0.7704691721935643,0.11764705882352941
303,3982,0,0,0.0010720791853081643,1,39,11,50,0.7704691721935643,0.11764705882352941
304,4150,0,0,1.0967707044656871e-06,1,39,11,50,0.7704691721935643,0.11764705882352941
305,4211,0,0,0.000582176398144614,1,39,11,50,0.7704691721935643,0.11764705882352941
306,4315,0,0,0.007693948154956458,1,39,11,50,0.7704691721935643,0.11764705882352941
307,4417,0,0,6.918252551706896e-05,1,39,11,50,0.7737151799687011,0.11764705882352941
308,4468,0,0,1.7253051491900225e-06,1,39,11,50,0.7737151799687011,0.11764705882352941
309,4528,0,0,0.0003238392708051906,1,39,11,50,0.7737151799687011,0.11764705882352941
310,4540,0,0,0.02824086972660789,1,39,11,50,0.7737151799687011,0.11764705882352941
311,4548,0,0,0.008739054819096263,1,39,11,50,0.7737151799687011,0.11764705882352941
312,4564,0,0,0.0026009519600347928,1,39,11,50,0.7737151799687011,0.11764705882352941
313,4587,0,0,0.00024596084679399016,1,39,11,50,0.7737151799687011,0.11764705882352941
314,4606,0,0,0.0007312508420316274,1,39,11,50,0.7737151799687011,0.11764705882352941
315,4639,0,0,0.0001784429498726796,1,39,11,50,0.7737151799687011,0.11764705882352941
316,4688,0,0,0.00025358323664902545,1,39,11,50,0.7737151799687011,0.11764705882352941
317,4729,0,0,4.747268662350294e-05,1,39,11,50,0.7737151799687011,0.11764705882352941
318,4760,0,0,0.003228188899477171,1,39,11,50,0.7737151799687011,0.11764705882352941
319,4779,0,0,7.29969784372751e-06,1,39,11,50,0.7737151799687011,0.11764705882352941
320,4927,0,0,0.005113792700521446,1,39,11,50,0.7737151799687011,0.11764705882352941
321,4939,0,0,0.16135751891331634,1,39,11,50,0.7737151799687011,0.11764705882352941
322,4955,0,0,0.0042530715931619065,1,39,11,50,0.7737151799687011,0.11764705882352941
323,51,1,0,1.0578653745306741e-07,1,40,11,51,0.7668754605747974,0.11428571428571428
324,231,1,0,4.750105631837377e-07,1,41,11,52,0.7600433970224821,0.1111111111111111
325,621,1,0,1.1179142047323994e-05,1,42,11,53,0.7532196969696969,0.10810810810810811
326,720,1,0,4.825083575173402e-07,1,43,11,54,0.7464050235478809,0.10526315789473684
327,1298,1,0,0.29158626106030205,1,44,11,55,0.7396,0.10256410256410256
328,1426,1,0,3.4452715123572017e-06,1,45,11,56,0.732805213776055,0.1
329,1821,1,0,5.244497363149847e-07,1,46,11,57,0.7260212201591513,0.0975609756097561
330,1828,1,0,4.960853420556532e-07,1,47,11,58,0.7260212201591513,0.0975609756097561
331,1955,1,0,5.61556587188364e-07,1,48,11,59,0.7192485454842041,0.09523809523809523
332,2586,0,0,0.0002449355893786786,1,48,11,59,0.7192485454842041,0.09523809523809523
333,2604,0,0,0.0012068544384305042,1,48,11,59,0.7192485454842041,0.09523809523809523
334,2695,0,0,0.001210983101789139,1,48,11,59,0.7192485454842041,0.09523809523809523
335,2711,0,0,0.00023444334377157778,1,48,11,59,0.7192485454842041,0.09523809523809523
336,2816,0,0,0.001989226913858409,1,48,11,59,0.7192485454842041,0.09523809523809523
337,2830,0,0,2.9546906134898115e-05,1,48,11,59,0.7192485454842041,0.09523809523809523
338,2883,0,0,0.0007453783278216519,1,48,11,59,0.7192485454842041,0.09523809523809523
339,2925,0,0,0.00021027012129592697,1,48,11,59,0.7192485454842041,0.09523809523809523
340,2962,0,0,0.003407186143848665,1,48,11,59,0.7192485454842041,0.09523809523809523
341,3157,0,0,1.1395639238754012e-05,1,48,11,59,0.7192485454842041,0.09523809523809523
342,3197,0,0,0.0004154401745592384,1,48,11,59,0.7192485454842041,0.09523809523809523
343,3230,0,0,9.730380032696066e-06,1,48,11,59,0.7192485454842041,0.09523809523809523
344,3245,0,0,0.06920214165857312,1,48,11,59,0.7224226348364279,0.09523809523809523
345,3247,0,0,5.3222311290530495e-05,1,48,11,59,0.7224226348364279,0.09523809523809523
346,3431,0,0,0.0007052130717392716,1,48,11,59,0.7224226348364279,0.09523809523809523
347,3497,0,0,2.9027241809307992e-06,1,48,11,59,0.7256059329175797,0.09523809523809523
348,3522,0,0,0.00275740838754109,1,48,11,59,0.7256059329175797,0.09523809523809523
349,3783,0,0,0.0017176996458986508,1,48,11,59,0.7256059329175797,0.09523809523809523
350,3829,0,0,1.2197941839021662e-05,1,48,11,59,0.7256059329175797,0.09523809523809523
351,3954,0,0,0.00038736957720908444,1,48,11,59,0.7256059329175797,0.09523809523809523
352,4097,0,0,0.00044320427487463466,1,48,11,59,0.7256059329175797,0.09523809523809523
353,4165,0,0,1.6583293331405136e-05,1,48,11,59,0.7256059329175797,0.09523809523809523
354,4327,0,0,0.00032675507792165375,1,48,11,59,0.7256059329175797,0.09523809523809523
355,4408,0,0,3.6995177465596445e-05,1,48,11,59,0.7256059329175797,0.09523809523809523
356,4431,0,0,0.008792947848082436,1,48,11,59,0.7256059329175797,0.09523809523809523
357,4482,0,0,0.00942766275771315,1,48,11,59,0.7256059329175797,0.09523809523809523
358,4508,0,0,0.004756504102480603,1,48,11,59,0.7256059329175797,0.09523809523809523
359,4527,0,0,0.0012838160162407044,1,48,11,59,0.7256059329175797,0.09523809523809523
360,4594,0,0,8.073848966249516e-06,1,48,11,59,0.7227088784231641,0.07317073170731707
361,4677,0,0,0.00153585465828016,1,48,11,59,0.7295454545454545,0.075
362,614,1,0,2.9210077159543586e-06,1,49,11,60,0.7295454545454545,0.075
363,1223,1,0,6.513177684348956e-06,1,50,11,61,0.7227088784231641,0.07317073170731707
364,1384,1,0,6.3566858375946e-08,1,51,11,62,0.7158857142857142,0.07142857142857142
365,1665,1,0,2.3585216873742157e-06,1,52,11,63,0.7090763526040789,0.06976744186046512
366,1815,1,0,0.13969368809512991,1,53,11,64,0.7022811671087532,0.06818181818181818
367,2635,0,0,0.001313266267355415,1,53,11,64,0.7022811671087532,0.06818181818181818
368,2786,0,0,0.0005670741624002656,1,53,11,64,0.7022811671087532,0.06818181818181818
369,2995,0,0,0.0037930094828670553,1,53,11,64,0.7022811671087532,0.06818181818181818
370,3285,0,0,0.0009754715832838178,1,53,11,64,0.7022811671087532,0.06818181818181818
371,3466,0,0,2.9472495940658717e-05,1,53,11,64,0.7022811671087532,0.06818181818181818
372,3478,0,0,0.00024081985344097043,1,53,11,64,0.7022811671087532,0.06818181818181818
373,3739,0,1,0.9613942220519016,1,53,12,65,0.7022811671087532,0.06818181818181818
374,3809,0,0,0.0009979213010560873,1,53,12,65,0.7022811671087532,0.06818181818181818
375,4098,0,0,0.0017252548780206471,1,53,12,65,0.7022811671087532,0.06818181818181818
376,4176,0,0,0.0007253902487311239,1,53,12,65,0.7090763526040789,0.06976744186046512
377,4181,0,0,0.0004890707539859612,1,53,12,65,0.7058608058608058,0.047619047619047616
378,4290,0,0,0.0008848783328223973,1,53,12,65,0.7127083333333333,0.04878048780487805
379,4457,0,0,0.00013165276938505624,1,53,12,65,0.7127083333333333,0.04878048780487805
380,4506,0,0,0.0031460978455802257,1,53,12,65,0.7127083333333333,0.04878048780487805
381,4616,0,0,0.000960239314171647,1,53,12,65,0.7127083333333333,0.04878048780487805
382,4659,0,0,0.0011660010534030787,1,53,12,65,0.7127083333333333,0.04878048780487805
383,4727,0,0,3.080581607572712e-05,1,53,12,65,0.7127083333333333,0.04878048780487805
384,4759,0,0,0.0032340019467865357,1,53,12,65,0.7127083333333333,0.04878048780487805
385,4814,0,0,5.346002770163516e-05,1,53,12,65,0.7127083333333333,0.04878048780487805
386,4865,0,0,0.0008631550577819912,1,53,12,65,0.7127083333333333,0.04878048780487805
387,4936,0,0,7.828144332101565e-06,1,53,12,65,0.7127083333333333,0.04878048780487805
388,4959,0,1,0.6766974443708235,1,53,13,66,0.7098116169544741,0.04878048780487805
389,4963,0,0,8.310559013841187e-06,1,53,13,66,0.7098116169544741,0.04878048780487805
390,4977,0,0,0.0017326454025966705,1,53,13,66,0.7098116169544741,0.04878048780487805
391,2242,1,0,0.06025375891053274,1,54,13,67,0.7029714285714286,0.047619047619047616
392,2578,0,1,0.7497056475710024,1,54,14,68,0.7000809034215405,0.047619047619047616
393,2623,0,0,0.00016776908851023263,1,54,14,68,0.7000809034215405,0.047619047619047616
394,2660,0,0,0.010540663892103836,1,54,14,68,0.7000809034215405,0.047619047619047616
395,2760,0,0,0.013719990791801383,1,54,14,68,0.7000809034215405,0.047619047619047616
396,2788,0,0,0.0004873123862999849,1,54,14,68,0.7000809034215405,0.047619047619047616
397,2933,0,1,0.5308276446912115,1,54,15,69,0.6971883289124667,0.047619047619047616
398,2940,0,0,0.0002810281120949183,1,54,15,69,0.6971883289124667,0.047619047619047616
399,2961,0,0,8.391872455079833e-06,1,54,15,69,0.6971883289124667,0.047619047619047616
400,3053,0,0,0.0009012383956480851,1,54,15,69,0.6971883289124667,0.047619047619047616
401,3087,0,0,0.0032491784659018095,1,54,15,69,0.6971883289124667,0.047619047619047616
402,3143,0,0,0.00015054284451197615,1,54,15,69,0.6971883289124667,0.047619047619047616
403,3254,0,0,0.0009008372646841312,1,54,15,69,0.7040153941232654,0.04878048780487805
404,3452,0,0,0.02179048141375847,1,54,15,69,0.7010407581836153,0.025
405,3528,0,0,1.1583302591271597e-06,1,54,15,69,0.7079261363636362,0.02564102564102564
406,3759,0,0,0.008084057108622854,1,54,15,69,0.7148273160147067,0.02631578947368421
407,3794,0,0,0.12572285155295254,1,54,15,69,0.721744043232621,0.02702702702702703
408,3796,0,0,8.745195297616605e-05,1,54,15,69,0.7286760563380282,0.027777777777777776
409,3854,0,0,0.0004813560339417925,1,54,15,69,0.7356230847803882,0.02857142857142857
410,3873,0,0,0.0014347717542641557,1,54,15,69,0.7425848478926454,0.029411764705882353
411,4084,0,0,0.0004433976119765839,1,54,15,69,0.7396378830083564,0.0
412,4171,0,1,0.730427373504617,1,54,16,70,0.744066852367688,0.0
413,4252,0,0,0.0009429226782289302,1,54,16,70,0.751111111111111,0.0
414,4262,0,0,0.017019615121106134,1,54,16,70,0.7581717451523546,0.0
415,4339,0,0,0.00044477555011998934,1,54,16,70,0.7652486187845304,0.0
416,4502,0,0,0.0002192290406322678,1,54,16,70,0.7723415977961432,0.0
417,4556,0,0,5.113437478891618e-06,1,54,16,70,0.7794505494505495,0.0
418,4630,0,0,1.0989718207813864e-05,1,54,16,70,0.7794505494505495,0.0
419,4764,0,0,0.0008897999224757768,1,54,16,70,0.7794505494505495,0.0
420,313,1,0,0.0001753694752940971,1,55,16,71,0.774945054945055,0.0
421,432,1,0,0.0001741483685041551,1,56,16,72,0.7678512396694215,0.0
422,477,1,0,0.001632141022742463,1,57,16,73,0.7607734806629834,0.0
423,547,1,0,5.578127768062266e-06,1,58,16,74,0.7537119113573408,0.0
424,563,1,0,0.02150927123715887,1,59,16,75,0.7466666666666666,0.0
425,589,1,0,5.583727406432517e-06,1,60,16,76,0.7396378830083564,0.0
426,778,1,0,0.03159814317742448,1,61,16,77,0.7326256983240224,0.0
427,956,1,0,0.002767572836487776,1,62,16,78,0.7256302521008403,0.0
428,1026,1,0,6.058213120396418e-07,1,63,16,79,0.7186516853932585,0.0
429,1525,1,0,5.584005704325414e-06,1,64,16,80,0.7142696629213483,0.0
430,1651,1,0,5.583720730897607e-06,1,65,16,81,0.7073239436619718,0.0
431,2079,1,0,0.00027952056413169276,1,66,16,82,0.7003954802259886,0.0
432,2528,0,0,0.002128059957383106,1,66,16,82,0.7003954802259886,0.0
433,2666,0,0,0.00047467584181728984,1,66,16,82,0.7003954802259886,0.0
434,2721,0,0,5.7840452046318016e-05,1,66,16,82,0.7003954802259886,0.0
435,2771,0,0,0.00844004267078505,1,66,16,82,0.7003954802259886,0.0
436,2881,0,0,0.004473332782368361,1,66,16,82,0.7003954802259886,0.0
437,2896,0,0,0.0021056904980913485,1,66,16,82,0.7003954802259886,0.0
438,2939,0,0,0.00022997683401598026,1,66,16,82,0.7003954802259886,0.0
439,2991,0,0,0.001046415851189311,1,66,16,82,0.7003954802259886,0.0
440,3041,0,0,0.0005485700774220813,1,66,16,82,0.7003954802259886,0.0
441,3127,0,0,0.0003274028526715751,1,66,16,82,0.7003954802259886,0.0
442,3233,0,0,6.021955610337687e-06,1,66,16,82,0.7003954802259886,0.0
443,3355,0,0,0.058546698865583176,1,66,16,82,0.7003954802259886,0.0
444,3474,0,0,0.009927923538836985,1,66,16,82,0.7003954802259886,0.0
445,3481,0,0,0.00017673887200193617,1,66,16,82,0.7029577464788731,0.0
446,3529,0,0,0.0002665091197884663,1,66,16,82,0.7029577464788731,0.0
447,3622,0,0,0.011535154238494409,1,66,16,82,0.7029577464788731,0.0
448,3651,0,0,0.006942444714953455,1,66,16,82,0.7029577464788731,0.0
449,3761,0,0,0.00023144770349646773,1,66,16,82,0.7098876404494382,0.0
450,3765,0,0,0.00024365979446641542,1,66,16,82,0.7168347338935575,0.0
451,3812,0,0,0.20061091042865503,1,66,16,82,0.7237988826815642,0.0
452,4012,0,0,0.0030177898823267667,1,66,16,82,0.7307799442896936,0.0
453,4091,0,0,0.00033681021776569783,1,66,16,82,0.7377777777777778,0.0
454,4094,0,0,0.011875837332375717,1,66,16,82,0.7447922437673131,0.0
455,4149,0,0,0.3508636469151448,1,66,16,82,0.7518232044198895,0.0
456,4232,0,0,0.003505730480838306,1,66,16,82,0.7588705234159779,0.0
457,4297,0,0,0.020482908832375277,1,66,16,82,0.765934065934066,0.0
458,4409,0,0,1.0857675592233796e-05,1,66,16,82,0.7730136986301369,0.0
459,4447,0,0,0.00048677841575089226,1,66,16,82,0.7801092896174864,0.0
460,4495,0,0,8.805666358451829e-05,1,66,16,82,0.7801092896174864,0.0
461,4633,0,0,0.0004964830935123276,1,66,16,82,0.7801092896174864,0.0
462,4783,0,0,0.00036564849045655476,1,66,16,82,0.7801092896174864,0.0
463,58,1,0,0.0003258513362921694,1,67,16,83,0.7730136986301369,0.0
464,1323,1,0,0.002115889728187716,1,68,16,84,0.765934065934066,0.0
465,2509,0,0,0.0006000851223084382,1,68,16,84,0.765934065934066,0.0
466,2643,0,0,0.0010894274606286383,1,68,16,84,0.765934065934066,0.0
467,2740,0,0,0.446702441445026,1,68,16,84,0.765934065934066,0.0
468,2807,0,0,0.0002429698417181596,1,68,16,84,0.765934065934066,0.0
469,3210,0,0,9.567153383855223e-05,1,68,16,84,0.765934065934066,0.0
470,3215,0,0,0.003736629268785114,1,68,16,84,0.765934065934066,0.0
471,3227,0,0,0.0004112075716614714,1,68,16,84,0.765934065934066,0.0
472,3290,0,0,0.0005287869043004632,1,68,16,84,0.765934065934066,0.0
473,3403,0,0,2.2807825616229206e-05,1,68,16,84,0.765934065934066,0.0
474,3450,0,0,1.4136997631613375e-05,1,68,16,84,0.765934065934066,0.0
475,3490,0,0,8.9983323217627e-07,1,68,16,84,0.765934065934066,0.0
476,3504,0,0,0.000272703624056151,1,68,16,84,0.765934065934066,0.0
477,3566,0,0,0.00037687660098437907,1,68,16,84,0.765934065934066,0.0
478,3624,0,0,0.00026739007978584205,1,68,16,84,0.765934065934066,0.0
479,3650,0,0,0.005197919921150091,1,68,16,84,0.765934065934066,0.0
480,3699,0,0,0.00010825743837318689,1,68,16,84,0.765934065934066,0.0
481,3733,0,0,0.00048283962492859774,1,68,16,84,0.765934065934066,0.0
482,3988,0,0,0.001710927623474524,1,68,16,84,0.765934065934066,0.0
483,4077,0,0,8.59347443448845e-05,1,68,16,84,0.765934065934066,0.0
484,4174,0,0,0.00048749384079966213,1,68,16,84,0.7730136986301369,0.0
485,4282,0,0,0.0002555096634881456,1,68,16,84,0.7730136986301369,0.0
486,4326,0,0,0.00015561900915764495,1,68,16,84,0.7730136986301369,0.0
487,4349,0,0,0.2592215425908621,1,68,16,84,0.7730136986301369,0.0
488,4406,0,0,0.0004816193249966322,1,68,16,84,0.7730136986301369,0.0
489,4660,0,0,0.0002676191613429166,1,68,16,84,0.7730136986301369,0.0
490,4808,0,0,1.0856590658749115e-05,1,68,16,84,0.7730136986301369,0.0
491,4919,0,0,0.0038478537935294353,1,68,16,84,0.7730136986301369,0.0
492,1664,1,0,0.007813643316289547,1,69,16,85,0.765934065934066,0.0
493,2431,1,0,0.40149544185007585,1,70,16,86,0.7588705234159779,0.0
494,2587,0,0,2.6534538223693306e-05,1,70,16,86,0.7588705234159779,0.0
495,2599,0,0,2.8875220270494437e-06,1,70,16,86,0.7588705234159779,0.0
496,2698,0,0,0.004263605038151077,1,70,16,86,0.7588705234159779,0.0
497,2785,0,0,0.00043621080095772893,1,70,16,86,0.7588705234159779,0.0
498,2801,0,0,0.003455734899681816,1,70,16,86,0.7588705234159779,0.0
499,3019,0,0,1.9005542879652342e-06,1,70,16,86,0.7588705234159779,0.0
500,3137,0,0,0.0004516721287372028,1,70,16,86,0.7614285714285713,0.0
501,3228,0,0,1.0364068740828252e-05,1,70,16,86,0.7614285714285713,0.0
502,3590,0,0,0.0007244121459201229,1,70,16,86,0.7614285714285713,0.0
503,3880,0,0,0.004256712211858269,1,70,16,86,0.7614285714285713,0.0
504,3899,0,0,0.0055504706942991625,1,70,16,86,0.7614285714285713,0.0
505,3971,0,0,1.2251494149269245e-05,1,70,16,86,0.7614285714285713,0.0
506,4768,0,0,0.002677758461828308,1,70,16,86,0.7614285714285713,0.0
507,4889,0,0,0.0006843293578536456,1,70,16,86,0.7614285714285713,0.0
508,4897,0,0,0.0004851298725675685,1,70,16,86,0.7614285714285713,0.0
509,551,1,0,0.04624458369694803,1,71,16,87,0.7543801652892561,0.0
510,653,1,0,5.948262943666653e-07,1,72,16,88,0.7473480662983425,0.0
511,2753,0,0,0.00015161650888024305,1,72,16,88,0.7473480662983425,0.0
512,2762,0,0,8.017447448668853e-05,1,72,16,88,0.7473480662983425,0.0
513,2795,0,0,0.00025760948786570937,1,72,16,88,0.7473480662983425,0.0
514,2841,0,0,7.526122471886198e-05,1,72,16,88,0.7473480662983425,0.0
515,2869,0,0,7.986733615681459e-06,1,72,16,88,0.7473480662983425,0.0
516,2931,0,1,0.8953303051510679,1,72,17,89,0.7447922437673131,0.0
517,2976,0,0,0.000637564741766772,1,72,17,89,0.7447922437673131,0.0
518,3048,0,0,0.00028798905730250735,1,72,17,89,0.7447922437673131,0.0
519,3146,0,0,2.1007893333590862e-05,1,72,17,89,0.7447922437673131,0.0
520,3235,0,0,0.00016536402314554243,1,72,17,89,0.7447922437673131,0.0
521,3393,0,0,0.0013255443072906184,1,72,17,89,0.7447922437673131,0.0
522,3455,0,0,0.00884929384017374,1,72,17,89,0.7447922437673131,0.0
523,3665,0,0,0.0007417934781603388,1,72,17,89,0.7518232044198895,0.0
524,3886,0,0,0.0007691579226812164,1,72,17,89,0.7588705234159779,0.0
525,3966,0,0,4.8492591210434595e-05,1,72,17,89,0.765934065934066,0.0
526,3999,0,0,0.012221341790882518,1,72,17,89,0.7730136986301369,0.0
527,4037,0,0,0.33670975381696583,1,72,17,89,0.7801092896174864,0.0
528,4085,0,0,0.00017372054767717554,1,72,17,89,0.7872207084468665,0.0
529,4101,0,0,3.046196000937758e-06,1,72,17,89,0.7943478260869564,0.0
530,4222,0,1,0.7653305548995325,1,72,18,90,0.7989130434782608,0.0
531,4227,0,0,0.00019098828519258733,1,72,18,90,0.806070460704607,0.0
532,4317,0,0,0.002446929764818877,1,72,18,90,0.806070460704607,0.0
533,4367,0,0,0.0030098476135600235,1,72,18,90,0.806070460704607,0.0
534,4467,0,0,0.0024302413911973016,1,72,18,90,0.806070460704607,0.0
535,4486,0,0,0.0016589269083167716,1,72,18,90,0.806070460704607,0.0
536,4644,0,1,0.8595336996056412,1,72,19,91,0.8034782608695652,0.0
537,4682,0,0,0.011916206485741253,1,72,19,91,0.8034782608695652,0.0
538,4863,0,0,0.42119463253585737,1,72,19,91,0.8034782608695652,0.0
539,2524,0,0,0.04261758211870581,1,72,19,91,0.8034782608695652,0.0
540,2534,0,0,0.00015833782908074575,1,72,19,91,0.8034782608695652,0.0
541,2560,0,0,8.915098792723041e-06,1,72,19,91,0.8034782608695652,0.0
542,2565,0,0,0.00016707680947375937,1,72,19,91,0.8034782608695652,0.0
543,2600,0,0,9.093245317311581e-07,1,72,19,91,0.8034782608695652,0.0
544,2631,0,0,5.641991461316304e-05,1,72,19,91,0.8034782608695652,0.0
545,2661,0,1,0.9895165307941681,1,72,20,92,0.8008719346049047,0.0
546,2672,0,0,0.0008189051592887918,1,72,20,92,0.8008719346049047,0.0
547,2751,0,0,0.0011730998603849475,1,72,20,92,0.8008719346049047,0.0
548,2774,0,0,0.2840278881001022,1,72,20,92,0.8008719346049047,0.0
549,2781,0,0,0.0029477622468363565,1,72,20,92,0.8008719346049047,0.0
550,2797,0,1,0.9750960987730113,1,72,21,93,0.7982513661202186,0.0
551,2875,0,0,0.31104857692784554,1,72,21,93,0.7982513661202186,0.0
552,2950,0,0,0.0007509069528155119,1,72,21,93,0.7982513661202186,0.0
553,3085,0,0,0.0020552486188095452,1,72,21,93,0.7982513661202186,0.0
554,3094,0,0,0.003583778587052144,1,72,21,93,0.7982513661202186,0.0
555,3100,0,0,0.006300722859958286,1,72,21,93,0.7982513661202186,0.0
556,3118,0,0,1.1245762788213493e-05,1,72,21,93,0.7982513661202186,0.0
557,3423,0,0,0.003783439915116207,1,72,21,93,0.7982513661202186,0.0
558,3457,0,0,0.000497958655398387,1,72,21,93,0.7982513661202186,0.0
559,3475,0,0,0.004259366819099209,1,72,21,93,0.7982513661202186,0.0
560,3569,0,0,0.03740417727478011,1,72,21,93,0.7982513661202186,0.0
561,3687,0,0,0.0001397526920873493,1,72,21,93,0.7982513661202186,0.0
562,3700,0,0,0.00040680695284363695,1,72,21,93,0.8054223433242507,0.0
563,3849,0,0,0.0004818074102674348,1,72,21,93,0.8126086956521739,0.0
564,3878,0,0,0.0010955451493724789,1,72,21,93,0.819810298102981,0.0
565,3962,0,0,0.00017615861951101032,1,72,21,93,0.8270270270270271,0.0
566,4106,0,0,2.503944110301338e-06,1,72,21,93,0.8342587601078166,0.0
567,4196,0,0,7.112328962629529e-06,1,72,21,93,0.8342587601078166,0.0
568,4284,0,1,0.9522857898689746,1,72,22,94,0.8316216216216216,0.0
569,4383,0,1,0.8941724275231018,1,72,23,95,0.8289701897018971,0.0
570,4399,0,0,1.1807795964390797e-06,1,72,23,95,0.8289701897018971,0.0
571,4412,0,0,0.0003091078703854557,1,72,23,95,0.8289701897018971,0.0
572,4471,0,0,3.3852839552967024e-05,1,72,23,95,0.8289701897018971,0.0
573,4777,0,0,7.211138895768113e-05,1,72,23,95,0.8316216216216216,0.0
574,4990,0,0,0.0005091500506372386,1,72,23,95,0.8316216216216216,0.0
575,586,1,0,1.7362660884507626e-05,1,73,23,96,0.824390243902439,0.0
576,856,1,0,1.1249375657539054e-05,1,74,23,97,0.8171739130434783,0.0
577,898,1,1,0.9990561516898051,1,74,23,97,0.8186563805850209,0.045454545454545456
578,1032,1,0,1.0845971613338309e-05,1,75,23,98,0.8115577299412916,0.043478260869565216
579,1186,1,0,0.0025896979459696075,1,76,23,99,0.8044688644688646,0.041666666666666664
580,1767,1,1,0.9990006941712071,1,76,23,99,0.8059755742948531,0.08
581,2020,1,1,0.9993906614341607,1,76,23,99,0.8073333333333333,0.11538461538461539
582,2546,0,0,0.007843692458380496,1,76,23,99,0.8073333333333333,0.11538461538461539
583,2820,0,0,0.00015513867879453512,1,76,23,99,0.8073333333333333,0.11538461538461539
584,3068,0,0,5.06682128619497e-05,1,76,23,99,0.8073333333333333,0.11538461538461539
585,3192,0,0,0.011156617257230826,1,76,23,99,0.8073333333333333,0.11538461538461539
586,3366,0,1,0.7480730373428158,1,76,24,100,0.8042054487397242,0.11538461538461539
587,3374,0,1,0.998949281603072,1,76,25,101,0.8010853950518755,0.11538461538461539
588,3398,0,0,1.4168504488180264e-05,1,76,25,101,0.8042054487397242,0.11538461538461539
589,3534,0,0,0.001183335723356994,1,76,25,101,0.8042054487397242,0.11538461538461539
590,3875,0,0,2.214511478838238e-05,1,76,25,101,0.8042054487397242,0.11538461538461539
591,4023,0,0,0.00450661708525144,1,76,25,101,0.8111111111111111,0.12
592,4081,0,0,0.00018760566309418427,1,76,25,101,0.8142446196462817,0.12
593,4166,0,0,1.525894505265718e-05,1,76,25,101,0.8142446196462817,0.12
594,4301,0,0,0.000108995533304484,1,76,25,101,0.8142446196462817,0.12
595,4499,0,1,0.6482860909511026,1,76,26,102,0.8111111111111111,0.12
596,4557,0,0,0.0004632788220142468,1,76,26,102,0.8111111111111111,0.12
597,4731,0,0,0.00042418767100709654,1,76,26,102,0.8142446196462817,0.12
598,4901,0,0,0.015419485057881547,1,76,26,102,0.8142446196462817,0.12
599,4949,0,0,0.00014061006118280283,1,76,26,102,0.8142446196462817,0.12
600,405,1,0,0.0657652818969947,1,77,26,103,0.8073333333333333,0.11538461538461539
601,1085,1,0,0.001228371256871672,1,78,26,104,0.8004246212378558,0.1111111111111111
602,1725,1,0,0.001072974678348173,1,79,26,105,0.7935195530726257,0.10714285714285714
603,2514,0,0,0.005289978540570482,1,79,26,105,0.7935195530726257,0.10714285714285714
604,2609,0,0,0.00023223650080184786,1,79,26,105,0.7935195530726257,0.10714285714285714
605,2743,0,0,0.0002754749842028201,1,79,26,105,0.7935195530726257,0.10714285714285714
606,2790,0,0,0.001943769696635437,1,79,26,105,0.7935195530726257,0.10714285714285714
607,2818,0,0,0.006083009940445968,1,79,26,105,0.7935195530726257,0.10714285714285714
608,2844,0,1,0.8663044672696686,1,79,27,106,0.7904032310598658,0.10714285714285714
609,2900,0,0,0.0003145603600787094,1,79,27,106,0.7904032310598658,0.10714285714285714
610,2907,0,0,8.341017379423823e-06,1,79,27,106,0.7904032310598658,0.10714285714285714
611,3103,0,0,0.0036779324305186508,1,79,27,106,0.7904032310598658,0.10714285714285714
612,3150,0,0,0.0016027422089013232,1,79,27,106,0.7935195530726257,0.10714285714285714
613,3251,0,1,0.6308712150091502,1,79,28,107,0.7904032310598658,0.10714285714285714
614,3268,0,0,0.00014784862243719194,1,79,28,107,0.7904032310598658,0.10714285714285714
615,3283,0,0,9.929089744847826e-05,1,79,28,107,0.7904032310598658,0.10714285714285714
616,3313,0,0,0.00031657812401342727,1,79,28,107,0.7904032310598658,0.10714285714285714
617,3371,0,0,4.02624842096907e-06,1,79,28,107,0.7904032310598658,0.10714285714285714
618,3384,0,0,0.005004701171537751,1,79,28,107,0.7904032310598658,0.10714285714285714
619,3407,0,0,0.0007818862468156695,1,79,28,107,0.7904032310598658,0.10714285714285714
620,3437,0,0,0.10735558526843533,1,79,28,107,0.7973024740622506,0.1111111111111111
621,3548,0,0,0.016348618706940817,1,79,28,107,0.8042054487397242,0.11538461538461539
622,3562,0,0,0.03593182222362247,1,79,28,107,0.8111111111111111,0.12
623,3641,0,0,0.010335163957990385,1,79,28,107,0.8180183251651395,0.125
624,3712,0,0,0.01116452505925144,1,79,28,107,0.824925850537947,0.13043478260869565
625,3986,0,0,0.00023509549645840908,1,79,28,107,0.8318323281959646,0.13636363636363635
626,4079,0,0,0.0037002628240580455,1,79,28,107,0.8387362637362636,0.14285714285714285
627,4143,0,0,0.004523329804755787,1,79,28,107,0.8456360078277886,0.15
628,4193,0,0,1.5681178384222828e-06,1,79,28,107,0.8525297332047573,0.15789473684210525
629,4215,0,0,0.0010045945271873087,1,79,28,107,0.8594154074808026,0.16666666666666666
630,4267,0,0,3.3758136606126216e-06,1,79,28,107,0.8662907608695654,0.17647058823529413
631,4280,0,0,0.0011532793062268385,1,79,28,107,0.8731532476615088,0.1875
632,4351,0,0,1.72778036803882e-05,1,79,28,107,0.8731532476615088,0.1875
633,4485,0,0,0.0003807078322097839,1,79,28,107,0.8731532476615088,0.1875
634,4623,0,0,0.0007138528230140752,1,79,28,107,0.8731532476615088,0.1875
635,4858,0,0,0.0015745893744073427,1,79,28,107,0.8731532476615088,0.1875
636,4984,0,0,0.004282996014981306,1,79,28,107,0.8731532476615088,0.1875
637,4996,0,0,0.008425899307474422,1,79,28,107,0.8731532476615088,0.1875
638,192,1,0,0.01762523580573083,1,80,28,108,0.8662907608695654,0.17647058823529413
639,319,1,0,0.016918152629843683,1,81,28,109,0.8594154074808026,0.16666666666666666
640,717,1,0,0.018062929821462452,1,82,28,110,0.8525297332047573,0.15789473684210525
641,1255,1,1,0.9818264407974338,1,82,28,110,0.8529914529914531,0.2
642,1425,1,0,0.00035184575602399665,1,83,28,111,0.8462013252922344,0.19047619047619047
643,1770,1,0,6.132055645631358e-06,1,84,28,112,0.839400988659494,0.18181818181818182
644,1777,1,0,0.16597798752488668,1,85,28,113,0.8325925136728461,0.17391304347826086
645,1869,1,0,0.0007299997456985468,1,86,28,114,0.8257777777777778,0.16666666666666666
646,2220,1,0,1.736265180314046e-05,1,87,28,115,0.8189584890277871,0.16
647,2400,1,0,0.017092177045339184,1,88,28,116,0.8121362064378824,0.15384615384615385
648,2614,0,0,0.00043010839795017873,1,88,28,116,0.8121362064378824,0.15384615384615385
649,2669,0,0,0.0013710592291875498,1,88,28,116,0.8121362064378824,0.15384615384615385
650,2691,0,0,0.0012077143667174424,1,88,28,116,0.8121362064378824,0.15384615384615385
651,2766,0,0,0.004316428562790469,1,88,28,116,0.8121362064378824,0.15384615384615385
652,2867,0,0,0.001802283994835897,1,88,28,116,0.8121362064378824,0.15384615384615385
653,2947,0,0,7.342510642075236e-05,1,88,28,116,0.8121362064378824,0.15384615384615385
654,2965,0,0,0.0004934501727368668,1,88,28,116,0.8121362064378824,0.15384615384615385
655,3350,0,0,0.014223908405277704,1,88,28,116,0.8121362064378824,0.15384615384615385
656,3410,0,0,0.000790721485868158,1,88,28,116,0.8121362064378824,0.15384615384615385
657,3635,0,0,8.329998887561086e-05,1,88,28,116,0.8121362064378824,0.15384615384615385
658,3746,0,0,0.11883979701818159,1,88,28,116,0.8121362064378824,0.15384615384615385
659,3785,0,0,0.0013058389147510925,1,88,28,116,0.8121362064378824,0.15384615384615385
660,3845,0,0,0.0012914077449308625,1,88,28,116,0.8121362064378824,0.15384615384615385
661,3927,0,0,0.048801000730630165,1,88,28,116,0.8121362064378824,0.15384615384615385
662,3964,0,0,0.0001038128267404894,1,88,28,116,0.8121362064378824,0.15384615384615385
663,4082,0,1,0.72170648137649,1,88,29,117,0.815708965150306,0.16
664,4201,0,1,0.7691458319108035,1,88,30,118,0.8192817238627295,0.16666666666666666
665,4361,0,0,0.0021039657535765746,1,88,30,118,0.8192817238627295,0.16666666666666666
666,4503,0,0,7.20015069096878e-05,1,88,30,118,0.8192817238627295,0.16666666666666666
667,4573,0,0,0.021911627332365114,1,88,30,118,0.8192817238627295,0.16666666666666666
668,4650,0,0,0.0035206779676679495,1,88,30,118,0.8192817238627295,0.16666666666666666
669,4862,0,0,0.00021601498184178018,1,88,30,118,0.8192817238627295,0.16666666666666666
670,4864,0,0,0.0034282131179178875,1,88,30,118,0.8192817238627295,0.16666666666666666
671,4866,0,0,0.0003059445454043512,1,88,30,118,0.8192817238627295,0.16666666666666666
672,83,1,0,0.000325299483746511,1,89,30,119,0.8124715002279982,0.16
673,2406,1,0,0.04734327469253094,1,90,30,120,0.805658835546476,0.15384615384615385
674,2592,0,0,3.09496459669448e-05,1,90,30,120,0.805658835546476,0.15384615384615385
675,2633,0,0,0.0019423207148939218,1,90,30,120,0.805658835546476,0.15384615384615385
676,2717,0,0,1.532296174360607e-06,1,90,30,120,0.805658835546476,0.15384615384615385
677,2926,0,0,0.2822297928364142,1,90,30,120,0.805658835546476,0.15384615384615385
678,2960,0,0,0.0004687568327570282,1,90,30,120,0.805658835546476,0.15384615384615385
679,3058,0,1,0.9621643055251077,1,90,31,121,0.8024350547730831,0.15384615384615385
680,3092,0,0,1.741084893224656e-05,1,90,31,121,0.8024350547730831,0.15384615384615385
681,3417,0,0,4.60596879801669e-06,1,90,31,121,0.8024350547730831,0.15384615384615385
682,3564,0,0,1.262428619888262e-05,1,90,31,121,0.8024350547730831,0.15384615384615385
683,3611,0,0,0.003531876152209402,1,90,31,121,0.8024350547730831,0.15384615384615385
684,3753,0,0,0.001246976991398825,1,90,31,121,0.8024350547730831,0.15384615384615385
685,3827,0,0,0.004367559749247211,1,90,31,121,0.8024350547730831,0.15384615384615385
686,3831,0,0,0.0001791352863357245,1,90,31,121,0.8024350547730831,0.15384615384615385
687,4034,0,0,0.00194299761669104,1,90,31,121,0.8024350547730831,0.15384615384615385
688,4314,0,0,0.007786061871566329,1,90,31,121,0.8024350547730831,0.15384615384615385
689,4414,0,0,0.00021162038724297484,1,90,31,121,0.8024350547730831,0.15384615384615385
690,4649,0,0,0.0003568472659448381,1,90,31,121,0.8024350547730831,0.15384615384615385
691,4674,0,0,1.875128368072594e-05,1,90,31,121,0.8024350547730831,0.15384615384615385
692,4758,0,0,0.0001531225382389729,1,90,31,121,0.8092441266598569,0.16
693,4829,0,1,0.9972285110467171,1,90,32,122,0.812829417773238,0.16666666666666666
694,1849,1,0,6.508396672759784e-06,1,91,32,123,0.8060250391236308,0.16
695,2602,0,0,0.003912974765428166,1,91,32,123,0.8060250391236308,0.16
696,2680,0,0,6.09515656300811e-05,1,91,32,123,0.8060250391236308,0.16
697,2749,0,0,8.334742562551454e-05,1,91,32,123,0.8060250391236308,0.16
698,2879,0,0,0.002833045434378106,1,91,32,123,0.8060250391236308,0.16
699,2954,0,0,0.1289848272553931,1,91,32,123,0.8060250391236308,0.16
700,3013,0,0,0.0009407904041772858,1,91,32,123,0.8060250391236308,0.16
701,3067,0,0,0.003440069442527542,1,91,32,123,0.8060250391236308,0.16
702,3312,0,0,0.0002265908865523416,1,91,32,123,0.8060250391236308,0.16
703,3347,0,0,0.0005217548817071341,1,91,32,123,0.8060250391236308,0.16
704,3360,0,0,0.00019204918266017335,1,91,32,123,0.8060250391236308,0.16
705,3390,0,0,0.00445193827995758,1,91,32,123,0.8060250391236308,0.16
706,3593,0,0,0.00936862085147421,1,91,32,123,0.8060250391236308,0.16
707,3619,0,0,0.00011461842340203539,1,91,32,123,0.8060250391236308,0.16
708,3838,0,0,0.00041225032735569276,1,91,32,123,0.8060250391236308,0.16
709,4060,0,0,0.0013791916136319964,1,91,32,123,0.812829417773238,0.16666666666666666
710,4113,0,0,1.975901979449151e-05,1,91,32,123,0.8196306429548563,0.17391304347826086
711,4287,0,0,0.00015866715178610984,1,91,32,123,0.8196306429548563,0.17391304347826086
712,4304,0,0,0.007038496647013614,1,91,32,123,0.8196306429548563,0.17391304347826086
713,4523,0,0,9.523037782672263e-05,1,91,32,123,0.8196306429548563,0.17391304347826086
714,4550,0,0,0.003922455200107973,1,91,32,123,0.8196306429548563,0.17391304347826086
715,4608,0,0,0.0002682357146564476,1,91,32,123,0.8196306429548563,0.17391304347826086
716,4719,0,0,0.00019729134361012263,1,91,32,123,0.822854482575153,0.17391304347826086
717,4771,0,1,0.9918408031881196,1,91,33,124,0.8196306429548563,0.17391304347826086
718,4906,0,0,0.00023416319670105718,1,91,33,124,0.8196306429548563,0.17391304347826086
719,4912,0,0,0.01056831730467343,1,91,33,124,0.8196306429548563,0.17391304347826086
720,4957,0,0,0.030656630450769835,1,91,33,124,0.8196306429548563,0.17391304347826086
721,2667,0,1,0.6478632083693562,1,91,34,125,0.816414708886619,0.17391304347826086
722,2670,0,0,1.4858678049379e-05,1,91,34,125,0.816414708886619,0.17391304347826086
723,3025,0,0,0.00017131485340015482,1,91,34,125,0.816414708886619,0.17391304347826086
724,3088,0,0,0.0023460488182031358,1,91,34,125,0.816414708886619,0.17391304347826086
725,3115,0,0,0.13027757191821113,1,91,34,125,0.816414708886619,0.17391304347826086
726,3158,0,0,1.929916779716255e-05,1,91,34,125,0.816414708886619,0.17391304347826086
727,3189,0,0,7.750934996374895e-06,1,91,34,125,0.816414708886619,0.17391304347826086
728,3343,0,0,9.696672975361933e-05,1,91,34,125,0.816414708886619,0.17391304347826086
729,3493,0,0,3.3158293404057586e-06,1,91,34,125,0.816414708886619,0.17391304347826086
730,3618,0,0,0.00030658908880071116,1,91,34,125,0.8196306429548563,0.17391304347826086
731,4043,0,0,0.0009104338321609715,1,91,34,125,0.8196306429548563,0.17391304347826086
732,4145,0,0,0.002495800150123104,1,91,34,125,0.8196306429548563,0.17391304347826086
733,4177,0,0,0.009435895780784218,1,91,34,125,0.8196306429548563,0.17391304347826086
734,4237,0,0,0.4828897641235399,1,91,34,125,0.8196306429548563,0.17391304347826086
735,4690,0,0,7.4139010990707714e-06,1,91,34,125,0.8196306429548563,0.17391304347826086
736,4722,0,0,4.496459078136549e-06,1,91,34,125,0.822854482575153,0.17391304347826086
737,4751,0,0,0.00017475052314235636,1,91,34,125,0.822854482575153,0.17391304347826086
738,4907,0,0,5.2215520454864516e-06,1,91,34,125,0.822854482575153,0.17391304347826086
739,804,1,0,0.11430508922445556,1,92,34,126,0.8160510715914273,0.16666666666666666
740,2121,1,0,0.00022564684863778822,1,93,34,127,0.8092441266598569,0.16
741,2597,0,0,1.5945722761530046e-06,1,93,34,127,0.8092441266598569,0.16
742,2779,0,0,0.003822162826402704,1,93,34,127,0.8092441266598569,0.16
743,3035,0,0,0.0002080658977372562,1,93,34,127,0.8092441266598569,0.16
744,3155,0,0,0.00013628263166376038,1,93,34,127,0.8092441266598569,0.16
745,3226,0,0,0.00039356401161912477,1,93,34,127,0.8124715002279982,0.16
746,3323,0,0,2.117498527062579e-06,1,93,34,127,0.8124715002279982,0.16
747,3448,0,0,0.0034078900868571935,1,93,34,127,0.8124715002279982,0.16
748,3942,0,0,6.991428498000315e-06,1,93,34,127,0.8124715002279982,0.16
749,4163,0,0,0.006364790186811819,1,93,34,127,0.8124715002279982,0.16
750,4268,0,0,0.006110568327450748,1,93,34,127,0.815708965150306,0.16
751,4294,0,0,2.7081263957392013e-05,1,93,34,127,0.815708965150306,0.16
752,4307,0,0,0.0003677115889160935,1,93,34,127,0.815708965150306,0.16
753,4343,0,0,0.0019362370297138468,1,93,34,127,0.815708965150306,0.16
754,4443,0,0,0.00877058432647095,1,93,34,127,0.815708965150306,0.16
755,4473,0,0,0.0004912953329305295,1,93,34,127,0.815708965150306,0.16
756,4685,0,0,0.0010602574006326586,1,93,34,127,0.815708965150306,0.16
757,4805,0,0,0.00015317056933924366,1,93,34,127,0.815708965150306,0.16
758,310,1,0,0.053283468000020755,1,94,34,128,0.8088919288645691,0.15384615384615385
759,1720,1,0,5.714448821553951e-06,1,95,34,129,0.802073544433095,0.14814814814814814
760,2601,0,0,2.7006248179721966e-06,1,95,34,129,0.802073544433095,0.14814814814814814
761,2621,0,0,0.0002199153565909385,1,95,34,129,0.802073544433095,0.14814814814814814
762,2644,0,0,0.0007411071529405001,1,95,34,129,0.802073544433095,0.14814814814814814
763,2857,0,0,0.041170166690804796,1,95,34,129,0.802073544433095,0.14814814814814814
764,2905,0,0,0.015133144174796163,1,95,34,129,0.802073544433095,0.14814814814814814
765,3069,0,0,0.12281033155430886,1,95,34,129,0.802073544433095,0.14814814814814814
766,3075,0,0,0.0013838006416435791,1,95,34,129,0.802073544433095,0.14814814814814814
767,3408,0,0,0.0004997216638053047,1,95,34,129,0.802073544433095,0.14814814814814814
768,3542,0,0,0.012878024170592153,1,95,34,129,0.8053123575011399,0.14814814814814814
769,3551,0,0,0.0010004225174725593,1,95,34,129,0.808563447725459,0.14814814814814814
770,3617,0,0,0.0006146430798979007,1,95,34,129,0.808563447725459,0.14814814814814814
771,4104,0,0,3.0992521076111628e-06,1,95,34,129,0.808563447725459,0.14814814814814814
772,4260,0,0,9.885471898725352e-06,1,95,34,129,0.808563447725459,0.14814814814814814
773,4340,0,0,8.227448774964587e-05,1,95,34,129,0.808563447725459,0.14814814814814814
774,4444,0,0,0.0010583243093189683,1,95,34,129,0.808563447725459,0.14814814814814814
775,4732,0,0,0.002871406386083644,1,95,34,129,0.8153937088117398,0.15384615384615385
776,4816,0,0,1.729515749810172e-05,1,95,34,129,0.8222222222222222,0.16
777,418,1,0,0.0004852285207371776,1,96,34,130,0.8142446196462817,0.12
778,1007,1,1,0.9983777894217274,1,96,34,130,0.8222222222222222,0.16
779,1668,1,0,1.7036333806379986e-05,1,97,34,131,0.8222222222222222,0.16
780,1683,1,0,0.10106468992204799,1,98,34,132,0.8142446196462817,0.12
781,1716,1,0,0.004845569504332926,1,99,34,133,0.8059755742948531,0.08
782,1944,1,0,1.617909967038407e-05,1,100,34,134,0.7989843028624192,0.07692307692307693
783,2141,1,0,0.0004660053497600262,1,101,34,135,0.792,0.07407407407407407
784,2874,0,0,0.0006955939872126211,1,101,34,135,0.792,0.07407407407407407
785,2980,0,0,0.00021496475204866948,1,101,34,135,0.792,0.07407407407407407
786,3032,0,1,0.5119952337115569,1,101,35,136,0.792,0.07407407407407407
787,3117,0,0,0.00040880503776339586,1,101,35,136,0.7949818879181761,0.07407407407407407
788,3223,0,0,0.0001483667619959587,1,101,35,136,0.7949818879181761,0.07407407407407407
789,3279,0,0,3.593834808860967e-06,1,101,35,136,0.7949818879181761,0.07407407407407407
790,3463,0,1,0.8828400110005528,1,101,36,137,0.792,0.07407407407407407
791,3572,0,0,0.00203646405080458,1,101,36,137,0.792,0.07407407407407407
792,3595,0,0,0.015540026507203127,1,101,36,137,0.792,0.07407407407407407
793,3649,0,1,0.717419637522169,1,101,37,138,0.789020313880019,0.07407407407407407
794,3734,0,0,3.5645585416244314e-06,1,101,37,138,0.789020313880019,0.07407407407407407
795,3764,0,0,0.00022701542993529514,1,101,37,138,0.792,0.07407407407407407
796,3772,0,0,7.105542556911054e-05,1,101,37,138,0.792,0.07407407407407407
797,4063,0,0,0.0012066388591231905,1,101,37,138,0.792,0.07407407407407407
798,4080,0,0,2.1294326615502225e-06,1,101,37,138,0.792,0.07407407407407407
799,4087,0,0,0.04035151945572791,1,101,37,138,0.792,0.07407407407407407
800,4126,0,0,0.0009825641719730918,1,101,37,138,0.7989843028624192,0.07692307692307693
801,4249,0,0,0.002770421453797748,1,101,37,138,0.8059755742948531,0.08
802,4254,0,0,0.0001996810780688888,1,101,37,138,0.8129729729729729,0.08333333333333333
803,4255,0,0,9.743863520385054e-06,1,101,37,138,0.8129729729729729,0.08333333333333333
804,4362,0,0,0.014985519715309942,1,101,37,138,0.8129729729729729,0.08333333333333333
805,4588,0,0,6.845847726204949e-05,1,101,37,138,0.8129729729729729,0.08333333333333333
806,4601,0,1,0.9810155718408896,1,101,38,139,0.8099796452457109,0.08333333333333333
807,4661,0,0,0.022933700296953383,1,101,38,139,0.8099796452457109,0.08333333333333333
808,4740,0,0,0.00019465861426851713,1,101,38,139,0.8129729729729729,0.08333333333333333
809,4845,0,0,0.0013612691095634694,1,101,38,139,0.8129729729729729,0.08333333333333333
810,191,1,0,4.543382542874051e-05,1,102,38,140,0.8059755742948531,0.08
811,329,1,0,0.006998373371226755,1,103,38,141,0.7989843028624192,0.07692307692307693
812,471,1,0,0.0010584971016378245,1,104,38,142,0.792,0.07407407407407407
813,852,1,0,0.006998374242941584,1,105,38,143,0.7880000000000001,0.07142857142857142
814,1397,1,0,0.006998371564687955,1,106,38,144,0.7810265643046403,0.06896551724137931
815,1722,1,1,0.983773765680657,1,106,38,144,0.7828349944629014,0.1
816,2360,1,0,0.0006738252653653257,1,107,38,145,0.7759397344228804,0.0967741935483871
817,2489,1,0,0.006998372884730183,1,108,38,146,0.7690516431924884,0.09375
818,2507,0,0,0.0009416681221596379,1,108,38,146,0.7690516431924884,0.09375
819,2583,0,0,0.0008965838358977163,1,108,38,146,0.7690516431924884,0.09375
820,2593,0,0,0.0004100103025539761,1,108,38,146,0.7690516431924884,0.09375
821,2596,0,0,0.0052095149466324315,1,108,38,146,0.7690516431924884,0.09375
822,2687,0,0,4.923300943184236e-06,1,108,38,146,0.7690516431924884,0.09375
823,2741,0,0,0.0006070200086650857,1,108,38,146,0.7690516431924884,0.09375
824,2754,0,0,2.232897596973312e-06,1,108,38,146,0.7690516431924884,0.09375
825,2800,0,0,0.0004572212539590216,1,108,38,146,0.7690516431924884,0.09375
826,2930,0,0,0.00017126629833444365,1,108,38,146,0.7690516431924884,0.09375
827,2948,0,0,0.0003590863869805167,1,108,38,146,0.7690516431924884,0.09375
828,3166,0,0,0.0004219574325269738,1,108,38,146,0.7690516431924884,0.09375
829,3178,0,0,0.0014334452374840602,1,108,38,146,0.7690516431924884,0.09375
830,3273,0,0,0.0004745236600396769,1,108,38,146,0.7690516431924884,0.09375
831,3324,0,0,0.0006177220048519859,1,108,38,146,0.7690516431924884,0.09375
832,3439,0,0,0.00031183647850677095,1,108,38,146,0.7690516431924884,0.09375
833,3492,0,0,0.04614993271439658,1,108,38,146,0.7690516431924884,0.09375
834,3568,0,0,0.00016371958676990124,1,108,38,146,0.7690516431924884,0.09375
835,3657,0,0,0.00860804513420032,1,108,38,146,0.7690516431924884,0.09375
836,3692,0,0,0.006318966859498261,1,108,38,146,0.7690516431924884,0.09375
837,3738,0,0,0.00015728229025531194,1,108,38,146,0.7690516431924884,0.09375
838,3926,0,1,0.8465636542643425,1,108,39,147,0.7728356807511737,0.0967741935483871
839,4049,0,0,0.001391332975256933,1,108,39,147,0.7797242083758937,0.1
840,4053,0,0,0.0039036165113887993,1,108,39,147,0.7866191127613835,0.10344827586206896
841,4064,0,0,0.1021279409686476,1,108,39,147,0.7850234390923296,0.07142857142857142
842,4173,0,0,0.0029691964574862055,1,108,39,147,0.792,0.07407407407407407
843,4313,0,0,2.9980424027439925e-05,1,108,39,147,0.7989843028624192,0.07692307692307693
844,4438,0,0,0.00012824199383550155,1,108,39,147,0.8059755742948531,0.08
845,4476,0,0,9.636693172470883e-06,1,108,39,147,0.8129729729729729,0.08333333333333333
846,4621,0,0,0.0002258380786882664,1,108,39,147,0.8199755799755799,0.08695652173913043
847,4626,0,0,0.0880980384271198,1,108,39,147,0.8269823874755382,0.09090909090909091
848,4655,0,0,0.00016404667787733745,1,108,39,147,0.8269823874755382,0.09090909090909091
849,4698,0,0,0.008141381468389693,1,108,39,147,0.8269823874755382,0.09090909090909091
850,4714,0,0,0.00043441348734458366,1,108,39,147,0.8269823874755382,0.09090909090909091
851,4930,0,0,0.001239561139694876,1,108,39,147,0.8269823874755382,0.09090909090909091
852,4998,0,0,0.0008870239151049866,1,108,39,147,0.8269823874755382,0.09090909090909091
853,18,1,0,0.0003040674786543902,1,109,39,148,0.8199755799755799,0.08695652173913043
854,409,1,0,4.063533285325162e-08,1,110,39,149,0.8129729729729729,0.08333333333333333
855,2580,0,0,0.0005522912027760329,1,110,39,149,0.8129729729729729,0.08333333333333333
856,2773,0,0,0.3972642146494482,1,110,39,149,0.8129729729729729,0.08333333333333333
857,2802,0,0,0.00030292589749045864,1,110,39,149,0.8129729729729729,0.08333333333333333
858,2824,0,0,0.0008964176400667491,1,110,39,149,0.8129729729729729,0.08333333333333333
859,3005,0,0,0.0024628385736766246,1,110,39,149,0.8129729729729729,0.08333333333333333
860,3011,0,1,0.948744465775631,1,110,40,150,0.8099796452457109,0.08333333333333333
861,3021,0,0,0.00884932961302899,1,110,40,150,0.8099796452457109,0.08333333333333333
862,3464,0,0,0.00048579259844513874,1,110,40,150,0.8099796452457109,0.08333333333333333
863,3502,0,0,0.010466252391362021,1,110,40,150,0.8129729729729729,0.08333333333333333
864,3589,0,0,0.00010969075755269579,1,110,40,150,0.8159706959706959,0.08333333333333333
865,3659,0,0,0.0002357157158168455,1,110,40,150,0.8159706959706959,0.08333333333333333
866,3817,0,0,0.0002794456147584678,1,110,40,150,0.8159706959706959,0.08333333333333333
867,3842,0,0,0.00022875425564117109,1,110,40,150,0.8159706959706959,0.08333333333333333
868,3874,0,0,0.00046111941361036293,1,110,40,150,0.8159706959706959,0.08333333333333333
869,3883,0,1,0.9562623557348255,1,110,41,151,0.8129729729729729,0.08333333333333333
870,3930,0,0,0.05820538331042901,1,110,41,151,0.8129729729729729,0.08333333333333333
871,3956,0,0,0.00011127102619383317,1,110,41,151,0.8129729729729729,0.08333333333333333
872,4030,0,0,2.8878312066923257e-05,1,110,41,151,0.8199755799755799,0.08695652173913043
873,4047,0,1,0.5364639029310649,1,110,42,152,0.823980463980464,0.09090909090909091
874,4152,0,0,0.0013608502098271572,1,110,42,152,0.823980463980464,0.09090909090909091
875,4341,0,0,1.8842295135336916e-05,1,110,42,152,0.823980463980464,0.09090909090909091
876,4348,0,0,0.010970892986517594,1,110,42,152,0.823980463980464,0.09090909090909091
877,4466,0,0,0.02934201301953942,1,110,42,152,0.823980463980464,0.09090909090909091
878,4487,0,0,0.00032551808848547487,1,110,42,152,0.823980463980464,0.09090909090909091
879,4521,0,0,0.0024403594814636992,1,110,42,152,0.8269823874755382,0.09090909090909091
880,4695,0,0,0.0005538839883661586,1,110,42,152,0.8269823874755382,0.09090909090909091
881,4841,0,0,0.006671897255825678,1,110,42,152,0.8269823874755382,0.09090909090909091
882,739,1,0,0.003483950520370608,1,111,42,153,0.8199755799755799,0.08695652173913043
883,1434,1,0,0.060223141232576854,1,112,42,154,0.8129729729729729,0.08333333333333333
884,1657,1,1,0.6477868051970226,1,112,42,154,0.8142446196462817,0.12
885,2523,0,0,0.0002037501860437435,1,112,42,154,0.8142446196462817,0.12
886,2725,0,0,2.2650480616825585e-05,1,112,42,154,0.8142446196462817,0.12
887,2768,0,0,0.00034743655766272146,1,112,42,154,0.8142446196462817,0.12
888,2893,0,0,0.0002935304753610809,1,112,42,154,0.8142446196462817,0.12
889,3256,0,0,0.00046202326765949514,1,112,42,154,0.8142446196462817,0.12
890,3288,0,0,0.0004315423783353939,1,112,42,154,0.8142446196462817,0.12
891,3342,0,0,0.08679071095386903,1,112,42,154,0.8142446196462817,0.12
892,3382,0,0,0.011279509473533638,1,112,42,154,0.8142446196462817,0.12
893,3449,0,0,1.831544462064997e-05,1,112,42,154,0.8173887758069206,0.12
894,3470,0,0,0.0009147494209957636,1,112,42,154,0.8243079443079444,0.125
895,3645,0,0,0.006039142327785939,1,112,42,154,0.8243079443079444,0.125
896,3670,0,0,0.00030056365001791244,1,112,42,154,0.8243079443079444,0.125
897,3763,0,0,7.275684169736879e-06,1,112,42,154,0.8243079443079444,0.125
898,3993,0,0,0.25568497806802604,1,112,42,154,0.8243079443079444,0.125
899,4073,0,0,0.06335587387029398,1,112,42,154,0.8243079443079444,0.125
900,4186,0,0,0.0015772847602171162,1,112,42,154,0.8243079443079444,0.125
901,4274,0,0,0.0005019012820026055,1,112,42,154,0.8243079443079444,0.125
902,4419,0,0,0.00042987625000885996,1,112,42,154,0.8243079443079444,0.125
903,4439,0,0,0.0001190533016137841,1,112,42,154,0.8243079443079444,0.125
904,4489,0,0,1.152202398493782e-05,1,112,42,154,0.8243079443079444,0.125
905,4524,0,0,0.0037839698589786238,1,112,42,154,0.8243079443079444,0.125
906,4555,0,0,0.0002352519662566564,1,112,42,154,0.8243079443079444,0.125
907,4582,0,0,0.0004199959292243947,1,112,42,154,0.8243079443079444,0.125
908,4774,0,0,0.008941820709310206,1,112,42,154,0.8243079443079444,0.125
909,4792,0,0,0.0004014348696628828,1,112,42,154,0.8243079443079444,0.125
910,4855,0,0,0.028194824583366935,1,112,42,154,0.8243079443079444,0.125
911,544,1,0,0.0005809904519046546,1,113,42,155,0.8173887758069206,0.12
912,876,1,1,0.9025108116174138,1,113,42,155,0.8186666666666667,0.15384615384615385
913,2522,0,0,0.0013958478603876615,1,113,42,155,0.8186666666666667,0.15384615384615385
914,2551,0,0,0.00014488838893681507,1,113,42,155,0.8186666666666667,0.15384615384615385
915,2637,0,0,0.0001650525724672889,1,113,42,155,0.8186666666666667,0.15384615384615385
916,2688,0,0,2.028903652636272e-05,1,113,42,155,0.8186666666666667,0.15384615384615385
917,2739,0,0,0.0009301949760206018,1,113,42,155,0.8219575253924285,0.15384615384615385
918,2817,0,0,0.0005947555895911365,1,113,42,155,0.8219575253924285,0.15384615384615385
919,2952,0,0,1.2487267964990977e-05,1,113,42,155,0.8219575253924285,0.15384615384615385
920,3015,0,0,0.0009862474835649322,1,113,42,155,0.8219575253924285,0.15384615384615385
921,3020,0,0,0.0001771216645065864,1,113,42,155,0.8252689735388193,0.15384615384615385
922,3056,0,0,0.010572193274729092,1,113,42,155,0.8252689735388193,0.15384615384615385
923,3141,0,0,0.00013546951660185002,1,113,42,155,0.8252689735388193,0.15384615384615385
924,3225,0,1,0.8006271833560406,1,113,43,156,0.8219575253924285,0.15384615384615385
925,3248,0,0,0.0008517803035900227,1,113,43,156,0.8219575253924285,0.15384615384615385
926,3317,0,0,0.00017148785050941892,1,113,43,156,0.8219575253924285,0.15384615384615385
927,3444,0,1,0.9403839722083778,1,113,44,157,0.8186666666666667,0.15384615384615385
928,3453,0,0,0.00017235992168761945,1,113,44,157,0.8186666666666667,0.15384615384615385
929,3456,0,0,0.00013444145900122885,1,113,44,157,0.8186666666666667,0.15384615384615385
930,3482,0,0,0.0021948657950645284,1,113,44,157,0.8186666666666667,0.15384615384615385
931,3510,0,0,0.000249139967356557,1,113,44,157,0.8186666666666667,0.15384615384615385
932,3683,0,1,0.9782090757426688,1,113,45,158,0.8153937088117398,0.15384615384615385
933,3684,0,0,8.240999167302358e-06,1,113,45,158,0.8153937088117398,0.15384615384615385
934,3786,0,0,0.00013649366086189451,1,113,45,158,0.8153937088117398,0.15384615384615385
935,3843,0,0,0.00011195895298821893,1,113,45,158,0.8153937088117398,0.15384615384615385
936,3983,0,0,0.0031915800838921583,1,113,45,158,0.8153937088117398,0.15384615384615385
937,3991,0,0,0.00020921069769649887,1,113,45,158,0.8153937088117398,0.15384615384615385
938,4135,0,0,4.521250983237724e-06,1,113,45,158,0.8153937088117398,0.15384615384615385
939,4197,0,0,1.4781852508507628e-05,1,113,45,158,0.8222222222222222,0.16
940,4233,0,1,0.9676690331217352,1,113,46,159,0.8257777777777778,0.16666666666666666
941,4356,0,0,0.00046134574048414416,1,113,46,159,0.8257777777777778,0.16666666666666666
942,4387,0,0,0.0007138248834734412,1,113,46,159,0.8257777777777778,0.16666666666666666
943,4518,0,0,0.0022223505616182364,1,113,46,159,0.8257777777777778,0.16666666666666666
944,4543,0,0,0.005326134396268577,1,113,46,159,0.8257777777777778,0.16666666666666666
945,4561,0,0,0.00315875612699642,1,113,46,159,0.8257777777777778,0.16666666666666666
946,4643,0,0,1.162987012777306e-06,1,113,46,159,0.8257777777777778,0.16666666666666666
947,4706,0,0,0.0026904185004589113,1,113,46,159,0.8257777777777778,0.16666666666666666
948,4715,0,0,0.01868125975997279,1,113,46,159,0.8257777777777778,0.16666666666666666
949,4772,0,0,0.0009260886596115079,1,113,46,159,0.8257777777777778,0.16666666666666666
950,4821,0,0,0.004244796421373277,1,113,46,159,0.8257777777777778,0.16666666666666666
951,4824,0,0,6.6511740921080335e-06,1,113,46,159,0.8257777777777778,0.16666666666666666
952,4890,0,0,4.799401363086318e-06,1,113,46,159,0.8257777777777778,0.16666666666666666
953,4913,0,0,6.193630541529006e-05,1,113,46,159,0.8257777777777778,0.16666666666666666
954,90,1,0,0.002495458799959189,1,114,46,160,0.8189584890277871,0.16
955,1977,1,0,2.4950247675666265e-05,1,115,46,161,0.8121362064378824,0.15384615384615385
956,2563,0,0,0.00016129855502871178,1,115,46,161,0.8121362064378824,0.15384615384615385
957,2569,0,0,0.0008900014993182287,1,115,46,161,0.8121362064378824,0.15384615384615385
958,2642,0,0,0.0034447657487975156,1,115,46,161,0.8189584890277871,0.16
959,2659,0,0,0.0004438208020554549,1,115,46,161,0.8257777777777778,0.16666666666666666
960,2693,0,0,0.0001607886739441382,1,115,46,161,0.8257777777777778,0.16666666666666666
961,2709,0,0,0.0015084328167036044,1,115,46,161,0.8257777777777778,0.16666666666666666
962,2729,0,0,0.002387801082542079,1,115,46,161,0.8257777777777778,0.16666666666666666
963,2738,0,0,0.00018382708349675965,1,115,46,161,0.8257777777777778,0.16666666666666666
964,2756,0,0,0.021762839995478286,1,115,46,161,0.8257777777777778,0.16666666666666666
965,2928,0,0,0.20996860909085843,1,115,46,161,0.8257777777777778,0.16666666666666666
966,3001,0,0,0.0010971018789661107,1,115,46,161,0.8257777777777778,0.16666666666666666
967,3023,0,0,0.00014353737095533934,1,115,46,161,0.8257777777777778,0.16666666666666666
968,3029,0,0,9.378746519650581e-06,1,115,46,161,0.8257777777777778,0.16666666666666666
969,3036,0,0,2.5157509682661497e-06,1,115,46,161,0.8257777777777778,0.16666666666666666
970,3059,0,0,0.005670077194280479,1,115,46,161,0.8257777777777778,0.16666666666666666
971,3184,0,0,0.0025926346152351305,1,115,46,161,0.8257777777777778,0.16666666666666666
972,3296,0,0,3.2459409220711674e-05,1,115,46,161,0.8257777777777778,0.16666666666666666
973,3307,0,0,0.0001582712989701674,1,115,46,161,0.8257777777777778,0.16666666666666666
974,3315,0,0,5.054569614333732e-05,1,115,46,161,0.8257777777777778,0.16666666666666666
975,3331,0,0,0.0014455088885882645,1,115,46,161,0.8257777777777778,0.16666666666666666
976,3367,0,0,0.0028193955016550575,1,115,46,161,0.8257777777777778,0.16666666666666666
977,3381,0,0,0.005252600553432664,1,115,46,161,0.8325925136728461,0.17391304347826086
978,3389,0,0,0.002110909076541318,1,115,46,161,0.8318323281959646,0.13636363636363635
979,3411,0,0,0.0012247726633825792,1,115,46,161,0.8387362637362636,0.14285714285714285
980,3440,0,0,0.0010569736852075727,1,115,46,161,0.8456360078277886,0.15
981,3447,0,0,0.001019957225053586,1,115,46,161,0.8525297332047573,0.15789473684210525
982,3489,0,0,3.901702771646157e-05,1,115,46,161,0.8594154074808026,0.16666666666666666
983,3556,0,0,3.843525563530187e-05,1,115,46,161,0.8662907608695654,0.17647058823529413
984,3588,0,0,0.001160004812904355,1,115,46,161,0.8662907608695654,0.17647058823529413
985,3625,0,0,0.00012397644438359267,1,115,46,161,0.8662907608695654,0.17647058823529413
986,3630,0,0,2.178706700655362e-05,1,115,46,161,0.8694597429845266,0.17647058823529413
987,3697,0,0,0.00015353327581878342,1,115,46,161,0.8694597429845266,0.17647058823529413
988,3803,0,0,0.0018170596099255862,1,115,46,161,0.8694597429845266,0.17647058823529413
989,3823,0,0,0.004189185278194869,1,115,46,161,0.8694597429845266,0.17647058823529413
990,3826,0,0,0.00043106797277113235,1,115,46,161,0.8726486486486487,0.17647058823529413
991,3872,0,0,0.0006213664463862289,1,115,46,161,0.8726486486486487,0.17647058823529413
992,3901,0,0,0.00017427276366931927,1,115,46,161,0.8726486486486487,0.17647058823529413
993,3920,0,0,0.0009423665122679153,1,115,46,161,0.875861139511107,0.17647058823529413
994,3979,0,1,0.709943755092181,1,115,47,162,0.8726486486486487,0.17647058823529413
995,3990,0,0,0.0009798354520398399,1,115,47,162,0.8726486486486487,0.17647058823529413
996,4055,0,1,0.7180687570539532,1,115,48,163,0.8694597429845266,0.17647058823529413
997,4100,0,0,4.1210737489337476e-05,1,115,48,163,0.8694597429845266,0.17647058823529413
998,4168,0,0,0.00022378135216040621,1,115,48,163,0.8694597429845266,0.17647058823529413
999,4169,0,1,0.589557113380325,1,115,49,164,0.8662907608695654,0.17647058823529413
1000,4175,0,0,0.00025047983260809517,1,115,49,164,0.8662907608695654,0.17647058823529413
1001,4182,0,0,0.0007658232435121925,1,115,49,164,0.8662907608695654,0.17647058823529413
1002,4226,0,1,0.9639795056187157,1,115,50,165,0.8631384691602676,0.17647058823529413
1003,4263,0,0,0.0002982621379615117,1,115,50,165,0.8631384691602676,0.17647058823529413
1004,4275,0,0,0.0011274930384698983,1,115,50,165,0.8631384691602676,0.17647058823529413
1005,4393,0,0,0.00011659696178300033,1,115,50,165,0.8631384691602676,0.17647058823529413
1006,4434,0,0,2.875410860810524e-06,1,115,50,165,0.8662907608695654,0.17647058823529413
1007,4600,0,0,0.0017179544160843142,1,115,50,165,0.8662907608695654,0.17647058823529413
1008,4611,0,0,8.637073551160988e-06,1,115,50,165,0.8662907608695654,0.17647058823529413
1009,4707,0,0,0.0003373534055967764,1,115,50,165,0.8662907608695654,0.17647058823529413
1010,4766,0,0,0.0002302676234371407,1,115,50,165,0.8731532476615088,0.1875
1011,4767,0,0,0.00028604652542300483,1,115,50,165,0.88,0.2
1012,4806,0,1,0.6376882872083207,1,115,51,166,0.8836756756756757,0.21428571428571427
1013,4850,0,1,0.9656813075881503,1,115,52,167,0.8873513513513513,0.23076923076923078
1014,4965,0,0,0.0960446636013847,1,115,52,167,0.8941388604888929,0.25
1015,4994,0,0,7.054516174911793e-05,1,115,52,167,0.8948773706682553,0.18181818181818182
1016,4995,0,0,0.00011605373064887798,1,115,52,167,0.9018099547511312,0.2
1017,62,1,1,0.9997422624972258,1,115,52,167,0.9076258564194221,0.3
1018,2645,0,0,0.0009476516134297894,1,115,52,167,0.9076258564194221,0.3
1019,2723,0,0,0.015062676417673471,1,115,52,167,0.9076258564194221,0.3
1020,2789,0,0,0.000196843306914513,1,115,52,167,0.9076258564194221,0.3
1021,2859,0,0,0.00011798588882627757,1,115,52,167,0.9076258564194221,0.3
1022,2906,0,1,0.7525961843161064,1,115,53,168,0.904531490015361,0.3
1023,2956,0,0,2.135792843485967e-05,1,115,53,168,0.904531490015361,0.3
1024,3018,0,0,0.004385015357326741,1,115,53,168,0.904531490015361,0.3
1025,3316,0,0,0.0018021120978773276,1,115,53,168,0.904531490015361,0.3
1026,3378,0,0,1.147815562353778e-05,1,115,53,168,0.904531490015361,0.3
1027,3400,0,0,0.0005001119384214753,1,115,53,168,0.904531490015361,0.3
1028,3708,0,1,0.7380701754588875,1,115,54,169,0.9014499488800074,0.3
1029,3792,0,0,0.0021751595718438746,1,115,54,169,0.9014499488800074,0.3
1030,3887,0,0,0.00011201436455706928,1,115,54,169,0.9014499488800074,0.3
1031,3916,0,0,0.004948257070502632,1,115,54,169,0.9014499488800074,0.3
1032,3924,0,0,0.0047564237995341395,1,115,54,169,0.9014499488800074,0.3
1033,3948,0,0,0.04564536873670372,1,115,54,169,0.9014499488800074,0.3
1034,3949,0,0,0.10958020502371477,1,115,54,169,0.9014499488800074,0.3
1035,3978,0,0,0.0011153893650977487,1,115,54,169,0.9014499488800074,0.3
1036,4070,0,0,0.00016492651877359938,1,115,54,169,0.9014499488800074,0.3
1037,4146,0,0,0.0009678454808814544,1,115,54,169,0.9014499488800074,0.3
1038,4162,0,0,8.022443928092051e-05,1,115,54,169,0.904531490015361,0.3
1039,4225,0,0,0.00036330792338902675,1,115,54,169,0.904531490015361,0.3
1040,4261,0,0,8.862072624313153e-06,1,115,54,169,0.904531490015361,0.3
1041,4270,0,0,0.0004728817608731866,1,115,54,169,0.904531490015361,0.3
1042,4530,0,0,0.001580440942590125,1,115,54,169,0.904531490015361,0.3
1043,4615,0,0,0.0018419524461408224,1,115,54,169,0.904531490015361,0.3
1044,4670,0,0,1.2573708853675727e-05,1,115,54,169,0.904531490015361,0.3
1045,4700,0,0,4.805428373946062e-05,1,115,54,169,0.904531490015361,0.3
1046,4735,0,0,4.936994450355145e-06,1,115,54,169,0.904531490015361,0.3
1047,4742,0,0,0.00303033611926536,1,115,54,169,0.904531490015361,0.3
1048,4748,0,0,0.0004388923990817715,1,115,54,169,0.904531490015361,0.3
1049,4811,0,0,4.25008352301311e-06,1,115,54,169,0.904531490015361,0.3
1050,4917,0,0,0.0007171640750129045,1,115,54,169,0.904531490015361,0.3
1051,4945,0,0,0.0001724619907526299,1,115,54,169,0.904531490015361,0.3
1052,537,1,0,5.312889777956548e-05,1,116,54,170,0.8977944046844503,0.2727272727272727
1053,883,1,0,2.7748524982952946e-05,1,117,54,171,0.8977944046844503,0.2727272727272727
1054,2134,1,0,0.0005803194205301192,1,118,54,172,0.8977944046844503,0.2727272727272727
1055,2324,1,0,0.00010628820616816893,1,119,54,173,0.891027027027027,0.25
1056,2335,1,1,0.9996648267273162,1,119,54,173,0.8902717391304349,0.3076923076923077
1057,2495,1,0,0.47228995306934185,1,120,54,174,0.8836181983320948,0.2857142857142857
1058,2581,0,0,0.0006428459251390144,1,120,54,174,0.8836181983320948,0.2857142857142857
1059,2615,0,0,0.0015606523385859128,1,120,54,174,0.8836181983320948,0.2857142857142857
1060,2776,0,0,0.0675710620190922,1,120,54,174,0.8868478260869566,0.2857142857142857
1061,2811,0,0,0.01032608695007072,1,120,54,174,0.8868478260869566,0.2857142857142857
1062,2861,0,0,0.00033475723876249776,1,120,54,174,0.8868478260869566,0.2857142857142857
1063,2884,0,0,0.0004881636923029055,1,120,54,174,0.8868478260869566,0.2857142857142857
1064,2938,0,0,0.0011185661410459634,1,120,54,174,0.8868478260869566,0.2857142857142857
1065,2942,0,0,0.00013029064229478656,1,120,54,174,0.8868478260869566,0.2857142857142857
1066,3042,0,0,0.021953852846319337,1,120,54,174,0.8868478260869566,0.2857142857142857
1067,3054,0,0,0.00028513881885388633,1,120,54,174,0.8868478260869566,0.2857142857142857
1068,3182,0,0,7.323838398865463e-05,1,120,54,174,0.8868478260869566,0.2857142857142857
1069,3259,0,0,9.904579886377655e-05,1,120,54,174,0.8900970364542355,0.2857142857142857
1070,3269,0,0,0.00016054726540064678,1,120,54,174,0.8900970364542355,0.2857142857142857
1071,3321,0,0,0.0008198845899286297,1,120,54,174,0.8900970364542355,0.2857142857142857
1072,3334,0,0,2.821406016357552e-06,1,120,54,174,0.8900970364542355,0.2857142857142857
1073,3356,0,0,0.0003197091290452478,1,120,54,174,0.8933693693693694,0.2857142857142857
1074,3376,0,0,0.0006885176662374427,1,120,54,174,0.8933693693693694,0.2857142857142857
1075,3505,0,0,0.2658833926253289,1,120,54,174,0.8933693693693694,0.2857142857142857
1076,3632,0,0,8.324805344703254e-05,1,120,54,174,0.8933693693693694,0.2857142857142857
1077,3728,0,0,0.0005631851696216162,1,120,54,174,0.8933693693693694,0.2857142857142857
1078,3853,0,0,0.05106690711594428,1,120,54,174,0.8933693693693694,0.2857142857142857
1079,4038,0,0,0.000514073971736571,1,120,54,174,0.8933693693693694,0.2857142857142857
1080,4184,0,0,0.0026115631637688955,1,120,54,174,0.8933693693693694,0.2857142857142857
1081,4266,0,0,0.0001878509164266883,1,120,54,174,0.8933693693693694,0.2857142857142857
1082,4331,0,1,0.8869400804452964,1,120,55,175,0.8967387387387388,0.3076923076923077
1083,4350,0,0,2.8658411492207908e-05,1,120,55,175,0.9033441769681199,0.3333333333333333
1084,4425,0,0,4.271306444073805e-05,1,120,55,175,0.9040184688710159,0.2727272727272727
1085,4453,0,0,5.128305343486271e-06,1,120,55,175,0.9040184688710159,0.2727272727272727
1086,4454,0,0,0.0007782477746896314,1,120,55,175,0.9040184688710159,0.2727272727272727
1087,4531,0,0,0.00022316125666910328,1,120,55,175,0.9040184688710159,0.2727272727272727
1088,4538,0,0,0.004973218779316307,1,120,55,175,0.9040184688710159,0.2727272727272727
1089,4562,0,0,0.0004671892742990267,1,120,55,175,0.9040184688710159,0.2727272727272727
1090,4597,0,1,0.7281793005179056,1,120,56,176,0.9008986175115209,0.2727272727272727
1091,4709,0,0,0.0006253606623605028,1,120,56,176,0.9008986175115209,0.2727272727272727
1092,4746,0,0,2.0854176644733767e-05,1,120,56,176,0.9008986175115209,0.2727272727272727
1093,4786,0,0,5.4400920671783774e-06,1,120,56,176,0.9008986175115209,0.2727272727272727
1094,217,1,0,8.350523788889161e-08,1,121,56,177,0.8941388604888929,0.25
1095,489,1,0,0.256281615987022,1,122,56,178,0.8873513513513513,0.23076923076923078
1096,553,1,0,0.14552661476920123,1,123,56,179,0.8805402570154734,0.21428571428571427
1097,583,1,0,0.002738363303251129,1,124,56,180,0.8737092391304349,0.2
1098,714,1,1,0.9956690022615233,1,124,56,180,0.8734683381549341,0.25
1099,1119,1,0,0.10203353129592353,1,125,56,181,0.866743639921722,0.23529411764705882
1100,1440,1,1,0.9972623875482517,1,125,56,181,0.8666383739111012,0.2777777777777778
1101,1844,1,0,0.000398886834152826,1,126,56,182,0.86,0.2631578947368421
1102,1881,1,0,0.034331081909686735,1,127,56,183,0.8533418566659564,0.25
1103,2064,1,1,0.9992396366826908,1,127,56,183,0.8534336571777975,0.2857142857142857
1104,2715,0,0,0.00014414402915164472,1,127,56,183,0.8534336571777975,0.2857142857142857
1105,2783,0,0,0.0015940019548720372,1,127,56,183,0.8534336571777975,0.2857142857142857
1106,2834,0,0,0.0012306376342891387,1,127,56,183,0.8534336571777975,0.2857142857142857
1107,2850,0,0,0.0028965193166483215,1,127,56,183,0.8534336571777975,0.2857142857142857
1108,2858,0,1,0.5585299256779619,1,127,57,184,0.85,0.2857142857142857
1109,2969,0,0,0.008342617614072028,1,127,57,184,0.85,0.2857142857142857
1110,2985,0,0,0.33234950242433015,1,127,57,184,0.85,0.2857142857142857
1111,3119,0,0,7.294990758336116e-05,1,127,57,184,0.8565663428222026,0.3
1112,3123,0,0,0.0001697317918734648,1,127,57,184,0.8566581433340436,0.2631578947368421
1113,3134,0,0,2.229435402309533e-05,1,127,57,184,0.8566581433340436,0.2631578947368421
1114,3212,0,0,0.00013898179727005354,1,127,57,184,0.8566581433340436,0.2631578947368421
1115,3284,0,0,0.00010139419707202414,1,127,57,184,0.8566581433340436,0.2631578947368421
1116,3373,0,0,0.001022868923031288,1,127,57,184,0.8566581433340436,0.2631578947368421
1117,3445,0,0,7.857164773984783e-05,1,127,57,184,0.8566581433340436,0.2631578947368421
1118,3512,0,0,0.06676180516226578,1,127,57,184,0.8566581433340436,0.2631578947368421
1119,3937,0,0,9.863529519010765e-05,1,127,57,184,0.8566581433340436,0.2631578947368421
1120,4017,0,0,0.00817589890094603,1,127,57,184,0.8566581433340436,0.2631578947368421
1121,4183,0,0,4.0014053548861356e-05,1,127,57,184,0.8566581433340436,0.2631578947368421
1122,4214,0,0,0.027443414644889485,1,127,57,184,0.8566581433340436,0.2631578947368421
1123,4311,0,0,0.0021581935058234674,1,127,57,184,0.8566581433340436,0.2631578947368421
1124,4372,0,0,8.029252346003459e-06,1,127,57,184,0.86,0.2631578947368421
1125,4436,0,0,0.002535454034237966,1,127,57,184,0.86,0.2631578947368421
1126,4519,0,0,0.0004965226471509267,1,127,57,184,0.86,0.2631578947368421
1127,4554,0,0,0.13394049501994282,1,127,57,184,0.8633616260888988,0.2631578947368421
1128,4691,0,0,0.004658054469549814,1,127,57,184,0.8633616260888988,0.2631578947368421
1129,4694,0,0,0.0006658446896824745,1,127,57,184,0.8633616260888988,0.2631578947368421
1130,4721,0,0,0.46928621827166833,1,127,57,184,0.8633616260888988,0.2631578947368421
1131,4931,0,0,9.521072522272095e-06,1,127,57,184,0.8633616260888988,0.2631578947368421
1132,4976,0,0,5.9956454028293655e-06,1,127,57,184,0.8667460317460318,0.2631578947368421
1133,157,1,0,0.020351019081258317,1,128,57,185,0.8600848782666966,0.25
1134,2533,0,0,0.0022234929194119733,1,128,57,185,0.8600848782666966,0.25
1135,2689,0,0,0.0002924779537006193,1,128,57,185,0.8600848782666966,0.25
1136,2813,0,0,0.00020100365488238852,1,128,57,185,0.8600848782666966,0.25
1137,2899,0,0,4.058424516769485e-06,1,128,57,185,0.8600848782666966,0.25
1138,2994,0,0,0.0009239790594207434,1,128,57,185,0.8600848782666966,0.25
1139,3096,0,0,0.00031505285348518933,1,128,57,185,0.8600848782666966,0.25
1140,3156,0,0,0.08835146800634046,1,128,57,185,0.8634920634920634,0.25
1141,3177,0,0,7.74141510075916e-05,1,128,57,185,0.8634920634920634,0.25
1142,3181,0,0,0.003845398134276515,1,128,57,185,0.8634920634920634,0.25
1143,3186,0,0,3.5493080322961007e-06,1,128,57,185,0.8634920634920634,0.25
1144,3353,0,0,0.00013086293106886977,1,128,57,185,0.8634920634920634,0.25
1145,3430,0,1,0.8341982125484003,1,128,58,186,0.8600848782666966,0.25
1146,3499,0,0,0.0011363597179497597,1,128,58,186,0.8600848782666966,0.25
1147,3586,0,0,0.00023734243306068178,1,128,58,186,0.8600848782666966,0.25
1148,3604,0,0,3.3347646261579247e-06,1,128,58,186,0.8600848782666966,0.25
1149,3623,0,0,0.026308875448233945,1,128,58,186,0.8600848782666966,0.25
1150,3644,0,0,0.001025603634761208,1,128,58,186,0.8600848782666966,0.25
1151,3766,0,1,0.9977970781050995,1,128,59,187,0.8567025298051759,0.25
1152,3816,0,0,0.014075725778397302,1,128,59,187,0.8567025298051759,0.25
1153,3832,0,0,0.042557694275514285,1,128,59,187,0.8567025298051759,0.25
1154,3870,0,0,0.0003032936970521498,1,128,59,187,0.8633616260888988,0.2631578947368421
1155,3969,0,0,0.0006221294432567006,1,128,59,187,0.87,0.2777777777777778
1156,3984,0,0,0.0018301355432957629,1,128,59,187,0.87,0.2777777777777778
1157,4066,0,0,3.779940960833471e-05,1,128,59,187,0.87,0.2777777777777778
1158,4093,0,0,0.00020015708134843305,1,128,59,187,0.87,0.2777777777777778
1159,4109,0,0,0.39258180006542726,1,128,59,187,0.87,0.2777777777777778
1160,4195,0,1,0.9770765332601448,1,128,60,188,0.8666383739111012,0.2777777777777778
1161,4208,0,0,0.00019369273697583328,1,128,60,188,0.8666383739111012,0.2777777777777778
1162,4392,0,0,0.41237188942483755,1,128,60,188,0.8666383739111012,0.2777777777777778
1163,4413,0,0,8.335645022076336e-05,1,128,60,188,0.8666383739111012,0.2777777777777778
1164,4442,0,0,0.0014946717333868646,1,128,60,188,0.8666383739111012,0.2777777777777778
1165,4470,0,0,0.00014731693707857805,1,128,60,188,0.8666383739111012,0.2777777777777778
1166,4658,0,0,0.014802409583146919,1,128,60,188,0.8666383739111012,0.2777777777777778
1167,4662,0,0,0.006003368261617686,1,128,60,188,0.8666383739111012,0.2777777777777778
1168,4799,0,0,1.134048718778054e-05,1,128,60,188,0.8666383739111012,0.2777777777777778
1169,4899,0,0,0.00011785131991456034,1,128,60,188,0.8666383739111012,0.2777777777777778
1170,4923,0,0,0.004203674399917602,1,128,60,188,0.8666383739111012,0.2777777777777778
1171,54,1,0,0.17871619670039154,1,129,60,189,0.86,0.2631578947368421
1172,85,1,0,0.0004089476020336667,1,130,60,190,0.8533418566659564,0.25
1173,1629,1,0,0.04044127239290221,1,131,60,191,0.8466666666666666,0.23809523809523808
1174,2516,0,0,0.0006206362462382264,1,131,60,191,0.8466666666666666,0.23809523809523808
1175,2589,0,0,0.0012539761186540065,1,131,60,191,0.8466666666666666,0.23809523809523808
1176,2681,0,0,4.878133492913232e-06,1,131,60,191,0.8466666666666666,0.23809523809523808
1177,2712,0,0,0.00027196262366550747,1,131,60,191,0.8466666666666666,0.23809523809523808
1178,2777,0,0,0.00012571606387724047,1,131,60,191,0.8466666666666666,0.23809523809523808
1179,2870,0,0,0.00018505753005619333,1,131,60,191,0.8466666666666666,0.23809523809523808
1180,2924,0,0,1.357368369585354e-06,1,131,60,191,0.8466666666666666,0.23809523809523808
1181,2986,0,0,0.0005863720310601628,1,131,60,191,0.8466666666666666,0.23809523809523808
1182,3014,0,0,1.1883774625294753e-05,1,131,60,191,0.8466666666666666,0.23809523809523808
1183,3377,0,0,0.0005460034234875462,1,131,60,191,0.8466666666666666,0.23809523809523808
1184,3420,0,0,0.052921043139500086,1,131,60,191,0.8466666666666666,0.23809523809523808
1185,3472,0,0,0.001052902428479851,1,131,60,191,0.8466666666666666,0.23809523809523808
1186,3491,0,0,6.903503876888565e-05,1,131,60,191,0.8466666666666666,0.23809523809523808
1187,3517,0,0,0.004464141035300142,1,131,60,191,0.8466666666666666,0.23809523809523808
1188,3662,0,0,0.0012698262585736993,1,131,60,191,0.8466666666666666,0.23809523809523808
1189,3674,0,0,0.0007224436808113206,1,131,60,191,0.8466666666666666,0.23809523809523808
1190,3731,0,0,0.0013804374979935361,1,131,60,191,0.8466666666666666,0.23809523809523808
1191,3807,0,0,0.00016204131602375266,1,131,60,191,0.8466666666666666,0.23809523809523808
1192,3813,0,0,0.010349909793121538,1,131,60,191,0.8466666666666666,0.23809523809523808
1193,3862,0,0,0.0016503610302985576,1,131,60,191,0.8466666666666666,0.23809523809523808
1194,4028,0,0,0.0031711509044653552,1,131,60,191,0.8500255699978692,0.23809523809523808
1195,4059,0,0,0.0003010162867173382,1,131,60,191,0.8500255699978692,0.23809523809523808
1196,4213,0,0,7.154497595922256e-07,1,131,60,191,0.8534050596103517,0.23809523809523808
1197,4272,0,0,0.015256782050754708,1,131,60,191,0.8534050596103517,0.23809523809523808
1198,4298,0,0,0.00014240363500360017,1,131,60,191,0.8534050596103517,0.23809523809523808
1199,4378,0,0,0.0720820889899767,1,131,60,191,0.8568081304444941,0.23809523809523808
1200,4595,0,0,0.0015322179698228826,1,131,60,191,0.8568081304444941,0.23809523809523808
1201,4654,0,0,0.012627514744055131,1,131,60,191,0.8568081304444941,0.23809523809523808
1202,4664,0,0,7.993055512592749e-06,1,131,60,191,0.8602380952380954,0.23809523809523808
1203,4761,0,0,0.0013931702565617566,1,131,60,191,0.8602380952380954,0.23809523809523808
1204,4782,0,0,0.0007496121289626042,1,131,60,191,0.8602380952380954,0.23809523809523808
1205,4832,0,0,0.0007497763554977577,1,131,60,191,0.8602380952380954,0.23809523809523808
1206,2014,1,0,2.5253380119162184e-05,1,132,60,192,0.8535313826222917,0.22727272727272727
1207,2244,1,1,0.9971885302236547,1,132,60,192,0.8541934796505433,0.2608695652173913
1208,2611,0,0,0.04343208019318413,1,132,60,192,0.8541934796505433,0.2608695652173913
1209,2671,0,0,0.00797979097550002,1,132,60,192,0.8541934796505433,0.2608695652173913
1210,2828,0,0,0.0006178947470582835,1,132,60,192,0.8541934796505433,0.2608695652173913
1211,2971,0,0,0.000300195765602825,1,132,60,192,0.8541934796505433,0.2608695652173913
1212,3009,0,0,0.0013612840411390496,1,132,60,192,0.857752253562082,0.2608695652173913
1213,3203,0,0,0.00012748880115600935,1,132,60,192,0.8613468840741568,0.2608695652173913
1214,3272,0,0,3.244942509586228e-06,1,132,60,192,0.8613468840741568,0.2608695652173913
1215,3358,0,0,0.0014272961391745336,1,132,60,192,0.8613468840741568,0.2608695652173913
1216,3391,0,0,0.003462114873037206,1,132,60,192,0.8613468840741568,0.2608695652173913
1217,3476,0,0,0.0016920848295129047,1,132,60,192,0.8604696673189822,0.22727272727272727
1218,3585,0,0,0.0006828152366067297,1,132,60,192,0.8604696673189822,0.22727272727272727
1219,3693,0,0,0.002354162150433338,1,132,60,192,0.8604696673189822,0.22727272727272727
1220,3741,0,0,1.3476552923115688e-06,1,132,60,192,0.8604696673189822,0.22727272727272727
1221,3910,0,0,1.597230514385595e-05,1,132,60,192,0.8604696673189822,0.22727272727272727
1222,4132,0,0,0.0017615462549600489,1,132,60,192,0.8639922854387657,0.22727272727272727
1223,4257,0,1,0.9981561293245587,1,132,61,193,0.8604696673189822,0.22727272727272727
1224,4269,0,0,0.020144769335622707,1,132,61,193,0.8604696673189822,0.22727272727272727
1225,4386,0,0,0.00012652726024735495,1,132,61,193,0.8604696673189822,0.22727272727272727
1226,4395,0,0,0.0015301981351926884,1,132,61,193,0.8604696673189822,0.22727272727272727
1227,4465,0,0,0.33826125954766073,1,132,61,193,0.8604696673189822,0.22727272727272727
1228,4469,0,0,0.0053938111016724796,1,132,61,193,0.8639922854387657,0.22727272727272727
1229,4609,0,0,0.0017869184788806935,1,132,61,193,0.8639922854387657,0.22727272727272727
1230,4663,0,0,0.00037091133118987487,1,132,61,193,0.8639922854387657,0.22727272727272727
1231,4678,0,0,0.0004784760155563914,1,132,61,193,0.8639922854387657,0.22727272727272727
1232,4929,0,0,1.924338295098348e-07,1,132,61,193,0.8639922854387657,0.22727272727272727
1233,4934,0,0,7.105397994015108e-06,1,132,61,193,0.8639922854387657,0.22727272727272727
1234,4941,0,0,1.8295771356628943e-06,1,132,61,193,0.8639922854387657,0.22727272727272727
1235,4952,0,0,8.11599195831504e-06,1,132,61,193,0.8639922854387657,0.22727272727272727
1236,4954,0,0,0.0012843899130819234,1,132,61,193,0.8639922854387657,0.22727272727272727
1237,4979,0,0,0.4605462102425685,1,132,61,193,0.8639922854387657,0.22727272727272727
1238,1088,1,0,0.022568644036090497,1,133,61,194,0.8572407045009786,0.21739130434782608
1239,2252,1,0,0.004527025719483558,1,134,61,195,0.8504761904761905,0.20833333333333334
1240,2513,0,0,1.2269882250060201e-05,1,134,61,195,0.8504761904761905,0.20833333333333334
1241,2620,0,0,0.0019863764943950364,1,134,61,195,0.8504761904761905,0.20833333333333334
1242,2651,0,0,0.0005222688047709803,1,134,61,195,0.8504761904761905,0.20833333333333334
1243,2654,0,0,0.010029604699380242,1,134,61,195,0.8504761904761905,0.20833333333333334
1244,2684,0,0,0.0024965487295665603,1,134,61,195,0.8504761904761905,0.20833333333333334
1245,2696,0,0,0.0010052282869794393,1,134,61,195,0.8504761904761905,0.20833333333333334
1246,2703,0,0,0.00015959055926580533,1,134,61,195,0.8504761904761905,0.20833333333333334
1247,2871,0,0,0.0009995623905109006,1,134,61,195,0.8504761904761905,0.20833333333333334
1248,2895,0,0,0.0005507425987849599,1,134,61,195,0.8504761904761905,0.20833333333333334
1249,2918,0,0,0.0009983310599692321,1,134,61,195,0.8504761904761905,0.20833333333333334
1250,2921,0,0,0.00019276259687909503,1,134,61,195,0.8504761904761905,0.20833333333333334
1251,2929,0,0,0.0038512013917001513,1,134,61,195,0.8504761904761905,0.20833333333333334
1252,3072,0,0,0.13927031220318584,1,134,61,195,0.8572407045009786,0.21739130434782608
1253,3084,0,0,0.0014366006380356843,1,134,61,195,0.8639922854387657,0.22727272727272727
1254,3104,0,0,0.0010930181640007794,1,134,61,195,0.870728263562051,0.23809523809523808
1255,3172,0,0,5.715943993383512e-06,1,134,61,195,0.877445652173913,0.25
1256,3211,0,0,0.0033256072399632853,1,134,61,195,0.8765225225225225,0.21052631578947367
1257,3214,0,0,0.0002738946802366384,1,134,61,195,0.8833181522446324,0.2222222222222222
1258,3224,0,1,0.8720095142758936,1,134,62,196,0.8798918918918921,0.2222222222222222
1259,3276,0,0,0.00038017002901162664,1,134,62,196,0.8798918918918921,0.2222222222222222
1260,3322,0,0,0.0005826275926374062,1,134,62,196,0.8798918918918921,0.2222222222222222
1261,3337,0,0,0.07658426708787434,1,134,62,196,0.8798918918918921,0.2222222222222222
1262,3402,0,0,0.0019582821267362534,1,134,62,196,0.8798918918918921,0.2222222222222222
1263,3406,0,0,0.0005681892860429415,1,134,62,196,0.8798918918918921,0.2222222222222222
1264,3460,0,0,0.00016630742119266848,1,134,62,196,0.8798918918918921,0.2222222222222222
1265,3479,0,1,0.9966559774313386,1,134,63,197,0.8765049392429408,0.2222222222222222
1266,3496,0,0,0.00012260851183696148,1,134,63,197,0.8765049392429408,0.2222222222222222
1267,3736,0,0,0.0004423525526194025,1,134,63,197,0.8765049392429408,0.2222222222222222
1268,3804,0,1,0.7514438271139148,1,134,64,198,0.8731521739130436,0.2222222222222222
1269,3811,0,0,0.014434609927171174,1,134,64,198,0.8731521739130436,0.2222222222222222
1270,3835,0,0,0.0005793069679727819,1,134,64,198,0.8731521739130436,0.2222222222222222
1271,3906,0,0,0.0014386335916824209,1,134,64,198,0.8731521739130436,0.2222222222222222
1272,3932,0,0,0.0001994019192901158,1,134,64,198,0.8731521739130436,0.2222222222222222
1273,3944,0,0,0.0008789164617955612,1,134,64,198,0.8731521739130436,0.2222222222222222
1274,3975,0,0,0.00018486532389032275,1,134,64,198,0.8731521739130436,0.2222222222222222
1275,4041,0,0,0.09145500753939076,1,134,64,198,0.8731521739130436,0.2222222222222222
1276,4096,0,0,0.0012783043692032063,1,134,64,198,0.8731521739130436,0.2222222222222222
1277,4154,0,0,0.002475519210907091,1,134,64,198,0.8731521739130436,0.2222222222222222
1278,4207,0,0,0.0002804315436185188,1,134,64,198,0.8731521739130436,0.2222222222222222
1279,4218,0,0,0.0029735474671946406,1,134,64,198,0.8731521739130436,0.2222222222222222
1280,4258,0,0,0.0005224425873141504,1,134,64,198,0.8731521739130436,0.2222222222222222
1281,4316,0,0,0.032908048803782196,1,134,64,198,0.8731521739130436,0.2222222222222222
1282,4338,0,0,0.01245040611675132,1,134,64,198,0.8765049392429408,0.2222222222222222
1283,4360,0,0,0.000710754786341426,1,134,64,198,0.8765049392429408,0.2222222222222222
1284,4427,0,0,0.0007267429725231004,1,134,64,198,0.8765049392429408,0.2222222222222222
1285,4483,0,0,0.00805790524242225,1,134,64,198,0.8765049392429408,0.2222222222222222
1286,4542,0,0,0.00017520693366880906,1,134,64,198,0.8765049392429408,0.2222222222222222
1287,4553,0,0,0.002329761891920353,1,134,64,198,0.8765049392429408,0.2222222222222222
1288,4607,0,0,0.002333730407907454,1,134,64,198,0.8765049392429408,0.2222222222222222
1289,4628,0,0,0.0024679006885427526,1,134,64,198,0.8765049392429408,0.2222222222222222
1290,4667,0,0,0.0007814444420926507,1,134,64,198,0.8798918918918921,0.2222222222222222
1291,4789,0,0,0.3536423312343888,1,134,64,198,0.8798918918918921,0.2222222222222222
1292,4794,0,0,0.00482799635670527,1,134,64,198,0.8798918918918921,0.2222222222222222
1293,4822,0,0,0.0029967004006050376,1,134,64,198,0.8798918918918921,0.2222222222222222
1294,4837,0,0,0.0007317495337645433,1,134,64,198,0.8866558230318802,0.23529411764705882
1295,4894,0,0,0.000651324387086453,1,134,64,198,0.8933947772657451,0.25
1296,130,1,0,0.0024506024511471323,1,135,64,199,0.8933947772657451,0.25
1297,347,1,0,0.0014223549680730545,1,136,64,200,0.8933947772657451,0.25
1298,2486,1,1,0.9983157040597456,1,136,64,200,0.8933947772657451,0.25
1299,2530,0,0,0.0003875336787580941,1,136,64,200,0.9001042597557343,0.26666666666666666
1300,2531,0,0,0.0015677247001549053,1,136,64,200,0.89968,0.21428571428571427
1301,2572,0,0,9.361235108864456e-06,1,136,64,200,0.9064893617021277,0.23076923076923078
1302,2641,0,0,0.000265915846812904,1,136,64,200,0.9132649060085342,0.25
1303,2663,0,0,0.07675288673887205,1,136,64,200,0.9130883276793569,0.18181818181818182
1304,2714,0,0,1.4223897276779154e-05,1,136,64,200,0.9130883276793569,0.18181818181818182
1305,2747,0,0,8.411872774535041e-07,1,136,64,200,0.9130883276793569,0.18181818181818182
1306,2852,0,0,1.8679662771149366e-05,1,136,64,200,0.9130883276793569,0.18181818181818182
1307,2862,0,0,0.00018058702023957514,1,136,64,200,0.9130883276793569,0.18181818181818182
1308,2916,0,0,0.00042180240176833777,1,136,64,200,0.9162105263157894,0.18181818181818182
1309,2937,0,0,0.00014900298524028036,1,136,64,200,0.9162105263157894,0.18181818181818182
1310,3017,0,0,1.5698698966263572e-05,1,136,64,200,0.9162105263157894,0.18181818181818182
1311,3125,0,0,0.0013162413550236326,1,136,64,200,0.9162105263157894,0.18181818181818182
1312,3138,0,0,1.1549834900050268e-05,1,136,64,200,0.9162105263157894,0.18181818181818182
1313,3201,0,0,0.0002495033551983052,1,136,64,200,0.9162105263157894,0.18181818181818182
1314,3216,0,0,0.0012451293551309951,1,136,64,200,0.9162105263157894,0.18181818181818182
1315,3412,0,0,6.246172190685363e-06,1,136,64,200,0.9162105263157894,0.18181818181818182
1316,3418,0,0,0.00023099935774130838,1,136,64,200,0.9162105263157894,0.18181818181818182
1317,3424,0,0,0.006764789528721923,1,136,64,200,0.9162105263157894,0.18181818181818182
1318,3425,0,1,0.8892765151970042,1,136,65,201,0.9130883276793569,0.18181818181818182
1319,3535,0,1,0.9598127266632418,1,136,66,202,0.91,0.18181818181818182
1320,3549,0,0,0.0016592850892124212,1,136,66,202,0.91,0.18181818181818182
1321,3561,0,0,2.5326224005418894e-06,1,136,66,202,0.91,0.18181818181818182
1322,3638,0,0,0.009430146375174902,1,136,66,202,0.91,0.18181818181818182
1323,3656,0,0,0.001177926577981203,1,136,66,202,0.91,0.18181818181818182
1324,3721,0,0,0.0007006630898587867,1,136,66,202,0.91,0.18181818181818182
1325,3740,0,0,0.00048789726658366584,1,136,66,202,0.91,0.18181818181818182
1326,3802,0,0,0.000969842268529501,1,136,66,202,0.91,0.18181818181818182
1327,3808,0,0,0.0005820903974826037,1,136,66,202,0.91,0.18181818181818182
1328,3885,0,0,4.466959687293977e-06,1,136,66,202,0.91,0.18181818181818182
1329,3891,0,0,0.0009512493612309764,1,136,66,202,0.91,0.18181818181818182
1330,3947,0,0,0.0002772037415455072,1,136,66,202,0.91,0.18181818181818182
1331,3959,0,0,0.0006673792010750672,1,136,66,202,0.91,0.18181818181818182
1332,3985,0,0,0.008343550673116188,1,136,66,202,0.91,0.18181818181818182
1333,3987,0,1,0.817540602272386,1,136,67,203,0.9138528138528137,0.2
1334,4000,0,0,0.0011814033232741589,1,136,67,203,0.9138528138528137,0.2
1335,4018,0,0,0.00033883126109560715,1,136,67,203,0.9138528138528137,0.2
1336,4042,0,0,0.0005067918598994071,1,136,67,203,0.9138528138528137,0.2
1337,4054,0,0,0.012147568195558735,1,136,67,203,0.9138528138528137,0.2
1338,4105,0,0,0.002123659739162266,1,136,67,203,0.9138528138528137,0.2
1339,4216,0,0,8.30337020136843e-05,1,136,67,203,0.9138528138528137,0.2
1340,4220,0,0,0.0026946852818866386,1,136,67,203,0.9138528138528137,0.2
1341,4286,0,0,9.909534017783904e-06,1,136,67,203,0.9138528138528137,0.2
1342,4330,0,0,0.4577816576442926,1,136,67,203,0.9138528138528137,0.2
1343,4332,0,0,3.206261416118584e-05,1,136,67,203,0.9138528138528137,0.2
1344,4342,0,0,0.006185099760487046,1,136,67,203,0.9138528138528137,0.2
1345,4357,0,0,8.330653972621875e-07,1,136,67,203,0.9169116723206433,0.2
1346,4398,0,0,0.0007735619991341404,1,136,67,203,0.9169116723206433,0.2
1347,4433,0,0,0.00041980912854357367,1,136,67,203,0.9169116723206433,0.2
1348,4435,0,0,0.000826291917058241,1,136,67,203,0.9169116723206433,0.2
1349,4463,0,0,1.099189347694546e-05,1,136,67,203,0.9169116723206433,0.2
1350,4545,0,0,4.047846885913027e-05,1,136,67,203,0.9169116723206433,0.2
1351,4565,0,0,0.0002705923084065009,1,136,67,203,0.92,0.2
1352,4571,0,0,0.0005105464334503409,1,136,67,203,0.92,0.2
1353,4593,0,0,3.052369872939917e-05,1,136,67,203,0.92,0.2
1354,4610,0,0,0.0039085795081733425,1,136,67,203,0.92,0.2
1355,4618,0,0,9.348342125600843e-05,1,136,67,203,0.92,0.2
1356,4638,0,0,0.00023662441801974493,1,136,67,203,0.92,0.2
1357,4646,0,0,0.0036317129855503523,1,136,67,203,0.92,0.2
1358,4826,0,0,0.0019101832799528623,1,136,67,203,0.92,0.2
1359,4857,0,0,0.0002635854971943381,1,136,67,203,0.92,0.2
1360,4933,0,0,0.0027008274597294575,1,136,67,203,0.923124740986324,0.2
1361,4992,0,0,0.001245973638958234,1,136,67,203,0.923124740986324,0.2
1362,10,1,0,6.436624218095143e-05,1,137,67,204,0.9162105263157894,0.18181818181818182
1363,23,1,0,0.00020393628651056903,1,138,67,205,0.9092649830380701,0.16666666666666666
1364,182,1,1,0.9942005184336389,1,138,67,205,0.9097947180256025,0.23076923076923078
1365,211,1,0,0.0015111984153643695,1,139,67,206,0.9029787234042552,0.21428571428571427
1366,238,1,0,0.000778462044055235,1,140,67,207,0.8961333333333333,0.2
1367,251,1,0,0.001826605674530075,1,141,67,208,0.8892636774989715,0.1875
1368,283,1,1,0.9874526171796485,1,141,67,208,0.8900921658986175,0.23529411764705882
1369,289,1,1,0.9714321728753138,1,141,67,208,0.8908108108108108,0.2777777777777778
1370,349,1,1,0.9534236838632758,1,141,67,208,0.8914402173913044,0.3157894736842105
1371,394,1,1,0.5862205078364567,1,141,67,208,0.8984501692676079,0.3684210526315789
1372,427,1,1,0.9995205313793735,1,141,67,208,0.9051976856316297,0.42105263157894735
1373,460,1,1,0.9717829161288183,1,141,67,208,0.9117064579256361,0.47368421052631576
1374,463,1,0,0.3009798147734037,1,142,67,209,0.9054945054945054,0.45
1375,570,1,0,0.0003760013840236407,1,143,67,210,0.8992353510535329,0.42857142857142855
1376,596,1,0,0.021973815800084742,1,144,67,211,0.8929339924396628,0.4090909090909091
1377,626,1,0,6.660148956712355e-06,1,145,67,212,0.8865949286170892,0.391304347826087
1378,628,1,0,0.07338116412891008,1,146,67,213,0.8802222222222222,0.375
1379,663,1,1,0.734610960788748,1,146,67,213,0.8807528598031391,0.4
1380,861,1,1,0.7548522070518532,1,146,67,213,0.8812359550561797,0.4230769230769231
1381,924,1,0,0.04727920912748251,1,147,67,214,0.8749577464788731,0.4074074074074074
1382,963,1,1,0.9970563169139862,1,147,67,214,0.87545536736785,0.42857142857142855
1383,977,1,0,0.0005209625103623021,1,148,67,215,0.8692045454545455,0.41379310344827586
1384,1075,1,0,0.22973861130432233,1,149,67,216,0.8629280772137915,0.4
1385,1113,1,0,1.9055644306913066e-05,1,150,67,217,0.8566285714285713,0.3870967741935484
1386,1198,1,0,0.0016702240744700912,1,151,67,218,0.8503084442946234,0.375
1387,1237,1,0,2.1552442911143714e-05,1,152,67,219,0.8439699381078691,0.36363636363636365
1388,1281,1,1,0.9999219853341873,1,152,67,219,0.8446842217940486,0.38235294117647056
1389,1293,1,0,0.0024398099902058594,1,153,67,220,0.8383794466403163,0.37142857142857144
1390,1642,1,1,0.9974436242022261,1,153,67,220,0.839091606567439,0.3888888888888889
1391,1656,1,0,0.0758646444176563,1,154,67,221,0.8328191167574107,0.3783783783783784
1392,1797,1,0,0.3161970450356899,1,155,67,222,0.8265331278890602,0.3684210526315789
1393,1861,1,0,0.0007032916333615446,1,156,67,223,0.820235294117647,0.358974358974359
1394,1874,1,1,0.9992951737745688,1,156,67,223,0.8210345485779728,0.375
1395,1882,1,0,1.5392244709629176e-07,1,157,67,224,0.8147703829306202,0.36585365853658536
1396,1966,1,0,0.05358932676272788,1,158,67,225,0.8084970238095238,0.35714285714285715
1397,1989,1,0,0.0168442927221692,1,159,67,226,0.8022158438576349,0.3488372093023256
1398,2065,1,0,2.9630577812220443e-06,1,160,67,227,0.7959281437125749,0.3409090909090909
1399,2071,1,1,0.9927158722760416,1,160,67,227,0.7968462083628632,0.35555555555555557
1400,2225,1,0,0.00023445456889044163,1,161,67,228,0.7905941591137966,0.34782608695652173
1401,2231,1,1,0.9999309536444476,1,161,67,228,0.7915017766171496,0.3617021276595745
1402,2387,1,0,0.001060641667485709,1,162,67,229,0.7852845528455284,0.3541666666666667
1403,2504,0,0,0.00047413015949357673,1,162,67,229,0.7852845528455284,0.3541666666666667
1404,2505,0,0,0.006023557386639838,1,162,67,229,0.7852845528455284,0.3541666666666667
1405,2508,0,0,0.0009345640099227406,1,162,67,229,0.7852845528455284,0.3541666666666667
1406,2521,0,0,2.4882793916599723e-06,1,162,67,229,0.7915017766171496,0.3617021276595745
1407,2526,0,0,0.0005321286429558772,1,162,67,229,0.7905941591137966,0.34782608695652173
1408,2539,0,0,0.00043052568064837166,1,162,67,229,0.7905941591137966,0.34782608695652173
1409,2555,0,0,0.0004146148094296965,1,162,67,229,0.7905941591137966,0.34782608695652173
1410,2561,0,0,2.3106483680856142e-05,1,162,67,229,0.7905941591137966,0.34782608695652173
1411,2567,0,0,4.161222071078761e-05,1,162,67,229,0.7905941591137966,0.34782608695652173
1412,2584,0,1,0.6087709569212222,1,162,68,230,0.7864761904761906,0.34782608695652173
1413,2608,0,0,0.0005114437399431772,1,162,68,230,0.7864761904761906,0.34782608695652173
1414,2647,0,0,0.00019232065505450066,1,162,68,230,0.7864761904761906,0.34782608695652173
1415,2652,0,0,0.011610215019958374,1,162,68,230,0.7864761904761906,0.34782608695652173
1416,2653,0,0,2.9102170406465234e-06,1,162,68,230,0.7864761904761906,0.34782608695652173
1417,2674,0,0,0.0002453207110597418,1,162,68,230,0.7864761904761906,0.34782608695652173
1418,2727,0,0,9.654911440282494e-06,1,162,68,230,0.7864761904761906,0.34782608695652173
1419,2798,0,0,0.0008515076045321616,1,162,68,230,0.7864761904761906,0.34782608695652173
1420,2840,0,0,0.0009088606773369666,1,162,68,230,0.7864761904761906,0.34782608695652173
1421,2865,0,0,0.0002166375676539247,1,162,68,230,0.7864761904761906,0.34782608695652173
1422,2897,0,0,0.00026673011854472776,1,162,68,230,0.7864761904761906,0.34782608695652173
1423,3000,0,0,0.003006555186460318,1,162,68,230,0.7905941591137966,0.34782608695652173
1424,3038,0,0,0.0008888164623311418,1,162,68,230,0.7905941591137966,0.34782608695652173
1425,3074,0,0,0.0004976620740414844,1,162,68,230,0.7905941591137966,0.34782608695652173
1426,3083,0,0,0.0022289483758741392,1,162,68,230,0.7905941591137966,0.34782608695652173
1427,3089,0,0,0.0486603024171905,1,162,68,230,0.7905941591137966,0.34782608695652173
1428,3091,0,0,8.886471296949832e-05,1,162,68,230,0.7905941591137966,0.34782608695652173
1429,3131,0,0,0.00018653480886240777,1,162,68,230,0.7905941591137966,0.34782608695652173
1430,3164,0,0,0.4095134627037482,1,162,68,230,0.7905941591137966,0.34782608695652173
1431,3219,0,0,0.0006206143567156847,1,162,68,230,0.7905941591137966,0.34782608695652173
1432,3249,0,0,0.00014066265525310067,1,162,68,230,0.7905941591137966,0.34782608695652173
1433,3310,0,0,0.0003073758108682592,1,162,68,230,0.7905941591137966,0.34782608695652173
1434,3318,0,0,2.2833312097397853e-06,1,162,68,230,0.7905941591137966,0.34782608695652173
1435,3335,0,0,0.0004980551864004794,1,162,68,230,0.7905941591137966,0.34782608695652173
1436,3354,0,0,0.0004978855352171546,1,162,68,230,0.7905941591137966,0.34782608695652173
1437,3409,0,0,0.0017541727141532945,1,162,68,230,0.7905941591137966,0.34782608695652173
1438,3469,0,1,0.5760924309255709,1,162,69,231,0.7927164061473796,0.35555555555555557
1439,3501,0,0,6.91871400262789e-06,1,162,69,231,0.798951098511694,0.36363636363636365
1440,3508,0,0,5.916235059623639e-06,1,162,69,231,0.798951098511694,0.36363636363636365
1441,3521,0,0,0.0004903036467885734,1,162,69,231,0.798951098511694,0.36363636363636365
1442,3523,0,0,7.052147411248828e-05,1,162,69,231,0.798951098511694,0.36363636363636365
1443,3538,0,1,0.7125710028201891,1,162,70,232,0.7948386531809625,0.36363636363636365
1444,3546,0,0,0.0007831115274588985,1,162,70,232,0.7948386531809625,0.36363636363636365
1445,3567,0,0,0.003163412064505933,1,162,70,232,0.7948386531809625,0.36363636363636365
1446,3575,0,0,0.02177469664822565,1,162,70,232,0.7948386531809625,0.36363636363636365
1447,3610,0,0,5.369024697140242e-06,1,162,70,232,0.7948386531809625,0.36363636363636365
1448,3689,0,0,0.011039318970372148,1,162,70,232,0.7948386531809625,0.36363636363636365
1449,3691,0,0,0.00047217240182038293,1,162,70,232,0.7948386531809625,0.36363636363636365
1450,3727,0,0,0.0581236023546557,1,162,70,232,0.7948386531809625,0.36363636363636365
1451,3751,0,0,0.00023613093543749285,1,162,70,232,0.7948386531809625,0.36363636363636365
1452,3755,0,0,0.0018425898265607638,1,162,70,232,0.7948386531809625,0.36363636363636365
1453,3784,0,0,5.3001085017272766e-06,1,162,70,232,0.7948386531809625,0.36363636363636365
1454,3907,0,0,0.04002381260031605,1,162,70,232,0.7948386531809625,0.36363636363636365
1455,3931,0,0,0.0025288342395017125,1,162,70,232,0.7948386531809625,0.36363636363636365
1456,3935,0,0,0.08566454986004754,1,162,70,232,0.7948386531809625,0.36363636363636365
1457,3938,0,1,0.8545316269347204,1,162,71,233,0.7907532467532468,0.36363636363636365
1458,3953,0,0,0.0026760997839052024,1,162,71,233,0.7948386531809625,0.36363636363636365
1459,3992,0,0,0.00023551939494243073,1,162,71,233,0.7948386531809625,0.36363636363636365
1460,4044,0,0,5.323982363686023e-06,1,162,71,233,0.7948386531809625,0.36363636363636365
1461,4123,0,0,0.00045886640692480624,1,162,71,233,0.7948386531809625,0.36363636363636365
1462,4142,0,0,0.0010134353148751121,1,162,71,233,0.7948386531809625,0.36363636363636365
1463,4148,0,0,0.002132339804239937,1,162,71,233,0.7948386531809625,0.36363636363636365
1464,4159,0,0,0.0008408175774396037,1,162,71,233,0.7948386531809625,0.36363636363636365
1465,4167,0,0,0.0005831527090059758,1,162,71,233,0.798951098511694,0.36363636363636365
1466,4178,0,0,0.0007069615680478456,1,162,71,233,0.798951098511694,0.36363636363636365
1467,4199,0,0,2.273393901694526e-05,1,162,71,233,0.798951098511694,0.36363636363636365
1468,4200,0,0,0.0002276747731488678,1,162,71,233,0.8030926448836897,0.36363636363636365
1469,4217,0,0,0.002845158528135008,1,162,71,233,0.8030926448836897,0.36363636363636365
1470,4355,0,0,0.01297179504212877,1,162,71,233,0.8030926448836897,0.36363636363636365
1471,4370,0,0,0.001728592383750841,1,162,71,233,0.8030926448836897,0.36363636363636365
1472,4396,0,0,0.006183926599740668,1,162,71,233,0.8030926448836897,0.36363636363636365
1473,4426,0,0,0.00046680165060906763,1,162,71,233,0.8030926448836897,0.36363636363636365
1474,4428,0,0,0.00222004716624085,1,162,71,233,0.8030926448836897,0.36363636363636365
1475,4455,0,0,0.2078232336992779,1,162,71,233,0.8030926448836897,0.36363636363636365
1476,4462,0,0,0.001387997941896323,1,162,71,233,0.8030926448836897,0.36363636363636365
1477,4478,0,0,0.0006519965689406317,1,162,71,233,0.8030926448836897,0.36363636363636365
1478,4505,0,0,0.00018674312346964218,1,162,71,233,0.8030926448836897,0.36363636363636365
1479,4513,0,0,0.00013101672240259442,1,162,71,233,0.8030926448836897,0.36363636363636365
1480,4533,0,1,0.9834649098978543,1,162,72,234,0.798951098511694,0.36363636363636365
1481,4567,0,0,0.0011900153481605238,1,162,72,234,0.798951098511694,0.36363636363636365
1482,4636,0,0,0.003574079261632342,1,162,72,234,0.798951098511694,0.36363636363636365
1483,4657,0,0,8.830204434042438e-05,1,162,72,234,0.798951098511694,0.36363636363636365
1484,4692,0,0,0.1709149636294926,1,162,72,234,0.798951098511694,0.36363636363636365
1485,4705,0,0,9.55608126114825e-05,1,162,72,234,0.798951098511694,0.36363636363636365
1486,4781,0,0,0.0014009164881740616,1,162,72,234,0.798951098511694,0.36363636363636365
1487,4820,0,0,0.004160753915261627,1,162,72,234,0.798951098511694,0.36363636363636365
1488,4856,0,0,0.02184744731761234,1,162,72,234,0.798951098511694,0.36363636363636365
1489,4875,0,1,0.5831528963035383,1,162,73,235,0.7948386531809625,0.36363636363636365
1490,4880,0,0,0.0001198737723364158,1,162,73,235,0.7948386531809625,0.36363636363636365
1491,4908,0,0,7.002781930951985e-06,1,162,73,235,0.7948386531809625,0.36363636363636365
1492,4921,0,0,2.9808097290260835e-06,1,162,73,235,0.7948386531809625,0.36363636363636365
1493,48,1,0,0.0001544904137365626,1,163,73,236,0.7886147186147187,0.35555555555555557
1494,181,1,0,0.1516731407394358,1,164,73,237,0.7823853760863051,0.34782608695652173
1495,242,1,0,3.848769198438745e-05,1,165,73,238,0.7761517615176152,0.3404255319148936
1496,285,1,1,0.9998718471566578,1,165,73,238,0.7832135226844288,0.3617021276595745
1497,386,1,1,0.9978974107345758,1,165,73,238,0.7901525451832201,0.3829787234042553
1498,475,1,0,0.06220702615198186,1,166,73,239,0.7832135226844288,0.3617021276595745
1499,523,1,1,0.9957589304733363,1,166,73,239,0.7839999999999999,0.375
1500,534,1,1,0.9970702013021565,1,166,73,239,0.7847481001970167,0.3877551020408163
1501,536,1,0,8.07351077998665e-05,1,167,73,240,0.7786271699315178,0.38
1502,542,1,1,0.9911318330716663,1,167,73,240,0.779375,0.39215686274509803
1503,559,1,0,0.4890740855534996,1,168,73,241,0.7732853438600565,0.38461538461538464
1504,560,1,1,0.9997563379650858,1,168,73,241,0.7740332940595188,0.39622641509433965
1505,580,1,0,0.016091498277072656,1,169,73,242,0.7679746835443038,0.3888888888888889
1506,598,1,1,0.9998853482927834,1,169,73,242,0.768723152125611,0.4
1507,625,1,1,0.9966495549180128,1,169,73,242,0.7694405594405594,0.4107142857142857
1508,742,1,0,0.040176812020258676,1,170,73,243,0.7634448498861954,0.40350877192982454
1509,798,1,0,0.45937705993584466,1,171,73,244,0.7574480286738351,0.39655172413793105
1510,821,1,0,0.11939694323753561,1,172,73,245,0.7514509762082576,0.3898305084745763
1511,830,1,1,0.9648732060274126,1,172,73,245,0.752232846485237,0.4
1512,843,1,1,0.9982548018168675,1,172,73,245,0.7529853321829162,0.4098360655737705
1513,860,1,0,0.10344521481465076,1,173,73,246,0.7470504385964912,0.4032258064516129
1514,905,1,1,0.9981082575844575,1,173,73,246,0.7478051087984864,0.4126984126984127
1515,967,1,0,0.14100637582141268,1,174,73,247,0.7419014060874525,0.40625
1516,1000,1,1,0.9889217463714552,1,174,73,247,0.7426586973078579,0.4153846153846154
1517,1114,1,0,0.05938926790602992,1,175,73,248,0.7367864192656929,0.4090909090909091
1518,1139,1,0,0.12276400839018861,1,176,73,249,0.735238847216739,0.40298507462686567
1519,1178,1,0,0.0008112232611657497,1,177,73,250,0.7336912751677852,0.39705882352941174
1520,1219,1,0,0.0015491655348400235,1,178,73,251,0.7278098133437939,0.391304347826087
1521,1258,1,0,0.1306465901840005,1,179,73,252,0.7219334719334719,0.38571428571428573
1522,1275,1,0,2.364878914833544e-06,1,180,73,253,0.7160629539951573,0.38028169014084506
1523,1278,1,0,0.3320551202351333,1,181,73,254,0.7101989475035297,0.375
1524,1317,1,0,0.0002751721425233163,1,182,73,255,0.7043421262479665,0.3698630136986301
1525,1335,1,1,0.9747408078591044,1,182,73,255,0.7053494750780289,0.3783783783783784
1526,1338,1,0,0.11644067633603665,1,183,73,256,0.6995297805642633,0.37333333333333335
1527,1339,1,1,0.9963978933673094,1,183,73,256,0.7005357142857143,0.3815789473684211
1528,1343,1,1,0.996347126223886,1,183,73,256,0.7015126978284872,0.38961038961038963
1529,1351,1,0,0.04686222168434079,1,184,73,257,0.6957589626239512,0.38461538461538464
1530,1367,1,1,0.997267708769948,1,184,73,257,0.6967367340158859,0.3924050632911392
1531,1388,1,0,0.013961267902661384,1,185,73,258,0.691020555355211,0.3875
1532,1424,1,0,0.00043466006377525403,1,186,73,259,0.6853144531834086,0.38271604938271603
1533,1427,1,1,0.9980425977985781,1,186,73,259,0.6906666666666667,0.3902439024390244
1534,1439,1,0,1.4734349540758325e-05,1,187,73,260,0.6849880031991469,0.3855421686746988
1535,1446,1,0,0.0001601496447763848,1,188,73,261,0.6793206746078546,0.38095238095238093
1536,1462,1,1,0.9991983767296092,1,188,73,261,0.6803763440860214,0.38823529411764707
1537,1488,1,1,0.995225263730325,1,188,73,261,0.6814065577569227,0.3953488372093023
1538,1501,1,0,0.0010748308337966519,1,189,73,262,0.6758071587205445,0.39080459770114945
1539,1586,1,0,0.03462192789352509,1,190,73,263,0.6702205882352942,0.38636363636363635
1540,1603,1,0,0.0013180308657911696,1,191,73,264,0.6646474441488601,0.38202247191011235
1541,1654,1,1,0.999107064130839,1,191,73,264,0.6657368256760975,0.3888888888888889
1542,1705,1,0,0.06363020367897827,1,192,73,265,0.66020578923564,0.38461538461538464
1543,1749,1,0,0.000277224749526784,1,193,73,266,0.654689532820816,0.3804347826086957
1544,1779,1,1,0.710423632446057,1,193,73,266,0.655811320754717,0.3870967741935484
1545,1814,1,0,0.023178463780792007,1,194,73,267,0.6503386809269162,0.3829787234042553
1546,1858,1,0,0.004319201677886444,1,195,73,268,0.6448821847853238,0.37894736842105264
1547,1905,1,0,0.0010748308267082163,1,196,73,269,0.6394424161964819,0.375
1548,1908,1,1,0.9964583207614055,1,196,73,269,0.6406263736263736,0.38144329896907214
1549,1918,1,0,0.3348077873412729,1,197,73,270,0.635232618636874,0.37755102040816324
1550,1982,1,1,0.997619906819661,1,197,73,270,0.6364232265788686,0.3838383838383838
1551,1991,1,1,0.9918961249820708,1,197,73,270,0.6375929682217715,0.39
1552,1995,1,1,0.9896913540853816,1,197,73,270,0.63874297545105,0.39603960396039606
1553,2001,1,1,0.9489869124523974,1,197,73,270,0.6398743281905933,0.4019607843137255
1554,2015,1,1,0.9549784571211813,1,197,73,270,0.6409880581930371,0.4077669902912621
1555,2031,1,1,0.940841595156698,1,197,73,270,0.6420851525495488,0.41346153846153844
1556,2035,1,1,0.9960959827079227,1,197,73,270,0.6431665569453588,0.41904761904761906
1557,2043,1,0,0.10787326390229782,1,198,73,271,0.6379907524169819,0.41509433962264153
1558,2050,1,1,0.9934609866821271,1,198,73,271,0.6390856784182446,0.4205607476635514
1559,2057,1,0,0.0010748308337966519,1,199,73,272,0.6339591325452126,0.4166666666666667
1560,2090,1,0,0.0029945428409400357,1,200,73,273,0.6288541666666667,0.41284403669724773
1561,2128,1,1,0.9936514579373749,1,200,73,273,0.6299927378358752,0.41818181818181815
1562,2139,1,1,0.9971104958022111,1,200,73,273,0.6361652558825813,0.42727272727272725
1563,2171,1,0,0.00010386147319930912,1,201,73,274,0.6361652558825813,0.42727272727272725
1564,2193,1,0,0.03149174941490023,1,202,73,275,0.6299927378358752,0.41818181818181815
1565,2196,1,0,0.013395260608147025,1,203,73,276,0.6299927378358752,0.41818181818181815
1566,2234,1,1,0.9962216635332052,1,203,73,276,0.6361652558825813,0.42727272727272725
1567,2259,1,0,1.1899478386072144e-05,1,204,73,277,0.6361652558825813,0.42727272727272725
1568,2383,1,1,0.9481638082187713,1,204,73,277,0.6361652558825813,0.42727272727272725
1569,2415,1,0,0.004534005660705171,1,205,73,278,0.6299927378358752,0.41818181818181815
1570,2511,0,0,0.0005278054878833661,1,205,73,278,0.6288541666666667,0.41284403669724773
1571,2544,0,0,0.007565328931047221,1,205,73,278,0.6277016424312166,0.4074074074074074
1572,2575,0,1,0.9206816878173271,1,205,74,279,0.6221931273099002,0.40186915887850466
1573,2618,0,0,0.002254303513097576,1,205,74,279,0.6210217248189598,0.39622641509433965
1574,2630,0,0,0.0008309243391001996,1,205,74,279,0.6262010347376201,0.4
1575,2683,0,0,0.0023911198477013897,1,205,74,279,0.6314011272525205,0.40384615384615385
1576,2737,0,1,0.6287105822757597,1,205,75,280,0.6322592680797016,0.4077669902912621
1577,2772,0,0,0.000767243816385145,1,205,75,280,0.6374872665534805,0.4117647058823529
1578,2822,0,0,0.00014771224793090298,1,205,75,280,0.6427343812335434,0.4158415841584158
1579,2836,0,1,0.7348689501687162,1,205,76,281,0.6373333333333333,0.41
1580,2864,0,0,9.589454968236175e-05,1,205,76,281,0.6362977262977263,0.40404040404040403
1581,2903,0,0,0.0006336538071713621,1,205,76,281,0.6416073781291172,0.40816326530612246
1582,2917,0,0,0.0002843838114440912,1,205,76,281,0.6405828262339418,0.4020618556701031
1583,2966,0,0,0.0005210856763423909,1,205,76,281,0.6459375,0.40625
1584,3051,0,0,0.00010540869867637402,1,205,76,281,0.6513088079235939,0.4105263157894737
1585,3105,0,0,0.00023801747770948572,1,205,76,281,0.6566961458674528,0.4148936170212766
1586,3139,0,0,0.0018187362776504522,1,205,76,281,0.6620989074180563,0.41935483870967744
1587,3168,0,0,0.0006664938581869616,1,205,76,281,0.6675164835164835,0.42391304347826086
1588,3173,0,0,0.0004995923019371953,1,205,76,281,0.6666102444960725,0.4175824175824176
1589,3176,0,0,0.000730948556668738,1,205,76,281,0.672068496572396,0.4222222222222222
1590,3237,0,0,0.009233000714040703,1,205,76,281,0.6711712089447939,0.4157303370786517
1591,3241,0,0,8.911939980901013e-06,1,205,76,281,0.6766692851531815,0.42045454545454547
1592,3255,0,0,0.006014906744406206,1,205,76,281,0.6821798879220523,0.42528735632183906
1593,3293,0,0,1.7024136005029072e-05,1,205,76,281,0.6877023971053822,0.43023255813953487
1594,3304,0,0,0.00017068515365137882,1,205,76,281,0.686866096866097,0.4235294117647059
1595,3348,0,0,0.003552697601196571,1,205,76,281,0.6924259847249635,0.42857142857142855
1596,3414,0,0,0.001305213732761446,1,205,76,281,0.6979963235294118,0.43373493975903615
1597,3461,0,0,0.002224909335535187,1,205,76,281,0.7035764760174209,0.43902439024390244
1598,3483,0,0,0.0006984687909433855,1,205,76,281,0.7091657977059437,0.4444444444444444
1599,3500,0,1,0.7653963959000644,1,205,77,282,0.7040000000000001,0.4375
1600,3506,0,0,0.00032535878589350743,1,205,77,282,0.7096143057503507,0.4430379746835443
1601,3654,0,0,0.0005893246729547477,1,205,77,282,0.7088878405472343,0.4358974358974359
1602,3666,0,0,5.722356348920949e-05,1,205,77,282,0.714535679374389,0.44155844155844154
1603,3703,0,0,0.002540014738068685,1,205,77,282,0.714535679374389,0.44155844155844154
1604,3714,0,0,0.0028767406036383503,1,205,77,282,0.714535679374389,0.44155844155844154
1605,3723,0,0,0.00014364332751880707,1,205,77,282,0.714535679374389,0.44155844155844154
1606,3790,0,0,0.0018499095000902635,1,205,77,282,0.714535679374389,0.44155844155844154
1607,3825,0,0,0.0007390219843266679,1,205,77,282,0.714535679374389,0.44155844155844154
1608,3836,0,0,0.016630761625805908,1,205,77,282,0.714535679374389,0.44155844155844154
1609,3840,0,0,0.013050078273185344,1,205,77,282,0.714535679374389,0.44155844155844154
1610,3884,0,0,0.0009109231516639093,1,205,77,282,0.714535679374389,0.44155844155844154
1611,3892,0,0,0.00033120158693304984,1,205,77,282,0.714535679374389,0.44155844155844154
1612,3894,0,0,0.0034568971522877102,1,205,77,282,0.718952380952381,0.44155844155844154
1613,3908,0,0,0.0002798375057706914,1,205,77,282,0.718952380952381,0.44155844155844154
1614,3952,0,0,0.0002521286834489944,1,205,77,282,0.718952380952381,0.44155844155844154
1615,3963,0,0,0.008532607934768332,1,205,77,282,0.718952380952381,0.44155844155844154
1616,4052,0,0,0.0025592132438848362,1,205,77,282,0.718952380952381,0.44155844155844154
1617,4092,0,0,5.0745740210662414e-05,1,205,77,282,0.718952380952381,0.44155844155844154
1618,4151,0,0,3.564450480920341e-05,1,205,77,282,0.718952380952381,0.44155844155844154
1619,4221,0,0,0.0008462302889228303,1,205,77,282,0.718952380952381,0.44155844155844154
1620,4308,0,0,3.3402489397472266e-06,1,205,77,282,0.718952380952381,0.44155844155844154
1621,4309,0,0,0.0008013277168421815,1,205,77,282,0.718952380952381,0.44155844155844154
1622,4320,0,1,0.5438270696072899,1,205,78,283,0.714535679374389,0.44155844155844154
1623,4354,0,0,0.0007505858496740475,1,205,78,283,0.714535679374389,0.44155844155844154
1624,4404,0,0,0.00020292519311441577,1,205,78,283,0.714535679374389,0.44155844155844154
1625,4410,0,0,0.0020760854227490563,1,205,78,283,0.714535679374389,0.44155844155844154
1626,4422,0,0,9.687670055079478e-06,1,205,78,283,0.714535679374389,0.44155844155844154
1627,4450,0,0,0.0011766432929834676,1,205,78,283,0.714535679374389,0.44155844155844154
1628,4458,0,0,0.0008697616088415231,1,205,78,283,0.714535679374389,0.44155844155844154
1629,4492,0,0,0.13589561667055045,1,205,78,283,0.714535679374389,0.44155844155844154
1630,4536,0,0,0.0011080807375610634,1,205,78,283,0.714535679374389,0.44155844155844154
1631,4558,0,0,4.318095475692566e-06,1,205,78,283,0.714535679374389,0.44155844155844154
1632,4579,0,0,0.007066592373610669,1,205,78,283,0.714535679374389,0.44155844155844154
1633,4586,0,0,1.4382215112814968e-05,1,205,78,283,0.714535679374389,0.44155844155844154
1634,4625,0,0,0.00029642393457144126,1,205,78,283,0.714535679374389,0.44155844155844154
1635,4641,0,0,0.00037525811179417136,1,205,78,283,0.714535679374389,0.44155844155844154
1636,4671,0,0,0.0003276116568310367,1,205,78,283,0.714535679374389,0.44155844155844154
1637,4681,0,0,0.015942098701482922,1,205,78,283,0.714535679374389,0.44155844155844154
1638,4689,0,0,0.0014819100353976088,1,205,78,283,0.718952380952381,0.44155844155844154
1639,4739,0,0,0.27485282213078704,1,205,78,283,0.718952380952381,0.44155844155844154
1640,4741,0,0,0.026705141828998,1,205,78,283,0.718952380952381,0.44155844155844154
1641,4790,0,0,0.0007268911445359277,1,205,78,283,0.718952380952381,0.44155844155844154
1642,4854,0,0,4.7997634433828865e-05,1,205,78,283,0.718952380952381,0.44155844155844154
1643,4888,0,0,0.0001695659036363717,1,205,78,283,0.7233807829181496,0.44155844155844154
1644,4944,0,0,3.0197996616421736e-05,1,205,78,283,0.7233807829181496,0.44155844155844154
1645,4953,0,0,0.00015999071485317589,1,205,78,283,0.7233807829181496,0.44155844155844154
1646,4958,0,0,0.02081410058811918,1,205,78,283,0.7233807829181496,0.44155844155844154
1647,1,1,0,9.155966833878596e-05,1,206,78,284,0.7177142857142857,0.4358974358974359
1648,87,1,0,0.05195839056499058,1,207,78,285,0.7120551556621938,0.43037974683544306
1649,101,1,0,0.000834830349737503,1,208,78,286,0.706404057082203,0.425
1650,113,1,0,0.0004495552693116351,1,209,78,287,0.7007616448005635,0.41975308641975306
1651,140,1,1,0.9991406702576976,1,209,78,287,0.7016,0.4268292682926829
1652,149,1,0,0.0007917686246119503,1,210,78,288,0.6959935117599352,0.42168674698795183
1653,150,1,0,0.015478676258984452,1,211,78,289,0.6903971618932249,0.4166666666666667
1654,209,1,0,0.0004141794442633763,1,212,78,290,0.6848115808823529,0.4117647058823529
1655,212,1,0,1.6492665214471201e-06,1,213,78,291,0.6792373923739237,0.4069767441860465
1656,222,1,0,0.007137897767607354,1,214,78,292,0.6736752136752137,0.40229885057471265
1657,236,1,0,0.0003620869281168702,1,215,78,293,0.6724786324786325,0.3977272727272727
1658,249,1,0,0.07797822276107708,1,216,78,294,0.6669312409546242,0.39325842696629215
1659,250,1,0,0.016224198431180902,1,217,78,295,0.6613975576662143,0.3888888888888889
1660,265,1,0,8.602108607104707e-06,1,218,78,296,0.6558781785925487,0.38461538461538464
1661,267,1,1,0.5342930831015409,1,218,78,296,0.6569559748427674,0.391304347826087
1662,327,1,0,1.5265507013421366e-05,1,219,78,297,0.6514795008912657,0.3870967741935484
1663,362,1,0,0.007012942885017606,1,220,78,298,0.6460187061141796,0.3829787234042553
1664,445,1,1,0.9998543435571694,1,220,78,298,0.647130571404945,0.3894736842105263
1665,458,1,0,0.0029021794142406157,1,221,78,299,0.6417142857142858,0.3854166666666667
1666,510,1,0,0.004533276101060317,1,222,78,300,0.6363150688682603,0.38144329896907214
1667,525,1,1,0.908553642182954,1,222,78,300,0.6374623819760007,0.3877551020408163
1668,612,1,1,0.9021347837485965,1,222,78,300,0.6385895875591616,0.3939393939393939
1669,689,1,1,0.5437583731313372,1,222,78,300,0.639697776343739,0.4
1670,700,1,0,6.901173816842258e-05,1,223,78,301,0.6344015444015444,0.39603960396039606
1671,704,1,1,0.9994242025591271,1,223,78,301,0.63552,0.4019607843137255
1672,736,1,1,0.6652638690577264,1,223,78,301,0.6366213921901529,0.4077669902912621
1673,868,1,0,7.2342166741936405e-06,1,224,78,302,0.6314011272525205,0.40384615384615385
1674,870,1,0,0.0016392073989008526,1,225,78,303,0.6262010347376201,0.4
1675,884,1,0,0.0004420263293653307,1,226,78,304,0.6210217248189598,0.39622641509433965
1676,927,1,0,0.00011463184588955006,1,227,78,305,0.6158638083228247,0.3925233644859813
1677,929,1,0,0.2163971926489061,1,228,78,306,0.6107278970407066,0.3888888888888889
1678,940,1,1,0.9279235692697055,1,228,78,306,0.611958297450351,0.3944954128440367
1679,984,1,0,1.057523003408106e-05,1,229,78,307,0.606875,0.39090909090909093
1680,1009,1,1,0.9973607432411548,1,229,78,307,0.6124335351750305,0.3963963963963964
1681,1036,1,0,0.00044045550989284515,1,230,78,308,0.6073908081751219,0.39285714285714285
1682,1079,1,1,0.9999881132884256,1,230,78,308,0.6086626705250103,0.39823008849557523
1683,1170,1,0,2.354426604554232e-07,1,231,78,309,0.6036750483558994,0.39473684210526316
1684,1191,1,1,0.9988698191962855,1,231,78,309,0.6049638919585721,0.4
1685,1218,1,0,0.00025998563796979126,1,232,78,310,0.600032840722496,0.39655172413793105
1686,1229,1,0,0.00400784266456217,1,233,78,311,0.5951282051282051,0.39316239316239315
1687,1230,1,0,0.043371003532797395,1,234,78,312,0.5902506393861892,0.3898305084745763
1688,1294,1,0,0.0728395404292746,1,235,78,313,0.5854008018590874,0.3865546218487395
1689,1306,1,1,0.999981714580446,1,235,78,313,0.5910648714810282,0.39166666666666666
1690,1330,1,0,0.00014590881939312736,1,236,78,314,0.5862613633469991,0.3884297520661157
1691,1365,1,1,0.7031146349505436,1,236,78,314,0.5876952380952382,0.39344262295081966
1692,1376,1,1,0.9971896020156421,1,236,78,314,0.5891183400471232,0.3983739837398374
1693,1494,1,0,0.39685582978801337,1,237,78,315,0.5891183400471232,0.3983739837398374
1694,1510,1,0,0.010843561979681067,1,238,78,316,0.5891183400471232,0.3983739837398374
1695,1524,1,0,0.0154786761483876,1,239,78,317,0.5891183400471232,0.3983739837398374
1696,1529,1,1,0.9993436659458589,1,239,78,317,0.5891183400471232,0.3983739837398374
1697,1538,1,0,1.2015311750669367e-05,1,240,78,318,0.5829545454545455,0.3902439024390244
1698,1569,1,0,0.0053718432517050755,1,241,78,319,0.5829545454545455,0.3902439024390244
1699,1572,1,1,0.9446503727516798,1,241,78,319,0.5829545454545455,0.3902439024390244
1700,1588,1,1,0.9966617931444746,1,241,78,319,0.5829545454545455,0.3902439024390244
1701,1628,1,0,0.004418187302539698,1,242,78,320,0.5829545454545455,0.3902439024390244
1702,1637,1,1,0.9158743873408417,1,242,78,320,0.5829545454545455,0.3902439024390244
1703,1653,1,0,3.918276811907425e-05,1,243,78,321,0.5829545454545455,0.3902439024390244
1704,1684,1,1,0.9998970526043724,1,243,78,321,0.5829545454545455,0.3902439024390244
1705,1687,1,0,0.005640914171300004,1,244,78,322,0.5829545454545455,0.3902439024390244
1706,1692,1,0,0.0018438845868274916,1,245,78,323,0.5767428571428571,0.3821138211382114
1707,1744,1,0,0.0009024139197835872,1,246,78,324,0.5704821483063778,0.37398373983739835
1708,1812,1,1,0.797224650057347,1,246,78,324,0.5767428571428571,0.3821138211382114
1709,1817,1,0,0.33593285762140923,1,247,78,325,0.5767428571428571,0.3821138211382114
1710,1878,1,1,0.8482991873298101,1,247,78,325,0.5829545454545455,0.3902439024390244
1711,1888,1,0,7.601865049701941e-06,1,248,78,326,0.5767428571428571,0.3821138211382114
1712,1904,1,0,0.00234332971656354,1,249,78,327,0.5704821483063778,0.37398373983739835
1713,1927,1,0,2.4482445525420274e-05,1,250,78,328,0.5704821483063778,0.37398373983739835
1714,1958,1,1,0.9998170965877488,1,250,78,328,0.5704821483063778,0.37398373983739835
1715,2007,1,0,0.00022849871823196692,1,251,78,329,0.5704821483063778,0.37398373983739835
1716,2016,1,1,0.9980435588408191,1,251,78,329,0.5704821483063778,0.37398373983739835
1717,2108,1,0,0.0007689935006861195,1,252,78,330,0.5704821483063778,0.37398373983739835
1718,2150,1,0,0.07444296334986833,1,253,78,331,0.5704821483063778,0.37398373983739835
1719,2164,1,0,0.16911096694637068,1,254,78,332,0.5704821483063778,0.37398373983739835
1720,2166,1,1,0.6900787845214201,1,254,78,332,0.5767428571428571,0.3821138211382114
1721,2185,1,0,2.003157389654577e-05,1,255,78,333,0.5767428571428571,0.3821138211382114
1722,2224,1,1,0.9931163720577034,1,255,78,333,0.5829545454545455,0.3902439024390244
1723,2237,1,1,0.9979377034973298,1,255,78,333,0.5891183400471232,0.3983739837398374
1724,2239,1,0,9.290188728962624e-05,1,256,78,334,0.5891183400471232,0.3983739837398374
1725,2287,1,0,0.046587309204874146,1,257,78,335,0.5829545454545455,0.3902439024390244
1726,2305,1,0,0.007372869413522792,1,258,78,336,0.5829545454545455,0.3902439024390244
1727,2309,1,0,0.0009045615004105856,1,259,78,337,0.5767428571428571,0.3821138211382114
1728,2369,1,0,0.04114526046630064,1,260,78,338,0.5704821483063778,0.37398373983739835
1729,2384,1,0,3.8137470704691856e-05,1,261,78,339,0.5704821483063778,0.37398373983739835
1730,2409,1,1,0.6206120354740998,1,261,78,339,0.5704821483063778,0.37398373983739835
1731,2446,1,1,0.9969415721658451,1,261,78,339,0.5767428571428571,0.3821138211382114
1732,2448,1,0,0.0022060131440649723,1,262,78,340,0.5767428571428571,0.3821138211382114
1733,2456,1,1,0.9999159016409883,1,262,78,340,0.5767428571428571,0.3821138211382114
1734,2467,1,0,7.660426526374171e-06,1,263,78,341,0.5767428571428571,0.3821138211382114
1735,2471,1,0,0.01589911923413968,1,264,78,342,0.5767428571428571,0.3821138211382114
1736,2476,1,0,1.035669062787202e-05,1,265,78,343,0.5704821483063778,0.37398373983739835
1737,2480,1,1,0.9998632596479369,1,265,78,343,0.5704821483063778,0.37398373983739835
1738,2506,0,0,4.9735088065587006e-05,1,265,78,343,0.5752300679891014,0.3770491803278688
1739,2517,0,0,0.0005372328191152804,1,265,78,343,0.5800081599347204,0.38016528925619836
1740,2549,0,0,1.8804107375849394e-05,1,265,78,343,0.5848157511683137,0.38333333333333336
1741,2552,0,0,7.656235164901233e-05,1,265,78,343,0.5833574118189503,0.37815126050420167
1742,2559,0,0,3.911876760570167e-05,1,265,78,343,0.5882266009852217,0.3813559322033898
1743,2598,0,0,0.00037893276407785286,1,265,78,343,0.5931235383310632,0.38461538461538464
1744,2636,0,0,0.0002179551683294915,1,265,78,343,0.5917163120567376,0.3793103448275862
1745,2675,0,0,0.012319082601240249,1,265,78,343,0.5966721785861927,0.3826086956521739
1746,2718,0,0,1.7598625049252548e-06,1,265,78,343,0.6016541119826047,0.38596491228070173
1747,2750,0,0,0.0005941268085728692,1,265,78,343,0.6066614794065774,0.3893805309734513
1748,2778,0,0,0.0016737158453589522,1,265,78,343,0.6053333333333333,0.38392857142857145
1749,2787,0,0,0.0033513109205443883,1,265,78,343,0.610396148124951,0.38738738738738737
1750,2821,0,0,0.01153211395142576,1,265,78,343,0.6090823307383818,0.38181818181818183
1751,2826,0,0,0.000446127966209081,1,265,78,343,0.6077511520737328,0.3761467889908257
1752,2860,0,0,0.00029910833810531124,1,265,78,343,0.6064015241724221,0.37037037037037035
1753,2882,0,0,0.00026069447270759194,1,265,78,343,0.6050323146892205,0.3644859813084112
1754,2934,0,0,0.00013455727302241543,1,265,78,343,0.6036423433781652,0.3584905660377358
1755,2935,0,1,0.9869335634005181,1,265,79,344,0.598015873015873,0.3523809523809524
1756,2967,0,0,0.0035344555841281557,1,265,79,344,0.5965958364793441,0.34615384615384615
1757,2993,0,0,0.0010130541462657927,1,265,79,344,0.6018810006761325,0.34951456310679613
1758,3030,0,0,0.00020338662619861646,1,265,79,344,0.6004674702729178,0.3431372549019608
1759,3039,0,0,0.1600159622002564,1,265,79,344,0.6058041270881102,0.3465346534653465
1760,3061,0,0,0.0030912370589804387,1,265,79,344,0.6111613132889728,0.35
1761,3077,0,1,0.7097779343973094,1,265,80,345,0.6055824175824175,0.3434343434343434
1762,3159,0,0,0.0014632921673987055,1,265,80,345,0.6041951543312314,0.336734693877551
1763,3222,0,0,0.0010824046805570531,1,265,80,345,0.6096192167855458,0.3402061855670103
1764,3234,0,0,0.0006563407615239789,1,265,80,345,0.6150623885918003,0.34375
1765,3250,0,0,0.1006745119001291,1,265,80,345,0.620524109014675,0.3473684210526316
1766,3257,0,0,1.938932211148811e-05,1,265,80,345,0.6191991213990032,0.3404255319148936
1767,3261,0,1,0.7988389307240883,1,265,81,346,0.6205009715299485,0.34408602150537637
1768,3292,0,0,0.002616808672927111,1,265,81,346,0.6191969125117057,0.33695652173913043
1769,3427,0,0,6.5842979548393866e-06,1,265,81,346,0.6247407407407407,0.34065934065934067
1770,3433,0,0,0.0002574694055335256,1,265,81,346,0.6247407407407407,0.34065934065934067
1771,3532,0,0,5.508710985768365e-05,1,265,81,346,0.6247407407407407,0.34065934065934067
1772,3591,0,0,0.0004946146393392531,1,265,81,346,0.6289404731256615,0.34065934065934067
1773,3608,0,0,0.0002983838722566118,1,265,81,346,0.6289404731256615,0.34065934065934067
1774,3609,0,0,0.00014659835540610774,1,265,81,346,0.6289404731256615,0.34065934065934067
1775,3612,0,0,0.019909689637419792,1,265,81,346,0.6289404731256615,0.34065934065934067
1776,3634,0,0,0.0011890874953999469,1,265,81,346,0.6331479779411765,0.34065934065934067
1777,3637,0,0,2.082757320811881e-06,1,265,81,346,0.6331479779411765,0.34065934065934067
1778,3660,0,0,0.00028911124247082314,1,265,81,346,0.6331479779411765,0.34065934065934067
1779,3661,0,0,0.00026647422063751964,1,265,81,346,0.6373640794900637,0.34065934065934067
1780,3668,0,0,0.002627512263651188,1,265,81,346,0.6373640794900637,0.34065934065934067
1781,3673,0,0,0.002522865719285661,1,265,81,346,0.6373640794900637,0.34065934065934067
1782,3685,0,0,0.0026009682398121675,1,265,81,346,0.6373640794900637,0.34065934065934067
1783,3743,0,0,0.0006245340353503057,1,265,81,346,0.6373640794900637,0.34065934065934067
1784,3745,0,0,1.99352980533912e-05,1,265,81,346,0.6373640794900637,0.34065934065934067
1785,3748,0,0,0.0014183246725138223,1,265,81,346,0.6373640794900637,0.34065934065934067
1786,3777,0,0,0.00021112631761450057,1,265,81,346,0.6373640794900637,0.34065934065934067
1787,3798,0,1,0.9112738884270434,1,265,82,347,0.6331479779411765,0.34065934065934067
1788,3889,0,0,8.250350480562267e-06,1,265,82,347,0.6331479779411765,0.34065934065934067
1789,3972,0,0,0.026486143570937117,1,265,82,347,0.6331479779411765,0.34065934065934067
1790,3977,0,0,0.0004344885690394656,1,265,82,347,0.6331479779411765,0.34065934065934067
1791,4003,0,0,0.00018918344862420836,1,265,82,347,0.6331479779411765,0.34065934065934067
1792,4007,0,0,0.00010112547680016393,1,265,82,347,0.6331479779411765,0.34065934065934067
1793,4048,0,0,0.0022890236131965142,1,265,82,347,0.6331479779411765,0.34065934065934067
1794,4124,0,1,0.7508533840971571,1,265,83,348,0.6289404731256615,0.34065934065934067
1795,4185,0,0,0.004195690059397307,1,265,83,348,0.6289404731256615,0.34065934065934067
1796,4204,0,0,0.014342740229428014,1,265,83,348,0.6289404731256615,0.34065934065934067
1797,4205,0,0,0.0003116698512431083,1,265,83,348,0.6289404731256615,0.34065934065934067
1798,4250,0,0,0.00016915472673888362,1,265,83,348,0.6289404731256615,0.34065934065934067
1799,4253,0,0,0.017719252922304068,2,265,83,348,0.6331479779411765,0.34065934065934067
1800,4265,0,0,0.00012160852704638328,2,265,83,348,0.6331479779411765,0.34065934065934067
1801,4271,0,0,0.01809546915539903,2,265,83,348,0.6331479779411765,0.34065934065934067
1802,4292,0,0,0.000252435217308767,2,265,83,348,0.6331479779411765,0.34065934065934067
1803,4305,0,0,0.0006302580832360232,2,265,83,348,0.6331479779411765,0.34065934065934067
1804,4310,0,0,0.026152609028184098,2,265,83,348,0.6331479779411765,0.34065934065934067
1805,4345,0,0,0.008613956294118638,2,265,83,348,0.6331479779411765,0.34065934065934067
1806,4374,0,0,0.0004518072770238721,2,265,83,348,0.6331479779411765,0.34065934065934067
1807,4385,0,0,0.00819088938982149,2,265,83,348,0.6331479779411765,0.34065934065934067
1808,4390,0,0,0.00018385057671188457,2,265,83,348,0.6331479779411765,0.34065934065934067
1809,4394,0,1,0.8391600340095553,2,265,84,349,0.6289404731256615,0.34065934065934067
1810,4402,0,0,0.001100936743080295,2,265,84,349,0.6289404731256615,0.34065934065934067
1811,4441,0,0,0.00026248161803770235,2,265,84,349,0.6289404731256615,0.34065934065934067
1812,4477,0,0,7.872538079582215e-05,2,265,84,349,0.6289404731256615,0.34065934065934067
1813,4569,0,0,0.0053381465540567824,2,265,84,349,0.6289404731256615,0.34065934065934067
1814,4570,0,0,3.2853390335065915e-06,2,265,84,349,0.6289404731256615,0.34065934065934067
1815,4575,0,0,0.024921585248141736,2,265,84,349,0.6289404731256615,0.34065934065934067
1816,4603,0,0,0.00014544554155689713,2,265,84,349,0.6289404731256615,0.34065934065934067
1817,4605,0,0,2.0986798369858036e-05,2,265,84,349,0.6289404731256615,0.34065934065934067
1818,4612,0,0,1.0672938755918806e-06,2,265,84,349,0.6289404731256615,0.34065934065934067
1819,4668,0,0,0.033435062280899375,2,265,84,349,0.6289404731256615,0.34065934065934067
1820,4702,0,0,3.952544608084835e-05,2,265,84,349,0.6289404731256615,0.34065934065934067
1821,4704,0,0,0.0008524384954643214,2,265,84,349,0.6289404731256615,0.34065934065934067
1822,4738,0,0,0.0008388804491579692,2,265,84,349,0.6331479779411765,0.34065934065934067
1823,4795,0,0,4.934384715024675e-05,2,265,84,349,0.6331479779411765,0.34065934065934067
1824,4915,0,0,0.0019354580824314106,2,265,84,349,0.6331479779411765,0.34065934065934067
1825,4971,0,0,2.239127361589806e-05,2,265,84,349,0.6331479779411765,0.34065934065934067
1826,4985,0,0,6.780100097171385e-05,2,265,84,349,0.6331479779411765,0.34065934065934067
1827,4986,0,0,0.002271552530477976,2,265,84,349,0.6331479779411765,0.34065934065934067
1828,4987,0,0,7.04466136620614e-05,2,265,84,349,0.6331479779411765,0.34065934065934067
1829,4997,0,0,9.798460931499957e-05,2,265,84,349,0.6331479779411765,0.34065934065934067
1830,20,1,1,0.9924225944247184,2,265,84,349,0.6344615384615385,0.34782608695652173
1831,24,1,1,0.9906990231127164,2,265,84,349,0.6357462686567164,0.3548387096774194
1832,53,1,0,0.0028776922033584055,2,266,84,350,0.630236828025119,0.35106382978723405
1833,89,1,0,0.034445045891206255,2,267,84,351,0.6247446975648075,0.3473684210526316
1834,104,1,1,0.9873038091245022,2,267,84,351,0.6260606060606061,0.3541666666666667
1835,136,1,1,0.9998237449212257,2,267,84,351,0.6273503706162186,0.36082474226804123
1836,166,1,1,0.9906088428326194,2,267,84,351,0.6286153846153846,0.3673469387755102
1837,168,1,1,0.9999934435373538,2,267,84,351,0.6298569712850748,0.37373737373737376
1838,199,1,0,0.00391108929221899,2,268,84,352,0.6245000136050719,0.37
1839,206,1,1,0.9784865820963201,2,268,84,352,0.6257484787018255,0.37623762376237624
1840,240,1,1,0.9936567412771395,2,268,84,352,0.6269758812615955,0.38235294117647056
1841,260,1,0,0.003864158573534959,2,269,84,353,0.6216966966966967,0.3786407766990291
1842,273,1,1,0.9984791081054528,2,269,84,353,0.6229333333333333,0.38461538461538464
1843,278,1,1,0.8641861180478372,2,269,84,353,0.6241511035653651,0.3904761904761905
1844,284,1,1,0.7666126015051419,2,269,84,353,0.6253510716925351,0.39622641509433965
1845,395,1,0,0.1394380141782497,2,270,84,354,0.6201803818301513,0.3925233644859813
1846,397,1,0,0.12622038638578806,2,271,84,355,0.6150315258511979,0.3888888888888889
1847,415,1,0,0.17313258307563006,2,272,84,356,0.6150315258511979,0.3888888888888889
1848,428,1,0,0.047437186021341345,2,273,84,357,0.6150315258511979,0.3888888888888889
1849,431,1,1,0.993555700461791,2,273,84,357,0.621392886162879,0.39814814814814814
1850,500,1,1,0.9997320671610457,2,273,84,357,0.6277016424312166,0.4074074074074074
1851,552,1,1,0.9069439922887326,2,273,84,357,0.6277016424312166,0.4074074074074074
1852,615,1,1,0.7088116972274477,2,273,84,357,0.6339591325452126,0.4166666666666667
1853,645,1,1,0.999177823152121,2,273,84,357,0.6401666666666667,0.42592592592592593
1854,656,1,0,0.01499568162731773,2,274,84,358,0.6401666666666667,0.42592592592592593
1855,716,1,1,0.9995527724630257,2,274,84,358,0.6463255282101926,0.4351851851851852
1856,744,1,1,0.9995178238932725,2,274,84,358,0.652436974789916,0.4444444444444444
1857,851,1,1,0.9931294325893766,2,274,84,358,0.6585022391343739,0.4537037037037037
1858,871,1,1,0.9987871794503707,2,274,84,358,0.6645225299710624,0.46296296296296297
1859,908,1,1,0.9948963511782438,2,274,84,358,0.6704990328820116,0.4722222222222222
1860,910,1,1,0.9950817828258661,2,274,84,358,0.6764329111317063,0.48148148148148145
1861,912,1,1,0.708625090287955,2,274,84,358,0.6764329111317063,0.48148148148148145
1862,933,1,1,0.9393138502372491,2,274,84,358,0.6823253064686078,0.49074074074074076
1863,943,1,1,0.703732341015323,2,274,84,358,0.6881773399014779,0.5
1864,957,1,1,0.9996848976876984,2,274,84,358,0.6881773399014779,0.5
1865,1014,1,1,0.8179926552493616,2,274,84,358,0.693990112451651,0.5092592592592593
1866,1016,1,1,0.9607367734719076,2,274,84,358,0.6997647058823528,0.5185185185185185
1867,1019,1,0,0.0019376325857396448,2,275,84,359,0.693990112451651,0.5092592592592593
1868,1097,1,0,0.2144095856101265,2,276,84,360,0.6881773399014779,0.5
1869,1112,1,1,0.8453661781576588,2,276,84,360,0.6881773399014779,0.5
1870,1117,1,1,0.9940299117990181,2,276,84,360,0.693990112451651,0.5092592592592593
1871,1131,1,0,0.004999704899504469,2,277,84,361,0.6881773399014779,0.5
1872,1195,1,0,0.06688798263107792,2,278,84,362,0.6823253064686078,0.49074074074074076
1873,1202,1,1,0.7523755532257675,2,278,84,362,0.6881773399014779,0.5
1874,1238,1,1,0.9985560310638699,2,278,84,362,0.693990112451651,0.5092592592592593
1875,1249,1,0,0.00837722382160084,2,279,84,363,0.693990112451651,0.5092592592592593
1876,1271,1,0,0.03601727280725433,2,280,84,364,0.693990112451651,0.5092592592592593
1877,1326,1,1,0.9978007678258155,2,280,84,364,0.6997647058823528,0.5185185185185185
1878,1380,1,0,4.9046629474910216e-05,2,281,84,365,0.693990112451651,0.5092592592592593
1879,1438,1,0,0.00037699265410794417,2,282,84,366,0.693990112451651,0.5092592592592593
1880,1472,1,1,0.6526915952412888,2,282,84,366,0.693990112451651,0.5092592592592593
1881,1497,1,1,0.8574474314025117,2,282,84,366,0.6997647058823528,0.5185185185185185
1882,1509,1,0,0.4906043975640667,2,283,84,367,0.693990112451651,0.5092592592592593
1883,1535,1,1,0.970821263743771,2,283,84,367,0.6997647058823528,0.5185185185185185
1884,1553,1,1,0.5340291447761696,2,283,84,367,0.6997647058823528,0.5185185185185185
1885,1579,1,1,0.9999160522859292,2,283,84,367,0.7055021834061135,0.5277777777777778
1886,1589,1,1,0.9787137159223693,2,283,84,367,0.711203590371277,0.5370370370370371
1887,1610,1,0,0.00025052767302107025,2,284,84,368,0.711203590371277,0.5370370370370371
1888,1754,1,0,0.002277651638705161,2,285,84,369,0.711203590371277,0.5370370370370371
1889,1786,1,0,0.03210058376472743,2,286,84,370,0.7055021834061135,0.5277777777777778
1890,1802,1,1,0.9964102408138417,2,286,84,370,0.711203590371277,0.5370370370370371
1891,1824,1,1,0.9988049944795141,2,286,84,370,0.711203590371277,0.5370370370370371
1892,1832,1,1,0.7082150756753158,2,286,84,370,0.711203590371277,0.5370370370370371
1893,1842,1,0,0.07218537605604754,2,287,84,371,0.711203590371277,0.5370370370370371
1894,1850,1,0,0.003864158573534959,2,288,84,372,0.711203590371277,0.5370370370370371
1895,1870,1,1,0.999367994742638,2,288,84,372,0.7168699549285732,0.5462962962962963
1896,1892,1,0,0.001750157853435351,2,289,84,373,0.711203590371277,0.5370370370370371
1897,1911,1,1,0.7085275819515127,2,289,84,373,0.7168699549285732,0.5462962962962963
1898,1917,1,0,0.007124430789724982,2,290,84,374,0.7168699549285732,0.5462962962962963
1899,1931,1,1,0.9999829020134874,2,290,84,374,0.7168699549285732,0.5462962962962963
1900,2027,1,0,0.007124430789724982,2,291,84,375,0.711203590371277,0.5370370370370371
1901,2040,1,0,0.00398044501617428,2,292,84,376,0.711203590371277,0.5370370370370371
1902,2122,1,1,0.9979311978480838,2,292,84,376,0.711203590371277,0.5370370370370371
1903,2146,1,0,0.01473775303398344,2,293,84,377,0.711203590371277,0.5370370370370371
1904,2167,1,1,0.9992637131948687,2,293,84,377,0.711203590371277,0.5370370370370371
1905,2187,1,1,0.7664914410780594,2,293,84,377,0.7168699549285732,0.5462962962962963
1906,2197,1,1,0.9943937283237138,2,293,84,377,0.7225022886786695,0.5555555555555556
1907,2203,1,0,0.060898681998145375,2,294,84,378,0.7225022886786695,0.5555555555555556
1908,2275,1,0,0.00040161149606291233,2,295,84,379,0.7168699549285732,0.5462962962962963
1909,2302,1,0,0.04631727044260133,2,296,84,380,0.7168699549285732,0.5462962962962963
1910,2355,1,1,0.995844644137601,2,296,84,380,0.7168699549285732,0.5462962962962963
1911,2357,1,1,0.9824050216588394,2,296,84,380,0.7225022886786695,0.5555555555555556
1912,2364,1,0,0.006929968284089741,2,297,84,381,0.7225022886786695,0.5555555555555556
1913,2373,1,1,0.9909805512195013,2,297,84,381,0.7281015873015874,0.5648148148148148
1914,2404,1,1,0.9806979975405964,2,297,84,381,0.7281015873015874,0.5648148148148148
1915,2425,1,1,0.9981587035549871,2,297,84,381,0.7336688311688312,0.5740740740740741
1916,2429,1,0,0.006365517767084855,2,298,84,382,0.7281015873015874,0.5648148148148148
1917,2535,0,0,9.280109777115513e-05,2,298,84,382,0.7331237920862577,0.5700934579439252
1918,2550,0,1,0.99924053128183,2,298,85,383,0.7334676024819449,0.5754716981132075
1919,2619,0,0,5.603029539320375e-05,2,298,85,383,0.7385131521988235,0.580952380952381
1920,2690,0,0,0.00015123799210133417,2,298,85,383,0.7380127173829771,0.5769230769230769
1921,2699,0,0,0.07948268217807815,2,298,85,383,0.7430946291560103,0.5825242718446602
1922,2752,0,0,0.0002678258319911268,2,298,85,383,0.7426108374384236,0.5784313725490197
1923,2757,0,0,0.0007804307852852868,2,298,85,383,0.7421223354958295,0.5742574257425742
1924,2814,0,0,0.00033160697007280005,2,298,85,383,0.7472598323662153,0.58
1925,2839,0,0,0.00027327688410672785,2,298,85,383,0.7524100868127326,0.5858585858585859
1926,2866,0,0,0.0002666764828977682,2,298,85,383,0.7575724159353888,0.5918367346938775
1927,2945,0,0,0.00026738855637850996,2,298,85,383,0.7627461354912336,0.5979381443298969
1928,3052,0,1,0.998854953614185,2,298,86,384,0.7631995020230314,0.6041666666666666
1929,3066,0,0,0.2903757832728523,2,298,86,384,0.7683866524597832,0.6105263157894737
1930,3097,0,0,0.00012297772512138408,2,298,86,384,0.7680184764738119,0.6063829787234043
1931,3163,0,0,3.3484450426400898e-06,2,298,86,384,0.7676456711488558,0.6021505376344086
1932,3175,0,0,6.566773095857915e-07,2,298,86,384,0.7728793610760825,0.6086956521739131
1933,3193,0,0,0.05509065210058728,2,298,86,384,0.772520325203252,0.6043956043956044
1934,3238,0,0,4.650785037535881e-06,2,298,86,384,0.7777804239104549,0.6111111111111112
1935,3264,0,0,0.00012534962356070694,2,298,86,384,0.7830475382003397,0.6179775280898876
1936,3344,0,0,8.132009478459368e-06,2,298,86,384,0.7883209659831378,0.625
1937,3385,0,0,0.029125902521886366,2,298,86,384,0.7880111767694323,0.6206896551724138
1938,3392,0,0,0.008056524822390748,2,298,86,384,0.7880111767694323,0.6206896551724138
1939,3487,0,0,1.8964514956066832e-05,2,298,86,384,0.7880111767694323,0.6206896551724138
1940,3511,0,0,2.3470585951230337e-05,2,298,86,384,0.7880111767694323,0.6206896551724138
1941,3527,0,0,4.001044794093699e-06,2,298,86,384,0.7880111767694323,0.6206896551724138
1942,3536,0,0,0.0004730629515872584,2,298,86,384,0.7880111767694323,0.6206896551724138
1943,3547,0,0,0.0007228865826714158,2,298,86,384,0.7880111767694323,0.6206896551724138
1944,3580,0,0,0.0022206688801454143,2,298,86,384,0.7880111767694323,0.6206896551724138
1945,3620,0,0,0.00048677886259660227,2,298,86,384,0.7880111767694323,0.6206896551724138
1946,3676,0,0,0.0016693411276189755,2,298,86,384,0.7880111767694323,0.6206896551724138
1947,3682,0,1,0.9639938686246523,2,298,87,385,0.78328,0.6206896551724138
1948,3737,0,0,0.00017941419636186514,2,298,87,385,0.78328,0.6206896551724138
1949,3810,0,0,2.4327396246323835e-05,2,298,87,385,0.78328,0.6206896551724138
1950,3846,0,0,0.00036310037755598386,2,298,87,385,0.78328,0.6206896551724138
1951,3848,0,0,0.001915007235575005,2,298,87,385,0.78328,0.6206896551724138
1952,3850,0,0,0.010386541017362942,2,298,87,385,0.78328,0.6206896551724138
1953,3909,0,0,0.0025498345988503937,2,298,87,385,0.78328,0.6206896551724138
1954,3940,0,0,1.7777579707341615e-05,2,298,87,385,0.78328,0.6206896551724138
1955,4005,0,0,0.0006984423403241835,2,298,87,385,0.7880111767694323,0.6206896551724138
1956,4010,0,0,0.0018031413813369682,2,298,87,385,0.7880111767694323,0.6206896551724138
1957,4032,0,0,0.0014576535249758368,2,298,87,385,0.7880111767694323,0.6206896551724138
1958,4078,0,0,0.0014999194929610725,2,298,87,385,0.7880111767694323,0.6206896551724138
1959,4111,0,0,0.0010579169055338472,2,298,87,385,0.7880111767694323,0.6206896551724138
1960,4121,0,0,0.24152684590853898,2,298,87,385,0.7880111767694323,0.6206896551724138
1961,4125,0,0,4.0432033432551813e-05,2,298,87,385,0.7927498927498928,0.6206896551724138
1962,4127,0,0,0.0008877372442188872,2,298,87,385,0.7927498927498928,0.6206896551724138
1963,4230,0,0,1.637791473746553e-05,2,298,87,385,0.7927498927498928,0.6206896551724138
1964,4248,0,0,0.0018049494838745341,2,298,87,385,0.7927498927498928,0.6206896551724138
1965,4369,0,0,0.00318875891057285,2,298,87,385,0.7927498927498928,0.6206896551724138
1966,4377,0,0,7.284036054705085e-06,2,298,87,385,0.7927498927498928,0.6206896551724138
1967,4380,0,0,0.0019869669852313936,2,298,87,385,0.7974969750746149,0.6206896551724138
1968,4460,0,0,0.0003874551290464055,2,298,87,385,0.7974969750746149,0.6206896551724138
1969,4490,0,0,4.362115400767425e-06,2,298,87,385,0.7974969750746149,0.6206896551724138
1970,4590,0,0,0.20546249783164486,2,298,87,385,0.7974969750746149,0.6206896551724138
1971,4624,0,0,0.00018704165653926947,2,298,87,385,0.7974969750746149,0.6206896551724138
1972,4632,0,0,8.737051002880487e-05,2,298,87,385,0.7974969750746149,0.6206896551724138
1973,4642,0,0,0.0001248738235016791,2,298,87,385,0.7974969750746149,0.6206896551724138
1974,4666,0,0,0.0013960959512812842,2,298,87,385,0.7974969750746149,0.6206896551724138
1975,4669,0,0,0.003002607562441813,2,298,87,385,0.7974969750746149,0.6206896551724138
1976,4686,0,0,0.0017099370009748907,2,298,87,385,0.7974969750746149,0.6206896551724138
1977,4788,0,0,0.0012849318580748477,2,298,87,385,0.7974969750746149,0.6206896551724138
1978,4801,0,0,0.1355331574530116,2,298,87,385,0.7974969750746149,0.6206896551724138
1979,4815,0,0,0.038942197231449746,2,298,87,385,0.7974969750746149,0.6206896551724138
1980,4825,0,0,0.018695361052433922,2,298,87,385,0.7974969750746149,0.6206896551724138
1981,4872,0,0,0.002086177859755539,2,298,87,385,0.7974969750746149,0.6206896551724138
1982,4882,0,0,0.0010876730023290607,2,298,87,385,0.7974969750746149,0.6206896551724138
1983,4926,0,0,0.0008552219976436595,2,298,87,385,0.7974969750746149,0.6206896551724138
1984,4981,0,0,0.00010821458552210884,2,298,87,385,0.7974969750746149,0.6206896551724138
1985,9,1,1,0.9959724623605101,2,298,87,385,0.7978202625738656,0.625
1986,11,1,1,0.9998120510671832,2,298,87,385,0.7981385143221894,0.6292134831460674
1987,13,1,0,0.4891237028382915,2,299,87,386,0.7976302561238332,0.6222222222222222
1988,21,1,1,0.9967476301565261,2,299,87,386,0.7979669762641899,0.6263736263736264
1989,26,1,1,0.9970037117306364,2,299,87,386,0.7982988808426598,0.6304347826086957
1990,34,1,1,0.9943594857207851,2,299,87,386,0.7986262483290085,0.6344086021505376
1991,37,1,0,0.00029464650957678807,2,300,87,387,0.7934093524427241,0.6276595744680851
1992,43,1,1,0.9999884966631135,2,300,87,387,0.79375,0.631578947368421
1993,55,1,1,0.9985389678890075,2,300,87,387,0.7940865234982882,0.6354166666666666
1994,59,1,0,0.306738488191017,2,301,87,388,0.7936922917315075,0.6288659793814433
1995,66,1,0,0.01184682579698342,2,302,87,389,0.7885206181564028,0.6224489795918368
1996,86,1,0,0.17438905315325096,2,303,87,390,0.7833588259611409,0.6161616161616161
1997,93,1,0,0.0005590936437615133,2,304,87,391,0.7782076079948419,0.61
1998,97,1,1,0.9970484705341836,2,304,87,391,0.7786181285497673,0.6138613861386139
1999,100,1,1,0.9932882689018281,2,304,87,391,0.7790245651784113,0.6176470588235294
2000,114,1,1,0.9933057118877004,2,304,87,391,0.7794272070277586,0.6213592233009708
2001,115,1,0,0.058680044844396,2,305,87,392,0.7743451652386781,0.6153846153846154
2002,118,1,1,0.7127130494079653,2,305,87,392,0.7747635032041501,0.6190476190476191
2003,121,1,1,0.9917798597114786,2,305,87,392,0.7751785714285714,0.6226415094339622
2004,127,1,1,0.9998273194194293,2,305,87,392,0.775590646826602,0.6261682242990654
2005,133,1,1,0.999903427150768,2,305,87,392,0.7759999999999999,0.6296296296296297
2006,151,1,0,0.058293709314821585,2,306,87,393,0.7710096117460077,0.6238532110091743
2007,156,1,0,0.022149984343156674,2,307,87,394,0.766034882548644,0.6181818181818182
2008,183,1,0,0.15356132250280496,2,308,87,395,0.76107652791418,0.6126126126126126
2009,187,1,1,0.987146708699399,2,308,87,395,0.7662962962962964,0.6160714285714286
2010,190,1,1,0.5091218641036478,2,308,87,395,0.7667641443071048,0.6194690265486725
2011,224,1,1,0.9859103713616346,2,308,87,395,0.7672300281011641,0.6228070175438597
2012,234,1,1,0.9994818198599082,2,308,87,395,0.7676942355889724,0.6260869565217392
2013,256,1,1,0.9954710921983838,2,308,87,395,0.7681570512820513,0.6293103448275862
2014,296,1,1,0.9909466553875244,2,308,87,395,0.768618756881193,0.6324786324786325
2015,298,1,1,0.9993547548277819,2,308,87,395,0.7690796318527411,0.635593220338983
2016,299,1,1,0.9980513845348526,2,308,87,395,0.7695399539953995,0.6386554621848739
2017,305,1,0,0.002122638690543147,2,309,87,396,0.7647591189779743,0.6333333333333333
2018,309,1,0,0.07132607755438174,2,310,87,397,0.76,0.628099173553719
2019,314,1,0,0.03889124037545506,2,311,87,398,0.7552633815845397,0.6229508196721312
2020,317,1,0,0.20723572454868985,2,312,87,399,0.7505500550055005,0.6178861788617886
2021,320,1,1,0.9986086073286559,2,312,87,399,0.7511004401760704,0.6209677419354839
2022,321,1,1,0.9993026958082126,2,312,87,399,0.751651486337704,0.624
2023,338,1,1,0.999112276096584,2,312,87,399,0.7522035256410257,0.626984126984127
2024,355,1,1,0.9989270534151118,2,312,87,399,0.7527568922305764,0.6299212598425197
2025,369,1,0,0.1924458388562489,2,313,87,400,0.7481651997291807,0.625
2026,370,1,0,0.14654894741795713,2,314,87,401,0.7436009634684866,0.6201550387596899
2027,373,1,1,0.934356497897982,2,314,87,401,0.7442066124007637,0.6230769230769231
2028,380,1,1,0.9994157468644815,2,314,87,401,0.7448148148148148,0.6259541984732825
2029,413,1,0,0.015963150926434043,2,315,87,402,0.7403318979627811,0.6212121212121212
2030,422,1,0,0.35518920992980024,2,316,87,403,0.7352173913043478,0.6136363636363636
2031,433,1,1,0.9996209314888891,2,316,87,403,0.7352173913043478,0.6136363636363636
2032,436,1,1,0.9999939474575016,2,316,87,403,0.7403318979627811,0.6212121212121212
2033,438,1,1,0.9966158822034213,2,316,87,403,0.7454259501965924,0.6287878787878788
2034,439,1,1,0.9544338166393344,2,316,87,403,0.7454259501965924,0.6287878787878788
2035,442,1,1,0.9998147592027967,2,316,87,403,0.7454259501965924,0.6287878787878788
2036,446,1,0,0.07198032207995239,2,317,87,404,0.7403318979627811,0.6212121212121212
2037,448,1,1,0.5879723869379823,2,317,87,404,0.7403318979627811,0.6212121212121212
2038,479,1,1,0.9904161615956744,2,317,87,404,0.7454259501965924,0.6287878787878788
2039,481,1,0,0.0329879675127725,2,318,87,405,0.7403318979627811,0.6212121212121212
2040,486,1,1,0.9960132028408879,2,318,87,405,0.7403318979627811,0.6212121212121212
2041,501,1,1,0.9986628684807168,2,318,87,405,0.7454259501965924,0.6287878787878788
2042,502,1,1,0.9999820484047701,2,318,87,405,0.7454259501965924,0.6287878787878788
2043,508,1,1,0.975609662592583,2,318,87,405,0.7454259501965924,0.6287878787878788
2044,511,1,1,0.9957994757746471,2,318,87,405,0.7454259501965924,0.6287878787878788
2045,513,1,0,0.00029464647893878975,2,319,87,406,0.7454259501965924,0.6287878787878788
2046,517,1,1,0.9978595291299314,2,319,87,406,0.7505002648906379,0.6363636363636364
2047,518,1,0,0.302344205454159,2,320,87,407,0.7505002648906379,0.6363636363636364
2048,524,1,0,0.20647918663367745,2,321,87,408,0.7505002648906379,0.6363636363636364
2049,535,1,1,0.9834313573507139,2,321,87,408,0.7505002648906379,0.6363636363636364
2050,538,1,1,0.9984709324265013,2,321,87,408,0.7505002648906379,0.6363636363636364
2051,573,1,1,0.9500324947990755,2,321,87,408,0.7505002648906379,0.6363636363636364
2052,584,1,0,0.005544181469065779,2,322,87,409,0.7454259501965924,0.6287878787878788
2053,592,1,1,0.8703297697185002,2,322,87,409,0.7454259501965924,0.6287878787878788
2054,595,1,1,0.9995028172538006,2,322,87,409,0.7505002648906379,0.6363636363636364
2055,600,1,1,0.9989409630729222,2,322,87,409,0.7505002648906379,0.6363636363636364
2056,610,1,1,0.9762440685048893,2,322,87,409,0.7505002648906379,0.6363636363636364
2057,617,1,0,0.005424532909761165,2,323,87,410,0.7454259501965924,0.6287878787878788
2058,627,1,0,0.04808564178732985,2,324,87,411,0.7403318979627811,0.6212121212121212
2059,629,1,0,0.004053386203140186,2,325,87,412,0.7352173913043478,0.6136363636363636
2060,640,1,1,0.9996422522932705,2,325,87,412,0.7352173913043478,0.6136363636363636
2061,668,1,0,0.07132607755438174,2,326,87,413,0.7300817096165935,0.6060606060606061
2062,670,1,1,0.9864182876811581,2,326,87,413,0.7300817096165935,0.6060606060606061
2063,684,1,1,0.9985770473127307,2,326,87,413,0.7300817096165935,0.6060606060606061
2064,693,1,1,0.9965680425372013,2,326,87,413,0.7300817096165935,0.6060606060606061
2065,710,1,1,0.99882552203216,2,326,87,413,0.7300817096165935,0.6060606060606061
2066,713,1,0,0.05576152736869917,2,327,87,414,0.7249241282283188,0.5984848484848485
2067,723,1,1,0.9997333149702542,2,327,87,414,0.7300817096165935,0.6060606060606061
2068,728,1,0,0.0011294999355497678,2,328,87,415,0.7300817096165935,0.6060606060606061
2069,743,1,1,0.9937007637354757,2,328,87,415,0.7300817096165935,0.6060606060606061
2070,745,1,0,0.274499006074833,2,329,87,416,0.7249241282283188,0.5984848484848485
2071,748,1,1,0.9986944085932519,2,329,87,416,0.7300817096165935,0.6060606060606061
2072,750,1,0,0.44725218206144535,2,330,87,417,0.7300817096165935,0.6060606060606061
2073,754,1,1,0.9168633324971406,2,330,87,417,0.7300817096165935,0.6060606060606061
2074,755,1,1,0.7148584015240864,2,330,87,417,0.7300817096165935,0.6060606060606061
2075,757,1,0,0.03473500488060264,2,331,87,418,0.7300817096165935,0.6060606060606061
2076,760,1,0,0.14521561603319666,2,332,87,419,0.7300817096165935,0.6060606060606061
2077,763,1,1,0.9140076505930307,2,332,87,419,0.7300817096165935,0.6060606060606061
2078,783,1,1,0.9994741980891662,2,332,87,419,0.7352173913043478,0.6136363636363636
2079,800,1,1,0.9980556693687673,2,332,87,419,0.7403318979627811,0.6212121212121212
2080,816,1,0,0.4333719991242119,2,333,87,420,0.7352173913043478,0.6136363636363636
2081,817,1,1,0.9947909169138905,2,333,87,420,0.7352173913043478,0.6136363636363636
2082,824,1,1,0.9963482251012804,2,333,87,420,0.7403318979627811,0.6212121212121212
2083,825,1,1,0.999367372574581,2,333,87,420,0.7403318979627811,0.6212121212121212
2084,826,1,0,0.19949775914346884,2,334,87,421,0.7352173913043478,0.6136363636363636
2085,838,1,1,0.9997422968547938,2,334,87,421,0.7352173913043478,0.6136363636363636
2086,847,1,0,0.0770512003679589,2,335,87,422,0.7300817096165935,0.6060606060606061
2087,848,1,1,0.8371233753113559,2,335,87,422,0.7352173913043478,0.6136363636363636
2088,872,1,1,0.9995138859324948,2,335,87,422,0.7403318979627811,0.6212121212121212
2089,873,1,1,0.997652946600021,2,335,87,422,0.7454259501965924,0.6287878787878788
2090,877,1,1,0.9988892221085507,2,335,87,422,0.7454259501965924,0.6287878787878788
2091,882,1,1,0.996761083273183,2,335,87,422,0.7454259501965924,0.6287878787878788
2092,885,1,1,0.9999553219984787,2,335,87,422,0.7454259501965924,0.6287878787878788
2093,901,1,0,0.06022994350442793,2,336,87,423,0.7454259501965924,0.6287878787878788
2094,902,1,1,0.9983496508987283,2,336,87,423,0.7505002648906379,0.6363636363636364
2095,903,1,0,0.004855394767116446,2,337,87,424,0.7454259501965924,0.6287878787878788
2096,904,1,1,0.9999919981684574,2,337,87,424,0.7505002648906379,0.6363636363636364
2097,911,1,1,0.9952571018260065,2,337,87,424,0.7505002648906379,0.6363636363636364
2098,913,1,1,0.995376703412371,2,337,87,424,0.7555555555555555,0.6439393939393939
2099,916,1,0,0.05541682666307396,3,338,87,425,0.7505002648906379,0.6363636363636364
2100,920,1,1,0.8574047359841127,3,338,87,425,0.7555555555555555,0.6439393939393939
2101,923,1,1,0.9981286861037395,3,338,87,425,0.7605925326727168,0.6515151515151515
2102,950,1,1,0.9990061031898722,3,338,87,425,0.7605925326727168,0.6515151515151515
2103,995,1,0,0.3336456411601437,3,339,87,426,0.7605925326727168,0.6515151515151515
2104,1004,1,1,0.9081404518767985,3,339,87,426,0.7605925326727168,0.6515151515151515
2105,1022,1,1,0.9985720082431068,3,339,87,426,0.7605925326727168,0.6515151515151515
2106,1023,1,1,0.9997114607950861,3,339,87,426,0.7605925326727168,0.6515151515151515
2107,1025,1,1,0.9997283489943626,3,339,87,426,0.7656119040388703,0.6590909090909091
2108,1037,1,1,0.999992112456177,3,339,87,426,0.7706143751108407,0.6666666666666666
2109,1054,1,1,0.9989887337873588,3,339,87,426,0.7756006493506493,0.6742424242424242
2110,1058,1,0,0.025451895246177598,3,340,87,427,0.7706143751108407,0.6666666666666666
2111,1087,1,1,0.9564347123574803,3,340,87,427,0.7706143751108407,0.6666666666666666
2112,1093,1,0,0.3888695067459357,3,341,87,428,0.7706143751108407,0.6666666666666666
2113,1107,1,0,0.0007499040322308842,3,342,87,429,0.7656119040388703,0.6590909090909091
2114,1108,1,1,0.9996595667196523,3,342,87,429,0.7656119040388703,0.6590909090909091
2115,1109,1,1,0.9935871820001911,3,342,87,429,0.7656119040388703,0.6590909090909091
2116,1115,1,1,0.9986090873769924,3,342,87,429,0.7706143751108407,0.6666666666666666
2117,1120,1,0,0.025196384971864168,3,343,87,430,0.7661363636363636,0.6616541353383458
2118,1127,1,0,0.03361377601607295,3,344,87,431,0.7664285714285713,0.6567164179104478
2119,1128,1,1,0.9997229966658139,3,344,87,431,0.7669819957277998,0.6592592592592592
2120,1129,1,1,0.9946073747302155,3,344,87,431,0.7675397796817626,0.6617647058823529
2121,1137,1,1,0.999403341750864,3,344,87,431,0.7681023017902813,0.6642335766423357
2122,1144,1,0,0.16598440241525225,3,345,87,432,0.7637547068316298,0.6594202898550725
2123,1153,1,1,0.869522771945541,3,345,87,432,0.7643501837526663,0.6618705035971223
2124,1155,1,0,0.4915436232853762,3,346,87,433,0.7600659046442179,0.6571428571428571
2125,1182,1,1,0.999239154654691,3,346,87,433,0.760696568830095,0.6595744680851063
2126,1185,1,1,0.9933790642208057,3,346,87,433,0.7613341632949476,0.6619718309859155
2127,1190,1,0,0.042064914394274684,3,347,87,434,0.7571472751370878,0.6573426573426573
2128,1209,1,1,0.9999031630953606,3,347,87,434,0.7625,0.6597222222222222
2129,1213,1,1,0.9888118694755529,3,347,87,434,0.7631812951145517,0.6620689655172414
2130,1221,1,1,0.9977423630020642,3,347,87,434,0.7638713745271122,0.6643835616438356
2131,1231,1,1,0.9984634757567187,3,347,87,434,0.7645707950585999,0.6666666666666666
2132,1235,1,1,0.9993116860849327,3,347,87,434,0.7652801358234295,0.668918918918919
2133,1246,1,1,0.991962641761885,3,347,87,434,0.7659999999999999,0.6711409395973155
2134,1253,1,0,0.029194424138522013,3,348,87,435,0.7620390919543303,0.6666666666666666
2135,1257,1,1,0.9996477811783584,3,348,87,435,0.7628063241106718,0.6688741721854304
2136,1266,1,0,0.029599639297415842,3,349,87,436,0.7589299967641031,0.6644736842105263
2137,1291,1,1,0.9996388098236918,3,349,87,436,0.7597482638888888,0.6666666666666666
2138,1297,1,1,0.9995746662821523,3,349,87,436,0.7605808494377115,0.6688311688311688
2139,1299,1,1,0.9981033271719657,3,349,87,436,0.7614285714285713,0.6709677419354839
2140,1301,1,1,0.9970462269928145,3,349,87,436,0.7622922889700188,0.6730769230769231
2141,1315,1,0,0.08205500062551371,3,350,87,437,0.7586309011684383,0.6687898089171974
2142,1318,1,0,0.04507175375673265,3,351,87,438,0.7550267379679144,0.6645569620253164
2143,1328,1,0,0.01864445733082234,3,352,87,439,0.7514814814814815,0.660377358490566
2144,1336,1,1,0.9961868250188891,3,352,87,439,0.75249922559207,0.6625
2145,1337,1,1,0.99982678350909,3,352,87,439,0.753538692925452,0.6645962732919255
2146,1340,1,0,0.05938291848716415,3,353,87,440,0.7501538461538462,0.6604938271604939
2147,1352,1,1,0.9990752213774285,3,353,87,440,0.7557181269487114,0.6625766871165644
2148,1368,1,0,0.027503466769978665,3,354,87,441,0.7524264705882352,0.6585365853658537
2149,1378,1,1,0.9842656982814473,3,354,87,441,0.7536090835360909,0.6606060606060606
2150,1387,1,0,0.037632648340883756,3,355,87,442,0.7504436363636364,0.6566265060240963
2151,1403,1,1,0.998547905477228,3,355,87,442,0.7517134806727128,0.6586826347305389
2152,1408,1,1,0.9382902427520902,3,355,87,442,0.7530151959477471,0.6607142857142857
2153,1409,1,0,0.3278500031004516,3,356,87,443,0.7500476190476191,0.6568047337278107
2154,1417,1,1,0.9955817269819599,3,356,87,443,0.751448491405217,0.6588235294117647
2155,1450,1,1,0.9977648866109746,3,356,87,443,0.7528873239436621,0.6608187134502924
2156,1470,1,0,0.003937612845836283,3,357,87,444,0.75013882532418,0.6569767441860465
2157,1496,1,1,0.9972776719099877,3,357,87,444,0.7516909746847154,0.6589595375722543
2158,1502,1,1,0.9965116367443428,3,357,87,444,0.753288444153496,0.6609195402298851
2159,1512,1,0,0.035252840320002636,3,358,87,445,0.7507836990595612,0.6571428571428571
2160,1515,1,1,0.9998894147910024,3,358,87,445,0.7525114155251141,0.6590909090909091
2161,1518,1,1,0.9994151596543719,3,358,87,445,0.7542934154793993,0.6610169491525424
2162,1523,1,1,0.5627299849235742,3,358,87,445,0.7561330561330561,0.6629213483146067
2163,1528,1,0,3.4839171039651304e-05,3,359,87,446,0.7539939851590337,0.659217877094972
2164,1540,1,1,0.9980162395238471,3,359,87,446,0.7559919202622604,0.6611111111111111
2165,1559,1,0,0.09640017545560203,3,360,87,447,0.7540666666666667,0.6574585635359116
2166,1592,1,1,0.9919672336935719,3,360,87,447,0.7562400324368157,0.6593406593406593
2167,1599,1,1,0.9968716959971925,3,360,87,447,0.7584923245614036,0.6612021857923497
2168,1604,1,1,0.9996023099887993,3,360,87,447,0.7608288137950217,0.6630434782608695
2169,1605,1,1,0.9986060344088333,3,360,87,447,0.7632552230378318,0.6648648648648648
2170,1631,1,0,0.0550563451596692,3,361,87,448,0.7619268110530247,0.6612903225806451
2171,1655,1,1,0.9981881340090302,3,361,87,448,0.7645836193504101,0.6631016042780749
2172,1658,1,1,0.999721648504818,3,361,87,448,0.7673504461826596,0.6648936170212766
2173,1660,1,1,0.9912759401324871,3,361,87,448,0.7702352941176471,0.6666666666666666
2174,1670,1,1,0.9675809296060496,3,361,87,448,0.7732469309414313,0.6684210526315789
2175,1673,1,1,0.9982254631501422,3,361,87,448,0.7763949843260188,0.6701570680628273
2176,1674,1,1,0.9819789480456939,3,361,87,448,0.7796900508695138,0.671875
2177,1688,1,1,0.9992098707713624,3,361,87,448,0.7831438221221504,0.6735751295336787
2178,1689,1,1,0.9901148434445525,3,361,87,448,0.7867692307692308,0.6752577319587629
2179,1709,1,1,0.9684212944470088,3,361,87,448,0.790580620836999,0.676923076923077
2180,1715,1,1,0.9965648565021518,3,361,87,448,0.7945939466586754,0.6785714285714286
2181,1730,1,1,0.9947898832219885,3,361,87,448,0.798827006436359,0.6802030456852792
2182,1736,1,1,0.999224191287703,3,361,87,448,0.8032997176280758,0.6818181818181818
2183,1758,1,1,0.9930867880248869,3,361,87,448,0.8080344431687715,0.6834170854271356
2184,1771,1,1,0.9995439396181834,3,361,87,448,0.8130563798219584,0.685
2185,1800,1,1,0.5723291609191465,3,361,87,448,0.8130563798219584,0.685
2186,1801,1,1,0.9981292731019804,3,361,87,448,0.8130563798219584,0.685
2187,1829,1,0,0.00011756622845514898,3,362,87,449,0.8130563798219584,0.685
2188,1831,1,1,0.999284485221403,3,362,87,449,0.8130563798219584,0.685
2189,1836,1,1,0.9978474845877354,3,362,87,449,0.8130563798219584,0.685
2190,1840,1,1,0.9781566679981313,3,362,87,449,0.8130563798219584,0.685
2191,1843,1,1,0.9964405341984693,3,362,87,449,0.8165680473372781,0.69
2192,1845,1,1,0.9883128940831147,3,362,87,449,0.8165680473372781,0.69
2193,1852,1,0,0.0008629179844408042,3,363,87,450,0.8130563798219584,0.685
2194,1854,1,0,0.28373162409718766,3,364,87,451,0.8130563798219584,0.685
2195,1855,1,1,0.9535204719179385,3,364,87,451,0.8165680473372781,0.69
2196,1864,1,0,0.0022669823684326,3,365,87,452,0.8165680473372781,0.69
2197,1872,1,1,0.9394575861454465,3,365,87,452,0.8200589970501475,0.695
2198,1879,1,1,0.9164311727064545,3,365,87,452,0.8200589970501475,0.695
2199,1903,1,0,0.15464087848770242,3,366,87,453,0.8165680473372781,0.69
2200,1909,1,1,0.9957055110111754,3,366,87,453,0.8165680473372781,0.69
2201,1914,1,0,0.06367553553500885,3,367,87,454,0.8165680473372781,0.69
2202,1915,1,0,0.043039607175773716,3,368,87,455,0.8130563798219584,0.685
2203,1928,1,1,0.8969635202560409,3,368,87,455,0.8130563798219584,0.685
2204,1929,1,1,0.9997091946227346,3,368,87,455,0.8130563798219584,0.685
2205,1937,1,1,0.8584811191983216,3,368,87,455,0.8130563798219584,0.685
2206,1942,1,1,0.975587046349195,3,368,87,455,0.8165680473372781,0.69
2207,1947,1,1,0.7920345528809203,3,368,87,455,0.8200589970501475,0.695
2208,1948,1,1,0.9999933315061926,3,368,87,455,0.8235294117647058,0.7
2209,1959,1,1,0.9851787177877699,3,368,87,455,0.8235294117647058,0.7
2210,1996,1,1,0.9839915452884385,3,368,87,455,0.8235294117647058,0.7
2211,2004,1,0,0.3705333157293616,3,369,87,456,0.8200589970501475,0.695
2212,2009,1,1,0.9884104611191461,3,369,87,456,0.8200589970501475,0.695
2213,2025,1,0,0.2646716307848043,3,370,87,457,0.8165680473372781,0.69
2214,2041,1,1,0.9997632606769743,3,370,87,457,0.8165680473372781,0.69
2215,2042,1,1,0.9987430961927255,3,370,87,457,0.8165680473372781,0.69
2216,2046,1,0,0.19146562276040824,3,371,87,458,0.8130563798219584,0.685
2217,2056,1,1,0.9990755526297668,3,371,87,458,0.8165680473372781,0.69
2218,2087,1,1,0.9977987899508733,3,371,87,458,0.8200589970501475,0.695
2219,2113,1,1,0.9992977426788159,3,371,87,458,0.8235294117647058,0.7
2220,2115,1,1,0.9989603097691591,3,371,87,458,0.8269794721407625,0.705
2221,2135,1,0,0.008749813951420802,3,372,87,459,0.8235294117647058,0.7
2222,2151,1,1,0.9979201528271063,3,372,87,459,0.8235294117647058,0.7
2223,2160,1,1,0.9997672791004474,3,372,87,459,0.8235294117647058,0.7
2224,2172,1,0,0.0023010159719595966,3,373,87,460,0.8200589970501475,0.695
2225,2214,1,1,0.9973230324079613,3,373,87,460,0.8235294117647058,0.7
2226,2216,1,0,0.000102829300827232,3,374,87,461,0.8235294117647058,0.7
2227,2228,1,1,0.9973302300406229,3,374,87,461,0.8235294117647058,0.7
2228,2229,1,0,1.4772595099206126e-06,3,375,87,462,0.8200589970501475,0.695
2229,2238,1,1,0.9995093881614024,3,375,87,462,0.8235294117647058,0.7
2230,2248,1,1,0.999992545533663,3,375,87,462,0.8269794721407625,0.705
2231,2254,1,1,0.9965283424259975,3,375,87,462,0.8269794721407625,0.705
2232,2262,1,1,0.9999087235769585,3,375,87,462,0.8269794721407625,0.705
2233,2272,1,0,0.059692414192498135,3,376,87,463,0.8235294117647058,0.7
2234,2278,1,1,0.9998727250832581,3,376,87,463,0.8235294117647058,0.7
2235,2281,1,1,0.9995789918554303,3,376,87,463,0.8235294117647058,0.7
2236,2282,1,1,0.9993266084634258,3,376,87,463,0.8269794721407625,0.705
2237,2290,1,1,0.7799124148209018,3,376,87,463,0.8269794721407625,0.705
2238,2298,1,0,0.05179222953943901,3,377,87,464,0.8235294117647058,0.7
2239,2300,1,1,0.9867046788964368,3,377,87,464,0.8269794721407625,0.705
2240,2303,1,1,0.9905645066413975,3,377,87,464,0.8269794721407625,0.705
2241,2310,1,1,0.9998939988285872,3,377,87,464,0.8269794721407625,0.705
2242,2316,1,1,0.981366429050387,3,377,87,464,0.8269794721407625,0.705
2243,2320,1,1,0.9862215724263231,3,377,87,464,0.8269794721407625,0.705
2244,2322,1,1,0.9989275608328104,3,377,87,464,0.8269794721407625,0.705
2245,2323,1,0,0.0007431374324645384,3,378,87,465,0.8269794721407625,0.705
2246,2334,1,1,0.6442374691721428,3,378,87,465,0.8269794721407625,0.705
2247,2341,1,0,0.01018978720519218,3,379,87,466,0.8269794721407625,0.705
2248,2344,1,1,0.5940086261074408,3,379,87,466,0.8304093567251463,0.71
2249,2363,1,1,0.9996142963928036,3,379,87,466,0.8304093567251463,0.71
2250,2371,1,1,0.9983587493029336,3,379,87,466,0.8304093567251463,0.71
2251,2390,1,1,0.9920674827531615,3,379,87,466,0.8304093567251463,0.71
2252,2402,1,1,0.9536502320159334,3,379,87,466,0.8338192419825073,0.715
2253,2413,1,1,0.9994897921913561,3,379,87,466,0.8338192419825073,0.715
2254,2428,1,0,0.07244801104367353,3,380,87,467,0.8304093567251463,0.71
2255,2433,1,1,0.9992075892648572,3,380,87,467,0.8304093567251463,0.71
2256,2439,1,1,0.9883370049245431,3,380,87,467,0.8304093567251463,0.71
2257,2440,1,1,0.994893961682698,3,380,87,467,0.8338192419825073,0.715
2258,2449,1,1,0.9957984915362199,3,380,87,467,0.8372093023255814,0.72
2259,2460,1,1,0.9995756465211627,3,380,87,467,0.8405797101449275,0.725
2260,2462,1,0,0.02084793718781554,3,381,87,468,0.8372093023255814,0.72
2261,2481,1,0,0.0005380756483281039,3,382,87,469,0.8372093023255814,0.72
2262,2499,1,1,0.9985715094215133,3,382,87,469,0.8372093023255814,0.72
2263,2538,0,0,0.00022828785110277748,3,382,87,469,0.8322484371849164,0.7185929648241206
2264,2558,0,0,7.446110555324512e-05,3,382,87,469,0.827607843137255,0.7171717171717171
2265,2594,0,0,8.004369127154506e-05,3,382,87,469,0.8232563466310364,0.7157360406091371
2266,2632,0,0,0.00025785066716970046,3,382,87,469,0.8225990297206914,0.7193877551020408
2267,2829,0,0,0.0018539257936442826,3,382,87,469,0.8187715269804822,0.717948717948718
2268,2838,0,0,0.00042987255853768445,3,382,87,469,0.8186281981491562,0.7216494845360825
2269,2842,0,0,0.0001142471663506156,3,382,87,469,0.8152480510276399,0.7202072538860104
2270,2854,0,0,2.4494856893688347e-05,3,382,87,469,0.8155593502342485,0.7239583333333334
2271,2878,0,0,0.00019984923231272924,3,382,87,469,0.8125634659017936,0.7225130890052356
2272,2880,0,0,2.6593049974959214e-05,3,382,87,469,0.8132791327913279,0.7263157894736842
2273,2943,0,0,0.0014706380574900373,3,382,87,469,0.810615155032333,0.7248677248677249
2274,2977,0,0,1.6343770633382194e-05,3,382,87,469,0.8080831708901884,0.723404255319149
2275,2979,0,0,0.002220055541673253,3,382,87,469,0.8093164730006834,0.7272727272727273
2276,3027,0,0,0.15700904716813138,3,382,87,469,0.8107182672400064,0.7311827956989247
2277,3065,0,0,0.0007087397695727416,3,382,87,469,0.80859375,0.7297297297297297
2278,3079,0,0,0.0006126601116212605,3,382,87,469,0.8065654241448076,0.7282608695652174
2279,3109,0,0,1.8393164644371224e-05,3,382,87,469,0.8046262808921036,0.726775956284153
2280,3111,0,1,0.504522732076804,3,382,88,470,0.8024412296564195,0.7307692307692307
2281,3171,0,0,0.00028729795849490866,3,382,88,470,0.8006591616056882,0.7292817679558011
2282,3204,0,0,0.002117907658655581,3,382,88,470,0.798951048951049,0.7277777777777777
2283,3218,0,0,4.890395149033495e-05,3,382,88,470,0.7973118279569893,0.7262569832402235
2284,3221,0,0,0.0005656368234917622,3,382,88,470,0.7996365446850884,0.7303370786516854
2285,3252,0,0,0.1971699987243678,3,382,88,470,0.7981545304892999,0.7288135593220338
2286,3305,0,0,7.7809387464627e-05,3,382,88,470,0.8006841885690448,0.7329545454545454
2287,3333,0,1,0.815183724355526,3,382,89,471,0.7949525452976703,0.7314285714285714
2288,3349,0,0,0.00023161373079616106,3,382,89,471,0.793636827600286,0.7298850574712644
2289,3352,0,0,0.0007698035920184111,3,382,89,471,0.7923678646934461,0.7283236994219653
2290,3357,0,0,0.007226786379184042,3,382,89,471,0.7911427530712938,0.7267441860465116
2291,3359,0,0,0.0001586125792134741,3,382,89,471,0.789958811415122,0.7251461988304093
2292,3368,0,1,0.9952775198989636,3,382,90,472,0.7843035343035342,0.7235294117647059
2293,3426,0,0,1.8824609922598743e-05,3,382,90,472,0.7873107344632768,0.727810650887574
2294,3477,0,0,1.0119879136529533e-05,3,382,90,472,0.786251156262958,0.7261904761904762
2295,3488,0,0,0.013648706401803134,3,382,90,472,0.789406392694064,0.7305389221556886
2296,3503,0,0,9.708086267591828e-06,3,382,90,472,0.7884388714733542,0.7289156626506024
2297,3709,0,0,0.3599058749107282,3,382,90,472,0.7875,0.7272727272727273
2298,3724,0,0,2.979402377828877e-05,3,382,90,472,0.7865881486934119,0.725609756097561
2299,3787,0,0,0.00010983705625176918,3,382,90,472,0.7899877955758963,0.7300613496932515
2300,3839,0,0,2.9842676981298785e-05,3,382,90,472,0.7891522454773338,0.7283950617283951
2301,3852,0,0,8.19464827035868e-05,3,382,90,472,0.7883390651634319,0.7267080745341615
2302,3855,0,0,8.013553275282392e-05,3,382,90,472,0.7875470244971712,0.725
2303,3881,0,0,4.998351582248532e-05,3,382,90,472,0.7911581554428588,0.7295597484276729
2304,3897,0,0,0.00021318858575283215,3,382,90,472,0.7904301075268818,0.7278481012658228
2305,3911,0,0,4.4257504927507994e-05,3,382,90,472,0.7897196153400532,0.7261146496815286
2306,3913,0,0,0.08594885419312061,3,382,90,472,0.7890257352941177,0.7243589743589743
2307,3921,0,0,0.00024302166362961123,3,382,90,472,0.7883475783475782,0.7225806451612903
2308,4058,0,0,4.717775523161376e-05,3,382,90,472,0.7876843057440073,0.7207792207792207
2309,4283,0,0,0.014754950053500566,3,382,90,472,0.7870351251262484,0.7189542483660131
2310,4346,0,0,0.028762032411489183,3,382,90,472,0.7909433962264152,0.7236842105263158
2311,4397,0,0,7.646743812871095e-05,3,382,90,472,0.7903430379395521,0.7218543046357616
2312,4420,0,0,0.00025729867100857145,3,382,90,472,0.7943356565991815,0.7266666666666667
2313,4423,0,0,0.003900176764951613,3,382,90,472,0.7983756443121365,0.7315436241610739
2314,4475,0,0,1.4544799655753386e-05,3,382,90,472,0.7978520770010132,0.7297297297297297
2315,4560,0,0,0.00011804051471379608,3,382,90,472,0.7973380316181873,0.7278911564625851
2316,4699,0,0,0.0003009738136821723,3,382,90,472,0.7968329952670723,0.726027397260274
2317,4736,0,0,0.00016858431995003535,3,382,90,472,0.8010085211951246,0.7310344827586207
2318,4747,0,0,1.771885550028569e-05,3,382,90,472,0.8052249200075288,0.7361111111111112
2319,4776,0,0,1.8209188779498342e-05,3,382,90,472,0.8047843525227947,0.7342657342657343
2320,4818,0,0,7.489831555615273e-05,3,382,90,472,0.804350647623607,0.7323943661971831
2321,4834,0,0,0.0002325742111446299,3,382,90,472,0.803923420920325,0.7304964539007093
2322,4842,0,0,4.672175046689236e-05,3,382,90,472,0.8082567838665401,0.7357142857142858
2323,4918,0,0,0.0036627265190526956,3,382,90,472,0.8078604455653636,0.7338129496402878
2324,4943,0,0,0.0002964063664551076,3,382,90,472,0.8122528898325077,0.7391304347826086
2325,4961,0,0,0.0002205102180061354,3,382,90,472,0.8118852266499647,0.7372262773722628
2326,4983,0,1,0.7095630606160147,3,382,91,473,0.8066666666666668,0.7352941176470589
2327,12,1,0,0.1231669335085688,3,383,91,474,0.8066666666666668,0.7352941176470589
2328,160,1,0,0.0025342292122778488,3,384,91,475,0.8018565971049143,0.7279411764705882
2329,165,1,0,0.0009059564539951889,3,385,91,476,0.797037037037037,0.7205882352941176
2330,207,1,0,0.06807165429780215,3,386,91,477,0.7922072946597293,0.7132352941176471
2331,253,1,0,0.0005278636581988951,3,387,91,478,0.7873666804464655,0.7058823529411765
2332,383,1,1,0.9302283684351927,3,387,91,478,0.7873666804464655,0.7058823529411765
2333,399,1,1,0.9907023151465005,3,387,91,478,0.7873666804464655,0.7058823529411765
2334,406,1,0,0.002116005297980866,3,388,91,479,0.7873666804464655,0.7058823529411765
2335,408,1,0,4.4128316968705184e-05,3,389,91,480,0.7825145067698258,0.6985294117647058
2336,616,1,0,0.03209692930121257,3,390,91,481,0.7825145067698258,0.6985294117647058
2337,703,1,0,0.1460300792900139,3,391,91,482,0.7776500875296057,0.6911764705882353
2338,732,1,0,0.15940060627345146,3,392,91,483,0.7727727377862301,0.6838235294117647
2339,811,1,0,0.0206312064368031,3,393,91,484,0.7678817733990148,0.6764705882352942
2340,968,1,0,0.0003171741184470951,3,394,91,485,0.7629765106688182,0.6691176470588235
2341,982,1,0,0.020297808133534934,3,395,91,486,0.7629765106688182,0.6691176470588235
2342,1049,1,1,0.9998663492601233,3,395,91,486,0.7678817733990148,0.6764705882352942
2343,1051,1,0,0.001970784850406633,3,396,91,487,0.7678817733990148,0.6764705882352942
2344,1073,1,0,0.07011566487316609,3,397,91,488,0.7629765106688182,0.6691176470588235
2345,1092,1,1,0.9963758398942719,3,397,91,488,0.7629765106688182,0.6691176470588235
2346,1140,1,0,0.00013734350583436452,3,398,91,489,0.7629765106688182,0.6691176470588235
2347,1151,1,0,0.0037398455540950224,3,399,91,490,0.7580562659846548,0.6617647058823529
2348,1161,1,1,0.6093366291254281,3,399,91,490,0.7629765106688182,0.6691176470588235
2349,1166,1,0,0.02152943002575001,3,400,91,491,0.7580562659846548,0.6617647058823529
2350,1199,1,0,0.005074832471925039,3,401,91,492,0.7580562659846548,0.6617647058823529
2351,1245,1,1,0.9837191459963063,3,401,91,492,0.7580562659846548,0.6617647058823529
2352,1252,1,0,0.053127321981600396,3,402,91,493,0.7531203554738375,0.6544117647058824
2353,1354,1,0,0.0017918642298891594,3,403,91,494,0.7531203554738375,0.6544117647058824
2354,1402,1,0,0.028649478879005534,3,404,91,495,0.7481680946552427,0.6470588235294118
2355,1416,1,1,0.7554483750929883,3,404,91,495,0.7481680946552427,0.6470588235294118
2356,1620,1,0,0.02689764841235374,3,405,91,496,0.7481680946552427,0.6470588235294118
2357,1650,1,0,0.00011051230590626775,3,406,91,497,0.7431987980952866,0.6397058823529411
2358,1682,1,0,0.31531087887067305,3,407,91,498,0.7382117790662192,0.6323529411764706
2359,1686,1,0,0.011656001573159732,3,408,91,499,0.7382117790662192,0.6323529411764706
2360,1699,1,0,0.013666144533092702,3,409,91,500,0.7332063492063492,0.625
2361,1781,1,0,0.1827914666717662,3,410,91,501,0.7281818181818182,0.6176470588235294
2362,1783,1,0,0.013616202271839293,3,411,91,502,0.7231374933495478,0.6102941176470589
2363,1820,1,1,0.8267961386316719,3,411,91,502,0.7281818181818182,0.6176470588235294
2364,1891,1,0,2.136746890023281e-05,3,412,91,503,0.7231374933495478,0.6102941176470589
2365,1932,1,1,0.9997530700302018,3,412,91,503,0.7281818181818182,0.6176470588235294
2366,1971,1,0,0.008837671213338677,3,413,91,504,0.7231374933495478,0.6102941176470589
2367,1999,1,0,0.004892465985108115,3,414,91,505,0.718072679420994,0.6029411764705882
2368,2019,1,0,0.03906898688005373,3,415,91,506,0.7129866781263428,0.5955882352941176
2369,2058,1,1,0.9954551579424978,3,415,91,506,0.7129866781263428,0.5955882352941176
2370,2066,1,0,0.0016999528096203122,3,416,91,507,0.7129866781263428,0.5955882352941176
2371,2067,1,1,0.8199748738734896,3,416,91,507,0.7129866781263428,0.5955882352941176
2372,2098,1,0,0.0016156101259822433,3,417,91,508,0.7078787878787878,0.5882352941176471
2373,2208,1,0,0.031097943127204784,3,418,91,509,0.7027483034385327,0.5808823529411765
2374,2222,1,1,0.9957284047897696,3,418,91,509,0.7027483034385327,0.5808823529411765
2375,2296,1,0,0.0020562780794154685,3,419,91,510,0.697594515576167,0.5735294117647058
2376,2311,1,1,0.8514604099417268,3,419,91,510,0.697594515576167,0.5735294117647058
2377,2319,1,1,0.999266146463483,3,419,91,510,0.697594515576167,0.5735294117647058
2378,2367,1,0,0.019191237335635394,3,420,91,511,0.6924167107350608,0.5661764705882353
2379,2378,1,0,2.136746890023281e-05,3,421,91,512,0.6872141706924316,0.5588235294117647
2380,2422,1,0,0.02295644714582421,3,422,91,513,0.6819861722187304,0.5514705882352942
2381,2566,0,0,0.07122744081621706,3,422,91,513,0.6810461700685397,0.5481481481481482
2382,2577,0,0,5.139382104207621e-06,3,422,91,513,0.6801098322425336,0.5447761194029851
2383,2700,0,0,0.00043268269699865626,3,422,91,513,0.6791765825797239,0.5413533834586466
2384,2823,0,0,0.0013328819944691116,3,422,91,513,0.6782458511676804,0.5378787878787878
2385,2868,0,0,2.1778183547560747e-05,3,422,91,513,0.6773170731707318,0.5343511450381679
2386,2876,0,0,8.18501709645564e-05,3,422,91,513,0.6763896876797278,0.5307692307692308
2387,2890,0,0,5.960585996338471e-05,3,422,91,513,0.680896089608961,0.5348837209302325
2388,2910,0,0,0.00032783803220594516,3,422,91,513,0.68,0.53125
2389,2964,0,0,4.724006657899e-06,3,422,91,513,0.6791039103910391,0.5275590551181102
2390,3022,0,0,0.00039855098131271843,3,422,91,513,0.6782072829131652,0.5238095238095238
2391,3046,0,0,4.3718169397627114e-05,3,422,91,513,0.6773095786207587,0.52
2392,3073,0,0,0.002240833599562228,3,422,91,513,0.6764102564102563,0.5161290322580645
2393,3081,0,0,3.217221990975866e-05,3,422,91,513,0.6810939652796913,0.5203252032520326
2394,3133,0,0,4.7141426062810536e-05,3,422,91,513,0.6858045112781954,0.5245901639344263
2395,3144,0,0,0.0016507606328872316,3,422,91,513,0.684959855479727,0.5206611570247934
2396,3170,0,0,1.079970517811064e-05,3,422,91,513,0.6897240842559816,0.525
2397,3194,0,0,0.01368400026951418,3,422,91,513,0.6889038340666248,0.5210084033613446
2398,3301,0,0,0.399434704554592,3,422,91,513,0.6880798771121351,0.5169491525423728
2399,3451,0,1,0.7694353135112179,3,422,92,514,0.6883410138248849,0.5213675213675214
2400,3519,0,0,5.13749183196396e-05,3,422,92,514,0.6875440853704684,0.5172413793103449
2401,3539,0,0,8.705755297780461e-06,3,422,92,514,0.6924242424242424,0.5217391304347826
2402,3584,0,0,0.0003819181129228683,3,422,92,514,0.6973265249374352,0.5263157894736842
2403,3680,0,0,0.053603942611157356,3,422,92,514,0.696576980568012,0.5221238938053098
2404,3768,0,0,0.0018628206051691967,3,422,92,514,0.6958222222222221,0.5178571428571429
2405,3776,0,0,5.802294503662872e-05,3,422,92,514,0.6950617504010593,0.5135135135135135
2406,3789,0,1,0.9974061133259731,3,422,93,515,0.6897184822521418,0.509090909090909
2407,3797,0,0,3.587051564586114e-05,3,422,93,515,0.6889514066496164,0.5045871559633027
2408,3865,0,0,4.622486732666844e-06,3,422,93,515,0.6881773399014779,0.5
2409,3890,0,0,5.372941444376325e-05,3,422,93,515,0.6873957367933272,0.4953271028037383
2410,3941,0,0,0.0003337841294370509,3,422,93,515,0.6866060355518809,0.49056603773584906
2411,3951,0,0,0.0004198042201208376,3,422,93,515,0.6917203800056949,0.49523809523809526
2412,4051,0,0,1.913587599688563e-05,3,422,93,515,0.6909472699394474,0.49038461538461536
2413,4057,0,0,5.0260092796330864e-05,3,422,93,515,0.6961041666666666,0.49514563106796117
2414,4090,0,0,1.5086438003514947e-05,3,422,93,515,0.6953467935976567,0.49019607843137253
2415,4128,0,0,0.14781089456085456,3,422,93,515,0.6945796553173602,0.48514851485148514
2416,4129,0,0,0.0017983604906844437,3,422,93,515,0.6998025016458196,0.49
2417,4379,0,0,0.0004761833897395766,3,422,93,515,0.699049773755656,0.48484848484848486
2418,4432,0,0,7.446430860250177e-05,3,422,93,515,0.6982861246309742,0.47959183673469385
2419,4496,0,0,0.021417883983713474,3,422,93,515,0.6975108960132624,0.4742268041237113
2420,4522,0,0,0.17743563492523182,3,422,93,515,0.6967234008227797,0.46875
2421,4559,0,0,8.214621710814956e-05,3,422,93,515,0.7020601876820192,0.47368421052631576
2422,4578,0,0,9.666237460034098e-05,3,422,93,515,0.7012847222222223,0.46808510638297873
2423,4720,0,0,1.252680233844375e-05,3,422,93,515,0.7004956873021072,0.46236559139784944
2424,4800,0,0,0.11594969168917663,3,422,93,515,0.7058955612147102,0.4673913043478261
2425,4847,0,0,0.00010353446004823101,3,422,93,515,0.7051172854819593,0.46153846153846156
2426,4868,0,0,1.5120943533131879e-05,3,422,93,515,0.7105542648523067,0.4666666666666667
2427,4968,0,0,0.0001754096163249807,3,422,93,515,0.7097860962566844,0.4606741573033708
2428,4969,0,0,0.35875145983866846,3,422,93,515,0.7152592592592594,0.4659090909090909
2429,60,1,0,0.0005004643557610899,3,423,93,516,0.7090023566378634,0.45454545454545453
2430,68,1,0,0.28973461143037144,3,424,93,517,0.7026893075385092,0.4431818181818182
2431,128,1,0,0.23080066908572466,3,425,93,518,0.6963184079601991,0.4318181818181818
2432,169,1,0,0.023459881031870366,3,426,93,519,0.6898879082834359,0.42045454545454547
2433,213,1,0,0.0010946003467974764,3,427,93,520,0.6898879082834359,0.42045454545454547
2434,220,1,1,0.6032690342967603,3,427,93,520,0.6898879082834359,0.42045454545454547
2435,312,1,0,0.0001702140283244393,3,428,93,521,0.6833960113960115,0.4090909090909091
2436,315,1,0,0.024219409975209136,3,429,93,522,0.6768408707342887,0.3977272727272727
2437,333,1,0,0.07296944339196085,3,430,93,523,0.6702205882352942,0.38636363636363635
2438,356,1,0,0.014711181242181487,3,431,93,524,0.6702205882352942,0.38636363636363635
2439,357,1,0,0.021143897051771134,3,432,93,525,0.6635332121946296,0.375
2440,388,1,0,0.3084732943010386,3,433,93,526,0.6567767350249102,0.36363636363636365
2441,400,1,1,0.6988691658622601,3,433,93,526,0.6567767350249102,0.36363636363636365
2442,416,1,1,0.9058150632568743,3,433,93,526,0.6567767350249102,0.36363636363636365
2443,488,1,1,0.9722177494558505,3,433,93,526,0.6567767350249102,0.36363636363636365
2444,550,1,0,0.2260341299266364,3,434,93,527,0.6499490909090909,0.3522727272727273
2445,578,1,0,0.006473718787326524,3,435,93,528,0.6499490909090909,0.3522727272727273
2446,591,1,0,0.036358688593813714,3,436,93,529,0.6430481533426834,0.3409090909090909
2447,603,1,0,0.3045129564867366,3,437,93,530,0.6430481533426834,0.3409090909090909
2448,635,1,0,0.0019251483136900457,3,438,93,531,0.6360717325584808,0.32954545454545453
2449,654,1,1,0.9867756321792377,3,438,93,531,0.6360717325584808,0.32954545454545453
2450,659,1,0,0.0010377710469353946,3,439,93,532,0.6290175728269845,0.3181818181818182
2451,674,1,1,0.9963123978770004,3,439,93,532,0.6290175728269845,0.3181818181818182
2452,685,1,0,0.002875953585208754,3,440,93,533,0.6218833496252851,0.3068181818181818
2453,712,1,0,0.005441977792406382,3,441,93,534,0.6146666666666667,0.29545454545454547
2454,795,1,0,0.33677943171111896,3,442,93,535,0.6146666666666667,0.29545454545454547
2455,998,1,0,0.0028481263560984206,3,443,93,536,0.6073650527826789,0.2840909090909091
2456,1011,1,0,0.03458346217330479,3,444,93,537,0.5999759586488761,0.2727272727272727
2457,1018,1,0,0.0005102003758514932,3,445,93,538,0.5924967533448098,0.26136363636363635
2458,1090,1,0,0.04591009909218658,3,446,93,539,0.5849247207382224,0.25
2459,1236,1,0,0.13639602912595372,3,447,93,540,0.5772570556826849,0.23863636363636365
2460,1274,1,0,0.005387167793449006,3,448,93,541,0.5772570556826849,0.23863636363636365
2461,1279,1,0,2.1245040844070802e-05,3,449,93,542,0.5772570556826849,0.23863636363636365
2462,1292,1,1,0.9999747103108557,3,449,93,542,0.5772570556826849,0.23863636363636365
2463,1381,1,0,0.08987627823456966,3,450,93,543,0.5715080135988344,0.23595505617977527
2464,1386,1,0,7.806471500184547e-06,3,451,93,544,0.5657787442239739,0.23333333333333334
2465,1392,1,0,1.8169910573735786e-05,3,452,93,545,0.5600697199182594,0.23076923076923078
2466,1415,1,1,0.7629722883854593,3,452,93,545,0.5620952380952381,0.2391304347826087
2467,1461,1,0,0.0033527226884676365,3,453,93,546,0.5564385793418052,0.23655913978494625
2468,1504,1,0,0.0016075685245372116,3,454,93,547,0.5508031607500885,0.23404255319148937
2469,1539,1,0,0.003251777873984408,3,455,93,548,0.5451894573097356,0.23157894736842105
2470,1552,1,0,0.00023399564643034862,3,456,93,549,0.5395979429640019,0.22916666666666666
2471,1593,1,1,0.9953276263923343,3,456,93,549,0.5416985285598425,0.23711340206185566
2472,1685,1,1,0.9938124350353773,3,456,93,549,0.54375,0.24489795918367346
2473,1690,1,0,0.002671613451141681,3,457,93,550,0.5382450871020339,0.24242424242424243
2474,1697,1,0,0.013006971547257483,3,458,93,551,0.5327635327635327,0.24
2475,1740,1,0,0.4940039815642267,3,459,93,552,0.5273058259314963,0.2376237623762376
2476,1790,1,0,0.30589335310839555,3,460,93,553,0.5218724559023067,0.23529411764705882
2477,1940,1,1,0.856003040980792,3,460,93,553,0.5240062843676355,0.24271844660194175
2478,1975,1,0,0.4135282827861373,3,461,93,554,0.5186303284416492,0.2403846153846154
2479,1978,1,0,0.011176910429379674,3,462,93,555,0.5132798573975045,0.23809523809523808
2480,2030,1,0,0.00037849392630957384,3,463,93,556,0.51174688057041,0.2358490566037736
2481,2069,1,1,0.8042072598112979,3,463,93,556,0.5139606151122912,0.24299065420560748
2482,2070,1,0,0.10971973896758566,3,464,93,557,0.5086810551558753,0.24074074074074073
2483,2072,1,1,0.9995776760554284,3,464,93,557,0.5108855664174813,0.24770642201834864
2484,2157,1,0,0.06039834452765484,3,465,93,558,0.5056665574844414,0.24545454545454545
2485,2233,1,1,0.9933874290577468,3,465,93,558,0.5078645833333333,0.25225225225225223
2486,2245,1,0,0.004094195503372962,3,466,93,559,0.502707234617985,0.25
2487,2250,1,1,0.9999648000966612,3,466,93,559,0.5087433933771977,0.25663716814159293
2488,2264,1,0,0.027386132125477143,3,467,93,560,0.5036331370492861,0.2543859649122807
2489,2325,1,0,0.007191015766976339,3,468,93,561,0.4985521235521236,0.25217391304347825
2490,2426,1,0,0.013338604183924888,3,469,93,562,0.4935008957458756,0.25
2491,2475,1,0,0.12481493286740836,3,470,93,563,0.48847999999999997,0.24786324786324787
2492,2500,0,0,5.4047541228580676e-05,3,470,93,563,0.4922599534746918,0.24786324786324787
2493,2501,0,0,0.0022549255229024154,3,470,93,563,0.4922599534746918,0.24786324786324787
2494,2536,0,0,0.0002203223580179944,3,470,93,563,0.4922599534746918,0.24786324786324787
2495,2562,0,0,5.799947593782515e-06,3,470,93,563,0.4922599534746918,0.24786324786324787
2496,2573,0,0,0.0006595025247420506,3,470,93,563,0.4922599534746918,0.24786324786324787
2497,2591,0,0,0.0001939477355763523,3,470,93,563,0.4922599534746918,0.24786324786324787
2498,2664,0,0,0.0004327033989730483,3,470,93,563,0.4922599534746918,0.24786324786324787
2499,2708,0,0,0.0005608765140094029,3,470,93,563,0.4922599534746918,0.24786324786324787
2500,2735,0,0,3.516744259557595e-05,3,470,93,563,0.4922599534746918,0.24786324786324787
2501,2746,0,0,9.685868136005841e-05,3,470,93,563,0.4922599534746918,0.24786324786324787
2502,2793,0,0,9.999920591751674e-05,3,470,93,563,0.4922599534746918,0.24786324786324787
2503,2808,0,0,0.34612500966956955,3,470,93,563,0.4922599534746918,0.24786324786324787
2504,2889,0,0,0.0009344557400562282,3,470,93,563,0.4922599534746918,0.24786324786324787
2505,2908,0,0,0.00019730550628016208,3,470,93,563,0.4922599534746918,0.24786324786324787
2506,2941,0,0,0.00012318085582978348,3,470,93,563,0.4922599534746918,0.24786324786324787
2507,2949,0,0,0.0008970755129973977,3,470,93,563,0.4922599534746918,0.24786324786324787
2508,2984,0,0,7.902963820753876e-05,3,470,93,563,0.4922599534746918,0.24786324786324787
2509,2992,0,0,3.158703121795008e-05,3,470,93,563,0.4922599534746918,0.24786324786324787
2510,3008,0,0,0.00016195304714107885,3,470,93,563,0.4922599534746918,0.24786324786324787
2511,3016,0,0,1.322686353350891e-05,3,470,93,563,0.4922599534746918,0.24786324786324787
2512,3095,0,0,7.638467744866183e-05,3,470,93,563,0.4922599534746918,0.24786324786324787
2513,3267,0,0,3.065964781378418e-05,3,470,93,563,0.4922599534746918,0.24786324786324787
2514,3338,0,0,3.0968078794442344e-05,3,470,93,563,0.4922599534746918,0.24786324786324787
2515,3339,0,0,0.000522753316946329,3,470,93,563,0.4922599534746918,0.24786324786324787
2516,3399,0,0,2.938820742099415e-06,3,470,93,563,0.4922599534746918,0.24786324786324787
2517,3416,0,1,0.7594899932764593,3,470,94,564,0.48847999999999997,0.24786324786324787
2518,3442,0,0,1.7887233476291822e-06,3,470,94,564,0.48847999999999997,0.24786324786324787
2519,3458,0,1,0.8169119894132673,3,470,95,565,0.4847019867549669,0.24786324786324787
2520,3574,0,0,1.67258341857282e-05,3,470,95,565,0.4847019867549669,0.24786324786324787
2521,3600,0,0,5.377828850140312e-06,3,470,95,565,0.4847019867549669,0.24786324786324787
2522,3627,0,0,3.244823324843945e-05,3,470,95,565,0.4847019867549669,0.24786324786324787
2523,3716,0,0,0.00451250140438249,3,470,95,565,0.4847019867549669,0.24786324786324787
2524,3718,0,0,0.00027561031645829823,3,470,95,565,0.4847019867549669,0.24786324786324787
2525,3756,0,0,0.2596917609121356,3,470,95,565,0.4847019867549669,0.24786324786324787
2526,3847,0,0,6.305508477619276e-05,3,470,95,565,0.48847999999999997,0.24786324786324787
2527,3888,0,0,0.0001567765404569446,3,470,95,565,0.4935008957458756,0.25
2528,3912,0,0,9.005093800601498e-05,3,470,95,565,0.4985521235521236,0.25217391304347825
2529,3918,0,0,6.5075404752224846e-06,3,470,95,565,0.5036331370492861,0.2543859649122807
2530,4016,0,0,0.0001986900191989009,3,470,95,565,0.5087433933771977,0.25663716814159293
2531,4025,0,0,0.0005944697445117301,3,470,95,565,0.5138823529411765,0.25892857142857145
2532,4099,0,0,0.011865172034875162,3,470,95,565,0.5117006339963538,0.25225225225225223
2533,4117,0,0,0.00023286879185061894,3,470,95,565,0.5094799967140393,0.24545454545454545
2534,4138,0,0,3.0171021382673118e-05,3,470,95,565,0.5147142857142858,0.24770642201834864
2535,4153,0,0,1.3589755186339093e-05,3,470,95,565,0.5199757435430966,0.25
2536,4189,0,0,0.00038242111597165543,3,470,95,565,0.5252638566213076,0.2523364485981308
2537,4244,0,1,0.78976224416382,3,470,96,566,0.5267042814470628,0.25471698113207547
2538,4247,0,0,0.0002855912059268679,3,470,96,566,0.5320293636035636,0.2571428571428571
2539,4276,0,0,8.768571703496145e-05,3,470,96,566,0.537379679144385,0.25961538461538464
2540,4299,0,0,7.938782336031892e-06,3,470,96,566,0.5427547169811321,0.2621359223300971
2541,4375,0,0,0.002225445623830578,3,470,96,566,0.5481539670070699,0.2647058823529412
2542,4445,0,0,3.520720679240984e-05,3,470,96,566,0.5461781999095432,0.25742574257425743
2543,4448,0,0,0.007977670486793898,3,470,96,566,0.5516331337438634,0.26
2544,4464,0,0,3.154487246210193e-05,3,470,96,566,0.5571111111111111,0.26262626262626265
2545,4580,0,0,8.691638230422881e-06,3,470,96,566,0.55515625,0.25510204081632654
2546,4599,0,0,3.423662217835355e-05,3,470,96,566,0.5606884716333536,0.25773195876288657
2547,4617,0,0,0.00012157539784882423,3,470,96,566,0.5662426138338548,0.2604166666666667
2548,4619,0,0,0.08448892717131688,3,470,96,566,0.5643057503506311,0.25263157894736843
2549,4683,0,0,0.008290047885873505,3,470,96,566,0.5699128290921899,0.2553191489361702
2550,4724,0,0,0.0006388842256716057,3,470,96,566,0.5755407477296851,0.25806451612903225
2551,4733,0,0,0.0001977917445807341,3,470,96,566,0.5736190476190476,0.25
2552,4769,0,0,0.0005554704862274335,3,470,96,566,0.5792987230479381,0.25274725274725274
2553,4809,0,0,2.485101028342711e-05,3,470,96,566,0.5849981968986657,0.25555555555555554
2554,4840,0,1,0.9991413041578692,3,470,97,567,0.5867724486116119,0.25842696629213485
2555,4874,0,0,0.01817647195259908,3,470,97,567,0.5849247207382224,0.25
2556,22,1,0,0.143971918591992,3,471,97,568,0.5849247207382224,0.25
2557,49,1,1,0.9100584964432614,3,471,97,568,0.5924967533448098,0.26136363636363635
2558,61,1,1,0.9990804863672822,3,471,97,568,0.5999759586488761,0.2727272727272727
2559,72,1,1,0.5683166125028426,3,471,97,568,0.6073650527826789,0.2840909090909091
2560,124,1,1,0.9952041100390784,3,471,97,568,0.6146666666666667,0.29545454545454547
2561,126,1,1,0.999115401442539,3,471,97,568,0.6218833496252851,0.3068181818181818
2562,137,1,0,0.4389796033833852,3,472,97,569,0.6218833496252851,0.3068181818181818
2563,155,1,0,0.1977327351678038,3,473,97,570,0.6146666666666667,0.29545454545454547
2564,196,1,1,0.8742055449898517,3,473,97,570,0.6218833496252851,0.3068181818181818
2565,292,1,1,0.9174850119645164,3,473,97,570,0.6218833496252851,0.3068181818181818
2566,297,1,0,0.008784269290875607,3,474,97,571,0.6218833496252851,0.3068181818181818
2567,323,1,1,0.850887254091433,3,474,97,571,0.6290175728269845,0.3181818181818182
2568,324,1,0,0.036898447627522105,3,475,97,572,0.6290175728269845,0.3181818181818182
2569,341,1,1,0.9977048837744428,3,475,97,572,0.6290175728269845,0.3181818181818182
2570,414,1,0,0.2719547572108712,3,476,97,573,0.6290175728269845,0.3181818181818182
2571,441,1,0,0.0007488810738448007,3,477,97,574,0.6218833496252851,0.3068181818181818
2572,452,1,1,0.9996627213990824,3,477,97,574,0.6290175728269845,0.3181818181818182
2573,464,1,1,0.8543795966921861,3,477,97,574,0.6360717325584808,0.32954545454545453
2574,465,1,1,0.9939687837481965,3,477,97,574,0.6360717325584808,0.32954545454545453
2575,476,1,0,0.1161295764699949,3,478,97,575,0.6360717325584808,0.32954545454545453
2576,509,1,1,0.9959891088545912,3,478,97,575,0.6360717325584808,0.32954545454545453
2577,531,1,1,0.997686355626991,3,478,97,575,0.6360717325584808,0.32954545454545453
2578,540,1,0,4.906522432067974e-05,3,479,97,576,0.6360717325584808,0.32954545454545453
2579,557,1,1,0.9999884264130838,3,479,97,576,0.6430481533426834,0.3409090909090909
2580,567,1,0,0.010447570663250312,3,480,97,577,0.6430481533426834,0.3409090909090909
2581,611,1,1,0.8021800907373888,3,480,97,577,0.6443332174719036,0.34831460674157305
2582,631,1,1,0.814156468009407,3,480,97,577,0.6455882352941177,0.35555555555555557
2583,690,1,1,0.9932136161913747,3,480,97,577,0.6468148148148148,0.3626373626373626
2584,696,1,0,0.002738460864326986,3,481,97,578,0.641272453815375,0.358695652173913
2585,738,1,1,0.9537635918857963,3,481,97,578,0.6425009152093718,0.3655913978494624
2586,796,1,0,0.005039538414062459,3,482,97,579,0.637003703288071,0.3617021276595745
2587,827,1,1,0.9961702319847988,3,482,97,579,0.638235294117647,0.3684210526315789
2588,849,1,0,0.0014585036387142149,3,483,97,580,0.632783991562821,0.3645833333333333
2589,875,1,1,0.9988101659734342,3,483,97,580,0.6340199564486342,0.3711340206185567
2590,934,1,1,0.999926807762642,3,483,97,580,0.635232618636874,0.37755102040816324
2591,962,1,0,0.1292636842396763,3,484,97,581,0.6298569712850748,0.37373737373737376
2592,971,1,1,0.7791756158043202,3,484,97,581,0.6310763888888888,0.38
2593,985,1,1,0.9999997571089837,3,484,97,581,0.6322748355085751,0.38613861386138615
2594,1008,1,1,0.9950516319970812,3,484,97,581,0.6334534534534535,0.39215686274509803
2595,1020,1,0,0.1014081936874647,3,485,97,582,0.6281833738870023,0.3883495145631068
2596,1070,1,1,0.988385996466503,3,485,97,582,0.6293720577674938,0.3942307692307692
2597,1111,1,0,0.20866833374711877,3,486,97,583,0.6241511035653651,0.3904761904761905
2598,1145,1,0,0.18146229438039377,3,487,97,584,0.6189510730068005,0.3867924528301887
2599,1203,1,0,0.0023374626920420485,3,488,97,585,0.6180680585324548,0.38317757009345793
2600,1205,1,1,0.8572701912910515,3,488,97,585,0.619339038841343,0.3888888888888889
2601,1215,1,0,3.3833093145269337e-06,3,489,97,586,0.6141992433795713,0.3853211009174312
2602,1277,1,0,0.17502404827234863,3,490,97,587,0.6090823307383818,0.38181818181818183
2603,1300,1,1,0.5924201108119387,3,490,97,587,0.610396148124951,0.38738738738738737
2604,1320,1,1,0.953774729462412,3,490,97,587,0.6116936510824086,0.39285714285714285
2605,1321,1,0,0.0065887062143233175,3,491,97,588,0.6066614794065774,0.3893805309734513
2606,1349,1,0,0.0007898699370896164,3,492,97,589,0.605932150638033,0.38596491228070173
2607,1357,1,1,0.9953857486711318,3,492,97,589,0.6072860686233981,0.391304347826087
2608,1363,1,1,0.9883675490051965,3,492,97,589,0.6086252703120174,0.39655172413793105
2609,1382,1,0,1.656566130023714e-05,3,493,97,590,0.6036917581146719,0.39316239316239315
2610,1404,1,1,0.9965469036494933,3,493,97,590,0.6050487973564898,0.3983050847457627
2611,1420,1,1,0.9985391262787896,3,493,97,590,0.6063931663219183,0.40336134453781514
2612,1521,1,0,0.009121353958600436,3,494,97,591,0.6015503875968993,0.4
2613,1526,1,0,2.728577233293957e-06,3,495,97,592,0.596735759211632,0.39669421487603307
2614,1532,1,0,0.013494469992747568,3,496,97,593,0.5919499542264266,0.39344262295081966
2615,1545,1,1,0.9845892791702507,3,496,97,593,0.5933806818181818,0.3983739837398374
2616,1606,1,0,0.07582360472203804,3,497,97,594,0.5886580020774747,0.3951612903225806
2617,1617,1,0,0.01695926933679633,3,498,97,595,0.5839659884603705,0.392
2618,1693,1,1,0.9168066873502021,3,498,97,595,0.5854545454545454,0.3968253968253968
2619,1735,1,0,0.018215404270073777,3,499,97,596,0.580828729281768,0.3937007874015748
2620,1769,1,1,0.9957927294951903,3,499,97,596,0.582343431291078,0.3984375
2621,1778,1,1,0.9496245089813717,3,499,97,596,0.583850408548083,0.40310077519379844
2622,1782,1,0,0.0010715762373005365,3,500,97,597,0.5793287106823435,0.4
2623,1807,1,1,0.7999972115383124,3,500,97,597,0.5808651144118828,0.40458015267175573
2624,1830,1,0,0.00028376418534603766,3,501,97,598,0.5764146543293462,0.4015151515151515
2625,1877,1,0,0.00031153666551779805,3,502,97,599,0.5719999999999998,0.39849624060150374
2626,1886,1,1,0.9487008402598341,3,502,97,599,0.5736057692307692,0.40298507462686567
2627,1906,1,1,0.9963625814296349,3,502,97,599,0.5752076869182264,0.4074074074074074
2628,1951,1,0,0.00040089223618781434,3,503,97,600,0.5709068167604753,0.40441176470588236
2629,1964,1,1,0.9887731608622997,3,503,97,600,0.5768067226890756,0.4117647058823529
2630,1987,1,0,0.0007548406979450443,3,504,97,601,0.5768067226890756,0.4117647058823529
2631,2018,1,1,0.9999947814407621,3,504,97,601,0.5826650996474207,0.41911764705882354
2632,2170,1,0,0.0006436748524263813,3,505,97,602,0.5826650996474207,0.41911764705882354
2633,2173,1,1,0.9999302931958626,3,505,97,602,0.5884828482848284,0.4264705882352941
2634,2189,1,1,0.9995055465738415,3,505,97,602,0.5884828482848284,0.4264705882352941
2635,2195,1,0,0.0601318092893504,3,506,97,603,0.5884828482848284,0.4264705882352941
2636,2199,1,0,4.926389990136873e-05,3,507,97,604,0.5884828482848284,0.4264705882352941
2637,2257,1,0,0.00012764577969040717,3,508,97,605,0.5884828482848284,0.4264705882352941
2638,2271,1,1,0.9933254098802938,3,508,97,605,0.594260856521413,0.4338235294117647
2639,2299,1,1,0.7447722049305188,3,508,97,605,0.6,0.4411764705882353
2640,2331,1,0,0.03344700345673242,3,509,97,606,0.6,0.4411764705882353
2641,2352,1,1,0.9902268539203174,3,509,97,606,0.6,0.4411764705882353
2642,2362,1,0,0.02696213637274206,3,510,97,607,0.594260856521413,0.4338235294117647
2643,2370,1,0,0.006963519706503178,3,511,97,608,0.5884828482848284,0.4264705882352941
2644,2403,1,1,0.9984120628938078,3,511,97,608,0.594260856521413,0.4338235294117647
2645,2484,1,0,0.267689481304894,3,512,97,609,0.594260856521413,0.4338235294117647
2646,2502,0,1,0.5535374740687812,3,512,98,610,0.5942811070276757,0.43703703703703706
2647,2668,0,0,0.031254759737335554,3,512,98,610,0.5985998599859985,0.44029850746268656
2648,2765,0,0,0.0004789768050155633,3,512,98,610,0.6029554149683679,0.44360902255639095
2649,2914,0,0,0.00033371675740718787,3,512,98,610,0.6015909943714822,0.4393939393939394
2650,2989,0,0,2.8389220051875432e-05,3,512,98,610,0.6060184165749174,0.44274809160305345
2651,2996,0,0,0.0002402875119226394,3,512,98,610,0.6046875,0.43846153846153846
2652,3063,0,0,0.002673917667309272,3,512,98,610,0.6091843483053182,0.4418604651162791
2653,3086,0,0,0.0023268459003129944,3,512,98,610,0.6137142857142857,0.4453125
2654,3107,0,0,0.002689840989375678,3,512,98,610,0.618276536522982,0.44881889763779526
2655,3153,0,0,2.3392995467971894e-05,3,512,98,610,0.6228703331995183,0.4523809523809524
2656,3231,0,0,2.6601432133752764e-06,3,512,98,610,0.6274949160201853,0.456
2657,3300,0,0,3.201880470802488e-05,3,512,98,610,0.6321495327102804,0.4596774193548387
2658,3387,0,0,0.018716019487470564,3,512,98,610,0.636833438089252,0.4634146341463415
2659,3434,0,0,0.03467223423876839,3,512,98,610,0.6415458937198067,0.4672131147540984
2660,3616,0,0,2.485911576079284e-05,3,512,98,610,0.6462861675606255,0.47107438016528924
2661,3636,0,0,0.00013096626288595058,3,512,98,610,0.651053533622341,0.475
2662,3640,0,0,7.890605497126276e-05,3,512,98,610,0.6500404040404041,0.47058823529411764
2663,3642,0,0,0.002107875564353368,3,512,98,610,0.6548633686392478,0.4745762711864407
2664,3652,0,0,6.347532641666107e-05,3,512,98,610,0.659711509262071,0.47863247863247865
2665,3655,0,1,0.8014359165998298,3,512,99,611,0.6600789553598543,0.4827586206896552
2666,3681,0,0,3.5702558430413436e-07,3,512,99,611,0.6591517857142857,0.4782608695652174
2667,3715,0,0,6.985220918424493e-05,3,512,99,611,0.664063492063492,0.4824561403508772
2668,3744,0,0,1.3995830001807773e-05,3,512,99,611,0.6689980673380124,0.48672566371681414
2669,3820,0,0,0.00010634119978605608,3,512,99,611,0.6739548267169159,0.49107142857142855
2670,3833,0,0,0.4358584681288052,3,512,99,611,0.6789330885352918,0.4954954954954955
2671,3882,0,0,5.604950721965474e-06,3,512,99,611,0.6781074168797955,0.4909090909090909
2672,3904,0,0,8.600474254302236e-05,3,512,99,611,0.6772742200328407,0.48623853211009177
2673,3925,0,0,4.843149124616649e-05,3,512,99,611,0.6823253064686078,0.49074074074074076
2674,3970,0,0,2.384821764447748e-05,3,512,99,611,0.6873957367933272,0.4953271028037383
2675,3976,0,0,0.0005116078959384834,3,512,99,611,0.6924848484848485,0.5
2676,4013,0,0,0.0003432668619642331,3,512,99,611,0.6975919801570898,0.5047619047619047
2677,4039,0,0,8.099728622860562e-05,3,512,99,611,0.6968523705778609,0.5
2678,4045,0,0,0.09456346938264248,3,512,99,611,0.7020013513864706,0.5048543689320388
2679,4046,0,0,0.13518575743574682,3,512,99,611,0.7071666666666667,0.5098039215686274
2680,4069,0,0,0.06241860948919126,3,512,99,611,0.7123476604295519,0.5148514851485149
2681,4076,0,0,0.0006264235927246139,3,512,99,611,0.7116720400513747,0.51
2682,4108,0,0,0.0003445917311465283,3,512,99,611,0.716891551071879,0.5151515151515151
2683,4139,0,0,0.00016750783561911306,3,512,99,611,0.7162305986696231,0.5102040816326531
2684,4164,0,0,0.13999266193803447,3,512,99,611,0.7214873911777937,0.5154639175257731
2685,4228,0,0,0.007547916495190526,3,512,99,611,0.7208404478842522,0.5104166666666666
2686,4278,0,0,3.8156669258517195e-05,3,512,99,611,0.7261333333333334,0.5157894736842106
2687,4303,0,0,0.0005618648240563046,3,512,99,611,0.7254997854997854,0.5106382978723404
2688,4324,0,0,0.0007041985219463723,3,512,99,611,0.7308276195853836,0.5161290322580645
2689,4325,0,0,0.0027606213555355654,3,512,99,611,0.7361665408262322,0.5217391304347826
2690,4371,0,0,1.7175772768732696e-05,3,512,99,611,0.7415158891142665,0.5274725274725275
2691,4459,0,0,0.1399156799021471,3,512,99,611,0.746875,0.5333333333333333
2692,4479,0,0,0.00440280061036647,3,512,99,611,0.746875,0.5333333333333333
2693,4484,0,1,0.8826976207529299,3,512,100,612,0.7422447599729547,0.5333333333333333
2694,4517,0,0,0.0001290288762370045,3,512,100,612,0.7422447599729547,0.5333333333333333
2695,4574,0,0,2.696493521155309e-06,3,512,100,612,0.7422447599729547,0.5333333333333333
2696,4613,0,0,0.0016702565562405267,3,512,100,612,0.7422447599729547,0.5333333333333333
2697,4645,0,1,0.7288008419990875,3,512,101,613,0.7376226944234711,0.5333333333333333
2698,4652,0,0,0.0001164477807852908,3,512,101,613,0.7376226944234711,0.5333333333333333
2699,4749,0,0,0.0009413719356004564,3,512,101,613,0.7376226944234711,0.5333333333333333
2700,4757,0,0,0.00022544026751187407,3,512,101,613,0.7376226944234711,0.5333333333333333
2701,4827,0,0,0.00019799256486341673,3,512,101,613,0.7376226944234711,0.5333333333333333
2702,4910,0,0,3.9693407616079596e-05,3,512,101,613,0.7376226944234711,0.5333333333333333
2703,0,1,0,0.020259456714430992,3,513,101,614,0.7322811970638058,0.5274725274725275
2704,56,1,0,0.06013222394614479,3,514,101,615,0.726949806949807,0.5217391304347826
2705,70,1,1,0.9094568506417382,3,514,101,615,0.72752,0.5268817204301075
2706,78,1,0,0.05374438311499694,3,515,101,616,0.7222218676028618,0.5212765957446809
2707,82,1,1,0.9889572805462763,3,515,101,616,0.7228056944775212,0.5263157894736842
2708,96,1,0,0.04402731881641754,3,516,101,617,0.7175419702248971,0.5208333333333334
2709,125,1,0,0.08037183162963742,3,517,101,618,0.7122909809084925,0.5154639175257731
2710,142,1,0,0.49474307137126766,3,518,101,619,0.7070533837746953,0.5102040816326531
2711,143,1,1,0.8007418855645881,3,518,101,619,0.707697457893085,0.5151515151515151
2712,161,1,0,0.4198276033199098,3,519,101,620,0.7024974555703437,0.51
2713,179,1,1,0.9998645870071081,3,519,101,620,0.7031567868187842,0.5148514851485149
2714,194,1,0,0.3261420865288542,3,520,101,621,0.697995642701525,0.5098039215686274
2715,205,1,0,0.0008431153954303715,3,521,101,622,0.6928505604307421,0.5048543689320388
2716,235,1,0,0.0008878598872586154,3,522,101,623,0.687722199255891,0.5
2717,239,1,0,0.0009870631530284823,3,523,101,624,0.6871641174038859,0.49523809523809526
2718,243,1,1,0.9999743867511249,3,523,101,624,0.6879209144269385,0.5
2719,246,1,0,0.013417680166505762,3,524,101,625,0.6873957367933272,0.4953271028037383
2720,259,1,0,0.0006085282496115222,3,525,101,626,0.6823253064686078,0.49074074074074076
2721,262,1,0,0.06551760422556169,3,526,101,627,0.6772742200328407,0.48623853211009177
2722,277,1,0,0.07158170052607399,3,527,101,628,0.6722431414739107,0.4818181818181818
2723,301,1,1,0.9620599607500357,3,527,101,628,0.6731027350034475,0.4864864864864865
2724,302,1,0,0.024837453702126748,3,528,101,629,0.6681191350469196,0.48214285714285715
2725,340,1,0,7.686765409765675e-06,3,529,101,630,0.6631572916401416,0.4778761061946903
2726,359,1,0,0.04559145472451528,3,530,101,631,0.6582178822093379,0.47368421052631576
2727,364,1,0,3.199494284221861e-06,3,531,101,632,0.6533015873015873,0.46956521739130436
2728,365,1,1,0.9989640475724667,3,531,101,632,0.654263636593955,0.47413793103448276
2729,382,1,1,0.9658001385167976,3,531,101,632,0.6552190399150635,0.47863247863247865
2730,398,1,0,0.4038800319502706,3,532,101,633,0.6503838383838384,0.4745762711864407
2731,407,1,0,0.020240037448288777,3,533,101,634,0.645574055854083,0.47058823529411764
2732,424,1,0,0.03849648955269721,3,534,101,635,0.6407904022582922,0.4666666666666667
2733,426,1,1,0.9736138924074178,3,534,101,635,0.6418276972624798,0.47107438016528924
2734,430,1,0,0.012518554496577556,3,535,101,636,0.6371011942174732,0.4672131147540984
2735,451,1,1,0.9888828365901551,3,535,101,636,0.6381639928698752,0.4715447154471545
2736,453,1,0,0.00020958520437127317,3,536,101,637,0.6334965877157768,0.46774193548387094
2737,454,1,0,0.37874238585729403,3,537,101,638,0.6332798073063026,0.464
2738,455,1,0,0.0028332973087043206,3,538,101,639,0.6286571879936809,0.4603174603174603
2739,468,1,0,0.09882194129748033,3,539,101,640,0.6240651629072682,0.4566929133858268
2740,482,1,0,0.04499094932028788,3,540,101,641,0.6195044966056265,0.453125
2741,490,1,0,0.01799981629371955,3,541,101,642,0.6149759615384616,0.4496124031007752
2742,495,1,0,0.09185058902664103,3,542,101,643,0.610480338414558,0.4461538461538462
2743,496,1,0,0.0015337363938602462,3,543,101,644,0.6060184165749174,0.44274809160305345
2744,504,1,1,0.9998525380196942,3,543,101,644,0.6073469387755103,0.44696969696969696
2745,519,1,0,9.697401655859313e-05,3,544,101,645,0.6029554149683679,0.44360902255639095
2746,520,1,0,0.004295566300236549,3,545,101,646,0.5985998599859985,0.44029850746268656
2747,522,1,0,0.03779481330691514,3,546,101,647,0.5942811070276757,0.43703703703703706
2748,541,1,1,0.9996129400465218,3,546,101,647,0.5957188929723243,0.4411764705882353
2749,549,1,0,0.054590244336597045,3,547,101,648,0.5914761476147614,0.43795620437956206
2750,558,1,0,0.035329250544155005,3,548,101,649,0.5872726363431773,0.43478260869565216
2751,572,1,0,0.004118812283628699,3,549,101,650,0.583109243697479,0.4316546762589928
2752,607,1,0,0.026931655703344208,3,550,101,651,0.5789868667917449,0.42857142857142855
2753,608,1,0,0.0008616258611948743,3,551,101,652,0.5749064157741968,0.425531914893617
2754,613,1,0,0.170755026934488,3,552,101,653,0.5750355319787809,0.4225352112676056
2755,649,1,0,0.03589145241804292,3,553,101,654,0.5710212510325148,0.4195804195804196
2756,657,1,0,0.024438468530606647,3,554,101,655,0.5710212510325148,0.4195804195804196
2757,676,1,1,0.9949655189841549,3,554,101,655,0.5710212510325148,0.4195804195804196
2758,683,1,0,0.0028463525211698077,3,555,101,656,0.5652847562806526,0.4125874125874126
2759,730,1,1,0.5854934169747149,3,555,101,656,0.5652847562806526,0.4125874125874126
2760,733,1,0,0.0033822710275296054,3,556,101,657,0.5595084427767354,0.40559440559440557
2761,765,1,0,0.0008520568427854496,3,557,101,658,0.5536914765906363,0.3986013986013986
2762,784,1,0,5.5228158008755745e-05,3,558,101,659,0.5536914765906363,0.3986013986013986
2763,786,1,0,0.1158867779356951,3,559,101,660,0.5536914765906363,0.3986013986013986
2764,790,1,1,0.9967917096886922,3,559,101,660,0.5536914765906363,0.3986013986013986
2765,797,1,1,0.9520047170753095,3,559,101,660,0.5536914765906363,0.3986013986013986
2766,823,1,0,0.022944838783968104,3,560,101,661,0.5536914765906363,0.3986013986013986
2767,832,1,0,0.0037829292732224937,3,561,101,662,0.5478330124277963,0.3916083916083916
2768,837,1,1,0.8817097235702451,3,561,101,662,0.5536914765906363,0.3986013986013986
2769,855,1,1,0.7970948233981924,3,561,101,662,0.5536914765906363,0.3986013986013986
2770,859,1,0,0.017031207007383257,3,562,101,663,0.5536914765906363,0.3986013986013986
2771,880,1,0,0.04416482935056983,3,563,101,664,0.5536914765906363,0.3986013986013986
2772,897,1,0,0.001004858448026012,3,564,101,665,0.5478330124277963,0.3916083916083916
2773,900,1,0,2.9244089409599956e-05,3,565,101,666,0.541932193219322,0.38461538461538464
2774,915,1,0,0.00548678884899479,3,566,101,667,0.5359881497037425,0.3776223776223776
2775,919,1,1,0.9036769146912669,3,566,101,667,0.541932193219322,0.38461538461538464
2776,932,1,0,0.00513565592172955,3,567,101,668,0.5359881497037425,0.3776223776223776
2777,949,1,0,0.001387923631662945,3,568,101,669,0.53,0.3706293706293706
2778,960,1,0,0.23124944166950648,3,569,101,670,0.53,0.3706293706293706
2779,979,1,0,0.027445993453193516,3,570,101,671,0.5239668491712294,0.36363636363636365
2780,999,1,0,0.029210466766984158,3,571,101,672,0.5239668491712294,0.36363636363636365
2781,1006,1,0,0.052761157445190804,3,572,101,673,0.517887788778878,0.35664335664335667
2782,1028,1,1,0.999975365683029,3,572,101,673,0.517887788778878,0.35664335664335667
2783,1029,1,0,0.1487101507514339,3,573,101,674,0.511761896426696,0.34965034965034963
2784,1030,1,1,0.9681116100939022,3,573,101,674,0.517887788778878,0.35664335664335667
2785,1044,1,0,0.025202302938281955,3,574,101,675,0.511761896426696,0.34965034965034963
2786,1052,1,1,0.9570617574978709,3,574,101,675,0.517887788778878,0.35664335664335667
2787,1066,1,0,0.06564209767725859,3,575,101,676,0.511761896426696,0.34965034965034963
2788,1067,1,0,2.3344405504024536e-05,3,576,101,677,0.511761896426696,0.34965034965034963
2789,1086,1,0,0.005265626760505791,3,577,101,678,0.5055882352941177,0.34265734265734266
2790,1096,1,0,0.0013650732349019972,3,578,101,679,0.4993658536585366,0.3356643356643357
2791,1102,1,0,0.0011212475122424502,3,579,101,680,0.4993658536585366,0.3356643356643357
2792,1116,1,1,0.9274595580751392,3,579,101,680,0.4993658536585366,0.3356643356643357
2793,1122,1,0,0.034949309669974275,3,580,101,681,0.4930937844059653,0.32867132867132864
2794,1134,1,0,0.010132432693301793,3,581,101,682,0.4867710445295487,0.32167832167832167
2795,1143,1,0,4.495665487350048e-05,3,582,101,683,0.4867710445295487,0.32167832167832167
2796,1149,1,0,0.003751608040343561,3,583,101,684,0.4803966346153846,0.3146853146853147
2797,1159,1,0,0.02093601413157362,3,584,101,685,0.4803966346153846,0.3146853146853147
2798,1217,1,0,0.02427423181507513,3,585,101,686,0.4803966346153846,0.3146853146853147
2799,1232,1,1,0.7752421650980219,3,585,101,686,0.4867710445295487,0.32167832167832167
2800,1260,1,0,0.0003209712380188799,3,586,101,687,0.4803966346153846,0.3146853146853147
2801,1280,1,0,0.000974676224472774,3,587,101,688,0.4803966346153846,0.3146853146853147
2802,1282,1,0,0.11965088774806226,3,588,101,689,0.4803966346153846,0.3146853146853147
2803,1309,1,0,0.0005431415368845725,3,589,101,690,0.47396953831508803,0.3076923076923077
2804,1364,1,0,0.04221853418949667,3,590,101,691,0.4674887218045113,0.3006993006993007
2805,1373,1,1,0.9413217555571998,3,590,101,691,0.47396953831508803,0.3076923076923077
2806,1389,1,0,0.0007883532999354773,3,591,101,692,0.47396953831508803,0.3076923076923077
2807,1405,1,1,0.9976637651758342,3,591,101,692,0.47396953831508803,0.3076923076923077
2808,1412,1,0,0.0010638055242132888,3,592,101,693,0.4674887218045113,0.3006993006993007
2809,1421,1,0,0.00040433220851014305,3,593,101,694,0.4674887218045113,0.3006993006993007
2810,1422,1,1,0.9959007289328479,3,593,101,694,0.4674887218045113,0.3006993006993007
2811,1428,1,0,0.0011381017119259016,3,594,101,695,0.46095313322801473,0.2937062937062937
2812,1460,1,0,0.0004497882719256751,3,595,101,696,0.46095313322801473,0.2937062937062937
2813,1466,1,0,0.004373980750061228,3,596,101,697,0.46095313322801473,0.2937062937062937
2814,1476,1,0,3.742816673039683e-05,3,597,101,698,0.46095313322801473,0.2937062937062937
2815,1514,1,0,0.08108353057106774,3,598,101,699,0.4543617021276596,0.2867132867132867
2816,1530,1,0,0.009160935029330571,3,599,101,700,0.4543617021276596,0.2867132867132867
2817,1591,1,0,2.9284781264826487e-05,3,600,101,701,0.4543617021276596,0.2867132867132867
2818,1594,1,0,0.04481819319094208,3,601,101,702,0.4477133388566694,0.27972027972027974
2819,1602,1,0,0.022410339420728963,3,602,101,703,0.4477133388566694,0.27972027972027974
2820,1615,1,1,0.9915355987269717,3,602,101,703,0.4477133388566694,0.27972027972027974
2821,1616,1,0,0.058676541599544815,3,603,101,704,0.44100693397648477,0.2727272727272727
2822,1621,1,0,0.017269492565256887,3,604,101,705,0.44100693397648477,0.2727272727272727
2823,1647,1,1,0.6207849312674121,3,604,101,705,0.44100693397648477,0.2727272727272727
2824,1652,1,1,0.7385480094573482,3,604,101,705,0.4477133388566694,0.27972027972027974
2825,1680,1,0,0.00017167601488322164,3,605,101,706,0.4477133388566694,0.27972027972027974
2826,1695,1,0,0.008978829283853662,3,606,101,707,0.44100693397648477,0.2727272727272727
2827,1702,1,0,0.13281847641046812,3,607,101,708,0.43424135763670646,0.26573426573426573
2828,1707,1,0,0.0037953594181445714,3,608,101,709,0.43424135763670646,0.26573426573426573
2829,1731,1,1,0.9059126442049871,3,608,101,709,0.43424135763670646,0.26573426573426573
2830,1751,1,1,0.9878486441584554,3,608,101,709,0.44100693397648477,0.2727272727272727
2831,1775,1,0,0.0019884240283698164,3,609,101,710,0.43424135763670646,0.26573426573426573
2832,1789,1,0,0.008231110849910352,3,610,101,711,0.43424135763670646,0.26573426573426573
2833,1806,1,0,0.10884740525196518,3,611,101,712,0.427415458937198,0.25874125874125875
2834,1833,1,1,0.9979790443488544,3,611,101,712,0.427415458937198,0.25874125874125875
2835,1857,1,0,3.230306078915398e-05,3,612,101,713,0.427415458937198,0.25874125874125875
2836,1859,1,1,0.8912325710275302,3,612,101,713,0.43424135763670646,0.26573426573426573
2837,1862,1,1,0.8742070375851098,3,612,101,713,0.44100693397648477,0.2727272727272727
2838,1873,1,0,0.02078703347247883,3,613,101,714,0.43424135763670646,0.26573426573426573
2839,1885,1,0,6.970941783272493e-05,3,614,101,715,0.427415458937198,0.25874125874125875
2840,1897,1,0,0.03585254192431725,3,615,101,716,0.427415458937198,0.25874125874125875
2841,1921,1,0,0.25987629939878387,3,616,101,717,0.4205280652715872,0.2517482517482518
2842,1922,1,1,0.978342850066265,3,616,101,717,0.427415458937198,0.25874125874125875
2843,1933,1,0,0.02044728710810512,3,617,101,718,0.427415458937198,0.25874125874125875
2844,1957,1,0,2.0465525407809993e-05,3,618,101,719,0.4205280652715872,0.2517482517482518
2845,1986,1,1,0.9998142482712924,3,618,101,719,0.427415458937198,0.25874125874125875
2846,1988,1,0,0.007552008555550724,3,619,101,720,0.4269726247987118,0.2569444444444444
2847,2006,1,1,0.9957926900488757,3,619,101,720,0.4298814189528691,0.2620689655172414
2848,2013,1,0,0.15130312467325754,3,620,101,721,0.42598026662649696,0.2602739726027397
2849,2048,1,0,0.01764577251859941,3,621,101,722,0.4221276595744681,0.2585034013605442
2850,2051,1,0,0.00037265618479207126,3,622,101,723,0.4183244314050001,0.25675675675675674
2851,2083,1,0,0.016964454839238998,3,623,101,724,0.41457142857142854,0.2550335570469799
2852,2085,1,0,0.00928072734916988,3,624,101,725,0.4108695107592875,0.25333333333333335
2853,2088,1,0,0.13550619502780387,3,625,101,726,0.40721955128205123,0.25165562913907286
2854,2109,1,0,0.0016312308240590166,3,626,101,727,0.4036224374859202,0.25
2855,2119,1,0,0.07941740609637697,3,627,101,728,0.4000790711640477,0.24836601307189543
2856,2127,1,0,0.042937507687366726,3,628,101,729,0.3965903689806129,0.24675324675324675
2857,2129,1,1,0.9823971315507442,3,628,101,729,0.39995624015403464,0.25161290322580643
2858,2136,1,0,0.012512737790184622,3,629,101,730,0.3965796579657966,0.25
2859,2138,1,1,0.9949127733367663,3,629,101,730,0.4,0.25477707006369427
2860,2149,1,1,0.9963971387186118,3,629,101,730,0.40342034203420346,0.25949367088607594
2861,2154,1,0,0.0031676468556514794,3,630,101,731,0.400219299342352,0.2578616352201258
2862,2174,1,1,0.9852041655750945,3,630,101,731,0.4037023139462164,0.2625
2863,2175,1,0,6.763066615358572e-06,3,631,101,732,0.40062356120508463,0.2608695652173913
2864,2182,1,0,0.0007027637494861892,3,632,101,733,0.3976075692723587,0.25925925925925924
2865,2213,1,0,0.3672571280742619,3,633,101,734,0.3978230832770144,0.25766871165644173
2866,2246,1,0,0.0002265859093600048,3,634,101,735,0.3949038461538461,0.25609756097560976
2867,2289,1,0,0.00022274303725367675,3,635,101,736,0.3920501515569027,0.2545454545454545
2868,2304,1,0,0.043196196778204465,3,636,101,737,0.3892631578947369,0.25301204819277107
2869,2314,1,0,0.0002473184597362892,3,637,101,738,0.38654404573835854,0.25149700598802394
2870,2326,1,1,0.996812216790479,3,637,101,738,0.3904918279731867,0.25595238095238093
2871,2327,1,0,0.07450059634582354,3,638,101,739,0.3879127725856698,0.25443786982248523
2872,2358,1,0,0.00022852630356669983,3,639,101,740,0.3854054054054054,0.2529411764705882
2873,2359,1,0,0.0026802792226905737,3,640,101,741,0.3829710144927536,0.25146198830409355
2874,2365,1,0,0.0319039762232342,3,641,101,742,0.38061091385258494,0.25
2875,2377,1,0,0.0006854255732145971,3,642,101,743,0.3783264441980039,0.24855491329479767
2876,2386,1,0,0.1511242171217024,3,643,101,744,0.37611897373798525,0.2471264367816092
2877,2411,1,0,0.04440873846519959,3,644,101,745,0.373989898989899,0.24571428571428572
2878,2424,1,0,0.026413315998397052,3,645,101,746,0.3719406456179377,0.24431818181818182
2879,2427,1,0,0.001658984568348899,3,646,101,747,0.369972669298512,0.24293785310734464
2880,2450,1,1,0.9810783417519117,3,646,101,747,0.37464285714285717,0.24719101123595505
2881,2453,1,0,0.0028596115932407623,3,647,101,748,0.3728444444444445,0.24581005586592178
2882,2455,1,1,0.9869618014116167,3,647,101,748,0.37763744238751246,0.25
2883,2490,1,0,0.05547568824865549,3,648,101,749,0.376015911872705,0.24861878453038674
2884,2496,1,1,0.9962607872341163,3,648,101,749,0.3809411764705882,0.25274725274725274
2885,2542,0,0,7.125199400907233e-06,3,648,101,749,0.3809411764705882,0.25274725274725274
2886,2605,0,0,0.0018764190623884501,3,648,101,749,0.3809411764705882,0.25274725274725274
2887,2617,0,0,0.014152771975781334,3,648,101,749,0.3809411764705882,0.25274725274725274
2888,2634,0,0,4.950095385477056e-05,3,648,101,749,0.3809411764705882,0.25274725274725274
2889,2640,0,0,0.00018435306513774614,3,648,101,749,0.3809411764705882,0.25274725274725274
2890,2657,0,0,2.933342728720843e-06,3,648,101,749,0.3809411764705882,0.25274725274725274
2891,2728,0,0,3.115703287258654e-05,3,648,101,749,0.3809411764705882,0.25274725274725274
2892,2731,0,0,4.110033318601451e-05,3,648,101,749,0.3809411764705882,0.25274725274725274
2893,2744,0,0,5.958279821146187e-05,3,648,101,749,0.3834842564927603,0.25274725274725274
2894,2848,0,0,0.15838208676720325,3,648,101,749,0.3834842564927603,0.25274725274725274
2895,2853,0,0,0.0007292613914134378,3,648,101,749,0.3834842564927603,0.25274725274725274
2896,2855,0,0,0.0005394563035165216,3,648,101,749,0.3834842564927603,0.25274725274725274
2897,2946,0,0,2.3758949108155494e-05,3,648,101,749,0.3860301917584659,0.25274725274725274
2898,2999,0,0,4.3852718512019786e-05,3,648,101,749,0.3860301917584659,0.25274725274725274
2899,3167,0,0,0.0002959258568474686,3,648,101,749,0.3860301917584659,0.25274725274725274
2900,3263,0,0,0.00025003308904724704,3,648,101,749,0.3860301917584659,0.25274725274725274
2901,3278,0,0,2.9004462717243714e-05,3,648,101,749,0.3860301917584659,0.25274725274725274
2902,3330,0,0,1.3440948203741956e-05,3,648,101,749,0.3860301917584659,0.25274725274725274
2903,3386,0,0,6.8836768478833e-05,3,648,101,749,0.3876511929922844,0.2541436464088398
2904,3428,0,0,2.402216021935844e-05,3,648,101,749,0.3893601871630557,0.25555555555555554
2905,3531,0,1,0.5560500832605239,3,648,102,750,0.382,0.25139664804469275
2906,3592,0,0,0.00025446702557112706,3,648,102,750,0.3838392857142857,0.25280898876404495
2907,3760,0,0,0.00020091490516269958,3,648,102,750,0.37923777710294565,0.24858757062146894
2908,3778,0,0,0.2563129400598996,3,648,102,750,0.3812452286458201,0.25
2909,3841,0,0,5.8883355395550474e-06,3,648,102,750,0.38333333333333336,0.25142857142857145
2910,3856,0,0,3.439446506280306e-05,3,648,102,750,0.38550064330583517,0.25287356321839083
2911,3860,0,0,0.00017895001516958183,3,648,102,750,0.381171715645539,0.24855491329479767
2912,3936,0,0,2.236561525166021e-05,3,648,102,750,0.38349436392914654,0.25
2913,4019,0,0,1.1846693083669498e-05,3,648,102,750,0.37926339061400866,0.24561403508771928
2914,4088,0,0,3.7392997981895993e-06,3,648,102,750,0.3817353317767568,0.24705882352941178
2915,4134,0,0,0.0688104767560397,3,648,102,750,0.3842794058611,0.2485207100591716
2916,4194,0,0,0.00012324121285539011,3,648,102,750,0.3868943554251611,0.25
2917,4224,0,0,4.645453326107535e-05,3,648,102,750,0.3895789473684211,0.25149700598802394
2918,4246,0,0,2.293232787691726e-06,3,648,102,750,0.3856490384615385,0.2469879518072289
2919,4295,0,0,7.639704643939208e-05,3,648,102,750,0.38846962529098145,0.24848484848484848
2920,4296,0,0,0.0031356376985612238,3,648,102,750,0.39135622059853864,0.25
2921,4358,0,0,0.00015162160901433972,3,648,102,750,0.3943076923076923,0.25153374233128833
2922,4391,0,0,0.0010216456019475234,3,648,102,750,0.3973229291716687,0.25308641975308643
2923,4488,0,0,8.717390830217756e-06,3,648,102,750,0.3936603660366036,0.2484472049689441
2924,4546,0,1,0.7185772562556372,3,648,103,751,0.3935993599359936,0.25
2925,4604,0,0,0.0004912367829883036,3,648,103,751,0.396769669241731,0.25157232704402516
2926,4622,0,0,3.0201663086881404e-05,3,648,103,751,0.4,0.25316455696202533
2927,4627,0,0,0.008138739184863492,3,648,103,751,0.4032893322333058,0.25477707006369427
2928,4687,0,0,0.3726135563117858,3,648,103,751,0.3998669700682654,0.25
2929,4708,0,0,4.0462849457440295e-05,3,648,103,751,0.39644152595372106,0.24516129032258063
2930,4730,0,0,0.0005996994322248435,3,648,103,751,0.3999019117205485,0.24675324675324675
2931,4744,0,0,0.0018275672476833424,3,648,103,751,0.40341743635954047,0.24836601307189543
2932,4762,0,0,0.0002751978811070752,3,648,103,751,0.4069871794871795,0.25
2933,4791,0,0,0.2762647513206055,3,648,103,751,0.40371929824561403,0.24503311258278146
2934,4819,0,0,0.00014185637063642378,3,648,103,751,0.40739486948017756,0.24666666666666667
2935,4835,0,0,8.264552660765419e-05,3,648,103,751,0.40416886344806807,0.24161073825503357
2936,4836,0,0,2.1527607301117888e-05,3,648,103,751,0.40794694000602955,0.24324324324324326
2937,4966,0,0,0.0031816134750486703,3,648,103,751,0.41177498428661224,0.24489795918367346
2938,4991,0,0,0.0004493625381238428,3,648,103,751,0.41565217391304343,0.2465753424657534
2939,92,1,1,0.9999299158004998,3,648,103,751,0.4226046511627907,0.2534246575342466
2940,116,1,0,1.763572443725437e-05,3,649,103,752,0.4226046511627907,0.2534246575342466
2941,164,1,0,0.015410467852638545,3,650,103,753,0.4226046511627907,0.2534246575342466
2942,221,1,0,0.04104017558658088,3,651,103,754,0.4226046511627907,0.2534246575342466
2943,350,1,1,0.8467388656317988,3,651,103,754,0.4294945231635012,0.2602739726027397
2944,483,1,0,0.0009014047659980579,3,652,103,755,0.4226046511627907,0.2534246575342466
2945,493,1,0,5.4857734964594684e-05,3,653,103,756,0.4226046511627907,0.2534246575342466
2946,571,1,0,0.022226540757713468,3,654,103,757,0.4226046511627907,0.2534246575342466
2947,601,1,0,0.0002688821628178877,3,655,103,758,0.4226046511627907,0.2534246575342466
2948,699,1,0,0.010538073166721125,3,656,103,759,0.41565217391304343,0.2465753424657534
2949,706,1,0,0.11875916238676644,3,657,103,760,0.41565217391304343,0.2465753424657534
2950,767,1,0,0.0006853569132697279,3,658,103,761,0.41565217391304343,0.2465753424657534
2951,810,1,0,0.03175772526688921,3,659,103,762,0.41565217391304343,0.2465753424657534
2952,814,1,0,0.0002199968249105016,3,660,103,763,0.41565217391304343,0.2465753424657534
2953,818,1,0,5.359544574363609e-06,3,661,103,764,0.41565217391304343,0.2465753424657534
2954,829,1,0,0.0023059322189885626,3,662,103,765,0.41565217391304343,0.2465753424657534
2955,834,1,1,0.9274247086539222,3,662,103,765,0.4226046511627907,0.2534246575342466
2956,986,1,0,0.006948662160456757,3,663,103,766,0.4226046511627907,0.2534246575342466
2957,1024,1,1,0.6534468736870537,3,663,103,766,0.4226046511627907,0.2534246575342466
2958,1027,1,0,0.006755287571088881,3,664,103,767,0.4226046511627907,0.2534246575342466
2959,1060,1,0,0.3379593287125601,3,665,103,768,0.41565217391304343,0.2465753424657534
2960,1061,1,0,0.02282178338010781,3,666,103,769,0.41565217391304343,0.2465753424657534
2961,1095,1,0,0.001954923077117467,3,667,103,770,0.41565217391304343,0.2465753424657534
2962,1148,1,0,2.9550710621847592e-06,3,668,103,771,0.41565217391304343,0.2465753424657534
2963,1157,1,0,0.0527536438372526,3,669,103,772,0.41565217391304343,0.2465753424657534
2964,1194,1,0,0.028140640043446054,3,670,103,773,0.40863589433658176,0.23972602739726026
2965,1201,1,0,1.69078987738836e-05,3,671,103,774,0.401554592196794,0.2328767123287671
2966,1225,1,0,0.4458194174085382,3,672,103,775,0.401554592196794,0.2328767123287671
2967,1241,1,0,9.208249239185697e-07,3,673,103,776,0.401554592196794,0.2328767123287671
2968,1242,1,0,0.0002303735208500487,3,674,103,777,0.39440702338605915,0.22602739726027396
2969,1360,1,0,0.0016551228287682393,3,675,103,778,0.3871919191919192,0.2191780821917808
2970,1418,1,0,6.321345534876421e-07,3,676,103,779,0.3871919191919192,0.2191780821917808
2971,1436,1,0,0.0012507904259781162,3,677,103,780,0.3871919191919192,0.2191780821917808
2972,1448,1,1,0.9998182489990369,3,677,103,780,0.39440702338605915,0.22602739726027396
2973,1522,1,0,1.7734682646281955e-06,3,678,103,781,0.39440702338605915,0.22602739726027396
2974,1555,1,0,0.031123966839502047,3,679,103,782,0.39440702338605915,0.22602739726027396
2975,1557,1,1,0.7035427468693283,3,679,103,782,0.39440702338605915,0.22602739726027396
2976,1582,1,0,0.22589409534360166,3,680,103,783,0.39440702338605915,0.22602739726027396
2977,1583,1,1,0.9831313110699922,3,680,103,783,0.401554592196794,0.2328767123287671
2978,1627,1,0,0.0021360296129958015,3,681,103,784,0.401554592196794,0.2328767123287671
2979,1717,1,0,0.0010810380796907805,3,682,103,785,0.401554592196794,0.2328767123287671
2980,1776,1,1,0.5531627923605984,3,682,103,785,0.40863589433658176,0.23972602739726026
2981,1794,1,0,0.01019341183031241,3,683,103,786,0.40863589433658176,0.23972602739726026
2982,1834,1,0,0.04280437082123519,3,684,103,787,0.401554592196794,0.2328767123287671
2983,1838,1,0,2.6301386943279187e-05,3,685,103,788,0.401554592196794,0.2328767123287671
2984,1884,1,1,0.9999936544219376,3,685,103,788,0.401554592196794,0.2328767123287671
2985,1945,1,0,0.00020982059176338346,3,686,103,789,0.401554592196794,0.2328767123287671
2986,2005,1,0,6.984088971110039e-06,3,687,103,790,0.39440702338605915,0.22602739726027396
2987,2206,1,0,0.008876694146214649,3,688,103,791,0.39440702338605915,0.22602739726027396
2988,2236,1,0,5.9561546465061754e-05,3,689,103,792,0.39440702338605915,0.22602739726027396
2989,2255,1,0,0.031590238077920246,3,690,103,793,0.39440702338605915,0.22602739726027396
2990,2258,1,1,0.6102390003494711,3,690,103,793,0.401554592196794,0.2328767123287671
2991,2268,1,0,8.451131609698053e-06,3,691,103,794,0.401554592196794,0.2328767123287671
2992,2336,1,0,0.2715840817556731,3,692,103,795,0.39440702338605915,0.22602739726027396
2993,2396,1,0,0.0403246668369501,3,693,103,796,0.39440702338605915,0.22602739726027396
2994,2405,1,0,0.4354390995165071,3,694,103,797,0.39440702338605915,0.22602739726027396
2995,2414,1,0,0.0775200805453622,3,695,103,798,0.39440702338605915,0.22602739726027396
2996,2447,1,0,0.0022275221032026877,3,696,103,799,0.39440702338605915,0.22602739726027396
2997,2465,1,1,0.9873485170636961,3,696,103,799,0.401554592196794,0.2328767123287671
2998,2473,1,0,0.014753403625932842,3,697,103,800,0.401554592196794,0.2328767123287671
2999,2487,1,0,0.03658622855104928,3,698,103,801,0.39440702338605915,0.22602739726027396
3000,2519,0,0,1.6571886080664206e-05,3,698,103,801,0.39833333333333326,0.22758620689655173
3001,2532,0,0,0.0008351303183032755,3,698,103,801,0.4023074395207159,0.22916666666666666
3002,2556,0,0,0.0021120493481300052,3,698,103,801,0.40632857576677806,0.23076923076923078
3003,2606,0,0,0.1142576017662931,3,698,103,801,0.41039598692711104,0.2323943661971831
3004,2610,0,0,0.00012056666336961241,3,698,103,801,0.4145089285714285,0.23404255319148937
3005,2626,0,0,0.14073469797347796,3,698,103,801,0.4114535652527719,0.22857142857142856
3006,2650,0,0,0.00011185471535676047,3,698,103,801,0.4156560820962033,0.2302158273381295
3007,2656,0,0,0.027979783078202446,3,698,103,801,0.41262085344365274,0.2246376811594203
3008,2658,0,0,1.8930039426299215e-06,3,698,103,801,0.4169104859335039,0.22627737226277372
3009,2769,0,0,0.002043086120679047,3,698,103,801,0.42124234739619354,0.22794117647058823
3010,2831,0,0,3.215427345282787e-05,3,698,103,801,0.4182660430212536,0.2222222222222222
3011,2877,0,0,0.0001598871773535354,3,698,103,801,0.42268149521161574,0.22388059701492538
3012,2920,0,0,0.0001670032849982839,3,698,103,801,0.427137330754352,0.22556390977443608
3013,2970,0,0,0.027421711172119504,3,698,103,801,0.43163290615957,0.22727272727272727
3014,2978,0,0,0.1708098172616135,3,698,103,801,0.436167585617768,0.22900763358778625
3015,3026,0,1,0.9855100465125365,3,698,104,802,0.43715409903963137,0.23076923076923078
3016,3076,0,0,8.779124962350663e-06,3,698,104,802,0.4417460317460318,0.23255813953488372
3017,3099,0,0,8.658138119151171e-06,3,698,104,802,0.44637542555679716,0.234375
3018,3265,0,0,7.17726381825924e-05,3,698,104,802,0.45104166666666673,0.23622047244094488
3019,3270,0,0,6.94024904758266e-05,3,698,104,802,0.4557441478117905,0.23809523809523808
3020,3277,0,0,0.00022814296671897738,3,698,104,802,0.45311394196744514,0.232
3021,3282,0,0,0.0026172237008288087,3,698,104,802,0.4578898696931483,0.23387096774193547
3022,3326,0,1,0.9696793661045362,3,698,105,803,0.45902269861286255,0.23577235772357724
3023,3397,0,0,0.0012958524941479622,3,698,105,803,0.45645232815964526,0.22950819672131148
3024,3563,0,0,4.039753222503733e-05,3,698,105,803,0.4538455008488964,0.2231404958677686
3025,3597,0,0,0.00043998420304771333,3,698,105,803,0.4587462432511504,0.225
3026,3717,0,0,7.48085727957111e-06,3,698,105,803,0.4636799999999999,0.226890756302521
3027,3775,0,0,0.002075384049541012,3,698,105,803,0.46864622048717874,0.2288135593220339
3028,3791,0,0,0.005646712844454618,3,698,105,803,0.4736443586443586,0.23076923076923078
3029,3806,0,0,0.00016587683489002877,3,698,105,803,0.4711422715996117,0.22413793103448276
3030,3863,0,0,0.00013932877866501341,3,698,105,803,0.46859809027777777,0.21739130434782608
3031,4006,0,0,0.023459168644902908,3,698,105,803,0.47369758646023236,0.21929824561403508
3032,4008,0,0,0.0007197284384681562,3,698,105,803,0.47882738290206356,0.22123893805309736
3033,4026,0,0,5.373180531706827e-05,3,698,105,803,0.4839869656890934,0.22321428571428573
3034,4029,0,0,0.4428555164281299,3,698,105,803,0.48150141955401193,0.21621621621621623
3035,4102,0,0,0.0006794999149321868,3,698,105,803,0.4867241951543312,0.21818181818181817
3036,4155,0,0,0.00014422305052012386,3,698,105,803,0.48422459893048125,0.21100917431192662
3037,4172,0,0,0.0018674405649736435,3,698,105,803,0.48167433509145996,0.2037037037037037
3038,4334,0,0,0.010279150909624724,3,698,105,803,0.48699248120300753,0.205607476635514
3039,4388,0,0,0.0028335279152329066,3,698,105,803,0.4923383084577114,0.20754716981132076
3040,4418,0,0,3.426635025332895e-05,3,698,105,803,0.4977113425466102,0.20952380952380953
3041,4429,0,0,0.22216091746999594,3,698,105,803,0.5031111111111111,0.21153846153846154
3042,4456,0,0,0.0017291301310825274,3,698,105,803,0.5006387867647059,0.20388349514563106
3043,4472,0,0,0.48161961922583757,3,698,105,803,0.5060973147587321,0.20588235294117646
3044,4498,0,0,2.699964979066235e-05,3,698,105,803,0.5115815085158151,0.2079207920792079
3045,4504,0,0,3.232241081691003e-07,3,698,105,803,0.5091164095371669,0.2
3046,4596,0,0,7.183347585008267e-05,3,698,105,803,0.5146579202254117,0.20202020202020202
3047,4640,0,0,0.0013653325447492654,3,698,105,803,0.5121638674131342,0.19387755102040816
3048,4684,0,0,3.658763744035282e-05,3,698,105,803,0.5177619047619048,0.1958762886597938
3049,4728,0,1,0.681015298720619,3,698,106,804,0.5197142857142858,0.19791666666666666
3050,4796,0,0,0.3743643295365565,3,698,106,804,0.5253461526959539,0.2
3051,4831,0,0,2.5020531244406122e-05,3,698,106,804,0.5310013222743118,0.20212765957446807
3052,4896,0,0,0.0006355003288967518,3,698,106,804,0.5366793512729909,0.20430107526881722
3053,4950,0,0,8.316521356116431e-05,3,698,106,804,0.5423797960174843,0.20652173913043478
3054,4970,0,0,0.0035103516795200276,3,698,106,804,0.5481022120518688,0.2087912087912088
3055,2,1,0,0.0003366253944821443,3,699,106,805,0.5481022120518688,0.2087912087912088
3056,17,1,0,0.08203494272964158,3,700,106,806,0.5481022120518688,0.2087912087912088
3057,19,1,0,0.0005212286427027298,3,701,106,807,0.5400478468899521,0.1978021978021978
3058,32,1,1,0.9962139530687746,3,701,106,807,0.5481022120518688,0.2087912087912088
3059,64,1,1,0.9999862406380832,3,701,106,807,0.5481022120518688,0.2087912087912088
3060,71,1,0,0.00010414737910526476,3,702,106,808,0.5400478468899521,0.1978021978021978
3061,94,1,0,0.0021297581197390245,3,703,106,809,0.5400478468899521,0.1978021978021978
3062,99,1,1,0.9999879044404276,3,703,106,809,0.5400478468899521,0.1978021978021978
3063,148,1,0,0.001785754529356058,3,704,106,810,0.5400478468899521,0.1978021978021978
3064,159,1,1,0.9998853840123466,3,704,106,810,0.5481022120518688,0.2087912087912088
3065,184,1,1,0.8444012495659642,3,704,106,810,0.5560514813016028,0.21978021978021978
3066,195,1,0,0.00047102343387785096,3,705,106,811,0.5560514813016028,0.21978021978021978
3067,228,1,0,0.26922683592179597,3,706,106,812,0.5560514813016028,0.21978021978021978
3068,247,1,0,0.022264950975676063,3,707,106,813,0.5560514813016028,0.21978021978021978
3069,300,1,0,0.0018800385271773594,3,708,106,814,0.5560514813016028,0.21978021978021978
3070,325,1,0,0.0018246621741255208,3,709,106,815,0.5481022120518688,0.2087912087912088
3071,376,1,0,0.22746292290894865,3,710,106,816,0.5481022120518688,0.2087912087912088
3072,389,1,0,7.041359863071346e-06,3,711,106,817,0.5481022120518688,0.2087912087912088
3073,391,1,0,0.17997491413478103,3,712,106,818,0.5481022120518688,0.2087912087912088
3074,411,1,0,0.33504027638742007,3,713,106,819,0.5481022120518688,0.2087912087912088
3075,444,1,0,0.297718338590019,3,714,106,820,0.5481022120518688,0.2087912087912088
3076,478,1,0,0.0132390893733403,3,715,106,821,0.5481022120518688,0.2087912087912088
3077,485,1,1,0.9977238363253788,3,715,106,821,0.5560514813016028,0.21978021978021978
3078,527,1,0,0.04271109967979914,3,716,106,822,0.5560514813016028,0.21978021978021978
3079,546,1,1,0.9872762817496947,3,716,106,822,0.5638987043580683,0.23076923076923078
3080,599,1,0,0.3118667570771357,3,717,106,823,0.5560514813016028,0.21978021978021978
3081,619,1,0,0.0010327853186184528,3,718,106,824,0.5560514813016028,0.21978021978021978
3082,632,1,1,0.7035435277232841,3,718,106,824,0.5560514813016028,0.21978021978021978
3083,651,1,0,0.35318648953074433,3,719,106,825,0.5560514813016028,0.21978021978021978
3084,661,1,0,0.0009524843429820716,3,720,106,826,0.5481022120518688,0.2087912087912088
3085,665,1,0,0.19301578066626315,3,721,106,827,0.5423797960174843,0.20652173913043478
3086,697,1,1,0.9999057140546834,3,721,106,827,0.5446483952398126,0.21505376344086022
3087,698,1,1,0.999644579204929,3,721,106,827,0.5468571428571428,0.22340425531914893
3088,771,1,0,0.2079073396961192,3,722,106,828,0.5412201190793566,0.22105263157894736
3089,799,1,1,0.9781426563899782,3,722,106,828,0.5434040679756978,0.22916666666666666
3090,808,1,0,0.1070999929970888,3,723,106,829,0.5378214118747079,0.2268041237113402
3091,831,1,0,0.0032793554860111296,3,724,106,830,0.5322618181818182,0.22448979591836735
3092,862,1,0,0.3192541992802871,3,725,106,831,0.5267257559958289,0.2222222222222222
3093,878,1,0,0.08515329993520289,3,726,106,832,0.5212136944420409,0.22
3094,887,1,1,0.6741091263712273,3,726,106,832,0.5234723533281844,0.22772277227722773
3095,930,1,0,0.0006655982190042536,3,727,106,833,0.5180170940170941,0.22549019607843138
3096,931,1,0,0.34814535151988585,3,728,106,834,0.5125869065523994,0.22330097087378642
3097,964,1,1,0.8956597496127732,3,728,106,834,0.5148601841682858,0.23076923076923078
3098,969,1,1,0.9998648509251018,3,728,106,834,0.5170859538784067,0.23809523809523808
3099,974,1,0,0.0715489408941469,3,729,106,835,0.51174688057041,0.2358490566037736
3100,981,1,1,0.9941255265585648,3,729,106,835,0.5139606151122912,0.24299065420560748
3101,990,1,1,0.9375100177039647,3,729,106,835,0.5161318681318682,0.25
3102,1031,1,1,0.9267290934582962,3,729,106,835,0.518262910798122,0.25688073394495414
3103,1048,1,1,0.9979263124126838,3,729,106,835,0.5203559027777778,0.2636363636363636
3104,1091,1,1,0.9821724285482971,3,729,106,835,0.5224129004422392,0.2702702702702703
3105,1094,1,1,0.5977866308185389,3,729,106,835,0.5283643892339545,0.2767857142857143
3106,1124,1,1,0.8849534115131161,3,729,106,835,0.5303738067862777,0.2831858407079646
3107,1152,1,0,5.24249236087137e-05,3,730,106,836,0.5252800000000001,0.2807017543859649
3108,1187,1,1,0.9956650207128823,3,730,106,836,0.5272920203735144,0.28695652173913044
3109,1188,1,1,0.690783388460542,3,730,106,836,0.5292746278112133,0.29310344827586204
3110,1196,1,1,0.9882734201996213,3,730,106,836,0.5312295081967213,0.29914529914529914
3111,1208,1,1,0.9981178701511747,3,730,106,836,0.5331582801548279,0.3050847457627119
3112,1244,1,0,0.2051566038487327,3,731,106,837,0.5282306427620762,0.3025210084033613
3113,1250,1,0,0.007601205536455413,3,732,106,838,0.5233333333333333,0.3
3114,1272,1,1,0.984874657793926,3,732,106,838,0.5253076045232907,0.30578512396694213
3115,1295,1,1,0.9970274565920234,3,732,106,838,0.527259198015709,0.3114754098360656
3116,1307,1,0,0.0009925761732339246,3,733,106,839,0.5224642166344294,0.3089430894308943
3117,1311,1,0,0.30735947800605895,3,734,106,840,0.5177015755329009,0.3064516129032258
3118,1314,1,1,0.9398980742574443,3,734,106,840,0.5197044334975369,0.312
3119,1329,1,0,0.001106469804498089,3,735,106,841,0.515011655011655,0.30952380952380953
3120,1333,1,1,0.7450976695085962,3,735,106,841,0.517032355269542,0.31496062992125984
3121,1374,1,1,0.9149518824386209,3,735,106,841,0.5190354205393293,0.3203125
3122,1375,1,1,0.8820716326869327,3,735,106,841,0.5210222222222222,0.32558139534883723
3123,1452,1,1,0.9659254301098932,3,735,106,841,0.5229940969319248,0.33076923076923076
3124,1464,1,0,0.01408737693843667,3,736,106,842,0.5224638342073927,0.3282442748091603
3125,1484,1,1,0.9998971645307816,3,736,106,842,0.5244692737430168,0.3333333333333333
3126,1537,1,0,0.01086515769719429,3,737,106,843,0.520020202020202,0.3308270676691729
3127,1541,1,0,0.0011496730774839517,3,738,106,844,0.5156088700522212,0.3283582089552239
3128,1549,1,0,0.17313470789663107,3,739,106,845,0.5112360116947273,0.32592592592592595
3129,1576,1,0,0.023456206218461326,3,740,106,846,0.5069023696205082,0.3235294117647059
3130,1607,1,1,0.8387431424534749,3,740,106,846,0.5090571967316153,0.3284671532846715
3131,1612,1,0,0.304392132288303,3,741,106,847,0.5048055471811879,0.32608695652173914
3132,1635,1,1,0.9850023967013732,3,741,106,847,0.5069931754315536,0.33093525179856115
3133,1666,1,1,0.9899798304319076,3,741,106,847,0.509172932330827,0.3357142857142857
3134,1704,1,1,0.832541952800876,3,741,106,847,0.5113461538461539,0.3404255319148936
3135,1733,1,0,0.21507747453384735,3,742,106,848,0.5072669019548948,0.3380281690140845
3136,1746,1,1,0.9999842370397602,3,742,106,848,0.5094796747967479,0.34265734265734266
3137,1803,1,0,0.014333757421415285,3,743,106,849,0.5054901960784314,0.3402777777777778
3138,1837,1,1,0.992600181811323,3,743,106,849,0.5077457745774577,0.3448275862068966
3139,1866,1,1,0.725926270142422,3,743,106,849,0.5077457745774577,0.3448275862068966
3140,1875,1,0,0.06661157801960654,3,744,106,850,0.5077457745774577,0.3448275862068966
3141,1876,1,0,0.006752321003974046,3,745,106,851,0.5077457745774577,0.3448275862068966
3142,1930,1,1,0.9972407838809758,3,745,106,851,0.5138965974149353,0.35172413793103446
3143,1946,1,0,0.001695450720049216,3,746,106,852,0.5077457745774577,0.3448275862068966
3144,1952,1,1,0.7796576689498124,3,746,106,852,0.5138965974149353,0.35172413793103446
3145,1965,1,0,0.10018559804748337,3,747,106,853,0.5138965974149353,0.35172413793103446
3146,1967,1,1,0.9497528314352073,3,747,106,853,0.52,0.3586206896551724
3147,1980,1,0,0.017926429659753673,3,748,106,854,0.52,0.3586206896551724
3148,1992,1,0,0.3079668926853976,3,749,106,855,0.52,0.3586206896551724
3149,2055,1,0,0.38874551643612315,3,750,106,856,0.52,0.3586206896551724
3150,2120,1,1,0.9023459169346578,3,750,106,856,0.5260569014225356,0.36551724137931035
3151,2165,1,1,0.8650188681662608,3,750,106,856,0.5320682068206821,0.3724137931034483
3152,2169,1,0,0.0021575011656921965,3,751,106,857,0.5320682068206821,0.3724137931034483
3153,2181,1,0,0.008146342505450248,3,752,106,858,0.5320682068206821,0.3724137931034483
3154,2227,1,0,0.0005961454086008728,3,753,106,859,0.5320682068206821,0.3724137931034483
3155,2276,1,0,0.00041209830036756904,3,754,106,860,0.5260569014225356,0.36551724137931035
3156,2279,1,1,0.9984029508395461,3,754,106,860,0.5320682068206821,0.3724137931034483
3157,2312,1,1,0.9999899666372222,3,754,106,860,0.5320682068206821,0.3724137931034483
3158,2315,1,0,0.0013927360809268235,3,755,106,861,0.5320682068206821,0.3724137931034483
3159,2356,1,0,0.0006832922822389365,3,756,106,862,0.5320682068206821,0.3724137931034483
3160,2374,1,0,0.015541500439355751,3,757,106,863,0.5320682068206821,0.3724137931034483
3161,2410,1,0,0.18493181805002432,3,758,106,864,0.5320682068206821,0.3724137931034483
3162,2512,0,0,0.0017788577005092032,3,758,106,864,0.536011400285007,0.375
3163,2518,0,0,0.012998147322857345,3,758,106,864,0.54,0.3776223776223776
3164,2628,0,0,0.0005396237426667723,3,758,106,864,0.5440331008275208,0.38028169014084506
3165,2763,0,0,3.51586518290842e-05,3,758,106,864,0.548109810981098,0.3829787234042553
3166,2804,0,0,0.0035033578502183765,3,758,106,864,0.5522292515816057,0.38571428571428573
3167,2812,0,0,0.0018713445907723532,3,758,106,864,0.556390556222489,0.38848920863309355
3168,2845,0,0,1.1646411433700131e-05,3,758,106,864,0.56059287054409,0.391304347826087
3169,2887,0,0,4.421810382575986e-06,3,758,106,864,0.564835351816635,0.39416058394160586
3170,3351,0,0,1.5129773332586838e-05,3,758,106,864,0.569117168531451,0.39705882352941174
3171,3396,0,0,4.270058693019618e-05,3,758,106,864,0.5734375,0.4
3172,3404,0,0,2.294381302847959e-06,3,758,106,864,0.5717894736842105,0.39552238805970147
3173,3507,0,0,1.2636455516013407e-05,3,758,106,864,0.5761857117781288,0.39849624060150374
3174,3594,0,0,0.0003186589116766135,3,758,106,864,0.5806182256122039,0.4015151515151515
3175,3695,0,0,0.0033076921200916386,3,758,106,864,0.5790402974575418,0.3969465648854962
3176,3917,0,0,2.7238835989000673e-05,3,758,106,864,0.5835449402891263,0.4
3177,3960,0,0,7.322131923161142e-05,3,758,106,864,0.5819966759839843,0.3953488372093023
3178,4002,0,0,0.00020019538675434008,3,758,106,864,0.5865712269381994,0.3984375
3179,4015,0,0,0.33155673460404717,3,758,106,864,0.5911786372007366,0.4015748031496063
3180,4437,0,0,2.2626161826801518e-05,3,758,106,864,0.5896928638236558,0.3968253968253968
3181,4598,0,0,4.52840144016932e-05,3,758,106,864,0.5943668387488613,0.4
3182,4713,0,0,0.00012620197276565974,3,758,106,864,0.5990717235438676,0.4032258064516129
3183,4773,0,0,4.426743304041037e-05,3,758,106,864,0.6038068181818183,0.4065040650406504
3184,4851,0,0,0.35331097313871146,3,758,106,864,0.6024127759129285,0.4016393442622951
3185,4948,0,0,6.212460157560944e-05,3,758,106,864,0.6072101550762649,0.4049586776859504
3186,4978,0,0,6.699080325973005e-05,3,758,106,864,0.6120359037127703,0.4083333333333333
3187,6,1,0,0.0024607545352408693,3,759,106,865,0.6120359037127703,0.4083333333333333
3188,36,1,0,0.000578154236501934,3,760,106,866,0.6120359037127703,0.4083333333333333
3189,45,1,0,0.005399109968909817,3,761,106,867,0.6120359037127703,0.4083333333333333
3190,52,1,1,0.9875121348470118,3,761,106,867,0.6120359037127703,0.4083333333333333
3191,102,1,0,0.0026413645517019365,3,762,106,868,0.6120359037127703,0.4083333333333333
3192,163,1,0,0.07841020905713245,3,763,106,869,0.6120359037127703,0.4083333333333333
3193,175,1,0,0.06758515752249815,3,764,106,870,0.6120359037127703,0.4083333333333333
3194,197,1,0,0.0013747139929968137,3,765,106,871,0.6120359037127703,0.4083333333333333
3195,200,1,0,0.0006477381062512012,3,766,106,872,0.6120359037127703,0.4083333333333333
3196,254,1,0,0.0024656662273615693,3,767,106,873,0.6120359037127703,0.4083333333333333
3197,257,1,0,0.022827554408353413,3,768,106,874,0.6058377384509308,0.4
3198,274,1,0,0.00903302825624545,3,769,106,875,0.6058377384509308,0.4
3199,276,1,0,0.0005686532399203016,3,770,106,876,0.6058377384509308,0.4
3200,326,1,0,0.0025675325199907783,3,771,106,877,0.6010077519379844,0.39669421487603307
3201,337,1,0,0.003510158856249881,3,772,106,878,0.5962063609279111,0.39344262295081966
3202,348,1,0,0.0034309374703982583,3,773,106,879,0.591434238632896,0.3902439024390244
3203,363,1,1,0.9806513170154448,3,773,106,879,0.592905844155844,0.3951612903225806
3204,466,1,1,0.9100461720412452,3,773,106,879,0.5943668387488613,0.4
3205,556,1,0,0.00447897820183125,3,774,106,880,0.5896928638236558,0.3968253968253968
3206,569,1,1,0.9970559680176696,3,774,106,880,0.5911786372007366,0.4015748031496063
3207,581,1,0,0.0020914548496808105,3,775,106,881,0.5865712269381994,0.3984375
3208,605,1,0,0.00039529725815923007,3,776,106,882,0.5819966759839843,0.3953488372093023
3209,641,1,1,0.9975083945551343,3,776,106,882,0.5835449402891263,0.4
3210,686,1,0,0.00010152474065302051,3,777,106,883,0.5790402974575418,0.3969465648854962
3211,718,1,1,0.7467664293395205,3,777,106,883,0.5806182256122039,0.4015151515151515
3212,735,1,0,0.005135289076764484,3,778,106,884,0.5761857117781288,0.39849624060150374
3213,758,1,1,0.6261220418535245,3,778,106,884,0.5777955359603197,0.40298507462686567
3214,785,1,1,0.9975770718801091,3,778,106,884,0.5794010162449,0.4074074074074074
3215,792,1,1,0.991603767622967,3,778,106,884,0.5851986788109298,0.4117647058823529
3216,793,1,0,0.003078694843432356,3,779,106,885,0.5808993120700436,0.40875912408759124
3217,833,1,0,0.0005211908538384319,3,780,106,886,0.5766386554621848,0.4057971014492754
3218,869,1,0,0.07271915009432427,3,781,106,887,0.5724175439473882,0.4028776978417266
3219,890,1,1,0.9709890012468491,3,781,106,887,0.5741393534838372,0.40714285714285714
3220,892,1,0,0.2621463157342171,3,782,106,888,0.57,0.40425531914893614
3221,894,1,0,0.011622859177601431,3,783,106,889,0.5659026475661891,0.4014084507042254
3222,922,1,0,0.0004104914240387157,3,784,106,890,0.5659243981099528,0.3986013986013986
3223,939,1,0,0.001440518913600434,3,785,106,891,0.5618921892189218,0.3958333333333333
3224,942,1,0,0.051461408239216716,3,786,106,892,0.5579042784626541,0.3931034482758621
3225,955,1,0,0.0005366234731527009,3,787,106,893,0.5539615846338536,0.3904109589041096
3226,973,1,1,0.9999226134526964,3,787,106,893,0.5559453508157342,0.3945578231292517
3227,997,1,0,7.351251599765983e-07,3,788,106,894,0.5520953167630348,0.3918918918918919
3228,1034,1,0,0.02283336511492239,3,789,106,895,0.5482932692307693,0.38926174496644295
3229,1039,1,1,0.7865635563508513,3,789,106,895,0.5503759398496242,0.3933333333333333
3230,1045,1,1,0.9931242030048217,3,789,106,895,0.5524648735447611,0.3973509933774834
3231,1105,1,1,0.9989870371248846,3,789,106,895,0.5545613506180282,0.40131578947368424
3232,1189,1,1,0.8830026240732719,3,789,106,895,0.5566666666666666,0.40522875816993464
3233,1192,1,0,0.0026509401367279914,3,790,106,896,0.5531147540983606,0.4025974025974026
3234,1204,1,0,0.005368901359761836,3,791,106,897,0.5496168968646034,0.4
3235,1247,1,0,8.428589614571887e-07,3,792,106,898,0.5461742223567698,0.3974358974358974
3236,1248,1,0,1.6152156902261177e-05,3,793,106,899,0.5427878787878787,0.39490445859872614
3237,1276,1,0,0.013465479293932391,3,794,106,900,0.539459035870472,0.3924050632911392
3238,1283,1,0,0.007251323868119749,3,795,106,901,0.5361888855147282,0.389937106918239
3239,1358,1,0,0.12155492907321658,3,796,106,902,0.5329786425476932,0.3875
3240,1370,1,0,0.3106894680305849,3,797,106,903,0.5298295454545454,0.38509316770186336
3241,1432,1,0,0.44240140200836964,3,798,106,904,0.5267428571428572,0.38271604938271603
3242,1443,1,0,0.364730502397759,3,799,106,905,0.5237198657308514,0.3803680981595092
3243,1493,1,0,0.18833756088043582,3,800,106,906,0.5207618853606988,0.3780487804878049
3244,1534,1,0,0.0004909135175244673,3,801,106,907,0.5178702570379436,0.37575757575757573
3245,1554,1,1,0.9954348499443605,3,801,106,907,0.520695652173913,0.3795180722891566
3246,1570,1,1,0.9728853902773724,3,801,106,907,0.5235467980295566,0.38323353293413176
3247,1609,1,1,0.9623647417274416,3,801,106,907,0.526425702811245,0.3869047619047619
3248,1641,1,0,0.10030857565790915,3,802,106,908,0.5238104448742747,0.38461538461538464
3249,1711,1,1,0.9217473104236313,3,802,106,908,0.5303017775940471,0.38823529411764707
3250,1750,1,0,0.00034886469676439786,3,803,106,909,0.5277976236701094,0.38596491228070173
3251,1757,1,0,0.036539592821804766,3,804,106,910,0.5253698516443615,0.38372093023255816
3252,1788,1,0,5.365451631187565e-05,3,805,106,911,0.5230200888796487,0.3815028901734104
3253,1816,1,1,0.9945999066632273,3,805,106,911,0.5262501631044652,0.3850574712643678
3254,1825,1,1,0.9916061359470394,3,805,106,911,0.5295208513538309,0.38857142857142857
3255,1856,1,0,0.06006938418370197,3,806,106,912,0.5295208513538309,0.38857142857142857
3256,1860,1,1,0.9999785382842932,3,806,106,912,0.5349411517444304,0.3942857142857143
3257,1867,1,0,0.010110086474926889,3,807,106,913,0.5349411517444304,0.3942857142857143
3258,1962,1,1,0.7765385915945386,3,807,106,913,0.5349411517444304,0.3942857142857143
3259,1972,1,0,0.016537481184077548,3,808,106,914,0.5295208513538309,0.38857142857142857
3260,1981,1,0,0.008453328474570533,3,809,106,915,0.5295208513538309,0.38857142857142857
3261,1985,1,0,0.024316278052257903,3,810,106,916,0.5295208513538309,0.38857142857142857
3262,2017,1,0,0.1268148766828717,3,811,106,917,0.5240610942567215,0.38285714285714284
3263,2062,1,1,0.9806513169430509,3,811,106,917,0.5295208513538309,0.38857142857142857
3264,2089,1,0,0.01647312477804069,3,812,106,918,0.5240610942567215,0.38285714285714284
3265,2093,1,0,0.004478978510800046,3,813,106,919,0.5185612881338241,0.37714285714285717
3266,2137,1,0,0.008451997570127288,3,814,106,920,0.5185612881338241,0.37714285714285717
3267,2152,1,0,0.007379275382892721,3,815,106,921,0.5185612881338241,0.37714285714285717
3268,2249,1,0,4.863354838433765e-05,3,816,106,922,0.5185612881338241,0.37714285714285717
3269,2261,1,0,0.001166603995152087,3,817,106,923,0.5185612881338241,0.37714285714285717
3270,2295,1,0,0.0025250010832416777,3,818,106,924,0.5185612881338241,0.37714285714285717
3271,2297,1,1,0.9644625503754989,3,818,106,924,0.5240610942567215,0.38285714285714284
3272,2339,1,1,0.988077833342299,3,818,106,924,0.5295208513538309,0.38857142857142857
3273,2348,1,0,0.00011621747147422807,3,819,106,925,0.5295208513538309,0.38857142857142857
3274,2351,1,0,0.0020110429395102194,3,820,106,926,0.5295208513538309,0.38857142857142857
3275,2366,1,0,0.0017427889362425346,3,821,106,927,0.5295208513538309,0.38857142857142857
3276,2376,1,0,0.01993241573586667,3,822,106,928,0.5295208513538309,0.38857142857142857
3277,2388,1,1,0.9183707456783178,3,822,106,928,0.5295208513538309,0.38857142857142857
3278,2412,1,0,0.0036275566132772798,3,823,106,929,0.5295208513538309,0.38857142857142857
3279,2416,1,0,0.01381631030134181,3,824,106,930,0.5240610942567215,0.38285714285714284
3280,2432,1,1,0.7820468151976963,3,824,106,930,0.5295208513538309,0.38857142857142857
3281,2443,1,0,0.008808750619195877,3,825,106,931,0.5295208513538309,0.38857142857142857
3282,2461,1,0,0.007367115721775949,3,826,106,932,0.5240610942567215,0.38285714285714284
3283,2483,1,0,0.026708905788633948,3,827,106,933,0.5240610942567215,0.38285714285714284
3284,30,1,0,0.46301927741219895,3,828,106,934,0.5240610942567215,0.38285714285714284
3285,35,1,1,0.9996279552994465,3,828,106,934,0.5295208513538309,0.38857142857142857
3286,50,1,1,0.6952862611813766,3,828,106,934,0.5295208513538309,0.38857142857142857
3287,75,1,0,0.07361130799704464,3,829,106,935,0.5240610942567215,0.38285714285714284
3288,129,1,1,0.9999131191507123,3,829,106,935,0.5295208513538309,0.38857142857142857
3289,141,1,1,0.9961979129763718,3,829,106,935,0.5295208513538309,0.38857142857142857
3290,198,1,1,0.7395747601526983,3,829,106,935,0.5349411517444304,0.3942857142857143
3291,202,1,0,0.08301651776020069,3,830,106,936,0.5349411517444304,0.3942857142857143
3292,271,1,0,0.00026650676050884374,3,831,106,937,0.5349411517444304,0.3942857142857143
3293,331,1,1,0.6424476863150025,3,831,106,937,0.5403225806451613,0.4
3294,342,1,1,0.9977112788912412,3,831,106,937,0.5403225806451613,0.4
3295,360,1,1,0.9805611336486,3,831,106,937,0.5456657163974237,0.4057142857142857
3296,372,1,0,1.04514134931888e-05,3,832,106,938,0.5456657163974237,0.4057142857142857
3297,412,1,0,0.03562383121450186,3,833,106,939,0.5403225806451613,0.4
3298,429,1,0,0.0006439212986058593,3,834,106,940,0.5349411517444304,0.3942857142857143
3299,494,1,1,0.7703566121048679,3,834,106,940,0.5403225806451613,0.4
3300,499,1,0,3.0224279768559086e-05,3,835,106,941,0.5349411517444304,0.3942857142857143
3301,503,1,1,0.9914026078839373,3,835,106,941,0.5349411517444304,0.3942857142857143
3302,594,1,0,0.0009235547251925887,3,836,106,942,0.5295208513538309,0.38857142857142857
3303,620,1,0,0.006098396422551842,3,837,106,943,0.5240610942567215,0.38285714285714284
3304,660,1,0,0.025151671281562513,3,838,106,944,0.5185612881338241,0.37714285714285717
3305,662,1,0,0.0053180055199595275,3,839,106,945,0.5130208333333333,0.37142857142857144
3306,673,1,1,0.9999071356086751,3,839,106,945,0.5130208333333333,0.37142857142857144
3307,682,1,0,0.004203628537123947,3,840,106,946,0.5130208333333333,0.37142857142857144
3308,702,1,1,0.9783119492811021,3,840,106,946,0.5130208333333333,0.37142857142857144
3309,708,1,0,0.02505337451884392,3,841,106,947,0.5074391226383221,0.3657142857142857
3310,722,1,0,0.000495891918379486,3,842,106,948,0.5018155410312273,0.36
3311,741,1,1,0.9973994983324538,3,842,106,948,0.5018155410312273,0.36
3312,749,1,0,0.0025675323788035666,3,843,106,949,0.5018155410312273,0.36
3313,789,1,0,0.0006361669634720236,3,844,106,950,0.5018155410312273,0.36
3314,840,1,1,0.9902625698317896,3,844,106,950,0.5018155410312273,0.36
3315,874,1,0,0.0016986724171064549,3,845,106,951,0.4961494654552044,0.35428571428571426
3316,896,1,1,0.9968896381367416,3,845,106,951,0.5018155410312273,0.36
3317,946,1,1,0.9998904187822699,3,845,106,951,0.5074391226383221,0.3657142857142857
3318,947,1,1,0.8664842321918905,3,845,106,951,0.5074391226383221,0.3657142857142857
3319,952,1,1,0.9146362384790125,3,845,106,951,0.5130208333333333,0.37142857142857144
3320,972,1,1,0.9446312368252443,3,845,106,951,0.5130208333333333,0.37142857142857144
3321,991,1,1,0.6986699859837238,3,845,106,951,0.5130208333333333,0.37142857142857144
3322,1013,1,0,0.0002805781203901317,3,846,106,952,0.5074391226383221,0.3657142857142857
3323,1069,1,0,0.001296189220242914,3,847,106,953,0.5018155410312273,0.36
3324,1076,1,1,0.9706610333735157,3,847,106,953,0.5074391226383221,0.3657142857142857
3325,1100,1,0,0.0007620547103379655,3,848,106,954,0.5018155410312273,0.36
3326,1118,1,1,0.9922136212404072,3,848,106,954,0.5074391226383221,0.3657142857142857
3327,1121,1,1,0.9284217090057264,3,848,106,954,0.5130208333333333,0.37142857142857144
3328,1133,1,1,0.991400409747839,3,848,106,954,0.5185612881338241,0.37714285714285717
3329,1146,1,1,0.5046490645828845,3,848,106,954,0.5240610942567215,0.38285714285714284
3330,1147,1,0,0.0005263971754327546,3,849,106,955,0.5185612881338241,0.37714285714285717
3331,1210,1,1,0.9954145941053707,3,849,106,955,0.5240610942567215,0.38285714285714284
3332,1211,1,1,0.6718720883198098,3,849,106,955,0.5240610942567215,0.38285714285714284
3333,1220,1,0,0.0027134855058314005,3,850,106,956,0.5185612881338241,0.37714285714285717
3334,1304,1,0,8.781195107865012e-05,3,851,106,957,0.5130208333333333,0.37142857142857144
3335,1325,1,1,0.9771334504181132,3,851,106,957,0.5185612881338241,0.37714285714285717
3336,1346,1,0,0.0016661119549663528,3,852,106,958,0.5130208333333333,0.37142857142857144
3337,1385,1,1,0.9982551575236679,3,852,106,958,0.5185612881338241,0.37714285714285717
3338,1401,1,0,0.0009192986430075167,3,853,106,959,0.5130208333333333,0.37142857142857144
3339,1411,1,0,0.020072368806596522,3,854,106,960,0.5074391226383221,0.3657142857142857
3340,1453,1,0,0.0034124032521433505,3,855,106,961,0.5074391226383221,0.3657142857142857
3341,1480,1,1,0.7714017065065648,3,855,106,961,0.5130208333333333,0.37142857142857144
3342,1491,1,0,1.6542159025893276e-05,3,856,106,962,0.5074391226383221,0.3657142857142857
3343,1565,1,0,0.03522759871372966,3,857,106,963,0.5074391226383221,0.3657142857142857
3344,1568,1,0,0.21641494070483633,3,858,106,964,0.5018155410312273,0.36
3345,1571,1,1,0.9999564654428569,3,858,106,964,0.5074391226383221,0.3657142857142857
3346,1578,1,0,0.002209957335413564,3,859,106,965,0.5018155410312273,0.36
3347,1614,1,1,0.998671968220045,3,859,106,965,0.5074391226383221,0.3657142857142857
3348,1669,1,1,0.9557328282357095,3,859,106,965,0.5130208333333333,0.37142857142857144
3349,1679,1,0,0.4248037138093305,3,860,106,966,0.5130208333333333,0.37142857142857144
3350,1793,1,0,0.0489970849638296,3,861,106,967,0.5074391226383221,0.3657142857142857
3351,1847,1,0,0.005962634784756976,3,862,106,968,0.5018155410312273,0.36
3352,1863,1,0,0.0007168101243867038,3,863,106,969,0.5018155410312273,0.36
3353,1883,1,0,0.008515921086669511,3,864,106,970,0.5018155410312273,0.36
3354,1887,1,1,0.9945011367748542,3,864,106,970,0.5074391226383221,0.3657142857142857
3355,1943,1,1,0.9993066510519619,3,864,106,970,0.5130208333333333,0.37142857142857144
3356,1953,1,0,0.12108628987050325,3,865,106,971,0.5074391226383221,0.3657142857142857
3357,1954,1,0,0.0006353357471362255,3,866,106,972,0.5018155410312273,0.36
3358,1960,1,1,0.8263468372114571,3,866,106,972,0.5074391226383221,0.3657142857142857
3359,1968,1,1,0.9850576432560185,3,866,106,972,0.5130208333333333,0.37142857142857144
3360,1983,1,0,0.006844731831327996,3,867,106,973,0.5130208333333333,0.37142857142857144
3361,2008,1,1,0.9636355724882344,3,867,106,973,0.5185612881338241,0.37714285714285717
3362,2010,1,0,0.002684407679084922,3,868,106,974,0.5164556962025316,0.375
3363,2037,1,1,0.7719974072963647,3,868,106,974,0.5199348465741909,0.3785310734463277
3364,2038,1,1,0.9676649178473749,3,868,106,974,0.5234610917537748,0.38202247191011235
3365,2054,1,0,0.0006490047446344077,3,869,106,975,0.5216170516789712,0.37988826815642457
3366,2092,1,0,0.1986669015073158,3,870,106,976,0.5198641765704584,0.37777777777777777
3367,2140,1,1,0.9886034823765371,3,870,106,976,0.5236266666666667,0.3812154696132597
3368,2143,1,0,0.0034715581749316096,3,871,106,977,0.5220636915425545,0.3791208791208791
3369,2168,1,0,0.002643262134961988,3,872,106,978,0.5205984555984556,0.3770491803278688
3370,2178,1,1,0.999965212046325,3,872,106,978,0.5246208607485708,0.3804347826086957
3371,2190,1,0,7.886664092491403e-07,3,873,106,979,0.5233603786342124,0.3783783783783784
3372,2191,1,1,0.5925364456278296,3,873,106,979,0.5275584337841148,0.3817204301075269
3373,2210,1,1,0.9861696293498313,3,873,106,979,0.5318313754483966,0.3850267379679144
3374,2218,1,0,0.001473436746180173,3,874,106,980,0.5309010989010988,0.3829787234042553
3375,2269,1,1,0.9882631743626521,3,874,106,980,0.5353711693771435,0.3862433862433862
3376,2338,1,0,0.07175160204804311,3,875,106,981,0.534675695928506,0.38421052631578945
3377,2353,1,1,0.7542100737685313,3,875,106,981,0.5393584905660377,0.387434554973822
3378,2379,1,1,0.6300538567917597,3,875,106,981,0.5441378727718172,0.390625
3379,2389,1,1,0.9997667630952248,3,875,106,981,0.5490192684241891,0.39378238341968913
3380,2399,1,0,0.001628073588445947,3,876,106,982,0.5488433048433048,0.3917525773195876
3381,2408,1,0,0.21252100496693696,3,877,106,983,0.5488014531308103,0.38974358974358975
3382,2441,1,0,5.2844676500080134e-05,3,878,106,984,0.5488970588235295,0.3877551020408163
3383,2459,1,0,0.47868935290440967,3,879,106,985,0.5491335698422313,0.38578680203045684
3384,2469,1,1,0.979957812163507,3,879,106,985,0.55472,0.3888888888888889
3385,2485,1,0,0.001987940518916183,3,880,106,986,0.5552618045815803,0.3869346733668342
3386,2491,1,1,0.9956424098942762,3,880,106,986,0.5611510791366906,0.39
3387,3,1,0,0.00035610213928785925,3,881,106,987,0.5611510791366906,0.39
3388,108,1,0,0.46897353156448396,3,882,106,988,0.5611510791366906,0.39
3389,147,1,0,3.596901591603763e-05,3,883,106,989,0.5611510791366906,0.39
3390,153,1,0,0.0035736355343626543,3,884,106,990,0.555956678700361,0.385
3391,170,1,0,0.03321248022908329,3,885,106,991,0.555956678700361,0.385
3392,177,1,1,0.9999903137514463,3,885,106,991,0.5611510791366906,0.39
3393,201,1,0,1.1843995681208594e-05,3,886,106,992,0.5611510791366906,0.39
3394,232,1,0,0.0014219036410680161,3,887,106,993,0.5611510791366906,0.39
3395,281,1,0,0.0038582288226158717,3,888,106,994,0.5611510791366906,0.39
3396,344,1,0,0.03967125942995315,3,889,106,995,0.5611510791366906,0.39
3397,351,1,1,0.6143686877860539,3,889,106,995,0.5663082437275986,0.395
3398,366,1,1,0.999161657905959,3,889,106,995,0.5714285714285714,0.4
3399,421,1,0,0.12885140828880304,3,890,106,996,0.5714285714285714,0.4
3400,470,1,0,0.007309745583365666,3,891,106,997,0.5714285714285714,0.4
3401,491,1,0,0.17121754631261693,3,892,106,998,0.5714285714285714,0.4
3402,590,1,1,0.9941538823121089,3,892,106,998,0.5765124555160143,0.405
3403,679,1,0,0.000580776605971109,3,893,106,999,0.5714285714285714,0.4
3404,705,1,1,0.83183628424381,3,893,106,999,0.5714285714285714,0.4
3405,709,1,0,6.976428290111211e-05,3,894,106,1000,0.5714285714285714,0.4
3406,724,1,1,0.9999963769473899,3,894,106,1000,0.5714285714285714,0.4
3407,725,1,0,0.026422240580922032,3,895,106,1001,0.5714285714285714,0.4
3408,729,1,1,0.8318362006027419,3,895,106,1001,0.5765124555160143,0.405
3409,770,1,1,0.970769928363054,3,895,106,1001,0.5765124555160143,0.405
3410,777,1,1,0.8722672516073664,3,895,106,1001,0.5815602836879432,0.41
3411,813,1,1,0.9450156562035473,3,895,106,1001,0.5815602836879432,0.41
3412,841,1,0,0.010673708282117982,3,896,106,1002,0.5815602836879432,0.41
3413,926,1,1,0.9963758858763826,3,896,106,1002,0.5815602836879432,0.41
3414,983,1,1,0.9781552372866347,3,896,106,1002,0.5815602836879432,0.41
3415,1015,1,0,0.001804753280621347,3,897,106,1003,0.5765124555160143,0.405
3416,1040,1,1,0.686179026261446,3,897,106,1003,0.5815602836879432,0.41
3417,1043,1,0,4.6259338559552144e-05,3,898,106,1004,0.5815602836879432,0.41
3418,1059,1,1,0.999997952434685,3,898,106,1004,0.5865724381625441,0.415
3419,1071,1,1,0.6861790258561835,3,898,106,1004,0.5865724381625441,0.415
3420,1077,1,0,0.002575685786647111,3,899,106,1005,0.5865724381625441,0.415
3421,1101,1,1,0.9270295253926022,3,899,106,1005,0.5915492957746479,0.42
3422,1123,1,1,0.9965548064466793,3,899,106,1005,0.5964912280701754,0.425
3423,1138,1,1,0.5780068565166141,3,899,106,1005,0.6013986013986014,0.43
3424,1176,1,1,0.9993376144330854,3,899,106,1005,0.6062717770034843,0.435
3425,1193,1,0,0.0027338770583473565,3,900,106,1006,0.6062717770034843,0.435
3426,1197,1,0,0.004763707695686723,3,901,106,1007,0.6013986013986014,0.43
3427,1256,1,0,0.027236770632672904,3,902,106,1008,0.6013986013986014,0.43
3428,1259,1,1,0.7225690477002247,3,902,106,1008,0.6062717770034843,0.435
3429,1262,1,0,0.015688039301358182,3,903,106,1009,0.6013986013986014,0.43
3430,1285,1,0,0.08327482000030507,3,904,106,1010,0.5964912280701754,0.425
3431,1303,1,0,0.00014429374484236285,3,905,106,1011,0.5915492957746479,0.42
3432,1356,1,0,4.191776404046183e-06,3,906,106,1012,0.5865724381625441,0.415
3433,1361,1,0,0.0018955510759208027,3,907,106,1013,0.5865724381625441,0.415
3434,1372,1,0,0.039418514799696235,3,908,106,1014,0.5865724381625441,0.415
3435,1410,1,0,0.020446179034094146,3,909,106,1015,0.5865724381625441,0.415
3436,1423,1,1,0.554976872697097,3,909,106,1015,0.5915492957746479,0.42
3437,1431,1,0,0.1662850267397891,3,910,106,1016,0.5915492957746479,0.42
3438,1447,1,0,0.015393573281946066,3,911,106,1017,0.5915492957746479,0.42
3439,1458,1,0,0.0001696721670915019,3,912,106,1018,0.5915492957746479,0.42
3440,1481,1,0,0.018595848394729074,3,913,106,1019,0.5915492957746479,0.42
3441,1505,1,0,0.08889504187577765,3,914,106,1020,0.5915492957746479,0.42
3442,1543,1,1,0.7394760316697997,3,914,106,1020,0.5964912280701754,0.425
3443,1561,1,0,0.004266183079732822,3,915,106,1021,0.5964912280701754,0.425
3444,1562,1,1,0.999997467696543,3,915,106,1021,0.6013986013986014,0.43
3445,1564,1,0,0.07602077039719596,3,916,106,1022,0.5964912280701754,0.425
3446,1574,1,1,0.8199279477771515,3,916,106,1022,0.5964912280701754,0.425
3447,1590,1,0,0.04821505868586114,3,917,106,1023,0.5915492957746479,0.42
3448,1624,1,0,0.0004942374468380914,3,918,106,1024,0.5915492957746479,0.42
3449,1630,1,0,0.0013787478932691026,3,919,106,1025,0.5865724381625441,0.415
3450,1639,1,0,0.0013363508263179492,3,920,106,1026,0.5865724381625441,0.415
3451,1644,1,0,0.0012817250520216828,3,921,106,1027,0.5865724381625441,0.415
3452,1645,1,0,0.00032540939350309873,3,922,106,1028,0.5865724381625441,0.415
3453,1698,1,0,0.06561797091618758,3,923,106,1029,0.5815602836879432,0.41
3454,1712,1,0,0.007173223328824069,3,924,106,1030,0.5765124555160143,0.405
3455,1726,1,1,0.9950363164365597,3,924,106,1030,0.5815602836879432,0.41
3456,1760,1,0,0.024821761229201728,3,925,106,1031,0.5765124555160143,0.405
3457,1762,1,0,0.0026620485665780924,3,926,106,1032,0.5765124555160143,0.405
3458,1808,1,0,0.004215562749365166,3,927,106,1033,0.5714285714285714,0.4
3459,1809,1,0,0.003387355113824851,3,928,106,1034,0.5714285714285714,0.4
3460,1839,1,1,0.9984270265010263,3,928,106,1034,0.5765124555160143,0.405
3461,1868,1,0,0.036826716974754696,3,929,106,1035,0.5765124555160143,0.405
3462,1894,1,1,0.9959097226565066,3,929,106,1035,0.5815602836879432,0.41
3463,1899,1,0,0.043942407346499776,3,930,106,1036,0.5765124555160143,0.405
3464,1925,1,0,0.07668635823563173,3,931,106,1037,0.5765124555160143,0.405
3465,1938,1,0,2.671571063853689e-05,3,932,106,1038,0.5765124555160143,0.405
3466,2073,1,0,0.0038582288224349114,3,933,106,1039,0.5765124555160143,0.405
3467,2097,1,0,0.0005420284736041539,3,934,106,1040,0.5765124555160143,0.405
3468,2103,1,0,0.13622473476511404,3,935,106,1041,0.5765124555160143,0.405
3469,2110,1,0,0.04259370161834978,3,936,106,1042,0.5765124555160143,0.405
3470,2132,1,0,0.006620025256422287,3,937,106,1043,0.5765124555160143,0.405
3471,2158,1,0,4.55961433817209e-05,3,938,106,1044,0.5714285714285714,0.4
3472,2184,1,0,0.0008698398440969249,3,939,106,1045,0.5663082437275986,0.395
3473,2235,1,0,0.0064673352957750774,3,940,106,1046,0.5663082437275986,0.395
3474,2256,1,0,0.12015113795271823,3,941,106,1047,0.5663082437275986,0.395
3475,2277,1,1,0.7690665963905778,3,941,106,1047,0.5714285714285714,0.4
3476,2375,1,0,0.043942411239504243,3,942,106,1048,0.5714285714285714,0.4
3477,2381,1,1,0.947661659065542,3,942,106,1048,0.5714285714285714,0.4
3478,2382,1,0,0.00903545303416935,3,943,106,1049,0.5714285714285714,0.4
3479,2435,1,0,0.00903545303416935,3,944,106,1050,0.5714285714285714,0.4
3480,2479,1,0,0.004003762245679825,3,945,106,1051,0.5663082437275986,0.395
3481,25,1,0,0.2742293583631346,3,946,106,1052,0.5663082437275986,0.395
3482,77,1,1,0.989797415455689,3,946,106,1052,0.5714285714285714,0.4
3483,80,1,0,0.000834423219274676,3,947,106,1053,0.5714285714285714,0.4
3484,135,1,0,0.0022732053520688796,3,948,106,1054,0.5714285714285714,0.4
3485,178,1,0,0.002662047370596753,3,949,106,1055,0.5663082437275986,0.395
3486,216,1,0,0.011063790176198506,3,950,106,1056,0.5611510791366906,0.39
3487,244,1,0,0.00025806947232795657,3,951,106,1057,0.5611510791366906,0.39
3488,264,1,1,0.8885793313730714,3,951,106,1057,0.5611510791366906,0.39
3489,266,1,0,0.04200171466875525,3,952,106,1058,0.555956678700361,0.385
3490,339,1,0,0.3680666038052934,3,953,106,1059,0.5507246376811594,0.38
3491,371,1,1,0.9991611608567758,3,953,106,1059,0.555956678700361,0.385
3492,378,1,1,0.7974754186614428,3,953,106,1059,0.5611510791366906,0.39
3493,512,1,0,0.034835115579813766,3,954,106,1060,0.555956678700361,0.385
3494,548,1,0,0.015373783638802709,3,955,106,1061,0.5507246376811594,0.38
3495,554,1,1,0.5741930479976566,3,955,106,1061,0.5507246376811594,0.38
3496,579,1,0,0.4723056659961291,3,956,106,1062,0.5507246376811594,0.38
3497,639,1,1,0.9478214033328999,3,956,106,1062,0.555956678700361,0.385
3498,652,1,0,0.04441007628163387,3,957,106,1063,0.555956678700361,0.385
3499,672,1,1,0.9901112902890374,3,957,106,1063,0.555956678700361,0.385
3500,719,1,0,0.25162942801508326,3,958,106,1064,0.555956678700361,0.385
3501,794,1,0,1.5031858947739411e-05,3,959,106,1065,0.5507246376811594,0.38
3502,806,1,0,3.379084679373912e-05,3,960,106,1066,0.5507246376811594,0.38
3503,879,1,0,0.49410345048570137,3,961,106,1067,0.5507246376811594,0.38
3504,918,1,0,0.046352516853846046,3,962,106,1068,0.5507246376811594,0.38
3505,976,1,0,0.0003354305487048068,3,963,106,1069,0.5507246376811594,0.38
3506,1173,1,0,3.925510241141328e-06,3,964,106,1070,0.5454545454545454,0.375
3507,1179,1,0,0.006390021358288606,3,965,106,1071,0.5454545454545454,0.375
3508,1270,1,1,0.888579365835188,3,965,106,1071,0.5454545454545454,0.375
3509,1286,1,1,0.9800838657229157,3,965,106,1071,0.5507246376811594,0.38
3510,1289,1,1,0.969787413033322,3,965,106,1071,0.555956678700361,0.385
3511,1296,1,0,0.007254880648234071,3,966,106,1072,0.5507246376811594,0.38
3512,1305,1,0,0.29583162566639015,3,967,106,1073,0.5507246376811594,0.38
3513,1395,1,1,0.9884405697973913,3,967,106,1073,0.555956678700361,0.385
3514,1398,1,0,0.0010696377231358036,3,968,106,1074,0.5507246376811594,0.38
3515,1492,1,0,0.06834363431161661,3,969,106,1075,0.5507246376811594,0.38
3516,1531,1,0,0.0002578024983264638,3,970,106,1076,0.5454545454545454,0.375
3517,1633,1,0,0.034358079612330915,3,971,106,1077,0.5401459854014599,0.37
3518,1646,1,1,0.9902840774331546,3,971,106,1077,0.5401459854014599,0.37
3519,1648,1,0,0.047218632196704344,3,972,106,1078,0.5347985347985348,0.365
3520,1723,1,0,0.0008095061505857435,3,973,106,1079,0.5294117647058824,0.36
3521,1724,1,1,0.8838196081193597,3,973,106,1079,0.5294117647058824,0.36
3522,1728,1,0,0.012758492244387834,3,974,106,1080,0.5294117647058824,0.36
3523,1741,1,0,0.00021486618536759549,3,975,106,1081,0.5294117647058824,0.36
3524,1772,1,0,0.0007738134644197252,3,976,106,1082,0.5239852398523985,0.355
3525,1780,1,0,0.022517918131152406,3,977,106,1083,0.5239852398523985,0.355
3526,1798,1,0,0.0002611472058968835,3,978,106,1084,0.5185185185185185,0.35
3527,1813,1,1,0.9973162384598214,3,978,106,1084,0.5185185185185185,0.35
3528,1846,1,0,0.0014892824123836053,3,979,106,1085,0.5130111524163569,0.345
3529,1848,1,0,4.1688139365366494e-05,3,980,106,1086,0.5074626865671642,0.34
3530,1902,1,0,0.1030426557341686,3,981,106,1087,0.5074626865671642,0.34
3531,1924,1,0,0.0021688942254446224,3,982,106,1088,0.50187265917603,0.335
3532,1934,1,0,0.003325287612442496,3,983,106,1089,0.49624060150375937,0.33
3533,1970,1,0,0.017594079429340707,3,984,106,1090,0.49624060150375937,0.33
3534,2049,1,1,0.9992682772351238,3,984,106,1090,0.50187265917603,0.335
3535,2075,1,0,0.017630783416188896,3,985,106,1091,0.49624060150375937,0.33
3536,2153,1,0,0.023259274669831635,3,986,106,1092,0.49624060150375937,0.33
3537,2163,1,1,0.9973390597631495,3,986,106,1092,0.49624060150375937,0.33
3538,2207,1,1,0.9956686535987752,3,986,106,1092,0.50187265917603,0.335
3539,2280,1,0,0.0005136172479669841,3,987,106,1093,0.50187265917603,0.335
3540,2294,1,0,0.1300107960075278,3,988,106,1094,0.50187265917603,0.335
3541,2321,1,0,0.029412692132167757,3,989,106,1095,0.49624060150375937,0.33
3542,2328,1,0,0.0006060676637251996,3,990,106,1096,0.49624060150375937,0.33
3543,2347,1,1,0.724428752328495,3,990,106,1096,0.50187265917603,0.335
3544,2494,1,1,0.9977231072240667,3,990,106,1096,0.5074626865671642,0.34
3545,28,1,1,0.9997877076283889,3,990,106,1096,0.5074626865671642,0.34
3546,44,1,1,0.9769569900881289,3,990,106,1096,0.5130111524163569,0.345
3547,67,1,0,0.00033540565786294423,3,991,106,1097,0.5074626865671642,0.34
3548,73,1,1,0.5257957614094606,3,991,106,1097,0.5074626865671642,0.34
3549,84,1,0,0.0003730386115613212,3,992,106,1098,0.5074626865671642,0.34
3550,106,1,0,0.038836765592659625,3,993,106,1099,0.5074626865671642,0.34
3551,109,1,1,0.9997489897622635,3,993,106,1099,0.5130111524163569,0.345
3552,117,1,0,0.0034891740098429067,3,994,106,1100,0.5130111524163569,0.345
3553,123,1,0,0.0038717818568656066,3,995,106,1101,0.5130111524163569,0.345
3554,134,1,0,0.003257377513060354,3,996,106,1102,0.5074626865671642,0.34
3555,152,1,0,0.07544727484135559,3,997,106,1103,0.50187265917603,0.335
3556,162,1,1,0.9999676117906288,3,997,106,1103,0.5074626865671642,0.34
3557,185,1,1,0.9999283964507419,3,997,106,1103,0.5130111524163569,0.345
3558,210,1,0,0.0013404013452074938,3,998,106,1104,0.5074626865671642,0.34
3559,214,1,1,0.9917148433216111,3,998,106,1104,0.5074626865671642,0.34
3560,245,1,0,0.002220635275624659,3,999,106,1105,0.5074626865671642,0.34
3561,258,1,0,0.00016723266478464147,3,1000,106,1106,0.50187265917603,0.335
3562,261,1,1,0.8329074675315099,3,1000,106,1106,0.5074626865671642,0.34
3563,270,1,0,0.0004109779406478956,3,1001,106,1107,0.50187265917603,0.335
3564,291,1,0,0.0030187800754170827,3,1002,106,1108,0.49624060150375937,0.33
3565,316,1,0,0.050081492464397366,3,1003,106,1109,0.49624060150375937,0.33
3566,328,1,1,0.7393848314578705,3,1003,106,1109,0.50187265917603,0.335
3567,374,1,1,0.9998858315736341,3,1003,106,1109,0.50187265917603,0.335
3568,377,1,0,0.0006351768529109658,3,1004,106,1110,0.50187265917603,0.335
3569,387,1,0,0.00030066473320777663,3,1005,106,1111,0.50187265917603,0.335
3570,419,1,1,0.6867754456771613,3,1005,106,1111,0.50187265917603,0.335
3571,457,1,0,0.003949905277923139,3,1006,106,1112,0.50187265917603,0.335
3572,472,1,0,0.0011203748953929511,3,1007,106,1113,0.49624060150375937,0.33
3573,492,1,0,0.1435932812371382,3,1008,106,1114,0.49056603773584906,0.325
3574,498,1,0,0.2009706378849602,3,1009,106,1115,0.49056603773584906,0.325
3575,507,1,0,0.1411403552007369,3,1010,106,1116,0.48484848484848486,0.32
3576,514,1,0,0.0015502350830855932,3,1011,106,1117,0.48484848484848486,0.32
3577,530,1,0,0.003598150490105314,3,1012,106,1118,0.4790874524714829,0.315
3578,533,1,0,0.03083428042982051,3,1013,106,1119,0.47328244274809156,0.31
3579,561,1,0,0.38642351984620554,3,1014,106,1120,0.4674329501915709,0.305
3580,602,1,0,0.001229803978881263,3,1015,106,1121,0.4674329501915709,0.305
3581,688,1,1,0.7424405884708367,3,1015,106,1121,0.47328244274809156,0.31
3582,747,1,0,2.5371454406911155e-05,3,1016,106,1122,0.47328244274809156,0.31
3583,761,1,0,0.0015471048982623138,3,1017,106,1123,0.47328244274809156,0.31
3584,782,1,1,0.8944636232776789,3,1017,106,1123,0.47328244274809156,0.31
3585,812,1,0,0.05060501044825302,3,1018,106,1124,0.47328244274809156,0.31
3586,815,1,1,0.98897597593069,3,1018,106,1124,0.47328244274809156,0.31
3587,822,1,1,0.9042634709056064,3,1018,106,1124,0.4790874524714829,0.315
3588,828,1,0,0.003499817062878576,3,1019,106,1125,0.4790874524714829,0.315
3589,839,1,1,0.752807783921522,3,1019,106,1125,0.48484848484848486,0.32
3590,842,1,0,0.0006043778033008523,3,1020,106,1126,0.48484848484848486,0.32
3591,889,1,0,1.065680084708612e-05,3,1021,106,1127,0.48484848484848486,0.32
3592,914,1,0,0.0005285318754538385,3,1022,106,1128,0.4790874524714829,0.315
3593,966,1,1,0.9993174894402261,3,1022,106,1128,0.48484848484848486,0.32
3594,975,1,1,0.9670789068638097,3,1022,106,1128,0.49056603773584906,0.325
3595,980,1,0,0.01691947493402721,3,1023,106,1129,0.49056603773584906,0.325
3596,987,1,1,0.9972388661949766,3,1023,106,1129,0.49624060150375937,0.33
3597,1021,1,0,0.0064732237801098675,3,1024,106,1130,0.49056603773584906,0.325
3598,1047,1,1,0.5270483763342683,3,1024,106,1130,0.49056603773584906,0.325
3599,1062,1,0,0.0030187801318643783,3,1025,106,1131,0.49056603773584906,0.325
3600,1106,1,1,0.9999004068775056,3,1025,106,1131,0.49624060150375937,0.33
3601,1162,1,1,0.991241312679998,3,1025,106,1131,0.50187265917603,0.335
3602,1183,1,0,0.026655986993815727,3,1026,106,1132,0.49624060150375937,0.33
3603,1214,1,0,8.614286419920313e-07,3,1027,106,1133,0.49624060150375937,0.33
3604,1265,1,1,0.5161232581471643,3,1027,106,1133,0.49624060150375937,0.33
3605,1327,1,0,0.0034112671911567883,3,1028,106,1134,0.49624060150375937,0.33
3606,1331,1,0,0.005448914751521994,3,1029,106,1135,0.49056603773584906,0.325
3607,1342,1,0,0.012804501375196583,3,1030,106,1136,0.49056603773584906,0.325
3608,1371,1,0,0.022346244963703764,3,1031,106,1137,0.48484848484848486,0.32
3609,1390,1,0,0.038912464995942454,3,1032,106,1138,0.4790874524714829,0.315
3610,1435,1,0,0.007682386289495456,3,1033,106,1139,0.47328244274809156,0.31
3611,1465,1,0,4.7980914649009265e-06,3,1034,106,1140,0.4674329501915709,0.305
3612,1471,1,0,0.22652845286921755,3,1035,106,1141,0.4674329501915709,0.305
3613,1485,1,0,0.0052695367178413515,3,1036,106,1142,0.4615384615384615,0.3
3614,1490,1,0,0.027460991073228393,3,1037,106,1143,0.4555984555984556,0.295
3615,1533,1,0,0.0002851460848196368,3,1038,106,1144,0.4555984555984556,0.295
3616,1542,1,1,0.9999116163356941,3,1038,106,1144,0.4555984555984556,0.295
3617,1566,1,0,0.015500160976875729,3,1039,106,1145,0.4555984555984556,0.295
3618,1584,1,1,0.9956322827058157,3,1039,106,1145,0.4555984555984556,0.295
3619,1625,1,0,0.007561451735518756,3,1040,106,1146,0.4496124031007752,0.29
3620,1649,1,0,0.3258040445386201,3,1041,106,1147,0.4496124031007752,0.29
3621,1667,1,0,0.016106296139502707,3,1042,106,1148,0.44357976653696496,0.285
3622,1671,1,0,0.00015682155687431255,3,1043,106,1149,0.4375,0.28
3623,1718,1,0,0.00038038770168146287,3,1044,106,1150,0.43137254901960786,0.275
3624,1719,1,0,0.3645022798139393,3,1045,106,1151,0.4251968503937008,0.27
3625,1721,1,0,0.003313891438610658,3,1046,106,1152,0.4251968503937008,0.27
3626,1734,1,1,0.9464394527660599,3,1046,106,1152,0.43137254901960786,0.275
3627,1739,1,1,0.9999243244403936,3,1046,106,1152,0.4375,0.28
3628,1755,1,0,0.017124368037891295,3,1047,106,1153,0.43137254901960786,0.275
3629,1764,1,1,0.9698751720898474,3,1047,106,1153,0.4375,0.28
3630,1784,1,1,0.9988272887335053,3,1047,106,1153,0.44357976653696496,0.285
3631,1792,1,1,0.9889759949034287,3,1047,106,1153,0.4496124031007752,0.29
3632,1818,1,0,0.02112571841454892,3,1048,106,1154,0.4496124031007752,0.29
3633,1835,1,1,0.9998879842485634,3,1048,106,1154,0.4555984555984556,0.295
3634,1871,1,0,0.0038304287396425307,3,1049,106,1155,0.4555984555984556,0.295
3635,1912,1,0,0.002688013689611683,3,1050,106,1156,0.4555984555984556,0.295
3636,1916,1,1,0.9946830295396362,3,1050,106,1156,0.4555984555984556,0.295
3637,1969,1,0,0.004151064174693709,3,1051,106,1157,0.4555984555984556,0.295
3638,2021,1,0,0.00257689521858444,3,1052,106,1158,0.4555984555984556,0.295
3639,2034,1,1,0.9916922814459515,3,1052,106,1158,0.4615384615384615,0.3
3640,2074,1,0,7.071111310400243e-06,3,1053,106,1159,0.4615384615384615,0.3
3641,2076,1,0,0.0404358798921255,3,1054,106,1160,0.4615384615384615,0.3
3642,2078,1,0,0.006022002565781636,3,1055,106,1161,0.4555984555984556,0.295
3643,2125,1,1,0.8885572737328216,3,1055,106,1161,0.4615384615384615,0.3
3644,2126,1,0,0.024884962749093468,3,1056,106,1162,0.4555984555984556,0.295
3645,2130,1,0,0.032991274963649335,3,1057,106,1163,0.4555984555984556,0.295
3646,2131,1,0,0.07189820881320691,3,1058,106,1164,0.4496124031007752,0.29
3647,2133,1,1,0.9999796122474404,3,1058,106,1164,0.4555984555984556,0.295
3648,2176,1,0,0.02820514736553552,3,1059,106,1165,0.4555984555984556,0.295
3649,2180,1,1,0.6027592614111676,3,1059,106,1165,0.4615384615384615,0.3
3650,2183,1,0,0.0019442642698158702,3,1060,106,1166,0.4615384615384615,0.3
3651,2265,1,0,0.23982912422933828,3,1061,106,1167,0.4615384615384615,0.3
3652,2397,1,1,0.9948733742955833,3,1061,106,1167,0.4674329501915709,0.305
3653,2418,1,0,0.04234738069027411,3,1062,106,1168,0.4674329501915709,0.305
3654,2463,1,0,0.022889996997763822,3,1063,106,1169,0.4674329501915709,0.305
3655,2464,1,1,0.8636899756460745,3,1063,106,1169,0.4674329501915709,0.305
3656,2472,1,1,0.9915760330167936,3,1063,106,1169,0.47328244274809156,0.31
3657,2540,0,0,0.0005037127104899433,3,1063,106,1169,0.4727922489594531,0.31155778894472363
3658,3114,0,0,0.0002542432622002411,3,1063,106,1169,0.4724395604395605,0.31313131313131315
3659,3573,0,1,0.5703633006544468,3,1063,107,1170,0.4701978021978022,0.3147208121827411
3660,3598,0,0,0.00021643006932665755,3,1063,107,1170,0.4642559231357135,0.3112244897959184
3661,4514,0,1,0.6206009392566425,3,1063,108,1171,0.462102849656076,0.3128205128205128
3662,4718,0,0,0.13327541003089802,3,1063,108,1171,0.4563541666666666,0.30927835051546393
3663,4935,0,1,0.8481582807359336,3,1063,109,1172,0.4542881944444444,0.31088082901554404
3664,4,1,1,0.7388092368610565,3,1063,109,1172,0.46005142717204967,0.3160621761658031
3665,27,1,0,0.060846622027026946,3,1064,109,1173,0.46005142717204967,0.3160621761658031
3666,40,1,0,0.30030750803664413,3,1065,109,1174,0.46005142717204967,0.3160621761658031
3667,46,1,1,0.9926341018591196,3,1065,109,1174,0.4657702805983186,0.32124352331606215
3668,74,1,1,0.9929351451721095,3,1065,109,1174,0.4714452750622964,0.32642487046632124
3669,88,1,0,0.00644022944399304,3,1066,109,1175,0.4714452750622964,0.32642487046632124
3670,120,1,0,0.03153622698982369,3,1067,109,1176,0.4714452750622964,0.32642487046632124
3671,158,1,1,0.5664819108804307,3,1067,109,1176,0.4770769230769231,0.3316062176165803
3672,171,1,0,0.05166583881876867,3,1068,109,1177,0.4770769230769231,0.3316062176165803
3673,186,1,0,0.07397194827114068,3,1069,109,1178,0.4770769230769231,0.3316062176165803
3674,215,1,1,0.9378186036788598,3,1069,109,1178,0.4826657294853772,0.33678756476683935
3675,218,1,1,0.8302301952545971,3,1069,109,1178,0.4826657294853772,0.33678756476683935
3676,223,1,0,1.2244736173185363e-05,3,1070,109,1179,0.4826657294853772,0.33678756476683935
3677,269,1,0,0.0003966164738932848,3,1071,109,1180,0.4770769230769231,0.3316062176165803
3678,290,1,0,0.17604835223974308,3,1072,109,1181,0.4770769230769231,0.3316062176165803
3679,295,1,1,0.8625688200089257,3,1072,109,1181,0.4826657294853772,0.33678756476683935
3680,307,1,0,0.0070449276310282066,3,1073,109,1182,0.4826657294853772,0.33678756476683935
3681,393,1,0,0.030482929363070663,3,1074,109,1183,0.4826657294853772,0.33678756476683935
3682,402,1,1,0.9575620873920501,3,1074,109,1183,0.4826657294853772,0.33678756476683935
3683,450,1,1,0.9981226766937132,3,1074,109,1183,0.4882121916141166,0.34196891191709844
3684,459,1,1,0.8931268515052291,3,1074,109,1183,0.4937167994227194,0.3471502590673575
3685,497,1,0,0.004602771958520185,3,1075,109,1184,0.4937167994227194,0.3471502590673575
3686,528,1,1,0.9994330344421406,3,1075,109,1184,0.49918003565062385,0.35233160621761656
3687,529,1,0,0.11473710192754227,3,1076,109,1185,0.49918003565062385,0.35233160621761656
3688,532,1,1,0.5109537438937316,3,1076,109,1185,0.49918003565062385,0.35233160621761656
3689,582,1,1,0.9884613825761103,3,1076,109,1185,0.5046023759608665,0.35751295336787564
3690,588,1,1,0.8180818150687255,3,1076,109,1185,0.5099842890809111,0.3626943005181347
3691,623,1,1,0.991807424279834,3,1076,109,1185,0.5099842890809111,0.3626943005181347
3692,648,1,1,0.8764463338616651,3,1076,109,1185,0.5099842890809111,0.3626943005181347
3693,667,1,1,0.9953000907418295,3,1076,109,1185,0.5153262369406663,0.36787564766839376
3694,694,1,0,5.4494081026927664e-05,3,1077,109,1186,0.5153262369406663,0.36787564766839376
3695,695,1,0,0.0005043239158208406,3,1078,109,1187,0.5099842890809111,0.3626943005181347
3696,721,1,0,0.0072532735207584765,3,1079,109,1188,0.5099842890809111,0.3626943005181347
3697,737,1,0,0.0006276394388257181,3,1080,109,1189,0.5046023759608665,0.35751295336787564
3698,759,1,0,0.17604835223974308,3,1081,109,1190,0.5046023759608665,0.35751295336787564
3699,764,1,0,0.0007126008644509621,3,1082,109,1191,0.49918003565062385,0.35233160621761656
3700,774,1,0,0.0023444186834201135,3,1083,109,1192,0.49918003565062385,0.35233160621761656
3701,775,1,0,0.0004992330720628384,3,1084,109,1193,0.49918003565062385,0.35233160621761656
3702,857,1,1,0.9951693369741099,3,1084,109,1193,0.5046023759608665,0.35751295336787564
3703,858,1,0,0.002208088593067022,3,1085,109,1194,0.5046023759608665,0.35751295336787564
3704,866,1,0,0.3417583617533052,3,1086,109,1195,0.5046023759608665,0.35751295336787564
3705,881,1,0,0.24911907858680216,3,1087,109,1196,0.5046023759608665,0.35751295336787564
3706,891,1,1,0.9517037208837988,3,1087,109,1196,0.5099842890809111,0.3626943005181347
3707,907,1,1,0.9549835491161359,3,1087,109,1196,0.5153262369406663,0.36787564766839376
3708,917,1,1,0.7739198283815844,3,1087,109,1196,0.5153262369406663,0.36787564766839376
3709,921,1,0,0.0050948212152352665,3,1088,109,1197,0.5099842890809111,0.3626943005181347
3710,951,1,0,0.3688617665195824,3,1089,109,1198,0.5046023759608665,0.35751295336787564
3711,993,1,0,0.016291179656417288,3,1090,109,1199,0.5046023759608665,0.35751295336787564
3712,1125,1,0,0.0011515469585421706,3,1091,109,1200,0.5046023759608665,0.35751295336787564
3713,1130,1,0,0.2579139844928652,3,1092,109,1201,0.49918003565062385,0.35233160621761656
3714,1135,1,0,0.4163272590819533,3,1093,109,1202,0.49918003565062385,0.35233160621761656
3715,1158,1,0,0.07434071341601635,3,1094,109,1203,0.49918003565062385,0.35233160621761656
3716,1168,1,0,0.003719356470140653,3,1095,109,1204,0.49918003565062385,0.35233160621761656
3717,1177,1,1,0.9572125133498119,3,1095,109,1204,0.5046023759608665,0.35751295336787564
3718,1222,1,0,0.27147111953929076,3,1096,109,1205,0.49918003565062385,0.35233160621761656
3719,1284,1,0,0.0684834284590392,3,1097,109,1206,0.49918003565062385,0.35233160621761656
3720,1345,1,0,0.05827493041084953,3,1098,109,1207,0.49918003565062385,0.35233160621761656
3721,1396,1,1,0.9979434815537045,3,1098,109,1207,0.49918003565062385,0.35233160621761656
3722,1407,1,0,0.1179639646653195,3,1099,109,1208,0.49918003565062385,0.35233160621761656
3723,1441,1,1,0.6511725006789469,3,1099,109,1208,0.5046023759608665,0.35751295336787564
3724,1449,1,1,0.9189420937440665,3,1099,109,1208,0.5099842890809111,0.3626943005181347
3725,1454,1,0,0.11032656952671524,3,1100,109,1209,0.5099842890809111,0.3626943005181347
3726,1463,1,0,0.06767544503987544,3,1101,109,1210,0.5099842890809111,0.3626943005181347
3727,1469,1,1,0.9937039526962419,3,1101,109,1210,0.5099842890809111,0.3626943005181347
3728,1473,1,0,0.0017365137308889202,3,1102,109,1211,0.5099842890809111,0.3626943005181347
3729,1489,1,0,0.00026461512345000906,3,1103,109,1212,0.5099842890809111,0.3626943005181347
3730,1508,1,1,0.9927298012125569,3,1103,109,1212,0.5153262369406663,0.36787564766839376
3731,1511,1,0,0.0648287774694429,3,1104,109,1213,0.5153262369406663,0.36787564766839376
3732,1513,1,0,0.05071065465816389,3,1105,109,1214,0.5153262369406663,0.36787564766839376
3733,1544,1,1,0.6696934610648844,3,1105,109,1214,0.5206286748077793,0.37305699481865284
3734,1608,1,1,0.991807424279834,3,1105,109,1214,0.5206286748077793,0.37305699481865284
3735,1713,1,0,0.005943025775577329,3,1106,109,1215,0.5206286748077793,0.37305699481865284
3736,1743,1,0,0.026878451484239903,3,1107,109,1216,0.5206286748077793,0.37305699481865284
3737,1747,1,0,0.0008603003288846446,3,1108,109,1217,0.5153262369406663,0.36787564766839376
3738,1752,1,1,0.6002719597494385,3,1108,109,1217,0.5153262369406663,0.36787564766839376
3739,1761,1,0,0.00042634322698070526,3,1109,109,1218,0.5153262369406663,0.36787564766839376
3740,1774,1,0,0.014707159166086399,3,1110,109,1219,0.5153262369406663,0.36787564766839376
3741,1796,1,0,0.016869058182823585,3,1111,109,1220,0.5153262369406663,0.36787564766839376
3742,1851,1,0,0.003719356607803833,3,1112,109,1221,0.5153262369406663,0.36787564766839376
3743,1890,1,0,0.27399891608451626,3,1113,109,1222,0.5099842890809111,0.3626943005181347
3744,1923,1,1,0.9954610504241714,3,1113,109,1222,0.5099842890809111,0.3626943005181347
3745,1973,1,0,0.33725881473078084,3,1114,109,1223,0.5046023759608665,0.35751295336787564
3746,1974,1,0,0.014968656229549673,3,1115,109,1224,0.49918003565062385,0.35233160621761656
3747,2029,1,1,0.9197632919916201,3,1115,109,1224,0.5046023759608665,0.35751295336787564
3748,2045,1,1,0.9978721988767879,3,1115,109,1224,0.5046023759608665,0.35751295336787564
3749,2063,1,0,0.06062719756585862,3,1116,109,1225,0.5046023759608665,0.35751295336787564
3750,2077,1,0,0.16544211363682956,3,1117,109,1226,0.5046023759608665,0.35751295336787564
3751,2095,1,0,0.00042634331968262546,3,1118,109,1227,0.49918003565062385,0.35233160621761656
3752,2100,1,0,0.0002783416768280075,3,1119,109,1228,0.49918003565062385,0.35233160621761656
3753,2145,1,0,0.0019314556065750286,3,1120,109,1229,0.49918003565062385,0.35233160621761656
3754,2155,1,0,0.007524614464351685,3,1121,109,1230,0.49918003565062385,0.35233160621761656
3755,2179,1,1,0.997560978297824,3,1121,109,1230,0.5046023759608665,0.35751295336787564
3756,2217,1,0,0.019845764591765735,3,1122,109,1231,0.49918003565062385,0.35233160621761656
3757,2240,1,0,0.0617003904856105,3,1123,109,1232,0.4937167994227194,0.3471502590673575
3758,2247,1,0,0.033455860409493055,3,1124,109,1233,0.4937167994227194,0.3471502590673575
3759,2251,1,0,0.1537019009697122,3,1125,109,1234,0.4882121916141166,0.34196891191709844
3760,2267,1,0,0.35447460926857066,3,1126,109,1235,0.4882121916141166,0.34196891191709844
3761,2313,1,0,0.018929960939373776,3,1127,109,1236,0.4882121916141166,0.34196891191709844
3762,2368,1,1,0.7673257151391429,3,1127,109,1236,0.4882121916141166,0.34196891191709844
3763,2391,1,0,0.004461285854657958,3,1128,109,1237,0.4882121916141166,0.34196891191709844
3764,2392,1,0,0.03002220233971914,3,1129,109,1238,0.4882121916141166,0.34196891191709844
3765,2401,1,1,0.9667157219315698,3,1129,109,1238,0.4937167994227194,0.3471502590673575
3766,2419,1,0,0.002355877270234621,3,1130,109,1239,0.4882121916141166,0.34196891191709844
3767,2468,1,0,0.0013133242508100514,3,1131,109,1240,0.4826657294853772,0.33678756476683935
3768,2474,1,0,0.19430906346071392,3,1132,109,1241,0.4826657294853772,0.33678756476683935
3769,2478,1,1,0.9957378470684153,3,1132,109,1241,0.4882121916141166,0.34196891191709844
3770,2503,0,0,0.0005028827174833724,3,1132,109,1241,0.4828571428571429,0.3385416666666667
3771,2590,0,0,0.04018102289582658,3,1132,109,1241,0.48317341657767193,0.3403141361256545
3772,2616,0,0,5.824630690313026e-05,3,1132,109,1241,0.4836117480074244,0.34210526315789475
3773,2713,0,0,6.54065676234319e-05,3,1132,109,1241,0.4841694103561807,0.3439153439153439
3774,2748,0,1,0.9323280098534117,3,1132,110,1242,0.4821996680362439,0.34574468085106386
3775,2902,0,0,0.44479042389214973,3,1132,110,1242,0.4829296875,0.34759358288770054
3776,2915,0,0,1.2194388926014926e-05,3,1132,110,1242,0.4837728194726166,0.34946236559139787
3777,2990,0,0,0.07389271356272155,3,1132,110,1242,0.4847265667134074,0.35135135135135137
3778,3206,0,0,0.009242924754298212,3,1132,110,1242,0.4857884972170687,0.3532608695652174
3779,3388,0,0,9.219878162516626e-05,3,1132,110,1242,0.486956241956242,0.3551912568306011
3780,3438,0,0,0.00018489337242081076,3,1132,110,1242,0.4882274927137089,0.35714285714285715
3781,3459,0,0,0.00011637478162157159,3,1132,110,1242,0.484095055719567,0.35359116022099446
3782,3788,0,0,0.00021957019703955314,3,1132,110,1242,0.48556876061120546,0.35555555555555557
3783,3851,0,0,0.0033455108448510918,3,1132,110,1242,0.48713900134952764,0.3575418994413408
3784,3933,0,0,0.0013154270660710135,3,1132,110,1242,0.48326267281105983,0.3539325842696629
3785,4118,0,0,0.0004216969801988608,3,1132,110,1242,0.485021017234132,0.3559322033898305
3786,4236,0,0,0.0013768788227876355,3,1132,110,1242,0.4812888377445339,0.3522727272727273
3787,4300,0,0,1.0601755956785045e-05,3,1132,110,1242,0.47760416666666666,0.3485714285714286
3788,4335,0,0,4.705789828053943e-05,3,1132,110,1242,0.4796283687206009,0.3505747126436782
3789,4566,0,0,0.00016012498135647887,3,1132,110,1242,0.47607284305350633,0.3468208092485549
3790,4577,0,0,1.2479800271991406e-06,3,1132,110,1242,0.47826374534931787,0.3488372093023256
3791,4651,0,0,0.0007502611281436724,3,1132,110,1242,0.480535138620245,0.3508771929824561
3792,4753,0,0,0.31312699151370343,3,1132,110,1242,0.4828853877046647,0.35294117647058826
3793,4870,0,0,0.002327419826587039,3,1132,110,1242,0.47960591133004926,0.34911242603550297
3794,4964,0,0,0.0017591713356874493,3,1132,110,1242,0.4763580562659847,0.34523809523809523
3795,2624,0,0,0.05397284725091539,3,1132,110,1242,0.4789343445951122,0.3473053892215569
3796,2724,0,0,1.9140041080745803e-05,3,1132,110,1242,0.4757877314048535,0.3433734939759036
3797,2901,0,0,1.1251197010901234e-05,3,1132,110,1242,0.47850676431695655,0.34545454545454546
3798,3142,0,0,0.0001104772595252583,3,1132,110,1242,0.47545454545454546,0.34146341463414637
3799,3327,0,0,3.665446403005878e-05,3,1132,110,1242,0.4783104051075473,0.34355828220858897
3800,3526,0,1,0.7682184831113591,3,1132,111,1243,0.47180078955359855,0.3395061728395062
3801,3530,0,0,0.025419104816717178,3,1132,111,1243,0.46884848484848485,0.33540372670807456
3802,3543,0,0,7.093117625086096e-06,3,1132,111,1243,0.47186861424354803,0.3375
3803,3576,0,0,4.949345826243439e-05,3,1132,111,1243,0.4749521121080754,0.33962264150943394
3804,3799,0,0,0.009740798419553722,3,1132,111,1243,0.4721417069243157,0.33544303797468356
3805,3837,0,0,3.762124855652744e-05,3,1132,111,1243,0.4753475801382778,0.3375796178343949
3806,3929,0,0,0.0018075386892551608,3,1132,111,1243,0.4786132047030449,0.33974358974358976
3807,3965,0,1,0.5305746110781603,3,1132,112,1244,0.4782333433825746,0.3419354838709677
3808,3998,0,0,5.76269947086223e-05,3,1132,112,1244,0.48158821018804443,0.34415584415584416
3809,4067,0,0,0.0010499808912607278,3,1132,112,1244,0.485,0.3464052287581699
3810,4110,0,0,5.6349196913502463e-05,3,1132,112,1244,0.4884676145339652,0.34868421052631576
3811,4239,0,0,2.3589559284545733e-05,3,1132,112,1244,0.4919899749373433,0.3509933774834437
3812,4281,0,0,0.002184074682840263,3,1132,112,1244,0.4955660211929157,0.35333333333333333
3813,4839,0,0,0.00016322983123169657,3,1132,112,1244,0.4991947115384615,0.35570469798657717
3814,4853,0,0,0.0005235012453768073,3,1132,112,1244,0.5028750219018298,0.3581081081081081
3815,4860,0,0,0.31675989619480904,3,1132,112,1244,0.5066059453508158,0.36054421768707484
3816,4972,0,0,0.0023695032099642042,3,1132,112,1244,0.5044017607042817,0.3561643835616438
3817,2722,0,0,0.000238191727950196,3,1132,112,1244,0.5082306018854242,0.3586206896551724
3818,3767,0,0,0.00017161305715999412,3,1132,112,1244,0.5060766519162979,0.3541666666666667
3819,4368,0,0,0.00030349385484181393,3,1132,112,1244,0.51,0.35664335664335667
3820,4411,0,0,0.001006992918511868,3,1132,112,1244,0.5139693492337308,0.3591549295774648
